date,Growth_lead,Growth_lag,Growth,Inflation_lead,Inflation_coin,Inflation,Labour_lag,Labour,Liquidity_lead,Liquidity_coin,Liquidity,inflation_rate,model_rate,policy_rate,policy_gap,Policy_taylor,Policy,MacroScore,country,Growth_coin,Expectations_lead,Expectations_coin,Expectations_lag,Expectations,market_rate,repricing_gap,Inflation_lag,Labour_lead,Labour_coin,VIX
2010-01-01,,,,,,,,,,,,,,1.85,,,,,China,,,,,,,,,,,
2010-02-01,,,,,,,,,,,,1.5,,1.94,,,,,China,,,,,,,,,,,
2010-03-01,,,,,,,,,,,,2.7,,1.91,,,,,China,,,,,,,,,,,
2010-04-01,,,,,,,,,,,,2.4,,1.73,,,,,China,,,,,,,,,,,
2010-05-01,,,,,,,,,,,,2.79999999999999,,2.02,,,,,China,,,,,,,,,,,
2010-06-01,,,,,,,,,,,,3.09999999999999,,3.69,,,,,China,,,,,,,,,,,
2010-07-01,,,,,,,,,,,,2.9000000000000004,,2.48,,,,,China,,,,,,,,,,,
2010-08-01,,,,,,,,,,,,3.2999999999999896,,2.44,,,,,China,,,,,,,,,,,
2010-09-01,,,,,,,,,,,,3.5000000000000004,,2.56,,,,,China,,,,,,,,,,,
2010-10-01,,,,,,,,,,,,3.59999999999999,,2.75,,,,,China,,,,,,,,,,,
2010-11-01,,,,,,,,,,,,4.3999999999999995,,3.38,,,,,China,,,,,,,,,,,
2010-12-01,,,,,,,,,,,,5.09999999999999,,4.94,,,,,China,,,,,,,,,,,
2011-01-01,,,,,,,,,,,,4.59999999999999,,4.98,,,,,China,,,,,,,,,,,
2011-02-01,,,,,,,,,,,,4.9,,4.84,,,,,China,,,,,,,,,,,
2011-03-01,,,,,,,,,,,,4.9,,4.02,,,,,China,,,,,,,,,,,
2011-04-01,,,,,,,,,,,,5.4,,3.94,,,,,China,,,,,,,,,,,
2011-05-01,,,,,,,,,,,,5.29999999999999,,4.24,,,,,China,,,,,,,,,,,
2011-06-01,,,,,,,,,,,,5.5,,5.91,,,,,China,,,,,,,,,,,
2011-07-01,,,,,,,,,,,,6.4,,5.89,,,,,China,,,,,,,,,,,
2011-08-01,,,,,,,,,,,,6.5,,5.19,,,,,China,,,,,,,,,,,
2011-09-01,,,,,,,,,,,,6.2,,5.69,,,,,China,,,,,,,,,,,
2011-10-01,,,,,,,,,,,,6.09999999999999,,5.67,,,,,China,,,,,,,,,,,
2011-11-01,,,,,,,,,,,,5.5,,5.73,,,,,China,,,,,,,,,,,
2011-12-01,,,,,,,,,,,,4.2,,5.57,,,,,China,,,,,,,,,,,
2012-01-01,-72.62098147641322,,-72.62098147641322,-100.0,-9.749747357646367,-73.45580804636657,,,-54.857637822970915,-100.0,-68.13480316915594,4.09999999999999,,6.8,,,-47.484380579011564,-40.92195483134336,China,,,,,,,,,,,
2012-02-01,-75.21785811336076,,-75.21785811336076,-100.0,4.559070025588192,-69.24733234541523,,,-66.6812143717226,-57.91189241781124,-64.10200203233691,4.5,,5.36,,,-46.630324031627254,-41.47361576717572,China,,,,,,,,,,,
2012-03-01,-52.58701871594764,-70.19426331191673,-56.10846763514146,-100.0,-41.81025363533878,-82.8853687162761,,,-56.229846033276566,-85.53461812587493,-64.84889664874667,3.2,,4.72,,,-48.721801991417045,-37.94950188677441,China,,,,,,,,,,,
2012-04-01,0.39366672056127666,-91.2052557907142,-17.92611778169382,-85.60671730181173,-29.66242782328926,-69.152514514011,,,-17.64013032794201,2.686572208525938,-11.661688405451438,3.59999999999999,,4.37,,,-40.4881876016586,-29.05323947921073,China,,,,,,,,,,,
2012-05-01,-14.0769158033963,-84.07695908451377,-28.076924459619793,-76.43592961584605,-43.873729541799385,-66.85881194700879,,,-15.642424228756823,-18.0322303686796,-16.34530838755764,3.4000000000000004,,4.04,,,-41.153911662345166,-31.49586263389685,China,,,,,,,,,,,
2012-06-01,-51.045774318879346,-52.25844440352249,-51.288308335807976,-76.15082086941219,-35.41591914839229,-64.16996742205339,,,-14.000120204000474,-10.587723347763681,-12.99647406981318,3.0,,3.7,,,-46.6265255818289,-41.16719353125233,China,,,,,,,,,,,
2012-07-01,-41.93563671443357,-51.28212542688506,-43.80493445692387,-61.162021707623225,-64.59000220400571,-62.17025126538278,,,-9.114877647593117,-48.485264591514266,-20.69440321933463,2.1999999999999997,,3.46,,,-42.09522768403628,-35.54602872132807,China,,,,,,,,,,,
2012-08-01,-40.79032978408038,-47.6117300772484,-42.15460984271398,-67.64451538647937,-66.97372701957335,-67.44722469033053,,,1.0586167909448874,-61.71934800258472,-17.405490501269703,1.79999999999999,,3.59,,,-45.12147242432598,-37.43231645385679,China,,,,,,,,,,,
2012-09-01,-20.184392773444927,-34.216922730324754,-22.990898764820894,-65.1023625162573,-55.04767106143851,-62.145100323663534,,,-10.367227863752195,-72.37126749919851,-28.603710109471702,2.0,,4.12,,,-34.96689800159096,-24.90949729116926,China,,,,,,,,,,,
2012-10-01,-35.924458802510976,-29.556635888782516,-34.650894219765284,-52.97606803139012,-27.612885401292626,-45.51630843430262,,,8.725014014209325,-44.59244893061473,-6.956592734268338,1.9,,3.78,,,-33.01248616332499,-28.981079411035807,China,,,,,,,,,,,
2012-11-01,-10.62354902430217,-27.627278612168165,-14.024294941875368,-25.509847198533432,-23.42980850024049,-24.898071110800213,,,-11.96547681642785,-39.306491588103036,-20.00695174927349,1.7000000000000002,,3.82,,,-13.767946181080038,-10.079266934572923,China,,,,,,,,,,,
2012-12-01,-5.143160184436725,-26.00204383225691,-9.314936914000763,-7.580384977563082,-20.546713187326038,-11.39401092161101,,,-7.251067834469384,-24.64917078317192,-12.368156937028953,2.0,,3.97,,,-6.50659658160095,-5.11148682929758,China,,,,,,,,,,,
2013-01-01,14.03824097317346,22.654801237749865,15.761553026088741,-3.2111603715014034,-3.841585218222529,-3.39657944406644,,,-28.84061400175223,-4.9283580787778645,-21.807597553818592,2.5,,3.77,,,6.4109434110458885,10.459335164003567,China,,,,,,,,,,,
2013-02-01,6.36320304446513,19.960015327066024,9.082565500985309,-12.347327296926021,-20.58682828681225,-14.770709941010205,,,24.492795695453857,-18.70235370325361,11.788339989951663,2.0,,3.71,,,-7.7230221020916945,-3.9733271888624397,China,,,,,,,,,,,
2013-03-01,-9.350939830612445,17.859997596850302,-3.908752345119895,-22.917118574403982,19.981752962863354,-10.299803416384178,,,11.872989691097581,30.27437533668501,17.285161939799767,3.2,,3.52,,,-9.826854673933118,-9.176029899048329,China,,,,,,,,,,,
2013-04-01,0.41234848421344006,-42.62300433740733,-8.194722080110713,-32.19557459795815,-42.435612444135714,-35.2073504350692,,,27.973449902996872,-32.19457200820335,10.276972870290924,2.09999999999999,,3.63,,,-23.307474053757204,-18.081452595515994,China,,,,,,,,,,,
2013-05-01,-10.054559313301592,-40.27403989526036,-16.098455429693345,-44.81012488341752,-14.373197348395914,-35.85808737311705,,,-2.9210085598241897,-19.02030734387969,-7.656096437487572,2.4,,3.84,,,-22.55742705934611,-17.585625985618066,China,,,,,,,,,,,
2013-06-01,-2.2426768369935264,-38.33614533302661,-9.461370536200143,-46.361352881848035,-62.79494431218934,-51.19476212606607,,,2.1500445606898797,-100.0,-27.894086192454203,2.09999999999999,,6.65,,,-25.433137452735313,-15.514948651913796,China,,,,,,,,,,,
2013-07-01,-18.936137528162632,-31.91405619250841,-21.531721261031787,-35.69809919640634,3.3524630125750217,-24.21263972317653,,,-41.54260062998784,-44.79615275309159,-42.49952772501836,2.7,,5.09,,,-11.35199515201071,-7.913424137373862,China,,,,,,,,,,,
2013-08-01,-7.764207637600644,-31.028439768397575,-12.417054063760029,-15.39257601126247,-11.031406516846074,-14.10987910114,,,-28.644082577071618,-57.636659011092476,-37.17131094001893,2.7,,5.4,,,-4.324346810734748,-1.7368949850184376,China,,,,,,,,,,,
2013-09-01,-3.2850522300204243,-30.21368921472707,-8.670779626961753,2.0860073244838,5.373267461974425,3.0528485413928075,,,-22.141953954444222,3.4790292989380243,-14.606370644625915,2.5999999999999903,,5.58,,,1.9561357869748566,0.7049885843408216,China,,,,,,,,,,,
2013-10-01,16.49487895482869,7.387302615762026,14.673363687015355,2.929127869002439,-3.57208932932059,1.017005163613313,,,1.0060248397618015,-13.198128653376589,-3.1716673641024307,3.09999999999999,,5.14,,,5.133223342811892,7.300307764561706,China,,,,,,,,,,,
2013-11-01,21.052134901746903,6.954814305899222,18.232670782577365,-9.806385869381366,3.362627424534512,-5.933146665288461,,,-3.8441175562547274,-45.09580985987151,-15.976968233789075,3.2,,6.43,,,4.641188074870863,9.298589880566178,China,,,,,,,,,,,
2013-12-01,13.155232540680748,6.570965668547917,11.83837916625418,-20.25396807618593,-4.522591392956427,-15.627092581118431,,,-10.631970089939227,-73.87028999386483,-29.231475944034994,3.0,,6.96,,,0.0195939909201772,6.22005494621088,China,,,,,,,,,,,
2014-01-01,-13.182454306940663,-33.71096971041747,-17.288157387636023,-23.941076640067102,-37.78045984856402,-28.011483466095605,,,-22.07622148624237,-88.96061405358293,-41.74810165310725,2.5,,6.76,,,-12.403379059387925,-7.607742451172709,China,,,,,,,,,,,
2014-02-01,-35.27123395180158,-32.857363097048136,-34.78845978085089,-22.257840378426927,-40.539931434441776,-27.634925983137176,,,-29.558385557081596,-12.843134899936123,-24.642135363803515,2.5,,5.14,,,-20.080969501251698,-18.788608197256476,China,,,,,,,,,,,
2014-03-01,-28.98856429927964,-29.903453444193694,-29.17154212826245,-28.004890820283947,-55.12799971518517,-35.982275789372544,,,-24.305357918175332,-5.211445432559055,-18.689501304758778,2.0,,4.84,,,-24.184479864682277,-20.667469745083867,China,,,,,,,,,,,
2014-04-01,-24.88701338483118,-35.188229577681504,-26.947256623401245,-31.829452023117312,-15.093348782867164,-26.90706871716139,,,-40.52856141249203,22.92828207596745,-21.864783915886303,2.4,,4.64,,,-18.05041948558177,-15.83960616987352,China,,,,,,,,,,,
2014-05-01,-14.358076950465914,-33.96554901534574,-18.279571363441878,-23.100857281306617,-39.90383449640559,-28.04290940339455,,,-8.746028407123319,-29.15903868759334,-14.749854960202738,1.79999999999999,,4.5,,,-17.599678235480678,-14.175258940172819,China,,,,,,,,,,,
2014-06-01,-11.759305748373865,-25.30604527809012,-14.468653654317116,-4.072034204368141,6.825030960954881,-0.8670150380966634,,,-6.634387857858492,-8.52815938637252,-7.191379483892029,2.5,,4.59,,,-3.1113902021588418,-4.805953877859426,China,,,,,,,,,,,
2014-07-01,-13.04880066391521,-9.180022654482208,-12.27504506202861,6.767227876630469,-20.682826808935665,-1.3063176191242765,,,39.3337728498425,-27.576656433543604,19.65423482531717,2.29999999999999,,4.57,,,-7.633773686496895,-10.129698323582076,China,,,,,,,,,,,
2014-08-01,-14.99752577465092,-8.982990069510487,-13.794618633622832,4.375151965439823,0.829451921038342,3.332299011204093,,,-8.483681016825033,-7.482046212224624,-8.189082544883735,2.29999999999999,,4.47,,,-0.4556269767160419,-2.8298516107649867,China,,,,,,,,,,,
2014-09-01,-21.655139510981858,-6.49987828608195,-18.624087266001876,-13.626994241378085,-41.90517926086851,-21.944107482404682,,,-26.489408461910102,-29.532265927938735,-27.38436654015382,2.0,,4.44,,,-12.069833964738734,-9.324597233955346,China,,,,,,,,,,,
2014-10-01,-22.24537526391775,-60.91169804015908,-29.978639819166016,-31.621778078511536,-48.024923048034736,-36.44623248131248,,,-52.623054771092804,-29.76980277095303,-45.90151006516934,1.5999999999999899,,4.26,,,-19.7100267468213,-14.987009258019631,China,,,,,,,,,,,
2014-11-01,-24.35045325360709,-57.91560193843628,-31.063482990572926,-41.09350797435965,-52.6196887846654,-44.48356115386135,,,-31.537230459528736,-32.171422226596384,-31.72375744984275,1.5999999999999899,,4.22,,,-26.967663726836495,-21.470349523139575,China,,,,,,,,,,,
2014-12-01,-22.710255488181303,-55.431278225660705,-29.254460035677184,-42.25755259892649,-43.19369141263651,-42.53288754413531,,,-23.77341679721364,-61.65081286820138,-34.91382740632768,1.4000000000000001,,5.22,,,-24.830277323562555,-19.29808914271452,China,,,,,,,,,,,
2015-01-01,-18.689887997545,-11.207667411552546,-17.193443880346507,-41.29600217933963,-25.29508095445077,-36.58984887790173,,,-21.395393064353243,-45.465022231496995,-28.474695760571993,1.5,,4.98,,,-19.47000303520963,-13.573674491407003,China,,,,,,,,,,,
2015-02-01,-19.06098522182937,-10.635382965003641,-17.375864770464222,-51.5203272742378,-56.101644668233305,-52.86777356658941,,,-53.260735103763736,-79.49051359088541,-60.975375835270114,0.7999999999999899,,5.41,,,-22.489407640035363,-11.937157092053079,China,,,,,,,,,,,
2015-03-01,-12.691818124859441,-10.136124714328162,-12.180679442753187,-52.13925135593341,-23.714667049240994,-43.77907950102387,,,-12.801944837568477,-26.745295817102853,-16.90293041978447,1.4000000000000001,,5.18,,,-24.128241317712167,-16.582331767028354,China,,,,,,,,,,,
2015-04-01,-11.365214204287241,-58.68799232324462,-20.829769828078714,-38.722574489654384,-30.732912806581414,-36.37267399463292,,,-32.42009901458023,0.17353137529013543,-22.833737135206594,1.4000000000000001,,4.1,,,-21.36889810742004,-16.322712121737307,China,,,,,,,,,,,
2015-05-01,-11.427008322759669,-56.2792515990033,-20.397456978008396,-20.778563415796757,0.9049232668785961,-14.401067332656947,,,-44.852877572216926,57.720241398199605,-14.684313169153238,1.5,,3.11,,,-10.748195326514582,-10.33467646209161,China,,,,,,,,,,,
2015-06-01,-18.32168918670581,-54.48105105250678,-25.553561559866,-12.710687337389562,-36.15671312616281,-19.606577275264048,,,-63.159721705366344,17.090066764167545,-39.556842743738734,1.2,,3.35,,,-10.471496622154984,-8.683308482594548,China,,,,,,,,,,,
2015-07-01,-24.00107908369663,-25.40449257474379,-24.28176178190606,-22.35434280840984,-25.26224246290304,-23.209607412672543,,,-17.774257183742307,7.195854329018486,-10.430106738812661,1.4000000000000001,,3.21,,,-17.38570148582983,-16.019071201555278,China,,,,,,,,,,,
2015-08-01,-36.93578657962867,-24.225092122160216,-34.393647688134976,-38.80357635736922,-26.19746579984693,-35.09589678162737,,,47.49694240510118,-8.303051158064363,31.08517959240543,1.5999999999999899,,3.05,,,-34.17515299445273,-33.88644628986804,China,,,,,,,,,,,
2015-09-01,-51.243431129933626,-23.21312701497496,-45.6373703069419,-51.201363408446056,9.303259628017177,-33.405886044780395,,,39.51270960000956,17.27367992857849,32.97181852017689,2.0,,3.16,,,-36.66282402089654,-38.49634887010569,China,,,,,,,,,,,
2015-10-01,-53.92471869865866,-40.78249281955938,-51.296273522838796,-45.35969217880237,-15.404871767857294,-36.54945088146558,,,9.97477431543728,1.785185312156797,7.566071667413609,1.5999999999999899,,3.19,,,-35.301606290194286,-36.218547029157556,China,,,,,,,,,,,
2015-11-01,-50.161436437689545,-39.309164224759385,-47.99098199510351,-31.85295070396887,-34.117331925465145,-32.51894518087954,,,-15.323353674767048,-5.539777953435071,-12.445831403787055,1.29999999999999,,3.06,,,-28.563177660273972,-28.863572181307905,China,,,,,,,,,,,
2015-12-01,-37.043082463874704,-38.03077297223231,-37.24062056554622,-19.768369810076468,-41.93359034045107,-26.287552319010175,,,-4.1566829341793285,-3.992644179380251,-4.108436241591365,1.5,,2.97,,,-23.74820937522882,-24.026129326494814,China,,,,,,,,,,,
2016-01-01,-23.852395401244742,-36.29247605138799,-26.34041153127339,-19.135217087313695,-18.37738162468389,-18.91232430418728,,,-6.52406605171405,2.591341827314151,-3.8430637343528145,1.5999999999999899,,3.19,,,-16.800822995476203,-16.891954937222277,China,,,,,,,,,,,
2016-02-01,-30.910710985682684,-34.78629973562538,-31.685828735671222,-8.105446208849177,5.279015372019975,-4.168839861534721,,,16.934106445876797,23.0594518178343,18.73567861409959,1.79999999999999,,2.95,,,-14.321989327674652,-19.15335910038768,China,,,,,,,,,,,
2016-03-01,-43.16421468313527,-33.42849454769654,-41.21707065604752,-1.5198591048778762,24.320374582210246,6.08020962661863,,,-12.754439735908333,42.71639320536343,3.5605111291715983,2.29999999999999,,2.77,,,-8.571906951524909,-16.176376119616304,China,,,,,,,,,,,
2016-04-01,-18.387559821043766,60.79938047642577,-2.550171761549857,12.269696816733385,16.989350560765654,13.65783027086052,,,-0.9872808379272202,39.17173670661922,10.824194910468794,2.29999999999999,,2.95,,,4.786188774506907,1.2176115643843042,China,,,,,,,,,,,
2016-05-01,-11.88913586312637,61.052778239163885,2.699246957331681,19.5742807801137,6.71967312826927,15.793513823688869,,,-38.00946125660876,32.73702328877784,-17.201671684436228,2.29999999999999,,2.89,,,12.478378834818248,10.558406182070826,China,,,,,,,,,,,
2016-06-01,-3.8064538712063625,61.19545283014326,9.19392746906356,24.36164383187391,-24.270563645724273,10.058053397286209,,,-57.18793042057898,9.023580324238095,-37.71395667210337,2.0,,2.87,,,14.850728739555882,15.976887081104744,China,,,,,,,,,,,
2016-07-01,-11.23211768320353,5.617056341657161,-7.862282878231391,16.456696124488968,-26.964013626836667,3.6858991388049573,,,-60.45385046243993,9.319241481920645,-39.932352831745646,1.9,,2.87,,,7.126659260147899,7.024500789063937,China,,,,,,,,,,,
2016-08-01,-6.723644232486459,5.282125327759797,-4.322490320437208,23.680213560422562,-29.098827156287328,8.156966290802005,,,-98.6565025375872,12.241402708412943,-66.03947158288128,1.79999999999999,,2.77,,,15.277569995387545,16.01776620393066,China,,,,,,,,,,,
2016-09-01,2.77243190414251,3.556866956819397,2.929318914677887,37.87055115198173,-38.9745766684741,15.26904296949472,,,-32.61277536005669,2.2017160932790807,-22.37321905025205,1.29999999999999,,2.81,,,13.195332060136918,11.648593994896062,China,,,,,,,,,,,
2016-10-01,9.655805392619714,20.609189119402572,11.846482137976286,62.90173488882622,-1.1847767865117014,44.05276086666801,,,-28.17473753035894,24.932292661531516,-12.555022768038217,1.9,,2.91,,,29.54236883181939,23.230914262382928,China,,,,,,,,,,,
2016-11-01,27.523866379281927,17.834778035093997,25.58604871044434,81.72009388863891,15.43915177198159,62.225699148445585,,,10.124870013000312,15.721923345320093,11.771062169564953,2.09999999999999,,3.35,,,38.77911060753424,29.864159269139634,China,,,,,,,,,,,
2016-12-01,40.044002779943355,15.25240230335064,35.085682684624814,100.0,47.27686229819083,84.49319479358554,,,-31.071678169464136,-24.421704225036372,-29.11580347992656,2.29999999999999,,4.77,,,60.94980216138553,50.9466613275888,China,,,,,,,,,,,
2017-01-01,30.61414293732651,7.599627174823251,26.011239784825857,100.0,6.999656044768551,72.64695766022605,,,-35.468927121801414,-37.876425653125544,-36.17701492513204,2.09999999999999,,4.57,,,53.29722683328164,44.573484303595514,China,,,,,,,,,,,
2017-02-01,18.928281274081055,6.6443764784281,16.471500314950465,100.0,28.123014814272352,78.85971023949186,,,-46.032401087608896,-53.57053220457531,-48.249498474951956,2.5,,5.51,,,56.27925084833696,45.43511850683645,China,,,,,,,,,,,
2017-03-01,10.616483137905426,5.699501887067307,9.633086887737802,100.0,-100.0,41.1764705882353,,,-40.19741212085787,-69.33855765098838,-48.76833727677861,0.7999999999999899,,4.86,,,33.954068976925676,29.51985326572348,China,,,,,,,,,,,
2017-04-01,27.55226747510447,-41.86696187457198,13.66842160516918,65.97048647825684,-87.2291911100421,20.911757775815975,,,-53.4819220795151,-41.43430915791878,-49.938506514339714,0.8999999999999999,,4.4,,,24.21389313628026,24.43581562884243,China,,,,,,,,,,,
2017-05-01,9.312706412822354,-41.107660780593456,-0.7713670258608083,27.293062700123183,-78.45013492146377,-3.8078777768141574,,,-54.34794264596615,-35.16871052827201,-48.706992023114935,1.2,,4.86,,,6.568419664342047,9.415536587210541,China,,,,,,,,,,,
2017-06-01,16.037974811552942,-40.34047267589742,4.7622853140628685,2.3017292753739094,18.840377006417373,7.166037431563164,,,-78.67945652187053,-14.346845333533773,-59.75810029000678,1.5,,5.13,,,16.07266191923465,18.099005364694165,China,,,,,,,,,,,
2017-07-01,23.12010044039157,-5.615140071713395,17.373052337970577,10.45136880631874,12.164653636254984,10.955276109241165,,,-70.16758208950716,5.084014755607742,-48.03475948800278,1.5,,4.35,,,19.447302967760393,22.105124368117647,China,,,,,,,,,,,
2017-08-01,25.959395442417122,-6.047788235587352,19.557958706816226,36.12833071139447,-4.844960754984395,24.07736263304774,,,-70.61268705534005,-3.7244495751292948,-50.93967603174865,1.4000000000000001,,4.48,,,27.728854907475675,28.26511098223003,China,,,,,,,,,,,
2017-09-01,17.421073844187248,-6.391243914817729,12.658610292386252,69.29706001929158,-2.9806622361145134,48.038906414760376,,,-56.28996851839641,1.728615017813811,-39.22567924304046,1.79999999999999,,4.59,,,36.78732980470927,31.026077641998643,China,,,,,,,,,,,
2017-10-01,44.01883110560517,-22.153669495634006,30.784330985357332,76.29429528607503,-17.38856617395602,48.74051250371296,,,-41.71224732712608,-26.680110879154604,-37.29103072478153,1.5999999999999899,,4.7,,,41.76164812981026,38.52058357647161,China,,,,,,,,,,,
2017-11-01,12.083113157773152,-21.786512623982063,5.3091880014221084,67.661707673826,13.133201829200425,51.62391183717142,,,-47.6787873185624,-11.542786457785725,-37.05055177127514,1.9,,4.76,,,36.342921688167735,28.663113831271044,China,,,,,,,,,,,
2017-12-01,19.912884502638533,-21.428611316784806,11.644585338753865,26.16789280030397,-16.776434204070267,13.537208387252724,,,-33.61527868802209,-58.19935356546042,-40.84588894609219,1.7000000000000002,,5.55,,,17.98625311199658,18.94079570580763,China,,,,,,,,,,,
2018-01-01,-7.200062064940016,-22.205637214187313,-10.201177094789475,-2.2140187061908927,0.7025259453133357,-1.3562114557484726,,,-67.8786105588478,-12.227849906855601,-51.51073977885009,1.79999999999999,,4.85,,,5.843698139894629,6.906595068885321,China,,,,,,,,,,,
2018-02-01,3.8092831449847036,-21.368190878279712,-1.22621165966818,-12.77990201229175,-36.31767018096505,-19.702775003078017,,,-44.253157666434525,-16.09352126890818,-35.97091166716207,1.5,,4.49,,,-4.541223787558954,0.7888776282716309,China,,,,,,,,,,,
2018-03-01,-38.0625651288323,-20.509473834813843,-34.55194687002861,-0.926336386621561,87.7386371597441,25.15159700936834,,,-44.98722535887122,55.5544924593721,-15.416131882917304,2.9000000000000004,,4.8,,,7.098727746541713,-2.389784892448023,China,,,,,,,,,,,
2018-04-01,-2.6844420109429605,-4.662838087293907,-3.0801212262131497,6.082235301706743,17.241525424999843,9.364379455616477,,,-37.063121490426,18.876196235320485,-20.610380982853506,2.09999999999999,,4.37,,,8.015152274615131,6.640803755878991,China,,,,,,,,,,,
2018-05-01,-5.7129985800735446,-4.656162593513207,-5.5016313827614765,21.151429327881296,9.96714177135912,17.861932987727716,,,-45.34921271370854,-0.8419360404454728,-32.25883722157234,1.79999999999999,,4.54,,,14.107670747384235,11.222141489757597,China,,,,,,,,,,,
2018-06-01,23.647477633687743,-4.637570082313138,17.990468090487564,38.029968385931134,-53.947598875239635,10.977742720880908,,,-47.31686619205422,-40.911760228196925,-45.43301149680208,1.79999999999999,,4.63,,,19.154898508213847,21.783581235847635,China,,,,,,,,,,,
2018-07-01,-7.93372480782899,-14.937922813986695,-9.334564409060532,53.56607201427088,-8.304766282589302,35.368766632841414,,,-45.431833799326604,9.678475524435475,-29.22291929233776,1.9,,3.93,,,22.059522286776584,15.006933613435214,China,,,,,,,,,,,
2018-08-01,-34.46273021538716,-14.788871648354526,-30.527958501980635,42.66788941892132,19.036200586118024,35.71739270339094,,,-28.112809454542436,61.49669210372559,-1.7570737021106622,2.09999999999999,,3.23,,,11.475875283511373,-0.10495000523948643,China,,,,,,,,,,,
2018-09-01,-47.08324008928157,-14.647146727971212,-40.59602141701949,18.35308108090291,49.670550779439125,27.564101580472386,,,-35.909898401593615,83.91580981087083,-0.6670430449864243,2.29999999999999,,3.12,,,4.0846028474316975,-7.465282085619465,China,,,,,,,,,,,
2018-10-01,-42.540910483809334,-32.959878165952006,-40.624704020237864,-3.8052331144493174,55.048200797729066,13.50460038913256,,,-26.587141695419536,62.622665587354085,-0.3489630828390593,2.5,,3.22,,,-3.649871232749101,-12.44926450566705,China,,,,,,,,,,,
2018-11-01,-57.406515924698844,-32.433867014946784,-52.411986142748425,-6.012515453239219,45.46021208898426,9.12652205917945,,,-48.074711707811495,27.453609369163413,-25.860499626348286,2.5,,3.37,,,-4.614166074588364,-13.17754712485764,China,,,,,,,,,,,
2018-12-01,-68.07965001039621,-32.001903997333244,-60.864100807783615,-5.253181687139361,12.46075588687337,-0.0432000477238519,,,-38.37907648188449,-17.54092529577714,-32.25020848597056,2.1999999999999997,,3.87,,,-10.759189612522983,-18.506595400394414,China,,,,,,,,,,,
2019-01-01,-70.79791896014038,-35.33165756228397,-63.7046666805691,-26.078396724133807,-21.529951626396798,-24.74061875421116,,,-38.50290318760632,-2.0818097704668443,-27.79081688844765,1.9,,3.24,,,-25.81600716273445,-29.33185825872843,China,,,,,,,,,,,
2019-02-01,-35.78865716412769,-35.00722424978823,-35.6323705812598,-34.84861646245799,-36.87034691865715,-35.44324306722245,,,-16.284574118105155,13.393378770902542,-7.555764444867597,1.7000000000000002,,2.91,,,-27.67682193248899,-25.7509772749754,China,,,,,,,,,,,
2019-03-01,-31.283575645966188,-34.77562635544633,-31.981985787862214,-26.686181049092582,-39.8058781700065,-30.544915496420206,,,-30.619198388825637,20.460706077017562,-15.595697075342343,1.5,,3.08,,,-22.547641471947568,-20.668078823449573,China,,,,,,,,,,,
2019-04-01,16.221146514643284,-31.06114111880413,6.7646889879538,5.601268532589586,48.57041246007391,18.23925204067321,,,-12.287353726164913,52.76107209500973,6.8445362212393945,2.29999999999999,,3.0,,,10.549136978674717,7.670394625448476,China,,,,,,,,,,,
2019-05-01,-6.0224569681387194,-30.38464521091556,-10.894894616694089,25.1024761304415,73.09642888487286,39.2183445876272,,,-24.932780932712785,48.57059373728295,-3.3141413238905084,2.5,,3.15,,,19.02306057486018,9.79813630464165,China,,,,,,,,,,,
2019-06-01,-10.27183111386299,-29.803971704307592,-14.178259231951913,16.72168460135174,94.92480530395886,39.72260245505972,,,-12.952548757899084,41.52284221343994,3.0696250572006285,2.7,,3.6,,,17.241962447281942,7.130063971419858,China,,,,,,,,,,,
2019-07-01,-33.91436439315772,-58.77292038300893,-38.88607559112796,-6.175167129615019,55.7023291687043,12.024096487537724,,,-27.32564418529303,36.566566939269364,-8.533817383951149,2.7,,3.16,,,-2.4950920982050224,-10.367403584529518,China,,,,,,,,,,,
2019-08-01,-24.987013164779633,-57.06506202099803,-31.40262293602331,-22.52999788006381,52.34778849554771,-0.5071195342957158,,,-35.210798755856004,41.438557345869356,-12.666870490642662,2.79999999999999,,3.11,,,-6.5378950029599,-10.620214153603245,China,,,,,,,,,,,
2019-09-01,-21.1788493119067,-55.65772420216053,-28.074624289957466,-26.096927485053445,39.24898835366056,-6.877540473666973,,,-33.57486403649148,36.15278299222179,-13.066732557458169,2.79999999999999,,3.3,,,-9.032331872450719,-11.337453373504196,China,,,,,,,,,,,
2019-10-01,-12.579570821796416,-38.13064033183953,-17.689784723805037,-22.20926532073794,59.913547689084965,1.9445032115629142,,,-22.37735034631641,29.692235093960623,-7.062766393293752,3.0,,3.46,,,-2.4797092832227383,-5.221953068199813,China,,,,,,,,,,,
2019-11-01,-39.09330988019967,-36.39486968895403,-38.55362184195054,-22.451995379058225,100.0,13.563297379488311,,,-10.230501852300492,63.825190893829976,11.550584249502586,3.79999999999999,,3.33,,,-5.216568158902446,-14.254611145286708,China,,,,,,,,,,,
2019-12-01,6.353757408571115,-35.008876714517214,-1.9187694160465512,-12.586862283962407,100.0,20.526920740732418,,,-20.062204046252745,87.25012313420609,11.500245124470442,4.5,,3.49,,,8.582247813392181,3.7256054018255393,China,,,,,,,,,,,
2020-01-01,-7.559726071496549,-41.84011018987475,-14.415802895172186,6.385388135427606,100.0,33.91909750736067,,,-7.5037436356936364,77.75814633739382,17.573282826979145,4.5,5.591666666666667,3.67,1.9216666666666669,48.04166666666667,22.374720681207492,5.377275042075357,China,,,,,,,,,,,
2020-02-01,-51.24632950372132,-39.782935548920356,-48.953650712761124,20.900033591605744,100.0,44.16472959407464,,,-21.52429982416893,100.0,14.218141300586637,5.4,6.852,2.98,3.8720000000000003,96.80000000000001,34.747618179772175,0.2557538712516845,China,,,,,,,,,,,
2020-03-01,-100.0,-37.91616927684802,-87.5832338553696,5.6079448326551145,76.1800238947736,26.364438674454668,,,1.1046612498252506,96.24981535370001,29.088530103906066,5.2,5.696153846153846,2.55,3.1461538461538465,78.65384615384616,13.239963772605204,-25.23510526583003,China,,,,,,,,,,,
2020-04-01,-56.07623420987298,-100.0,-64.86098736789837,-30.768196629973726,30.19414809158854,-12.838095241278939,,,34.1453339128217,71.37458191519153,45.09511273704812,4.29999999999999,4.6759259259259105,2.32,2.3559259259259107,58.89814814814777,-5.354303857176173,-33.06063173807936,China,,,,,,,,,,,
2020-05-01,-29.96524030319412,-100.0,-43.97219224255529,-69.10190117267598,-47.17412069174556,-62.65255397240233,,,75.66192821487459,-4.733310615447681,52.016269735368034,3.2999999999999896,3.1071428571428417,2.13,0.9771428571428418,24.428571428571043,-31.60825657351698,-44.304953556652485,China,,,,,,,,,,,
2020-06-01,63.11704475477773,-100.0,30.493635803822183,-69.37358552863374,-67.95720926949753,-68.95700427594662,,,59.821359724373224,-54.201083493888106,26.28534701311989,2.4,1.8827586206896552,2.54,-0.6572413793103449,-16.431034482758623,-28.78224385294732,-15.303261231219464,China,,,,,,,,,,,
2020-07-01,35.465917911951415,44.57130056992004,37.28699444354514,-36.56697377272891,-37.793088704912435,-36.927595811606416,,,24.65901511610159,-38.02650236329074,6.222098210397962,2.5,2.25,2.76,-0.5099999999999998,-12.749999999999995,-11.598104688350842,1.3713475813973695,China,,,,,,,,,,,
2020-08-01,34.205304205713915,43.27572100109404,36.019387564789945,-0.3710992675692609,11.992510969943087,3.2652566846402533,,,-20.053460086804986,-4.6628043726801565,-15.526796641474153,2.7,2.5661290322580643,2.97,-0.40387096774193587,-10.096774193548397,7.070268401900187,17.49522754324911,China,,,,,,,,,,,
2020-09-01,6.144767183310412,40.73369758627456,13.06255326390324,11.623933307906563,23.600966626044332,15.146590166182378,,,-27.311304310930552,21.31511804916704,-13.009415381490081,2.4,2.2281250000000004,2.99,-0.7618749999999999,-19.046874999999996,4.218684962386266,10.453080333375246,China,,,,,,,,,,,
2020-10-01,20.04827836772899,-16.22804444938169,12.793013804306852,-6.213714211231973,-22.019263599337798,-10.862405207733685,,,4.264455938982679,-13.417732583167124,-0.9361877440025576,1.7000000000000002,1.3833333333333333,3.18,-1.7966666666666669,-44.91666666666667,-15.061010003803048,-2.41036831045392,China,,,,,,,,,,,
2020-11-01,22.680050384993244,-15.776651799834163,14.988709948027761,-22.29272300140994,-93.1864231669589,-43.14381128539493,,,10.836210205358375,-74.8339282520766,-14.36088934094603,0.5,-0.31470588235294095,3.56,-3.874705882352941,-96.86764705882352,-40.844155156781234,-13.415635393659308,China,,,,,,,,,,,
2020-12-01,26.70308591933739,-15.341726894964921,18.294123356476927,-20.80029253115152,-100.0,-44.09432413963637,,,30.481355551942315,-97.81131293537186,-7.251782238444206,-0.5,-1.7157142857142862,3.33,-5.045714285714286,-100.0,-42.42054610945903,-14.182564567859396,China,,,,,,,,,,,
2021-01-01,20.703315948815245,4.585533677837648,17.479759494619724,1.8910889131010369,-73.37906858497463,-20.247192703980044,61.78540935242528,61.78540935242528,-10.74545988985362,-38.450224962519066,-18.893920205343456,0.2,-0.6666666666666667,3.01,-3.6766666666666667,-91.91666666666667,-17.50033866291621,8.627282645313674,China,,,,,,,,,,,
2021-02-01,7.120585785093338,4.5307557600191455,6.602619780078499,15.543997448590682,-56.16292008489305,-5.546272414198652,42.188792112291765,42.188792112291765,-27.987100278892935,-22.93099728376069,-26.50001116267757,-0.29999999999999,-1.6121621621621474,3.25,-4.862162162162147,-100.0,-20.28001393728693,5.112534649479116,China,,,,,,,,,,,
2021-03-01,-3.3465816776965163,4.476549799834728,-1.7819553821902676,32.14159759763726,-22.725725742842027,16.00414955631982,100.0,100.0,-5.974314105800612,4.215993864101386,-2.9771647028882597,-0.2,-1.5552631578947367,3.07,-4.625263157894737,-100.0,-6.823776505467521,14.5385500691275,China,,,,,,,,,,,
2021-04-01,18.611424183470493,100.0,34.889139346776396,62.67283761093978,-20.13394425900043,38.31790176683972,99.26953238161292,99.26953238161292,-10.231092735068149,3.0083839678555058,-6.337128998914133,0.4,-0.4538461538461537,2.82,-3.2738461538461534,-81.84615384615384,10.181423933884062,33.437955672669666,China,,,,,,,,,,,
2021-05-01,13.884167066896428,100.0,31.107333653517145,91.57895657056739,7.546490539196737,66.86352538487013,100.0,100.0,-47.84158953595382,27.846627868943298,-25.580349122748785,0.8999999999999999,0.49249999999999994,2.84,-2.3475,-58.6875,26.524729737379257,43.95828589848738,China,,,,,,,,,,,
2021-06-01,16.066094833463023,100.0,32.85287586677042,100.0,14.290569010990012,74.79134382676176,76.4131323388403,76.4131323388403,-60.44024154319707,26.10687492707863,-34.98520728723363,1.29999999999999,1.1865853658536434,2.93,-1.7434146341463568,-43.58536585365892,29.994439853468805,44.5549021276163,China,,,,,,,,,,,
2021-07-01,-1.4076961168610687,-42.203314882069186,-9.566819869902691,68.59732863086776,-6.369573431408133,46.54823978902191,32.38055965749815,32.38055965749815,-27.378387160427163,8.188932730657328,-16.9174107218729,1.09999999999999,0.8809523809523662,2.82,-1.9390476190476336,-48.47619047619084,4.7746246863903,12.323117114481168,China,,,,,,,,,,,
2021-08-01,-3.6416344498061943,-40.09713620274725,-10.932734800394405,40.97707188861276,-27.631785950175818,20.797996053674947,-1.6398269309860158,-1.6398269309860158,-1.6960407241547404,-12.649443317345932,-4.91762972215215,1.0,0.6279069767441863,2.86,-2.2320930232558136,-55.80232558139534,-12.29496390449469,-3.1970855092767296,China,,,,,,,,,,,
2021-09-01,-22.184032402922448,-37.3460642973309,-25.21643878180414,24.707541628561714,-45.93377050991709,3.930685117244418,1.7608541193227163,1.7608541193227165,-7.372831322782458,-21.920361963545147,-11.65151680535972,0.7999999999999899,0.32499999999998597,2.77,-2.445000000000014,-61.12500000000035,-19.35104192585043,-10.255986481911757,China,,,,,,,,,,,
2021-10-01,-6.709449980011185,13.550211907719422,-2.6575176024650635,53.10866906691305,-39.623426860094405,25.8345232060285,13.927394102657662,13.92739410265766,-18.93387093669643,-15.876654837059744,-18.034689730920935,0.7000000000000001,0.367777777777778,2.72,-2.352222222222222,-58.80555555555556,-6.497034692608413,5.6410717784943065,China,,,,,,,,,,,
2021-11-01,-10.60300935293299,13.824274326871953,-5.717552616972,97.33147674303162,0.006902793723114961,68.70660205205853,15.600127966545962,15.60012796654596,2.5763506674232035,10.063342472558261,4.77840708069822,1.5,1.5608695652173905,2.94,-1.3791304347826094,-34.47826086956523,10.559952173554143,12.744731721581507,China,,,,,,,,,,,
2021-12-01,2.7641733415770324,14.120588044227848,5.035456282107195,85.21401466890471,41.08406886268693,72.23461884354654,1.8961759891296448,1.8961759891296448,-1.4073540184658966,35.935092447195885,9.575718471434627,2.29999999999999,2.6563829787233892,3.08,-0.42361702127661083,-10.59042553191527,17.21374862341709,15.579069453184305,China,,,,,,,,,,,
2022-01-01,-1.06562924824082,6.884041904315352,0.5243049822704143,28.977992224540195,9.203065617131132,23.161837340008116,-11.992522335894119,-11.992522335894119,24.339828603113357,0.5347626638245111,17.33833862096958,1.5,1.354166666666667,3.32,-1.9658333333333329,-49.14583333333332,-12.04188195460393,-4.172025365931802,China,,,,,,,,,,,
2022-02-01,-5.210514481190712,7.240851477382411,-2.7202412894760872,-22.15678882272753,-37.10630870439401,-26.553706434982377,-6.005936150769931,-6.005936150769931,48.68508649062805,-31.551205666213487,25.08617703273348,0.8999999999999999,0.2561224489795919,3.2,-2.9438775510204085,-73.59693877551021,-33.357437819506956,-18.54302540520741,China,,,,,,,,,,,
2022-03-01,-8.710472783343123,7.606934261862834,-5.4469913743019305,-15.63000142041384,-60.200777668189566,-28.739053257994936,-3.364599922757419,-3.3645999227574186,23.279052261191897,-47.658481915248736,2.415071621062298,0.8999999999999999,0.0620000000000005,3.17,-3.1079999999999997,-77.69999999999999,-32.97297904152138,-15.908380804780181,China,,,,,,,,,,,
2022-04-01,-21.91501551226692,-22.900562104636776,-22.112124830740893,12.582394599601033,-14.946653717568845,4.485615682786362,-49.19422802421167,-49.19422802421167,32.491666580310344,3.767635866467657,24.043422252709554,1.5,0.6735294117647053,2.99,-2.316470588235295,-57.911764705882376,-30.640229804993986,-24.893820552229233,China,,,,,,,,,,,
2022-05-01,-47.915086438118486,-22.867456513785772,-42.905560453251944,30.868088655807966,30.37005019957061,30.72160675691463,-98.2704170465738,-98.2704170465738,49.30093334147814,44.70137194074389,47.948121164791594,2.09999999999999,1.2903846153846001,2.81,-1.5196153846154,-37.990384615385,-31.620813113542333,-37.79281122686276,China,,,,,,,,,,,
2022-06-01,-20.18038628114581,-22.83782888960594,-20.711874802837837,8.401186376737064,34.949967045197525,16.209651279225433,-80.00026132646745,-80.00026132646745,99.49659444007402,48.08259869557149,84.37483098580857,2.09999999999999,1.5028301886792295,2.76,-1.2571698113207703,-31.42924528301926,-30.59810003873601,-35.82648438802833,China,,,,,,,,,,,
2022-07-01,6.079670667050025,-35.563799706188405,-2.2490234075976603,1.5342439622757245,29.650077006918853,9.80360662246488,-4.948610943614754,-4.948610943614754,96.22952931581784,35.827724416032964,78.464292580587,2.5,2.507407407407407,2.79,-0.28259259259259295,-7.064814814814824,-7.936372550880828,-13.42572697409912,China,,,,,,,,,,,
2022-08-01,9.785031544628321,-34.562345498646025,0.9155561359734522,-26.23026888670143,17.298699255167143,-13.427631197916556,45.48495378575377,45.48495378575377,98.57122008183627,30.952648025197593,78.68340477106018,2.7,2.9099999999999997,2.5,0.4099999999999997,10.249999999999993,0.5901813849947328,-6.230658163040943,China,,,,,,,,,,,
2022-09-01,-2.7505065912075692,-33.58889457514194,-8.918184187994443,-34.01503457762105,8.781006210257845,-21.42796375765667,43.6518745927309,43.6518745927309,73.67659373810305,27.143539628176626,59.990401352830574,2.5,2.7107142857142863,2.36,0.3507142857142864,8.76785714285716,-2.0687726978936927,-8.53434346993323,China,,,,,,,,,,,
2022-10-01,-11.971866546587814,3.2332163476618603,-8.930849967737878,-50.419857147365335,13.71758771086422,-31.555902777297817,-28.649777422243304,-28.649777422243304,58.17524065430955,29.79509050903706,49.82813767040587,2.79999999999999,2.96491228070174,2.43,0.5349122807017399,13.372807017543497,-16.07271430258694,-22.862992344370948,China,,,,,,,,,,,
2022-11-01,-18.024128639823626,3.1723846708395294,-13.784825977690993,-57.91884766441749,-16.419997084404596,-45.71330337617841,-48.00306059613458,-48.00306059613458,26.57412628230581,-11.109599297902388,15.490677582244572,2.09999999999999,1.9189655172413649,2.68,-0.7610344827586353,-19.025862068965882,-30.84372708851774,-28.35202109813929,China,,,,,,,,,,,
2022-12-01,-24.36416599203471,3.1140560213560553,-18.868521589356558,-38.87808709890849,-31.19023257222518,-36.61695341458987,-60.85454422784314,-60.85454422784314,49.96650616907322,-31.65818332110381,25.95924455431527,1.5999999999999899,0.976271186440663,2.79,-1.813728813559337,-45.34322033898343,-40.27968382789025,-34.532450433034555,China,,,,,,,,,,,
2023-01-01,-35.813425843490236,-20.698724231903864,-32.79048552117296,-14.090786419038087,-27.914905590452815,-18.15670382239536,0.15225286978584884,0.15225286978584884,26.2005243091111,-31.397560193257277,9.259911220179223,1.79999999999999,1.4799999999999853,2.9,-1.4200000000000146,-35.50000000000036,-21.160382888091725,-19.309442713045446,China,,,,,,,,,,,
2023-02-01,17.06162168577016,-20.283459110319306,9.592605526552267,4.192500707242516,4.070024783787362,4.15647837681453,22.63705907945556,22.63705907945556,76.78364000142379,2.234046839646422,54.85728907148928,2.09999999999999,1.938333333333318,2.94,-1.001666666666682,-25.04166666666705,-5.900150565948691,-2.9541202420017187,China,,,,,,,,,,,
2023-03-01,43.496399402732735,-19.87207910009706,30.822703702166777,-10.508304078761181,-27.80492488343271,-15.595545491899868,39.24103906272192,39.24103906272192,65.47303485968028,-27.02230472984611,38.26852321570194,1.0,0.19833333333333325,3.05,-2.8516666666666666,-71.29166666666666,-17.685809094519367,1.6643942243449905,China,,,,,,,,,,,
2023-04-01,51.137676390576445,-0.06396099976057647,40.89734891250904,-37.14912291113095,-42.43903834341813,-38.704980391215415,72.11789374149585,72.11789374149585,75.01121806668716,-32.52788441602035,43.38207027765554,0.7000000000000001,0.051666666666666305,2.89,-2.838333333333334,-70.95833333333334,-16.986252055957674,5.407576683675376,China,,,,,,,,,,,
2023-05-01,9.49981756109722,-0.0032501136529518478,7.599204026147185,-57.004874574403075,-76.59048227880224,-62.765347428638115,94.11553984937872,94.11553984937872,26.573824647077547,-67.98324572476584,-1.2370784034646263,0.09999999999999,-0.7433333333333486,2.98,-3.7233333333333487,-93.08333333333371,-26.751713960150788,-0.8168212919717105,China,,,,,,,,,,,
2023-06-01,-5.789536155740247,0.05752665865212982,-4.620123592861772,-61.824185114093225,-45.821199780939565,-57.11742472198921,65.11436619252977,65.11436619252977,-13.639007582412782,-33.92713108306148,-19.6061027296624,0.2,-0.5866666666666667,2.81,-3.3966666666666665,-84.91666666666666,-28.130111614450243,-5.413918030631582,China,,,,,,,,,,,
2023-07-01,-7.316143591517095,5.62933763355372,-4.727047346502933,-55.82540851743273,-43.05994947353689,-52.07086173981631,-4.141930685966661,-4.141930685966661,-23.53150295152561,-28.283049102685077,-24.929016525396044,0.0,-0.8800000000000008,2.57,-3.4500000000000006,-86.25000000000001,-39.563080101335785,-17.123432970866336,China,,,,,,,,,,,
2023-08-01,5.721307124149557,5.584666218937611,5.693978943107168,-27.7560973095997,-35.23471095969124,-29.955689559626624,-41.001069201010495,-41.001069201010495,-29.352901675763775,-22.22454659485147,-27.256326651966038,-0.29999999999999,-1.4266666666666508,2.63,-4.056666666666651,-100.0,-42.700045121332245,-16.81608063787446,China,,,,,,,,,,,
2023-09-01,11.99613913073765,5.5402315148488634,10.70495760755989,1.6543560708955796,-27.950037179098064,-7.052818414396669,-26.900888037715596,-26.900888037715596,-3.0652294552289203,-20.04528247229349,-8.05936269554203,0.09999999999999,-0.7233333333333481,2.64,-3.3633333333333484,-84.08333333333371,-29.970387006429117,-9.20360036490124,China,,,,,,,,,,,
2023-10-01,16.305032181215136,-11.292279546966267,10.785569835578855,13.714825957469449,-27.025608386803302,1.732345267977463,40.494862246238256,40.494862246238256,-6.894345745500946,-27.479891154537274,-12.948917924629278,0.0,-0.6716666666666669,2.73,-3.401666666666667,-85.04166666666667,-14.74985692238873,6.749650180746463,China,,,,,,,,,,,
2023-11-01,7.2827799020406285,-11.068267908464938,3.612570339939515,-2.5099907433510094,-29.16517473961855,-10.349750742253228,55.95929267960733,55.95929267960734,10.007637959653243,-34.37578504182194,-3.0463099819571062,-0.2,-0.97,2.88,-3.8499999999999996,-96.24999999999999,-20.537113461729994,2.1152522393900375,China,,,,,,,,,,,
2023-12-01,3.0841654385559787,-10.844515681591133,0.29842921452655613,-26.58902199016374,-48.98649448998448,-33.17651390187572,70.07279778962123,70.07279778962123,-6.723720325932395,-57.133560733793196,-21.55014397530322,-0.5,-1.416666666666667,3.02,-4.436666666666667,-100.0,-24.15604144406722,1.5330290577096295,China,,,,,,,,,,,
2024-01-01,-2.6486938967105353,-0.7468083361611831,-2.268316784600665,-30.39623217752188,-38.96370451887021,-32.9160769838008,14.205618095683128,14.205618095683128,-12.22792565156542,-36.0344946095588,-19.22985769803406,-0.29999999999999,-1.2133333333333178,2.79,-4.003333333333318,-100.0,-35.08756380896428,-10.5989089110305,China,,,,,,,,,,,
2024-02-01,0.7547560385490159,-0.7033496351808266,0.4631349038030473,-23.47465610302539,-52.75701240292956,-32.08711383829132,2.061081450478952,2.061081450478952,-58.22924867729821,-42.486276039405105,-53.59896260732965,-0.7999999999999899,-2.0616666666666514,2.69,-4.751666666666651,-100.0,-33.532247940748974,-6.080756550624939,China,,,,,,,,,,,
2024-03-01,1.2429225304237617,-0.6598192587711368,0.862374172584782,-17.271901529411508,13.201870304613026,-8.309027460580761,-9.372461559028835,-9.372461559028835,-48.60457067415955,28.620803327489607,-25.891225379556854,0.7000000000000001,0.08833333333333337,2.53,-2.4416666666666664,-61.04166666666666,-19.85130709372748,-4.252589926048306,China,,,,,,,,,,,
2024-04-01,15.370602555154841,-3.456104495275482,11.605261145068775,-20.13634828170276,-14.178383497076597,-18.38400569798918,-5.678209767089038,-5.678209767089038,-56.65523348932114,-2.1950150505546913,-40.6375221838016,0.09999999999999,-0.7116666666666814,2.49,-3.2016666666666818,-80.04166666666704,-24.80238212116259,-1.4027050333520361,China,,,,,,,,,,,
2024-05-01,7.129719290083562,-3.369698968095068,5.029835638447836,-18.055888480155286,5.795645304331559,-11.040731484717979,9.178080033876071,9.178080033876071,-66.82152878692847,18.24422533327391,-41.80218933981013,0.29999999999999,-0.2116666666666811,2.32,-2.531666666666681,-63.29166666666703,-15.759948548299299,2.639901724180756,China,,,,,,,,,,,
2024-06-01,0.571246246776504,-3.2832617204806382,-0.19965534667492438,-1.787439131033011,-34.77474892153884,-11.489589069417077,11.565777941015112,11.565777941015112,-74.82514184425743,-20.84950309323885,-58.94995397631078,0.29999999999999,-0.2116666666666811,2.23,-2.441666666666681,-61.04166666666703,-13.896595767859552,4.404805802691409,China,,,,,,,,,,,
2024-07-01,-7.303985293775339,-7.247967331260208,-7.292781701272314,8.140090188219638,-20.235389162328797,-0.2056390325299016,18.50518883516014,18.50518883516014,-91.9235939336224,-7.1112412627130634,-66.97878432453142,0.2,-0.3633333333333322,2.21,-2.5733333333333324,-64.33333333333331,-10.672913247767,7.049563461297576,China,,,,,,,,,,,
2024-08-01,-5.262871116454101,-7.126613728589396,-5.63561963888116,4.829704848517583,-17.09084836375132,-1.617516684502683,1.7287614941207456,1.7287614941207456,-59.58288132603017,-1.7146723911134678,-42.56281987458408,0.5,-0.11500000000000021,2.04,-2.1550000000000002,-53.87500000000001,-13.109159420573729,0.7406437950417667,China,,,,,,,,,,,
2024-09-01,-3.545250262213156,-7.005333754072603,-4.237266960585045,-22.184860525506622,-3.3578499589981736,-16.64750447653355,-16.872995620851768,-16.872995620851768,-51.31917574900198,8.980644117580008,-33.58393461177198,0.59999999999999,-0.06333333333334723,2.06,-2.1233333333333473,-53.083333333333684,-21.19464391337168,-7.257198176218113,China,,,,,,,,,,,
2024-10-01,2.95974872633125,-5.208951636232408,1.3260086538185185,-42.42292130611782,-11.355745245530034,-33.285516582415525,-19.409822987616447,-19.409822987616447,-10.988051161183288,-0.5627494952694283,-7.92178596532627,0.4,-0.1650000000000006,2.1,-2.2650000000000006,-56.625000000000014,-29.00560369913304,-14.304677670762105,China,,,,,,,,,,,
2024-11-01,6.07311771912868,-5.108674223969909,3.8367593305089627,-42.25127505955024,-20.809025272252647,-35.94473100446271,-3.021090564890087,-3.021090564890087,1.988579167496804,-10.249075177862304,-1.610730934079404,0.29999999999999,-0.21666666666668188,2.04,-2.256666666666682,-56.41666666666705,-26.86598039324382,-11.916218965820445,China,,,,,,,,,,,
2024-12-01,7.870243479842067,-5.008474732943615,5.29449983728493,-21.823883753604285,-26.122932443640234,-23.088309838908977,8.054436217757596,8.054436217757596,-14.044694850434114,-12.57125811807716,-13.611331105623245,0.2,-0.36833333333333385,2.0,-2.368333333333334,-59.20833333333335,-20.71211111383504,-4.608252152661193,China,,,,,,,,,,,
2025-01-01,9.50474918678423,0.8460934341475481,7.773018036256893,-5.622791037560394,-24.11812247145334,-11.062594400470084,7.651557578288537,7.651557578288538,-27.62347811588625,-7.509500016574647,-21.707602204324015,0.09999999999999,-0.6200000000000147,1.94,-2.5600000000000147,-64.00000000000037,-17.754970286705,-0.2381913026791064,China,,,,,,,,,,,
2025-02-01,-2.2575773283997584,0.8372529604424153,-1.6386112706313236,-4.084827340203432,-2.3877625725748364,-3.58569064384208,0.3630226928170069,0.3630226928170069,-57.23503024641715,10.970608578139583,-37.174548239194586,0.5,-0.12166666666666703,1.99,-2.1116666666666672,-52.79166666666668,-13.533510219846834,0.5153767581733142,China,,,,,,,,,,,
2025-03-01,0.22867216303484758,0.8284468595554246,0.34862710233896294,-10.122991696000147,-50.247078278671694,-21.924193632080012,-12.928624156385467,-12.928624156385467,-43.90389140072188,-38.48672722230164,-42.310607818833574,-0.7000000000000001,-2.135000000000001,2.14,-4.275000000000001,-100.0,-34.55431953542244,-8.707656405114122,China,,,,,,,,,,,
2025-04-01,1.848343097393281,-3.9518844081170164,0.6882975962912216,-19.507129560734988,-22.578876630831317,-20.410584581351557,-4.263439208178701,-4.263439208178701,-43.983624115437394,-8.855785851045134,-33.651906978851436,-0.09999999999999,-1.0466666666666513,2.02,-3.0666666666666513,-76.66666666666629,-26.273599353464775,-6.027531475003705,China,,,,,,,,,,,
2025-05-01,-10.569711503944555,-5.710204251700244,-9.597810053495692,-23.070893809454663,-35.36432953126874,-26.686610198223512,-14.388024959894599,-14.388024959894599,8.547251675523354,-9.439650573392349,3.2569863081952053,-0.09999999999999,-0.9616666666666513,1.83,-2.7916666666666514,-69.79166666666629,-32.74319431093708,-18.430518599311263,China,,,,,,,,,,,
2025-06-01,-10.681422017051679,-7.679150234243502,-10.080967660490044,-31.636605222597485,0.022763076788773207,-22.32502631101329,0.677613427023088,0.677613427023088,3.545335383688396,27.26383769808942,10.521365476159287,-0.09999999999999,-0.8766666666666523,1.79,-2.6666666666666523,-66.6666666666663,-28.517849110949438,-15.623773129004064,China,,,,,,,,,,,
2025-07-01,-11.256572725041499,-8.227209176244271,-10.650700015282053,-31.452229364122225,-9.637359188571486,-25.036091077195533,-5.764596552390876,-5.764596552390876,19.900052811295268,17.2418113076808,19.11821707493807,0.09999999999999,-0.5883333333333484,1.78,-2.3683333333333483,-59.208333333333705,-29.12412845386153,-18.495508806115954,China,,,,,,,,,,,
2025-08-01,-11.325871615102619,-7.6349963584085065,-10.587696563763798,-28.54617580378139,-11.1489202765521,-23.4293359428316,0.43937474599282866,0.4393747459928287,3.517618010108848,15.562729742647036,7.06029793144361,0.0,-0.9466666666666672,1.66,-2.6066666666666674,-65.16666666666669,-28.16943610393586,-15.366360637668814,China,,,,,,,,,,,
2025-09-01,-12.975935283397785,-6.970891669806168,-11.77492656067946,-10.9814640014054,-39.48268128970778,-19.364174968553158,-7.1159028613311275,-7.115902861331128,6.168385905023706,-14.171323579996939,0.18611840942939897,-0.4,-1.6516666666666668,1.68,-3.331666666666667,-83.29166666666667,-33.40363162868523,-16.717616088291866,China,,,,,,,,,,,
2025-10-01,-11.382322527946744,-9.699564067391652,-11.045770835835725,-0.12785248420177503,-35.24720926806179,-10.457075067690015,-16.061640097011587,-16.061640097011587,-21.991380444269986,-10.607045503238792,-18.643046638084343,-0.29999999999999,-1.4049999999999851,1.69,-3.094999999999985,-77.37499999999963,-28.945044067857715,-12.551042619143448,China,,,,,,,,,,,
2025-11-01,-21.825310082371548,-9.745557340065513,-19.40935953391034,1.631188553687142,-6.540905828600689,-0.7723686175739848,-17.498654446137735,-17.498654446137735,-36.0238984716625,14.734269432075925,-21.09502555879826,0.2,-0.5583333333333333,1.66,-2.2183333333333333,-55.45833333333333,-20.868619992126035,-11.1045652224266,China,,,,,,,,,,,
2025-12-01,-22.059260749894964,-9.79434533178291,-19.60627766627255,-10.156788686382566,33.40494062670308,2.6554846409955655,-15.885901887860882,-15.88590188786088,-42.94672024090759,50.82740469879361,-15.366095258642531,0.7000000000000001,0.19000000000000083,1.69,-1.4999999999999991,-37.49999999999998,-14.782542635393451,-9.520280370222112,China,,,,,,,,,,,
2026-01-01,-9.777038984224236,-10.713482414460097,-9.964327670271407,-13.916149392990457,35.7909524546688,0.7035864445563831,0.9185335096200574,0.9185335096200574,-7.2782711898294705,50.041404922228516,9.580457078422878,0.7999999999999899,0.3383333333333187,1.75,-1.4116666666666813,-35.291666666667034,-12.508218074886045,-7.5576326592230485,China,,,,,,,,,,,
2026-02-01,-18.35061872526343,-10.437759419897834,-16.76804686419031,-9.018646093181907,-16.90904334998048,-11.339351168710898,0.73964929791944,0.73964929791944,21.87384102183498,2.9825157586650124,16.317568885608516,0.2,-0.6650000000000007,1.71,-2.375000000000001,-59.37500000000002,-24.71995011527087,-15.699037816474618,China,,,,,,,,,,,
2026-03-01,-21.837572886224734,-10.162666480247463,-19.50259160502928,1.9326675763678387,22.542868597941855,7.99449140624255,12.59052553795833,12.59052553795833,27.59239943007949,43.90994490473727,32.39167751086119,1.29999999999999,0.8816666666666517,1.7,-0.8183333333333482,-20.458333333333705,-7.30239703155112,-9.345233977117301,China,,,,,,,,,,,
2026-04-01,-6.138431959518329,13.027639331964366,-2.3052177012217903,20.46923800433967,2.7017067571060944,15.243493519859205,-26.553241160399928,-26.553241160399928,-10.90981229814267,29.25739990866264,0.9040736450353634,1.0,0.33333333333333304,1.64,-1.3066666666666669,-32.66666666666667,-10.895537516088428,-5.516475960028075,China,,,,,,,,,,,
2026-05-01,-5.419010623787428,17.963741760203174,-0.7424601469893078,48.59322947386726,41.439411181018855,46.48916527008832,-14.135869665409952,-14.135869665409952,-25.53454827633996,69.19990796776581,2.3285270895735017,1.2,0.8350000000000001,1.51,-0.6749999999999999,-16.875,4.99449698914284,5.504120314201704,China,,,,,,,,,,,
2026-06-01,-7.358706311710829,26.1876183136862,-0.6494413866314233,60.013395045926174,4.595313900519286,43.71395941492414,-19.83123627682446,-19.83123627682446,-27.820690271441826,34.57334891307093,-9.469502275996897,1.2,0.9366666666666666,1.51,-0.5733333333333334,-14.333333333333334,5.030976282802837,6.016470743777058,China,,,,,,,,,,,
2026-07-01,-12.88910240470234,-3.782375048560075,-11.067756933473888,46.749185821696074,6.087747402754111,34.78993922788962,13.456804064866743,13.456804064866743,-29.410960020211096,29.974371143704793,-11.94468614847113,1.0,0.7366666666666664,1.54,-0.8033333333333337,-20.083333333333343,5.793471145755176,7.09183683797001,China,,,,,,,,,,,
2026-08-01,-33.82702242299467,-5.457231392057822,-28.153064216807298,10.541789360362785,-35.26748202589781,-2.931525753243274,7.023786921116907,7.023786921116906,-38.88749096478719,-12.944550941318797,-31.257214487296487,0.5,-0.2116666666666669,1.54,-1.751666666666667,-43.79166666666667,-13.671309290504977,-6.899895908493489,China,,,,,,,,,,,
2026-09-01,-25.475493515325986,-9.713327147988464,-22.32306024185848,2.8619854927695254,-8.507805910475522,-0.48207080230254734,8.61284553454623,8.61284553454623,-38.1621436382974,11.13811220626808,-23.66206838989579,0.7999999999999899,0.1416666666666515,1.54,-1.3983333333333485,-34.95833333333371,-9.93151737566611,-4.673758873272815,China,,,,,,,,,,,
2026-10-01,-21.83024284207768,-30.032551116609575,-23.47070449698406,6.7592882643292995,-3.6480260218783602,3.698313474268223,-14.276576330175866,-14.276576330175866,-22.28989474633762,16.287870082411267,-10.943493326117359,0.7999999999999899,0.14833333333331833,1.54,-1.3916666666666817,-34.79166666666704,-14.331439061311318,-10.74843666376872,China,,,,,,,,,,,
2010-01-01,,,,,,,,,,,,,,0.25,,,,,Euro,,,,,,1.247835725828413,,,,,
2010-02-01,,,,,,,,,,,,0.8,,0.25,,,,,Euro,,,,,,1.0247537961082038,,,,,
2010-03-01,,,,,,,,,,,,0.8,,0.25,,,,,Euro,,,,,,1.052205346378655,,,,,
2010-04-01,,,,,,,,,,,,1.2,,0.25,,,,,Euro,,,,,,1.0114874126529525,,,,,
2010-05-01,,,,,,,,,,,,0.9,,0.25,,,,,Euro,,,,,,0.5660740246458493,,,,,
2010-06-01,,,,,,,,,,,,0.9,,0.25,,,,,Euro,,,,,,0.6931339475492422,,,,,
2010-07-01,,,,,,,,,,,,1.0,,0.25,,,,,Euro,,,,,,0.8718460158303822,,,,,
2010-08-01,,,,,,,,,,,,1.0,,0.25,,,,,Euro,,,,,,0.6238669481373098,,,,,
2010-09-01,,,,,,,,,,,,1.0,,0.25,,,,,Euro,,,,,,0.8993213420614998,,,,,
2010-10-01,,,,,,,,,,,,1.2,,0.25,,,,,Euro,,,,,,1.0622926331387073,,,,,
2010-11-01,,,,,,,,,,,,1.1,,0.25,,,,,Euro,,,,,,0.9853636444557368,,,,,
2010-12-01,,,,,,,,,,,,1.1,,0.25,,,,,Euro,,,,,,0.9286900958709948,,,,,
2011-01-01,,,,,,,,,,,,1.0,,0.25,,,,,Euro,,,,,,1.4815746164577306,,,,,
2011-02-01,,,,,,,,,,,,1.1,,0.25,,,,,Euro,,,,,,1.5279470555864516,,,,,
2011-03-01,,,,,,,,,,,,1.0,,0.25,,,,,Euro,,,,,,1.7909984054775985,,,,,
2011-04-01,,,,,,,,,,,,1.3,,0.5,,,,,Euro,,,,,,1.858867387985832,,,,,
2011-05-01,,,,,,,,,,,,1.6,,0.5,,,,,Euro,,,,,,1.6715277336245942,,,,,
2011-06-01,,,,,,,,,,,,1.5,,0.5,,,,,Euro,,,,,,1.6536397986912832,,,,,
2011-07-01,,,,,,,,,,,,1.5,,0.75,,,,,Euro,,,,,,1.3197972515383596,,,,,
2011-08-01,,,,,,,,,,,,1.2,,0.75,,,,,Euro,,,,,,0.8594407727240168,,,,,
2011-09-01,,,,,,,,,,,,1.2,,0.75,,,,,Euro,,,,,,0.7458998687388385,,,,,
2011-10-01,,,,,,,,,,,,1.6,,0.75,,,,,Euro,,,,,,0.8090178255587928,,,,,
2011-11-01,,,,,,,,,,,,1.6,,0.5,,,,,Euro,,,,,,0.7427330006655184,,,,,
2011-12-01,,,,,,,,,,,,1.6,,0.25,,,-62.22567893203746,-62.225678932037454,Euro,,-62.225678932037454,,,-62.225678932037454,0.4062171579213949,,,,,
2012-01-01,,,,,63.3940300933081,63.3940300933081,,,,100.0,100.0,1.6,1.387499999999999,0.25,1.137499999999999,28.437499999999975,3.5274499520496185,-23.14463804950343,Euro,,-54.658379147213964,,,-54.65837914721397,0.4498906654590446,0.9376093345409544,,,,
2012-02-01,,,,,47.6116247213205,47.6116247213205,,,,82.47334330743588,82.47334330743588,1.5,1.1620000000000008,0.25,0.9120000000000008,22.80000000000002,-2.900820877846746,-26.88549478183897,Euro,,-60.32480417461247,,,-60.32480417461247,0.3727058498823243,0.7892941501176765,,,,
2012-03-01,,,,,45.86592832961691,45.86592832961691,,,,76.8560534288444,76.8560534288444,1.5,1.088461538461539,0.25,0.838461538461539,20.961538461538474,4.254409263829368,-14.364132405187851,Euro,,-31.85174392977917,,,-31.85174392977917,0.3925908927875978,0.6958706456739412,,,,
2012-04-01,,,,,23.124917541191888,23.124917541191888,,,,51.03989520433064,51.03989520433064,1.6,1.070370370370371,0.25,0.8203703703703711,20.509259259259277,-2.57922491838477,-18.767936529704354,Euro,,-39.76709583915892,,,-39.76709583915892,0.3185770747288687,0.7517932956415023,,,,
2012-05-01,,,,,24.44681291827059,24.44681291827059,,,,52.900034716081215,52.900034716081215,1.6,1.003571428571428,0.25,0.7535714285714279,18.839285714285698,-5.6591334822162205,-23.357963861206972,Euro,,-50.18814720249939,,,-50.18814720249939,0.1688157885086862,0.8347556400627417,,,,
2012-06-01,,,,,14.931483649054014,14.931483649054014,,,,49.71877270955313,49.71877270955313,1.6,0.9379310344827585,0.25,0.6879310344827585,17.19827586206896,-4.228645218454079,-18.174250224294013,Euro,,-32.90046092417841,,,-32.90046092417841,0.2686377686610068,0.6692932658217516,,,,
2012-07-01,,,,,6.874975754935346,6.874975754935346,,,,66.46248288687138,66.46248288687138,1.6,0.8733333333333329,0.0,0.8733333333333329,21.83333333333332,-6.575321422678438,-22.261748865161028,Euro,,-30.416171606836627,,,-30.416171606836624,-0.022894358090622,0.8962276914239549,,,,
2012-08-01,,,,,17.52375219577814,17.52375219577814,,,,72.4418517437613,72.4418517437613,1.7,0.9596774193548394,0.0,0.9596774193548394,23.991935483870986,0.4273972949026108,-14.74326990582635,Euro,,-17.198157238390078,,,-17.198157238390078,0.0148515904850805,0.944825828869759,,,,
2012-09-01,,,,,13.221577303189294,13.221577303189294,,,,41.760615317524305,41.760615317524305,1.5,0.6937499999999996,0.0,0.6937499999999996,17.343749999999993,0.3824623470673041,-10.318007240698735,Euro,,-17.066965061996004,,,-17.066965061996004,0.0713007962426099,0.6224492037573898,,,,
2012-10-01,,,,,14.191166090028567,14.191166090028567,,,,20.58514187724347,20.58514187724347,1.5,0.6287878787878807,0.0,0.6287878787878807,15.719696969697017,3.4430295303518594,-4.425713096058847,Euro,,-13.523180924920947,,,-13.523180924920947,0.085641221772831,0.5431466570150497,,,,
2012-11-01,,,,,2.0997596573073296,2.0997596573073296,,,,11.069242450662866,11.069242450662866,1.5,0.46764705882352864,0.0,0.46764705882352864,11.691176470588216,-3.205249162820256,-10.238175756186974,Euro,,-23.0245367090629,,,-23.0245367090629,0.0364797140971484,0.43116734472638024,,,,
2012-12-01,,,,,-17.283840579672226,-17.283840579672226,,,,13.893605776262486,13.893605776262486,1.4,0.25714285714285645,0.0,0.25714285714285645,6.428571428571411,-13.320547653815282,-19.7502683296072,Euro,,-29.640302507920058,-36.580234809854915,-22.748626332154647,-30.34153415703896,-0.0130237684373786,0.2701666255802351,,,,
2013-01-01,,,-39.24561845910417,-61.49703065893527,-6.311270002062991,-45.2659245833846,-44.24819194666883,-44.24819194666883,,31.202843817497598,31.202843817497598,1.5,0.44444444444444464,0.0,0.44444444444444464,11.111111111111116,-19.45258499234359,-27.447946564591525,Euro,-39.24561845910417,3.441451522736396,-12.768208185728042,-22.212631884322633,-4.459075915438568,0.3152915375658032,0.12915290687864145,,,,
2013-02-01,,,-49.928668544246484,-70.75576529150811,-30.57836604273312,-58.93888315951546,-49.72742127439626,-49.72742127439626,,5.018828324621396,5.018828324621396,1.3,-0.01486486486486438,0.0,-0.01486486486486438,-0.3716216216216095,-27.97334151673311,-33.66263274350045,Euro,-49.928668544246484,-14.952504178337062,-18.035244018327166,-21.71304929281244,-16.737270905505895,0.1023372457842355,-0.11720211064909988,,,,
2013-03-01,,-53.56140756623432,-43.9824168365194,-75.54520243621614,-18.36691266594843,-58.728058386137405,-40.78520510023553,-40.78520510023553,,9.98676147233922,9.98676147233922,1.3,0.02368421052631664,0.0,0.02368421052631664,0.592105263157916,-25.390489943245438,-30.386773773357284,Euro,-38.23502239869045,-13.8875553708314,-10.231007439980022,-11.515184256620035,-12.617562720986852,0.0665872863952619,-0.04290307586894526,,,,
2013-04-01,,-53.63386524181555,-33.0253432991924,-84.8481117677441,-12.495497892084968,-63.56793121607964,10.530683672827793,10.530683672827793,,28.30502301984591,28.30502301984591,1.5,0.36025641025641164,0.0,0.36025641025641164,9.006410256410291,-20.361463023939883,-28.189896358980224,Euro,-20.660230133618516,-39.453340820840886,-29.732847032450028,-11.275838400752031,-32.79659201072984,0.0428256217003126,0.317430788556099,,,,
2013-05-01,,-51.461649311126614,2.668435982687676,-99.3617908086026,-66.24532793964465,-89.6216546706738,25.69443077815954,25.69443077815954,,-23.887202655247524,-23.887202655247524,1.0,-0.35499999999999865,0.0,-0.35499999999999865,-8.874999999999966,-15.242355408819325,-6.365404392131533,Euro,35.14648715897625,-14.939632715040593,58.284100965358355,-11.05090221428076,3.94961028017312,0.1278335009536828,-0.48283350095368144,,,,
2013-06-01,,-10.583871440908148,11.482694310047004,-84.32721895502377,-35.24961245989668,-69.89262880939815,27.641281787370147,27.641281787370147,,2.820378037270075,2.820378037270075,1.2,-0.02195121951219381,0.0,-0.02195121951219381,-0.5487804878048452,-7.461559911460325,-0.9366184485828914,Euro,24.722633760620095,5.792324151535515,48.06671841491014,-7.947526548063295,14.29994511243935,0.2995856986837757,-0.3215369181959695,,,,
2013-07-01,,44.320043615837534,22.38779049202485,-21.958548654374823,-31.238753176713885,-24.688020572709842,22.39404775546891,22.39404775546891,,-13.388045379215068,-13.388045379215068,1.2,0.009523809523810378,0.0,0.009523809523810378,0.23809523809525945,5.407511552045085,12.612607801647286,Euro,9.22843861773724,0.6485670290519399,76.62373085479341,25.79549234150843,23.41439678235578,0.1845091969484911,-0.17498538742468073,,,,
2013-08-01,,36.275420093427115,1.5714554568545136,-2.9816015782554888,4.858996938698644,-0.6755431909160381,30.21771815455569,30.21771815455569,,14.63822061358749,14.63822061358749,1.1,-0.012790697674416984,0.0,-0.012790697674416984,-0.3197674418604246,5.361441587848881,6.026388517200811,Euro,-19.250923325089047,0.19688629014642384,35.378972642377796,25.139994486612487,12.733874107674177,0.2727822960707846,-0.28557299374520156,,,,
2013-09-01,,41.13667376248771,11.578278515235208,-36.27044408129524,-29.445419258908384,-34.26308383941675,20.93507523385204,20.93507523385204,,-4.2488546844947885,-4.2488546844947885,1.1,0.013636363636363447,0.0,0.013636363636363447,0.34090909090908617,-2.850116772770748,0.6753153502451914,Euro,-6.15675863311629,-19.56105840889732,27.62716446204991,24.53452149333185,-1.1496657058261368,0.219325764165057,-0.20568940052869356,,,,
2013-10-01,,2.2890620193226847,22.279574359925718,-56.36941278444944,-52.81666178616787,-55.324486020248976,27.90539329790659,27.905393297906592,,-14.70861508845934,-14.70861508845934,1.0,-0.11111111111111072,0.0,-0.11111111111111072,-2.777777777777768,-7.154894733677505,-0.564419835116822,Euro,34.27388176428754,-18.917880530646674,-0.06508218828670254,0.38445865418192876,-11.30933006733239,0.148712521112095,-0.2598236322232057,,,,
2013-11-01,,2.4783651714791297,31.588769110642282,-64.83813235640415,-91.75839509719555,-72.75585669193103,31.64891876104482,31.64891876104482,,-44.70595336846791,-44.70595336846791,0.8,-0.38695652173913075,0.0,-0.38695652173913075,-9.673913043478269,-9.030384851265921,3.2203986594360208,Euro,49.05501147414017,-24.61593632302712,19.358838599316925,0.42502755521283475,-9.866098010705116,0.1425077566575052,-0.5294642783966359,,,,
2013-12-01,,2.6022649000067317,56.36271112976123,-30.752529986069444,-56.246764400711704,-38.250834225670104,46.597136235868476,46.597136235868476,,-25.004992823905308,-25.004992823905308,0.9,-0.21382978723404178,0.0,-0.21382978723404178,-5.345744680851045,6.480134618223317,20.114585745308993,Euro,88.61897886761393,-4.537670456657042,54.60247683168311,0.46083836618352403,10.997142688854082,0.2482694912188021,-0.4620992784528439,,,,
2014-01-01,,33.366765993546366,30.17754895979467,-9.596444504481596,-63.68762463893171,-25.505615132261042,49.14528516758813,49.14528516758813,,-44.583340116155,-44.583340116155,0.7,-0.3937499999999997,0.0,-0.3937499999999997,-9.843749999999993,3.457180759334175,13.27271067154234,Euro,28.264018739543655,-17.56193398909855,6.114547589026055,6.5965781551550595,-8.019036772929356,0.1075917425352668,-0.5013417425352665,,,,
2014-02-01,,32.22920425836255,30.36568450525993,-14.79329031082845,-26.05814704510147,-18.106483467967575,55.50836617826075,55.50836617826075,,-11.866558342000417,-11.866558342000417,0.8,-0.22448979591836704,0.0,-0.22448979591836704,-5.612244897959176,5.841928177351636,12.933405415360589,Euro,29.24757265339836,-9.431699405908352,8.166723690716195,6.50553254153507,-2.641508839635702,0.1554750532464797,-0.37996484916484674,,,,
2014-03-01,,31.216508817649768,15.801186205646896,-40.69960729907288,-23.79316585437425,-35.72712452122034,41.448174091761295,41.448174091761295,,8.71212562406589,8.71212562406589,1.0,0.0940000000000012,0.0,0.0940000000000012,2.35000000000003,-1.9783512127504999,0.15822447622134048,Euro,6.551992638445178,-17.031290214487154,-9.43694824458664,6.4181624446736985,-11.615286823137897,0.1717926110965528,-0.07779261109655161,,,,
2014-04-01,,47.113532149451075,32.363074497795026,-51.08494325255627,-46.8052823020323,-49.82621944357864,43.91741647308239,43.91741647308239,,-19.488653793310487,-19.488653793310487,0.7,-0.24019607843137336,0.0,-0.24019607843137336,-6.004901960784334,-0.27870418325285673,10.004453772880426,Euro,23.512799906801398,-8.355941492733749,40.83670862523808,6.3342266089556984,6.145746252012627,0.1575993413145648,-0.39779541974593813,,,,
2014-05-01,,45.51160265268023,38.69332249670067,-20.09129042462437,-20.253219081659516,-20.138916500222944,37.771671626406864,37.771671626406864,,12.361524725129666,12.361524725129666,1.0,0.32307692307692193,0.0,0.32307692307692193,8.076923076923048,4.009960840362536,6.685507895008627,Euro,34.602354403112926,-23.72734620880449,-7.822924390208288,6.253505418555089,-15.254113010051505,0.0638350763972521,0.2592418466796698,,,,
2014-06-01,,44.07185573223364,16.908627214139187,8.008002228856736,-65.88286682652613,-13.724606316844106,40.335849713447445,40.335849713447445,,-36.296938522016994,-36.296938522016994,0.7,-0.11415094339622633,-0.1,-0.014150943396226329,-0.35377358490565824,3.052781448107884,6.445184469817033,Euro,0.6106901032825197,-16.198688730505953,-45.03016541523272,-9.569432768458908,-22.41216950738059,0.016415252528116,-0.13056619592434232,,,,
2014-07-01,,-16.217583215216898,5.423388202656918,10.961717884595942,-29.49739708009263,-0.9380218109006975,54.735846831137835,54.73584683113784,,5.228886385541281,5.228886385541281,0.8,0.24444444444444435,-0.1,0.34444444444444433,8.611111111111109,5.691199605674564,2.073947401871606,Euro,18.407971053381207,-19.018112598379886,-52.956813873621655,-9.441485265492254,-26.066293817257183,0.0056386898885172,0.23880575455592715,,,,
2014-08-01,,-14.024518900073957,-2.6186444598200236,-20.117733584757662,-59.00514709226825,-31.55520814579019,23.580935968769555,23.580935968769555,,-22.861769772909213,-22.861769772909213,0.8,0.1545454545454551,-0.1,0.2545454545454551,6.363636363636377,-5.046165249798527,-6.341644900656225,Euro,4.224880204332336,-16.313432899842997,-68.52198310919265,-9.318570827165285,-28.316341141278752,-0.0473967107675532,0.2019421653130083,,,,
2014-09-01,,-12.383166239606314,7.851347867965077,-39.982603347302465,-16.403828074330303,-33.04766944348712,35.10458748623741,35.10458748623741,,33.47944690689468,33.47944690689468,0.9,0.41249999999999987,-0.2,0.6124999999999998,15.312499999999996,-1.9379746372577493,-5.970561911226982,Euro,19.99205633250791,-13.934590212998163,-26.218462817497972,-14.361783779887737,-17.06963739915655,-0.0965022800761432,0.5090022800761431,,,,
2014-10-01,,35.08402881707974,22.670874462764175,-41.905641282775235,-43.47679497917668,-42.3677453111286,12.403962156227626,12.403962156227626,,0.39593401353132246,0.39593401353132246,0.8,0.2701754385964933,-0.2,0.4701754385964933,11.754385964912332,-4.0903647052137355,-2.810947509246782,Euro,15.222981850174842,-11.37444737443656,-28.39222429376646,-14.181269778941727,-16.04991496494481,-0.0826690687449698,0.3528445073414631,,,,
2014-11-01,,34.42933761048281,32.66564167421995,-17.177533941002856,-38.677689868213456,-23.501109213711853,41.79853949283005,41.79853949283005,,-8.74687102034191,-8.74687102034191,0.7,0.12758620689655154,-0.2,0.32758620689655155,8.189655172413788,5.506028171147023,9.062621288547453,Euro,31.60742411246223,-6.531690328795578,-19.5675917903205,-14.007417011840086,-10.912024696633484,-0.0667006797005105,0.19428688659706203,,,,
2014-12-01,,33.81130916957363,17.458342075989986,-14.756004085010273,-55.2532097806552,-26.666946936670545,27.542263165890912,27.542263165890915,,-33.7410750736925,-33.7410750736925,0.7,0.134745762711865,-0.2,0.334745762711865,8.368644067796625,0.01742624743748955,1.4516413498944094,Euro,7.646561819839795,-16.204931723937808,-71.0220808075183,-5.1539910941120635,-28.251577900359067,-0.1162599667172621,0.25100572942912713,,,,
2015-01-01,,25.221425371678098,38.8587217469912,-53.96057333909352,-59.9190097781618,-55.71305464470184,35.12545510298626,35.12545510298626,,-20.764987227946257,-20.764987227946257,0.7,0.23999999999999944,-0.2,0.43999999999999945,10.999999999999986,-2.823639154919459,1.8368058321489267,Euro,47.04109957217907,-20.402419928975625,-59.407454294908504,-5.09889772936272,-27.85815019051691,-0.1420980107298464,0.38209801072984584,,,,
2015-02-01,,24.789914186066024,27.217293558073425,-90.2868164730782,-78.81900121868041,-86.91392963354944,38.39063416800476,38.39063416800476,,-27.24230101114125,-27.24230101114125,0.6,0.20999999999999885,-0.2,0.40999999999999887,10.249999999999972,-10.693825624809932,-5.875360261716821,Euro,28.673721181277866,-30.04485367628444,-54.153414330956316,-5.045507301851527,-32.32209188378747,-0.2010120048677314,0.41101200486773026,,,,
2015-03-01,,24.38014051261265,45.726842635005774,-54.31218280959889,-50.98044090958087,-53.33225872135829,54.27898034735345,54.27898034735345,,-6.649758372433648,-6.649758372433648,0.7,0.4766666666666658,-0.2,0.6766666666666659,16.916666666666647,2.5379361716345388,6.232228549547828,Euro,58.53486390844165,-26.656491657145832,-27.314660376080617,-7.969534963878916,-24.01799033288949,-0.2243697700188303,0.7010364366854961,,,,
2015-04-01,,35.844535922488966,31.24868981514797,2.7957538741302277,-28.088921461583293,-6.287974165785514,40.24248506535811,40.24248506535811,,-8.953284662454614,-8.953284662454614,0.7,0.4933333333333333,-0.2,0.6933333333333334,17.333333333333336,10.581112929287823,10.456437879293881,Euro,28.491182150743377,-20.99323472034391,-9.805428552549788,-7.882880655220976,-16.22973006862694,-0.2066047888869402,0.6999381222202735,,,,
2015-05-01,,35.1792087917901,23.797302511901197,36.137481206314035,20.707239397889627,31.59917479207156,25.523975602081546,25.523975602081546,,32.25606737098764,32.25606737098764,0.9,0.9066666666666665,-0.2,1.1066666666666665,27.66666666666666,17.510766457354098,10.368981527738185,Euro,16.968158743967855,-17.713842390913594,18.867846896610967,-7.798999304138567,-7.0811936060162,-0.2268033169818473,1.1334699836485138,,,,
2015-06-01,,34.55058586133901,35.089268717277314,10.993273919294069,55.860235078141315,24.18943896601385,11.11989796182122,11.11989796182122,,85.83351967161218,85.83351967161218,1.3,1.5200000000000005,-0.2,1.7200000000000004,43.00000000000001,18.099487781984074,7.332138975816097,Euro,35.4124784308403,-16.554428289977498,53.89002907072074,10.187399800706068,5.0679602637995975,-0.2282906410996241,1.7482906410996246,,,,
2015-07-01,,30.308419603633773,35.821513414328244,-16.104153795364994,30.877532566654338,-2.2860107477122495,11.704416662653284,11.704416662653284,,66.69046324742499,66.69046324742499,1.2,1.4833333333333334,-0.2,1.6833333333333333,42.083333333333336,12.024856556736685,3.187534892881394,Euro,39.12936970074493,-21.961991606655822,27.20127183742799,10.069618118532109,-4.86643428685668,-0.2559746368224578,1.7393079701557912,,,,
2015-08-01,,29.702894401919405,55.560843734263955,-29.292887499483435,24.66464231904196,-13.423025788152435,54.50085364697311,54.50085364697311,,73.68720601666513,73.68720601666513,1.4,1.9933333333333307,-0.2,2.1933333333333307,54.833333333333265,22.260031259045377,14.080375273736843,Euro,71.07561333367069,-15.614383071110662,38.88302895464606,9.955836142890465,1.8455028174286867,-0.218853389635659,2.2121867229689895,,,,
2015-09-01,,29.133078453330796,27.215649504565523,-49.278767318267576,-18.0543556440359,-40.095116825846496,57.46039562738985,57.46039562738985,,33.85091371365026,33.85091371365026,1.4,2.1016666666666666,-0.2,2.3016666666666667,57.54166666666667,15.791360534996665,5.714329072609544,Euro,26.065192135306365,-17.417387046635028,-3.7320290412946546,15.558184876925976,-9.049711756765783,-0.2369035150266789,2.3385701816933455,,,,
2015-10-01,,19.05237778302841,21.23751288700192,-56.14595859448156,-21.857666539788127,-46.06116681368937,77.60483068490962,77.60483068490962,,27.072110814247637,27.072110814247637,1.3,2.0599999999999996,-0.2,2.26,56.49999999999999,16.832593399676046,6.869080039592826,Euro,22.54859394938603,-23.719008751669435,10.104633718021807,15.401494563331033,-9.395022636996554,-0.3134306329592951,2.3734306329592947,,,,
2015-11-01,,18.68819102168816,7.860659981582844,-53.36881155379207,-16.382942495032975,-42.4906147718041,35.16644937414583,35.16644937414583,,26.21454811167544,26.21454811167544,1.4,2.2183333333333337,-0.2,2.418333333333334,60.45833333333335,9.494332190718197,-4.484198541900061,Euro,1.3641413575196568,-38.76446672434343,0.8269204217086477,15.249473819962873,-20.764528856184462,-0.4029375934540686,2.6212709267874024,,,,
2015-12-01,,18.34376514871897,5.319418728346055,-24.9331058526268,-56.894181270074064,-34.33342215187599,46.92083731358826,46.92083731358826,,-27.136962172029953,-27.136962172029953,0.9,1.5749999999999995,-0.3,1.8749999999999996,46.874999999999986,16.073472099139845,9.414077612857774,Euro,-2.4951891238776924,-14.607295467220307,47.596407914173604,-13.509699564721675,1.1082697635029661,-0.3462793725268485,1.921279372526848,,,,
2016-01-01,,31.621172165255263,10.85325986537466,-7.091536631195041,-42.05724314665558,-17.37556795927167,15.305874972634149,15.305874972634149,,-19.841741160894465,-19.841741160894465,0.9,1.581666666666669,-0.3,1.881666666666669,47.04166666666673,13.906549078169386,5.91695551325508,Euro,-1.6074875145536984,-23.805577813469387,36.982468339609454,-13.212024118969259,-7.019533221024657,-0.4661021702851506,2.0477688369518194,,,,
2016-02-01,,31.121755629559978,35.05359396890711,-3.5385477755911996,-36.99806934248318,-13.37958353055943,27.146848555239732,27.146848555239732,,-9.361087113002814,-9.361087113002814,1.0,1.8383333333333347,-0.3,2.1383333333333345,53.458333333333364,19.344371932333253,12.0933295950934,Euro,37.412696972515384,-23.788477470412126,18.675054004367656,-12.918905406708408,-11.54215879216162,-0.5356489751050475,2.373982308438382,,,,
2016-03-01,,30.646200103929804,19.325471296854115,-50.68094365459803,-18.785811370038978,-41.300022394433604,0.20428284387312146,0.20428284387312146,,28.725732025639722,28.725732025639722,0.9,1.6950000000000005,-0.4,2.0950000000000006,52.375000000000014,5.179861767320819,-4.733399173399584,Euro,12.533034012608702,-17.763160499358076,8.120446196715596,-15.114058706246764,-10.89489355637296,-0.4904551380587385,2.185455138058739,,,,
2016-04-01,,5.362172532750612,-0.1780042710889132,-55.75942337772116,-11.228908582023132,-42.66221314369233,30.481279030326373,30.481279030326377,,41.26484082521842,41.26484082521842,1.0,1.9499999999999993,-0.4,2.349999999999999,58.74999999999998,8.89601259696948,-5.436096826626315,Euro,-3.502110353392628,-10.273857129224453,7.352774675517621,-14.209573118343593,-6.457556576406805,-0.5024367071229285,2.452436707122928,,,,
2016-05-01,,6.3218528372268645,-2.621352011080762,-69.25236937574542,-54.10119874232095,-64.79614271885586,30.155173052111948,30.155173052111948,,-13.371985276556597,-13.371985276556597,0.7,1.6049999999999978,-0.4,2.0049999999999977,50.12499999999994,4.406172076103074,-4.387748331670878,Euro,-7.987274920065338,-12.455046531350801,-5.711507737655901,-13.295270061487699,-10.895195362447609,-0.5254433705933028,2.1304433705933006,,,,
2016-06-01,,7.319210483936862,-7.524883981036304,-11.56131508854016,-27.083130425106972,-16.126554893412752,60.078003694872514,60.07800369487252,,-6.242967064069087,-6.242967064069087,0.8,1.8566666666666665,-0.4,2.2566666666666664,56.41666666666666,11.470442302454778,-6.4042063101012205,Euro,-16.431340660020204,-67.0743953505291,-69.22009076767264,-2.0802316493518513,-57.861694649638395,-0.6609447949233811,2.5176114615900476,,,,
2016-07-01,,11.778458281108877,8.234042015778092,16.298461992956234,-28.553648369001124,3.106664827674657,28.270666313120852,28.270666313120852,,-16.244765519146043,-16.244765519146043,0.8,1.8583333333333334,-0.4,2.2583333333333333,56.458333333333336,14.0106753950002,-1.8781796774783917,Euro,6.107392256579624,-70.6224280046095,-47.91029455938085,-1.0436256452727957,-54.50757428940183,-0.6532821141232463,2.5116154474565797,,,,
2016-08-01,,11.533102601382968,-4.116015785186408,44.221884557177525,16.36601016669459,36.02898032468254,26.777870540208205,26.777870540208202,,29.964826397252352,29.964826397252352,0.9,2.2049999999999983,-0.4,2.604999999999998,65.12499999999996,19.474016565037797,-4.174507169688995,Euro,-13.505486817128034,-69.44807415528034,-35.615946967902204,0.05690638581795915,-50.56429527727106,-0.6527914235767716,2.85779142357677,,,,
2016-09-01,,11.261337065738084,25.050042165843596,43.66209108841025,-11.001115791852282,27.584677300097738,-7.039083715279629,-7.039083715279628,,1.1891280594150606,1.1891280594150606,0.8,2.048333333333333,-0.4,2.448333333333333,61.20833333333332,19.61529159040972,4.328367942972594,Euro,33.32326522590691,-63.852519737986235,15.077616503533248,-2.158687057798288,-34.86591077557817,-0.7197846188872381,2.768117952220571,,,,
2016-10-01,,25.967459414433353,21.503467786078353,32.66391817212495,-7.302325294954409,20.90914068180749,10.86690123793602,10.86690123793602,,3.077079281910141,3.077079281910141,0.8,2.1400000000000015,-0.4,2.5400000000000014,63.500000000000036,23.852960475474063,9.265702054299695,Euro,18.825072809065354,-45.085286630440095,36.9366270078061,-1.2882340653862834,-18.01025033612047,-0.6629803169261805,2.802980316926182,,,,
2016-11-01,,25.80034295033693,48.95118882128943,41.656334328429665,-20.22978731726881,23.454533844400704,9.270508360555011,9.270508360555011,,-14.194718019898053,-14.194718019898053,0.8,2.1283333333333347,-0.4,2.5283333333333347,63.208333333333364,25.0707690378608,13.72795214915134,Euro,62.84169634386093,-80.49971744458577,50.99814190010512,-1.0383887244726404,-35.70605330039608,-0.7791404456553979,2.9074737789887326,,,,
2016-12-01,,25.633252276369728,34.26733269593598,33.06407267494623,-4.587955030103666,21.98994687934332,14.474272143813693,14.474272143813693,,1.3278887320402253,1.3278887320402253,0.8,2.1149999999999993,-0.4,2.5149999999999992,62.87499999999998,22.764320963008927,8.644297888470524,Euro,39.447780947675724,-72.2952900453305,17.006928922149523,22.833089935166498,-35.700478306385946,-0.8000982626405939,2.9150982626405932,,,,
2017-01-01,,38.84711367076278,24.812047355346696,76.68192321123296,18.263220820886076,59.49995191995446,22.32746513828974,22.32746513828974,,21.826934737407726,21.826934737407726,0.9,2.3483333333333327,-0.4,2.7483333333333326,68.70833333333331,35.231796119549074,17.369900149187515,Euro,16.39100756609704,-45.16359651926829,47.35978970501096,22.52451014225358,-11.879533963970195,-0.6920974197856666,3.0404307531189994,,,,
2017-02-01,,37.60044124978752,-5.7824717203828735,100.0,36.662048816606955,81.37119082841382,20.986913543342215,20.986913543342215,,24.52026395323617,24.52026395323617,0.9,2.4283333333333346,-0.4,2.8283333333333345,70.70833333333336,32.38514747996315,6.268427697577276,Euro,-31.81221950248511,-81.03143412423964,31.79508447717712,22.3761201700469,-37.31367132974247,-0.8952173566631316,3.323550689996466,,,,
2017-03-01,,36.375006753708256,11.811787542311428,100.0,28.780984680754845,79.05323078845731,45.20083661743873,45.20083661743873,,1.1428602003204749,1.1428602003204749,0.8,2.3550000000000013,-0.4,2.7550000000000012,68.87500000000003,45.908345134555645,27.974051953723833,Euro,-2.9261439845266626,-18.567821696965282,51.74123499325587,32.08587854645062,6.607497512102392,-0.7283535794793483,3.0833535794793496,,,,
2017-04-01,,31.165943490842608,40.15267332132655,70.1130717657535,-16.976923153389258,44.498367377770336,27.378280645658933,27.378280645658933,,-32.12919728069629,-32.12919728069629,0.7,2.2766666666666664,-0.4,2.6766666666666663,66.91666666666666,36.43196737065206,24.40266667650445,Euro,45.54471121961692,-45.12342370997624,14.495721610054149,31.163736824672277,-18.775563299771363,-0.7320803590402449,3.0087470257069113,,,,
2017-05-01,,29.74534011124573,44.241352714592544,33.457825923370706,44.35458938423461,36.66275635303656,41.21782251811404,41.21782251811404,,85.27334201872857,85.27334201872857,1.3,3.343333333333333,-0.4,3.7433333333333327,93.58333333333331,42.55984664319182,21.43785101586814,Euro,52.938960276600646,3.508656446123759,26.98262401991266,30.097746098392243,13.365511787411256,-0.7359024097670401,4.079235743100373,,,,
2017-06-01,,28.346603662158458,50.41851572872963,3.466208560571454,-12.177278850969554,-1.1348171487053131,1.9823418868923013,1.9823418868923013,,20.335630920443926,20.335630920443926,0.9,2.708333333333332,-0.4,3.108333333333332,77.7083333333333,31.097945140960547,20.871047939284466,Euro,63.66166296867234,6.777352137628395,62.505817053017786,16.362949349245998,22.147307948218383,-0.5860358511646915,3.2943691844980236,,,,
2017-07-01,,54.054241259020664,36.859858382132174,-7.650749757902153,41.95953528111327,6.940510547690619,38.253014284145166,38.253014284145166,,93.60696020753811,93.60696020753811,1.2,3.3183333333333325,-0.4,3.7183333333333324,92.95833333333331,34.56828331681472,13.731816366177677,Euro,26.543228655999084,-13.053632124354428,80.33115555847694,15.474266811314896,14.571749636703812,-0.6677879301542609,3.9861212634875933,,,,
2017-08-01,,52.82528009449295,44.986150342552946,-11.962799617912706,-7.190967610687549,-10.559319615787661,-13.69927010917926,-13.699270109179258,,17.291708260624986,17.291708260624986,1.2,3.2766666666666664,-0.4,3.6766666666666663,91.91666666666666,24.81010035830392,8.172726202020037,Euro,40.28267249138895,-45.88226730514752,52.28319791646433,14.764847366677847,-12.243833798970753,-0.7341663992199683,4.010833065886635,,,,
2017-09-01,,51.70683644869919,29.265692799921332,24.128634213576596,42.67192223377247,29.582542454810678,26.106843603673706,26.106843603673706,,65.22496239220386,65.22496239220386,1.2,3.333333333333333,-0.4,3.733333333333333,93.33333333333333,31.788965997308132,6.685366299759757,Euro,15.801006610654621,-63.397532036631496,36.176212403211764,18.611625598167546,-26.20272228145082,-0.6999581196698683,4.033291453003201,,,,
2017-10-01,,36.16440301234501,45.56974187441465,51.932897892887254,12.508883811519986,40.33759963366159,-10.923366919186495,-10.923366919186495,,4.506680723366088,4.506680723366088,1.1,3.2366666666666664,-0.4,3.6366666666666663,90.91666666666666,33.42850438710524,13.646512357501628,Euro,51.212945191656445,-53.87332399844065,-3.990294380453454,21.859008972404503,-30.04271664831708,-0.744982685394139,3.9816493520608054,,,,
2017-11-01,,35.11146102361461,-6.65507245643068,54.972073281684885,-2.498492529316356,38.06896569021393,47.99212575878656,47.99212575878656,,-15.326935125528163,-15.326935125528163,0.9,2.9849999999999994,-0.4,3.3849999999999993,84.62499999999999,38.979007173005435,16.548780725892684,Euro,-31.714992544457854,-19.706153541567488,-1.1502093727813052,23.75206487209218,-8.548434737321992,-0.7021452827025936,3.687145282702593,,,,
2017-12-01,,34.16591080366763,54.112333332648866,51.42742867368282,-12.965356519570282,32.48837420507897,23.698135864865872,23.698135864865872,,-26.499447264784003,-26.499447264784003,0.9,2.931666666666665,-0.4,3.3316666666666648,83.29166666666661,43.775865731762465,32.35145132979355,Euro,66.08018685003762,2.912420407470162,3.738729613189154,24.45479069677234,6.350353252295236,-0.6352172241188692,3.566883890785534,,,,
2018-01-01,,21.115307463865122,36.125916039979344,23.716711631538224,-10.00202201082935,13.79943703084188,33.02488208759066,33.02488208759066,,-3.8831304807846987,-3.8831304807846987,0.9,2.9766666666666666,-0.4,3.3766666666666665,84.41666666666666,43.64974624592324,31.918709078470428,Euro,45.13228118564788,48.01859795843251,23.803067503791645,24.952520777322057,38.50480376760572,-0.5247320548608307,3.5013987215274973,,,,
2018-02-01,,20.635852540207555,37.79122650533912,7.973882162621752,21.196637582980188,11.86292787449188,-12.76105991059809,-12.76105991059809,,39.75191000759729,39.75191000759729,1.0,3.0683333333333334,-0.4,3.4683333333333333,86.70833333333333,32.331416398845015,16.69001737087597,Euro,48.08445088441806,15.385833422329581,49.45947375308031,24.74058529961101,25.307456286609476,-0.572716156433839,3.6410494897671724,,,,
2018-03-01,,20.324780583285854,-14.5188784846684,6.822753697241807,13.067511719239736,8.65944723312355,-7.161806362054185,-7.161806362054185,,38.94195886393085,38.94195886393085,1.0,3.1083333333333343,-0.4,3.508333333333334,87.70833333333336,23.00924670013763,-2.1069566392808383,Euro,-35.425073925440955,-12.818266818038538,19.656036485958584,23.516245823541436,0.7504859041977392,-0.609956169598294,3.7182895029316283,,,,
2018-04-01,,-38.621772369845274,-35.77646947092334,26.71284277534053,40.89590994130507,30.88433311827127,-6.38828125998499,-6.38828125998499,,54.546257681118725,54.546257681118725,1.1,3.296666666666667,-0.4,3.6966666666666668,92.41666666666667,23.612839908384416,-8.745106693170214,Euro,-34.06928773157018,-35.309440301169225,22.75928718040206,22.21063160193464,-12.164247645310823,-0.5709839086652089,3.8676505753318757,,,,
2018-05-01,,-35.972652534495495,-20.877252065670586,36.65034590332387,-26.21026943326609,18.16192962785623,-1.2601555503830366,-1.2601555503830366,,-40.12096594399967,-40.12096594399967,0.7,2.7333333333333334,-0.4,3.1333333333333333,78.33333333333333,21.586014779860346,-1.33892265048675,Euro,-11.820011784375644,-58.82369673989404,-12.50216468585164,21.163163755218484,-35.24528465211657,-0.6913572167228086,3.424690550056142,,,,
2018-06-01,,-33.52132724033947,0.06285460437838841,63.278652859464714,68.2359811621962,64.73669059556221,18.4547481190133,18.4547481190133,,53.62858878857316,53.62858878857316,1.2,3.5183333333333335,-0.4,3.9183333333333334,97.95833333333334,37.831004354058464,6.642172394057879,Euro,20.2133637112091,-38.958526790051295,-9.95495635528529,20.522313431163504,-22.78550814817757,-0.682019234848231,4.2003525681815645,,,,
2018-07-01,,12.8920182330928,11.98361068350294,71.08951796830071,27.619438510981293,58.30420048085382,-20.70754212134297,-20.70754212134297,,2.825740747147236,2.825740747147236,1.0,3.1533333333333307,-0.4,3.5533333333333306,88.83333333333326,36.155011049072684,13.417678310979644,Euro,11.438566153749024,-9.152187384352652,-11.549157269631648,21.560490724469776,-5.144528139349037,-0.5930745643892292,3.74640789772256,,,,
2018-08-01,,13.167681728304492,-16.981663324447478,84.69440529505464,79.21138459949113,83.08175214930067,33.95230479076787,33.95230479076787,,71.76215913762492,71.76215913762492,1.1,3.4366666666666674,-0.4,3.8366666666666673,95.91666666666669,46.97635116547151,15.26050509460904,Euro,-35.07127035609866,14.244973186720875,16.333637867203585,22.741618697742826,16.041636183494845,-0.6269550761316642,4.063621742798332,,,,
2018-09-01,,13.469617070881545,-6.549213884442067,60.57715650482095,8.078958010577578,45.13650988886701,-6.00000913832065,-6.00000913832065,,-7.361712306641362,-7.361712306641362,1.0,3.2200000000000006,-0.4,3.6200000000000006,90.50000000000001,41.480738987709486,20.375912790335942,Euro,-18.560512457636236,39.23618398807603,25.394170704428916,24.13815237131741,33.51097592465045,-0.5451433434200164,3.765143343420017,,,,
2018-10-01,,-58.270544613238464,-58.51024470646346,49.43112897926777,23.764436920427574,41.8821019031383,31.995740387607043,31.995740387607047,,18.610820499302154,18.610820499302154,1.0,3.251666666666667,-0.4,3.651666666666667,91.29166666666667,32.88611829986228,0.02787131512907119,Euro,-58.65406476239847,-19.052592217810894,23.948586623962576,23.736300691042,-1.8839635710395912,-0.6299003250758028,3.8815669917424698,,,,
2018-11-01,,-58.77713776881799,-6.02476498627072,39.16698393472346,33.07500797685993,37.37522630005771,-33.631523301903265,-33.631523301903265,,31.017301623607917,31.017301623607917,1.2,3.4833333333333334,-0.4,3.8833333333333333,97.08333333333333,28.342753280088534,0.5084298771362481,Euro,25.626658683257634,-19.562380123126523,7.407538511109239,23.281926080804272,-6.393254533977963,-0.6361893579852991,4.1195226913186325,,,,
2018-12-01,,-59.83830420408375,-71.03508517403915,21.336493049971637,4.586131763623342,16.409916201045668,13.502080664096356,13.502080664096354,,0.20744490760904385,0.20744490760904385,0.9,3.0633333333333326,-0.4,3.4633333333333325,86.58333333333331,18.53637914388095,-15.098304410792293,Euro,-77.75315375601241,-52.80069929435551,-8.111835073203126,22.749590318269938,-30.2959397971736,-0.6582477614142714,3.721581094747604,,,,
2019-01-01,,-37.96278454833254,-49.629835450240854,-5.0571661631717335,-12.68389634536557,-7.3003220991110975,-21.274029724620842,-21.274029724620842,,-6.541244255334725,-6.541244255334725,0.9,2.9949999999999974,-0.4,3.3949999999999974,84.87499999999993,16.4947084700307,-9.43448665025867,Euro,-56.63006599138585,12.202690041909255,-36.15024693856515,22.749590318269938,1.6964908382447565,-0.5821824089825123,3.5771824089825097,,,,
2019-02-01,,-38.56964628287565,-21.3312155512695,-13.45184209925298,-7.160728204892976,-11.601514483264744,7.323242599387086,7.323242599387085,,10.08764974738864,10.08764974738864,1.1,3.226666666666665,-0.4,3.6266666666666647,90.66666666666661,25.46404555480835,2.650476006938122,Euro,-10.988157112305815,29.968655515899652,-25.66543605585774,22.749590318269938,14.977272843315847,-0.5375636107662469,3.7642302774329117,,,,
2019-03-01,,-39.23715246222709,17.31294020210304,1.3069805580958347,12.344964020703237,4.553446282392129,-18.381154698073026,-18.381154698073026,,24.100721608199276,24.100721608199276,1.0,3.1066666666666665,-0.4,3.5066666666666664,87.66666666666666,25.40183342357104,6.024775759689523,Euro,51.24299580070112,9.834569162185208,-23.80899096073103,22.749590318269938,3.3609323048688577,-0.6201085047184351,3.7267751713851016,,,,
2019-04-01,,46.29744933073929,33.77883643323054,20.415487517436627,-5.6167055695403745,12.758960138913979,1.1716131276645398,1.1716131276645398,,-16.10910110341103,-16.10910110341103,0.8,2.836666666666666,-0.4,3.236666666666666,80.91666666666664,31.378195564367076,17.290571811489272,Euro,26.267668694725284,-9.187292868209957,-1.0774354308207557,22.749590318269938,-2.369296030890672,-0.5937872516143656,3.4304539182810316,,,,
2019-05-01,,45.30360319040848,12.246779078715317,23.74017854940083,57.33806433180813,33.621909661873566,-61.98307953211384,-61.983079532113834,,63.57735296683644,63.57735296683644,1.3,3.4200000000000017,-0.4,3.8200000000000016,95.50000000000004,17.905454077598883,-11.086975058253238,Euro,-7.587315388300582,-61.09857452742145,-3.3106133248121896,22.749590318269938,-34.07435949991542,-0.6869487790477953,4.106948779047797,,,,
2019-06-01,,44.436892846288664,-21.041241231161738,-2.915919387414808,-23.078961765045587,-8.84622596907092,-28.856780390453146,-28.856780390453146,,-33.4781587522873,-33.4781587522873,0.8,2.8,-0.4,3.1999999999999997,80.0,12.130256111368617,-10.20358669898183,Euro,-60.328121677631984,-59.13533215003138,-10.543828097997858,21.4961672834104,-34.89273122200673,-0.7454175604950399,3.5454175604950398,,,,
2019-07-01,,-40.286464395194514,-28.964980543760717,-29.36254110564887,29.807132893928205,-11.959695811655612,-3.64258656869635,-3.6425865686963506,,51.08092800015673,51.08092800015673,1.1,3.281666666666668,-0.4,3.681666666666668,92.0416666666667,8.558721127465592,-23.899897170170863,Euro,-22.172090232900445,-79.43120728460107,-36.71051974522709,20.231210985653252,-53.80167265921943,-0.793812569790453,4.075479236457121,,,,
2019-08-01,,-41.779595381404576,-20.761668992397233,-40.41456824634459,-42.62376955897345,-41.06433333829425,-24.552534768881742,-24.552534768881742,,-44.63758885697413,-44.63758885697413,0.9,2.911666666666667,-0.4,3.311666666666667,82.79166666666667,1.537031830547921,-22.07524789113602,Euro,-8.150913158992825,-97.79206042827984,-55.16594544437172,18.949225965993104,-69.62433872316186,-0.929722253152978,3.841388919819645,,,,
2019-09-01,,-43.36189959336554,-11.224555057055431,-42.60830892877537,14.137637734955193,-25.91832461591344,-46.189316442652675,-46.189316442652675,,52.78888442683436,52.78888442683436,1.0,2.993333333333334,-0.5,3.493333333333334,87.33333333333336,6.324667595299847,-18.89283305180636,Euro,8.057851664730633,3.4151173822710574,-49.42412144392944,-49.08425731368715,-17.669598528672797,-0.8056211899408283,3.7989545232741624,,,,
2019-10-01,,2.391782471443003,2.008397553980863,-32.71225353686174,-18.776916904839585,-28.61362511567875,-97.22036789539442,-97.22036789539442,,10.912956615778423,10.912956615778423,1.0,2.9250000000000007,-0.5,3.4250000000000007,85.62500000000001,10.148418150142255,-6.608583104001856,Euro,1.7783666035035794,61.76994932330956,-12.82468552200792,-49.185087147929586,26.47803514129432,-0.6935057375135303,3.618505737513531,,,,
2019-11-01,,2.183658825433189,-9.902655401343551,-36.386637163712585,19.460192302105973,-19.961099085530655,-34.83100075173235,-34.83100075173235,,67.207435687996,67.207435687996,1.1,3.1050000000000004,-0.5,3.6050000000000004,90.12500000000001,20.573570801597455,-0.5828674708743146,Euro,-17.154443937409596,86.84800930164626,11.995292093598753,-49.3445324063084,47.70594874344118,-0.6469481468626892,3.7519481468626896,,,,
2019-12-01,,1.9686624306688656,-7.281658755135832,-12.23690119242017,34.950427417301235,1.6417248692625965,-90.0618962289538,-90.0618962289538,,69.33239407041658,69.33239407041658,1.3,3.2366666666666672,-0.5,3.7366666666666672,93.41666666666669,17.019268226312676,-6.632704238271752,Euro,-12.831851466618652,52.85518956085588,28.35549731980702,3.26344070125925,39.29150417165417,-0.6183938631328096,3.855060529799477,,,,
2020-01-01,,-86.24097758657334,-48.01902967705914,7.4553478978875045,53.02875886958353,20.85929230132751,-62.79257857458329,-62.79257857458329,,75.07087596105069,75.07087596105069,1.3,3.170000000000001,-0.5,3.670000000000001,91.75000000000001,12.585444396424768,-21.169305616076727,Euro,-25.085860931350616,-0.4515550662024012,-5.7546706789473365,2.555945566003938,-1.326208874557684,-0.6798593217539244,3.849859321753925,,,,
2020-02-01,,-83.31895049714055,-35.055332361373935,15.637108964226998,22.344765117685796,17.609949009361937,-89.32608577904746,-89.32608577904746,,16.307437241542473,16.307437241542473,1.1,2.8050000000000015,-0.5,3.3050000000000015,82.62500000000004,3.1638906605311803,-27.01813478240748,Euro,-6.097161479913966,-59.29597029601219,-41.48839458224561,1.8086867252786367,-45.678377814376915,-0.7861478169195122,3.5911478169195137,,,,
2020-03-01,,-80.60179099348076,-30.008940419726784,-13.834057565571738,8.15673788299052,-7.366176551288721,-17.2923100464996,-17.2923100464996,,19.728688366950344,19.728688366950344,1.2,3.088333333333333,-0.5,3.588333333333333,89.70833333333333,15.18295237395512,-12.327880547849068,Euro,0.3467699245256056,-20.787346415489807,-16.129355632204913,-13.007601198897998,-18.45588693717981,-0.7059234486470767,3.7942567819804096,,,,
2020-04-01,,-100.0,-100.0,-60.50124447965578,-42.052313331831,-55.07508825970732,-21.355079235110406,-21.355079235110406,,-23.0709974258309,-23.0709974258309,1.0,2.820000000000001,-0.5,3.320000000000001,83.00000000000003,0.3645212152997317,-29.460450978302656,Euro,-100.0,0.6534489107926336,-18.284989715234136,-13.851916672235381,-6.256965583168261,-0.7058396567979206,3.5258396567979218,,,,
2020-05-01,,-100.0,-100.0,-100.0,-55.66591680001417,-86.96056376471006,-70.8744373629511,-70.8744373629511,,-19.950573340927576,-19.950573340927576,0.9,2.3083333333333336,-0.5,2.8083333333333336,70.20833333333334,-9.133389407257589,-30.567010155339077,Euro,-100.0,57.88338635786374,32.02972357247327,-14.75603404158689,40.52405760159853,-0.6337230426563956,2.942056375989729,,,,
2020-06-01,,-100.0,-100.0,-93.7332555159785,-57.631297419320674,-83.11503254637327,-100.0,-100.0,,-25.416981753923835,-25.416981753923835,0.9,2.05,-0.5,2.55,63.74999999999999,-19.16846497517398,-41.6146764167683,Euro,-100.0,16.42080062922851,12.065954559639486,-14.116816810037374,10.751446495941371,-0.6942297983987724,2.7442297983987722,,,,
2020-07-01,,-100.0,-20.043135197505503,-39.02558797541545,-35.27497094501702,-37.922465319415906,-100.0,-100.0,,-23.967466619705117,-23.967466619705117,0.8,1.4500000000000002,-0.5,1.9500000000000002,48.75000000000001,-6.050807328057106,-16.282902103897396,Euro,27.930983683991194,7.297933113845321,29.748904796916925,-13.450691064378017,9.798382407879723,-0.7097444067189911,2.1597444067189913,,,,
2020-08-01,,-100.0,-0.5112012712346647,8.094631792138147,34.56424998647068,15.879813614000657,-100.0,-100.0,,75.22701398350075,75.22701398350075,1.2,1.6100000000000003,-0.5,2.1100000000000003,52.75000000000001,2.2020522760251886,-14.330314383597685,Euro,59.182077966024536,6.3387396355946715,46.424293046487705,-12.75321726139188,13.496334453769945,-0.6632123237944327,2.273212323794433,,,,
2020-09-01,,-100.0,-5.632516689995337,23.803044565572154,-80.6044517408383,-6.905042583372096,-100.0,-100.0,,-100.0,-100.0,0.4,0.27333333333333376,-0.5,0.7733333333333338,19.333333333333343,0.6923680866149473,3.1303162538869476,Euro,50.98797329600746,13.07020869988229,21.098088735894734,62.41630422436426,22.479093037557696,-0.6921246168744761,0.9654579502078099,,,,
2020-10-01,,40.857956591968694,15.455963998125695,1.4635904940048254,-96.58200469338497,-27.373349266992175,-75.22891097137912,-75.22891097137912,,-100.0,-100.0,0.2,-0.06166666666666465,-0.5,0.43833333333333535,10.958333333333384,-6.778458347379731,-1.4190704344107372,Euro,0.21476844181989524,-30.865135817650135,-18.11482685530187,61.90397145337943,-13.762192486408633,-0.8008034978971357,0.739136831230471,,,,
2020-11-01,,42.03425276615758,12.6030148464752,-13.884517294900595,-100.0,-39.212600443459245,-39.916023308212424,-39.916023308212424,,-100.0,-100.0,0.2,0.09999999999999887,-0.5,0.5999999999999989,14.999999999999972,-2.96704952123822,1.9619842918136803,Euro,-5.055727905334226,-16.46525553724022,-42.3076853810582,61.422336875794,-11.242724136239582,-0.7521799828321072,0.852179982832106,,,,
2020-12-01,,41.707708351393066,-1.2467701866693592,-24.60908060579678,-51.93305629292223,-32.64554404318662,-2.9822355752471776,-2.9822355752471776,,-51.72473536285316,-51.72473536285316,0.3,0.4100000000000009,-0.5,0.9100000000000009,22.75000000000002,-0.5722554612892354,-3.2048821564964403,Euro,-27.019457309506812,-18.430411259863483,-40.84742234382098,4.12453608925511,-20.651421928485068,-0.7668552891848657,1.1768552891848665,,,,
2021-01-01,,-43.63473727086464,-9.073342109294563,-5.134416785497674,-44.68111668908421,-16.76579911008195,-9.072987830723289,-9.072987830723289,,-47.78239381230309,-47.78239381230309,0.2,0.22000000000000164,-0.5,0.7200000000000016,18.000000000000043,5.09502755684059,4.2131524767623825,Euro,11.663494987647484,12.61037126571869,16.498056779054952,1.8330687196054325,11.965697262135766,-0.7531842013786023,0.973184201378604,,,,
2021-02-01,,-41.96368541281069,-38.52957186884536,34.49834853437119,91.29736636822263,51.203942014915725,-36.93988519405321,-36.93988519405321,,100.0,100.0,1.4,1.883333333333333,-0.5,2.383333333333333,59.58333333333332,20.033306646096104,-3.956918915296041,Euro,-36.46910374246617,42.825571283289364,71.88938428831973,-0.7305809904515681,43.55810169348582,-0.6666728489905649,2.550006182323898,,,,
2021-03-01,,-40.39761085353742,-19.93717833389143,58.19048243189471,58.596147029934656,58.30979554896528,-86.87184373476254,-86.87184373476254,,76.28378859798157,76.28378859798157,1.1,1.3966666666666645,-0.5,1.8966666666666645,47.416666666666615,11.85734723839706,-7.117922460182511,Euro,-7.660918822103839,19.84416626213392,57.316096085715515,14.910497585688306,28.472098416562474,-0.7218383025045352,2.1185049691712,,,,
2021-04-01,,24.133490426023986,71.55005890975899,95.78236610239625,51.93085519923716,82.88486289558475,-82.31122881158348,-82.31122881158348,,47.004185766297724,47.004185766297724,0.9,1.1600000000000004,-0.5,1.6600000000000004,41.50000000000001,26.964178413742147,22.3324245292939,Euro,100.0,19.95999925090328,44.66843288975264,13.692274176596737,25.196948899469636,-0.7046917694532093,1.8646917694532097,,,,
2021-05-01,,23.6369685256983,71.36386319713687,100.0,-35.217977784519775,60.230006533964776,-46.05416503380672,-46.05416503380672,,-76.49830002860008,-76.49830002860008,0.7,0.7266666666666658,-0.5,1.2266666666666657,30.666666666666643,29.700795156489168,34.37751472639877,Euro,100.0,8.60085321637247,5.092484612681754,12.42302711863636,8.297087150789373,-0.6935810688240931,1.4202477354907588,,,,
2021-06-01,,23.16455217000555,68.3629404131963,100.0,6.76811695869008,72.5788579290265,22.31277223308788,22.31277223308788,,-23.302607877152795,-23.302607877152795,0.9,1.1916666666666667,-0.5,1.6916666666666667,42.291666666666664,42.875286043139205,41.67851673513603,Euro,95.48197335911077,18.085935681015773,18.17476369209217,12.15151667007029,17.217979832143048,-0.6975142228883702,1.8891808895550368,,,,
2021-07-01,,100.0,35.4219932945276,100.0,2.88717888627742,71.43740555478747,66.17815994118867,66.17815994118867,,-9.732102165011597,-9.732102165011597,0.9,1.353333333333332,-0.5,1.853333333333332,46.3333333333333,38.607704529159,27.794880714784263,Euro,-3.3248107287558373,-36.24588313721452,-10.669753138391268,11.922664861834756,-22.626568437651315,-0.803462493440618,2.15679582677395,,,,
2021-08-01,,100.0,2.5396807726697856,83.99417262945369,14.915011200306544,63.676772209116294,86.95282721332087,86.95282721332087,,-4.712806358549111,-4.712806358549111,0.7,1.2149999999999999,-0.5,1.7149999999999999,42.875,37.24421495900255,23.865747705236064,Euro,-55.93651076372834,-16.33730343976399,-8.077066679920211,11.749431901568439,-10.059233948603183,-0.7652988842901691,1.980298884290169,,,,
2021-09-01,,100.0,15.465481196120479,72.13208945399862,85.83956123573786,76.16369880156898,78.29830953719316,78.29830953719316,,94.65252776168693,94.65252776168693,1.5,2.4749999999999996,-0.5,2.9749999999999996,74.37499999999999,46.04440492845224,22.57158842531486,Euro,-35.255230086207234,2.8859572032756353,26.897891343658497,11.343162286176911,10.157521500806542,-0.7205593344489154,3.195559334448915,,,,
2021-10-01,,-40.682677356522014,-15.742985007406684,94.77235687921007,100.0,96.30989897356004,52.953417979612205,52.953417979612205,,100.0,100.0,1.9,3.2333333333333325,-0.5,3.7333333333333325,93.33333333333331,58.194711568757796,29.141282634388833,Euro,-0.7791695979374895,75.27962999491187,68.91776112289291,11.034456927614444,64.05238681681251,-0.6204530610444323,3.8537863943777646,,,,
2021-11-01,,-39.535301498458324,-7.562214800249297,100.0,100.0,100.0,7.628832275307848,7.628832275307848,,100.0,100.0,2.1,3.5900000000000007,-0.5,4.090000000000001,100.0,43.24315275602275,7.467727946483326,Euro,11.621637218676119,-26.703121594951618,33.98485960085976,10.9005314833575,-5.890578334252406,-0.815302296062935,4.405302296062936,,,,
2021-12-01,,-38.23598694213845,5.391116126109927,100.0,100.0,100.0,-5.782290009125307,-5.782290009125307,,100.0,100.0,2.6,4.3950000000000005,-0.5,4.8950000000000005,100.0,48.08115369653645,16.731814536809022,Euro,31.567377967058956,26.919865450911455,27.61901549646431,11.03578301929287,24.712040597556882,-0.6791412595704998,5.0741412595705,,,,
2022-01-01,,35.07519682352868,20.048327031844302,100.0,96.11039003070103,98.85599706785324,0.2448645423099527,0.2448645423099527,,90.23260090855135,90.23260090855135,2.6,4.450000000000001,-0.5,4.950000000000001,100.0,52.912673654745916,25.23681129063188,Euro,11.032205156833674,46.862099637502666,25.48256548262004,11.217457448604875,36.170519770447335,-0.5723570248265979,5.022357024826599,,,,
2022-02-01,,34.27505571293523,31.729949015121235,100.0,63.42263411260206,89.24195120958885,32.52886169369318,32.52886169369318,,51.941085339900496,51.941085339900496,2.3,4.055,-0.5,4.555,100.0,65.60498630011887,45.40708835321445,Euro,30.20288499643284,100.0,41.45507519821038,11.45553128654357,72.08209849253413,-0.5354174156368479,4.590417415636848,,,,
2022-03-01,,33.500479479067934,18.429052947014643,92.59112941231555,69.2663461698152,85.73089904687427,49.709931613823336,49.709931613823336,,60.248241958394686,60.248241958394686,2.7,4.710000000000001,-0.5,5.210000000000001,100.0,67.13814088815943,45.728505997001434,Euro,9.386197027782677,100.0,83.24206594546536,12.02848209209728,82.61478880018093,-0.0860211316812611,4.796021131681262,,,,
2022-04-01,,18.21886916967859,4.348907543089393,100.0,99.9975233502126,99.99927157359194,37.76130267313224,37.76130267313224,,80.50864256359122,80.50864256359122,3.0,5.116666666666667,-0.5,5.616666666666667,100.0,66.09851110485359,41.05256339460562,Euro,-3.9730694328641265,100.0,95.05338875599404,12.665357314782172,85.66315078621584,0.2135319527189509,4.903134713947717,,,,
2022-05-01,,17.890723477052944,3.963215934086462,85.78636962003947,100.0,89.96684914355727,39.04284539803559,39.04284539803559,,100.0,100.0,3.5,5.925,-0.5,6.425,100.0,63.00171495164183,37.43968480010485,Euro,-4.393288591693428,100.0,100.0,13.392022959647266,87.00880344394709,0.3577958329266786,5.567204167073321,,,,
2022-06-01,,17.56856186122762,2.017991800309794,72.58976597428156,100.0,80.65159951125756,14.436333790682843,14.436333790682843,,100.0,100.0,3.8,6.333333333333333,-0.5,6.833333333333333,100.0,57.388196459278106,31.9805229225823,Euro,-7.312350236240903,100.0,100.0,13.08132160708167,86.96219824106225,0.6429685731460477,5.690364760187285,,,,
2022-07-01,,7.932886110212461,-3.9653992473092985,27.187988079557122,87.22433910365201,44.8457383807615,6.6019554357718,6.6019554357718,,62.38881040863784,62.38881040863784,3.7,6.1450000000000005,0.0,6.1450000000000005,100.0,38.01601642026009,9.472040066439979,Euro,-11.104370461822354,-27.07019511946896,61.14495397505102,100.0,14.04412142208138,0.2543910607748882,5.890608939225112,,,,
2022-08-01,,7.899246663954466,-6.313550066318969,42.074633971019736,77.48495666300795,52.48943476278097,-10.580499914030606,-10.580499914030606,,45.77275337210288,45.77275337210288,4.0,6.655,0.0,6.655,100.0,48.94438721223368,25.894861933671603,Euro,-14.841228104483031,63.12325724007706,91.81598589295011,100.0,75.82795081728376,1.0755895221438925,5.579410477856108,,,,
2022-09-01,,7.866258191627659,0.6746134595066045,86.23190341122998,72.88865621914084,82.30741894296848,-11.688312111881691,-11.688312111881691,,-0.13103993311002204,-0.13103993311002204,4.3,6.968333333333333,0.75,6.218333333333333,100.0,55.220936263868225,32.336627068444706,Euro,-3.640373379766028,26.616480261934488,93.09724218146904,100.0,54.24419870252795,1.6662186292632288,5.302114704070104,,,,
2022-10-01,,2.8685774120157803,6.287505172484584,87.90678874025414,97.29481556605751,90.66797310078454,-8.346078465025403,-8.346078465025403,,63.160146973458964,63.160146973458964,4.7,7.631666666666667,0.75,6.881666666666667,100.0,61.610801121029944,39.43981780548103,Euro,8.338861828765866,100.0,100.0,100.0,100.0,1.920292461819309,5.711374204847358,,,,
2022-11-01,,2.9448789032027944,-0.7518455249673469,-14.426776500966149,100.0,19.228157764023894,-6.177790703781857,-6.177790703781857,,18.713583176906365,18.713583176906365,5.0,8.046666666666667,1.5,6.546666666666667,100.0,36.203437583575926,12.860707243446042,Euro,-2.969880181869432,-14.317087868171877,75.37380526453558,100.0,25.25319859523077,2.0378229449647427,6.008843721701924,,,,
2022-12-01,,3.021016265878004,-4.714306625727815,-42.405911430337305,80.4625585676479,-6.268126136812242,-4.360106055060926,-4.360106055060926,,12.420764706551491,12.420764706551491,5.0,8.011666666666667,2.0,6.011666666666667,100.0,34.407136296833485,13.813042948906592,Euro,-9.355500360691307,13.673571956725656,83.14487549660373,100.0,43.99036204818633,2.565336451215762,5.446330215450905,,,,
2023-01-01,,1.3175261590178349,-14.04239278772776,-46.84083396291648,43.88197787220744,-20.15765401140944,-16.63097795193467,-16.63097795193467,,-4.636931675871914,-4.636931675871914,5.2,8.180000000000001,2.0,6.1800000000000015,100.0,22.962239924112865,-0.7349210426747246,Euro,-23.258344155775116,-32.37329335737501,33.091337318958956,100.0,3.848858315314734,2.5071773696943893,5.672822630305612,,,,
2023-02-01,,1.4102184340485389,-6.177607560871735,-52.675091847513144,22.756301674432493,-30.489387870470306,-11.581401208835052,-11.581401208835052,,-2.6531257608185754,-2.6531257608185754,5.3,8.396666666666665,2.5,5.896666666666665,100.0,31.84097983759348,14.438250232789963,Euro,-10.730303157823899,51.49871973450304,59.95686914902895,87.52757534744947,59.01758543007648,3.0819028976254854,5.314763769041179,,,,
2023-03-01,,1.502984868945324,-6.146917184071013,-32.63901053366807,37.41345692271535,-12.035343634731769,-8.184339098654076,-8.184339098654076,,5.347900702059034,5.347900702059034,5.6,8.913333333333334,3.0,5.913333333333334,100.0,18.38038710931646,-8.917981223860554,Euro,-10.736858415880816,-78.72341950055392,-26.940381563448206,95.923689175326,-39.5805937148955,2.6178698624258403,6.295463470907494,,,,
2023-04-01,,-3.257667609621569,-6.9068608854099,-57.90129071199873,29.923999553628907,-32.07032298681413,2.876964714721186,2.876964714721186,,6.383312905084609,6.383312905084609,5.7,9.031666666666668,3.0,6.031666666666668,100.0,18.3264994733357,-6.709812620046165,Euro,-9.0963768508829,-57.11116725682841,-14.863076232307323,94.38006415086075,-23.825459789544766,2.6848043965691053,6.346862270097563,,,,
2023-05-01,,-3.190827368657809,-8.715779735022068,-41.17936532302619,34.61638681879899,-18.886497046018782,-6.501055065725364,-6.501055065725364,,-1.7786112210349203,-1.7786112210349203,5.6,8.851666666666667,3.25,5.601666666666667,100.0,13.842996393243197,-14.804516627218788,Euro,-12.030751154840624,-100.0,-50.45687015303075,84.47431001937748,-59.94307103535107,2.6441031237,6.207563542966667,,,,
2023-06-01,,-3.1239717937632685,-9.855376996536641,-48.92805297061807,3.031304840981431,-33.64588890838292,0.3571187281619037,0.3571187281619037,,-33.8002623251272,-33.8002623251272,5.3,8.471666666666666,3.5,4.971666666666666,100.0,25.81528722311722,5.507889963356575,Euro,-13.894220118200664,0.5249022295119476,-6.657620905771763,66.1287494987113,8.569848536070921,3.1194082381,5.352258428566666,,,,
2023-07-01,,-5.840329457580743,-5.383831378207962,-21.42601268000961,17.26045886227866,-10.047638696983649,-2.692594847167853,-2.692594847167853,,-22.822262844830774,-22.822262844830774,5.5,8.741666666666667,3.5,5.241666666666667,100.0,29.41837299355703,7.569913194407999,Euro,-5.1099325305842935,-18.546910530841384,48.21063202874949,27.096942803098358,4.989053109147295,3.0155475324,5.726119134266668,,,,
2023-08-01,,-5.681657230524335,-6.968229661231167,-33.958085617198485,15.619472389020824,-19.37645090948692,-12.082460639576132,-12.082460639576132,,-25.351646738112514,-25.351646738112514,5.5,8.616666666666667,3.75,4.866666666666667,100.0,24.236768597031528,1.8311431912796547,Euro,-7.7401731196552666,-29.86086017718661,28.010398109537384,32.92769606240648,-5.974762169566645,2.9548772685,5.6617893981666665,,,,
2023-09-01,,-5.523111068843404,-11.783096997256925,-39.41116305353096,28.990729109228734,-19.292959476248697,-9.798235058449992,-9.798235058449992,,-28.23291230775701,-28.23291230775701,5.3,8.291666666666666,4.0,4.291666666666666,100.0,17.98175956255607,-8.03095677715526,Euro,-15.539088554305039,-69.66444665887005,6.532328680195196,-11.621607491691671,-41.908826949026974,3.1572218833,5.134444783366666,,,,
2023-10-01,,-6.1228885021123345,-18.69760775213365,-46.3205424895613,-11.998250032493578,-36.225750590423736,-17.24629913156753,-17.24629913156753,,-86.7785848687761,-86.7785848687761,4.5,7.068333333333334,4.0,3.0683333333333342,76.70833333333336,7.727167850200825,-10.641523722826166,Euro,-26.242439302146437,-76.46171752223444,-47.03615025321364,27.10922434977821,-53.56968442417734,2.9879266452,4.080406688133334,,,,
2023-11-01,,-6.049304902524009,-12.288881544914195,-20.365944082740228,-35.0664927225926,-24.6896348591674,-6.1492344046542415,-6.1492344046542415,,-93.01753792973346,-93.01753792973346,4.2,6.5950000000000015,4.0,2.5950000000000015,64.87500000000004,8.999186549696168,-6.061657805699458,Euro,-16.03262753034831,-74.38041605810936,-16.67338788175689,-41.870019053870635,-55.07709946338544,2.8061242815,3.7888757185000017,,,,
2023-12-01,,-5.97589991223322,-7.1145841444155185,-5.08093462543299,-53.56887127742384,-19.342092464253827,-10.292822084291112,-10.292822084291112,,-100.0,-100.0,3.6,5.673333333333333,4.0,1.673333333333333,41.83333333333332,-1.1512487872095054,-12.369471401630314,Euro,-7.797794683724899,-99.88547893941215,-72.55144245521934,-30.067887493245383,-82.57933110143892,2.4363455063,3.236987827033333,,,,
2024-01-01,,-4.105283703784353,-0.7854427880871862,-10.904788207036995,-19.00241262613539,-13.286442447948287,12.342456252336042,12.342456252336042,,-74.5970768976826,-74.5970768976826,3.4,5.449999999999999,4.0,1.4499999999999993,36.249999999999986,4.526173353402126,-4.224340587407152,Euro,1.2064617613311137,-79.46390556614789,-24.185327447267028,-39.01422238784538,-59.5768085596823,2.4737329487,2.9762670512999994,,,,
2024-02-01,,-4.049368236356772,-7.265202953367373,-20.623724049021813,1.968466933986042,-13.978961995195974,-6.847550372689029,-6.84755037268903,,-65.42911387885285,-65.42911387885285,3.3,5.178333333333333,4.0,1.1783333333333328,29.45833333333332,3.7556579966077672,-2.1793489890336275,Euro,-9.194703783573734,-25.944901200099586,-46.275403465357286,-9.753564419843773,-28.598826249375637,2.9012443273,2.2770890060333326,,,,
2024-03-01,,-3.9935435432199977,-8.53718928616162,-30.679705942239693,13.889352415231235,-17.571159366512948,-13.04400033569125,-13.04400033569125,,-50.610279385018956,-50.610279385018956,3.1,4.858333333333334,4.0,0.8583333333333343,21.458333333333357,3.290551595379732,0.7038118143483467,Euro,-11.263376731926595,-8.448526978954973,24.765304181738625,-18.039858960797357,-1.5837689860579314,2.7981962094,2.0601371239333344,,,,
2024-04-01,,-0.6757346336384545,-3.554083905090986,-20.53148187413536,-3.998194049973906,-15.668750161146695,-18.273688292708417,-18.273688292708417,,-58.820687609775455,-58.820687609775455,2.9,4.638333333333332,4.0,0.6383333333333319,15.958333333333297,3.3314848130948724,3.5382366289636185,Euro,-5.2810934679625054,4.925228678408813,13.334285627000545,-17.221128462821323,3.7055393443722258,2.9967567161,1.6415766172333317,,,,
2024-05-01,,-0.5618988545447042,-0.557751461034364,-13.251210649670389,-12.662054431133765,-13.077929408924321,-5.649837183634572,-5.649837183634572,,-64.53916828504673,-64.53916828504673,2.7,4.316666666666666,4.0,0.31666666666666643,7.916666666666661,1.5249328831629352,3.0550498859255955,Euro,-0.55526302492816,-26.664199781711417,32.58335272406138,-15.149840624638689,-10.125157781707308,3.0193484923,1.2973181743666666,,,,
2024-06-01,,-0.44808405362539977,-3.684865138185435,-1.5410899645024387,-3.348749183852647,-2.0727544407819116,0.7830105361618482,0.7830105361618482,,-36.73921317432788,-36.73921317432788,2.9,4.696666666666666,3.75,0.9466666666666663,23.666666666666657,5.196235087631941,-0.503649187691964,Euro,-5.626933788921456,-22.37078135943268,-17.866054640009935,-24.090289688347752,-21.502525928914253,2.7993707466,1.8972959200666661,,,,
2024-07-01,,-2.724481023084534,-8.824023258498599,-2.208882075326009,3.402343131239565,-0.5585217204537812,-1.920105534997248,-1.9201055349972482,,-27.878547811442832,-27.878547811442832,2.9,4.678333333333333,3.75,0.9283333333333328,23.20833333333332,-0.6047754936512222,-9.69357942233891,Euro,-12.483748599747038,-55.51666389850557,-40.08848596588527,-23.73432730531011,-46.89226892637117,2.5822152139,2.0961181194333327,,,,
2024-08-01,,-2.6646266086734665,-4.003116596920609,-5.483025583414461,5.399739898960721,-2.2822122062452896,3.3624428018787142,3.3624428018787142,,-23.703542342264086,-23.703542342264086,2.8,4.51,3.75,0.7599999999999998,18.999999999999993,-3.2772260049862183,-11.826163782205981,Euro,-4.806210589868895,-68.57982524751239,-48.44936993845825,-33.793621692312364,-58.329280886968846,2.3591456102,2.1508543897999997,,,,
2024-09-01,,-2.6047942200536514,4.253503406288092,-16.117932941493997,-9.662152340340322,-14.21917394115468,10.033488227036683,10.033488227036683,,-32.58505886285209,-32.58505886285209,2.8,4.59,3.5,1.0899999999999999,27.249999999999996,-2.378105110002677,-11.28406229821085,Euro,8.368481982093138,-76.41818671291814,-58.52836824808637,-42.469074152192086,-66.85336521260129,2.0342844512,2.5557155488,,,,
2024-10-01,,1.1634753671937252,7.223280788065615,-26.384557109158735,-19.664480280848707,-24.40806392436167,11.381872723514313,11.381872723514313,,-26.34435382905536,-26.34435382905536,2.7,4.42,3.25,1.17,29.25,3.9254766432903976,-1.020278837093231,Euro,10.85916404058875,-14.367064967627845,-20.481475252636834,-57.72323812429093,-22.399093512379554,2.2433129773,2.1766870227,,,,
2024-11-01,,1.209340483428619,3.4179521836163733,-27.74744390209532,-16.07020446409934,-24.31296171444944,5.272985738871943,5.272985738871943,,-22.895985683485538,-22.895985683485538,2.7,4.401666666666667,3.25,1.1516666666666673,28.791666666666682,1.2397902541680654,-4.87530665436077,Euro,4.743119203729026,-26.54800125119167,-23.326113278812954,-45.095321106291244,-28.524627236361926,1.9120084184,2.489658248266667,,,,
2024-12-01,,1.25522062561194,-2.3130900607753606,-12.196998173503664,-6.8810111177547375,-10.633472568871627,7.176076543249955,7.176076543249955,,-15.447060002131192,-15.447060002131192,2.7,4.48,3.0,1.4800000000000004,37.000000000000014,12.870712112152654,6.422032188861635,Euro,-4.454076472607741,10.910924468730938,45.47634337260523,-37.12633142763045,12.346690810245306,2.0111511629,2.4688488371000004,,,,
2025-01-01,,1.7790379455985685,-1.8345829082981613,1.9825509426800307,3.671946561133313,2.4794320069309963,-9.156715006817812,-9.156715006817812,,-21.481848723944346,-21.481848723944346,2.7,4.360000000000001,3.0,1.3600000000000012,34.00000000000003,8.7701126421491,0.6722425658694932,Euro,-4.002755420636199,-20.632861096095393,15.989880779711052,-19.53649724491674,-11.312721049466983,2.0552152666,2.3047847334000013,,,,
2025-02-01,,1.7070982878636614,3.9684345601975424,12.02869773620319,0.5344246478377105,8.648029180801577,0.6729133501487082,0.6729133501487082,,-9.842241657790563,-9.842241657790563,2.7,4.340000000000002,2.75,1.5900000000000016,39.75000000000004,15.232032567451629,6.765658907237859,Euro,5.3252363235978715,13.409662996893266,-1.365912023501853,-40.27275954473151,1.6634058605507702,1.974536006,2.3654639940000015,,,,
2025-03-01,,1.6351557611916183,6.398556158753009,7.469362749876213,-8.862555498114096,2.6658573828202394,-3.6161138844223712,-3.6161138844223712,,-10.62128998030765,-10.62128998030765,2.6,4.173333333333335,2.5,1.6733333333333347,41.833333333333364,13.190606048532356,4.375888333117839,Euro,9.256596397289844,11.335905241802939,-16.708235469593777,-49.051104835274444,-4.733181447607848,1.9946853961,2.1786479372333347,,,,
2025-04-01,,1.9740932570548158,10.045011689783495,-8.037305394588131,-21.189955190472137,-11.905731805142251,-7.340181510717817,-7.340181510717816,,-6.243829730428607,-6.243829730428607,2.4,3.76,2.25,1.5099999999999998,37.74999999999999,6.9333234537964,-0.6630037178149476,Euro,14.887562749420704,11.876498569134537,-41.27712218494948,-68.44952450849856,-13.460810081031429,1.6995058817,2.0604941183,,,,
2025-05-01,,1.3852597795698223,1.4104228919908717,-25.36561185264349,-13.32495929702786,-21.824243453933008,-5.164474414646582,-5.164474414646582,,-3.017736353665722,-3.017736353665722,2.7,4.290000000000001,2.25,2.040000000000001,51.00000000000002,8.043671301923647,-3.495290795854567,Euro,1.4255207594435013,1.8773763298300625,-27.383418657091198,-49.85322100952252,-13.197412017803138,1.780577865,2.509422135000001,,,,
2025-06-01,,0.7913909262482012,1.8838041860613959,-32.24345846517155,-23.235506009260696,-29.5940606840213,-20.661265240754616,-20.661265240754616,,-14.138689440205546,-14.138689440205546,2.3,3.568333333333332,2.0,1.568333333333332,39.2083333333333,3.6339988539234387,-3.0517703231489888,Euro,2.539252141949313,16.721922381385486,-22.536324867277635,-37.27682309254655,-1.1924512518701,1.8448999837,1.723433349633332,,,,
2025-07-01,,-4.035230751159107,-1.751559155743891,-21.691261845190002,-14.99330106006734,-19.721273378977454,-4.292694445742833,-4.292694445742833,,-16.183649334701773,-16.183649334701773,2.3,3.638333333333333,2.0,1.6383333333333332,40.95833333333333,11.827505685087766,5.6020906028693,Euro,-0.38135619849476166,28.046217470187567,20.780501643814357,-19.828236429926,19.04862042857723,1.9362248244,1.7021085089333332,,,,
2025-08-01,,-6.364836468846573,-0.05948275377932827,-12.716820630656606,-22.99184606674777,-15.738886935389303,-11.366180015875068,-11.366180015875068,,-26.165529037488298,-26.165529037488298,2.3,3.601666666666667,2.0,1.601666666666667,40.04166666666668,11.432126828595376,5.5856763040123,Euro,3.723729475261018,23.63180717815072,14.937900132526693,-24.53927393263176,14.23266825012734,1.9213686405,1.6802980261666671,,,,
2025-09-01,,-9.191833317289085,-6.740788347364448,-12.589390599624368,-10.456075548614258,-11.961944996386102,-8.47064629751333,-8.47064629751333,,-17.267394959749378,-17.267394959749378,2.3,3.563333333333333,2.0,1.563333333333333,39.08333333333333,10.175565473855496,2.503696319920077,Euro,-5.270161365409667,12.715800315738054,15.789338452543738,-14.415735482362969,9.414454480224322,1.9908238068,1.572509526533333,,,,
2025-10-01,,-9.554907905511424,-6.331993798288047,-13.779667154531742,-9.188492916285576,-12.429321790341692,-29.828480253839867,-29.828480253839867,,-11.890440645937487,-11.890440645937487,2.4,3.576666666666666,2.0,1.5766666666666662,39.41666666666666,4.043615227127448,-5.359138831819749,Euro,-4.39824533395402,2.048811418772456,-28.64885489897241,-4.740923996177399,-6.644065472906238,1.9496455975,1.6270210691666662,,,,
2025-11-01,,-9.384285951224927,-3.7941838486780353,-16.120515191879434,-9.494969257761127,-14.171825211256403,-28.854575751370977,-28.854575751370977,,-8.620425970281003,-8.620425970281003,2.4,3.543333333333332,2.0,1.5433333333333321,38.5833333333333,5.602937891461889,-2.356024859852611,Euro,-0.4401225871499011,9.382919548586848,-0.5822554218931477,-4.613775264174899,4.7921215840525875,2.0086159249,1.5347174084333322,,,,
2025-12-01,,-9.162647442362019,-0.6861023342717926,-16.682134808914906,-14.474229375610298,-16.03275085794296,-35.14899774889641,-35.14899774889641,,-10.437211792751103,-10.437211792751103,2.4,3.5133333333333328,2.0,1.5133333333333328,37.83333333333332,4.961201510885861,-2.002069612469736,Euro,4.399824730582343,18.296591243657893,-11.899150596869749,-6.102074151073618,7.087855974316254,2.108454926,1.404878407333333,,,,
2026-01-01,,-10.429273663859117,-1.035675641885429,-23.03527140865656,-24.55284277384621,-23.481615927829985,-15.927121485400745,-15.927121485400745,,-19.917031686113816,-19.917031686113816,2.3,3.3333333333333326,2.0,1.3333333333333326,33.333333333333314,5.39610640712537,0.417965228050843,Euro,4.600483171298784,17.298571398833875,0.6944818122230259,-21.909984452058474,7.2662656245473105,2.0495671759,1.2837661574333326,,,,
2026-02-01,,-11.441320743975997,-8.950194759507122,-21.772223435322076,-29.98010999640071,-24.186307717992264,-16.936527626616392,-16.936527626616392,,-23.792647802668178,-23.792647802668178,2.2,3.151666666666667,2.0,1.1516666666666668,28.79166666666667,1.2149815538875828,-4.530855333269185,Euro,-7.455519168825797,7.083221213215321,-28.555392778750978,-7.3308437090866905,-3.988542023121555,1.9805043076,1.1711623590666669,,,,
2026-03-01,,-12.516954125611921,-13.19325015049123,-23.078567743505346,-20.899744623666567,-22.437737414141,-23.781946594774254,-23.781946594774254,,-12.539972130959743,-12.539972130959743,2.4,3.3216666666666663,2.0,1.3216666666666663,33.04166666666666,5.999789048809521,0.5464751283384381,Euro,-13.599027765418814,52.931720282495085,-18.859302062164776,-3.6783435718228077,26.492455118182438,2.5889838861,0.7326827805666665,,,,
2026-04-01,,-18.958255894846303,-16.260280950119064,10.418926612447972,-9.372492187248282,4.597921083125545,-25.42673390818274,-25.42673390818274,,-10.47592335566446,-10.47592335566446,2.3,3.143333333333333,2.0,1.143333333333333,28.58333333333333,11.363570725898697,5.833603546213944,Euro,-14.64149598328272,56.11133420622234,1.3384118351384022,15.48644956240987,36.32437091687948,2.6058943243,0.5374390090333332,,,,
2026-05-01,,-18.640064059750628,-6.939359646624826,26.509414186848556,-2.3280237264654358,18.027814800579733,-27.143976574968608,-27.143976574968605,,-10.831683056304403,-10.831683056304403,2.2,3.061666666666666,2.0,1.061666666666666,26.541666666666654,13.503231224595751,8.665711014903412,Euro,0.08106300125065453,51.41807223309607,3.257547427064489,-0.6077523232473743,31.57406734813666,2.5006714674,0.560995199266666,,,,
2026-06-01,,-18.318591318876347,-1.3697082875278144,34.78502374992311,3.963517019649651,25.71987471160739,-10.204656687303535,-10.204656687303535,,-13.537449988531419,-13.537449988531419,2.6,3.6333333333333337,2.25,1.3833333333333337,34.58333333333334,14.03182674398538,4.620294657481527,Euro,8.799621531281305,-10.047682160659003,-11.617161809751199,16.905154964165806,-6.39712650420833,2.4760833371,1.1572499962333338,,,,
2026-07-01,,-13.273092404339327,0.017302823517086896,-1.0137581225621486,-15.775886239143597,-5.355560509791986,-37.241433193842695,-37.241433193842695,,-20.216688287140585,-20.216688287140585,2.4,3.209999999999999,2.25,0.9599999999999991,23.99999999999998,2.969316803112104,-0.9458007727566421,Euro,7.991539960230934,11.210813389120611,-11.648855690920271,0.8877032898044729,3.94742960421297,2.7607858384,0.44921416159999916,,,,
2026-08-01,,-12.302318202924909,-6.225779265836455,-10.555943090934786,-15.263505458871032,-11.940520257974859,-35.27506406325826,-35.27506406325826,,-10.460165760373542,-10.460165760373542,2.5,3.34,2.25,1.0899999999999999,27.249999999999996,3.4937949675943676,-1.2798577345468616,Euro,-2.5798559035833826,24.0969173334254,0.0725840331717366,5.826915765752179,15.350333773211,2.8560179314,0.48398206860000004,,,,
2026-09-01,,-12.338989192644725,-7.913165904692838,-14.315744023752613,-28.054356628237475,-18.356512436836397,-48.184845988497706,-48.184845988497706,,-33.37521591030957,-33.37521591030957,2.4,3.171666666666666,2.5,0.671666666666666,16.79166666666665,2.709957183889011,3.752662278196953,Euro,-5.257671931921705,54.730530195781114,27.020505575628363,-6.134561874489131,38.67326023020239,3.1591707336,0.012495933066666076,,,,
2026-10-01,,-21.197264576513845,-9.843236386186343,1.8432196642095926,-14.369564742643654,-2.925246337806068,-2.771868081447658,-2.771868081447658,,-22.591897408564876,-22.591897408564876,2.4,3.1566666666666663,2.5,0.6566666666666663,16.416666666666657,9.185419771717429,7.718178590529612,Euro,-3.0308194719898442,35.873560783441924,22.320301853770836,-1.0798877087418113,26.94222877719659,3.1591707336,-0.002504066933333604,,,,
2010-01-01,,,,,,,,,,,,,,0.096,,,,,Japan,,,,,,1.308,,,,,
2010-02-01,,,,,,,,,,,,,,0.101,,,,,Japan,,,,,,1.295,,,,,
2010-03-01,,,,,,,,,,,,,,0.097,,,,,Japan,,,,,,1.361,,,,,
2010-04-01,,,,,,,,,,,,,,0.093,,,,,Japan,,,,,,1.286,,,,,
2010-05-01,,,,,,,,,,,,,,0.091,,,,,Japan,,,,,,1.257,,,,,
2010-06-01,,,,,,,,,,,,,,0.095,,,,,Japan,,,,,,1.08,,,,,
2010-07-01,,,,,,,,,,,,,,0.094,,,,,Japan,,,,,,1.075,,,,,
2010-08-01,,,,,,,,,,,,,,0.095,,,,,Japan,,,,,,1.023,,,,,
2010-09-01,,,,,,,,,,,,,,0.091,,,,,Japan,,,,,,0.898,,,,,
2010-10-01,,,,,,,,,,,,,,0.091,,,,,Japan,,,,,,0.903,,,,,
2010-11-01,,,,,,,,,,,,,,0.091,,,,,Japan,,,,,,1.161,,,,,
2010-12-01,,,,,,,,,,,,,,0.087,,,,,Japan,,,,,,1.133,,,,,
2011-01-01,,,,,,,,,,,,,,0.085,,,,,Japan,,,,,,1.213,,,,,
2011-02-01,,,,,,,,,,,,-0.5268648493281125,,0.093,,,,,Japan,,,,,,1.241,,,,,
2011-03-01,,,,,,,,,,,,-0.5268648493281125,,0.085,,,,,Japan,,,,,,1.214,,,,,
2011-04-01,,,,,,,,,,,,-0.5257671232975714,,0.062,,,,,Japan,,,,,,1.215,,,,,
2011-05-01,,,,,,,,,,,,-0.4206116329177889,,0.069,,,,,Japan,,,,,,1.118,,,,,
2011-06-01,,,,,,,,,,,,-0.4206116329177889,,0.069,,,,,Japan,,,,,,1.084,,,,,
2011-07-01,,,,,,,,,,,,-0.31612097967073094,,0.073,,,,,Japan,,,,,,1.075,,,,,
2011-08-01,,,,,,,,,,,,0.21186008598017558,,0.081,,,,,Japan,,,,,,1.023,,,,,
2011-09-01,,,,,,,,,,,,0.21163588898143182,,0.08,,,,,Japan,,,,,,0.975,,,,,
2011-10-01,,,,,,,,,,,,0.0,,0.081,,,,,Japan,,,,,,1.038,,,,,
2011-11-01,,,,,,,,,,,,-0.2105220276287234,,0.077,,,,,Japan,,,,,,1.062,,,,,
2011-12-01,,,,,,,,,,,,-0.5279775296049283,,0.078,,,-57.585629303072416,-57.585629303072416,Japan,,-57.585629303072416,,,-57.585629303072416,0.971,,,,,
2012-01-01,-12.67249849463457,,-12.67249849463457,,,,,,,,,-0.2116462831609378,-0.55629313307474,0.08,-0.63629313307474,-15.9073283268685,-34.30537260803447,-35.62625665718099,Japan,,-59.90089886887393,,,-59.90089886887393,0.959,-1.51529313307474,,,,
2012-02-01,-5.023594480927147,,-5.023594480927147,,,,,,,,,0.10593524558539791,-0.09036789162190306,0.085,-0.17536789162190308,-4.3841972905475775,-27.949445310394363,-30.279007604335145,Japan,,-57.86398302168392,,,-57.86398302168393,0.962,-1.052367891621903,,,,
2012-03-01,-2.701044572371202,,-2.701044572371202,,,,,,,,,0.3177953315655513,0.31393265119448044,0.084,0.22993265119448042,5.748316279862011,-11.839694820925676,-14.641324944155599,Japan,,-29.38323543916992,,,-29.38323543916992,0.966,-0.6520673488055195,,,,
2012-04-01,-8.300743639724718,,-8.300743639724718,,,,,,,,,0.528546044631728,0.6175683632438878,0.075,0.5425683632438878,13.564209081097195,-16.137815498784207,-21.881906773930123,Japan,,-41.20716118328144,,,-41.20716118328144,0.914,-0.2964316367561123,,,,
2012-05-01,-27.301947119908696,,-27.301947119908696,,,,,,,,,0.5279775296049394,0.5086888301216952,0.084,0.42468883012169517,10.61722075304238,-32.2327250124944,-41.36956127798663,Japan,,-64.57401170155677,,,-64.57401170155677,0.846,-0.3373111698783048,,,,
2012-06-01,-53.965611701233215,,-53.965611701233215,,,,,,,,,0.21118893739633382,0.21913619919794902,0.076,0.143136199197949,3.578404979948725,-43.339378612454716,-55.4802745120793,Japan,,-69.13583322254998,,,-69.13583322254998,0.789,-0.569863800802051,,,,
2012-07-01,-77.52203147566698,,-77.52203147566698,,,,,,,,,-0.21141218793703231,-0.3315105819055484,0.084,-0.4155105819055484,-10.38776454763871,-50.63924032241149,-63.423949796126955,Japan,,-62.110577590302384,,,-62.11057759030239,0.78,-1.1115105819055484,,,,
2012-08-01,-88.89846972405977,,-88.89846972405977,,,,,,,,,-0.5285356614389669,-0.919634750222966,0.086,-1.0056347502229661,-25.140868755574154,-47.35582763988008,-57.97255147227873,Japan,,-37.66335705289636,,,-37.66335705289636,0.8,-1.719634750222966,,,,
2012-09-01,-88.36032591056686,,-88.36032591056686,,,,,,,,,-0.4223882470208329,-0.5783251517812498,0.085,-0.6633251517812497,-16.583128794531245,-44.501951092634094,-56.73117949840102,Japan,,-37.331261492002106,,,-37.331261492002106,0.757,-1.3353251517812499,,,,
2012-10-01,-79.15593800770915,,-79.15593800770915,,,,,,,,,-0.31678859220858335,-0.5337213428583301,0.085,-0.61872134285833,-15.46803357145825,-39.638998620758,-50.43271588362001,Japan,,-32.50321102239288,,,-32.50321102239288,0.76,-1.29372134285833,,,,
2012-11-01,-63.12473761471319,,-63.1247376147132,,,,,,,,,-0.42194267701041177,-0.6073778096332649,0.086,-0.6933778096332649,-17.334445240831624,-44.60080468521919,-53.30297313929746,Japan,,-52.18337711795999,,,-52.18337711795999,0.713,-1.320377809633265,,,,
2012-12-01,-40.42448308340216,,-40.42448308340216,,,,,,,,,-0.10616015658441169,-0.05157649201947412,0.082,-0.13357649201947414,-3.3394123004868534,-16.289011453664795,-22.466982715499025,Japan,,-21.824257173514546,-12.651264644186034,37.13277903816748,-10.687453609430115,0.781,-0.8325764920194741,,,,
2013-01-01,-9.609408739091407,,-9.609408739091407,,-7.902448831187361,-7.902448831187361,4.484845450378977,4.484845450378977,,-8.33040132079105,-8.33040132079105,-0.2120847584899277,-0.32456516551267,0.083,-0.40756516551267,-10.189129137816751,-6.673120005751876,-5.813915248711655,Japan,,-24.380693322807577,-10.1834647919353,32.251955648785774,-12.336488844350502,0.775,-1.09956516551267,,,,
2013-02-01,24.605424066316235,,24.605424066316235,,-22.737857442823778,-22.737857442823778,4.397314306779547,4.397314306779547,,-22.742074487131624,-22.742074487131624,-0.3174590305618952,-0.49596608638338346,0.08,-0.5759660863833834,-14.399152159584586,-10.868323632767202,-4.794463615008458,Japan,,-41.76844225151966,-49.99557354555956,0.3133757378059466,-37.51295237663079,0.669,-1.1649660863833835,,,,
2013-03-01,59.52030713430408,-19.875320448334,43.64118161777646,,-79.27517124203645,-79.27517124203645,-38.35994047027461,-38.35994047027461,,-79.32918656996635,-79.32918656996635,-0.7391768392294273,-1.238548653580983,0.08,-1.3185486535809832,-32.96371633952458,-36.98272002776031,-22.091850540575674,Japan,,-100.0,-100.0,-12.792176342895623,-86.91882645143434,0.492,-1.730548653580983,,,,
2013-04-01,87.62099453578661,-27.344087042948058,64.62797822003967,,-86.91492360273142,-86.91492360273142,3.8665555032165893,3.866555503216589,,-85.88354057646114,-85.88354057646114,-0.9463684276140083,-1.3639569747543454,0.07,-1.4339569747543455,-35.84892436885864,-25.398073222180336,-3.3232435714256954,Japan,,-69.35780074966995,-47.02236398097823,-14.878772418010533,-55.60208730774811,0.589,-1.9529569747543454,,,,
2013-05-01,100.0,-26.675219480933738,74.66495610381325,,-55.27180959490058,-55.27180959490058,3.798161188381619,3.798161188381619,,-54.36467089629188,-54.36467089629188,-0.7352843309551327,-1.1587207214326987,0.07,-1.2287207214326987,-30.71801803581747,-2.4579724944967616,24.224266172252527,Japan,,32.51584601876611,86.91794557664059,-39.21527389657582,35.35670292093344,0.879,-2.0377207214326987,,,,
2013-06-01,100.0,-17.84253559052455,76.4314928818951,,9.068368770111526,9.068368770111526,-24.277030801251296,-24.277030801251296,,10.16303974025786,10.16303974025786,-0.31612097967073094,-0.5408099817012189,0.07,-0.6108099817012189,-15.270249542530474,10.789633769420732,28.69195528994753,Japan,,49.63856467422234,100.0,-1.3641051025769138,54.578523039146866,0.822,-1.362809981701219,,,,
2013-07-01,100.0,46.83397068576953,89.36679413715392,,78.07641481956152,78.07641481956152,3.9631385863140043,3.9631385863140043,,78.71480526729565,78.71480526729565,0.21186008598017558,0.5337003908750262,0.07,0.4637003908750262,11.592509771875655,28.438192404314297,31.800462285399274,Japan,,18.18373120644943,70.2962685234054,-32.33057454121614,23.634719673538587,0.79,-0.25629960912497385,,,,
2013-08-01,99.54529673941266,45.16588104145565,88.66941359982127,,100.0,100.0,39.65551045340266,39.65551045340266,,100.0,100.0,0.7438899562695278,1.412770539055455,0.07,1.342770539055455,33.569263476386375,31.191057180715244,21.210994028709017,Japan,,-61.79347717718261,-16.17130108650474,-20.798942000743445,-44.238752878047265,0.708,0.7047705390554551,,,,
2013-09-01,91.20213553296813,42.634502788981315,81.48860898417077,,87.8661177881525,87.8661177881525,-38.01659961683623,-38.01659961683623,,88.23750906795371,88.23750906795371,0.8483598664098313,1.258181413251111,0.07,1.188181413251111,29.704535331277775,15.66073196215528,6.199768542459817,Japan,,-66.204131635342,-18.953617943328503,-37.30335726600549,-50.05638705693814,0.669,0.5891814132511111,,,,
2013-10-01,87.20161669004163,45.62111242640255,78.88551583731382,,73.60097885492051,73.60097885492051,3.7429447179636823,3.7429447179636828,,73.89200745811432,73.89200745811432,1.059321240282074,1.7593869937564444,0.07,1.6893869937564443,42.23467484391111,22.221804824592823,10.738374204949016,Japan,,-73.48878064979036,-32.70550153027958,-14.939673497179474,-54.51059479702103,0.59,1.1693869937564445,,,,
2013-11-01,83.01404302579732,43.33386952387984,75.07800832541382,,54.95603473365931,54.95603473365931,-49.9529852728727,-49.9529852728727,,55.12056625757934,55.12056625757934,1.1652460806768516,1.8058741427544076,0.07,1.7358741427544075,43.39685356886019,17.24686188476717,9.431460049736195,Japan,,-41.16156920004034,11.134920924385685,-19.408868660293123,-24.82454158797175,0.605,1.2008741427544076,,,,
2013-12-01,72.36702332835605,41.36991994701032,66.1676026520869,,71.3974425360221,71.3974425360221,-9.27080315047715,-9.27080315047715,,71.49769543346515,71.49769543346515,1.4877694741758152,2.3756591261573403,0.07,2.3056591261573405,57.64147815393351,32.093479670144596,19.731362713063668,Japan,,-14.369465741392517,14.69478021146992,1.0904153498875773,-4.784422089484893,0.688,1.6876591261573404,,,,
2014-01-01,54.20069939347931,22.01074274487208,47.76270806375786,,67.78368438991771,67.78368438991771,24.22286485045197,24.22286485045197,,67.8456507128406,67.8456507128406,1.5940528886813299,2.7175008121886615,0.07,2.6475008121886616,66.18752030471654,35.73736362208308,18.68702869727918,Japan,,-19.319949581550045,5.818060977648338,-9.009582048874858,-11.488891811849172,0.614,2.1035008121886616,,,,
2014-02-01,30.506609349479263,21.014197570298293,28.608126993643065,,48.771557905838534,48.771557905838534,62.90350280317405,62.90350280317405,,48.172772503927746,48.172772503927746,1.3800298991879956,2.47755976714934,0.08,2.39755976714934,59.938994178733495,35.104354253318526,19.23620777667763,Japan,,-34.10827763411264,16.347371692758074,49.8495553521561,-8.90069035445465,0.586,1.89155976714934,,,,
2014-03-01,5.131998737877027,20.13457615133154,8.132514220567929,,46.47703486485405,46.47703486485405,69.1148570616652,69.1148570616652,,46.54297012025548,46.54297012025548,1.595738288889148,2.7829720533337223,0.07,2.7129720533337225,67.82430133334306,35.78340719615002,15.40447023127188,Japan,,-42.87802793491929,70.38652842301836,-6.600544159529226,-9.120266279126366,0.605,2.1779720533337223,,,,
2014-04-01,-15.5557204497143,20.10380421625102,-8.423815516521236,,40.11058178435167,40.11058178435167,10.753062217620784,10.753062217620784,,40.79937274925738,40.79937274925738,1.592350212356819,2.7604514165744436,0.06,2.7004514165744435,67.51128541436108,25.62185397592671,3.8991170198462197,Japan,,-27.41278033914644,49.17890495661556,-3.5413702141403434,-4.684147496455026,0.61,2.1504514165744437,,,,
2014-05-01,-31.211525929710522,19.489439095255523,-21.071332924717314,,100.0,100.0,16.335214307387034,16.335214307387034,,100.0,100.0,3.386246982959462,5.434528762900731,0.07,5.364528762900731,100.0,38.19010597186283,-1.8529746526085171,Japan,,-32.38182961046363,-58.46226715111946,2.799322776537921,-33.62476613757735,0.566,4.868528762900731,,,,
2014-06-01,-37.13308250595935,18.925821316571785,-25.92130174145312,,100.0,100.0,25.130089079176898,25.130089079176898,,100.0,100.0,3.6997911628438684,5.986823178228066,0.07,5.916823178228066,100.0,38.13031906251405,-2.9596138414025415,Japan,,-40.94923315268948,-75.48459868788254,35.65576944415673,-38.09232414696081,0.536,5.450823178228067,,,,
2014-07-01,-33.90004532084504,-49.90361951051147,-37.10076015877832,,100.0,100.0,-44.10532206256074,-44.10532206256074,,100.0,100.0,3.5940902604717273,5.614621149966851,0.07,5.544621149966851,100.0,27.332693702035687,-15.448392003730934,Japan,,-48.19081734815092,-55.65982835468193,34.216073125298976,-37.69703652876619,0.527,5.087621149966851,,,,
2014-08-01,-22.635541266947325,-48.156710509784354,-27.739775115514732,,39.52902667268271,39.52902667268271,-67.53839307448962,-67.53839307448962,,39.35371595150283,39.35371595150283,3.481008953084186,5.431844902353552,0.07,5.3618449023535515,100.0,18.81459502262064,-15.009352719556837,Japan,,-47.795978709754245,7.1985682636996495,12.950527943138956,-24.935365968456786,0.488,4.943844902353552,,,,
2014-09-01,-10.500819373077345,-46.60425582486094,-17.721506663434067,,21.58727470232388,21.58727470232388,36.22158331231126,36.22158331231126,,21.503105660342133,21.503105660342133,3.3649240491463894,5.539675913005299,0.07,5.4696759130052985,100.0,33.48925727513431,4.046975502038631,Japan,,-36.91832913271112,22.645689686937533,5.20225352146258,-15.709237029672902,0.497,5.042675913005299,,,,
2014-10-01,-1.8246575940319336,-22.881609455090558,-6.036047966243658,,18.398362082527974,18.398362082527974,21.620279738348106,21.620279738348106,,18.83386819829621,18.83386819829621,3.249507459282719,5.2508968205030255,0.06,5.190896820503026,100.0,31.05271245469779,2.9789930689393143,Japan,,-38.87407955680368,29.52691827853733,-41.739095500461865,-22.203582489517153,0.465,4.785896820503026,,,,
2014-11-01,2.8248360774592256,-22.423494003460345,-2.2248299387246884,,16.449923701123208,16.449923701123208,49.79738728331979,49.79738728331979,,16.819863960667025,16.819863960667025,2.8272345546318522,4.6023730560857095,0.06,4.54237305608571,100.0,33.35634138680086,5.224300861849814,Japan,,-43.56229497067126,-4.7274468846894395,-33.44428252043256,-32.33588108164,0.42,4.1823730560857095,,,,
2014-12-01,6.361951408878426,-21.99281479315589,0.6909981684715625,,8.43262089701491,8.43262089701491,-2.3076927588209855,-2.3076927588209855,,8.357429736292582,8.357429736292582,2.5130996675263306,4.214873755526784,0.07,4.144873755526784,100.0,21.293461158876955,-7.606235526295766,Japan,,-70.22223771973229,-60.76330943760509,14.852677297403458,-55.09626839663013,0.33,3.884873755526784,,,,
2015-01-01,9.47385860214376,1.8282456473035822,7.944736011175724,,6.687197045979948,6.687197045979948,-3.780938845360182,-3.780938845360182,,6.2739741550938835,6.2739741550938835,2.4058547850316137,4.13658602754742,0.07,4.0665860275474195,100.0,21.733276588260882,-5.889200488224052,Japan,,-77.32411296104245,-59.61342591124472,45.34844956819241,-54.495556819207785,0.275,3.86158602754742,,,,
2015-02-01,12.900381803658478,1.7683000858878652,10.673965460104355,,20.69637591103173,20.69637591103173,-70.02018650071848,-70.02018650071848,,19.873055781810724,19.873055781810724,2.408384610044134,3.9137140983995335,0.08,3.8337140983995335,95.84285245998834,17.193763374579923,-8.901626570988117,Japan,,-56.31777170814858,-24.730130913975962,44.3105369000071,-33.32661521838207,0.33,3.5837140983995335,,,,
2015-03-01,16.80655967601894,1.7123859284188887,13.78772492649893,,21.126040106361845,21.126040106361845,-56.61989028503751,-56.619890285037506,,21.151862720454144,21.151862720454144,2.198964780420809,3.5729176872978803,0.07,3.5029176872978804,87.57294218244701,22.364403739312596,1.2519101119242149,Japan,,-13.902984605801585,16.8341416528971,12.917190917793455,-2.195676712587658,0.4,3.1729176872978804,,,,
2015-04-01,20.027438621051026,1.357080721273813,16.293367041095582,,28.10134562895993,28.10134562895993,-34.14159276844517,-34.14159276844517,,28.662887983516725,28.662887983516725,2.298855057771587,3.7927531033240474,0.06,3.7327531033240473,93.31882758310118,27.158576848638027,3.6884234364193733,Japan,,-15.557064063501253,-3.8460118684543936,5.288470272459377,-9.502470864345444,0.34,3.4527531033240475,,,,
2015-05-01,22.41978608672103,1.3346838904756062,18.202765647471946,,-46.62871671111054,-46.62871671111054,13.758378220939848,13.758378220939846,,-46.17036873951868,-46.17036873951868,0.716509600512838,1.4892349174359234,0.07,1.4192349174359233,35.480872935898084,6.82057185056497,5.640365755454889,Japan,,-16.021729204597193,10.125140782668312,5.26697069284885,-6.29170672316391,0.39,1.0992349174359233,,,,
2015-06-01,21.359407275105923,1.3132590938699698,17.35017763885873,,-44.49148710382096,-44.49148710382096,-5.193951269092499,-5.193951269092499,,-44.47026335166781,-44.47026335166781,0.611638370990919,1.3002614064863787,0.07,1.2302614064863786,30.756535162159466,3.4460845602297487,3.222629161703916,Japan,,-19.937624306702606,25.44904842861343,12.756460107134465,-3.6868434607980363,0.455,0.8452614064863786,,,,
2015-07-01,16.17717794628113,41.80871567576072,21.30348549217705,,-55.34513647697293,-55.34513647697293,21.477033055098747,21.477033055098747,,-55.634745823470624,-55.634745823470624,0.4081950114933397,0.9634297005733425,0.07,0.8934297005733425,22.33574251433356,3.1932432603590724,6.56307948701139,Japan,,-23.086527657279657,24.463791025820193,12.598510507531099,-5.846192261783081,0.41,0.5534297005733426,,,,
2015-08-01,4.75996842432996,41.075254334212985,12.023025606306566,,-9.474779455076247,-9.474779455076247,6.194570237952089,6.194570237952089,,-9.864669154664309,-9.864669154664309,0.20391950796585512,0.6286831119487823,0.08,0.5486831119487824,13.71707779871956,3.1515382665755984,1.8255532343020964,Japan,,-39.07779033949717,15.634258550076211,61.908701859242946,-10.251804287292806,0.38,0.24868311194878234,,,,
2015-09-01,-8.449275464214715,40.37979474019883,1.3165385766679947,,-12.135005061007181,-12.135005061007181,-41.792468952545576,-41.792468952545576,,-11.990735683394792,-11.990735683394792,0.10172228417488771,0.4453872762623319,0.07,0.37538727626233187,9.384681906558297,-10.288565197943187,-13.868990939355609,Japan,,-53.12249111968199,-9.049410984414386,11.105226514444784,-32.47006344074607,0.35,0.0953872762623319,,,,
2015-10-01,-20.99373859999864,10.00099551577556,-14.7947917768438,,-8.855443480336813,-8.855443480336813,-38.5826707248979,-38.5826707248979,,-9.058310230093594,-9.058310230093594,0.0,0.26113718333333313,0.08,0.18113718333333312,4.528429583333328,-10.95908025279035,-15.24086492442246,Japan,,-59.73944831778567,-11.185796608099821,100.0,-23.64011814269636,0.3,-0.038862816666666855,,,,
2015-11-01,-29.037927154643096,9.877702012698888,-21.254801321174696,,-1.4718388248724845,-1.4718388248724845,-16.913002639510168,-16.913002639510168,,-1.4460212510619137,-1.4460212510619137,0.3055277568141168,0.7860954852211752,0.08,0.7060954852211753,17.65238713052938,-2.397998975971997,-10.803381284943988,Japan,,-47.21114145984934,4.688781253458282,71.07656122736094,-16.49300537844089,0.3,0.48609548522117524,,,,
2015-12-01,-33.19775197731041,9.758162063064848,-24.606569169235357,,-3.369023860395016,-3.369023860395016,-9.870474683843321,-9.870474683843321,,-3.2363013120440725,-3.2363013120440725,0.20428592082624153,0.602566064572696,0.07,0.532566064572696,13.3141516143174,-3.333571856560891,-10.979189385193406,Japan,,-42.720883244073185,32.57756557237825,6.823506412482702,-16.464612591476943,0.27,0.332566064572696,,,,
2016-01-01,-33.529852891395166,-6.644472802449894,-28.15277687360611,,-1.5237783665075555,-1.5237783665075555,-53.092131552931185,-53.092131552931185,,-1.042795437481485,-1.042795437481485,0.20428592082624153,0.47589939790602864,0.07,0.40589939790602864,10.147484947650716,-17.21060698730476,-28.247815109776187,Japan,,-76.53385209717376,-3.8128149642867983,-53.94474595151591,-54.965226892103345,0.095,0.38089939790602867,,,,
2016-02-01,-30.681384661498807,-6.5480563935722405,-25.85471900791349,,-28.458611346843465,-28.458611346843465,-4.373370970078208,-4.373370970078208,,-26.262160420382287,-26.262160420382287,-0.10224238233990102,0.08777360982348159,0.03,0.05777360982348159,1.4443402455870398,-23.504618873506903,-32.61674908866863,Japan,,-100.0,-76.52448827727498,-100.0,-94.13112206931875,-0.065,0.1527736098234816,,,,
2016-03-01,-26.23363540762621,-6.455456763961606,-22.277999678893284,,-11.726239054444108,-11.726239054444108,-0.8350678922913432,-0.8350678922913432,,-8.309514373244516,-8.309514373244516,0.20491384631269316,0.5235079528023734,-0.003,0.5265079528023734,13.162698820059335,-16.487218376713916,-29.530196020485974,Japan,,-86.87191042009694,-99.48648599110416,-100.0,-91.99476774983421,-0.05,0.5735079528023734,,,,
2016-04-01,-22.705874029069516,-14.130978738379524,-20.990894970931517,,-22.40922002084946,-22.40922002084946,1.5335003644637233,1.5335003644637233,,-17.590823390359812,-17.590823390359812,0.0,0.19089559999999972,-0.036,0.22689559999999973,5.672389999999993,-14.44964573985419,-21.81200418989571,Japan,,-47.11326496342563,-71.21228413070656,-100.0,-61.07103001073202,-0.085,0.27589559999999974,,,,
2016-05-01,-21.061080981683993,-14.082811399172144,-19.66542706518162,,-22.84081782082929,-22.84081782082929,-44.19208833227633,-44.19208833227633,,-18.466681586883208,-18.466681586883208,-0.3049166385501123,-0.29097162449183567,-0.059,-0.23197162449183567,-5.799290612295891,-20.859929393387713,-23.753597460111692,Japan,,-20.68189233716687,-58.69433770608777,-100.0,-42.082719828822064,-0.12,-0.17097162449183567,,,,
2016-06-01,-20.76741840023453,-14.037417731471265,-19.421418266481876,,-44.09184266834326,-44.09184266834326,-25.815854467209675,-25.815854467209675,,-41.16579206135982,-41.16579206135982,-0.5066000820034389,-0.5190749563384911,-0.055,-0.4640749563384911,-11.601873908462277,-28.233427824859824,-29.93807028933459,Japan,,-61.229946517947745,-86.95839397761648,-94.78634178929757,-72.6955176735674,-0.23,-0.2890749563384911,,,,
2016-07-01,-19.023239766168043,-18.015374857495814,-18.8216667844336,,-26.897380579372506,-26.897380579372506,-19.682027582461643,-19.682027582461643,,-25.772131887632327,-25.772131887632327,-0.3049166385501123,-0.2440114744918349,-0.043,-0.20101147449183493,-5.025286862295873,-21.05694257669506,-25.10805113238394,Japan,,-61.53127483444641,-71.43796776146885,-52.838171709754064,-62.70398259749817,-0.195,-0.049011474491834905,,,,
2016-08-01,-14.729199576647279,-19.305618428682703,-15.644483347054361,,-22.687971636014506,-22.687971636014506,15.838799447671006,15.838799447671006,,-22.105500568288726,-22.105500568288726,-0.4069590832604053,-0.32589555822394134,-0.043,-0.28289555822394136,-7.072388955598534,-9.900680767842873,-10.504268235524469,Japan,,-30.151169742259547,-22.348370663834103,-37.82941749080824,-29.35220713493549,-0.07,-0.25589555822394133,,,,
2016-09-01,-8.2827214170656,-20.68096362200081,-10.762369858052642,,-16.655559870053093,-16.655559870053093,-13.19378460602135,-13.19378460602135,,-15.270898724337837,-15.270898724337837,-0.5081644509484229,-0.6005800097559677,-0.052,-0.5485800097559677,-13.714500243899192,-10.659741336888779,-7.827290646558358,Japan,,-2.068398750735195,6.070855210349561,-45.25432260566109,-6.51147383870289,-0.085,-0.5155800097559677,,,,
2016-10-01,-0.488443738614297,-12.522359780021667,-2.8952269468957703,,-25.533157168831384,-25.533157168831384,27.47084604990627,27.47084604990627,,-24.20142685274338,-24.20142685274338,-0.5076386118867182,-0.4214579178300779,-0.037,-0.38445791783007793,-9.611447945751948,-3.9761496701606722,0.14972690855728743,Japan,,-2.2367411299180073,17.551416250278688,-57.134796973091774,-5.524410161344899,-0.05,-0.3714579178300779,,,,
2016-11-01,7.813650492347988,-12.755391198677163,3.6998421541429583,,3.5154593886804792,3.5154593886804792,-4.4380899631665685,-4.4380899631665685,,5.686601325653807,5.686601325653807,0.10151575588353001,0.46727363382529497,-0.049,0.516273633825295,12.906840845632376,1.6236813058453472,-2.542726785749178,Japan,,-9.537962527919339,10.955195756657453,-69.84799645468279,-13.461178045789659,0.02,0.44727363382529495,,,,
2016-12-01,14.72158043854418,-13.001493472678396,9.176965656299664,,23.343674506006675,23.343674506006675,-13.517012189914738,-13.51701218991474,,24.970809256562294,24.970809256562294,0.509708655234653,0.9545629828519795,-0.044,0.9985629828519795,24.964074571299488,8.285833003285052,0.38358457702340787,Japan,,-9.743893497434332,16.143226201871435,-42.360433631676436,-8.164594592744205,0.04,0.9145629828519795,,,,
2017-01-01,18.782920158583842,-9.80105986472222,13.066124153922628,,14.647313598549069,14.647313598549069,-13.609229087234828,-13.609229087234826,,16.68011488632851,16.68011488632851,0.3058492237221211,0.6221071689165152,-0.045,0.6671071689165152,16.677679222912882,7.93193237596674,4.901120084328201,Japan,,-1.2560315554476014,64.70970050654226,-43.63871437514889,8.877999037094671,0.085,0.5371071689165152,,,,
2017-02-01,18.82850949674375,-9.854652785433121,13.091877040308374,,0.9010905737984684,0.9010905737984684,-0.9212430565396047,-0.9212430565396046,,2.12720405954385,2.12720405954385,0.5117652830850306,1.0026479246275457,-0.038,1.0406479246275457,26.016198115688642,11.530721950818778,8.331334405667375,Japan,,-23.778590220300806,89.03261652414378,39.67389404442046,13.942084105518529,0.05,0.9526479246275457,,,,
2017-03-01,16.531498818271658,-9.909515896980505,11.243295875221223,,-24.14532718524613,-24.14532718524613,7.4792536015101305,7.47925360151013,,-22.581405018020458,-22.581405018020458,0.30674723393178116,0.6684541842310048,-0.042,0.7104541842310048,17.76135460577512,6.74595249711869,8.057695069937953,Japan,,-21.81255408800954,78.36642019137,58.72427420134581,15.312713725238645,0.065,0.6034541842310048,,,,
2017-04-01,16.163523296475045,-17.82702302046431,9.365414033087175,,-20.76873268388704,-20.76873268388704,47.40980604959075,47.40980604959075,,-18.871576544898698,-18.871576544898698,0.20428592082624153,0.6847622145726961,-0.054,0.7387622145726962,18.469055364317406,9.842479927324995,8.971661985188732,Japan,,-40.06288841793338,43.191703761033715,77.65378085425012,-1.591739982364082,0.015,0.6697622145726961,,,,
2017-05-01,17.807248467205223,-16.368009287512148,10.97219691626175,,-12.802994140714166,-12.802994140714166,20.143501608022813,20.143501608022813,,-10.587627555183298,-10.587627555183298,0.40777893947838706,0.8600017425509141,-0.053,0.9130017425509142,22.825043563772855,10.081038836520442,8.205559083111087,Japan,,-19.488494721592083,40.22271738937827,56.96753397054939,6.907712609971725,0.04,0.8200017425509141,,,,
2017-06-01,19.607629025212464,-14.835258669679108,12.71905148623415,,-1.6799451159922656,-1.6799451159922656,-53.39339060790345,-53.39339060790344,,0.45318400043747287,0.45318400043747287,0.40735367150941393,0.6360305072641208,-0.056,0.6920305072641209,17.30076268160302,1.02868392476344,-0.11450923838875819,Japan,,-12.664699425658341,72.55460025785236,19.736016462343358,13.500232878419588,0.075,0.5610305072641208,,,,
2017-07-01,18.523974500118744,16.887169662805736,18.19661353265614,,-0.4624662077844028,-0.4624662077844028,-2.5169177146284736,-2.5169177146284736,,1.088217960626356,1.088217960626356,0.40777893947838706,0.9100017425509139,-0.054,0.964001742550914,24.10004356377285,11.050329082802723,9.139851462359234,Japan,,-2.090274014517256,69.68014025285262,-14.997871652169998,13.916189906677305,0.075,0.835001742550914,,,,
2017-08-01,15.098317272547279,17.065251073756503,15.491704032789123,,-7.122855974365444,-7.122855974365444,-37.24116090774635,-37.24116090774635,,-5.8996291193901325,-5.8996291193901325,0.408622007636672,0.7845996781216749,-0.049,0.8335996781216749,20.839991953041874,-0.9609222276612241,-4.2739144216044265,Japan,,-27.73560390617594,19.659805735654167,-18.698612741299762,-14.531202820986985,0.01,0.7745996781216749,,,,
2017-09-01,11.353283250520994,17.281211937163,12.538868987849396,,0.13017088342957112,0.13017088342957112,45.98182441805959,45.98182441805959,,1.7355017573492468,1.7355017573492468,0.6128978952660624,1.1660135095657607,-0.058,1.2240135095657607,30.600337739144017,15.382663213268028,9.284934332792792,Japan,,-18.66229782372514,13.190630167906134,-2.8523554890751406,-8.327574475619821,0.06,1.1060135095657606,,,,
2017-10-01,9.439112465847039,37.314208533265536,15.014131679330738,,8.59767845645116,8.59767845645116,-59.45816208863172,-59.45816208863171,,9.408485321476855,9.408485321476855,0.8163298852351231,1.3461614945193516,-0.037,1.3831614945193516,34.57903736298379,3.28332983952222,-4.522057173703266,Japan,,-23.66528494950716,10.111571278169547,21.060292176486346,-8.512234323688958,0.065,1.2811614945193517,,,,
2017-11-01,9.824932365171515,36.06912935786962,15.073771763711136,,-19.54329230912439,-19.54329230912439,-12.910332065845312,-12.910332065845312,,-18.29205353585398,-18.29205353585398,0.20282561181410586,0.5009050843878255,-0.048,0.5489050843878256,13.72262710969564,1.1840070737475115,2.186083657659015,Japan,,-11.265780809149838,15.342374421711474,23.89505281084543,0.6603830415647804,0.035,0.4659050843878255,,,,
2017-12-01,11.423957284868745,34.89836421163121,16.118838670221237,,-12.41474979291612,-12.41474979291612,3.71918945330766,3.7191894533076604,,-11.710994507959143,-11.710994507959143,0.5070640295352424,1.0322627109695302,-0.042,1.0742627109695302,26.856567774238254,7.280974351290052,4.0088698979462585,Japan,,-20.744578447971808,8.413383508345158,23.17190417845553,-6.867615564928466,0.045,0.9872627109695301,,,,
2018-01-01,11.7414369116697,16.694768283922066,12.732103186120172,,4.461893779255341,4.461893779255341,51.339141959582214,51.339141959582214,,6.030549744534395,6.030549744534395,1.0161891509330445,1.7692837263995673,-0.04,1.8092837263995674,45.232093159989184,22.69885664786129,13.517910190352348,Japan,,-7.474843303023844,9.109404187090444,18.146319736628143,0.514393025452526,0.08,1.6892837263995673,,,,
2018-02-01,9.988803927405025,16.066956509828874,11.204434443889795,,42.10822681971638,42.10822681971638,56.97276900274183,56.97276900274183,,43.47859587003566,43.47859587003566,1.3237869037670214,2.400680355650532,-0.042,2.442680355650532,61.0670088912633,32.555646510300626,14.992874676205341,Japan,,-15.33679523057396,16.520228549664584,6.5245007563371455,-4.093344887477658,0.045,2.355680355650532,,,,
2018-03-01,8.723671368472093,15.445234382763918,10.067983971330458,,36.03105480423495,36.03105480423495,10.988417306001837,10.988417306001837,,38.6900918896019,38.6900918896019,1.4270760970411134,2.4256141455616698,-0.062,2.4876141455616696,62.19035363904174,25.579507223895824,8.172445770420687,Japan,,-7.733029226836442,15.494328592173193,-15.13293300394707,-3.036175338650627,0.045,2.38061414556167,,,,
2018-04-01,7.504143257904854,-24.134561322421845,1.1764023418395144,,2.306083750828853,2.306083750828853,-46.81906644543923,-46.81906644543923,,4.678463430039366,4.678463430039366,1.1212869497722933,1.9402637579917732,-0.063,2.0032637579917734,50.08159394979433,8.374525292457328,-3.8202288044302697,Japan,,-14.539962392875886,27.473722074394296,-1.9379151652081608,-2.146234191908182,0.05,1.8902637579917732,,,,
2018-05-01,9.19822918265602,-24.263099610328172,2.505963424059182,,-41.046835810480474,-41.046835810480474,-6.710736445442138,-6.710736445442138,,-39.13437296143787,-39.13437296143787,0.6090945353011579,1.24197513628507,-0.061,1.30297513628507,32.574378407126744,2.7420538388315903,-0.3931177712152729,Japan,,-12.684311894006461,14.333396134513077,8.811936777723183,-2.70544758611713,0.03,1.21197513628507,,,,
2018-06-01,10.695241918139212,-24.42757087765173,3.670679358981024,,-36.36327423406919,-36.36327423406919,100.0,100.0,,-34.74606213839934,-34.74606213839934,0.7098896413493261,1.6581677953573228,-0.071,1.7291677953573228,43.22919488393307,21.69996703441251,15.997723855846239,Japan,,-12.200398545263688,9.249513604802004,16.237184878047795,-2.5722829942505423,0.03,1.6281677953573228,,,,
2018-07-01,11.687323193602229,22.71669323626905,13.893197202135594,,-19.562687066963434,-19.562687066963434,10.260639340295597,10.260639340295597,,-18.07002417595124,-18.07002417595124,0.7106102911846879,1.334248770110365,-0.07,1.404248770110365,35.106219252759125,11.015239335874352,7.057187646210496,Japan,,-0.4536311840597166,8.290714913710772,4.4294641820248035,2.4649196452955837,0.06,1.2742487701103649,,,,
2018-08-01,10.659953958736104,23.830812422264678,13.294125651441817,,14.35103564104556,14.35103564104556,-10.882212513006557,-10.882212513006557,,15.51049684428684,15.51049684428684,0.9155005575740116,1.5199175030276835,-0.059,1.5789175030276834,39.472937575692086,17.50593265693657,10.412773321807636,Japan,,16.924154140478446,42.41952191037976,8.792570239985926,22.078258497879897,0.11,1.4099175030276834,,,,
2018-09-01,9.823900892577559,25.042465601281204,12.867613834318286,,32.15148143670869,32.15148143670869,-71.21785453047839,-71.21785453047839,,33.28681801089716,33.28681801089716,1.3198045472676556,2.1980401542348167,-0.058,2.2560401542348165,56.401003855870414,17.16146712250998,4.270498098099023,Japan,,20.39605408562724,37.936470984417184,24.286705596467545,25.36475603695077,0.125,2.0730401542348167,,,,
2018-10-01,9.96719523629772,-75.3476726537527,-7.095778341712362,,18.427042178693227,18.427042178693227,61.6826546861198,61.682654686119804,,19.52376776476375,19.52376776476375,1.1133822602484855,2.0600733903727284,-0.06,2.1200733903727285,53.001834759318214,29.243272947916406,15.398441686719837,Japan,,14.363785920744387,33.954862399454235,-1.6963914553307393,16.85252843401058,0.13,1.9300733903727285,,,,
2018-11-01,8.796291139234624,-73.02265991577251,-7.567499071766803,,20.726752925475655,20.726752925475655,20.103051671694473,20.103051671694473,,22.921424562480112,22.921424562480112,1.4170048535870894,2.3871739470473003,-0.071,2.4581739470473005,61.45434867618251,22.11055304150449,3.83277194909361,Japan,,-12.183058501574202,8.639048975164714,-7.331315726720719,-6.2497702161614495,0.085,2.3021739470473004,,,,
2018-12-01,3.7148747456056794,-70.88763201743879,-11.205626607003216,,-20.03328825748751,-20.03328825748751,-35.22011857505674,-35.22011857505674,,-18.293177695123582,-18.293177695123582,0.9082096682750063,1.400647835745843,-0.068,1.468647835745843,36.71619589364607,-4.530548117144072,-15.872231138832982,Japan,,-51.23460614885194,-12.289091080199684,-22.6380958168647,-37.20875083189079,-0.01,1.410647835745843,,,,
2019-01-01,-5.854285421097419,-15.265700249825425,-7.736568386843021,,-41.99905457566302,-41.99905457566302,-60.82474108245543,-60.82474108245543,,-40.98142505245927,-40.98142505245927,0.30188880610140245,0.5694998758187704,-0.064,0.6334998758187704,15.837496895469261,-16.141630823302215,-19.306497831535523,Japan,,-47.288658485170025,-16.73696328931922,3.1838678966452276,-32.07985572893503,0.0,0.5694998758187704,,,,
2019-02-01,-15.53506564087796,-15.08256456886183,-15.444565426474734,,-55.188448640893384,-55.188448640893384,-80.54018669975007,-80.54018669975007,,-55.256669126941496,-55.256669126941496,0.20108985369897692,0.39830144721513205,-0.055,0.45330144721513205,11.332536180378302,-21.218954805848828,-22.167893156661975,Japan,,-41.12623958810027,-4.3213741406492865,19.333809481454168,-22.856015865804356,-0.015,0.41330144721513207,,,,
2019-03-01,-21.981718491699947,-14.944176419011482,-20.574210077162252,,-30.920880100279902,-30.920880100279902,1.2807055068561308,1.2807055068561308,,-31.556894742121848,-31.556894742121848,0.20108985369897692,0.4766347805484652,-0.041,0.5176347805484652,12.94086951371163,-5.567710979189278,-9.64025337003273,Japan,,-44.354169347123054,-6.740687093483377,67.33396132333257,-18.19757918314479,-0.095,0.5716347805484652,,,,
2019-04-01,-25.27212100564182,-12.61732574000126,-22.741161952513707,,5.867381958237771,5.867381958237771,-47.820153359448724,-47.820153359448724,,6.925836482638189,6.925836482638189,0.5040963397318299,0.7128111762644114,-0.067,0.7798111762644113,19.495279406610283,-3.0110283498106165,-11.819456313200963,Japan,,-15.52384526034415,9.16039162910062,26.854333891839328,-2.996059165155435,-0.045,0.7578111762644114,,,,
2019-05-01,-29.202886851786065,-12.255152346827256,-25.8133399507943,,35.282706126099875,35.282706126099875,-28.28020104677,-28.28020104677,,36.14749869234847,36.14749869234847,0.9082096682750063,1.3989811690791765,-0.049,1.4479811690791764,36.19952922697941,5.988466838482298,-11.555995177194452,Japan,,-37.004340349286906,-3.1932656021601313,35.975414877056245,-17.60460837855374,-0.095,1.4939811690791764,,,,
2019-06-01,-36.04554571832569,-11.930398747661522,-31.222516324192856,,22.66746839748902,22.66746839748902,-100.0,-100.0,,24.6625416115705,24.6625416115705,0.7049846480121635,1.1741436386849124,-0.062,1.2361436386849125,30.903590967122813,-9.473251537737006,-26.090264567068214,Japan,,-37.17470016620344,-12.732143087735276,-1.500201407869839,-25.71288608283636,-0.165,1.3391436386849125,,,,
2019-07-01,-46.3860298158259,-34.740160281679316,-44.05685590899659,,1.175930083229722,1.175930083229722,14.523444711680591,14.523444711680591,,2.522279866207141,2.522279866207141,0.604895804247052,1.099010373037245,-0.071,1.1700103730372449,29.250259325931122,-0.5022533301957495,-17.015717529659177,Japan,,-54.72753267818937,-29.546040627125556,10.819084367129806,-38.60016710862554,-0.16,1.2590103730372448,,,,
2019-08-01,-55.96067595953797,-35.813909643871774,-51.93132269640473,,-16.89766480494619,-16.89766480494619,53.43883723429105,53.43883723429105,,-16.39799703334755,-16.39799703334755,0.604895804247052,1.1723437063705782,-0.045,1.217343706370578,30.433592659264452,-3.250008932306498,-21.628750412823614,Japan,,-91.35831169502066,-65.42554178401356,17.024950017830328,-68.61762996034123,-0.28,1.4523437063705782,,,,
2019-09-01,-64.49096406588485,-37.138090014811176,-59.02038925567012,,-33.25937200000348,-33.25937200000348,57.210061885592125,57.21006188559212,,-32.805233884978776,-32.805233884978776,0.20038679769891488,0.5439135298817064,-0.059,0.6029135298817063,15.072838247042657,-4.958171753046672,-16.297516340121366,Japan,,-47.80946465152166,-41.96234808340426,9.586942697673242,-37.73822440711307,-0.215,0.7589135298817064,,,,
2019-10-01,-71.7736588747358,6.686781420778572,-56.08157081563292,,-25.73678783213597,-25.73678783213597,-82.59277115019776,-82.59277115019776,,-27.894282218387378,-27.894282218387378,0.20018622431674515,0.32361266980845116,-0.021,0.3446126698084512,8.61531674521128,-21.09599666567904,-29.614062386268884,Japan,,-34.29607197369568,-18.279144180545874,61.86236236286027,-15.868074874924835,-0.15,0.4736126698084512,,,,
2019-11-01,-82.08075238153181,5.8272993867573755,-64.49914202787397,,-21.095891753547118,-21.095891753547118,-79.80551349963501,-79.80551349963501,,-20.678434596243093,-20.678434596243093,0.19958690607946306,0.302713692452528,-0.043,0.345713692452528,8.6428423113132,-11.381259940517506,-16.945859379655356,Japan,,39.94214735235332,41.04147483320276,36.73241979132804,39.73552008841189,-0.08,0.382713692452528,,,,
2019-12-01,-93.73728519200233,4.944586716661534,-74.00091081026956,,17.32668852218257,17.32668852218257,18.112075994769064,18.112075994769064,,17.04734751225279,17.04734751225279,0.49996513013335075,0.9316143618666932,-0.038,0.9696143618666933,24.240359046667333,11.884376687927524,-2.361600987379547,Japan,,30.956409463969564,63.78517312171258,51.823214786498475,42.293621176784654,-0.025,0.9566143618666932,,,,
2020-01-01,-100.0,-100.0,-100.0,,39.37058428756499,39.37058428756499,26.87546213235985,26.875462132359846,,40.555403237768,40.555403237768,0.8023510936270073,1.2668599737738444,-0.032,1.2988599737738444,32.471499344346114,10.997388610233855,-13.667423593797585,Japan,,5.496088531896682,37.34602181974146,13.464833683501542,14.653883626598605,-0.065,1.3318599737738444,,,,
2020-02-01,-100.0,-100.0,-100.0,,40.79640250256748,40.79640250256748,-2.926561774957376,-2.926561774957376,,39.27524011399024,39.27524011399024,0.8023510936270073,1.1468599737738443,-0.016,1.1628599737738443,29.07149934434611,-3.619001273664237,-32.38731151140748,Japan,,-73.08933710068226,-11.646720267516336,35.627209952060426,-41.42120083447938,-0.155,1.3018599737738443,,,,
2020-03-01,-100.0,-100.0,-100.0,,8.08244585199596,8.08244585199596,-73.31515872208007,-73.31515872208007,,9.338400399101001,9.338400399101001,0.601763320220261,0.8259783136637249,-0.047,0.8729783136637249,21.824457841593123,-13.182094476490967,-33.448602099427795,Japan,,-4.291301411165986,24.490276930425388,-23.99231148165549,-0.051058336341568644,0.005,0.8209783136637249,,,,
2020-04-01,-100.0,-31.34053751438221,-86.26810750287643,,-3.2787138431480454,-3.2787138431480454,-59.287832319103494,-59.287832319103494,,-3.2687849689712243,-3.2687849689712243,0.601763320220261,0.6109783136637246,-0.036,0.6469783136637246,16.174457841593114,-12.814312336065626,-28.414558086426453,Japan,,-10.602722977962843,11.944535598864602,28.27525955816485,0.8657890466631728,-0.04,0.6509783136637246,,,,
2020-05-01,-100.0,-28.841907244738472,-85.7683814489477,,-40.18646121486999,-40.18646121486999,-85.88896024367013,-85.88896024367013,,-37.73057402909403,-37.73057402909403,0.19998605205333586,-0.10335425525332909,-0.047,-0.056354255253329086,-1.408856381333227,-20.23391794543766,-24.461824020053605,Japan,,48.36185686951961,53.537249938921626,-15.366077250499998,40.09651501886717,0.0,-0.10335425525332909,,,,
2020-06-01,-100.0,-26.677636692971802,-85.33552733859436,,-37.30524571775825,-37.30524571775825,-98.07508742759354,-98.07508742759354,,-36.271673258227146,-36.271673258227146,0.09999302602667903,-0.3633437942933142,-0.048,-0.3153437942933142,-7.883594857332856,-26.401273196838304,-30.82706728938886,Japan,,10.489326015296376,40.81376465378514,40.48193936080661,22.5693276767451,0.03,-0.39334379429331423,,,,
2020-07-01,-78.61020905398786,-100.0,-82.88816724319028,,-36.035324428715434,-36.035324428715434,-100.0,-100.0,,-36.53813039758542,-36.53813039758542,0.10019339884945744,-0.3730432350591468,-0.028,-0.3450432350591468,-8.626080876478671,-26.33177996718037,-30.286278579100028,Japan,,7.340784443995211,48.66060296267939,40.73779475279044,22.68029061998554,0.01,-0.38304323505914684,,,,
2020-08-01,-9.199132681222109,-100.0,-27.359306144977683,,-5.039167529733706,-5.039167529733706,-100.0,-100.0,,-5.881213064562811,-5.881213064562811,0.20038679769891488,-0.42941980345162767,-0.035,-0.39441980345162764,-9.86049508629069,-16.416491966987763,-15.588776780253491,Japan,,4.3137834923398595,64.74792631394347,29.533521063469294,23.205279833410177,0.045,-0.47441980345162765,,,,
2020-09-01,29.00317395658003,-100.0,3.202539165264023,,-11.74794262294712,-11.74794262294712,-94.36959653537642,-94.36959653537642,,-10.506623331618266,-10.506623331618266,0.09999302602667903,-0.5866771276266478,-0.054,-0.5326771276266478,-13.316928190666195,-16.589511342381165,-11.04257388039102,Japan,,4.940151124029968,32.81424891253612,2.2212981743878464,11.500847628710188,0.015,-0.6016771276266478,,,,
2020-10-01,39.25852090196847,20.568578913431224,35.52053250426102,,-40.09163782602107,-40.09163782602107,-54.946232662940496,-54.94623266294049,,-41.04177860180669,-41.04177860180669,-0.19978627970669294,-1.0430127528933726,-0.02,-1.0230127528933726,-25.575318822334314,-15.81323743840148,0.11760369003224962,Japan,,8.70002037445698,21.800211326432304,-19.000650489461634,7.819967482863019,0.04,-1.0830127528933726,,,,
2020-11-01,17.580515560455066,20.253492184576533,18.11511088527936,,-84.82644958848107,-84.82644958848107,-54.065363257015385,-54.06536325701538,,-84.76682867010086,-84.76682867010086,-0.5975680506543624,-1.8413520759815434,-0.032,-1.8093520759815434,-45.233801899538584,-31.44796864914589,-9.396918963309567,Japan,,1.6198607991668306,-21.080476432886876,16.049447635952554,-1.8907854833287376,0.03,-1.8713520759815434,,,,
2020-12-01,5.076232629362042,20.105959117096685,8.08217792690897,,-100.0,-100.0,-53.45420658449801,-53.454206584498,,-100.0,-100.0,-0.9950535643950542,-2.2425803465925815,-0.026,-2.2165803465925817,-55.41450866481454,-37.22380399113351,-12.370182589927293,Japan,,0.2203895534573952,-14.26998843807305,24.254473861630306,0.20290770180072037,0.02,-2.2625803465925816,,,,
2021-01-01,8.770540334411628,27.835755723245164,12.583583412178335,,-100.0,-100.0,-86.74534099068629,-86.74534099068629,,-100.0,-100.0,-1.1940447300082924,-2.744400428345772,-0.017,-2.727400428345772,-68.1850107086443,-42.65174765973075,-12.984532122827723,Japan,,11.799845686185222,9.39219724219051,37.21655645274702,15.010440190170815,0.055,-2.799400428345772,,,,
2021-02-01,20.445364142638407,26.41257873791263,21.638807061693253,,-38.64634087851029,-38.64634087851029,-40.265991968994754,-40.265991968994754,,-40.093608061696486,-40.093608061696486,-0.6964690796463224,-1.9013702861361506,-0.016,-1.8853702861361505,-47.134257153403766,-13.360442287957843,9.531750386106175,Japan,,59.3212603263803,72.76739695100412,1.5951261537829269,54.02387435664665,0.15,-2.0513702861361507,,,,
2021-03-01,26.982189067184407,25.183282958676635,26.622407845482854,,-2.4344829993889205,-2.4344829993889205,-23.93292570554126,-23.93292570554126,,-3.3186907815510205,-3.3186907815510205,-0.498469824947978,-1.5093714040886341,-0.017,-1.4923714040886342,-37.30928510221585,-4.668826242498495,11.66128647689654,Japan,,47.80495351289204,33.02548133685288,34.04816041860807,42.04656650473965,0.12,-1.629371404088634,,,,
2021-04-01,31.196540387958848,0.17913394265158533,24.99305909889739,,11.247785955373567,11.247785955373567,58.43916427212164,58.43916427212164,,10.068717390830711,10.068717390830711,-0.39877585995837794,-1.0698304566042331,-0.012,-1.0578304566042331,-26.445761415105828,7.996652676154178,18.358345394001958,Japan,,19.579734018633125,19.5839315488823,21.132685208163583,19.813726079624985,0.09,-1.1598304566042332,,,,
2021-05-01,32.488013059185796,0.39255620328067925,26.068921688004774,,-72.09908792859963,-72.09908792859963,18.71838984567772,18.71838984567772,,-72.08123282136782,-72.08123282136782,-1.0978260123692962,-2.3250723518872776,-0.017,-2.3080723518872777,-57.70180879718194,-23.736595112123744,0.45169813244295415,Japan,,-14.665043220907911,-31.03613048139865,46.054041358558145,-9.649952349110688,0.08,-2.4050723518872776,,,,
2021-06-01,30.55778460202524,0.5978831863703266,24.565804318894255,,-54.36785046205211,-54.36785046205211,8.431792220928463,8.431792220928463,,-53.68704818927759,-53.68704818927759,-0.6993501058298102,-1.830691825411382,-0.029,-1.801691825411382,-45.04229563528455,-19.818730139577507,-1.1400596670229983,Japan,,-16.181609203080686,-15.343311861724043,-1.3869611181186041,-13.752837654997212,0.05,-1.880691825411382,,,,
2021-07-01,25.785481085599216,100.0,40.62838486847937,,-37.482842113095295,-37.482842113095295,-27.86534493695228,-27.86534493695228,,-36.334793546474856,-36.334793546474856,-0.4004707719263312,-1.2873728245561633,-0.036,-1.2513728245561633,-31.284320613904082,-17.977847053105553,-2.7990469934308138,Japan,,-18.23567801628751,-19.880095635750745,-32.18747876877289,-20.739552534026124,0.015,-1.3023728245561632,,,,
2021-08-01,19.540814578770853,100.0,35.63265166301668,,-5.455782425030523,-5.455782425030523,26.761942019423895,26.761942019423895,,-4.751728901565492,-4.751728901565492,-0.5000633551098144,-1.3417616993313883,-0.034,-1.3077616993313883,-32.694042483284704,-5.172310702243069,7.074945946774417,Japan,,-7.387497895365819,-11.143519600922469,-29.55766540545377,-11.652028448268172,0.02,-1.3617616993313884,,,,
2021-09-01,14.033887242112197,100.0,31.22710979368976,,-30.749646975001134,-30.749646975001134,28.428600538032157,28.428600538032157,,-31.40957779268976,-31.40957779268976,-0.5994569659764748,-1.497518782298045,-0.022,-1.475518782298045,-36.88796955745112,-4.972187144045937,12.995513010924018,Japan,,15.220609125347872,12.815105661649461,35.62985554021854,17.680620221653868,0.065,-1.5625187822980449,,,,
2021-10-01,11.106756510629765,-34.33104591287149,2.019196025929515,,-29.016078200612693,-29.016078200612693,30.38308059540124,30.383080595401243,,-29.78917230365834,-29.78917230365834,-0.4004707719263312,-1.2023728245561633,-0.027,-1.1753728245561634,-29.384320613904087,-3.049499018709689,9.973519901756084,Japan,,42.30731938674852,18.034723952803716,2.9332172080604786,30.33305520145911,0.095,-1.2973728245561633,,,,
2021-11-01,11.541909740151791,-33.07637188727493,2.618253414666446,,-22.99892129940957,-22.99892129940957,39.216998978334445,39.216998978334445,,-22.75317918788132,-22.75317918788132,-0.30067861835467724,-0.9576845941986822,-0.039,-0.9186845941986822,-22.967114854967054,-1.81027564190253,7.749834114138833,Japan,,22.048940528228783,9.93840567129046,-7.555456182014317,14.580647307457738,0.05,-1.0076845941986823,,,,
2021-12-01,14.869751100535517,-30.0904145714273,5.877717966142953,,11.263287631772325,11.263287631772325,-13.674837569710025,-13.674837569710023,,10.951376496596867,10.951376496596867,0.0,-0.71,-0.026,-0.6839999999999999,-17.099999999999998,-4.312934935470579,-0.48219827647073366,Japan,,12.657557585711638,1.184799420973783,-32.95964309462548,2.9467879424766066,0.07,-0.78,,,,
2022-01-01,18.37409014559809,25.873199126960124,19.873911941870496,,21.04274425472467,21.04274425472467,28.03803264152192,28.03803264152192,,19.969859064691004,19.969859064691004,0.20139592301848808,-0.3129061154722681,-0.02,-0.2929061154722681,-7.3226528868067025,12.938834629691513,18.275422188374236,Japan,,51.16174785892939,20.692635321356864,-6.660087902350606,34.87119436034426,0.17,-0.48290611547226814,,,,
2022-02-01,19.84170279860042,25.35713867784931,20.9447899744502,,-24.5911165214698,-24.5911165214698,-6.094740044636962,-6.094740044636962,,-26.015186706911592,-26.015186706911592,-0.30067861835467724,-1.0693512608653495,-0.018,-1.0513512608653495,-26.28378152163374,-3.0332523295223996,12.158539252199695,Japan,,66.22835842292058,-0.2234858959683955,-3.6261310679455745,39.13722391956841,0.18,-1.2493512608653494,,,,
2022-03-01,17.982270895763744,24.853036107008915,19.356423938012778,,-40.66065756535217,-40.66065756535217,17.94769493409657,17.94769493409657,,-42.25286160243685,-42.25286160243685,-0.30067861835467724,-1.0726845941986825,-0.008,-1.0646845941986824,-26.61711485496706,0.24100939687460077,18.287456278396046,Japan,,75.1840018914646,18.248248909325525,21.69138046729364,52.92617043230419,0.21,-1.2826845941986824,,,,
2022-04-01,14.543602936588462,-4.229801619478563,10.788922025375056,,-55.58742314522913,-55.58742314522913,-21.95556991077252,-21.95556991077252,,-56.334739291591326,-56.334739291591326,-0.4004707719263312,-1.025706157889497,-0.012,-1.013706157889497,-25.342653947237427,-11.862430889214775,4.2763798404178965,Japan,,46.1550218790844,16.149791420002412,-5.394106363505494,30.92134502792542,0.215,-1.2407061578894971,,,,
2022-05-01,11.22277193362311,-4.131809738775425,8.151855599143401,,33.92902600365378,33.92902600365378,20.747932785392873,20.747932785392873,,33.12281018241736,33.12281018241736,0.40360468942659544,0.175407034139893,-0.018,0.193407034139893,4.835175853497325,17.16301052711217,17.09383259730111,Japan,,52.21501872707373,42.8217439601572,-8.027606453325165,40.830306258284764,0.235,-0.05959296586010698,,,,
2022-06-01,9.000777190163136,-4.034887402301322,6.393644271670245,,13.314188412856925,13.314188412856925,20.537972114303763,20.537972114303763,,14.662147978030108,14.662147978030108,0.10059666272053125,-0.3857716725858693,-0.038,-0.34777167258586933,-8.694291814646734,8.467321599001668,12.748096909265335,Japan,,48.84330536878853,39.0970204031425,-41.13182917067956,32.91046394645681,0.225,-0.6107716725858693,,,,
2022-07-01,7.633732780294819,13.757201237739691,8.858426471783794,,12.580402975319505,12.580402975319505,22.97876159233689,22.97876159233689,,11.728863745672632,11.728863745672632,0.0,-0.5383333333333336,-0.012,-0.5263333333333335,-13.158333333333339,6.511734512932067,11.76652500583676,Japan,,15.760806245115095,32.32479539452483,54.175790232382795,25.66405113055768,0.18,-0.7183333333333335,,,,
2022-08-01,6.526354666728948,13.707775488207504,7.962638831024659,,-32.281284569838164,-32.281284569838164,2.05464446192822,2.05464446192822,,-32.810971080954154,-32.810971080954154,0.0,-0.44333333333333336,-0.018,-0.42533333333333334,-10.633333333333333,-1.1217216041741587,8.698593463793944,Japan,,29.678957417436706,32.37530934869585,34.06257390709433,31.010587873700135,0.22,-0.6633333333333333,,,,
2022-09-01,5.401148826905935,13.658557607143937,7.052630582953536,,-16.59716831204154,-16.59716831204154,0.6019602197061873,0.6019602197061873,,-15.89551390969312,-15.89551390969312,0.0,-0.4466666666666672,-0.049,-0.3976666666666672,-9.94166666666668,0.28190132070315466,7.729701451102351,Japan,,52.08358624594711,21.386856523851712,-60.65262773937455,27.498971717625007,0.24,-0.6866666666666672,,,,
2022-10-01,3.696754155164243,6.6379084821884815,4.284985020569091,,-11.898294708765848,-11.898294708765848,-5.928488518041652,-5.928488518041652,,-9.853130808249821,-9.853130808249821,0.0,-0.5499999999999998,-0.05,-0.49999999999999983,-12.499999999999996,0.5251620908119299,8.391404376265687,Japan,,78.97026347880387,15.94168517881431,-96.19720393928331,36.937998791093406,0.245,-0.7949999999999998,,,,
2022-11-01,2.391592049593853,6.846215773117967,3.282516794298676,,-3.2625082238395353,-3.2625082238395353,-1.1690261701714062,-1.1690261701714062,,-0.20681804051627395,-0.20681804051627395,0.0,-0.45333333333333314,-0.067,-0.38633333333333314,-9.658333333333328,2.906279804619583,8.897530657894976,Japan,,72.30266157568124,26.203474166298886,-93.13343965751338,35.96244953835646,0.25,-0.7033333333333331,,,,
2022-12-01,1.4834420822795058,7.055124254442541,2.5977785167121126,,-6.334649853244667,-6.334649853244667,25.724325413667486,25.724325413667486,,-4.401498209979418,-4.401498209979418,0.0,-0.4550000000000005,-0.07,-0.3850000000000005,-9.625000000000012,12.054359648661219,21.251696285493782,Japan,,100.0,79.09170187151635,-71.25344822487688,69.08490823414756,0.41,-0.8650000000000004,,,,
2023-01-01,1.8878539992882608,-0.7197258880422351,1.3663380218221617,,-6.797758906124465,-6.797758906124465,20.04838663187864,20.04838663187864,,-9.04553944221357,-9.04553944221357,0.0,-0.456666666666667,-0.02,-0.436666666666667,-10.916666666666675,13.536513237476758,24.399401680797588,Japan,,100.0,74.32665278544268,34.431396826304606,83.74637272030635,0.49,-0.946666666666667,,,,
2023-02-01,2.7578507800250405,-0.45523984868262557,2.115232654283507,,-5.281305356991751,-5.281305356991751,34.15368284039301,34.15368284039301,,-8.442210327988949,-8.442210327988949,0.0,-0.3566666666666669,-0.019,-0.3376666666666669,-8.441666666666672,16.075043590128484,26.121108243874893,Japan,,100.0,62.10309930423696,34.477614141804644,80.69741694732993,0.5,-0.8566666666666669,,,,
2023-03-01,4.081412451494966,-0.18934889018537365,3.2272601831588976,,-3.826594207791492,-3.826594207791492,1.8321996174642585,1.8321996174642585,,-6.984681819120035,-6.984681819120035,0.0,-0.45666666666666655,-0.017,-0.43966666666666654,-10.991666666666664,-5.773714205325518,-3.5122625219862575,Japan,,-15.10653122677848,-40.294641739851315,22.55805486574651,-15.75387094116794,0.32,-0.7766666666666666,,,,
2023-04-01,5.165407871402379,23.377366399646508,8.807799577051204,,-3.1197390211171947,-3.1197390211171947,-45.03041341081968,-45.03041341081968,,-3.8042214010834727,-3.8042214010834727,0.0,-0.6533333333333333,-0.015,-0.6383333333333333,-15.958333333333332,-11.582570695485694,-6.847791730956516,Japan,,1.690544617738493,-16.370499639373158,-18.593520108286235,-5.867326155443129,0.385,-1.0383333333333333,,,,
2023-05-01,5.60341382573213,23.00979707975419,9.084690476536542,,-3.3794351537056517,-3.3794351537056517,-26.403434476216848,-26.403434476216848,,-0.7549245623505946,-0.7549245623505946,0.0,-0.45166666666666666,-0.051,-0.40066666666666667,-10.016666666666667,-5.687833487694509,-1.5605126584279714,Japan,,30.187704347612755,-5.47547035784907,-84.32630958058223,4.094808582018048,0.43,-0.8816666666666666,,,,
2023-06-01,5.85140121676101,22.64420496067906,9.20996196554462,,-3.5698524675746723,-3.5698524675746723,2.995340625168144,2.995340625168144,,0.5023473327905931,0.5023473327905931,0.0,-0.44499999999999984,-0.066,-0.37899999999999984,-9.474999999999996,6.765253831772132,14.866833087051573,Japan,,86.2659371751796,38.31348919400863,-65.82647947730685,51.463962682013886,0.395,-0.8399999999999999,,,,
2023-07-01,5.754555884233806,-1.9028477780607325,4.223075151774898,,-3.3943513122906652,-3.3943513122906652,38.58760210627115,38.58760210627115,,-1.547968110013841,-1.547968110013841,0.0,-0.44333333333333336,-0.046,-0.39733333333333337,-9.933333333333334,15.152586380903184,24.75803507972965,Japan,,100.0,98.19067611372357,-72.5518810288182,73.66488687410816,0.595,-1.0383333333333333,,,,
2023-08-01,5.829829281767659,-1.6140246030907226,4.341058504795983,,-2.4043283966338076,-2.4043283966338076,-5.941833464996637,-5.941833464996637,,-0.9847147945544265,-0.9847147945544265,0.0,-0.5416666666666665,-0.064,-0.4776666666666665,-11.941666666666663,8.517146816112287,18.43521345863152,Japan,,100.0,90.61412944200029,-59.150357226856585,73.78097877647158,0.64,-1.1816666666666666,,,,
2023-09-01,5.8446440079686095,-1.3260073191443755,4.410513742546012,,-0.8940851696997425,-0.8940851696997425,-4.16065257633203,-4.16065257633203,,-1.2142792884789273,-1.2142792884789273,0.0,-0.43999999999999995,-0.054,-0.38599999999999995,-9.649999999999999,12.265946324352276,22.81324758626816,Japan,,100.0,100.0,19.35588866723238,87.90338330008485,0.765,-1.205,,,,
2023-10-01,5.431835547710269,-5.077372512547168,3.329993935658781,,0.33759603897570223,0.33759603897570223,2.0265324714686463,2.0265324714686463,,-2.0022971756250674,-2.0022971756250674,0.0,-0.43500000000000005,-0.02,-0.41500000000000004,-10.375,15.124709207297876,26.672285238244992,Japan,,100.0,100.0,95.91578390740732,99.3873675861111,0.95,-1.385,,,,
2023-11-01,4.356076612226059,-5.194041408701275,2.446053008040592,,1.8165023014737312,1.8165023014737312,12.432496023508971,12.432496023508971,,-1.596468520900803,-1.596468520900803,0.0,-0.4316666666666671,-0.015,-0.4166666666666671,-10.416666666666677,5.784322685404678,11.740334592843624,Japan,,26.18553102565171,23.868311744073033,100.0,36.678396551409286,0.66,-1.0916666666666672,,,,
2023-12-01,2.848250098621775,-5.311050032211153,1.2163900724551893,,2.2097239971289007,2.2097239971289007,4.981218133898739,4.981218133898739,,-0.7127471361746051,-0.7127471361746051,0.0,-0.4316666666666671,-0.012,-0.4196666666666671,-10.491666666666678,-2.793359369618637,-0.7228978044761282,Japan,,-13.47676120373596,-49.32892099631424,98.60247676493258,-5.627915456580251,0.62,-1.0516666666666672,,,,
2024-01-01,2.0532251952629177,1.0575792972134568,1.8540960156530255,,1.8209691461539346,1.8209691461539346,9.332543495854782,9.332543495854782,,0.8610867744923667,0.8610867744923667,0.0,-0.331666666666667,-0.014,-0.317666666666667,-7.941666666666674,-5.008071663782017,-5.206722230270483,Japan,,-9.443905964621575,-57.807284202500895,-35.36215128298793,-25.422487321846358,0.73,-1.061666666666667,,,,
2024-02-01,3.423365507052366,1.0616082292971916,2.9510140515013306,,0.9824986684183664,0.9824986684183664,-0.9091888330888309,-0.9091888330888309,,-0.22036578349691055,-0.22036578349691055,0.0,-0.331666666666667,-0.006,-0.325666666666667,-8.141666666666675,1.650422789223947,5.739111732076626,Japan,,52.012345092668824,-14.421880916352215,-43.494724548712796,21.07772814420632,0.71,-1.041666666666667,,,,
2024-03-01,7.220867771778893,1.0656609104925159,5.989826399521617,,0.6898068052606979,0.6898068052606979,-12.821527230253393,-12.821527230253393,,-3.355185908217561,-3.355185908217561,0.0,-0.5266666666666664,0.022,-0.5486666666666664,-13.71666666666666,4.96008771114752,13.980616517971457,Japan,,62.040587128422395,71.64016525569492,8.111559250752071,56.35112747858998,0.725,-1.2516666666666665,,,,
2024-04-01,10.823795065861976,-13.649560615014844,5.929123929686612,,1.5251209214712218,1.5251209214712218,24.15204399906394,24.15204399906394,,-8.78719541061044,-8.78719541061044,0.0,-0.42666666666666675,0.077,-0.5036666666666667,-12.591666666666669,14.528126084683834,25.348638884363385,Japan,,65.07198302870077,89.34501992988613,100.0,76.379444799692,0.87,-1.2966666666666669,,,,
2024-05-01,12.491833260683247,-13.369646918103797,7.319537224925838,,3.3813370614647362,3.3813370614647362,1.977807444963891,1.977807444963891,,-6.706619192422139,-6.706619192422139,0.0,-0.42500000000000027,0.077,-0.5020000000000002,-12.550000000000006,15.959988577289302,28.736090589253447,Japan,,100.0,100.0,100.0,100.0,1.07,-1.4950000000000003,,,,
2024-06-01,10.722758127758098,-13.090502313407573,5.960106039524963,,4.8030079888779875,4.8030079888779875,11.541983931582408,11.541983931582408,,-3.4822424265232956,-3.4822424265232956,0.0,-0.42166666666666686,0.077,-0.49866666666666687,-12.466666666666672,15.579788799781195,27.085810628480235,Japan,,93.73140212086723,76.77517817137081,100.0,90.43263581536304,1.05,-1.471666666666667,,,,
2024-07-01,6.641623478435038,-7.416800593525015,3.829938664043027,,5.537134665171531,5.537134665171531,-16.681040311081297,-16.681040311081297,,0.9049728777554402,0.9049728777554402,0.0,-0.41666666666666696,0.078,-0.494666666666667,-12.366666666666674,5.901105332875559,14.087000720126134,Japan,,74.05922384919988,16.305332633964714,74.48687358313678,59.68489850548163,1.045,-1.461666666666667,,,,
2024-08-01,1.09747098551915,-7.321266794478874,-0.5862765704804547,,5.8246513805121465,5.8246513805121465,2.9589787328032306,2.9589787328032306,,-16.01968875279448,-16.01968875279448,0.0,-0.5083333333333333,0.227,-0.7353333333333333,-18.383333333333333,-7.257254836872965,-4.624552911327456,Japan,,-44.908991828280556,-53.69288411882689,100.0,-25.368616126675057,0.89,-1.3983333333333334,,,,
2024-09-01,-4.124436461190106,-7.226197430646604,-4.744788655081405,,5.477874963342923,5.477874963342923,17.18558374588643,17.18558374588643,,-16.532854095666362,-16.532854095666362,0.0,-0.3033333333333337,0.227,-0.5303333333333337,-13.258333333333342,-5.421900820120023,-5.091208320623629,Japan,,-44.5859689858587,-82.36129191415016,100.0,-32.34190437005276,0.855,-1.1583333333333337,,,,
2024-10-01,-7.320147833347187,20.90768542661919,-1.674581181353912,,5.316219441204066,5.316219441204066,24.44103519628457,24.44103519628457,,-17.246509420831504,-17.246509420831504,0.0,-0.3016666666666672,0.227,-0.5286666666666672,-13.21666666666668,-1.1118165255783556,1.1540540765241585,Japan,,-19.159757621409305,-76.10554562009403,100.0,-15.522240977869089,0.935,-1.2366666666666672,,,,
2024-11-01,-8.658367754626896,20.648672487959125,-2.7969597061096922,,5.258564280805466,5.258564280805466,18.162269680839334,18.162269680839334,,-6.574965653621108,-6.574965653621108,0.0,-0.30000000000000027,0.227,-0.5270000000000002,-13.175000000000006,10.341588882806658,18.318029681480358,Japan,,72.39688191976322,52.20838487576091,22.655861410223523,59.88860458233169,1.05,-1.3500000000000003,,,,
2024-12-01,-8.880251418423954,20.39160050777117,-3.02588103318493,,6.317169346576239,6.317169346576239,6.997810709102863,6.997810709102863,,-5.561357039379679,-5.561357039379679,0.0,-0.29499999999999993,0.227,-0.5219999999999999,-13.049999999999997,11.834206795104421,21.03424349578464,Japan,,84.08949814484255,90.40694903719944,22.3477685025108,76.407601421582,1.09,-1.385,,,,
2025-01-01,-9.452202210319701,0.8400437727285395,-7.393753013710053,,8.226889665487894,8.226889665487894,-8.437201424436505,-8.437201424436505,,-12.20114477888536,-12.20114477888536,0.0,-0.29166666666666696,0.293,-0.5846666666666669,-14.616666666666672,11.711781084622547,21.93963071474658,Japan,,85.43538994971632,100.0,81.02439777099303,88.41489363547875,1.245,-1.536666666666667,,,,
2025-02-01,-10.636477101424715,0.17746833973697335,-8.473688013192378,,10.337114784038242,10.337114784038242,-7.858374081823408,-7.858374081823407,,-36.883983827325984,-36.883983827325984,0.0,-0.29000000000000004,0.478,-0.768,-19.2,6.982976523597703,16.715653396232483,Japan,,37.43157140804869,78.28338665216492,100.0,57.02978950787045,1.37,-1.6600000000000001,,,,
2025-03-01,-12.770976901767986,-0.49098585499277175,-10.314978692412941,,11.43524946944611,11.43524946944611,27.202589317153077,27.202589317153077,,-35.99903557977993,-35.99903557977993,0.0,-0.28833333333333355,0.477,-0.7653333333333335,-19.13333333333334,13.536297701217773,23.776673541524374,Japan,,51.95930575601791,81.11876516501826,100.0,66.4552747448653,1.485,-1.7733333333333337,,,,
2025-04-01,-15.770083103956855,12.239142235948645,-10.168238035975754,,12.267173815448436,12.267173815448436,22.058817584284135,22.058817584284135,,-30.854425245196477,-30.854425245196477,0.0,-0.2899999999999996,0.477,-0.7669999999999996,-19.17499999999999,3.394679034274689,8.772834195527672,Japan,,0.159348694999481,1.0371627343470025,88.70803105683083,13.661104559111063,1.31,-1.5999999999999996,,,,
2025-05-01,-18.539395415209242,11.872866565341752,-12.456943019099043,,11.86431707907986,11.86431707907986,21.104238041715835,21.104238041715835,,-16.71652016789933,-16.71652016789933,0.0,-0.29333333333333345,0.477,-0.7703333333333334,-19.258333333333336,5.234465874558041,11.158348133117007,Japan,,55.35540324184469,-7.731823117389455,8.748132889737098,32.59250609922002,1.5,-1.7933333333333334,,,,
2025-06-01,-19.472956096866422,11.507159962843442,-13.276932884924449,,11.498728010145252,11.498728010145252,-4.689188230281206,-4.689188230281206,,-16.574413226769902,-16.574413226769902,0.0,-0.29833333333333334,0.477,-0.7753333333333333,-19.383333333333333,-3.3688310001835906,0.06968724464128576,Japan,,17.335221400287367,-29.454646625961335,14.866058659965104,5.267379982676851,1.42,-1.7183333333333333,,,,
2025-07-01,-16.40597206292963,8.080627252160848,-11.508652199911536,,11.214350304617543,11.214350304617543,20.55840219085123,20.55840219085123,,-17.611325647778138,-17.611325647778138,0.0,-0.20500000000000007,0.478,-0.683,-17.075000000000003,10.904288288610436,19.02800921476093,Japan,,76.5309206001345,37.14196525765598,42.228817544047736,61.53836630610185,1.545,-1.75,,,,
2025-08-01,-8.961608921352196,6.4552990153088246,-5.878227334019992,,11.758259967220582,11.758259967220582,37.292202369723285,37.292202369723285,,-19.86016646688614,-19.86016646688614,0.0,-0.2150000000000003,0.477,-0.6920000000000003,-17.300000000000008,11.817667350488492,19.82680465551504,Japan,,49.798343700648765,84.401855321456,-14.357356795460523,48.82586653143418,1.6,-1.8150000000000004,,,,
2025-09-01,1.9945025119262592,4.722853709022043,2.5401727513454158,,12.084014817843203,12.084014817843203,-13.044621595624307,-13.044621595624307,,-18.978487311757924,-18.978487311757924,0.0,-0.3233333333333337,0.477,-0.8003333333333337,-20.008333333333344,8.149278759589045,19.41890664336706,Japan,,75.09422095156259,100.0,-15.798963024724333,67.6866881172289,1.645,-1.9683333333333337,,,,
2025-10-01,15.907621218493409,-18.657695486213488,8.994557877552028,,11.633251125133519,11.633251125133519,-48.86386584737283,-48.86386584737283,,-18.56178172978614,-18.56178172978614,0.0,-0.4299999999999997,0.477,-0.9069999999999997,-22.674999999999994,-1.791885004342701,8.62446355016564,Japan,,46.30523547792061,64.68045677375963,-20.07617254286422,40.94182959876264,1.655,-2.085,,,,
2025-11-01,18.968007261987953,-19.44606602254484,11.285192605081393,,10.138078109024379,10.138078109024379,-62.2097625448895,-62.20976254488949,,-19.786874951570354,-19.786874951570354,0.0,-0.4400000000000004,0.478,-0.9180000000000004,-22.95000000000001,-0.4481893330201814,12.087249895823087,Japan,,71.28578110583706,44.523705784514505,38.63753927772802,59.69802600129006,1.805,-2.245,,,,
2025-12-01,16.874979764423664,-20.49693507473985,9.40059679659096,,8.086521292945301,8.086521292945301,-24.78166586636699,-24.78166586636699,,-34.409903571714636,-34.409903571714636,0.0,-0.4466666666666672,0.557,-1.0036666666666672,-25.09166666666668,8.645540162010498,24.452905877113878,Japan,,91.07157287875323,70.50420100625053,72.43710673633308,83.13455998926453,2.06,-2.5066666666666673,,,,
2026-01-01,13.21814568839341,-9.539040082527174,8.666708534209294,,6.160737215360412,6.160737215360412,-13.432758171408087,-13.432758171408086,,-66.4433012606058,-66.4433012606058,0.0,-0.456666666666667,0.728,-1.184666666666667,-29.616666666666674,11.807226299063139,31.08374319488472,Japan,,91.03211955032042,80.79199064494996,100.0,89.81726939142973,2.24,-2.696666666666667,,,,
2026-02-01,12.565186269969214,-9.486694258413236,8.154810164292723,,5.564980725203879,5.564980725203879,-61.15255579260654,-61.15255579260654,,-65.5679184335373,-65.5679184335373,0.0,-0.6616666666666662,0.728,-1.3896666666666662,-34.74166666666665,-6.22012591420143,9.347208095460417,Japan,,40.13491832881936,33.405305207474626,18.035354648353245,35.137580496413264,2.11,-2.771666666666666,,,,
2026-03-01,16.212497149073887,-9.421364344754677,11.085724850308175,,5.846221977638479,5.846221977638479,-51.70504208270914,-51.70504208270914,,-56.00350835820931,-56.00350835820931,0.0,-0.5666666666666664,0.728,-1.2946666666666664,-32.36666666666666,-3.883745835144542,11.302874027399252,Japan,,53.93477803495441,30.898968327675437,-9.97999280885214,38.588609981563685,2.345,-2.9116666666666666,,,,
2026-04-01,21.23132286678381,-11.57799672494039,14.66945894843897,,6.638656794542898,6.638656794542898,-53.66569889825509,-53.66569889825509,,-34.897913440581284,-34.897913440581284,0.0,-0.5666666666666664,0.727,-1.2936666666666663,-32.341666666666654,-0.9643469972025862,15.506262380590154,Japan,,80.37358863528176,81.78708600351143,-43.555277260414385,62.13763309298476,2.515,-3.0816666666666666,,,,
2026-05-01,27.475557490692136,-11.702375627124576,19.639970867128792,,5.411230466673525,5.411230466673525,3.758336346445057,3.758336346445057,,-38.188601356420534,-38.188601356420534,0.0,-0.4716666666666671,0.727,-1.198666666666667,-29.966666666666676,12.600969445950426,31.719427546758418,Japan,,100.0,96.19308432046167,18.46085654965803,86.81739956256412,2.65,-3.121666666666667,,,,
2026-06-01,34.093204153117746,-11.828615525441156,24.908840217405967,,4.001886091444478,4.001886091444478,15.459701323788567,15.459701323788567,,-59.46766147504218,-59.46766147504218,0.0,-0.38000000000000034,0.841,-1.2210000000000003,-30.52500000000001,14.279620782034385,34.81713262758249,Japan,,71.65077660591675,98.60109651710985,69.22180857810496,78.02401137954325,2.67,-3.0500000000000003,,,,
2026-07-01,41.34920231895893,-4.667116030999732,32.145938648967196,,2.8460656939638436,2.8460656939638436,-12.759857209841364,-12.759857209841364,,-83.81019621511508,-83.81019621511508,0.0,-0.3866666666666667,0.978,-1.3646666666666667,-34.11666666666667,6.8902582526299305,28.405329577191726,Japan,,38.34642247758082,55.32692143839345,100.0,51.83958384614686,2.79,-3.1766666666666667,,,,
2026-08-01,42.00741794043518,-2.1491332895064748,33.17610769444685,,2.9309156048039093,2.9309156048039093,20.85042929342998,20.85042929342998,,-80.11461500409762,-80.11461500409762,0.0,-0.19500000000000028,0.977,-1.1720000000000002,-29.300000000000004,13.07421726957959,33.55283034088311,Japan,,35.50155313175348,65.95399895891893,100.0,52.78943161878182,2.94,-3.1350000000000002,,,,
2026-09-01,36.39779004061125,1.0545578715941666,29.329143606807833,,1.9769670053191735,1.9769670053191735,37.71677651116409,37.71677651116409,,-63.20125283645589,-63.20125283645589,0.0,-0.2033333333333336,0.977,-1.1803333333333335,-29.508333333333336,14.043073226828115,33.38395402368234,Japan,,55.89237127042775,47.15924399765502,67.2189622319642,55.40807809646503,2.94,-3.1433333333333335,,,,
2026-10-01,26.41365702309941,11.733484263617852,23.4776224712031,,0.7734928722027408,0.7734928722027408,81.82091970468271,81.82091970468271,,-43.59989787750369,-43.59989787750369,0.0,-0.21166666666666645,0.977,-1.1886666666666663,-29.716666666666658,17.644985115553922,35.12881033050884,Japan,,61.906892016648285,51.65751107441034,25.34247129831088,53.85988367333818,2.94,-3.1516666666666664,,,,
1948-01-01,,,,,,,,,,,,,,,,,,,UK,,,,,,,,,,,
1948-02-01,,,,,,,,,,,,,,,,,,,UK,,,,,,,,,,,
1948-03-01,,,,,,,,,,,,,,,,,,,UK,,,,,,,,,,,
1948-04-01,,,,,,,,,,,,,,,,,,,UK,,,,,,,,,,,
1948-05-01,,,,,,,,,,,,,,,,,,,UK,,,,,,,,,,,
1948-06-01,,,,,,,,,,,,,,,,,,,UK,,,,,,,,,,,
1948-07-01,,,,,,,,,,,,,,,,,,,UK,,,,,,,,,,,
1948-08-01,,,,,,,,,,,,,,,,,,,UK,,,,,,,,,,,
1948-09-01,,,,,,,,,,,,,,,,,,,UK,,,,,,,,,,,
1948-10-01,,,,,,,,,,,,,,,,,,,UK,,,,,,,,,,,
1948-11-01,,,,,,,,,,,,,,,,,,,UK,,,,,,,,,,,
1948-12-01,,,,,,,,,,,,,,,,,,,UK,,,,,,,,,,,
1949-01-01,,,,,,,,,,,,,,,,,,,UK,,,,,,,,,,,
1949-02-01,,,,,,,,,,,,,,,,,,,UK,,,,,,,,,,,
1949-03-01,,,,,,,,,,,,,,,,,,,UK,,,,,,,,,,,
1949-04-01,,,,,,,,,,,,,,,,,,,UK,,,,,,,,,,,
1949-05-01,,,,,,,,,,,,,,,,,,,UK,,,,,,,,,,,
1949-06-01,,,,,,,,,,,,,,,,,,,UK,,,,,,,,,,,
1949-07-01,,,,,,,,,,,,,,,,,,,UK,,,,,,,,,,,
1949-08-01,,,,,,,,,,,,,,,,,,,UK,,,,,,,,,,,
1949-09-01,,,,,,,,,,,,,,,,,,,UK,,,,,,,,,,,
1949-10-01,,,,,,,,,,,,,,,,,,,UK,,,,,,,,,,,
1949-11-01,,,,,,,,,,,,,,,,,,,UK,,,,,,,,,,,
1949-12-01,,,,,,,,,,,,,,,,,,,UK,,,,,,,,,,,
1950-01-01,,,,,,,,,,,,,,,,,,,UK,,,,,,,,,,,
1950-02-01,,,,,,,,,,,,,,,,,,,UK,,,,,,,,,,,
1950-03-01,,,,,,,,,,,,,,,,,,,UK,,,,,,,,,,,
1950-04-01,,,,,,,,,,,,,,,,,,,UK,,,,,,,,,,,
1950-05-01,,,,,,,,,,,,,,,,,,,UK,,,,,,,,,,,
1950-06-01,,,,,,,,,,,,,,,,,,,UK,,,,,,,,,,,
1950-07-01,,,,,,,,,,,,,,,,,,,UK,,,,,,,,,,,
1950-08-01,,,,,,,,,,,,,,,,,,,UK,,,,,,,,,,,
1950-09-01,,,,,,,,,,,,,,,,,,,UK,,,,,,,,,,,
1950-10-01,,,,,,,,,,,,,,,,,,,UK,,,,,,,,,,,
1950-11-01,,,,,,,,,,,,,,,,,,,UK,,,,,,,,,,,
1950-12-01,,,,,,,,,,,,,,,,,,,UK,,,,,,,,,,,
1951-01-01,,,-8.632249352150296,,,,,,,,,,,,,,-8.632249352150296,-8.632249352150296,UK,-8.632249352150296,,,,,,,,,,
1951-02-01,,,-32.72353420992754,,,,,,,,,,,,,,-32.72353420992754,-32.72353420992754,UK,-32.72353420992754,,,,,,,,,,
1951-03-01,,,-74.74606849048037,,,,,,,,,,,,,,-74.74606849048037,-74.74606849048037,UK,-74.74606849048037,,,,,,,,,,
1951-04-01,,,-100.0,,,,,,,,,,,,,,-100.0,-100.0,UK,-100.0,,,,,,,,,,
1951-05-01,,,-100.0,,,,,,,,,,,,,,-100.0,-100.0,UK,-100.0,,,,,,,,,,
1951-06-01,,,-100.0,,,,,,,,,,,,,,-100.0,-100.0,UK,-100.0,,,,,,,,,,
1951-07-01,,,-54.940889041983375,,,,,,,,,,,,,,-54.940889041983375,-54.940889041983375,UK,-54.940889041983375,,,,,,,,,,
1951-08-01,,,0.5983324511673382,,,,,,,,,,,,,,0.5983324511673382,0.5983324511673382,UK,0.5983324511673382,,,,,,,,,,
1951-09-01,,,28.35375358907048,,,,,,,,,,,,,,28.35375358907048,28.35375358907048,UK,28.35375358907048,,,,,,,,,,
1951-10-01,,,-14.255075694588806,,,,,,,,,,,,,,-14.255075694588806,-14.255075694588806,UK,-14.255075694588806,,,,,,,,,,
1951-11-01,,,-70.90560689926934,,,,,,,,,,,,,,-70.90560689926934,-70.90560689926934,UK,-70.90560689926934,,,,,,,,,,
1951-12-01,,,-100.0,,,,,,,,,,,,,,-100.0,-100.0,UK,-100.0,,,,,,,,,,
1952-01-01,,,-100.0,,,,,,,,,,,,,,-100.0,-100.0,UK,-100.0,,,,,,,,,,
1952-02-01,,,-100.0,,,,,,,,,,,,,,-100.0,-100.0,UK,-100.0,,,,,,,,,,
1952-03-01,,,-80.71810649410128,,,,,,,,,,,,,,-80.71810649410128,-80.71810649410128,UK,-80.71810649410128,,,,,,,,,,
1952-04-01,,,-57.62210084956125,,,,,,,,,,,,,,-57.62210084956125,-57.62210084956125,UK,-57.62210084956125,,,,,,,,,,
1952-05-01,,,-42.96482743331908,,,,,,,,,,,,,,-42.96482743331908,-42.96482743331908,UK,-42.96482743331908,,,,,,,,,,
1952-06-01,,,-63.63034609802195,,,,,,,,,,,,,,-63.63034609802195,-63.63034609802195,UK,-63.63034609802195,,,,,,,,,,
1952-07-01,,,-100.0,,,,,,,,,,,,,,-100.0,-100.0,UK,-100.0,,,,,,,,,,
1952-08-01,,,-100.0,,,,,,,,,,,,,,-100.0,-100.0,UK,-100.0,,,,,,,,,,
1952-09-01,,,-100.0,,,,,,,,,,,,,,-100.0,-100.0,UK,-100.0,,,,,,,,,,
1952-10-01,,,-44.282212587064066,,,,,,,,,,,,,,-44.282212587064066,-44.282212587064066,UK,-44.282212587064066,,,,,,,,,,
1952-11-01,,,28.224378933809298,,,,,,,,,,,,,,28.224378933809298,28.224378933809298,UK,28.224378933809298,,,,,,,,,,
1952-12-01,,,53.026410005530465,,,,,,,,,,,,,,53.026410005530465,53.026410005530465,UK,53.026410005530465,,,,,,,,,,
1953-01-01,,,57.513840030391314,,,,,,,,,,,,,,57.513840030391314,57.513840030391314,UK,57.513840030391314,,,,,,,,,,
1953-02-01,,,30.475984330242174,,,,,,,,,,,,,,30.475984330242174,30.475984330242174,UK,30.475984330242174,,,,,,,,,,
1953-03-01,,,6.597347774018537,,,,,,,,,,,,,,6.5973477740185364,6.597347774018537,UK,6.597347774018537,,,,,,,,,,
1953-04-01,,,5.874997292157897,,,,,,,,,,,,,,5.8749972921578975,5.874997292157897,UK,5.874997292157897,,,,,,,,,,
1953-05-01,,,20.91778256331126,,,,,,,,,,,,,,20.91778256331126,20.91778256331126,UK,20.91778256331126,,,,,,,,,,
1953-06-01,,,34.66688300025619,,,,,,,,,,,,,,34.66688300025619,34.66688300025619,UK,34.66688300025619,,,,,,,,,,
1953-07-01,,,35.93605021896372,,,,,,,,,,,,,,35.93605021896372,35.93605021896372,UK,35.93605021896372,,,,,,,,,,
1953-08-01,,,25.134288647233554,,,,,,,,,,,,,,25.134288647233554,25.134288647233554,UK,25.134288647233554,,,,,,,,,,
1953-09-01,,,20.06400409015199,,,,,,,,,,,,,,20.06400409015199,20.06400409015199,UK,20.06400409015199,,,,,,,,,,
1953-10-01,,,22.90666533793656,,,,,,,,,,,,,,22.906665337936563,22.90666533793656,UK,22.90666533793656,,,,,,,,,,
1953-11-01,,,31.86787884440318,,,,,,,,,,,,,,31.86787884440318,31.86787884440318,UK,31.86787884440318,,,,,,,,,,
1953-12-01,,,33.56746343799487,,,,,,,,,,,,,,33.56746343799487,33.56746343799487,UK,33.56746343799487,,,,,,,,,,
1954-01-01,,,16.004772471555174,,,,,,,,,,,,,,16.004772471555174,16.004772471555174,UK,16.004772471555174,,,,,,,,,,
1954-02-01,,,-9.807610919950376,,,,,,,,,,,,,,-9.807610919950376,-9.807610919950376,UK,-9.807610919950376,,,,,,,,,,
1954-03-01,,,-27.06774267768296,,,,,,,,,,,,,,-27.067742677682958,-27.067742677682958,UK,-27.06774267768296,,,,,,,,,,
1954-04-01,,,-18.91638621040182,,,,,,,,,,,,,,-18.91638621040182,-18.91638621040182,UK,-18.91638621040182,,,,,,,,,,
1954-05-01,,,3.102380415613656,,,,,,,,,,,,,,3.102380415613656,3.102380415613656,UK,3.102380415613656,,,,,,,,,,
1954-06-01,,,29.244563689387636,,,,,,,,,,,,,,29.244563689387636,29.244563689387636,UK,29.244563689387636,,,,,,,,,,
1954-07-01,,,38.43258155945557,,,,,,,,,,,,,,38.43258155945557,38.43258155945557,UK,38.43258155945557,,,,,,,,,,
1954-08-01,,,39.40280276991152,,,,,,,,,,,,,,39.40280276991152,39.40280276991152,UK,39.40280276991152,,,,,,,,,,
1954-09-01,,,21.63531979802861,,,,,,,,,,,,,,21.63531979802861,21.63531979802861,UK,21.63531979802861,,,,,,,,,,
1954-10-01,,,-3.463308458987144,,,,,,,,,,,,,,-3.4633084589871435,-3.463308458987144,UK,-3.463308458987144,,,,,,,,,,
1954-11-01,,,-33.55721122574965,,,,,,,,,,,,,,-33.55721122574965,-33.55721122574965,UK,-33.55721122574965,,,,,,,,,,
1954-12-01,,,-34.774082304934296,,,,,,,,,,,,,,-34.774082304934296,-34.774082304934296,UK,-34.774082304934296,,,,,,,,,,
1955-01-01,,,-7.83760154557403,,,,,,,,,,,,,,-7.837601545574029,-7.83760154557403,UK,-7.83760154557403,,,,,,,,,,
1955-02-01,,,36.2789358800018,,,,,,,,,,,,,,36.2789358800018,36.2789358800018,UK,36.2789358800018,,,,,,,,,,
1955-03-01,,,60.05302981074632,,,,,,,,,,,,,,60.05302981074632,60.05302981074632,UK,60.05302981074632,,,,,,,,,,
1955-04-01,,,47.31047806024563,,,,,,,,,,,,,,47.31047806024563,47.31047806024563,UK,47.31047806024563,,,,,,,,,,
1955-05-01,,,13.243141922820618,,,,,,,,,,,,,,13.243141922820616,13.243141922820616,UK,13.243141922820618,,,,,,,,,,
1955-06-01,,,-13.96502530943484,,,,,,,,,,,,,,-13.965025309434838,-13.96502530943484,UK,-13.96502530943484,,,,,,,,,,
1955-07-01,,,-18.346190656991183,,,,,,,,,,,,,,-18.346190656991183,-18.346190656991183,UK,-18.346190656991183,,,,,,,,,,
1955-08-01,,,-8.33848714515671,,,,,,,,,,,,,,-8.33848714515671,-8.33848714515671,UK,-8.33848714515671,,,,,,,,,,
1955-09-01,,,7.811942696111434,,,,,,,,,,,,,,7.811942696111434,7.811942696111434,UK,7.811942696111434,,,,,,,,,,
1955-10-01,,,20.531931539756513,,,,,,,,,,,,,,20.531931539756513,20.531931539756513,UK,20.531931539756513,,,,,,,,,,
1955-11-01,,,27.975464872750255,,,,,,,,,,,,,,27.975464872750255,27.975464872750255,UK,27.975464872750255,,,,,,,,,,
1955-12-01,,,22.533521008860163,,,,,,,,,,,,,,22.533521008860163,22.533521008860163,UK,22.533521008860163,,,,,,,,,,
1956-01-01,,,1.1771692427179792,,,,,,,,,,,,,,1.1771692427179792,1.1771692427179792,UK,1.1771692427179792,,,,,,,,,,
1956-02-01,,,-22.2319085257624,,,,,,,,,,,,,,-22.2319085257624,-22.2319085257624,UK,-22.2319085257624,,,,,,,,,,
1956-03-01,,,-38.196681631242,,,,,,,,,,,,,,-38.196681631242,-38.196681631242,UK,-38.196681631242,,,,,,,,,,
1956-04-01,,,-32.84195760193891,,,,,,,,,,,,,,-32.84195760193891,-32.84195760193891,UK,-32.84195760193891,,,,,,,,,,
1956-05-01,,,-15.1652746355007,,,,,,,,,,,,,,-15.1652746355007,-15.1652746355007,UK,-15.1652746355007,,,,,,,,,,
1956-06-01,,,-2.7832169499102,,,,,,,,,,,,,,-2.7832169499102,-2.7832169499102,UK,-2.7832169499102,,,,,,,,,,
1956-07-01,,,3.196458359341483,,,,,,,,,,,,,,3.196458359341483,3.196458359341483,UK,3.196458359341483,,,,,,,,,,
1956-08-01,,,-9.205239963972836,,,,,,,,,,,,,,-9.205239963972836,-9.205239963972836,UK,-9.205239963972836,,,,,,,,,,
1956-09-01,,,-22.18935006490344,,,,,,,,,,,,,,-22.18935006490344,-22.18935006490344,UK,-22.18935006490344,,,,,,,,,,
1956-10-01,,,-45.99668315292404,,,,,,,,,,,,,,-45.99668315292404,-45.99668315292404,UK,-45.99668315292404,,,,,,,,,,
1956-11-01,,,-52.649801817701125,,,,,,,,,,,,,,-52.649801817701125,-52.649801817701125,UK,-52.649801817701125,,,,,,,,,,
1956-12-01,,,-50.93492632262553,,,,,,,,,,,,,,-50.93492632262553,-50.93492632262553,UK,-50.93492632262553,,,,,,,,,,
1957-01-01,,,-21.7281410001083,,,,,,,,,,,,,,-21.7281410001083,-21.7281410001083,UK,-21.7281410001083,,,,,,,,,,
1957-02-01,,,6.573377062928119,,,,,,,,,,,,,,6.5733770629281185,6.5733770629281185,UK,6.573377062928119,,,,,,,,,,
1957-03-01,,,25.341179305016915,,,,,,,,,,,,,,25.34117930501691,25.341179305016915,UK,25.341179305016915,,,,,,,,,,
1957-04-01,,,14.244512089145891,,,,,,,,,,,,,,14.244512089145891,14.244512089145891,UK,14.244512089145891,,,,,,,,,,
1957-05-01,,,-7.103919529044717,,,,,,,,,,,,,,-7.103919529044716,-7.103919529044717,UK,-7.103919529044717,,,,,,,,,,
1957-06-01,,,-17.992540768201255,,,,,,,,,,,,,,-17.992540768201255,-17.992540768201255,UK,-17.992540768201255,,,,,,,,,,
1957-07-01,,,-8.952420490673656,,,,,,,,,,,,,,-8.952420490673656,-8.952420490673656,UK,-8.952420490673656,,,,,,,,,,
1957-08-01,,,17.756424515956677,,,,,,,,,,,,,,17.756424515956677,17.756424515956677,UK,17.756424515956677,,,,,,,,,,
1957-09-01,,,28.659678539413125,,,,,,,,,,,,,,28.65967853941313,28.65967853941313,UK,28.659678539413125,,,,,,,,,,
1957-10-01,,,20.641963497267096,,,,,,,,,,,,,,20.641963497267096,20.641963497267096,UK,20.641963497267096,,,,,,,,,,
1957-11-01,,,-18.60214580833709,,,,,,,,,,,,,,-18.60214580833709,-18.60214580833709,UK,-18.60214580833709,,,,,,,,,,
1957-12-01,,,-41.03693323154983,,,,,,,,,,,,,,-41.03693323154983,-41.03693323154983,UK,-41.03693323154983,,,,,,,,,,
1958-01-01,,,-53.776938884551974,,,,,,,,,,,,,,-53.776938884551974,-53.776938884551974,UK,-53.776938884551974,,,,,,,,,,
1958-02-01,,,-37.79972534407243,,,,,,,,,,,,,,-37.79972534407243,-37.79972534407243,UK,-37.79972534407243,,,,,,,,,,
1958-03-01,,-26.33388846629075,-28.621324075591712,,,,,,,,,,,,,,-28.621324075591712,-28.621324075591712,UK,-29.99378544117229,,,,,,,,,,
1958-04-01,,2.224400738572376,-14.11412076751474,,,,,,,,,,,,,,-14.11412076751474,-14.11412076751474,UK,-23.917233671167008,,,,,,,,,,
1958-05-01,,2.1828648969349245,-19.68615011262217,,,,,,,,,,,,,,-19.68615011262217,-19.68615011262217,UK,-32.80755911835643,,,,,,,,,,
1958-06-01,,11.01438317152441,-29.57160143830909,,,,,,,,,,,,,,-29.57160143830909,-29.57160143830909,UK,-53.923192204209194,,,,,,,,,,
1958-07-01,,-100.0,-83.58945174217749,,,,,,,,,,,,,,-83.58945174217749,-83.58945174217749,UK,-73.743122787484,,,,,,,,,,
1958-08-01,,-100.0,-91.67172555535913,,,,,,,,,,,,,,-91.67172555535913,-91.67172555535913,UK,-86.67476088857462,,,,,,,,,,
1958-09-01,,-100.0,-82.34485648443525,,,,,,,,,,,,,,-82.34485648443525,-82.34485648443525,UK,-71.75177037509641,,,,,,,,,,
1958-10-01,,76.64523610008409,8.520344131658483,,,,,,,,,,,,,,8.520344131658483,8.520344131658483,UK,-32.35459104939688,,,,,,,,,,
1958-11-01,,68.89006914225679,33.995589400696474,,,,,,,,,,,,,,33.995589400696474,33.995589400696474,UK,13.058901555760288,,,,,,,,,,
1958-12-01,,63.344820603660956,42.048175894661775,,,,,,,,,,,,,,42.048175894661775,42.048175894661775,UK,29.27018906926227,,,,,,,,,,
1959-01-01,,-1.605033095134617,5.884739415020428,,,,,,,,,,,,,,5.884739415020428,5.884739415020428,UK,10.378602921113457,,,,,,,,,,
1959-02-01,,-1.236962647451008,-14.855926548683904,,,,,,,,,,,,,,-14.855926548683902,-14.855926548683904,UK,-23.027304889423643,,,,,,,,,,
1959-03-01,,-0.9274916584139883,-22.681741799168982,,,,,,,,,,,,,,-22.681741799168982,-22.681741799168982,UK,-35.73429188362198,,,,,,,,,,
1959-04-01,,-52.52512869270405,-28.12972771968785,,,,,,,,,,,,,,-28.12972771968785,-28.12972771968785,UK,-13.492487135878129,,,,,,,,,,
1959-05-01,,-50.93017023694909,-0.10859918090807108,,,,,,,,,,,,,,-0.10859918090807108,-0.10859918090807108,UK,30.38434345271654,,,,,,,,,,
1959-06-01,,-49.47514285267021,22.55147979283916,,,,,,,,,,,,,,22.55147979283916,22.55147979283916,UK,65.76745338014479,,,,,,,,,,
1959-07-01,,100.0,79.76552696237297,,,,,,,,,,,,,,79.76552696237297,79.76552696237297,UK,67.62484313979677,,,,,,,,,,
1959-08-01,,100.0,66.1476262812068,,,,,,,,,,,,,,66.1476262812068,66.1476262812068,UK,45.83620204993088,,,,,,,,,,
1959-09-01,,100.0,55.73787051535451,,,,,,,,,,,,,,55.73787051535451,55.73787051535451,UK,29.18059282456722,,,,,,,,,,
1959-10-01,,37.855211713656836,36.22046870726042,,,,,,,,,,,,,,36.22046870726042,36.22046870726042,UK,35.23962290342258,,,,,,,,,,
1959-11-01,,35.06122556636508,56.12554728824968,,,,,,,,,,,,,,56.125547288249685,56.12554728824968,UK,68.76414032138044,,,,,,,,,,
1959-12-01,,32.7758366453927,67.45730272962194,,,,,,,,,,,,,,67.45730272962194,67.45730272962194,UK,88.26618238015949,,,,,,,,,,
1960-01-01,,100.0,96.25748988693829,,,,,,,,,,,,,,96.25748988693829,96.25748988693829,UK,94.01198381910125,,,,,,,,,,
1960-02-01,,96.5768279655538,84.8790944617134,,,,,,,,,,,,,,84.8790944617134,84.8790944617134,UK,77.86045435940916,,,,,,,,,,
1960-03-01,,89.86301489221876,69.43965328331858,,,,,,,,,,,,,,69.43965328331858,69.43965328331858,UK,57.18563631797847,,,,,,,,,,
1960-04-01,,87.81026249156714,52.968064554271216,,,,,,,,,,,,,,52.96806455427122,52.96806455427122,UK,32.06274579189367,,,,,,,,,,
1960-05-01,,85.31623759448188,37.24763660156423,,,,,,,,,,,,,,37.24763660156423,37.24763660156423,UK,8.406476005813651,,,,,,,,,,
1960-06-01,,78.92600309329131,30.68649101883249,,,,,,,,,,,,,,30.686491018832495,30.68649101883249,UK,1.7427837741571985,,,,,,,,,,
1960-07-01,,-1.0817242955191153,5.7164371181389635,,,,,,,,,,,,,,5.716437118138964,5.716437118138964,UK,9.79533396633381,,,,,,,,,,
1960-08-01,,-0.8883060723472141,19.32671417904303,,,,,,,,,,,,,,19.32671417904303,19.32671417904303,UK,31.455726329877177,,,,,,,,,,
1960-09-01,,-0.7272988713161455,21.730566757898238,,,,,,,,,,,,,,21.730566757898238,21.730566757898238,UK,35.205286135426874,,,,,,,,,,
1960-10-01,,28.567284618147603,24.76962778891988,,,,,,,,,,,,,,24.769627788919877,24.769627788919877,UK,22.491033691383247,,,,,,,,,,
1960-11-01,,27.945588701360812,2.483903748022663,,,,,,,,,,,,,,2.483903748022663,2.483903748022663,UK,-12.793107223980224,,,,,,,,,,
1960-12-01,,27.362019993754195,-10.734737527324382,,,,,,,,,,,,,,-10.734737527324382,-10.734737527324382,UK,-33.59279203997153,,,,,,,,,,
1961-01-01,,-15.44805347205746,-36.053112244086165,,,,,,,,,,,,,,-36.053112244086165,-36.053112244086165,UK,-48.416147507303386,,,,,,,,,,
1961-02-01,,-15.060436171665687,-35.029520079801166,,,,,,,,,,,,,,-35.029520079801166,-35.029520079801166,UK,-47.01097042468246,,,,,,,,,,
1961-03-01,,-14.698420135637145,-26.815111256765757,,,,,,,,,,,,,,-26.815111256765753,-26.815111256765753,UK,-34.085125929442924,,,,,,,,,,
1961-04-01,,-4.711434006411351,-10.434433437938374,,,,,,,,,,,,,,-10.434433437938374,-10.434433437938374,UK,-13.868233096854588,,,,,,,,,,
1961-05-01,,-4.759421785596675,4.972109128222443,,,,,,,,,,,,,,4.972109128222443,4.972109128222443,UK,10.811027676513914,,,,,,,,,,
1961-06-01,,-4.808556529598869,12.440819420436618,,,,,,,,,,,,,,12.440819420436618,12.440819420436618,UK,22.790444990457914,,,,,,,,,,
1961-07-01,,27.168962212420166,19.61589003345231,,,,,,,,,,,,,,19.61589003345231,19.61589003345231,UK,15.084046726071598,,,,,,,,,,
1961-08-01,,26.521779022006438,5.606246925365494,,,,,,,,,,,,,,5.606246925365494,5.606246925365494,UK,-6.943072332619071,,,,,,,,,,
1961-09-01,,25.88310248841118,-8.403372956573595,,,,,,,,,,,,,,-8.403372956573595,-8.403372956573595,UK,-28.97525822356446,,,,,,,,,,
1961-10-01,,-40.71457543181208,-41.978990103980756,,,,,,,,,,,,,,-41.978990103980756,-41.978990103980756,UK,-42.73763890728197,,,,,,,,,,
1961-11-01,,-40.9097852411588,-43.93903340913835,,,,,,,,,,,,,,-43.93903340913835,-43.93903340913835,UK,-45.756582309926074,,,,,,,,,,
1961-12-01,,-41.12202116259773,-39.88088988539474,,,,,,,,,,,,,,-39.88088988539474,-39.88088988539474,UK,-39.13621111907294,,,,,,,,,,
1962-01-01,,-22.782172108190053,-21.959989378015077,,,,,,,,,,,,,,-21.959989378015077,-21.959989378015077,UK,-21.4666797399101,,,,,,,,,,
1962-02-01,,-22.2964535053287,-8.434024417288905,,,,,,,,,,,,,,-8.434024417288905,-8.434024417288905,UK,-0.11656696446502995,,,,,,,,,,
1962-03-01,,-21.808440157532623,-4.995574783477482,,,,,,,,,,,,,,-4.995574783477482,-4.995574783477482,UK,5.092144440955601,,,,,,,,,,
1962-04-01,,-43.16304001853201,-15.58507457973863,,,,,,,,,,,,,,-15.58507457973863,-15.58507457973863,UK,0.9617046835373976,,,,,,,,,,
1962-05-01,,-42.15275027661708,-25.7861311477037,,,,,,,,,,,,,,-25.7861311477037,-25.7861311477037,UK,-15.966159670355673,,,,,,,,,,
1962-06-01,,-41.17488141069748,-29.897609776633498,,,,,,,,,,,,,,-29.897609776633498,-29.897609776633498,UK,-23.131246796195114,,,,,,,,,,
1962-07-01,,-13.57722523197628,-15.775066734763893,,,,,,,,,,,,,,-15.775066734763893,-15.775066734763893,UK,-17.09377163643646,,,,,,,,,,
1962-08-01,,-13.339743965741901,-4.873178312134341,,,,,,,,,,,,,,-4.873178312134341,-4.873178312134341,UK,0.20676108003019367,,,,,,,,,,
1962-09-01,,-13.110759590113444,2.53220752540184,,,,,,,,,,,,,,2.53220752540184,2.53220752540184,UK,11.91798779471101,,,,,,,,,,
1962-10-01,,-1.4948254596948447,4.152048882059973,,,,,,,,,,,,,,4.152048882059973,4.152048882059973,UK,7.540173487112864,,,,,,,,,,
1962-11-01,,-1.8223177990841513,-4.142715697490455,,,,,,,,,,,,,,-4.142715697490455,-4.142715697490455,UK,-5.534954436534237,,,,,,,,,,
1962-12-01,,-2.1461564124810257,-13.256643162454576,,,,,,,,,,,,,,-13.256643162454576,-13.256643162454576,UK,-19.92293521243871,,,,,,,,,,
1963-01-01,,-21.32195002013915,-24.54843611052342,,,,,,,,,,,,,,-24.54843611052342,-24.54843611052342,UK,-26.484327764753985,,,,,,,,,,
1963-02-01,,-21.269825105530458,-25.976470994087155,,,,,,,,,,,,,,-25.976470994087155,-25.976470994087155,UK,-28.800458527221178,,,,,,,,,,
1963-03-01,,-21.218539449795134,-21.196343562238564,,,,,,,,,,,,,,-21.196343562238564,-21.196343562238564,UK,-21.183026029704628,,,,,,,,,,
1963-04-01,,-13.824375093113176,-12.30142417346339,,,,,,,,,,,,,,-12.301424173463392,-12.301424173463392,UK,-11.387653621673518,,,,,,,,,,
1963-05-01,,-13.700069407582466,-2.225295365326341,,,,,,,,,,,,,,-2.225295365326341,-2.225295365326341,UK,4.659569060027333,,,,,,,,,,
1963-06-01,,-13.57580901350832,3.210693232111844,,,,,,,,,,,,,,3.2106932321118444,3.2106932321118444,UK,13.282594579483941,,,,,,,,,,
1963-07-01,,56.52981722475443,32.85076743987015,,,,,,,,,,,,,,32.85076743987015,32.85076743987015,UK,18.64333756893959,,,,,,,,,,
1963-08-01,,54.48088138274411,34.11594434076008,,,,,,,,,,,,,,34.11594434076008,34.11594434076008,UK,21.89698211556967,,,,,,,,,,
1963-09-01,,52.54512180620628,34.282972403367914,,,,,,,,,,,,,,34.282972403367914,34.282972403367914,UK,23.325682761664897,,,,,,,,,,
1963-10-01,,-1.6085415112220143,15.784598192265928,,,,,,,,,,,,,,15.78459819226593,15.784598192265928,UK,26.220482014358694,,,,,,,,,,
1963-11-01,,-1.4156070521026523,19.782545996280653,,,,,,,,,,,,,,19.782545996280653,19.782545996280653,UK,32.50143782531064,,,,,,,,,,
1963-12-01,,-1.2398272673129151,28.282663673207193,,,,,,,,,,,,,,28.282663673207193,28.282663673207193,UK,45.99615823751926,,,,,,,,,,
1964-01-01,,73.36225673491413,73.85376018700204,,,,,,,,,,,,,,73.85376018700204,73.85376018700204,UK,74.1486622582548,,,,,,,,,,
1964-02-01,,70.5994792840175,86.68621519449832,,,,,,,,,,,,,,86.68621519449832,86.68621519449832,UK,96.3382567407868,,,,,,,,,,
1964-03-01,,68.01406606915063,83.81636645179579,,,,,,,,,,,,,,83.81636645179579,83.81636645179579,UK,93.2977466813829,,,,,,,,,,
1964-04-01,,27.395019278149707,44.63005698531262,,,,,,,,,,,,,,44.63005698531262,44.63005698531262,UK,54.97107960961036,,,,,,,,,,
1964-05-01,,25.951008242331834,8.629131632237677,,,,,,,,,,,,,,8.629131632237677,8.629131632237677,UK,-1.7639943338188164,,,,,,,,,,
1964-06-01,,24.591622752214604,-13.44408082864517,,,,,,,,,,,,,,-13.44408082864517,-13.44408082864517,UK,-36.265502977161034,,,,,,,,,,
1964-07-01,,-22.35118347941365,-33.10231486566735,,,,,,,,,,,,,,-33.10231486566735,-33.10231486566735,UK,-39.55299369741958,,,,,,,,,,
1964-08-01,,-21.881459431768103,-19.843560794373126,,,,,,,,,,,,,,-19.843560794373126,-19.843560794373126,UK,-18.620821611936144,,,,,,,,,,
1964-09-01,,-21.541510923130787,-3.460915421786955,,,,,,,,,,,,,,-3.4609154217869555,-3.4609154217869555,UK,7.3874418790193435,,,,,,,,,,
1964-10-01,,18.62846056137072,25.35853807855151,,,,,,,,,,,,,,25.35853807855151,25.35853807855151,UK,29.396584588859987,,,,,,,,,,
1964-11-01,,18.257737392076894,34.76123922875576,,,,,,,,,,,,,,34.76123922875576,34.76123922875576,UK,44.66334033076309,,,,,,,,,,
1964-12-01,,17.903973185032534,31.258707118453497,,,,,,,,,,,,,,31.258707118453497,31.258707118453497,UK,39.27154747850607,,,,,,,,,,
1965-01-01,,-5.124932813053148,5.238663085617056,,,,,,,,,,,,,,5.238663085617056,5.238663085617056,UK,11.45682062481918,,,,,,,,,,
1965-02-01,,-4.115130917328606,-18.562219581921582,,,,,,,,,,,,,,-18.562219581921582,-18.562219581921582,UK,-27.230472780677367,,,,,,,,,,
1965-03-01,,-3.0855133954294223,-27.33904539311484,,,,,,,,,,,,,,-27.339045393114844,-27.339045393114844,UK,-41.891164591726096,,,,,,,,,,
1965-04-01,,-13.918727490017279,-23.123894648114337,,,,,,,,,,,,,,-23.123894648114337,-23.123894648114337,UK,-28.646994942972576,,,,,,,,,,
1965-05-01,,-12.762626978971886,-3.430975909459084,,,,,,,,,,,,,,-3.430975909459084,-3.430975909459084,UK,2.1680147322485963,,,,,,,,,,
1965-06-01,,-11.552358930018949,11.433766865026946,,,,,,,,,,,,,,11.433766865026946,11.433766865026946,UK,25.22544234205448,,,,,,,,,,
1965-07-01,,-41.98640908571053,-2.8462633032040596,,,,,,,,,,,,,,-2.8462633032040596,-2.8462633032040596,UK,20.63782416629982,,,,,,,,,,
1965-08-01,,-41.91108825897616,-13.590266814502654,,,,,,,,,,,,,,-13.590266814502652,-13.590266814502652,UK,3.4022260521814474,,,,,,,,,,
1965-09-01,,-41.90702106724481,-26.66269294143382,,,,,,,,,,,,,,-26.662692941433825,-26.662692941433825,UK,-17.516096065947227,,,,,,,,,,
1965-10-01,,1.095483430133219,-15.566210299427766,,,,,,,,,,,,,,-15.566210299427768,-15.566210299427766,UK,-25.563226537164358,,,,,,,,,,
1965-11-01,,1.4600923214046282,-19.92775921981779,,,,,,,,,,,,,,-19.92775921981779,-19.92775921981779,UK,-32.76047014455124,,,,,,,,,,
1965-12-01,,1.821205226719029,-13.9980053195631,,,,,,,,,,,,,,-13.9980053195631,-13.9980053195631,UK,-23.489531647332377,,,,,,,,,,
1966-01-01,,-40.205656496256154,-21.458658699880328,,,,,,,,,,,,,,-21.458658699880328,-21.458658699880328,UK,-10.210460022054836,,,,,,,,,,
1966-02-01,,-39.776167376392756,-9.585609178052588,,,,,,,,,,,,,,-9.585609178052588,-9.585609178052588,UK,8.528725740951511,,,,,,,,,,
1966-03-01,,-39.3791529128809,-6.7312403006395405,,,,,,,,,,,,,,-6.7312403006395405,-6.7312403006395405,UK,12.857507266705273,,,,,,,,,,
1966-04-01,,-5.590121950278537,-1.0402519935443515,,,,,,,,,,,,,,-1.0402519935443515,-1.0402519935443515,UK,1.6896699804961592,,,,,,,,,,
1966-05-01,,-5.512274419858383,-9.707395344787964,,,,,,,,,,,,,,-9.707395344787964,-9.707395344787964,UK,-12.224467899745711,,,,,,,,,,
1966-06-01,,-5.438355211804328,-12.813517905047881,,,,,,,,,,,,,,-12.813517905047881,-12.813517905047881,UK,-17.238615520994014,,,,,,,,,,
1966-07-01,,-5.570403455930124,-3.349649607808199,,,,,,,,,,,,,,-3.3496496078081996,-3.3496496078081996,UK,-2.0171972989350446,,,,,,,,,,
1966-08-01,,-4.866767469648716,1.9260955070432983,,,,,,,,,,,,,,1.9260955070432983,1.9260955070432983,UK,6.001813293058507,,,,,,,,,,
1966-09-01,,-4.160313345893795,2.588604284914856,,,,,,,,,,,,,,2.588604284914856,2.588604284914856,UK,6.637954863400047,,,,,,,,,,
1966-10-01,,-24.408261444888463,-27.17219589734891,,,,,,,,,,,,,,-27.172195897348914,-27.172195897348914,UK,-28.830556568825184,,,,,,,,,,
1966-11-01,,-24.954350579001755,-50.096190171012864,,,,,,,,,,,,,,-50.096190171012864,-50.096190171012864,UK,-65.18129392621952,,,,,,,,,,
1966-12-01,,-25.534387854042194,-64.82560217517641,,,,,,,,,,,,,,-64.82560217517641,-64.82560217517641,UK,-88.40033076785697,,,,,,,,,,
1967-01-01,,-41.766218286220194,-63.36042464564368,,,,,,,,,,,,,,-63.36042464564368,-63.36042464564368,UK,-76.31694846129778,,,,,,,,,,
1967-02-01,,-41.27300615831603,-42.850269310598215,,,,,,,,,,,,,,-42.850269310598215,-42.850269310598215,UK,-43.79662720196753,,,,,,,,,,
1967-03-01,,-40.78430032384573,-22.474469547000545,,,,,,,,,,,,,,-22.474469547000545,-22.474469547000545,UK,-11.48857108089344,,,,,,,,,,
1967-04-01,,10.640235966594231,6.979981184903081,,,,,,,,,,,,,,6.979981184903082,6.979981184903082,UK,4.783828315888392,,,,,,,,,,
1967-05-01,,9.370135074274616,3.720122114345877,,,,,,,,,,,,,,3.7201221143458776,3.7201221143458776,UK,0.33011433838863463,,,,,,,,,,
1967-06-01,,8.107120996393537,-5.871560712711289,,,,,,,,,,,,,,-5.871560712711288,-5.871560712711288,UK,-14.258769738174184,,,,,,,,,,
1967-07-01,,0.31098905546217176,-22.295200203961446,,,,,,,,,,,,,,-22.295200203961446,-22.295200203961446,UK,-35.85891375961562,,,,,,,,,,
1967-08-01,,-0.05037016907885883,-28.344057460209683,,,,,,,,,,,,,,-28.34405746020968,-28.344057460209683,UK,-45.32026983488818,,,,,,,,,,
1967-09-01,,-0.4229792256051471,-26.263860237426545,,,,,,,,,,,,,,-26.26386023742654,-26.26386023742654,UK,-41.768388844519386,,,,,,,,,,
1967-10-01,,-10.178551637556911,-10.957404553084162,,,,,,,,,,,,,,-10.957404553084162,-10.957404553084162,UK,-11.424716302400514,,,,,,,,,,
1967-11-01,,-10.075304739723471,15.687455661848592,,,,,,,,,,,,,,15.687455661848592,15.687455661848592,UK,31.145111902791832,,,,,,,,,,
1967-12-01,,-9.972714634870353,35.17312766019512,,,,,,,,,,,,,,35.17312766019512,35.17312766019512,UK,62.260633037234406,,,,,,,,,,
1968-01-01,,18.997179341530888,50.692862741926426,,,,,,,,,,,,,,50.69286274192642,50.69286274192642,UK,69.71027278216376,,,,,,,,,,
1968-02-01,,18.179812753901352,35.96655737582188,,,,,,,,,,,,,,35.96655737582188,35.96655737582188,UK,46.638604148974196,,,,,,,,,,
1968-03-01,,17.363414843940014,23.545261297706247,,,,,,,,,,,,,,23.545261297706247,23.545261297706247,UK,27.25436916996599,,,,,,,,,,
1968-04-01,,63.95097390449174,32.77193694535848,,,,,,,,,,,,,,32.77193694535848,32.77193694535848,UK,14.064514769878542,,,,,,,,,,
1968-05-01,,61.75114133553553,27.169246877621305,,,,,,,,,,,,,,27.169246877621305,27.169246877621305,UK,6.4201102028727695,,,,,,,,,,
1968-06-01,,59.67547042140253,35.05066923327808,,,,,,,,,,,,,,35.05066923327808,35.05066923327808,UK,20.275788520403417,,,,,,,,,,
1968-07-01,,-35.92797997053155,4.621105491998311,,,,,,,,,,,,,,4.621105491998311,4.621105491998311,UK,28.95055676951623,,,,,,,,,,
1968-08-01,,-34.51341323826264,11.74741541124471,,,,,,,,,,,,,,11.74741541124471,11.74741541124471,UK,39.50391260094912,,,,,,,,,,
1968-09-01,,-33.306608979352745,14.473378381841995,,,,,,,,,,,,,,14.473378381841995,14.473378381841995,UK,43.14137079855884,,,,,,,,,,
1968-10-01,,62.76383026164767,43.42066462667459,,,,,,,,,,,,,,43.42066462667459,43.42066462667459,UK,31.814765245690758,,,,,,,,,,
1968-11-01,,61.27103518220436,24.424542809877096,,,,,,,,,,,,,,24.424542809877096,24.424542809877096,UK,2.316647386480736,,,,,,,,,,
1968-12-01,,59.867536848063516,15.587372214898897,,,,,,,,,,,,,,15.587372214898899,15.587372214898899,UK,-10.98072656499987,,,,,,,,,,
1969-01-01,,14.507593053061207,-1.6477514423134043,,,,,,,,,,,,,,-1.6477514423134043,-1.6477514423134043,UK,-11.34095813953817,,,,,,,,,,
1969-02-01,,16.370997286045093,2.085236962470785,,,,,,,,,,,,,,2.085236962470785,2.085236962470785,UK,-6.486219231673799,,,,,,,,,,
1969-03-01,,18.351893237195043,0.2738774732181748,,,,,,,,,,,,,,0.2738774732181748,0.2738774732181748,UK,-10.572931985167946,,,,,,,,,,
1969-04-01,,-84.52630914437859,-44.8202612037484,,,,,,,,,,,,,,-44.8202612037484,-44.8202612037484,UK,-20.996632439370302,,,,,,,,,,
1969-05-01,,-80.29022923016232,-15.59192148902648,,,,,,,,,,,,,,-15.59192148902648,-15.59192148902648,UK,23.22706315565502,,,,,,,,,,
1969-06-01,,-76.77645870716778,-19.704293710946956,,,,,,,,,,,,,,-19.704293710946956,-19.704293710946956,UK,14.53900528678553,,,,,,,,,,
1969-07-01,,34.703493113822745,35.024246364620346,,,,,,,,,,,,,,35.024246364620346,35.024246364620346,UK,35.2166983150989,,,,,,,,,,
1969-08-01,,33.38114323887676,10.925527354025174,,,,,,,,,,,,,,10.925527354025174,10.925527354025174,UK,-2.5478421768857764,,,,,,,,,,
1969-09-01,,32.283134282159494,-8.928990968240615,,,,,,,,,,,,,,-8.928990968240615,-8.928990968240615,UK,-33.65626611848068,,,,,,,,,,
1969-10-01,,-48.99403967710286,-40.70614907059536,,,,,,,,,,,,,,-40.70614907059536,-40.70614907059536,UK,-35.733414706690866,,,,,,,,,,
1969-11-01,,-47.528734871194025,-42.77792843150491,,,,,,,,,,,,,,-42.77792843150491,-42.77792843150491,UK,-39.927444567691445,,,,,,,,,,
1969-12-01,,-46.11080229274725,-9.629116127843362,,,,,,,,,,,,,,-9.629116127843362,-9.629116127843362,UK,12.25989557109897,,,,,,,,,,
1970-01-01,,-10.72125187567296,-0.8004363271581039,,,,,,,,,,,,,,-0.8004363271581039,-0.8004363271581039,UK,5.15205300195081,,,,,,,,,,
1970-02-01,,-10.335988963246088,-26.521383335901792,,,,,,,,,,,,,,-26.521383335901795,-26.521383335901795,UK,-36.23261995949522,,,,,,,,,,
1970-03-01,,-9.96124986986973,-26.894039697048704,,,,,,,,,,,,,,-26.894039697048704,-26.894039697048704,UK,-37.05371359335609,,,,,,,,,,
1970-04-01,,-31.160021314634996,-16.877335565409297,,,,,,,,,,,,,,-16.877335565409297,-16.877335565409297,UK,-8.307724115873878,,,,,,,,,,
1970-05-01,,-30.465435367678996,-20.895759092384036,,,,,,,,,,,,,,-20.895759092384036,-20.895759092384036,UK,-15.153953327207063,,,,,,,,,,
1970-06-01,,-29.79704982965725,-39.01345938586562,,,,,,,,,,,,,,-39.01345938586562,-39.01345938586562,UK,-44.54330511959065,,,,,,,,,,
1970-07-01,,28.590090841097123,-33.69039262985123,,,,,,,,,,,,,,-33.69039262985123,-33.69039262985123,UK,-71.05868271242025,,,,,,,,,,
1970-08-01,,27.476066216781405,-9.485219624590234,,,,,,,,,,,,,,-9.485219624590234,-9.485219624590234,UK,-31.66199112941322,,,,,,,,,,
1970-09-01,,26.393821303583003,17.73240413081491,,,,,,,,,,,,,,17.73240413081491,17.73240413081491,UK,12.53555382715406,,,,,,,,,,
1970-10-01,,5.665943128074483,10.244722102469673,,,,,,,,,,,,,,10.244722102469673,10.244722102469673,UK,12.991989487106789,,,,,,,,,,
1970-11-01,,5.617257497083118,33.57213386862533,,,,,,,,,,,,,,33.57213386862533,33.57213386862533,UK,50.34505969155065,,,,,,,,,,
1970-12-01,,5.567744185023474,-23.43013860471185,,,,,,,,,,,,,,-23.43013860471185,-23.43013860471185,UK,-40.828868278553045,,,,,,,,,,
1971-01-01,,18.399309743719,-12.68240203302419,,,,,,,,,,,,,,-12.68240203302419,-12.68240203302419,UK,-31.331429099070103,,,,,,,,,,
1971-02-01,,17.488533368281065,-1.0335772171903879,,,,,,,,,,,,,,-1.0335772171903879,-1.0335772171903879,UK,-12.146843568473258,,,,,,,,,,
1971-03-01,,16.578705454532198,-11.379535557021402,,,,,,,,,,,,,,-11.379535557021402,-11.379535557021402,UK,-28.154480163953565,,,,,,,,,,
1971-04-01,,13.634406233267269,-40.10242769561272,,,,,,,,,,,,,,-40.10242769561272,-40.10242769561272,UK,-72.34452805294072,,,,,,,,,,
1971-05-01,,13.27285129283992,-36.32185000247226,,,,,,,,,,,,,,-36.32185000247226,-36.32185000247226,UK,-66.07867077965957,,,,,,,,,,
1971-06-01,,12.916630014650979,3.7373182808900296,,,,,,,,,,,,,,3.73731828089003,3.7373182808900296,UK,-1.770268759366539,,,,,,,,,,
1971-07-01,,-7.199113601074505,8.877648091575693,,,,,,,,,,,,,,8.877648091575693,8.877648091575693,UK,18.523705107165814,,,,,,,,,,
1971-08-01,,-7.2082024182040945,-10.282339637453454,,,,,,,,,,,,,,-10.282339637453454,-10.282339637453454,UK,-12.126821969003073,,,,,,,,,,
1971-09-01,,-7.2202348500666,-22.746223331832844,,,,,,,,,,,,,,-22.746223331832844,-22.746223331832844,UK,-32.06181642089259,,,,,,,,,,
1971-10-01,,28.051838708585663,-15.147830000603616,,,,,,,,,,,,,,-15.147830000603618,-15.147830000603616,UK,-41.067631226117186,,,,,,,,,,
1971-11-01,,27.097868253429112,-17.94405284722558,,,,,,,,,,,,,,-17.94405284722558,-17.94405284722558,UK,-44.9692055076184,,,,,,,,,,
1971-12-01,,26.152052323937603,-5.137925011866733,,,,,,,,,,,,,,-5.137925011866733,-5.137925011866733,UK,-23.911911413349333,,,,,,,,,,
1972-01-01,,-9.213880550078615,-21.439428964620205,,,,,,,,,,,,,,-21.439428964620205,-21.439428964620205,UK,-28.774758013345163,,,,,,,,,,
1972-02-01,,-9.962712292943682,-49.90716867587036,,,,,,,,,,,,,,-49.90716867587036,-49.90716867587036,UK,-73.87384250562637,,,,,,,,,,
1972-03-01,,-10.745886329069322,-66.529707373401,,,,,,,,,,,,,,-66.529707373401,-66.529707373401,UK,-100.0,,,,,,,,,,
1972-04-01,,25.856052168018067,6.227128546174187,,,,,,,,,,,,,,6.227128546174187,6.227128546174187,UK,-5.55022562693214,,,,,,,,,,
1972-05-01,,25.487751978672406,39.0031254122127,,,,,,,,,,,,,,39.0031254122127,39.0031254122127,UK,47.112349472336874,,,,,,,,,,
1972-06-01,,25.124617387839997,56.399460373751985,,,,,,,,,,,,,,56.399460373751985,56.399460373751985,UK,75.16436616529919,,,,,,,,,,
1972-07-01,,37.70969877729041,31.302349820692186,,,,,,,,,,,,,,31.30234982069219,31.302349820692186,UK,27.457940446733247,,,,,,,,,,
1972-08-01,,36.74082179115442,11.585590267831956,,,,,,,,,,,,,,11.585590267831956,11.585590267831956,UK,-3.507548646161522,,,,,,,,,,
1972-09-01,,35.80841554321002,0.025624683248346436,,,,,,,,,,,,,,0.025624683248346436,0.025624683248346436,UK,-21.444049832728656,,,,,,,,,,
1972-10-01,,-27.354992364646968,5.0919085134297415,,,,,,,,,,,,,,5.0919085134297415,5.0919085134297415,UK,24.560049040275768,,,,,,,,,,
1972-11-01,,-26.93063494286375,20.82107057823633,,,,,,,,,,,,,,20.82107057823633,20.82107057823633,UK,49.47209389089638,,,,,,,,,,
1972-12-01,,-26.52920345217673,29.286746411789995,,,,,,,,,,,,,,29.28674641179,29.28674641179,UK,62.77631633017003,,,,,,,,,,
1973-01-01,,44.648192635944554,46.47134850988619,,,,,,,,,,,,,,46.4713485098862,46.4713485098862,UK,47.56524203425118,,,,,,,,,,
1973-02-01,,43.90957832367979,78.96609187137992,,,,,,,,,,,,,,78.96609187137992,78.96609187137992,UK,100.0,,,,,,,,,,
1973-03-01,,43.187657493713075,78.69537156014239,,,,,,,,,,,,,,78.69537156014239,78.69537156014239,UK,100.0,,,,,,,,,,
1973-04-01,,100.0,86.91449222780308,,,,,,,,,,,,,,86.91449222780308,86.91449222780308,UK,79.06318756448493,,,,,,,,,,
1973-05-01,,100.0,28.41122960166862,,,,,,,,,,,,,,28.41122960166862,28.41122960166862,UK,-14.542032637330207,,,,,,,,,,
1973-06-01,,100.0,3.894703418880021,,,,,,,,,,,,,,3.8947034188800216,3.894703418880021,UK,-53.768474529791966,,,,,,,,,,
1973-07-01,,-11.589442366288244,-5.233778354771863,,,,,,,,,,,,,,-5.233778354771863,-5.233778354771863,UK,-1.4203799478620356,,,,,,,,,,
1973-08-01,,-11.248346462564527,21.72668643523585,,,,,,,,,,,,,,21.72668643523585,21.72668643523585,UK,41.51170617391608,,,,,,,,,,
1973-09-01,,-11.001181859406325,30.495454709600573,,,,,,,,,,,,,,30.49545470960057,30.495454709600573,UK,55.39343665100471,,,,,,,,,,
1973-10-01,,15.869663084599459,13.606277710719965,,,,,,,,,,,,,,13.606277710719965,13.606277710719965,UK,12.24824648639227,,,,,,,,,,
1973-11-01,,16.482168117828678,5.792264855987903,,,,,,,,,,,,,,5.792264855987903,5.792264855987903,UK,-0.6216771011165627,,,,,,,,,,
1973-12-01,,17.09340159228389,-3.978873219952671,,,,,,,,,,,,,,-3.9788732199526713,-3.9788732199526713,UK,-16.622238107294606,,,,,,,,,,
1974-01-01,,-21.212086029665635,-20.506869630251032,,,,,,,,,,,,,,-20.506869630251032,-20.506869630251032,UK,-20.083739790602273,,,,,,,,,,
1974-02-01,,-20.45044009090268,-70.1689150340885,,,,21.461487781788417,21.461487781788417,,,,,,,,,-17.808684853587405,-30.898742398712677,UK,-100.0,,,,,,,,,,
1974-03-01,,-19.699265683575216,-62.43267095415151,,,,0.8418410147462129,0.8418410147462129,,,,,,,,,-26.275806971924244,-35.315022967481056,UK,-88.0727141164973,,,,,,,,,,
1974-04-01,,-100.0,-74.71656226998303,,,,-9.49364644380435,-9.49364644380435,,,,,,,,,-37.44632465502379,-46.763884058763594,UK,-59.54649963197285,,,,,,,,,,
1974-05-01,,-100.0,-6.064651534115297,,,,-34.119761985550895,-34.119761985550895,,,,,,,,,-22.096143220649928,-18.08827029901627,UK,50.296557545415524,,,,,,,,,,
1974-06-01,,-100.0,-6.565636629283711,,,,-32.74419346965021,-32.74419346965021,,,,,,,,,-21.524811966636,-17.785018132297928,UK,49.49498139314606,,,,,,,,,,
1974-07-01,,-18.333470909380072,7.640732676305602,,,,-25.154245968108974,-25.154245968108974,,,,,,,,,-11.099255120502729,-6.414258171300645,UK,23.225254827717006,,,,,,,,,,
1974-08-01,,-16.67703511756164,-18.8225642190749,,,,-37.68993529692328,-37.68993529692328,,,,,,,,,-29.603919120702546,-26.908580395295633,UK,-20.109881679982855,,,,,,,,,,
1974-09-01,,-15.214567387853318,-18.89535186818348,,,,-31.17032386102281,-31.17032386102281,,,,,,,,,-25.90962157837738,-24.156054150828908,UK,-21.103822556381573,,,,,,,,,,
1974-10-01,,-25.09138088636093,-22.35911493192555,,,,-49.717202916460366,-49.717202916460366,,,,,,,,,-37.99230806594545,-34.084009782440475,UK,-20.719755359264326,,,,,,,,,,
1974-11-01,,-24.632430126985636,-33.7538190249632,,,,-19.85090904112099,-19.85090904112099,,,,,,,,,-25.809299034196222,-27.795429031887966,UK,-39.22665236374974,,,,,,,,,,
1974-12-01,,-24.212761421894868,-28.373269709726404,,,,-38.94306243170729,-38.94306243170729,,,,,,,,,-34.41315126514405,-32.90318087628964,UK,-30.869574682425327,,,,,,,,,,
1975-01-01,,-56.70017910419849,-41.15333779949088,,,,-38.38795111569267,-38.38795111569267,,,,,,,,,-39.57311683732048,-39.96817207786307,UK,-31.82523301666632,,,,,,,,,,
1975-02-01,,-54.90104211503641,12.887684645859157,,,,-46.25364159596075,-46.25364159596075,,,,,,,,,-20.907358920895078,-12.458598029206518,UK,53.560920702396494,,,,,,,,,,
1975-03-01,,-53.202491433563935,6.305754428471375,,,,-30.001249672678664,-30.001249672678668,,,,,,,,,-14.44110505790008,-9.254390186307216,UK,42.01070194569256,,,,,,,,,,
1975-04-01,,12.003234796497388,3.5170005038864325,,,,-34.13594217711026,-34.13594217711026,,,,,,,,,-17.998966742397393,-12.619974930826436,UK,-1.5747400716801399,,,,,,,,,,
1975-05-01,,11.196808567646958,-56.1898908040968,,,,-48.15704089046619,-48.15704089046619,,,,,,,,,-51.599690853450745,-52.74724084111225,UK,-96.62191042714305,,,,,,,,,,
1975-06-01,,10.428865221365417,-58.58917554198797,,,,-66.28754463525155,-66.28754463525155,,,,,,,,,-62.988243595281446,-61.88847658195807,UK,-100.0,,,,,,,,,,
1975-07-01,,-74.36132348561273,-75.47879824163417,,,,-82.79282545996891,-82.79282545996891,,,,,,,,,-79.65824236639688,-78.6133813352062,UK,-76.14928309524703,,,,,,,,,,
1975-08-01,,-71.60926571420221,-53.500532033000496,,,,-64.09717931749867,-64.09717931749867,,,,,,,,,-59.555759052713746,-58.04195229778543,UK,-42.63529182427947,,,,,,,,,,
1975-09-01,,-69.03332115717501,-51.50737914326443,,,,-60.639427032536766,-60.639427032536766,,,,,,,,,-56.72569222284862,-55.42111395295258,UK,-40.991813934918085,,,,,,,,,,
1975-10-01,,-38.49397795108327,-29.6281966761798,,,,-46.70734812168662,-46.70734812168662,,,,,,,,,-39.38771178789799,-36.94783300996844,UK,-24.308727911237725,,,,,,,,,,
1975-11-01,,-36.89016354672088,-16.158239294228746,,,,-63.38842706531156,-63.38842706531156,,,,,,,,,-43.14691802056179,-36.39974833897853,UK,-3.719084742733471,,,,,,,,,,
1975-12-01,,-35.40463169061857,-11.861651153360679,,,,-64.07343976864878,-64.07343976864878,,,,,,,,,-41.696958933525316,-34.238131988484156,UK,2.264137168994054,,,,,,,,,,
1976-01-01,,6.0089302251060515,0.47621339913410915,,,,-55.50949599266387,-55.50949599266388,,,,,,,,,-31.515620539036174,-23.517662054493602,UK,-2.843416696449056,,,,,,,,,,
1976-02-01,,5.998546075550165,-8.88197164459172,,,,-37.32048036624286,-37.32048036624286,,,,,,,,,-25.132548056963802,-21.069903953870785,UK,-17.810282276676855,,,,,,,,,,
1976-03-01,,5.9928806676948065,-2.429881514496351,,,,-25.138458664876918,-25.138458664876918,,,,,,,,,-15.40621131471382,-12.162128864659453,UK,-7.483538823811045,,,,,,,,,,
1976-04-01,,-0.03841880967576511,4.426390655731555,,,,-14.861571933533934,-14.861571933533932,,,,,,,,,-6.5953022524201526,-3.8398790253822255,UK,7.105276334975947,,,,,,,,,,
1976-05-01,,0.12605603261919282,16.393414221461814,,,,-18.904103303357076,-18.904103303357076,,,,,,,,,-3.7765957927204092,1.265906710825147,UK,26.15382913476739,,,,,,,,,,
1976-06-01,,0.2925181997678702,25.530379522846527,,,,-8.871076915452026,-8.871076915452026,,,,,,,,,5.872404415247353,10.786898192147145,UK,40.67309631669372,,,,,,,,,,
1976-07-01,,11.742462539926493,10.688710279235947,,,,4.128007145643155,4.128007145643155,,,,,,,,,6.939737060040066,7.876980364839037,UK,10.056458922821621,,,,,,,,,,
1976-08-01,,11.5800592872035,12.320361579308283,,,,17.533688681005337,17.533688681005337,,,,,,,,,15.299405637420886,14.554644622892734,UK,12.764542954571153,,,,,,,,,,
1976-09-01,,11.420961897398547,9.539955181744842,,,,1.833869432179598,1.8338694321795979,,,,,,,,,5.136477610564703,6.237347003359737,UK,8.411351152352623,,,,,,,,,,
1976-10-01,,22.9791820080293,22.634023181598142,,,,-9.966174424656133,-9.966174424656133,,,,,,,,,4.0053388351671275,8.66250992177488,UK,22.426927885739445,,,,,,,,,,
1976-11-01,,22.936417803321998,23.01958886017,,,,-11.063421228843948,-11.063421228843948,,,,,,,,,3.543583095019172,8.412584536306879,UK,23.069491494278807,,,,,,,,,,
1976-12-01,,22.894602482656907,24.532273975987685,,,,8.077767841144567,8.077767841144567,,,,,,,,,15.12969904179162,17.480342775340635,UK,25.514876871986154,,,,,,,,,,
1977-01-01,,24.071820216628822,28.35939407766766,,,,16.463450675344806,16.463450675344806,,,,,,,,,21.561712133483173,23.261132619529292,UK,30.93193839429096,,,,,,,,,,
1977-02-01,,23.63335171279546,30.97911576955112,,,,19.864955534159098,19.864955534159098,,,,,,,,,24.628167063612825,26.215904240097398,UK,35.386574203604525,,,,,,,,,,
1977-03-01,,23.198887945146506,21.656845765834397,,,,17.97685221402147,17.97685221402147,,,,,,,,,19.553992307655584,20.079705672200287,UK,20.731620458247132,,,,,,,,,,
1977-04-01,,-8.0029937336316,4.5423062093318185,,,,6.787324243578709,6.787324243578709,,,,,,,,,5.8251736574729,5.504456795437629,UK,12.06948617510987,,,,,,,,,,
1977-05-01,,-7.449257590787414,-4.695902980576469,,,,10.302228000482454,10.302228000482454,,,,,,,,,3.87445758002863,1.7318674398773553,UK,-3.043890214449903,,,,,,,,,,
1977-06-01,,-6.9020125888233625,5.556704805626076,,,,-0.25999741776033675,-0.25999741776033675,,,,,,,,,2.232874963690983,3.0638324241747563,UK,13.03193524229574,,,,,,,,,,
1977-07-01,,5.943607924236486,2.973855336870195,,,,-9.611277368666407,-9.611277368666407,,,,,,,,,-4.217649066293578,-2.4197729655026348,UK,1.1920037844504212,,,,,,,,,,
1977-08-01,,6.320522681706484,8.922784511980728,,,,-19.93060904420875,-19.93060904420875,,,,,,,,,-7.564868948698975,-3.4429555835290486,UK,10.484141610145276,,,,,,,,,,
1977-09-01,,6.701574127990978,10.077761852777861,,,,-14.443341934586401,-14.443341934586401,,,,,,,,,-3.9342974542874325,-0.4312826275211087,UK,12.103474487649994,,,,,,,,,,
1977-10-01,,-0.5381395816723336,6.5658547565065435,,,,2.6447451562658775,2.6447451562658775,,,,,,,,,4.325220699226163,4.885379213546258,UK,10.828251359413871,,,,,,,,,,
1977-11-01,,-0.570888471639278,-6.1250188927138005,,,,8.209048745338535,8.209048745338535,,,,,,,,,2.0658769004589628,0.018152952165771907,UK,-9.457497145358515,,,,,,,,,,
1977-12-01,,-0.6041477956652118,-15.682177646230011,,,,8.807892514044537,8.807892514044537,,,,,,,,,-1.6878518403588405,-5.186433291826633,UK,-24.72899555656889,,,,,,,,,,
1978-01-01,,-1.206302583503815,-7.6302761263548255,,,,4.3238026119432105,4.3238026119432105,,,,,,,,,-0.7993739901845189,-2.5070995242270953,UK,-11.484660252065432,,,,,,,,,,
1978-02-01,,-0.5955672623061883,-8.089769478739385,,,,20.641311053660974,20.641311053660974,,,,,,,,,8.327990825489392,4.2235507494321975,UK,-12.586290808599305,,,,,,,,,,
1978-03-01,,0.021071114542774074,0.2356363650396126,,,,21.797089892935396,21.797089892935396,,,,,,,,,12.556466952408632,9.476259305566376,UK,0.3643755153377157,,,,,,,,,,
1978-04-01,,18.249756628548976,-1.3986080427934,,,,22.77272151931048,22.77272151931048,,,,,,,,,12.41358027840882,8.960533198108262,UK,-13.187626845598825,,,,,,,,,,
1978-05-01,,20.33058741979398,38.39083154385898,,,,6.564301649571772,6.564301649571772,,,,,,,,,20.204243032837716,24.750890160593034,UK,49.22697801829798,,,,,,,,,,
1978-06-01,,22.66213359507668,4.702227885227068,,,,7.214483486760121,7.214483486760121,,,,,,,,,6.1378025146745285,5.778908857312663,UK,-6.073715540682697,,,,,,,,,,
1978-07-01,,44.01826649606676,38.22310177731468,,,,40.51346650751319,40.51346650751319,,,,,,,,,39.531881623142404,39.20468666168547,UK,34.74600294606344,,,,,,,,,,
1978-08-01,,44.20317706616888,20.809163934323713,,,,45.98015619743149,45.98015619743149,,,,,,,,,35.192588084671016,31.596732047084192,UK,6.772756055216618,,,,,,,,,,
1978-09-01,,44.446515043431035,40.90521254937979,,,,62.23058229126656,62.230582291266565,,,,,,,,,53.09113811617223,50.04465672447412,UK,38.78043105294905,,,,,,,,,,
1978-10-01,,36.30393588115544,21.990772199100917,,,,28.759868904766726,28.759868904766726,,,,,,,,,25.858827459481386,24.891813644386268,UK,13.402873989868208,,,,,,,,,,
1978-11-01,,36.46016551045577,14.195823311403247,,,,46.053169535825695,46.053169535825695,,,,,,,,,32.40002115393036,27.848971693298587,UK,0.8372179919717365,,,,,,,,,,
1978-12-01,,36.61916332936066,18.149518590227398,,,,30.651125732453576,30.651125732453576,,,,,,,,,25.29329410007093,23.507350222610047,UK,7.067731746747445,,,,,,,,,,
1979-01-01,,17.900110020873125,23.316869118290207,,,,58.34007857172935,58.34007857172935,,,,,,,,,43.330131663112574,38.32681602690698,UK,26.56692457674046,,,,,,,,,,
1979-02-01,,17.578469118404154,-10.905832928130398,,,,24.863970538379355,24.863970538379355,,,,,,,,,9.534054767018034,4.424082843230925,UK,-27.99641415605113,,,,,,,,,,
1979-03-01,,17.25689828520555,24.559698079047475,,,,11.34793428944151,11.34793428944151,,,,,,,,,17.01011877070121,18.897513597787775,UK,28.941377955352632,,,,,,,,,,
1979-04-01,,4.41339667723863,26.51656485876423,,,,8.867140293886436,8.867140293886436,,,,,,,,,16.431179393119777,18.952525759530893,UK,39.77846576767959,,,,,,,,,,
1979-05-01,,1.1782659700103157,13.251922663535044,,,,32.97710168835032,32.97710168835032,,,,,,,,,24.523453534858056,21.7055708170273,UK,20.496116679649884,,,,,,,,,,
1979-06-01,,-3.285823461033341,16.69817604700722,,,,51.6027781027878,51.6027781027878,,,,,,,,,36.6436629360247,31.65729121377033,UK,28.688575751831557,,,,,,,,,,
1979-07-01,,86.64648318865007,52.78276141438523,,,,19.94283216301923,19.94283216301923,,,,,,,,,34.0170875564618,38.708506020942664,UK,32.46452834982634,,,,,,,,,,
1979-08-01,,85.51546220005139,53.06911452679273,,,,12.94709718709477,12.94709718709477,,,,,,,,,30.142247475536756,35.87396423835075,UK,33.60130592283755,,,,,,,,,,
1979-09-01,,84.9197363885811,12.266549379714906,,,,-11.464523833655344,-11.464523833655344,,,,,,,,,-1.2940638850680943,2.0960894311276563,UK,-31.325362825604806,,,,,,,,,,
1979-10-01,,-57.18747135937927,-47.031937027067,,,,13.21264095701164,13.21264095701164,,,,,,,,,-12.606463893307778,-21.212832176747582,UK,-40.93861642767965,,,,,,,,,,
1979-11-01,,-53.51415436053421,-26.13944186505604,,,,-5.277924957635549,-5.277924957635549,,,,,,,,,-14.21857506081576,-17.19879176187583,UK,-9.714614367769139,,,,,,,,,,
1979-12-01,,-50.472256402471686,1.0619704128824448,,,,-4.212737313238968,-4.212737313238968,,,,,,,,,-1.9521482877583625,-1.1986186125981608,UK,31.98250650209492,,,,,,,,,,
1980-01-01,,19.01827883123733,12.220694422078555,,,,-46.00654084453884,-46.00654084453884,,,,,,,,,-21.05201144455996,-12.73383497790033,UK,8.142143776583291,,,,,,,,,,
1980-02-01,,17.650816142801173,41.64898801690336,,,,-43.69684527933979,-43.69684527933979,,,,,,,,,-7.1200595809498735,5.072202318513436,UK,56.04789114136468,,,,,,,,,,
1980-03-01,,16.28161977511012,-24.529529085274742,,,,-29.672404251907793,-29.67240425190779,,,,,,,,,-27.46831489477934,-26.73361844240319,UK,-49.01621840150566,,,,,,,,,,
1980-04-01,,-13.712155500321781,-34.6106567295077,,,,-44.116833750444265,-44.116833750444265,,,,,,,,,-40.0427578843286,-38.68473259562337,UK,-47.149757467019256,,,,,,,,,,
1980-05-01,,-13.38743558305399,-67.52028834364523,,,,-47.943209738069456,-47.943209738069456,,,,,,,,,-56.33338628331623,-59.13011179839848,UK,-100.0,,,,,,,,,,
1980-06-01,,-13.05814836152999,-45.87764457411604,,,,-86.33932636084563,-86.33932636084563,,,,,,,,,-68.9986055951044,-63.21836533985729,UK,-65.56934230166767,,,,,,,,,,
1980-07-01,,-100.0,-83.05274246741672,,,,-76.66195453785612,-76.66195453785612,,,,,,,,,-79.40086365052494,-80.31383335474789,UK,-72.88438794786677,,,,,,,,,,
1980-08-01,,-100.0,-68.97402369638644,,,,-100.0,-100.0,,,,,,,,,-86.70315301273705,-82.2708706836494,UK,-50.3584379142183,,,,,,,,,,
1980-09-01,,-100.0,-64.2574668470667,,,,-100.0,-100.0,,,,,,,,,-84.68177150588573,-79.57569534118097,UK,-42.81194695530671,,,,,,,,,,
1980-10-01,,-0.8985229376431203,-31.792437680642415,,,,-100.0,-100.0,,,,,,,,,-70.76818757741819,-61.02425010322425,UK,-50.328786526441995,,,,,,,,,,
1980-11-01,,-4.268264091565283,-34.5806368916645,,,,-100.0,-100.0,,,,,,,,,-71.96313009642765,-62.617506795236864,UK,-52.76806057172403,,,,,,,,,,
1980-12-01,,-7.37704145583532,-50.818969270717616,,,,-100.0,-100.0,,,,,,,,,-78.92241540173613,-71.8965538689815,UK,-76.884125959647,,,,,,,,,,
1981-01-01,,-88.69120436440225,-80.22973151420732,,,,-97.91920994205793,-97.91920994205793,,,,,,,,,-90.33800490155053,-87.81093655471473,UK,-75.15284780409036,,,,,,,,,,
1981-02-01,,-84.95618769623772,-72.78342080293358,,,,-86.41799778903409,-86.41799778903409,,,,,,,,,-80.57460765213389,-78.6268109398338,UK,-65.47976066695111,,,,,,,,,,
1981-03-01,,-81.55815961949442,-45.142523499684636,,,,-85.14321739161552,-85.14321739161552,,,,,,,,,-68.00006286650229,-62.28567802479788,UK,-23.293141827798763,,,,,,,,,,
1981-04-01,,-30.923096826093726,-18.78349868475248,,,,-64.75067982816371,-64.75067982816371,,,,,,,,,-45.05045933813033,-38.48371917478587,UK,-11.499739799947733,,,,,,,,,,
1981-05-01,,-29.198268897227138,-0.18246631273209246,,,,-69.88059663834387,-69.88059663834387,,,,,,,,,-40.009969355938836,-30.05309359513715,UK,17.227015237964935,,,,,,,,,,
1981-06-01,,-27.615116994461303,-22.798069081569707,,,,-45.07924017168338,-45.07924017168338,,,,,,,,,-35.53016684734895,-32.34714240590414,UK,-19.90784033383475,,,,,,,,,,
1981-07-01,,-3.0402886265616123,-5.252655296700383,,,,-40.03328222407448,-40.03328222407448,,,,,,,,,-25.127299255199873,-20.158638265575,UK,-6.580075298783647,,,,,,,,,,
1981-08-01,,-2.665115042667601,-5.7149325386884895,,,,-2.1896723459101155,-2.1896723459101155,,,,,,,,,-3.700498142815133,-4.204106741783472,UK,-7.544823036301023,,,,,,,,,,
1981-09-01,,-2.3048996748475843,16.787277058813245,,,,12.860094912736187,12.860094912736187,,,,,,,,,14.543172975340642,15.104198996208794,UK,28.242583099009742,,,,,,,,,,
1981-10-01,,-5.045789804335066,19.288753799823095,,,,21.36418498713638,21.36418498713638,,,,,,,,,20.47471447828783,20.178224308671645,UK,33.88947996231799,,,,,,,,,,
1981-11-01,,-4.4714231476256066,28.279501619614884,,,,8.178712317520691,8.178712317520691,,,,,,,,,16.79333630413249,19.66487763300309,UK,47.930056479959184,,,,,,,,,,
1981-12-01,,-3.899355884135934,9.525049695457747,,,,3.8546196523769303,3.8546196523769303,,,,,,,,,6.284803956554423,7.094865391280254,UK,17.579693043213958,,,,,,,,,,
1982-01-01,,7.991937814137939,2.400595904896942,,,,3.7249395202122217,3.724939520212222,,,,,,,,,3.1573636850771027,2.968171740032062,UK,-0.9542092406476563,,,,,,,,,,
1982-02-01,,8.408700306515433,-5.282987620859672,,,,7.703155593307567,7.703155593307568,,,,,,,,,2.1376656443787514,0.2825023280691452,UK,-13.498000377284736,,,,,,,,,,
1982-03-01,,8.83522654903439,2.6189294947970443,,,,21.312165591317562,21.312165591317562,,,,,,,,,13.30077869280877,10.630316393305838,UK,-1.1108487377453637,,,,,,,,,,
1982-04-01,,2.037675711185952,7.398778612253337,,,,14.737853436253873,14.737853436253872,,,,,,,,,11.592535654539356,10.544096393967852,UK,10.615440352893769,,,,,,,,,,
1982-05-01,,1.944387611413861,14.638538221289187,,,,27.999072200646836,27.999072200646836,,,,,,,,,22.273129066636418,20.36448135529961,UK,22.255028587214383,,,,,,,,,,
1982-06-01,,1.8501547731280086,29.985309713398696,,,,9.648527273771204,9.648527273771204,,,,,,,,,18.3642911764687,21.269545810701196,UK,46.866402677561105,,,,,,,,,,
1982-07-01,,15.521707558698514,9.708591593844725,,,,15.490058579201069,15.490058579201067,,,,,,,,,13.01228701404835,12.186363158997443,UK,6.220722014932452,,,,,,,,,,
1982-08-01,,15.433165221719413,4.214049021668031,,,,-11.65151049469124,-11.65151049469124,,,,,,,,,-4.851984987680124,-2.585476485343085,UK,-2.517420698362796,,,,,,,,,,
1982-09-01,,15.345466604485061,-3.3433458781487544,,,,-10.519903824934307,-10.519903824934307,,,,,,,,,-7.444236133454785,-6.419013569628277,UK,-14.556633367729043,,,,,,,,,,
1982-10-01,,-11.323500098569642,3.3842646500789217,,,,-16.881150575770924,-16.881150575770924,,,,,,,,,-8.195972621835276,-5.300913303856726,UK,12.20892349926806,,,,,,,,,,
1982-11-01,,-11.091944708339005,-12.57458597714748,,,,-4.58651486382499,-4.58651486382499,,,,,,,,,-8.009973912391771,-9.151126928580698,UK,-13.464170738432566,,,,,,,,,,
1982-12-01,,-10.861285687620521,-14.885594152200085,,,,-0.28247856861291215,-0.28247856861291215,,,,,,,,,-6.540956675864558,-8.62711604494844,UK,-17.300179230947826,,,,,,,,,,
1983-01-01,,14.175996287333303,8.618444301836002,,,,3.892442233288752,3.892442233288752,,,,,,,,,5.917871691237574,6.593014843887181,UK,5.283913110537622,,,,,,,,,,
1983-02-01,,13.928690804714774,29.705532046713707,,,,13.786812664357223,13.786812664357225,,,,,,,,,20.60912097108143,22.8832237399895,UK,39.171636791913066,,,,,,,,,,
1983-03-01,,13.682214175016128,36.26570173961484,,,,4.578064070249697,4.578064070249697,,,,,,,,,18.15848021426333,22.685285595601208,UK,49.81579427837407,,,,,,,,,,
1983-04-01,,37.22872363393966,22.450568931856534,,,,14.509495063335153,14.509495063335152,,,,,,,,,17.912812435558603,19.047251559633086,UK,13.583676110606662,,,,,,,,,,
1983-05-01,,36.76769841680472,11.320223616916886,,,,3.3401387092493904,3.3401387092493904,,,,,,,,,6.7601750982497455,7.900187227916531,UK,-3.9482612630158127,,,,,,,,,,
1983-06-01,,36.31358352225476,9.079142631692982,,,,14.880928157197646,14.880928157197646,,,,,,,,,12.394448646267078,11.565622142623553,UK,-7.261521902644086,,,,,,,,,,
1983-07-01,,8.421877488345473,8.247143336103543,,,,-5.4527289614826975,-5.4527289614826975,,,,,,,,,0.41864488033997627,2.375769494280868,UK,8.142302844758385,,,,,,,,,,
1983-08-01,,9.055540354519877,22.95006251768954,,,,8.801807439541706,8.801807439541706,,,,,,,,,14.865345330176494,16.886524627054754,UK,31.28677581559134,,,,,,,,,,
1983-09-01,,9.691889001486565,16.605603341563153,,,,15.399464740886643,15.399464740886643,,,,,,,,,15.91638128403372,16.088686798416077,UK,20.753831945609107,,,,,,,,,,
1983-10-01,,37.95966668891254,29.179746548691238,,,,30.938500993420746,30.938500993420746,,,,,,,,,30.184749088536673,29.933498453575318,UK,23.911794464558458,,,,,,,,,,
1983-11-01,,38.01825712162289,31.595673151560806,,,,29.57486093294623,29.57486093294623,,,,,,,,,30.440923312352478,30.729610772154558,UK,27.742122769523565,,,,,,,,,,
1983-12-01,,38.08067411109482,46.2918221213013,,,,18.50152680432203,18.50152680432203,,,,,,,,,30.411653368741717,34.38169555688161,UK,51.2185109274252,,,,,,,,,,
1984-01-01,,25.349218039699057,33.11909353571854,,,,25.08895912172282,25.08895912172282,,,,,,,,,28.530445299149555,29.6776073582918,UK,37.78101883333023,,,,,,,,,,
1984-02-01,,25.137067578011234,27.341617920439266,,,,8.166250501146038,8.166250501146038,,,,,,,,,16.384265109414564,19.12360331217074,UK,28.66434812589609,,,,,,,,,,
1984-03-01,,24.924864132194894,3.318726092421883,,,,22.267995665400484,22.267995665400484,,,,,,,,,14.146880134123943,11.439841623698427,UK,-9.644956731441923,,,,,,,,,,
1984-04-01,,5.7376372890599585,0.9629297429395097,,,,1.3277612547736988,1.3277612547736988,,,,,,,,,1.1714048925590463,1.1192861051541623,UK,-1.9018947847327592,,,,,,,,,,
1984-05-01,,5.679530583497242,-16.09800409686881,,,,17.460198900556744,17.460198900556744,,,,,,,,,3.0781119016600798,-1.715917097972143,UK,-29.164524905088445,,,,,,,,,,
1984-06-01,,5.621574865590804,-15.054747524048173,,,,16.852630274549757,16.852630274549757,,,,,,,,,3.17803978943636,-1.3801570389347737,UK,-27.460540957831558,,,,,,,,,,
1984-07-01,,-10.707985738987736,-5.82185653287124,,,,52.232996158650444,52.232996158650444,,,,,,,,,27.352345005141157,19.058794620638054,UK,-2.8901790092013426,,,,,,,,,,
1984-08-01,,-9.287302802928142,-10.391603949167791,,,,48.15612020355859,48.15612020355859,,,,,,,,,23.06423842381871,14.700277830572086,UK,-11.05418463691158,,,,,,,,,,
1984-09-01,,-7.816862408033069,-6.288867536670404,,,,50.34609915894259,50.34609915894259,,,,,,,,,26.073970575108454,17.98326104716374,UK,-5.372070613852805,,,,,,,,,,
1984-10-01,,3.664079584201322,-6.529549420014947,,,,33.99654177327003,33.99654177327003,,,,,,,,,16.6282169761479,10.838775377107188,UK,-12.64572682254471,,,,,,,,,,
1984-11-01,,3.1134001305537056,-1.5969005719312417,,,,33.868833607810544,33.868833607810544,,,,,,,,,18.669233245064063,13.602699790815237,UK,-4.42308099342221,,,,,,,,,,
1984-12-01,,2.522304335564411,-4.498338629258922,,,,45.93363161916728,45.93363161916728,,,,,,,,,24.31993008412748,17.11536290578088,UK,-8.710724408152922,,,,,,,,,,
1985-01-01,,25.437100820426505,10.277771340534914,,,,41.37636163528347,41.37636163528347,,,,,,,,,28.048394366105526,23.60573860971287,UK,1.1821736525999604,,,,,,,,,,
1985-02-01,,25.568108117303744,13.180690881254034,,,,59.900631615704825,59.900631615704825,,,,,,,,,39.87779987236877,33.203522624590086,UK,5.7482405396242084,,,,,,,,,,
1985-03-01,,25.708900334998386,20.874991527632343,,,,39.817483162674556,39.817483162674556,,,,,,,,,31.699272461942183,28.99320222836472,UK,17.974646243212717,,,,,,,,,,
1985-04-01,,10.149762978265441,37.19921114561624,,,,61.712144220209154,61.71214422020916,,,,,,,,,51.20660147395506,47.704753891870354,UK,53.42888004602673,,,,,,,,,,
1985-05-01,,9.959175396416837,55.510447106483596,,,,37.28738880029169,37.28738880029169,,,,,,,,,45.09727093151679,47.700564975258494,UK,82.84121013252366,,,,,,,,,,
1985-06-01,,9.768693354031162,60.38876251973202,,,,42.999909915727414,42.999909915727414,,,,,,,,,50.45227531744368,52.93639711801576,UK,90.76080401915254,,,,,,,,,,
1985-07-01,,79.95967711725737,74.68442945542436,,,,18.56853632080459,18.56853632080459,,,,,,,,,42.618204807070214,50.63476096915875,UK,71.51928085832458,,,,,,,,,,
1985-08-01,,80.22608230919381,38.13478185932931,,,,24.168130446946456,24.168130446946456,,,,,,,,,30.153838195110538,32.149074111165234,UK,12.880001589410602,,,,,,,,,,
1985-09-01,,81.94198164504016,39.239805771343356,,,,12.514195402553668,12.514195402553668,,,,,,,,,23.968028417749252,27.78597275614778,UK,13.618500247125287,,,,,,,,,,
1985-10-01,,-1.1056969063797188,6.463824762530339,,,,17.928475402950408,17.928475402950408,,,,,,,,,13.015053699913235,11.377246465567511,UK,11.005537763876374,,,,,,,,,,
1985-11-01,,-2.135434497047625,8.066342556262459,,,,15.80419978755105,15.804199787551052,,,,,,,,,12.487975259855942,11.382567083957571,UK,14.187408788248511,,,,,,,,,,
1985-12-01,,-3.60034610534663,16.78121447177351,,,,15.28095820728094,15.28095820728094,,,,,,,,,15.923925177777756,16.138247501276695,UK,29.010150818045595,,,,,,,,,,
1986-01-01,,-19.324345729707275,-22.836419641052093,,,,13.330976158727578,13.330976158727578,,,,,,,,,-2.1693363268922803,-7.3361071554322335,UK,-24.94366398785898,,,,,,,,,,
1986-02-01,,-20.585643909216703,-19.252714198545497,,,,0.4520071174643946,0.45200711746439465,,,,,,,,,-7.992873446539845,-10.807833634541257,UK,-18.452956372142776,,,,,,,,,,
1986-03-01,,-21.914722969449073,-21.114306645800628,,,,8.000256516549685,8.000256516549685,,,,,,,,,-4.477413410171877,-8.636636719079066,UK,-20.634056851611565,,,,,,,,,,
1986-04-01,,17.1109565227204,4.530614729189021,,,,-4.870466408712596,-4.870466408712596,,,,,,,,,-0.8414316353261886,0.5015799558026138,UK,-3.017590346929805,,,,,,,,,,
1986-05-01,,16.78805441127285,9.883117794039707,,,,7.708096441738069,7.7080964417380695,,,,,,,,,8.640248449867345,8.950965785910435,UK,5.740155823699824,,,,,,,,,,
1986-06-01,,16.4452584626042,-17.86896271299604,,,,3.4752499979227682,3.4752499979227687,,,,,,,,,-5.6722697353281495,-8.721442979745124,UK,-38.45749541835619,,,,,,,,,,
1986-07-01,,-37.687894302785516,-42.03040550320093,,,,-7.949013905770257,-7.949013905770257,,,,,,,,,-22.555324590383403,-27.424094818587786,UK,-44.63591222345018,,,,,,,,,,
1986-08-01,,-38.39173148811387,-18.99606797369878,,,,-11.451387752803335,-11.451387752803335,,,,,,,,,-14.684822133187097,-15.76263359331502,UK,-7.358669865049724,,,,,,,,,,
1986-09-01,,-39.348274980774576,-9.257381045647936,,,,-11.001748061771591,-11.001748061771591,,,,,,,,,-10.254162197718598,-10.004966909700931,UK,8.797155315428046,,,,,,,,,,
1986-10-01,,13.980266364564256,20.82558123810161,,,,31.16052397494372,31.16052397494372,,,,,,,,,26.731262802011386,25.25484241103394,UK,24.93277016222402,,,,,,,,,,
1986-11-01,,12.862693471589187,27.67576505229208,,,,31.224089450182657,31.22408945018266,,,,,,,,,29.703378993943844,29.1964755085309,UK,36.56360800071381,,,,,,,,,,
1986-12-01,,11.694778259259119,11.326271510014957,,,,30.747205669807677,30.747205669807673,,,,,,,,,22.423948172753654,19.64952900706898,UK,11.105167460468461,,,,,,,,,,
1987-01-01,,60.244819271683184,52.955321980360566,,,,19.555164785608937,19.555164785608937,,,,,,,,,33.869517869073924,38.640968896895586,UK,48.581623605567,,,,,,,,,,
1987-02-01,,58.65174642422764,9.838747350904944,,,,19.718449249518795,19.718449249518795,,,,,,,,,15.484291292970001,14.072905307453738,UK,-19.449052093088675,,,,,,,,,,
1987-03-01,,57.124766051830555,42.70036669642284,,,,37.12800604359605,37.12800604359605,,,,,,,,,39.51616060909325,40.312212130925644,UK,34.04572708317822,,,,,,,,,,
1987-04-01,,2.316612122541883,-9.296464186151358,,,,42.256737075032774,42.256737075032774,,,,,,,,,20.162507963096722,12.797764925784701,UK,-16.264309971367304,,,,,,,,,,
1987-05-01,,2.008687733718714,-7.171256020566209,,,,61.31569041078433,61.31569041078432,,,,,,,,,31.964141940205522,22.18029245001259,UK,-12.679222273137162,,,,,,,,,,
1987-06-01,,1.7051641720853246,10.005510394555916,,,,78.94283490685007,78.94283490685007,,,,,,,,,49.398267258724005,39.55007804268198,UK,14.98571812803827,,,,,,,,,,
1987-07-01,,42.25618249621252,20.590907622146524,,,,100.0,100.0,,,,,,,,,65.9675318380628,54.62337578408373,UK,7.591742697706932,,,,,,,,,,
1987-08-01,,41.17503403700347,54.20911824186097,,,,100.0,100.0,,,,,,,,,80.375336389369,73.83378185249198,UK,62.02956876477547,,,,,,,,,,
1987-09-01,,40.14312936970943,31.839686977315893,,,,100.0,100.0,,,,,,,,,70.78843727599252,61.051249701323364,UK,26.857621541879777,,,,,,,,,,
1987-10-01,,90.4647303589231,26.354346410513074,,,,89.43426516671956,89.43426516671956,,,,,,,,,62.400014271202494,53.38859730603015,UK,-12.111883958532943,,,,,,,,,,
1987-11-01,,85.87869539395412,13.999284244111918,,,,70.19772750122031,70.19772750122031,,,,,,,,,46.112680391031006,38.08433135430123,UK,-29.128362445793403,,,,,,,,,,
1987-12-01,,81.83077545769396,22.4936541967337,,,,73.58110824101941,73.58110824101941,,,,,,,,,51.68648507918269,44.38827735857044,UK,-13.10861855984245,,,,,,,,,,
1988-01-01,,12.139759083446243,20.080225404377025,,,,78.17881710820471,78.17881710820471,,,,,,,,,53.279420663707135,44.9796218488746,UK,24.844505196935497,,,,,,,,,,
1988-02-01,,11.558593242466324,48.210829688548245,,,,82.59125931449137,82.59125931449137,,,,,,,,,67.85678947480146,62.94529952823816,UK,70.2021715561974,,,,,,,,,,
1988-03-01,,11.035939902264353,-0.37467995454512626,,,,69.05480452135146,69.05480452135146,,,,,,,,,39.29931117453864,29.38081339226769,UK,-7.221051868630814,,,,,,,,,,
1988-04-01,,70.07408386562166,33.73240881129892,,,,68.23514275739673,68.23514275739673,,,,,,,,,53.44825678049767,48.51929478819798,UK,11.927403778705276,,,,,,,,,,
1988-05-01,,67.76849222457821,14.770102882562563,,,,51.85156605031437,51.85156605031437,,,,,,,,,35.95951040699217,30.66215852588477,UK,-17.028930722646823,,,,,,,,,,
1988-06-01,,65.72315352620952,37.79098284990088,,,,41.990953125541715,41.990953125541715,,,,,,,,,40.19096586455279,39.590970110889806,UK,21.0316804441157,,,,,,,,,,
1988-07-01,,5.901602777332856,9.405202709511466,,,,26.877045038969992,26.87704503896999,,,,,,,,,19.389112612059193,16.893135136422263,UK,11.507362668818633,,,,,,,,,,
1988-08-01,,5.147475837137859,2.3872925877610007,,,,15.281032437658876,15.281032437658876,,,,,,,,,9.755143930559788,7.91318109486009,UK,0.7311826381348868,,,,,,,,,,
1988-09-01,,4.428090620586309,10.899662051386695,,,,4.7179540647223295,4.7179540647223295,,,,,,,,,7.367257487578486,8.250358628530538,UK,14.782604909866928,,,,,,,,,,
1988-10-01,,-8.381600524191592,22.837776990034886,,,,-4.765048721013837,-4.765048721013837,,,,,,,,,7.064733726578472,11.007994542442578,UK,41.56940349857077,,,,,,,,,,
1988-11-01,,-7.760373177995296,5.480908683170413,,,,12.058827100942464,12.058827100942464,,,,,,,,,9.239719207611586,8.300016576501292,UK,13.42567779986984,,,,,,,,,,
1988-12-01,,-7.15519138292319,9.376826098467763,,,,28.17178471562721,28.17178471562721,,,,,,,,,20.116802451130308,17.43180836296467,UK,19.296036587302336,,,,,,,,,,
1989-01-01,,4.290825002353944,-13.321320847981914,,,,29.359959514966505,29.359959514966505,,,,,,,,,11.067982216560042,4.970656450424552,UK,-23.88860835818343,,,,,,,,,,
1989-02-01,,4.296774332092985,-2.738362098576386,,,,37.50134474900094,37.50134474900094,,,,5.3,10.375,,,,20.255756100039232,14.507226550385326,UK,-6.959443956978009,,,,,,,,,,
1989-03-01,,4.304320127416504,6.290549952190331,,,,16.83925093490707,16.83925093490707,,,,5.3,10.405,,,,12.318379085171326,10.811421801926077,UK,7.4822878470546295,,,,,,,,,,
1989-04-01,,-31.356000384886677,-23.60228024791383,,,,27.22919721234286,27.229197212342857,,,,5.2,10.38,,,,5.444278300804278,-1.8173613363752488,UK,-18.95004816573012,,,,,,,,,,
1989-05-01,,-31.272443715445053,8.747510879469553,,,,9.624219393481953,9.624219393481953,,,,5.3,10.553333333333335,,,,9.248487173190926,9.123243099760582,UK,32.75948363641832,,,,,,,,,,
1989-06-01,,-31.189807208250077,-39.426537655554974,,,,11.033368686005783,11.033368686005783,,,,5.2,10.425,,,,-10.592305460377398,-17.80086350917179,UK,-44.36857592393792,,,,,,,,,,
1989-07-01,,-5.715135967009428,-16.399200473033044,,,,-9.018972080225176,-9.018972080225176,,,,5.1,10.198333333333332,,,,-12.181927105714264,-13.23624544754396,UK,-22.809639176647217,,,,,,,,,,
1989-08-01,,-6.818075568383529,-43.54226341792767,,,,-3.3400232824721923,-3.3400232824721927,,,,5.1,10.219999999999999,,,,-20.569554769095973,-26.312731931303894,UK,-65.57677612765416,,,,,,,,,,
1989-09-01,,-7.9538100576270505,-4.125509723753142,,,,-6.42227792815692,-6.42227792815692,,,,4.9,9.843333333333334,,,,-5.437948697698158,-5.109838954211904,UK,-1.828529523428797,,,,,,,,,,
1989-10-01,,-52.85243071873983,-40.842378665708864,,,,-4.159391091697947,-4.159391091697947,,,,5.0,9.91666666666667,,,,-19.88067148055977,-25.121098276847043,UK,-33.63634743389029,,,,,,,,,,
1989-11-01,,-53.05010678285623,-27.175326367616695,,,,-4.291804763745293,-4.291804763745293,,,,5.1,10.088333333333335,,,,-14.099028308261609,-17.36810282310038,UK,-11.650458118472976,,,,,,,,,,
1989-12-01,,-53.28026281890432,-45.511318291404805,,,,-22.665244213579047,-22.665244213579047,,,,5.1,10.011666666666667,,,,-32.45641881836152,-35.720143686622336,UK,-40.84995157490509,,,,,,,,,,
1990-01-01,,-54.43491072272967,-30.812897828599002,,,,-25.70446716978802,-25.70446716978802,,,,5.1,9.934999999999999,,,,-27.893794594992727,-28.623570403394297,UK,-16.639690092120613,,,,,,,,,,
1990-02-01,,-52.844255753872105,-53.37166328069839,,,,-39.94826039079029,-39.94826039079029,,,,5.0,9.808333333333334,,,,-45.701147343608056,-47.61877632788064,UK,-53.68810779679417,,,,,,,,,,
1990-03-01,,-51.314871073454704,-57.375179561549,,,,-25.641306858423015,-25.641306858423015,,,,5.3,10.181666666666665,,,,-39.24153801690558,-43.77494840306643,UK,-61.011364654405575,,,,,,,,,,
1990-04-01,,-36.951226377871116,-22.898475188985614,,,,-43.33701384684736,-43.33701384684736,,,,5.5,10.406666666666666,,,,-34.577640136335184,-31.657848899497786,UK,-14.466824475654317,,,,,,,,,,
1990-05-01,,-36.06882224523182,-25.910004283525694,,,,-40.14777478513699,-40.14777478513699,,,,5.9,10.931666666666667,,,,-34.04587314158929,-32.01190592707339,UK,-19.814713506502024,,,,,,,,,,
1990-06-01,,-35.23585096759999,10.160804652380675,,,,-48.405117429210776,-48.405117429210776,,,,6.2,11.306666666666668,,,,-23.305436537100157,-14.938876239729947,UK,37.39879802436907,,,,,,,,,,
1990-07-01,,-35.83692214388531,10.927924020122996,,,,-19.108040845411573,-19.108040845411573,,,,6.3,11.383333333333333,,,,-6.235484474468187,-1.944632350820391,UK,38.98683171852798,,,,,,,,,,
1990-08-01,,-33.21360437170912,-15.309624567920443,,,,-37.2647198025223,-37.2647198025223,,,,6.3,11.211666666666666,,,,-27.855393273407216,-24.71895109703552,UK,-4.56723668564724,,,,,,,,,,
1990-09-01,,-30.488248317575216,-58.41470008198265,,,,-40.17745154995413,-40.17745154995413,,,,6.7,11.64166666666667,,,,-47.993415206537776,-50.598736425399,UK,-75.17057114062712,,,,,,,,,,
1990-10-01,,-73.98249033560951,-81.73517353794767,,,,-66.37777453071928,-66.37777453071928,,,,7.0,11.923333333333332,,,,-72.95951696238859,-75.15343110627836,UK,-86.38678345935057,,,,,,,,,,
1990-11-01,,-71.8510176163636,-57.56273619525661,,,,-65.3560655032648,-65.3560655032648,,,,7.0,11.756666666666668,,,,-62.01606722840416,-60.90273447011727,UK,-48.98976734259241,,,,,,,,,,
1990-12-01,,-70.09660692463535,-54.8071479000353,,,,-80.88424099953062,-80.88424099953062,,,,7.1,11.643333333333333,,,,-69.70834395688978,-65.98304494267616,UK,-45.63347248527527,,,,,,,,,,
1991-01-01,,-48.56911990473346,-47.76708524298244,,83.35639789474773,83.35639789474773,-75.36561603254385,-75.36561603254385,,,,7.2,11.631666666666668,,,,4.259589808412583,-13.170701501155973,UK,-47.28586444593183,,,,,,,,,,
1991-02-01,,-46.860419379122284,-43.379272231480094,,52.8765483288341,52.8765483288341,-92.40291925667351,-92.40291925667351,,,,6.7,10.623333333333335,,,,-14.037707980625369,-25.72672189200839,UK,-41.29058394289479,,,,,,,,,,
1991-03-01,,-45.394923700347256,-28.578417031352398,,48.84911716613911,48.84911716613911,-88.2115365079468,-88.2115365079468,,,,6.7,10.368333333333334,,,,-11.191284163769982,-19.816970288675407,UK,-18.488513029955485,,,,,,,,,,
1991-04-01,,-70.29296720557868,-66.90039748248267,,-6.152421549224926,-6.152421549224926,-100.0,-100.0,,,,6.6,9.966666666666667,,,,-49.04736321098442,-56.34132382269319,UK,-64.86485564862508,,,,,,,,,,
1991-05-01,,-66.86410835514681,-87.57404063318006,,100.0,100.0,-96.6408288725317,-96.6408288725317,,,,8.1,11.869999999999997,,,,-3.7911874915128476,-29.89521418698625,UK,-100.0,,,,,,,,,,
1991-06-01,,-63.76120149175966,-78.94642816766276,,97.44133495986944,97.44133495986944,-96.06025414881016,-96.06025414881016,,,,8.2,11.776666666666667,,,,-2.8024839491547944,-27.019457237095967,UK,-88.05756417320464,,,,,,,,,,
1991-07-01,,-60.54188472527965,-71.69734122222295,,98.9035915188601,98.9035915188601,-77.52418541186891,-77.52418541186891,,,,8.2,11.633333333333331,,,,5.248675676847391,-18.586320830626654,UK,-78.39061512038892,,,,,,,,,,
1991-08-01,,-58.275892326307954,-34.84226089527018,,10.795292802875144,10.795292802875144,-56.12087884766663,-56.120878847666624,,,,7.9,10.943333333333335,,,,-20.32604163532509,-25.943698517663666,UK,-20.78208203664752,,,,,,,,,,
1991-09-01,,-56.287713743483735,-56.8541357423503,,5.568164351445142,5.568164351445142,-46.02757956141422,-46.02757956141422,,,,8.0,10.856666666666667,,,,-24.71259533569515,-33.93214622767666,UK,-57.19398894167025,,,,,,,,,,
1991-10-01,,-9.979181196647344,-24.232884262882955,,-19.935948000015024,-19.935948000015024,-38.70652624147911,-38.70652624147911,,,,7.8,10.423333333333334,,,,-26.703111211896566,-26.75241086517553,UK,-32.785106102624326,,,,,,,,,,
1991-11-01,,-8.647809558935512,-20.479114503739385,,-8.205959372009303,-8.205959372009303,-36.77641027584132,-36.77641027584132,,,,7.6,9.991666666666665,,,,-19.829133911279943,-20.933144412981548,UK,-27.577897470621714,,,,,,,,,,
1991-12-01,,-7.402100258004237,2.206976007266424,,-4.697051158785091,-4.697051158785091,-18.778274990567084,-18.778274990567084,,,,7.4,9.561666666666667,,,,-7.436498376398431,-5.655728481269365,UK,7.972421766428821,,,,,,,,,,
1992-01-01,,-18.147393985788664,-7.225580646560406,,18.387618609424422,18.387618609424422,-11.799533067822063,-11.799533067822063,,,,7.5,9.683333333333334,,,,3.188525957352081,-0.24767063946904852,UK,-0.6724926430234528,,,,,,,,,,
1992-02-01,,-16.098007304410068,-15.049536005761075,,14.871884892533554,14.871884892533554,-5.2656447969715945,-5.2656447969715945,,,,7.3,9.256666666666668,,,,1.770778626925518,-2.8252124436848587,UK,-14.420453226571677,,,,,,,,,,
1992-03-01,,-13.984663383528964,-16.38093061282456,,5.9879495916389835,5.9879495916389835,-12.246014098106544,-12.246014098106544,,,,7.1,8.833333333333332,,,,-4.784550052389689,-8.09817097281601,UK,-17.818690950401916,,,,,,,,,,
1992-04-01,,-11.352380312626234,-9.306974041500483,,5.254768555829374,5.254768555829374,-14.30643357790119,-14.30643357790119,,,,7.2,8.863333333333333,,,,-4.124465007779229,-5.985757186771873,UK,-8.079730278825036,,,,,,,,,,
1992-05-01,,-11.253603902465482,12.367786454008382,,-96.72583952873073,-96.72583952873073,4.874069174813507,4.874069174813507,,,,5.1,5.694999999999999,,,,-40.28887700854655,-24.61565857716559,UK,26.5406206678927,,,,,,,,,,
1992-06-01,,-11.18842256268493,-28.44573062084846,,-100.0,-100.0,17.443126429741667,17.443126429741667,,,,4.6,4.929999999999999,,,,-47.351129703352214,-39.02509903644328,UK,-38.80011545574658,,,,,,,,,,
1992-07-01,,-22.27286804557471,-27.0038661910947,,-100.0,-100.0,9.33446401523332,9.33446401523332,,,,4.3,4.368333333333332,,,,-49.513364808642365,-40.6166663307068,UK,-29.8424650784067,,,,,,,,,,
1992-08-01,,-21.17373388971242,-17.099733972756386,,-51.082286263297135,-51.082286263297135,-4.823206617793097,-4.823206617793097,,,,4.1,4.06,,,,-29.006595843786485,-24.68635875236266,UK,-14.655334022582768,,,,,,,,,,
1992-09-01,,-20.086266223504055,23.957972878393228,,-59.57731769178976,-59.57731769178976,-5.0381607780468824,-5.0381607780468824,,,,3.5,3.1549999999999994,,,,-23.518663894442035,-10.62281008365571,UK,50.3845163395316,,,,,,,,,,
1992-10-01,,10.416607706086587,36.44657823706406,,-46.23594016677159,-46.23594016677159,-9.807262871211924,-9.807262871211924,,,,3.4,2.8066666666666666,,,,-15.946535213406545,-2.5071861651114147,UK,52.064560555650544,,,,,,,,,,
1992-11-01,,12.482055224101542,21.778107580563155,,-63.12217713877863,-63.12217713877863,-22.257528644803713,-22.257528644803713,,,,3.1,2.2616666666666667,,,,-30.95606574386132,-17.289270351696445,UK,27.355738994440127,,,,,,,,,,
1992-12-01,,14.774831908053379,-10.585736857642429,,-56.33377667180582,-56.33377667180582,-48.93770004366166,-48.93770004366166,,,,2.8,1.6233333333333335,,,,-43.50082082910837,-35.57409868149485,UK,-25.802078117059914,,,,,,,,,,
1993-01-01,,13.316351939009971,-11.125625872404674,,-61.04537748817347,-61.04537748817347,-43.8060222370182,-43.8060222370182,,,,2.5,1.0899999999999999,,,,-44.22101780725597,-35.924114514085495,UK,-25.79081255925346,,,,,,,,,,
1993-02-01,,12.913774622927965,-5.04384221525582,,-67.28869668352847,-67.28869668352847,-43.884115509488154,-43.884115509488154,,,,2.1,0.3116666666666674,,,,-45.72308990653006,-35.4511127394314,UK,-15.818412318166091,,,,,,,,,,
1993-03-01,,12.507203561480864,20.18431989851546,,-54.02168187837309,-54.02168187837309,0.47346172845340734,0.47346172845340734,,,,2.2,0.5850000000000004,,,,-20.12948343545219,-8.906424537298856,UK,24.790589700736216,,,,,,,,,,
1993-04-01,,16.980077346067095,14.66894499315112,,-44.504249431562215,-44.504249431562215,20.328458520759614,20.328458520759614,,,,2.2,0.6116666666666677,,,,-10.90037134822165,-2.773107270157277,UK,13.282265581401537,,,,,,,,,,
1993-05-01,,18.747468614702562,9.974507351396237,,-29.052912616157002,-29.052912616157002,41.84452907535287,41.84452907535287,,,,2.3,0.8883333333333341,,,,1.7680125122044779,6.046109364399549,UK,4.710730593412444,,,,,,,,,,
1993-06-01,,20.689028212126082,38.31997176914276,,-32.35763749956189,-32.35763749956189,23.039323247436176,23.039323247436176,,,,2.4,1.166666666666666,,,,0.9977987153693586,11.552871119483086,UK,48.89853790335277,,,,,,,,,,
1993-07-01,,30.743384677046325,26.772283830812498,,-39.76859477247251,-39.76859477247251,16.986365070406233,16.986365070406233,,,,2.2,0.8966666666666661,,,,-6.949942835444047,2.8104087147784376,UK,24.389623323072204,,,,,,,,,,
1993-08-01,,31.22121968069106,28.598886988993584,,-38.555858692602214,-38.555858692602214,10.854669214886304,10.854669214886304,,,,2.3,1.1766666666666663,,,,-7.855370333006715,2.2976406390429713,UK,27.0254873739751,,,,,,,,,,
1993-09-01,,31.880077955819917,11.556675600143548,,-24.71284881093252,-24.71284881093252,16.66837117627856,16.66837117627856,,,,2.7,1.9066666666666676,,,,-3.6102754892346325,1.3080537645273114,UK,-0.6373658132622708,,,,,,,,,,
1993-10-01,,32.55114663877205,22.7918802150419,,-15.138608551447005,-15.138608551447005,18.50060064895625,18.50060064895625,,,,2.7,1.8399999999999994,,,,3.9651070717129757,9.479327778503166,UK,16.936320360803812,,,,,,,,,,
1993-11-01,,33.262560451572874,16.94878978677878,,-30.88212584977132,-30.88212584977132,30.903745956975715,30.903745956975715,,,,2.5,1.6733333333333338,,,,-0.8331847623375932,5.375471692681127,UK,7.160527387902324,,,,,,,,,,
1993-12-01,,34.08396864764139,49.14426593700385,,-48.798053839318726,-48.798053839318726,33.062683161027635,33.062683161027635,,,,2.4,1.461666666666666,,,,-1.0080609677530952,13.422839876701737,UK,58.180444310621326,,,,,,,,,,
1994-01-01,,17.653329984277683,43.37573382092915,,-48.02157273633932,-48.02157273633932,35.383159618584685,35.383159618584685,,,,2.5,1.6516666666666655,,,,-1.2668920369930565,11.929878408352925,UK,58.809176122920036,,,,,,,,,,
1994-02-01,,18.989328121079936,51.02127228970816,,-27.616981438044956,-27.616981438044956,56.343715753435,56.343715753435,,,,2.6,2.041666666666668,,,,16.364368558045747,27.249669335149644,UK,70.2404387908851,,,,,,,,,,
1994-03-01,,20.420154125616623,15.113934167217028,,-20.18048257388766,-20.18048257388766,58.04722186144288,58.047221861442885,,,,2.6,2.280000000000001,,,,12.034445731084363,15.360583180693,UK,11.930202192177273,,,,,,,,,,
1994-04-01,,55.11760463097725,41.81581368790736,,-31.37835446683914,-31.37835446683914,60.03867344051892,60.03867344051892,,,,2.4,2.1199999999999974,,,,13.640923694212535,23.262298956319928,UK,33.83473912206543,,,,,,,,,,
1994-05-01,,54.501908553849496,53.768371847370204,,-56.0907447608864,-56.0907447608864,21.078005486457485,21.078005486457485,,,,1.8,1.3600000000000017,,,,-6.99441008287522,9.755864042426841,UK,53.32824982348263,,,,,,,,,,
1994-06-01,,53.89839149888629,74.2263304886865,,-55.43619419165452,-55.43619419165452,5.331706140323892,5.331706140323892,,,,1.7,1.2516666666666665,,,,-6.816257624813236,14.11927627940265,UK,86.42309388256663,,,,,,,,,,
1994-07-01,,53.6649829207432,55.641811835051705,,-44.34404408520568,-44.34404408520568,9.469744956175136,9.469744956175136,,,,1.7,1.391666666666667,,,,-4.712296090875266,11.164122059887056,UK,56.82790918363681,,,,,,,,,,
1994-08-01,,53.38706640484312,39.80225654746369,,-38.84959513107616,-38.84959513107616,24.87831474145133,24.87831474145133,,,,1.3,0.9316666666666658,,,,-1.0905801675585007,10.575345395030928,UK,31.651370633036045,,,,,,,,,,
1994-09-01,,53.13169158335599,31.64390308157256,,-33.120594069369666,-33.120594069369666,40.05197908177402,40.05197908177402,,,,1.3,1.0699999999999994,,,,4.339697011968905,13.149764199914548,UK,18.751229980502504,,,,,,,,,,
1994-10-01,,37.885489232335686,38.211779202112886,,-44.39756235981863,-44.39756235981863,52.501327786596164,52.501327786596164,,,,1.1,0.9066666666666661,,,,4.481174968754735,15.581612294752132,UK,38.40755318397922,,,,,,,,,,
1994-11-01,,35.858323885394405,35.18704095982414,,-36.21865293393936,-36.21865293393936,62.06978739965706,62.06978739965706,,,,1.0,0.9916666666666671,,,,10.502181144189578,19.538263112290853,UK,34.78427120448198,,,,,,,,,,
1994-12-01,,33.851174382767276,21.600120581100413,,-27.110022916636417,-27.110022916636417,76.7943422161071,76.7943422161071,,,,1.3,1.5750000000000002,,,,16.101353315993165,20.84787784894297,UK,14.249488300100296,,,,,,,,,,
1995-01-01,,21.0880460318728,23.584318131295316,,-8.828208996977525,-8.828208996977525,66.82770554047495,66.82770554047495,,,,1.5,2.006666666666666,,,,21.930347890301583,24.838138097781876,UK,25.08208139094883,,,,,,,,,,
1995-02-01,,19.785643057834346,1.7286032026094156,,0.5615745845877235,0.5615745845877235,35.32715798535773,35.32715798535773,,,,1.7,2.3399999999999994,,,,11.527991465906577,10.400320317829573,UK,-9.105620710525542,,,,,,,,,,
1995-03-01,,18.52002810859208,12.241754965907464,,-13.170317063387065,-13.170317063387065,-4.285304172557291,-4.285304172557291,,,,1.5,2.0733333333333324,,,,-4.572142628679167,-0.3527327602479602,UK,8.474791080296699,,,,,,,,,,
1995-04-01,,7.660195928148439,2.8923708552121523,,-14.749767970703825,-14.749767970703825,-6.762759085944089,-6.762759085944089,,,,1.7,2.5050000000000003,,,,-8.220963969412528,-5.361618880841444,UK,0.03167581145038026,,,,,,,,,,
1995-05-01,,7.603073129200119,15.279174781901885,,-26.314683698763975,-26.314683698763975,7.019935369761608,7.019935369761607,,,,1.8,2.686666666666666,,,,-6.459295105217827,-0.275831495939042,UK,19.884835773522944,,,,,,,,,,
1995-06-01,,7.559194246018448,-5.197714816041717,,-12.823503647687563,-12.823503647687563,41.495913854537356,41.495913854537356,,,,1.9,2.966666666666667,,,,5.649960698761454,4.929483662048211,UK,-12.851860253277817,,,,,,,,,,
1995-07-01,,-7.219699639678351,-3.652853645847925,,-11.324228522857556,-11.324228522857556,34.54654770147724,34.54654770147724,,,,2.1,3.296666666666667,,,,4.560173748555373,4.172826564005763,UK,-1.5127460495496703,,,,,,,,,,
1995-08-01,,-6.836426398657299,-5.528280906558636,,-0.3256940101940818,-0.3256940101940818,37.45174460147963,37.45174460147963,,,,2.3,3.723333333333333,,,,10.097536278852164,7.710760222645434,UK,-4.743393611299437,,,,,,,,,,
1995-09-01,,-6.475328275082698,4.715991318881674,,-11.687904369755552,-11.687904369755552,11.521848966509832,11.521848966509832,,,,2.1,3.448333333333334,,,,-0.7609274150653043,1.2906787340645032,UK,11.430783075260297,,,,,,,,,,
1995-10-01,,30.354281527545236,4.562116199060739,,-4.215471363744482,-4.215471363744482,11.497165713520516,11.497165713520516,,,,2.3,3.7716666666666687,,,,2.64478332836903,3.6159155674392625,UK,-10.913182998029956,,,,,,,,,,
1995-11-01,,29.076072433905697,-2.4181517278154563,,-8.799406894073423,-8.799406894073423,-10.282435221662526,-10.282435221662526,,,,2.4,3.9433333333333316,,,,-7.783125956502846,-6.580732914062093,UK,-21.31468622484815,,,,,,,,,,
1995-12-01,,27.806394440817844,4.52524961514837,,-4.759275432774504,-4.759275432774504,20.124803093562118,20.124803093562118,,,,2.3,4.106666666666666,,,,5.0399468171574275,5.7493200875665345,UK,-9.443437280253313,,,,,,,,,,
1996-01-01,,0.9129357392456308,-2.7732122525429217,,-9.970506620192424,-9.970506620192424,7.648247075216663,7.648247075216663,,,,2.3,4.02,,,,-2.888437552147435,-2.2742598590594123,UK,-4.984901047616054,,,,,,,,,,
1996-02-01,,0.3901680092828319,22.13610487225492,,-19.933847195843327,-19.933847195843327,35.70506980369065,35.70506980369065,,,,2.1,3.8283333333333314,,,,6.894270050497491,12.305328742225356,UK,35.183666990038176,,,,,,,,,,
1996-03-01,,-0.13640673718184615,22.658954859202957,,-13.39142191421023,-13.39142191421023,20.475057070483675,20.475057070483675,,,,2.2,4.081666666666667,,,,5.348350874944784,10.516374437428155,UK,36.33617181703384,,,,,,,,,,
1996-04-01,,17.588112699464464,25.685996944763286,,-17.24684716120891,-17.24684716120891,17.50593516477148,17.50593516477148,,,,2.1,3.833333333333332,,,,3.353896040470948,9.723145662338505,UK,30.544727491942584,,,,,,,,,,
1996-05-01,,16.167659391253288,-22.99969065094216,,-8.843560537615915,-8.843560537615915,-0.4533093540011343,-0.4533093540011343,,,,2.0,3.6799999999999997,,,,-9.528744045732807,-12.392289880827832,UK,-46.50010067625943,,,,,,,,,,
1996-06-01,,14.682629453724564,-17.649820742155338,,-15.768544967322558,-15.768544967322558,-16.845354534457872,-16.845354534457872,,,,2.0,3.673333333333332,,,,-16.53401155140253,-16.830260681482695,UK,-37.04929085968328,,,,,,,,,,
1996-07-01,,7.329091507491989,-19.531250791118843,,-11.748560341438603,-11.748560341438603,7.911968568865365,7.911968568865365,,,,1.9,3.613333333333335,,,,-7.495172318963591,-9.648239665456352,UK,-35.647456170285345,,,,,,,,,,
1996-08-01,,6.156899248689938,-0.23785237068293413,,-12.04922235175008,-12.04922235175008,9.83764330026042,9.83764330026042,,,,1.9,3.698333333333334,,,,-2.5891013862698147,-1.3109144275658595,UK,-4.074703342306657,,,,,,,,,,
1996-09-01,,4.914127190322967,-0.5594429319054275,,-5.466362595901394,-5.466362595901394,23.113553272427325,23.113553272427325,,,,1.9,3.6799999999999997,,,,4.459823747583435,4.241325384646991,UK,-3.8435850052424643,,,,,,,,,,
1996-10-01,,-14.832163184969454,-4.613529826277716,,-1.0973312777490447,-1.0973312777490447,5.039521529797819,5.039521529797819,,,,2.0,3.8100000000000005,,,,-0.020499309702779807,-0.8876446699853698,UK,1.5176501889373264,,,,,,,,,,
1996-11-01,,-15.184664595652874,-1.18933239881486,,6.691652580991686,6.691652580991686,15.482504308039358,15.482504308039358,,,,2.1,4.036666666666665,,,,7.577841193974074,5.825195746558246,UK,7.207866919287947,,,,,,,,,,
1996-12-01,,-15.779144708607673,-2.241834819499156,,9.336699642885684,9.336699642885684,0.8536113336321628,0.8536113336321627,,,,2.2,4.3583333333333325,,,,4.054549133334253,2.302623267364673,UK,5.880551113965953,,,,,,,,,,
1997-01-01,,89.7996731812466,37.99204056480098,,-0.11869565045830233,-0.11869565045830233,26.344842089275705,26.344842089275705,,,,2.2,4.428333333333331,,,,16.81871662682738,22.64127680367902,UK,6.907460994933615,,,,,,,,,,
1997-02-01,,87.276778051424,49.7192160116378,,-14.208137505386626,-14.208137505386626,25.974576081676222,25.974576081676222,,,,2.1,4.443333333333333,,,,12.908240563792194,22.83689195452493,UK,27.184678787766085,,,,,,,,,,
1997-03-01,,83.44283642781747,35.216943164420655,,-29.954430629666735,-29.954430629666735,48.67585672162056,48.67585672162056,,,,1.9,4.303333333333334,,,,9.279051738595678,17.95223598299775,UK,6.281407206382567,,,,,,,,,,
1997-04-01,,63.594057833789485,-5.5401360954232315,,-28.78879073111683,-28.78879073111683,48.20304661284203,48.20304661284203,,,,2.0,4.510000000000001,,,,0.2660795214151909,1.4776904556181867,UK,-47.02065245295086,,,,,,,,,,
1997-05-01,,62.06983048769196,48.32653760844201,,-34.19122284493818,-34.19122284493818,39.40895940653647,39.40895940653647,,,,1.8,4.166666666666666,,,,7.497547183218678,19.47765102415328,UK,40.08056188089205,,,,,,,,,,
1997-06-01,,60.769845877603444,25.43433091659431,,-25.08673012816488,-25.08673012816488,24.61857858440604,24.61857858440604,,,,1.8,4.123333333333333,,,,1.8659174091090625,9.022057517941317,UK,4.233021939988829,,,,,,,,,,
1997-07-01,,77.63229305512415,70.50413339270236,,-23.300991718543752,-23.300991718543752,-16.8480333992703,-16.8480333992703,,,,1.8,3.9800000000000018,,,,0.33187048228948757,16.920497105361605,UK,66.22723759524929,,,,,,,,,,
1997-08-01,,75.3077144274081,65.8543050347668,,-1.0112769365101864,-1.0112769365101864,-1.3694329355849926,-1.3694329355849926,,,,1.8,4.133333333333333,,,,14.309040134069178,26.324330077596127,UK,60.18225939918202,,,,,,,,,,
1997-09-01,,73.41634547135759,40.54199088664647,,2.5392134715687757,2.5392134715687757,38.287537774304,38.287537774304,,,,1.9,4.531666666666665,,,,22.30856958358216,27.754645364388338,UK,20.817378135819805,,,,,,,,,,
1997-10-01,,24.636803902930478,7.085343734290245,,-15.946045744395757,-15.946045744395757,78.00838056296023,78.00838056296023,,,,1.8,4.425000000000001,,,,18.277944537564395,18.79815189371229,UK,-3.445532366893894,,,,,,,,,,
1997-11-01,,24.229897709853816,22.78244359300951,,-23.513287231133805,-23.513287231133805,64.61528275106538,64.61528275106538,,,,1.8,4.465,,,,14.286826030499016,19.20675579449144,UK,21.91397112290293,,,,,,,,,,
1997-12-01,,24.017511503832807,35.99393841428564,,-20.494084180671678,-20.494084180671678,16.76588658696963,16.76588658696963,,,,1.9,4.65,,,,4.006219731285027,12.712019782906546,UK,43.17979456055735,,,,,,,,,,
1998-01-01,,57.71304130608807,34.33203482936476,,-25.389161433260597,-25.389161433260597,-1.0244144749436135,-1.0244144749436135,,,,1.8,4.531666666666666,,,,-4.110501693172597,5.671581727363352,UK,20.303430943330785,,,,,,,,,,
1998-02-01,,55.7835323397088,12.157716760540564,,-51.33346592832003,-51.33346592832003,-23.337388383886378,-23.337388383886378,,,,1.6,4.16,,,,-28.06747683260338,-17.748395742722007,UK,-14.017772586960376,,,,,,,,,,
1998-03-01,,54.109560838728854,25.89726081678661,,-33.84537173353026,-33.84537173353026,-28.3783211265631,-28.378321126563097,,,,1.8,4.389999999999999,,,,-18.37644095823647,-7.863675523832178,UK,8.969880803621265,,,,,,,,,,
1998-04-01,,-29.448073963134412,51.456972263824596,,-26.606177978802542,-26.606177978802542,-24.57894846865956,-24.57894846865956,,,,1.7,4.268333333333334,,,,-7.967841919690747,5.965522373467597,UK,100.0,,,,,,,,,,
1998-05-01,,-27.14664103534645,23.219936546541895,,-17.496284134404945,-17.496284134404945,-1.9893928750936603,-1.9893928750936605,,,,1.5,3.8983333333333343,,,,-3.3288820513214317,3.3827386634903873,UK,53.4398830956749,,,,,,,,,,
1998-06-01,,-25.182220735366258,15.722154597137656,,-4.049505433081539,-4.049505433081539,17.242772350777052,17.242772350777052,,,,1.7,4.129999999999999,,,,7.064655430463996,9.794481162149804,UK,40.264779796640006,,,,,,,,,,
1998-07-01,,-0.38819811867762954,-18.726077754404084,,-26.816001049960676,-26.816001049960676,30.848201037477118,30.848201037477114,,,,1.6,3.911666666666666,,,,-7.206264262543681,-7.9720806743965165,UK,-29.728805535839957,,,,,,,,,,
1998-08-01,,-0.3985443658535953,-33.89255295932087,,-52.22163971576268,-52.22163971576268,-5.306977355408928,-5.306977355408928,,,,1.4,3.544999999999999,,,,-33.55656973801341,-32.07114374430669,UK,-53.98895811540124,,,,,,,,,,
1998-09-01,,-0.441275596517747,2.566146505075164,,-84.27455563327379,-84.27455563327379,-42.86792683825917,-42.86792683825917,,,,1.2,3.2783333333333324,,,,-51.4938924336503,-37.49966238811387,UK,4.370599766030911,,,,,,,,,,
1998-10-01,,-32.13788843862504,-6.5183870993514885,,-55.297702230942534,-55.297702230942534,-70.33809000377714,-70.33809000377714,,,,1.3,3.3599999999999994,,,,-48.66874882298602,-39.33501067989911,UK,8.85331370421264,,,,,,,,,,
1998-11-01,,-31.499733549615726,-3.799876611172106,,-42.37227596633628,-42.37227596633628,-65.57678132377069,-65.57678132377069,,,,1.2,3.1433333333333326,,,,-40.61080084050898,-32.79506869891153,UK,12.820037551894064,,,,,,,,,,
1998-12-01,,-30.910761192503138,-33.80460478147969,,-29.82531480157764,-29.82531480157764,-45.02199206746778,-45.02199206746778,,,,1.1,3.0233333333333334,,,,-35.41951318644431,-35.54925713414891,UK,-35.54091093486563,,,,,,,,,,
1999-01-01,,-58.59240892747829,-67.71006746126427,,-24.164013563738855,-24.164013563738855,-64.39262746513234,-64.39262746513234,,,,1.2,3.004999999999999,,,,-46.59113797128887,-52.85984198232958,UK,-73.18066258153587,,,,,,,,,,
1999-02-01,,-57.37810486452194,-37.03849097722356,,-22.900369232741934,-22.900369232741934,-56.351085746997335,-56.351085746997335,,,,1.2,2.9400000000000004,,,,-36.45554087047013,-37.70658644585444,UK,-24.834722644844543,,,,,,,,,,
1999-03-01,,-56.23594359232413,-41.05534567454815,,-45.32335384902602,-45.32335384902602,-59.12295440611095,-59.122954406110956,,,,1.0,2.578333333333333,,,,-48.584459826326494,-47.28765320948105,UK,-31.94698692388256,,,,,,,,,,
1999-04-01,,-12.995176688865644,-10.462913169944414,,-47.29079649787625,-47.29079649787625,-52.0700082695121,-52.0700082695121,,,,0.9,2.368333333333333,,,,-40.26258089039532,-33.4686321480113,UK,-8.943555058591675,,,,,,,,,,
1999-05-01,,-12.322057337928513,-24.819744246654043,,-57.98891651083915,-57.98891651083915,-36.201253478297566,-36.201253478297566,,,,0.9,2.408333333333333,,,,-43.63059582447595,-38.51514168856611,UK,-32.31835639188936,,,,,,,,,,
1999-06-01,,-11.66229970407711,2.336822622584358,,-57.07511316216757,-57.07511316216757,-18.97692920726116,-18.97692920726116,,,,0.8,2.296666666666667,,,,-31.642148302638226,-22.443782288256077,UK,10.736296018581239,,,,,,,,,,
1999-07-01,,-40.604958009074444,-0.3177530050367605,,-55.75249008197051,-55.75249008197051,-12.209997286331268,-12.209997286331268,,,,0.8,2.2366666666666672,,,,-29.562168357866025,-21.287055015684558,UK,23.85456999738585,,,,,,,,,,
1999-08-01,,-39.13947166221213,10.092131490223633,,-55.49562599616558,-55.49562599616558,-7.573593594354186,-7.573593594354186,,,,0.7,2.126666666666667,,,,-25.61474891413379,-15.685742406390014,UK,39.63109338168509,,,,,,,,,,
1999-09-01,,-37.72850756837695,-4.1241403455429815,,-49.36096168435547,-49.36096168435547,-34.320018312245104,-34.320018312245104,,,,0.7,2.0683333333333325,,,,-34.29371264551863,-26.752780996453964,UK,16.0384799881574,,,,,,,,,,
1999-10-01,,74.30309378669206,40.235792985999005,,-64.54951238803984,-64.54951238803984,-20.0489041347805,-20.0489041347805,,,,0.5,1.8099999999999996,,,,-26.67579322379723,-9.579736166402798,UK,19.79541250558318,,,,,,,,,,
1999-11-01,,69.27488918743381,41.11047591082755,,-61.85833068893424,-61.85833068893424,-27.6908151860501,-27.690815186050095,,,,0.5,1.7550000000000008,,,,-27.58321670348639,-10.415771243383668,UK,24.2118279448638,,,,,,,,,,
1999-12-01,,65.10534487722678,51.29945897992336,,-62.47024395418924,-62.47024395418924,-27.210920942534777,-27.21092094253478,,,,0.4,1.5516666666666672,,,,-25.36667465811573,-6.3025993755181275,UK,43.015927441541294,,,,,,,,,,
2000-01-01,,36.6778958268799,40.249488044441755,,-56.47079018536245,-56.47079018536245,-38.28158850510914,-38.28158850510914,,,,0.3,1.251666666666666,,,,-28.554048538406615,-11.893583279733553,UK,42.39244337497887,,,,,,,,,,
2000-02-01,,35.494099450885344,33.48449553188338,,-82.66526313881306,-82.66526313881306,-17.652184897808365,-17.652184897808365,,,,0.1,1.0000000000000004,,,,-35.857448602189365,-17.5105590295389,UK,32.278733180482206,,,,,,,,,,
2000-03-01,,34.36481038834117,23.430207847030474,,-61.088522996522485,-61.088522996522485,-7.955230643100347,-7.955230643100347,,,,0.2,1.0983333333333336,,,,-25.235495154649605,-12.109054709143516,UK,16.86944632224406,,,,,,,,,,
2000-04-01,,48.15235243396258,21.22372340425026,,-73.065700481152,-73.065700481152,12.36003607882055,12.36003607882055,,,,0.1,0.9966666666666667,,,,-25.021760642990696,-11.383623146635387,UK,5.0665459864228755,,,,,,,,,,
2000-05-01,,46.228629293250314,38.677284146261464,,-48.70715671654956,-48.70715671654956,-1.1342013332347425,-1.1342013332347425,,,,0.0,0.8933333333333344,,,,-13.903684091804,-0.04902632347822925,UK,34.14647705806815,,,,,,,,,,
2000-06-01,,44.415312185762716,17.195398522422796,,-65.32527001297808,-65.32527001297808,-3.889739356352167,-3.8897393563521665,,,,0.0,0.9400000000000004,,,,-27.378798610462212,-14.930301590901513,UK,0.8634503244188442,,,,,,,,,,
2000-07-01,,48.87010488771464,25.987225591905442,,-38.28892331652723,-38.28892331652723,17.969648370604055,17.969648370604055,,,,-0.1,0.9333333333333339,,,,-6.145636126233139,3.227317330903572,UK,12.257498014419932,,,,,,,,,,
2000-08-01,,46.611843512231566,-4.518579711127055,,-28.604394854771925,-28.604394854771925,4.000251069884405,4.000251069884405,,,,-0.1,0.8783333333333333,,,,-13.013931075575004,-9.944860893048606,UK,-35.19683364514223,,,,,,,,,,
2000-09-01,,44.51104123730133,22.616651661557405,,-23.67060432915584,-23.67060432915584,3.820244205019743,3.8202442050197427,,,,0.0,0.9733333333333327,,,,-4.5302072438602945,2.7204214518763545,UK,9.480017916111054,,,,,,,,,,
2000-10-01,,-33.30171041643528,-20.67421640691413,,-0.39092986988969625,-0.39092986988969625,-54.393760184974816,-54.393760184974816,,,,0.1,0.9699999999999994,,,,-21.687943783075372,-23.251501739140583,UK,-13.097720001201441,,,,,,,,,,
2000-11-01,,-31.467828693167455,-7.405928334612462,,10.652326082046905,10.652326082046905,-23.974888690496677,-23.974888690496677,,,,0.3,1.3150000000000004,,,,-4.169491021041744,-6.078900219959697,UK,7.031211880520533,,,,,,,,,,
2000-12-01,,-29.883658058307155,-19.74484004426887,,8.385143615177372,8.385143615177372,-5.972256350784225,-5.972256350784225,,,,0.2,1.213333333333332,,,,-2.5240526034522524,-7.020816338508182,UK,-13.661549235845904,,,,,,,,,,
2001-01-01,,-25.948953928417147,20.873664362811972,,-32.67716502388761,-32.67716502388761,44.08830577267368,44.08830577267368,,,,0.2,1.1600000000000001,,,,3.300863541215767,9.960032759473592,UK,48.96723533754944,,,,,,,,,,
2001-02-01,,-25.778319892891734,-2.9911363859910667,,-18.62444642132027,-18.62444642132027,9.95069467884932,9.95069467884932,,,,0.5,1.5583333333333336,,,,-6.224408382345963,-4.517473546524168,UK,10.681173718149333,,,,,,,,,,
2001-03-01,,-25.660744499068418,32.296737538756695,,-27.245501653789617,-27.245501653789617,14.06214041713615,14.06214041713615,,,,0.4,1.4566666666666666,,,,-0.7949412029171543,8.303371905837603,UK,67.07122676145177,,,,,,,,,,
2001-04-01,,-23.755833815972434,20.65000147175321,,5.475210405743393,5.475210405743393,-6.04478790745052,-6.04478790745052,,,,0.5,1.6516666666666664,,,,5.432470401532146,8.599227707477263,UK,47.293502644388596,,,,,,,,,,
2001-05-01,,-23.778347777342614,19.291531676509273,,27.94461244580406,27.94461244580406,10.182304217121256,10.182304217121256,,,,0.9,2.294999999999999,,,,20.4824220440644,19.61247068401211,UK,45.1334593488204,,,,,,,,,,
2001-06-01,,-23.81064138788573,13.149517559575527,,71.81198394685562,71.81198394685562,-36.02836894698332,-36.02836894698332,,,,1.1,2.4400000000000013,,,,25.092844659378997,18.71138990629689,UK,35.32561292805228,,,,,,,,,,
2001-07-01,,-33.48753600545772,3.3661569001228098,,68.28634810029253,68.28634810029253,-66.33741038803946,-66.33741038803946,,,,1.3,2.6866666666666665,,,,11.88207059615121,5.407565450800185,UK,25.478372643471126,,,,,,,,,,
2001-08-01,,-33.275931728566924,17.421608460689097,,35.19355627568915,35.19355627568915,-83.52021544793618,-83.52021544793618,,,,1.5,2.836666666666667,,,,-5.4349768273494306,-4.058899317594618,UK,47.84013257424271,,,,,,,,,,
2001-09-01,,-33.066375061672886,-1.021534699273834,,38.90589801079082,38.90589801079082,-53.014264227560304,-53.014264227560304,,,,1.8,3.236666666666667,,,,1.4087482351293996,-2.222323190843058,UK,18.205369518165597,,,,,,,,,,
2001-10-01,,-24.967311430369225,7.0542060825301665,,-32.01653894413188,-32.01653894413188,-10.3175392333503,-10.3175392333503,,,,1.3,2.4366666666666683,,,,-16.323597873123227,-10.14547695977805,UK,26.2671165902698,,,,,,,,,,
2001-11-01,,-25.214573049571655,-13.676874254771205,,-39.049898141949086,-39.049898141949086,-13.989107977297236,-13.989107977297238,,,,1.1,2.088333333333334,,,,-25.483572578861313,-21.893316631085227,UK,-6.754254977890936,,,,,,,,,,
2001-12-01,,-25.46086511015233,-6.539985134349866,,-75.91195740920008,-75.91195740920008,-51.79190418944142,-51.79190418944142,,,,1.1,1.945,,,,-52.48148589353966,-40.95780060907009,UK,4.812542851131613,,,,,,,,,,
2002-01-01,,-39.173492804438666,-29.279854816750042,,7.469245585321407,7.469245585321407,-67.88880383595242,-67.88880383595242,,,,1.4,2.3533333333333335,,,,-24.198408175548565,-27.896014039204704,UK,-23.34367202413687,,,,,,,,,,
2002-02-01,,-37.62958837472714,-34.56868154521384,,69.44131203689007,69.44131203689007,-40.468696268456824,-40.468696268456824,,,,1.7,2.8633333333333337,,,,11.620541731682428,-2.820610643104931,UK,-32.73213744750587,,,,,,,,,,
2002-03-01,,-36.103469076316294,-42.0942969968986,,75.3273380267355,75.3273380267355,-45.0267370143542,-45.0267370143542,,,,1.6,2.578333333333333,,,,11.198014547100032,-5.248660647869305,UK,-45.68879374924798,,,,,,,,,,
2002-04-01,,-52.57071527276346,-33.24826461090429,,36.659077395901015,36.659077395901015,-55.50167016567058,-55.50167016567058,,,,1.6,2.545000000000001,,,,-7.830539239999165,-16.833366745262747,UK,-21.654794213788797,,,,,,,,,,
2002-05-01,,-50.54489850409125,-31.879431523124143,,-19.07619469478697,-19.07619469478697,-84.4560210943321,-84.4560210943321,,,,1.4,2.211666666666666,,,,-42.14765747041712,-41.931065629366934,UK,-20.680151334543883,,,,,,,,,,
2002-06-01,,-48.63618363636063,-13.441489928145922,,-48.95969557948217,-48.95969557948217,-46.22031253219043,-46.22031253219043,,,,1.3,2.0283333333333333,,,,-39.92029949154557,-33.65059782517593,UK,7.6753262967829,,,,,,,,,,
2002-07-01,,-21.819762550502816,-54.78953244687106,,-50.13989617821262,-50.13989617821262,-31.595976579967004,-31.595976579967004,,,,1.3,1.9933333333333332,,,,-45.50706774844283,-47.05484552480124,UK,-74.571394384692,,,,,,,,,,
2002-08-01,,-20.519012580477206,4.545708256994494,,10.92226978335407,10.92226978335407,1.1198090045225733,1.1198090045225733,,,,1.5,2.2616666666666667,,,,6.4346138068614,5.667120485931405,UK,19.584540759477516,,,,,,,,,,
2002-09-01,,-19.268517767206845,-10.834665848766129,,15.94501863669768,15.94501863669768,-33.29867164261617,-33.29867164261617,,,,1.3,1.836666666666667,,,,-5.386813253582846,-8.299435201769407,UK,-5.774354697701703,,,,,,,,,,
2002-10-01,,-25.696783239010074,24.171140324934665,,15.744040999470728,15.744040999470728,-18.16914627178732,-18.16914627178732,,,,1.2,1.7616666666666658,,,,7.25392937572916,10.070839021501845,UK,54.091894463301514,,,,,,,,,,
2002-11-01,,-24.99790386069644,-7.456180891918051,,33.14187978154673,33.14187978154673,-34.135583481846794,-34.135583481846794,,,,1.6,2.338333333333334,,,,3.072338622010693,-1.6268980400191309,UK,3.068852889348979,,,,,,,,,,
2002-12-01,,-24.354161693858998,-0.4541762097074198,,47.114659837904874,47.114659837904874,18.00658748561284,18.00658748561284,,,,1.6,2.415,,,,27.180906180058336,19.762451210703258,UK,13.885815080783527,,,,,,,,,,
2003-01-01,,-7.724720913011304,-19.165454353139406,,67.20021663765166,67.20021663765166,20.8656817594459,20.8656817594459,,,,1.7,2.641666666666667,,,,33.012897215713494,19.29346402037429,UK,-26.029894417216266,,,,,,,,,,
2003-02-01,,-7.139473772649399,-1.5011606773302784,,5.4281751557808535,5.4281751557808535,-12.304912776131994,-12.304912776131994,,,,1.5,2.2199999999999998,,,,-1.6272370924487456,-2.188922193318198,UK,1.8818271798611934,,,,,,,,,,
2003-03-01,,-6.578054167742797,-2.4690465409247286,-79.06522773150671,28.019657881662923,-47.56967313939799,-59.478234701261044,-59.478234701261044,,,,1.7,2.4,,,,-40.82600902032357,-32.27300316052594,UK,-0.003641964833887383,,,,,,,,,,
2003-04-01,,12.411236124470017,5.434109912336132,-50.64263011290217,-2.1657545503867617,-36.38472553569176,-42.588724549731495,-42.588724549731495,,,,1.5,2.1800000000000006,,,,-28.64314782123601,-20.898587650537166,UK,1.2478341850558023,,,,,,,,,,
2003-05-01,,12.151125912970684,-4.755051066029698,-40.563213683981054,23.554502686115068,-21.70506181042337,-10.189378458514964,-10.189378458514964,,,,1.5,2.2583333333333337,,,,-14.25023368420686,-11.650834961568576,UK,-14.898757253429928,,,,,,,,,,
2003-06-01,,11.910161808982469,-26.47961857713315,24.282534960510333,-12.528594276751964,13.45573224366848,32.83607163771979,32.83607163771979,,,,1.3,2.035,,,,10.203063406268507,2.289782256609831,UK,-49.51348680880252,,,,,,,,,,
2003-07-01,,12.737407367431341,40.707783388640756,-25.34801855760663,-25.659907277123928,-25.43975053393525,-16.683551355808845,-16.683551355808845,,,,1.0,1.365000000000001,,,,-7.480719881609586,4.055137520719707,UK,57.49000900136642,,,,,,,,,,
2003-08-01,,12.737772653550476,-7.289003430019828,-30.021368414017367,2.7567638371916474,-20.380741281308836,-30.8513359798142,-30.8513359798142,,,,1.3,1.795,,,,-20.581292453628407,-17.82877817140325,UK,-19.30506908016201,,,,,,,,,,
2003-09-01,,12.748275307375465,5.173566478423336,-36.53984893855096,19.369286929571476,-20.095985447926715,-18.57420554612997,-18.57420554612997,,,,1.2,1.7249999999999996,,,,-13.796310418216166,-9.319279812273725,UK,0.6287411810520588,,,,,,,,,,
2003-10-01,,22.620200728260514,-33.11190171496077,17.118345792493223,43.603607658007896,24.908128694115184,11.598697937382042,11.598697937382042,,,,1.3,1.8550000000000004,,,,7.423681443795152,-2.4782689851390027,UK,-66.55116318089355,,,,,,,,,,
2003-11-01,,21.99925535050636,13.697378619308672,38.52349072196957,14.458411572279974,31.445526266178515,34.81798319764616,34.81798319764616,,,,1.2,1.7833333333333332,,,,28.387478941967824,25.07220409772961,UK,8.716252580590062,,,,,,,,,,
2003-12-01,,21.383922841556963,-7.749024142939188,41.46115772392261,1.424160625222864,29.685570341952097,8.065020154429908,8.065020154429908,,,,1.1,1.613333333333333,,,,14.394340787739587,8.506870630997133,UK,-25.22879233363688,,,,,,,,,,
2004-01-01,,13.468781615676024,2.8700622280480914,28.817134992449027,-20.905562765896025,14.192812122347542,7.184438595346928,7.184438595346928,,,,0.9,1.3900000000000008,,,,9.423447215355171,7.660711600750166,UK,-3.4891694045286665,,,,,,,,,,
2004-02-01,,12.58409079620349,1.9351629569905948,67.99840969624877,14.806008638248445,52.353585855660434,27.174076904902154,27.174076904902154,,,,1.2,1.8166666666666664,,,,32.9710239711187,24.89000610279686,UK,-4.454193746537142,,,,,,,,,,
2004-03-01,,11.694888889581515,0.8423319329369539,44.245661154878576,10.262753959597633,34.25068845038418,42.407138021651,42.407138021651,,,,1.1,1.6433333333333333,,,,29.050744506747687,22.740663225234076,UK,-5.669202241049782,,,,,,,,,,
2004-04-01,,-20.305344756215206,-16.582581831388683,28.988755829688795,3.728906771145139,21.559388459528893,20.931434542548246,20.931434542548246,,,,1.0,1.4699999999999998,,,,12.564178725630791,5.742336131760226,UK,-14.348924076492775,,,,,,,,,,
2004-05-01,,-20.070167756810655,-12.461321466208094,-58.18407848348799,-15.963305979738953,-45.766204217679444,-35.72992592005047,-35.72992592005047,,,,1.0,1.4483333333333333,,,,-34.99237641422329,-29.400587649765445,UK,-7.8960136918465595,,,,,,,,,,
2004-06-01,,-19.857335975996136,-7.49819564881639,-23.18954705914703,19.88359276993959,-10.520976521180378,-43.25037660119725,-43.25037660119725,,,,1.1,1.5783333333333338,,,,-19.893996344486187,-18.09262285149713,UK,-0.08271145250854316,,,,,,,,,,
2004-07-01,,-20.59503907460558,-16.99878172543967,-8.541683216524854,46.370671028495586,7.609009208481158,-3.041350029812389,-3.041350029812389,,,,1.3,1.8583333333333334,,,,-1.346745388052432,-5.353899174719239,UK,-14.841027315940124,,,,,,,,,,
2004-08-01,,-20.863408820159954,-33.46312273992949,31.88908985736547,31.928658955932164,31.900727827532144,37.8625990126211,37.8625990126211,,,,1.2,1.788333333333333,,,,18.65118421506837,6.689908298405167,UK,-41.022951091791214,,,,,,,,,,
2004-09-01,,-21.142680742788542,-41.64195431138033,14.35748619633192,0.0024303804383481774,10.135410956363222,28.396421376314997,28.396421376315,,,,1.1,1.6183333333333338,,,,3.8055606391767953,-6.1901591686214745,UK,-53.941518452535405,,,,,,,,,,
2004-10-01,,-40.97196220911128,-47.90515656595952,8.77570886989934,-39.72812592841127,-5.490124894309665,6.277182623381959,6.277182623381959,,,,0.9,1.3,,,,-11.657499120785282,-19.723042274069552,UK,-52.06507318006848,,,,,,,,,,
2004-11-01,,-39.68530046598555,-48.064377710019635,8.929610601609303,-22.724340650925928,-0.3803750609010592,-16.355805178826266,-16.355805178826266,,,,0.9,1.2816666666666656,,,,-16.299892631597718,-24.244120153827,UK,-53.09182405644008,,,,,,,,,,
2004-12-01,,-38.4235102520463,-33.59093593974207,12.381219917576654,18.54446578337643,14.193939289870707,-7.800156552441805,-7.800156552441804,,,,1.1,1.5633333333333332,,,,-3.600753714597628,-11.331599428541749,UK,-30.69139135235954,,,,,,,,,,
2005-01-01,,-27.96706520682643,-30.901410457889522,18.58196364544128,59.835579871100585,30.7153801823999,-12.917578824793974,-12.917578824793974,,,,1.3,1.8433333333333337,,,,3.070594955504226,-6.310638274527444,UK,-32.66201760852738,,,,,,,,,,
2005-02-01,,-26.923422836096872,-33.96813483170264,8.087676230360774,47.08589247065265,19.55773983044662,-18.16107703121205,-18.16107703121205,,,,1.3,1.7266666666666675,,,,-4.400174895175107,-12.556659442420154,UK,-38.194962029066104,,,,,,,,,,
2005-03-01,,-25.908281808148498,-38.649483749300316,30.201271988823613,24.240812244438864,28.448195593416337,1.8201984613352091,1.8201984613352094,,,,1.2,1.6583333333333332,,,,4.770885858302917,-6.248133621207209,UK,-46.294204913991415,,,,,,,,,,
2005-04-01,,15.437208033822621,-37.113861157174156,20.26851151538736,27.612051598446264,22.428376245698804,6.791824124146699,6.791824124146699,,,,1.4,1.9416666666666667,,,,3.876613115327473,-6.209049285641311,UK,-68.64450267177223,,,,,,,,,,
2005-05-01,,15.636514674337487,-14.692185547493898,30.52200935057205,30.177868493095477,30.420791451314233,6.124217370407766,6.124217370407766,,,,1.4,1.8283333333333334,,,,12.534235503618056,5.371518122328386,UK,-32.88940568059273,,,,,,,,,,
2005-06-01,,15.885471323347176,-15.53504418942833,-2.9068827607905705,42.16456762594029,10.349426176483213,-16.413526899885035,-16.413526899885035,,,,1.5,1.9666666666666668,,,,-3.858667931455835,-7.475254160861692,UK,-34.387353497093635,,,,,,,,,,
2005-07-01,,8.550869471305395,-1.2340205957940058,13.616065632819826,34.1100278931671,19.643701591745497,1.4445230997323728,1.4445230997323728,,,,1.5,2.0566666666666666,,,,9.226018474001572,6.178703407982167,UK,-7.104954636053646,,,,,,,,,,
2005-08-01,,9.573558046569385,-15.858847653496463,14.187729892850967,68.73077700300382,30.22980257230769,-3.5717858211905136,-3.5717858211905136,,,,1.8,2.4966666666666666,,,,9.193471476045742,2.2212107327026227,UK,-31.11829107353597,,,,,,,,,,
2005-09-01,,10.72546638944566,-15.421768483946726,41.7833179322464,66.40226232073097,49.02418392885951,10.730774906889222,10.730774906889222,,,,1.8,2.486666666666666,,,,22.36945367299029,12.27505486897264,UK,-31.11010940798216,,,,,,,,,,
2005-10-01,,41.48882093029381,-1.6738185788107085,43.507329502637745,61.94187368038324,48.92925426079818,-22.21796425144598,-22.21796425144598,,,,1.7,2.1283333333333343,,,,15.360170217121002,9.013998880995466,UK,-27.57140228427342,,,,,,,,,,
2005-11-01,,42.60174554071529,1.3830312196888905,28.019882589502487,26.566518351148442,27.592422519398358,-44.66024157072882,-44.66024157072882,,,,1.7,1.9250000000000003,,,,-0.6874875005737292,-2.612788602183357,UK,-23.34819737292695,,,,,,,,,,
2005-12-01,,44.15706675276373,17.576269321301677,10.369591659224918,-0.8083637512349447,7.081957714972017,-49.84503211089707,-49.84503211089707,,,,1.5,1.623333333333334,,,,-8.01227493768086,-3.9391809381139047,UK,1.6277908624244428,,,,,,,,,,
2006-01-01,,57.06435199712774,41.75844618496159,-2.0660370605606673,-24.040710103924077,-8.52917619096167,-34.72781463331561,-34.72781463331561,,,,1.3,1.3216666666666663,,,,-4.98545977878059,5.048163664680788,UK,32.57490269766191,,,,,,,,,,
2006-02-01,,56.36436163552258,32.97731502920789,-16.396380346676665,-13.216015228371674,-15.460978841292844,-24.444937568200633,-24.444937568200633,,,,1.3,1.2216666666666667,,,,-7.047206017918149,1.9923836021810002,UK,18.945087065419084,,,,,,,,,,
2006-03-01,,55.73719072065144,24.315971584559865,2.1150831615460115,15.579917347112715,6.075328510242101,-27.743896762429078,-27.743896762429078,,,,1.4,1.3733333333333333,,,,-0.12120778727570233,4.4534932237302245,UK,5.463240102904921,,,,,,,,,,
2006-04-01,,-15.851842287470886,12.568152851261546,40.530732341315364,10.55646583263664,31.714771603468677,-26.124872867177444,-26.124872867177444,,,,1.3,1.1283333333333347,,,,9.499507438914378,8.287536552773846,UK,29.620149934501004,,,,,,,,,,
2006-05-01,,-14.494937508407709,-5.567641640082625,81.29707637721975,18.46453135321967,62.81691607604325,-11.26787045827283,-11.26787045827283,,,,1.3,1.0366666666666662,,,,24.240545361763097,14.815808843521893,UK,-0.2112641190875758,,,,,,,,,,
2006-06-01,,-13.463343655303223,13.117446538775095,52.50502941243029,-2.3746856432221812,36.363936749003095,-24.532538561310382,-24.532538561310382,,,,1.1,0.6450000000000002,,,,12.26198506654633,10.431710233055927,UK,29.065920655222087,,,,,,,,,,
2006-07-01,,-22.764918553974333,-11.204826404480272,24.30512919656161,29.027121513448506,25.693950466234224,-36.65052579012396,-36.65052579012396,,,,1.2,0.8033333333333328,,,,-2.0040676597331784,-6.229060575386106,UK,-4.268771114783838,,,,,,,,,,
2006-08-01,,-22.48320244795933,4.549871927682575,9.611610888608476,-11.669883512141144,3.35234782956447,-40.6372792146149,-40.6372792146149,,,,0.9,0.36000000000000054,,,,-9.906570315232697,-7.999721360025113,UK,20.769716553067717,,,,,,,,,,
2006-09-01,,-22.208800303754312,6.292153560614888,6.3123883972504675,18.562301087634292,9.91530389442218,-32.58682854826382,-32.58682854826382,,,,1.1,0.6666666666666667,,,,-3.9983869342059646,-3.013998566837298,UK,23.39272587923641,,,,,,,,,,
2006-10-01,,-50.89895847358774,-7.620171603236567,-22.619566377255595,26.110809859907324,-8.28710277809003,-13.434224397083083,-13.434224397083083,,,,1.4,1.1233333333333324,,,,-9.716925312814016,-9.39925350121238,UK,18.347100518974134,,,,,,,,,,
2006-11-01,,-49.394223179562935,-8.262047734318868,-28.166369820686572,44.55752784449928,-6.776988154455438,16.525635606971992,16.525635606971992,,,,1.4,1.2283333333333328,,,,0.0503438690922114,-1.1124600463227932,UK,16.41725753282757,,,,,,,,,,
2006-12-01,,-47.95647765071254,-22.920555135481006,-5.329999069474775,62.08528360321949,14.498025246023538,11.78812507338014,11.78812507338014,,,,1.6,1.4333333333333333,,,,5.029152797170674,-1.582775726202831,UK,-7.899001626342085,,,,,,,,,,
2007-01-01,,-59.22120678577788,-32.665359846685405,63.35995174279701,82.68382364951253,69.04344348006629,21.8637719929174,21.8637719929174,,,,1.8,1.738333333333332,,,,31.055359177847006,14.614535689217815,UK,-16.731851683229923,,,,,,,,,,
2007-02-01,,-57.4456215625579,-41.23594344293424,96.09156460401573,43.885130539458736,80.73673105561662,21.426438490008618,21.426438490008618,,,,1.6,1.445,,,,34.339869997302415,14.72850377572693,UK,-31.510136571160047,,,,,,,,,,
2007-03-01,,-55.7843781272878,-26.892203267294672,100.0,40.14592453195868,82.39586015645843,43.37898384938717,43.37898384938717,,,,1.7,1.6,,,,45.17034511803194,27.055187951220024,UK,-9.5568983512988,,,,,,,,,,
2007-04-01,,38.53771613410512,4.702846575563269,66.07114717949455,53.29357079602433,62.31303647847389,32.014120503406616,32.014120503406616,,,,1.9,1.9049999999999985,,,,39.695633893166125,30.520686319889887,UK,-15.598075159561839,,,,,,,,,,
2007-05-01,,37.087007037402806,15.572765470284022,13.781640715046208,49.0569997152783,24.156746303349763,28.145112727336258,28.145112727336254,,,,1.8,1.858333333333333,,,,23.40301731848428,21.70890410137044,UK,2.664220530012751,,,,,,,,,,
2007-06-01,,33.37263787453666,1.129514776652345,-58.16702106049687,38.38155767265335,-29.77038025662916,4.851110972453463,4.851110972453463,,,,1.9,2.011666666666666,,,,-11.986868716923391,-7.772329527452965,UK,-18.21635908207824,,,,,,,,,,
2007-07-01,,23.480747696969225,-11.28588948807345,-42.24262623510061,22.623634347039822,-23.16431429917695,12.84887373179521,12.84887373179521,,,,2.0,2.2633333333333336,,,,-9.34215841016163,-8.595256060641985,UK,-32.145871799099055,,,,,,,,,,
2007-08-01,,22.571923939144806,-10.397444804781264,-7.568263348021807,-17.474031690248836,-10.481724625147406,13.050798760698983,13.050798760698983,,,,1.7,1.8150000000000008,,,,-3.221499009417868,-4.111468915474448,UK,-30.179066051136903,,,,,,,,,,
2007-09-01,,21.68231721382824,5.149703838823976,39.399761118844964,-5.651109368276564,26.149505093220984,24.5534633818737,24.5534633818737,,,,1.8,1.9650000000000003,,,,20.81230735409943,17.104498476823583,UK,-4.769864186178582,,,,,,,,,,
2007-10-01,,49.93418995866708,23.69474773490423,60.73875086151216,-31.123418060667767,33.72046588440041,37.78226627281259,37.78226627281259,,,,1.5,1.6150000000000002,,,,32.65662335402811,30.700912389179617,UK,7.9510824006465235,,,,,,,,,,
2007-11-01,,48.36745131431835,11.674442786287337,36.5538043264869,14.574121801227982,30.089191819057802,20.76577013386343,20.76577013386343,,,,1.5,1.6149999999999993,,,,22.970889216050967,20.024270992932973,UK,-10.341362330531268,,,,,,,,,,
2007-12-01,,46.87444258648829,2.0071648284659394,15.925693138819257,1.5392199115818244,11.694377483749424,24.579419889331227,24.579419889331227,,,,1.4,1.4666666666666661,,,,13.423495303478404,11.189186272828223,UK,-24.91320182634747,,,,,,,,,,
2008-01-01,,50.35682197755188,-5.948401741391482,-46.50892180211809,20.992913007328912,-26.655440975810148,-8.36673975034152,-8.36673975034152,,,,1.4,1.469999999999999,,,,-16.249600775415495,-13.23636429329427,UK,-39.7315359727575,,,,,,,,,,
2008-02-01,,48.49118595114943,11.153155988780092,-55.81627048759585,-3.07366188578029,-40.303738545885395,-4.123992778275846,-4.123992778275846,,,,1.3,1.3216666666666672,,,,-17.29684110939042,-9.45251692756365,UK,-11.249661988641508,,,,,,,,,,
2008-03-01,,46.78759601144806,37.3020437950964,-70.07930777162757,7.859543968353846,-47.15611608339774,-19.306854476692102,-19.306854476692102,,,,1.2,1.1716666666666669,,,,-19.096767924758897,-5.008736469902472,UK,31.610712465285417,,,,,,,,,,
2008-04-01,,-36.447473037738376,-36.07334838751961,-3.2074794061379057,2.8044489936646455,-1.4392651709018611,0.621618172393485,0.621618172393485,,,,1.2,1.0750000000000002,,,,-8.79762796141508,-15.09326661606296,UK,-35.84887359738835,,,,,,,,,,
2008-05-01,,-34.102175728500725,-36.59920401120933,29.774100399899233,49.24984452101016,35.50226043552009,12.897850600365848,12.897850600365848,,,,1.4,1.4783333333333328,,,,11.908257921611996,-0.16363019055145442,UK,-38.09742098083449,,,,,,,,,,
2008-06-01,,-32.078052897555295,-36.54656628964576,51.12788009493037,64.3200765814663,55.00793788508799,3.714614384973162,3.7146143849731623,,,,1.5,1.4366666666666665,,,,18.097414306267947,3.6373747172175874,UK,-39.22767432490005,,,,,,,,,,
2008-07-01,,-80.9895280162756,-50.89206903791194,-9.721347659177116,90.35642202721068,19.713290483878122,-33.79706448936437,-33.79706448936437,,,,1.6,1.493333333333333,,,,-13.044978628301891,-23.659644889652316,UK,-32.83359365089374,,,,,,,,,,
2008-08-01,,-77.31775967415452,-39.7040418532506,-61.62062902805765,100.0,-14.085149902158342,-74.52888526059023,-74.52888526059023,,,,1.9,1.753333333333333,,,,-38.595274308850975,-40.86877791449195,UK,-17.13581116070825,,,,,,,,,,
2008-09-01,,-74.01345236141967,-56.4271648199837,-98.77887516828112,100.0,-40.31450011878667,-91.85861344213355,-91.85861344213355,,,,2.0,1.7183333333333337,,,,-59.892534533938864,-60.80208537812755,UK,-45.87539229512213,,,,,,,,,,
2008-10-01,,-100.0,-54.047630383856706,-89.72581268169054,100.0,-33.92410306942862,-90.86190701687883,-90.86190701687883,,,,2.2,1.935000000000001,,,,-56.08731827966594,-57.50931790222546,UK,-26.476208614170737,,,,,,,,,,
2008-11-01,,-100.0,-60.604953598477636,-67.34701022405399,28.656945147463155,-39.11055276184307,-81.25625884120083,-81.25625884120083,,,,1.9,1.3066666666666658,,,,-57.03870867163805,-59.27568935721254,UK,-36.96792575756422,,,,,,,,,,
2008-12-01,,-100.0,-73.1249002112439,-67.907329170389,14.655737843180924,-43.624074166397854,-84.7535778329335,-84.7535778329335,,,,2.0,1.2816666666666663,,,,-63.08718899721945,-66.80030506937634,UK,-56.999840337990236,,,,,,,,,,
2009-01-01,,-100.0,-68.44250299873569,-60.4109537379003,-81.24870948497451,-66.53970542821625,-75.71315152421198,-75.71315152421198,,,,1.1,-0.1400000000000008,,,,-69.8014113586425,-69.7901142778641,UK,-49.50800479797711,,,,,,,,,,
2009-02-01,,-100.0,-74.14897415461714,-100.0,-48.099086788444154,-84.73502552601299,-100.0,-100.0,,,,1.3,-0.008333333333333748,,,,-86.98900581691764,-84.50183091151376,UK,-58.63835864738742,,,,,,,,,,
2009-03-01,,-100.0,-96.36052228713062,-100.0,-10.674802704310899,-73.72788314832674,-100.0,-100.0,,,,1.6,0.08000000000000074,,,,-87.03452813471942,-90.08633066533781,UK,-94.17683565940901,,,,,,,,,,
2009-04-01,,-89.19197044189544,-58.38217469801074,-100.0,55.81089037898882,-54.17326753559152,-100.0,-100.0,,,,1.7,0.07166666666666766,,,,-69.24508686981395,-68.23796511187348,UK,-39.896297251679925,,,,,,,,,,
2009-05-01,,-88.50725477648689,-48.83450900528919,-100.0,9.216136813535766,-67.8776068195483,-100.0,-100.0,,,,1.5,-0.4816666666666656,,,,-73.36685907178133,-68.71339049561489,UK,-25.03086154257058,,,,,,,,,,
2009-06-01,,-87.8938734216606,-45.48158847639845,8.989431179081159,-4.819466195709469,4.927990774730973,-44.414763196345476,-44.414763196345476,,,,1.6,-0.4816666666666667,,,,-21.887374889707033,-29.037449858970913,UK,-20.03421750924117,,,,,,,,,,
2009-07-01,,-31.400292054536028,-9.38391192575924,35.7227906220651,-29.17592051458151,16.63493440540433,-25.565358493397184,-25.565358493397184,,,,1.6,-0.5300000000000005,,,,-2.3541202552646525,-5.401081408340107,UK,3.8259161515068336,,,,,,,,,,
2009-08-01,,-26.238113257710694,-12.732566084377261,11.051301108116892,10.62565546004787,10.926111211626003,-3.126307912630683,-3.126307912630683,,,,1.8,-0.17666666666666808,,,,1.142595182007807,-2.5633564176239316,UK,-4.629237780377202,,,,,,,,,,
2009-09-01,,-22.58557426471221,-9.134148210183545,-45.82257635747183,5.946196693643255,-30.59646663655563,-12.67379235488181,-12.67379235488181,,,,1.8,-0.02499999999999991,,,,-20.128954913031663,-16.966077539644644,UK,-1.063292577466346,,,,,,,,,,
2009-10-01,,-1.572085698185563,-21.005159778057507,-63.85912982583387,-9.530305112119173,-47.880063733564846,-22.132377176139155,-22.132377176139155,,,,1.7,-0.22166666666666712,,,,-33.75579772616294,-29.92239265302415,UK,-32.665004225980674,,,,,,,,,,
2009-11-01,,-1.4310911514616387,-11.309869056034602,-54.2845464986658,-5.640447648481036,-39.97745860155263,-18.822477051408125,-18.822477051408125,,,,1.8,0.08000000000000052,,,,-26.852635921773235,-22.520824268096067,UK,-17.237135798778382,,,,,,,,,,
2009-12-01,,-1.3097287593201195,1.0041690301276638,-38.60884605632432,18.130402997224103,-21.920831628810074,-17.922112047281242,-17.922112047281242,,,,1.9,0.2816666666666663,,,,-15.400071605507877,-11.439124804475291,UK,2.392507703796334,,,,,,,,,,
2010-01-01,,18.881456691208992,0.5403692389982651,-32.42586646874196,100.0,6.5229177867703845,-4.184257684715494,-4.184257684715494,,,,2.8,1.7816666666666658,0.5,1.2816666666666658,32.04166666666664,10.905969891471422,4.205223060499044,UK,-10.464283232328171,,,,,4.1135,-2.3318333333333343,,,,
2010-02-01,,17.597115729333375,-22.473404695270872,3.398690793046509,100.0,31.810840559797537,-2.652467606410622,-2.652467606410622,,,,3.1,2.083333333333333,0.5,1.583333333333333,39.58333333333333,17.950728553317774,3.35217011158012,UK,-46.51571695003342,,,,,4.2373,-2.1539666666666673,,,,
2010-03-01,,16.495454685337563,8.632234939154314,67.53841690857035,89.56433727721864,74.01662878170221,35.779460646318064,35.779460646318064,,,,2.9,1.7383333333333333,0.5,1.2383333333333333,30.958333333333332,42.30134800500492,35.27720921938979,UK,3.9143030914443653,,,,,4.1764,-2.438066666666667,,,,
2010-04-01,,41.64020871217723,23.484397943404225,73.60747718771057,43.93748500904067,64.88100889986649,38.570346059546345,38.570346059546345,,,,3.0,1.9433333333333334,0.5,1.4433333333333334,36.083333333333336,43.88764938671676,39.6992416032758,UK,12.590911482140427,,,,,4.1034,-2.1600666666666664,,,,
2010-05-01,,40.09748163761459,21.741513880907462,20.403252326474597,34.84859378296826,24.65188216661979,42.50419644375106,42.50419644375106,,,,3.1,2.245,0.5,1.745,43.625,33.71879494555475,29.679449377215878,UK,10.727933226883186,,,,,3.7919,-1.5469,,,,
2010-06-01,,38.747476366975924,5.138498531306248,-82.19723282615945,32.21111728554553,-48.547718087422695,-4.2296323557759,-4.2296323557759,,,,2.9,1.9966666666666653,0.5,1.4966666666666653,37.41666666666663,-4.540579972892678,-8.596918887728576,UK,-15.026888170095557,,,,,3.5853,-1.588633333333335,,,,
2010-07-01,,13.409714594284743,-21.379416850337503,-90.44604712764249,38.05476598682871,-52.65169032926861,-4.96872429215641,-4.96872429215641,,,,3.1,2.4483333333333333,0.5,1.9483333333333333,48.70833333333333,-6.921830983590375,-19.037151714880128,UK,-42.25289571711085,,,,,3.5691,-1.120766666666667,,,,
2010-08-01,,13.726548508666625,-20.29747052926258,-60.90671993681038,2.576366437654254,-42.235223944320786,-13.463412843050937,-13.463412843050937,,,,2.6,1.7500000000000009,0.5,1.2500000000000009,31.25000000000002,-10.448860356780097,-19.531883093242843,UK,-40.7118819520201,,,,,3.0217,-1.2716999999999992,,,,
2010-09-01,,14.002408311135964,-12.333746618587137,-11.797778079744637,22.066404926975324,-1.8377242542387664,-2.868682933525261,-2.868682933525261,,,,2.8,2.101666666666667,0.5,1.601666666666667,40.04166666666668,8.808529078407194,-1.9594737113539853,UK,-28.135439576421,,,,,3.1512,-1.0495333333333328,,,,
2010-10-01,,13.223665136562174,-12.195017619935113,-1.0417810432780672,13.81370133029322,3.327478478360547,-4.73930471428772,-4.73930471428772,,,,2.7,1.901666666666666,0.5,1.401666666666666,35.04166666666665,8.596793800557297,-1.4347123124471342,UK,-27.446227273833486,,,,,3.3042,-1.4025333333333339,,,,
2010-11-01,,13.51649924805917,-1.8655808877101077,-2.8442999729483525,39.03010771572309,9.471702288425602,-4.902232085498606,-4.902232085498606,,,,2.7,1.9483333333333337,0.5,1.4483333333333337,36.20833333333334,12.56535999290771,4.3281714022203674,UK,-11.094828969171674,,,,,3.4591,-1.5107666666666661,,,,
2010-12-01,,13.798620486706103,-11.222928503275691,-9.610606232076984,28.89449583158219,1.7144237866463026,-0.19281174827020978,-0.19281174827020978,,,,2.7,1.9949999999999997,0.5,1.4949999999999997,37.37499999999999,9.911927473221454,-0.18339833695539673,UK,-26.235857897264765,,,,,3.6174,-1.6224000000000003,,,,
2011-01-01,,9.470205439369183,-16.803367851160502,-10.78239146809301,53.0592030979529,7.9945481101557885,-3.068668677893664,-3.068668677893664,,,,2.9,2.341666666666666,0.5,1.841666666666666,46.04166666666665,13.020019790547302,-0.4401361148273792,UK,-32.56751182547831,,,,,3.8827,-1.541033333333334,,,,
2011-02-01,,9.847464505859573,21.778632459414062,5.815259005071869,56.83950668874306,20.822390676739865,24.712138312463573,24.712138312463573,,,,3.0,2.635,0.5,2.135,53.37499999999999,31.580435098613453,25.375444017543074,UK,28.937333231546752,,,,,3.8872,-1.2522000000000002,,,,
2011-03-01,,10.223953293268904,-15.8851870820659,2.4655589684983283,84.7675289829514,26.672020737455117,26.569430092004858,26.569430092004858,,,,3.4,3.2783333333333333,0.5,2.7783333333333333,69.45833333333333,32.611192190968204,14.448910174544096,UK,-31.550671307266782,,,,,3.8975,-0.6191666666666666,,,,
2011-04-01,,-1.3971467525733834,-17.390223881857167,6.7015302693278285,46.47286898231774,18.39898283197192,37.474348979109095,37.474348979109095,,,,3.2,3.118333333333333,0.5,2.618333333333333,65.45833333333333,30.843994991068264,13.796812338250534,UK,-26.986070159427438,,,,,3.7116,-0.5932666666666666,,,,
2011-05-01,,-1.2122912648803323,-32.898589129278264,-20.015173685730154,72.50801559367615,7.197529043506994,-0.8342032349984876,-0.8342032349984876,,,,3.7,3.8083333333333345,0.5,3.3083333333333345,82.70833333333336,21.64379351948072,-2.691044235181097,UK,-51.91036784791703,,,,,3.5655,0.24283333333333434,,,,
2011-06-01,,-1.0269474015630713,-14.622882639170554,-10.368647133875829,28.080081899942723,0.9398025819531576,-6.83890397397685,-6.838903973976849,,,,3.3,3.1483333333333317,0.5,2.6483333333333317,66.20833333333329,16.33097585960075,-0.413819158527217,UK,-22.78044378173504,,,,,3.6665,-0.5181666666666684,,,,
2011-07-01,,-10.808032505417115,-10.880554865246756,-10.025366515793447,13.153910678615604,-3.207932046849608,-22.353051738965497,-22.353051738965497,,,,2.8,2.3399999999999994,0.5,1.8399999999999994,45.999999999999986,6.191459639777694,-5.823195706125539,UK,-10.92406828114454,,,,,3.1755,-0.8355000000000006,,,,
2011-08-01,,-10.420603755850944,-9.192554370649937,10.216490617439739,6.843533404474586,9.22444437833234,-10.14010250372008,-10.14010250372008,,,,3.1,2.6350000000000016,0.5,2.1350000000000016,53.37500000000004,15.32373193847807,1.891116168378088,UK,-8.455724739529334,,,,,2.9038,-0.2687999999999984,,,,
2011-09-01,,-10.032746802542016,-11.784096945155822,3.3344206354645927,28.809691205348248,10.827147273665668,-11.909849367934394,-11.909849367934394,,,,3.1,2.581666666666666,0.5,2.081666666666666,52.04166666666665,14.641718210334783,0.7720900726815328,UK,-12.834907030724107,,,,,2.5096,0.07206666666666628,,,,
2011-10-01,,5.381010860268745,2.4622105240719394,-9.355975800988407,73.18121924127077,14.919669799676056,-6.594483603474738,-6.594483603474738,,,,3.3,2.829999999999999,0.5,2.329999999999999,58.24999999999998,21.272592397650858,9.299132006607818,UK,0.7109303223538562,,,,,2.5642,0.26579999999999915,,,,
2011-11-01,,5.312423347869204,-1.686341224976266,-22.84989974079851,63.08870649963618,2.4261609181528705,-10.410886874786764,-10.410886874786764,,,,3.4,2.9316666666666666,0.5,2.4316666666666666,60.791666666666664,16.506582771876072,3.609292856194287,UK,-5.885599968683548,,,,,2.4275,0.5041666666666664,,,,
2011-12-01,,5.248050458602669,8.467893765232835,-19.85506995461066,42.07591391247815,-1.6400746995845386,-0.5768417489312916,-0.5768417489312916,,30.89523057438412,30.89523057438412,3.2,2.7800000000000002,0.5,2.2800000000000002,57.00000000000001,-2.0987108266205716,-24.485975682852825,UK,10.399799749210937,-100.0,,,-100.0,2.105,0.6750000000000003,,,,
2012-01-01,,3.7775280250633787,29.546814004383716,-11.426307384016537,-6.127725991664676,-9.867901092148344,5.279667184083197,5.279667184083197,,-6.057535888590937,-6.057535888590937,3.0,2.626666666666666,0.5,2.126666666666666,53.16666666666665,0.6433371590821455,-15.350043965838053,UK,45.00838559197592,-100.0,,,-100.0,2.0983,0.528366666666666,,,,
2012-02-01,,3.7436991256954912,9.109237887227998,-22.17238311264688,-34.48149440124029,-25.792709962233175,-2.574315825087404,-2.574315825087404,,-76.26996920807251,-76.26996920807251,2.6,2.0733333333333333,0.5,1.5733333333333333,39.33333333333333,-1.915949856683186,-11.154427196399828,UK,12.328561144147502,-81.33968212472,,,-81.33968212472,2.2582,-0.18486666666666673,,,,
2012-03-01,,3.709903302452497,12.651768711356134,-31.29110501654782,-36.14489441477925,-32.71869013367471,-7.509986722312427,-7.509986722312427,,-98.06882213744822,-98.06882213744822,2.4,1.918333333333334,0.5,1.418333333333334,35.45833333333335,6.1580300693664025,4.5743839657172645,UK,18.01688795669832,-27.14514357572539,,,-27.14514357572539,2.3026,-0.3842666666666661,,,,
2012-04-01,,27.078504892794296,23.81555272385068,-36.91934161905412,-8.04831113110248,-28.427862063774228,-19.488788456398794,-19.488788456398794,,-69.42200489421124,-69.42200489421124,2.5,2.113333333333334,0.5,1.6133333333333342,40.33333333333336,5.25606960952218,1.858323891149306,UK,21.857781422484514,-31.461842010220092,,,-31.461842010220092,2.2225,-0.10916666666666597,,,,
2012-05-01,,27.281956640845305,11.057650469835156,-9.159970520217273,-13.934908347011199,-10.564363998686074,6.136612593866145,6.136612593866145,,-97.54695212821927,-97.54695212821927,2.1,1.658333333333334,0.5,1.158333333333334,28.958333333333353,1.5910393832097496,-4.272963937695468,UK,1.3230667672290697,-78.43662793437419,,,-78.43662793437419,1.6781,-0.019766666666665822,,,,
2012-06-01,,27.489409681354477,28.420990842818963,1.97245422282315,-6.06071440217963,-0.3902424315894323,17.960760730329024,17.960760730329024,,-44.67162687494439,-44.67162687494439,2.2,1.9516666666666675,0.5,1.4516666666666675,36.291666666666686,9.04761893104705,2.056558517862303,UK,28.979939539697654,-59.33516903032765,,,-59.33516903032764,1.8651,0.08656666666666757,,,,
2012-07-01,,-3.528623531905689,4.470638411054296,7.542267707174902,-28.402442413578953,-3.0297058577527025,31.38699585252297,31.38699585252297,,-61.120500536966546,-61.120500536966546,2.1,1.8466666666666676,0.5,1.3466666666666676,33.666666666666686,6.269730814997052,-3.336115757321275,UK,9.270195576830288,-70.49178539986549,,,-70.49178539986549,1.6111,0.2355666666666676,,,,
2012-08-01,,-2.9251041498619874,27.74474210381839,-7.432757411351447,0.6046402681002717,-5.068816917395059,29.05694119835887,29.05694119835887,,-15.294716111578808,-15.294716111578808,2.3,2.2899999999999987,0.5,1.7899999999999987,44.749999999999964,15.697802737505956,8.031934419373309,UK,46.14664985602662,-26.940260150415767,,,-26.940260150415767,1.6236,0.6663999999999988,,,,
2012-09-01,,-2.3264279171533246,16.79478240951872,-5.705987054219732,-14.383953891471576,-8.258330241646744,31.322256782853025,31.322256782853025,,-45.15312988553492,-45.15312988553492,2.1,2.131666666666667,0.5,1.6316666666666668,40.79166666666667,14.557405881296804,7.873642445319184,UK,28.26750860552195,-30.029325500249797,,,-30.029325500249797,1.7105,0.4211666666666669,,,,
2012-10-01,,31.08116650472968,26.467824462174647,-4.239694562196375,-10.903166325290652,-6.199539198400575,30.373473472089646,30.373473472089643,,-33.96633113321018,-33.96633113321018,2.1,2.1750000000000007,0.5,1.6750000000000007,41.875000000000014,20.627644041278657,16.8723510478796,UK,23.69981923664163,-0.24002149144473628,,,-0.24002149144473628,1.8749,0.3001000000000007,,,,
2012-11-01,,31.170008359862027,3.021296877773436,-2.328770834158894,7.746622642505089,0.6345801883893363,24.532689940675223,24.532689940675223,,2.235599628570727,2.235599628570727,2.6,2.9683333333333346,0.5,2.4683333333333346,61.708333333333364,19.495434027768923,4.065143461091408,UK,-13.867930011479718,-15.689420580877938,,,-15.689420580877938,1.7969,1.1714333333333347,,,,
2012-12-01,,31.26817089031524,8.956335226310143,-9.460914990321443,15.602500187988147,-2.089322290818623,10.038269123235018,10.038269123235018,,17.05810797596866,17.05810797596866,2.6,3.0116666666666667,0.5,2.5116666666666667,62.79166666666667,20.931095994179245,7.382726629940712,UK,-4.430766172092912,-10.681443484928948,52.459489596297296,,7.889419186019948,1.8876,1.1240666666666668,,,,
2013-01-01,,4.162908205576373,1.10002261068316,-18.583230545398386,7.657875364524401,-10.865258218950506,-1.7708396139308271,-1.770839613930827,,-7.313375558753435,-7.313375558753435,2.4,2.755,0.5,2.255,56.375,18.409108234454,8.059874339126683,UK,-0.737708746252767,-2.382185553848527,71.75090571042578,,19.42166481799686,2.1883,0.5667,,,,
2013-02-01,,4.876534991633595,7.191330683600172,-19.78134589583159,-20.564080257778887,-20.011561884639615,-11.946874318111544,-11.946874318111544,,-49.64009419783256,-49.64009419783256,2.3,2.4516666666666658,0.5,1.9516666666666658,48.79166666666664,15.266901088054986,9.843594675997343,UK,8.580208098780119,-3.01352432145472,51.42265029898474,,12.99711527279218,2.1117,0.33996666666666586,,,,
2013-03-01,,5.600670594477681,30.792007767983613,-18.553149851282,-20.571679776979618,-19.146835123546005,0.43458097769609955,0.43458097769609955,,-51.306765014098275,-51.306765014098275,2.3,2.695,0.5,2.195,54.87499999999999,16.97819862799121,11.25443062946106,UK,45.906810072087175,-24.403031334648507,12.930693611573979,,-13.422523997524246,1.9006,0.7943999999999998,,,,
2013-04-01,,-0.5828030941032215,5.42185719912805,-27.12738249616415,-10.337099366184672,-22.189063928523126,2.282592909403733,2.282592909403733,,-24.92202902498823,-24.92202902498823,2.4,2.8866666666666667,0.5,2.3866666666666667,59.66666666666667,9.703291484907838,-3.9170067172782836,UK,9.024653375066814,-50.36098385054581,0.9842043312531489,,-35.25945791472258,1.7922,1.0944666666666667,,,,
2013-05-01,,-0.434476392283787,29.49987700474355,0.9135351509084257,-29.49759755456713,-8.030915644819679,23.973972072543393,23.973972072543393,,-53.19620596812814,-53.19620596812814,2.0,2.428333333333333,0.5,1.9283333333333328,48.20833333333332,25.023599862901342,22.427058369987623,UK,47.460489042959956,-15.402473683622794,77.1833624785646,,11.8286545993735,2.1634,0.2649333333333326,,,,
2013-06-01,,-0.28403649034042244,13.479387473682948,8.713700887099504,-14.153215021130913,1.988137384678793,16.580081061712722,16.580081061712722,,-29.25866998904723,-29.25866998904723,2.2,2.766666666666667,0.5,2.266666666666667,56.66666666666668,32.60823477519649,27.500010950424052,UK,21.73744185209697,36.61743065377647,94.86470798598849,,53.74898281030942,2.6171,0.14956666666666685,,,,
2013-07-01,,39.883952390204385,57.91888342328877,33.818178344877545,-9.416324823865645,21.102148001129546,25.6757544122215,25.6757544122215,,-27.942004406038134,-27.942004406038134,2.3,2.9533333333333327,0.5,2.4533333333333327,61.333333333333314,44.74491429563408,44.17217901882658,UK,68.7398420431394,41.56399381281142,100.0,,58.751054456102175,2.5581,0.39523333333333266,,,,
2013-08-01,,38.973662752898484,33.023630977151285,-10.32156100019287,-6.734774007355629,-9.266623649358387,-1.0786891052652874,-1.0786891052652874,,-32.69036954635858,-32.69036954635858,2.0,2.536666666666667,0.5,2.036666666666667,50.91666666666668,26.78571976890179,25.744443097135612,UK,29.453611911702975,35.11949811532625,68.26479482686206,,44.868114795189726,2.8293,-0.29263333333333286,,,,
2013-09-01,,38.09483410377079,29.967746349149742,-25.6793545009934,-19.884543651286943,-23.974998368726798,-2.4774446753262276,-2.4774446753262276,,-46.220793654020305,-46.220793654020305,2.0,2.665,0.5,2.165,54.125,18.699648071989465,14.867550175996339,UK,25.09149369637711,-4.349222895213186,38.836315572438,,8.352406065860691,2.7591,-0.09410000000000007,,,,
2013-10-01,,2.134590227610021,26.315574877938367,-38.71732668965153,-14.92848879288396,-31.720609661190476,0.9451373980215946,0.9451373980215946,,-28.449943777421634,-28.449943777421634,2.2,3.188333333333333,0.5,2.688333333333333,67.20833333333333,18.34796474975026,9.615844836338821,UK,40.82416566813538,-6.344728557263249,14.447138225044759,,-0.22947362129030513,2.7045,0.4838333333333331,,,,
2013-11-01,,1.2172497230741584,31.082693339583408,-16.792454419865486,-44.8008274583748,-25.030211195897635,23.603200491748556,23.603200491748556,,-66.641065232494,-66.641065232494,1.7,2.6550000000000007,0.5,2.1550000000000007,53.875000000000014,23.014355750883286,20.37893082959746,UK,49.00195950948896,-4.126882377071247,26.908299792039063,,5.001112378549432,2.8776,-0.22259999999999946,,,,
2013-12-01,,0.2741727046792111,38.23722760546128,-9.550821853883159,-37.15407189119727,-17.669424806034367,24.487478938332135,24.487478938332135,,-49.493767892287735,-49.493767892287735,1.8,2.818333333333333,0.5,2.318333333333333,57.95833333333332,30.741708181621348,29.404020163021187,UK,61.015060545930524,30.433277269822916,46.58316392877293,,35.18324393421998,3.1571,-0.3387666666666669,,,,
2014-01-01,,36.944887631392845,31.683147557031184,0.7093267998968754,-52.62265230267693,-14.97654940674248,23.879077583659374,23.879077583659374,,-71.87987224904025,-71.87987224904025,1.7,2.7783333333333347,0.5,2.2783333333333347,56.958333333333364,27.478136594533964,24.45206897918936,UK,28.526103512414192,6.797970088737132,19.323080329179454,,10.481826041808402,2.8347,-0.056366666666665566,,,,
2014-02-01,,35.60230063482454,39.544163277142545,1.727204531032489,-36.28383425836586,-9.452512759967025,32.466820124987386,32.466820124987386,,-46.27196703546589,-46.27196703546589,1.6,2.831666666666666,0.5,2.331666666666666,58.29166666666665,28.42025743862238,24.047718221506102,UK,41.90928086253336,1.3937828397249212,15.719313059276244,,5.607174080769428,2.8561,-0.024433333333333973,,,,
2014-03-01,,34.278517515674636,30.857183883323565,14.941478143341635,-38.3587774744625,-0.7350676266007572,37.215780600875256,37.215780600875256,,-41.457764671002614,-41.457764671002614,1.7,3.1750000000000003,0.5,2.6750000000000003,66.875,29.97881623603326,20.551543026827833,UK,28.80438370391292,-17.771521518356426,17.75244755173697,,-7.323295321270132,2.8687,0.30630000000000024,,,,
2014-04-01,,18.5093667174733,43.811858690144135,13.315799619219362,-37.29836431048653,-1.5707191836353118,38.49029849568346,38.49029849568346,,-38.716577867205345,-38.716577867205345,1.6,3.113333333333334,0.5,2.613333333333334,65.33333333333336,34.25499210390085,28.654804281957606,UK,58.99335387374664,-1.3931225286880664,47.753239678318906,,13.061689885137515,2.8078,0.3055333333333343,,,,
2014-05-01,,17.83664522243641,28.34967178619922,-39.91688968905211,-11.691877917087155,-31.615415638474186,3.776023066704929,3.7760230667049295,,3.6692375517035747,3.6692375517035747,2.0,3.8933333333333326,0.5,3.3933333333333326,84.83333333333331,21.774654734071714,7.276357949364421,UK,34.65748772445691,-8.594410489296916,15.096822840570884,,-1.626400686394622,2.7029,1.1904333333333326,,,,
2014-06-01,,17.245009371881366,23.25682281483438,-71.81706723206793,-40.97081436318373,-62.74463991769023,-4.955621901141286,-4.955621901141286,,-44.599972845391534,-44.599972845391534,1.6,3.368333333333334,0.5,2.868333333333334,71.70833333333336,13.002672925794295,5.232389015070499,UK,26.863910880606184,4.767008648208664,-15.39706308841168,,-1.1636006860914376,2.812,0.5563333333333342,,,,
2014-07-01,,16.40209247680563,6.036065628650331,-83.41601426906219,-4.989555962638392,-60.349408884819894,-3.092483407247417,-3.092483407247417,,5.03916725425889,5.03916725425889,2.0,4.138333333333334,0.5,3.6383333333333336,90.95833333333334,13.078186492956869,-5.118899982792082,UK,-0.1835504802428489,-1.1839860390647874,-24.048259227673284,,-7.908772271008464,2.7598,1.3785333333333338,,,,
2014-08-01,,17.10966594717132,18.082622077932633,-25.193463317737542,-45.02444880858523,-31.026106109163333,27.277562586898092,27.277562586898092,,-50.196988261450116,-50.196988261450116,1.8,3.9066666666666667,0.5,3.4066666666666667,85.16666666666667,23.20483949076393,7.9092612117316,UK,18.666395756389427,-24.9214410743849,-38.516570272165374,,-28.920008485496805,2.3916,1.5150666666666668,,,,
2014-09-01,,18.39690155348113,30.010403164539674,-7.087915573241292,-20.33090847793654,-10.982913486386954,24.143947171136766,24.143947171136766,,-4.458547333414723,-4.458547333414723,1.9,4.026666666666666,0.5,3.5266666666666664,88.16666666666666,27.361128640636387,10.102766511997482,UK,36.9785041311748,-25.6350662965253,-8.920009123256136,,-20.71887301026966,2.4682,1.5584666666666664,,,,
2014-10-01,,18.941069226575845,19.20725057442281,10.890991436324242,-74.814126047997,-14.316396059064356,17.183099664609962,17.183099664609962,,-79.91496569081072,-79.91496569081072,1.5,3.493333333333333,0.5,2.993333333333333,74.83333333333333,24.131648175499993,12.062668991561445,UK,19.36695938313099,-36.75745588825908,-15.304363850831395,,-30.447722936074467,2.3054,1.187933333333333,,,,
2014-11-01,,20.644744835999553,33.891064421876344,9.488955104630744,-52.90957455928379,-8.863553620050002,1.800569534501129,1.800569534501129,,-54.4931138673438,-54.4931138673438,1.5,3.461666666666666,0.5,2.961666666666666,74.04166666666666,22.048036749513976,10.172955683534736,UK,41.83885617340242,-39.25885819777482,-20.956682979037428,,-33.87586548638147,1.9853,1.476366666666666,,,,
2014-12-01,,23.59463849910361,30.647456309084923,16.583798220555202,-81.22402036322454,-12.183207245262368,22.904644607586935,22.904644607586935,,-97.82650552721933,-97.82650552721933,1.2,3.1766666666666667,0.5,2.6766666666666667,66.91666666666667,20.73392095327353,10.710592957593658,UK,34.87914699507371,-56.353737017866536,-60.107144510180696,,-57.45768039795894,1.8196,1.3570666666666666,,,,
2015-01-01,,24.10385994343837,60.07278830016138,21.07285897278843,-58.049020204130684,-2.198281961599545,32.42520991734269,32.42520991734269,,-45.62115339884999,-45.62115339884999,1.3,3.3916666666666675,0.5,2.8916666666666675,72.29166666666669,22.20442169367758,10.124605555806705,UK,81.65414531419519,-80.80151310257423,-59.85415583184006,,-74.64052567000536,1.3867,2.0049666666666672,,,,
2015-02-01,,25.47647948148315,38.33619856591307,6.65174882506497,-60.48720602410298,-13.095002601160898,25.874118736591377,25.874118736591377,,-37.36558051521369,-37.36558051521369,1.4,3.503333333333333,0.5,3.003333333333333,75.08333333333333,26.515241093482665,15.509316099610727,UK,46.05203001657104,-22.52276487826908,-14.393707116150642,,-20.131865536469537,1.8567,1.646633333333333,,,,
2015-03-01,,27.666750496095577,34.36657225368938,-0.5308495047942716,-55.43320757719109,-16.67860187902863,4.830827131741096,4.830827131741096,,-29.791188393202738,-29.791188393202738,1.2,3.2616666666666667,0.5,2.7616666666666667,69.04166666666667,20.21687099721354,9.852494707466427,UK,38.386465308245654,-25.70898828905486,-3.6427693331577444,,-19.218923890261593,1.6605,1.6011666666666666,,,,
2015-04-01,,-2.9463296283719407,9.434523425101915,28.590123763378177,-62.04333010509363,1.9332255667688216,10.008351401427982,10.008351401427982,,-62.667385267961286,-62.667385267961286,1.0,2.92,0.5,2.42,60.5,29.72896726941561,22.57317313397543,UK,16.86303525718623,26.618541768611514,21.49394454232808,,25.111307290292856,1.9447,0.9752999999999998,,,,
2015-05-01,,-3.625832343547904,24.707315485711234,60.161674085297925,-71.72298429792257,21.37206867846837,13.304721640370387,13.304721640370387,,-86.83121375782925,-86.83121375782925,0.8,2.4816666666666665,0.5,1.9816666666666665,49.541666666666664,27.968386842696418,22.771855956442252,UK,41.70720418326672,-14.745664820792642,-1.8620031434528117,,-10.956352562751515,1.9178,0.5638666666666665,,,,
2015-06-01,,-4.69533009932714,25.048016614067045,82.72824575422547,-46.79721497283558,44.632522010972224,25.088819753476738,25.088819753476738,,-63.351592788425314,-63.351592788425314,0.9,2.5933333333333337,0.5,2.0933333333333337,52.33333333333334,38.36872048048296,32.330937927553,UK,42.89402464210356,17.425751262446536,11.00065240033294,,15.53601630300136,2.1552,0.43813333333333393,,,,
2015-07-01,,-0.010793750475702331,24.25509441579516,33.47592047915256,-45.29655798604972,10.307544459975421,3.3596803781864644,3.3596803781864644,,-52.31163545706177,-52.31163545706177,0.8,2.505000000000001,0.5,2.005000000000001,50.12500000000002,20.22680167243255,12.575548925092962,UK,38.81462731555768,-23.828709567726257,-13.807707685389126,,-20.881356072921218,2.0074,0.4976000000000007,,,,
2015-08-01,,0.2305303083176377,7.370737811552119,34.14717547385324,-8.273957899774476,21.670371540433322,16.975310982598938,16.975310982598938,,4.658120519468609,4.658120519468609,1.2,3.164999999999999,0.5,2.664999999999999,66.62499999999997,25.77058990564662,9.119432808334235,UK,11.654862313492808,-16.86524594200983,9.544542583803475,,-9.097661081476504,1.9669,1.198099999999999,,,,
2015-09-01,,0.4543051171217463,6.987629871343757,30.286938289528443,-33.847529510476214,11.42385952482119,25.17514156957756,25.17514156957756,,-25.001354873432447,-25.001354873432447,1.0,2.923333333333333,0.5,2.423333333333333,60.58333333333332,19.266549384451093,3.3888706080200017,UK,10.907624723876966,-52.450238162524144,-16.254522722251558,,-41.804439503620436,1.7919,1.1314333333333328,,,,
2015-10-01,,-10.915318902376251,21.23901297952317,47.494989740156804,-30.063532792106386,24.683659583608808,36.09692266546198,36.09692266546198,,-19.747299396681605,-19.747299396681605,1.0,2.9783333333333326,0.5,2.4783333333333326,61.958333333333314,30.46831582468806,17.93808635312786,UK,40.53161210866282,-21.86338322812909,14.222524218268845,,-11.24988103801205,1.9457,1.0326333333333326,,,,
2015-11-01,,-10.288687349051806,19.61212861336248,10.907929206734869,-46.168941493054746,-5.87938570496796,21.759317649821618,21.759317649821618,,-44.19328676553792,-44.19328676553792,1.1,3.1816666666666666,0.5,2.6816666666666666,67.04166666666667,24.792901581184076,13.642224065354306,UK,37.55261819081105,-24.72389624495455,14.96180471868783,,-13.051631255647967,1.8741,1.3075666666666665,,,,
2015-12-01,,-9.658555579988565,4.017218962947147,-15.620122399966599,-20.482848120968082,-17.050335847319975,-9.538443107194603,-9.538443107194603,,-16.03478426057043,-16.03478426057043,1.2,3.285,0.5,2.785,69.625,20.8668653158859,8.61246374927826,UK,12.222683688708575,6.6141717376021605,49.232587625384895,,19.148999939891198,2.0097,1.2753,,,,
2016-01-01,,-5.409394334085484,-32.520374483615086,-21.8226925141842,-5.258925833636282,-16.95099643167011,-20.187648673926837,-20.187648673926837,,1.6101698558256161,1.6101698558256161,1.4,3.538333333333333,0.5,3.038333333333333,75.95833333333333,9.408810861237834,-13.841781341098159,UK,-48.78696257333285,-42.62926091795624,34.983273434794135,,-19.802044931853185,1.6355,1.9028333333333332,,,,
2016-02-01,,-5.117466677235898,9.24358024040218,16.11331611990382,-11.774099014145504,7.911135198124607,-9.096487881885714,-9.096487881885714,,-16.66194210311984,-16.66194210311984,1.2,3.1933333333333342,0.5,2.6933333333333342,67.33333333333336,14.343863107954624,-3.6811107206245564,UK,17.860208390985026,-59.296683822869625,-20.516462247991605,,-47.890736300846676,1.4096,1.7837333333333343,,,,
2016-03-01,,-4.820420891919652,2.896841855956901,20.452972944478727,-22.33805470984511,7.867376575559951,-0.8721209652231802,-0.8721209652231803,,-26.800391577744115,-26.800391577744115,1.2,3.1483333333333334,0.5,2.6483333333333334,66.20833333333334,14.833077478650157,-3.40294026652754,UK,7.527199504682834,-62.73104260253406,-19.24480978919112,,-49.94097412802143,1.5041,1.6442333333333334,,,,
2016-04-01,,16.469966140406854,18.425994035007726,29.822964957395033,-12.042405575510903,17.509620683010933,15.400770583880357,15.400770583880357,,-13.013388079369284,-13.013388079369284,1.5,3.6533333333333333,0.5,3.1533333333333333,78.83333333333333,29.62007020414892,12.339895078592924,UK,19.59961077176825,-11.9525199115769,-23.940600811519257,,-15.478426058618771,1.6947,1.9586333333333332,,,,
2016-05-01,,15.909432677452923,8.361847342469838,20.892687377226867,-25.1380564549266,7.354233308946437,25.385085512068787,25.385085512068787,,-22.86229393137641,-22.86229393137641,1.2,3.255,0.5,2.755,68.875,27.135665890496032,12.665036583333672,UK,3.8332961414799875,-11.861603459354559,7.028621356306358,,-6.305654984160171,1.5474,1.7075999999999998,,,,
2016-06-01,,15.349338833419457,12.344702299734536,36.4091239405764,-22.32270795672614,19.13505573548742,33.98109933827763,33.98109933827763,,-20.67271167797509,-20.67271167797509,1.2,3.205,0.5,2.705,67.625,20.20482768135465,0.6997106007376649,UK,10.541920379523582,-71.55514741249777,-53.671549432380516,,-66.29526565363976,1.0263,2.1787,,,,
2016-07-01,,11.928880296366511,1.3389585197620084,43.483479259197736,-21.708103058712787,24.30948445981229,22.76388914551187,22.76388914551187,,-21.667198108966197,-21.667198108966197,1.4,3.453333333333333,0.5,2.953333333333333,73.83333333333333,17.079252858947132,-7.342210608143805,UK,-5.014994546200693,-100.0,-51.816712906504925,,-85.82844497250144,0.7998,2.6535333333333333,,,,
2016-08-01,,10.850037598503718,5.4325683206779285,37.09127636362952,-6.248791523785866,24.344197573213226,-5.583405796776794,-5.583405796776794,,16.19219548091593,16.19219548091593,1.3,3.1500000000000004,0.25,2.9000000000000004,72.50000000000001,10.773272516196227,-14.83622073692171,UK,2.182086753982455,-90.65735253980941,-59.43488310758585,-100.0,-84.25313230078211,0.6615,2.4885,,,,
2016-09-01,,9.740362184046406,6.543965122371427,22.881277121881737,-5.991668852423048,14.389234188262682,-7.11801515915394,-7.118015159153939,,15.937396167555107,15.937396167555107,1.3,3.291666666666667,0.25,3.041666666666667,76.04166666666667,18.289439827622502,-3.215518056020792,UK,4.626126885366439,-34.13875792817603,2.052428496165204,-100.0,-34.97014763286431,0.7968,2.494866666666667,,,,
2016-10-01,,-5.952365480883319,-3.0309221449132444,16.40941178447058,8.459790705581783,14.071287937738582,-9.68052979345651,-9.68052979345651,,27.688714804249525,27.688714804249525,1.5,3.5316666666666663,0.25,3.2816666666666663,82.04166666666666,26.158398720723753,5.3478050532261685,UK,-1.2780561433311997,35.3465100825221,25.514873776710868,-100.0,12.586624493690977,1.2877,2.243966666666666,,,,
2016-11-01,,-6.723352639578358,-13.643075391068326,25.725505766081152,-15.340036733021952,13.647405031050825,1.6660344578884263,1.6660344578884263,,-24.6349326681318,-24.6349326681318,1.2,3.0199999999999996,0.25,2.7699999999999996,69.24999999999999,29.285182774844095,14.41512619608441,UK,-17.794909041962306,41.00248419706058,43.55367247868454,-41.5875614522595,29.251774420068557,1.4765,1.5434999999999997,,,,
2016-12-01,,-7.547780790886842,-2.2774939874219347,41.66176002294314,7.284003505966037,31.550655165008703,9.133703123510541,9.133703123510541,,-0.48946596606453535,-0.48946596606453535,1.4,3.3583333333333325,0.25,3.1083333333333325,77.70833333333331,30.268823740325118,9.851472125042214,UK,0.884678094657009,4.289123983026351,-2.327829957927959,-41.5875614522595,-4.2466173175051045,1.2955,2.0628333333333324,,,,
2017-01-01,,5.256398740433707,25.846433999170515,30.495841934552775,14.887605020416073,25.905184018630216,8.337049645558006,8.337049645558006,,9.635283426191773,9.635283426191773,1.6,3.5983333333333327,0.25,3.3483333333333327,83.70833333333331,31.811155727403452,13.073220001280824,UK,38.2004551544126,-15.065196838238279,16.206134265824133,-40.95993535547709,-11.131574839808497,1.4858,2.1125333333333325,,,,
2017-02-01,,4.313904791717392,-16.582363849083166,1.4485177499092234,40.35486549582403,12.89156120459005,5.264141891573943,5.264141891573943,,41.402544869009496,41.402544869009496,1.6,3.6366666666666676,0.25,3.3866666666666676,84.66666666666669,15.868858193164108,-13.326965491486453,UK,-29.120125033563504,-60.176378316804346,-7.232882447261674,-64.80247044966131,-47.63441816934722,1.1303,2.5063666666666675,,,,
2017-03-01,,3.277156422009622,-20.08803000075453,-7.498273088696959,64.44970810627714,13.662897851001308,-3.682746768376741,-3.682746768376741,,71.43038284125043,71.43038284125043,2.0,4.176666666666668,0.25,3.9266666666666676,98.16666666666669,18.805213311155793,-14.591020876920034,UK,-34.10714185441302,-43.40923353391382,5.450670424307453,-59.791925753047046,-33.651661377228486,1.1343,3.0423666666666676,,,,
2017-04-01,,52.06244730588034,-17.63304423056035,10.676077919048204,31.55824978009065,16.81789317229598,1.5355898275619573,1.5355898275619573,,31.30691707716221,31.30691707716221,1.8,3.9150000000000005,0.25,3.6650000000000005,91.62500000000001,19.038616251723635,-11.479518004784198,UK,-59.45033915242477,-49.83119422053983,-33.39100866279846,-55.60144870677688,-46.58668600404005,1.1067,2.8083000000000005,,,,
2017-05-01,,51.94422377350245,3.306473945662254,19.848485328215958,75.55627244987217,36.23312859929132,-2.6639877078981815,-2.6639877078981815,,96.6278350932086,96.6278350932086,2.4,4.853333333333333,0.25,4.603333333333333,100.0,25.989359674893482,-6.629505039598076,UK,-25.876175951041862,-25.86475773111929,-17.1087446261902,-52.02145601746814,-27.599259197839345,1.0669,3.7864333333333327,,,,
2017-06-01,,51.88972433207856,-2.1309577787950107,3.304880826121602,61.33886956048862,20.3737010421119,-8.504583062475987,-8.504583062475987,,83.43521162997142,83.43521162997142,2.6,5.093333333333333,0.25,4.843333333333333,100.0,26.583389697057967,-3.0769372963501667,UK,-34.54336704531915,-6.6239797576436885,35.18143682001577,-48.91049518059123,-2.5156029266709545,1.2971,3.796233333333333,,,,
2017-07-01,,32.765225232092384,21.59838976063544,12.97474795595771,53.66685423912199,24.94301450982956,3.486118450417274,3.4861184504172744,,80.45831393555486,80.45831393555486,2.4,4.831666666666666,0.25,4.581666666666666,100.0,33.36758363180081,7.710777219856762,UK,14.898288477761271,-5.622496024103603,64.18393522878414,-46.16914405440456,5.747114584573189,1.2613,3.570366666666666,,,,
2017-08-01,,31.383222481510366,8.760104454051145,13.058242532181058,9.175677234947642,11.916311562406523,13.424341017525872,13.424341017525874,,22.6842006113075,22.6842006113075,2.4,4.7716666666666665,0.25,4.5216666666666665,100.0,35.495963831920974,12.392971725432304,UK,-4.813766362424384,-26.574750237254758,52.92916793691656,85.97757768189676,10.1840784941608,1.0758,3.6958666666666664,,,,
2017-09-01,,30.056258852255446,20.423399458650522,36.37364814417436,31.985304026883572,35.08295869791236,7.336421803119819,7.336421803119819,,46.30741898714945,46.30741898714945,2.7,5.163333333333334,0.25,4.913333333333334,100.0,39.619970131554105,15.860188506982148,UK,14.643683822487565,-10.810983581897089,28.77804087974602,83.75718575650282,13.271497934273675,1.4009,3.762433333333334,,,,
2017-10-01,,58.73854021570647,20.858509177683633,19.853074304369148,52.0775702865942,29.330867240317694,2.5224544922003496,2.5224544922003496,,57.96646689859607,57.96646689859607,2.7,5.203333333333333,0.25,4.953333333333333,100.0,35.00461131364639,9.969067514244449,UK,-1.8695094451300724,-9.281665751001189,-18.661552680271075,81.92429017651656,2.0542559058090024,1.3894,3.813933333333333,,,,
2017-11-01,,57.29652528014554,34.60927817673448,36.76231939598935,63.73187567572949,44.69454183120704,-4.823269846707548,-4.823269846707548,,43.349872911979055,43.349872911979055,2.7,5.045,0.5,4.545,100.0,38.47220901185504,14.789857241867601,UK,20.996929914687843,-21.23336499660224,-28.19124055393675,100.0,-4.787829136445531,1.3844,3.6605999999999996,,,,
2017-12-01,,56.06413584865545,24.94211465296109,19.472456410389118,45.15484904377386,27.0261013025611,-15.679179227470733,-15.679179227470733,,19.944127828033594,19.944127828033594,2.7,4.888333333333334,0.5,4.388333333333334,100.0,30.819707819885426,6.504815208838787,UK,6.268901935544474,-52.015120022279504,-23.929916572930644,100.0,-22.19155115660036,1.258,3.6303333333333336,,,,
2018-01-01,,51.17174289586702,4.40437027408799,30.893705181984863,19.373594086062916,27.505437212596053,-7.339665628757546,-7.339665628757546,,-6.685433588304593,-6.685433588304593,2.5,4.630000000000001,0.5,4.130000000000001,100.0,36.25928391433061,12.756667927983125,UK,-23.656053298979426,-22.43158019544422,9.934201027133307,95.27431174611417,3.3157489014339188,1.5477,3.082300000000001,,,,
2018-02-01,,48.4234164988742,18.1718136400167,24.164781294143484,32.240548686720345,26.540006997842557,-2.275794167424001,-2.275794167424001,,38.728969643716674,38.728969643716674,2.7,4.966666666666667,0.5,4.466666666666667,100.0,36.79195197388761,13.578592878613485,UK,0.020851924702202512,-3.9255894574447345,45.3919817962185,29.197593146117622,13.372280746505428,1.5738,3.3928666666666665,,,,
2018-03-01,,45.870336332967454,24.68638140462959,40.71471650491603,5.185142189192986,30.264841706173957,14.82332666318729,14.82332666318729,,10.888729661926497,10.888729661926497,2.4,4.456666666666666,0.5,3.956666666666666,98.91666666666666,41.692594004464794,20.781744921476633,UK,11.976008447626873,-3.925200144367963,32.894941328498035,27.803614255529187,10.039157383833109,1.424,3.032666666666666,,,,
2018-04-01,,-65.01415252038913,-16.265247685589106,16.460669139185782,7.937208876211038,13.95376906184027,-9.371719340141738,-9.371719340141738,,18.966057025913667,18.966057025913667,2.3,4.246666666666666,0.5,3.746666666666666,93.66666666666666,26.872885832794537,1.0004394576137972,UK,12.984095215290909,-17.00969112441158,29.251333784183092,26.528828618436005,1.0863430641642253,1.5084,2.738266666666666,,,,
2018-05-01,,-62.849610641663304,-28.0787162637299,14.766862776753275,-19.90785969440729,4.568414991117814,-19.973495873857498,-19.973495873857498,,-28.58376801678615,-28.58376801678615,2.1,3.8883333333333336,0.5,3.3883333333333336,84.70833333333334,19.673178951275606,-4.155976169464017,UK,-7.216179636969855,-39.48193173798477,-0.5788644259861351,46.321174214202536,-16.885699017157016,1.3335,2.5548333333333337,,,,
2018-06-01,,-61.113361267991515,-16.040269189962498,-0.20481737642059905,8.233984522867923,2.277183182193672,-12.788044007617398,-12.788044007617398,,0.5257494288311148,0.5257494288311148,2.1,4.026666666666667,0.5,3.5266666666666673,88.16666666666669,21.933417184544517,-1.8004278042932458,UK,11.003586056854905,-23.604550376664797,-3.760217172107858,44.17344354834424,-8.476767986774206,1.391,2.6356666666666673,,,,
2018-07-01,,-56.58515393242134,-17.132213550970288,6.9259244315338915,3.508358651752766,5.920758025715913,-9.643088103748788,-9.643088103748788,,-16.790074356896525,-16.790074356896525,1.9,3.665,0.5,3.165,79.125,22.174429625882915,1.5149148322372155,UK,6.539550677900335,-18.287702365592917,-0.4778713676887626,42.22078528000639,-4.758971469276983,1.4422,2.2228000000000003,,,,
2018-08-01,,-54.54976159400228,-14.697236302781516,26.098308778553587,24.56336617950055,25.64685507294975,5.152017926638769,5.152017926638769,,-20.420960177168965,-20.420960177168965,1.9,3.6033333333333326,0.75,2.8533333333333326,71.33333333333331,27.76927293681316,9.073314635017574,UK,9.21427887195094,-31.597515702352787,24.425888226321486,100.0,2.1479626351686996,1.4116,2.1917333333333326,,,,
2018-09-01,,-52.4857219896922,-18.80877715729918,43.44894191887013,37.24087176119977,41.62303893132003,-10.098812033367773,-10.098812033367773,,-5.013469144478837,-5.013469144478837,2.1,3.745,0.75,2.995,74.875,29.35009404749783,7.906472606339678,UK,1.3973897421366266,-21.77076268784217,19.325677719278595,100.0,6.768961817114349,1.568,2.177,,,,
2018-10-01,,-53.3450471004081,-36.14669353015433,56.65452232826789,21.67660183707898,46.3668986543888,-7.1509661516413425,-7.1509661516413425,,-10.784575740307488,-10.784575740307488,1.9,3.3899999999999997,0.75,2.6399999999999997,65.99999999999999,24.44422447667712,1.6201980015730086,UK,-25.827681388002077,-37.80296528889928,6.699540449471376,100.0,-6.0068940609717245,1.4322,1.9577999999999998,,,,
2018-11-01,,-52.25061747725373,-48.134379983445086,61.330639443506094,13.961987564858974,47.398683008609886,10.998331749860622,10.998331749860622,,7.269051955959423,7.269051955959423,1.9,3.4366666666666665,0.75,2.6866666666666665,67.16666666666666,22.27766544499193,-4.894106915082307,UK,-45.6646374871599,-24.670537450488858,-7.116566748070525,-34.32855882241209,-21.73074798067276,1.3685,2.0681666666666665,,,,
2018-12-01,,-51.2073977035628,-42.76616913529074,50.01195155352423,-14.049379163971699,31.170383695437188,26.38138951752041,26.38138951752041,,-22.518714916845774,-22.518714916845774,1.8,3.233333333333333,0.75,2.483333333333333,62.08333333333332,20.902796269739156,-2.371001477895763,UK,-37.701431994327514,-42.40713140753191,6.350053379044329,-33.23074900081985,-28.841377849881038,1.3052,1.928133333333333,,,,
2019-01-01,,-96.09272840747676,-56.96805808427168,45.435955817136055,3.6491671150383085,33.14572384593083,29.753986805587633,29.753986805587633,,2.1265539867976595,2.1265539867976595,1.9,3.4299999999999993,0.75,2.6799999999999993,66.99999999999999,19.99383315213873,-7.942425759142651,UK,-33.49325589034864,-35.198431058938596,-13.385392717560531,-31.25241667744062,-29.153269316369382,1.2543,2.175699999999999,,,,
2019-02-01,,-90.21010325415551,-28.089476929389185,27.358021127848886,-5.383180909832073,17.728255822648606,-9.109001965146216,-9.109001965146216,,-4.004616971459335,-4.004616971459335,1.9,3.2816666666666663,0.75,2.5316666666666663,63.29166666666666,16.99614883878471,-3.3100907143986635,UK,9.182898865470612,-25.932494059678795,-3.251268666015164,41.72198709093799,-10.114015538670369,1.333,1.9486666666666663,,,,
2019-03-01,,-85.2486840770178,-24.44595126535574,41.404780639427216,4.697169047726363,30.60842428892696,6.270375657313153,6.270375657313153,,-1.0991502977766452,-1.0991502977766452,1.8,3.2833333333333337,0.75,2.5333333333333337,63.33333333333334,18.589566679369685,-3.718053723818319,UK,12.035688421641497,-51.32580291994997,-20.510544734244007,40.39523761550813,-29.863832293204762,1.0361,2.247233333333334,,,,
2019-04-01,,6.143089464183271,42.39900532626839,18.343340802539426,-0.12689360394645902,12.910918918278872,-4.5480874998862,-4.5480874998862,,-15.230779369169007,-15.230779369169007,1.8,3.236666666666667,0.75,2.486666666666667,62.16666666666667,24.522128971038033,15.308136608284185,UK,64.15255484351947,-28.585266536432556,5.801265971264642,39.130123168233034,-9.83132495380842,1.2169,2.0197666666666665,,,,
2019-05-01,,5.693237135238796,-3.179481658301042,18.453845016415627,16.506900579572985,17.881214299697206,14.803958735538162,14.803958735538163,,-14.363332847203727,-14.363332847203727,1.8,3.193333333333334,0.75,2.443333333333334,61.08333333333334,17.987044340495796,-0.16391730349347475,UK,-8.503112934424944,-68.3455298557153,-6.859249691086168,24.351245647105195,-39.06944348913494,0.9332,2.260133333333334,,,,
2019-06-01,,5.45999508995749,-13.85423691925237,14.168178377825875,6.069575225201474,11.786236274112815,-27.835631896357928,-27.835631896357924,,-18.547682399493056,-18.547682399493056,1.7,2.9033333333333333,0.75,2.1533333333333333,53.833333333333336,9.658512391506722,-6.893845525531638,UK,-25.442776124778288,-49.772927465583095,-7.021229080931782,23.622266825413988,-28.0757237257707,0.8914,2.0119333333333334,,,,
2019-07-01,,-40.009712778008456,-44.59843804532054,77.26082066880724,13.255478985285285,58.43572017365373,-0.3302349026408437,-0.3302349026408437,,-3.714020498529459,-3.714020498529459,1.8,3.0166666666666666,0.75,2.2666666666666666,56.666666666666664,14.268586819759825,-13.247421181097543,UK,-47.351673205707804,-89.17193311946005,-40.51095405796472,22.917342746785295,-60.19329697414941,0.6791,2.3375666666666666,,,,
2019-08-01,,-38.588786578690865,-11.352083411002134,88.67204723647748,13.908085618215512,66.68264676051808,1.288255313341012,1.288255313341012,,7.530263571262124,7.530263571262124,1.9,3.1316666666666664,0.75,2.3816666666666664,59.54166666666666,17.4458566400486,-8.287367023903483,UK,4.989938489611102,-88.46309196325845,-52.41804851817148,-49.49917853608457,-73.60724408791063,0.4426,2.6890666666666663,,,,
2019-09-01,,-37.24290664298259,-25.459209901681668,70.17978442173394,-18.563416693415142,44.07884291727833,30.63980481774342,30.63980481774342,,-30.712320502486012,-30.712320502486012,1.5,2.4966666666666657,0.75,1.7466666666666657,43.66666666666664,13.258242556788888,-7.332688368756048,UK,-18.38899185690111,-85.53955073264184,-60.151592937430095,-47.666571728804556,-73.51161443326332,0.4567,2.0399666666666656,,,,
2019-10-01,,-6.027136254778625,6.437467050100166,30.928355382129535,-11.446597371419351,18.465133984026924,23.582263126948774,23.582263126948774,,-18.094865272474987,-18.094865272474987,1.7,2.861666666666667,0.75,2.111666666666667,52.79166666666667,18.03562506064945,3.3290089585146916,UK,13.916229033027442,-46.60809231641839,-18.800355772923734,-45.99159104051251,-39.56368298915885,0.5984,2.2632666666666665,,,,
2019-11-01,,-5.617436427010571,4.495045771877049,-29.311609512560583,-25.736480444156147,-28.260100963029867,-12.878963452315068,-12.878963452315068,,-28.32593876173669,-28.32593876173669,1.7,2.8266666666666675,0.75,2.0766666666666675,51.916666666666686,8.443891569639106,-0.8953172369454888,UK,10.562535091209622,-21.22872339214138,4.190256533682784,7.522452139315986,-10.561302080966733,0.6848,2.1418666666666675,,,,
2019-12-01,,-5.22384911232664,1.8890522704711894,-14.900662601179512,9.220458607048597,-7.806215186994773,-9.644728839691833,-9.644728839691833,,9.497277773019567,9.497277773019567,1.7,2.893333333333333,0.75,2.143333333333333,53.58333333333333,13.280775755389099,1.2172094412419225,UK,6.156793100149887,-6.760969037779474,27.093244639947706,7.099970815081383,3.7817253595814497,0.8214,2.071933333333333,,,,
2020-01-01,,-22.90232143562272,6.582343523506898,-50.42496079736863,-31.837161905239974,-44.95796112321314,-67.53030929246661,-67.53030929246661,,-45.57479473349078,-45.57479473349078,1.4,2.2150000000000007,0.75,1.4650000000000007,36.62500000000002,-10.150299757723202,-16.003920997327096,UK,24.27314249898467,-53.198461523157945,-16.314797186366366,6.698838652168032,-34.99295041266115,0.5295,1.6855000000000007,,,,
2020-02-01,,-22.145549776399925,-7.940028082142456,15.025516372748859,9.026853263298944,13.261203693498883,-20.1557433767738,-20.1557433767738,,-18.08829940455485,-18.08829940455485,1.6,2.4866666666666664,0.75,1.7366666666666664,43.41666666666666,3.733024026738324,-11.992729422127894,UK,0.5832849344120233,-72.22505816967788,-44.42665065545075,-6.103070927612979,-55.35715820481136,0.4331,2.0535666666666663,,,,
2020-03-01,,-21.40368743062597,-2.6395367600889106,-7.12757131542315,1.8562647108927517,-4.485266601800825,-79.8217246494141,-79.8217246494141,,60.479204324818916,60.479204324818916,1.7,2.4133333333333344,0.1,2.3133333333333344,57.83333333333336,-5.258370504219528,-25.43702004893164,UK,8.618953642233324,-16.733457283775593,-36.542043190406645,-100.0,-34.17558516786701,0.3616,2.0517333333333343,,,,
2020-04-01,,-100.0,-100.0,-32.42304212545061,16.222945515986545,-18.115398701498506,-66.25242022831898,-66.25242022831898,,79.58638810613259,79.58638810613259,1.6,2.24,0.1,2.14,53.5,-17.91468071646499,-50.533489816867785,UK,-100.0,-1.200138892783789,-47.15534642317881,-100.0,-27.508919941464974,0.2439,1.9961000000000002,,,,
2020-05-01,,-100.0,-100.0,-100.0,-57.142324942756915,-87.39480145375202,-100.0,-100.0,,34.57610826349682,34.57610826349682,1.4,1.9150000000000011,0.1,1.815000000000001,45.37500000000003,-34.63774721020911,-58.3632656362188,UK,-100.0,1.9750825592566663,-12.786171318820081,-100.0,-17.01149329415102,0.1845,1.730500000000001,,,,
2020-06-01,,-100.0,-100.0,-100.0,-84.52324810828843,-95.4480141494966,-77.99157294014583,-77.99157294014583,,-62.64582121517479,-62.64582121517479,1.2,1.5899999999999999,0.1,1.4899999999999998,37.24999999999999,-31.94403437761291,-49.302856139376026,UK,-100.0,-41.907205210218976,-18.199632061640692,-32.18469447202547,-34.52193531234538,0.1917,1.3982999999999999,,,,
2020-07-01,,-100.0,-27.630084079868276,-100.0,-58.60692655522954,-87.82556663389106,-100.0,-100.0,,-35.738679656844525,-35.738679656844525,1.4,1.5716666666666665,0.1,1.4716666666666665,36.791666666666664,-26.79090074959432,-35.32299105995895,UK,15.791865472210759,-44.061627196655344,9.917285536257655,-30.20917678600422,-28.489031451829426,0.1252,1.4464666666666666,,,,
2020-08-01,,-100.0,11.683602766372267,-99.81756931661805,28.803337937822516,-61.98789071237082,-100.0,-100.0,,34.428811487724744,34.428811487724744,1.8,1.9583333333333335,0.1,1.8583333333333334,46.458333333333336,-14.710650236828219,-23.064951648757912,UK,78.69376442619563,-13.451499305047488,39.139684495828156,-28.47270259890284,-2.556883848906878,0.3533,1.6050333333333335,,,,
2020-09-01,,-100.0,23.23000380378608,-11.695662134016448,-46.31011767647148,-21.87638435238558,-90.05942110970328,-90.05942110970328,,-34.79147806775568,-34.79147806775568,0.9,0.20333333333333337,0.1,0.10333333333333336,2.583333333333334,-13.117979394949735,-8.31199741611242,UK,97.16800608605773,-14.192177602995251,27.360531402535948,-48.457835820083226,-8.943849084175646,0.2562,-0.05286666666666662,,,,
2020-10-01,,29.688431332905196,41.93982342600135,51.86645020590612,-25.05969638206481,29.24111297414996,-57.39367571667772,-57.39367571667772,,-9.098754877707904,-9.098754877707904,1.3,0.6033333333333335,0.1,0.5033333333333335,12.583333333333337,5.3597452380205395,6.411235734154065,UK,49.29065868185905,-5.506334424548531,5.08777079991483,-45.934973154454994,-8.922103927918661,0.2976,0.3057333333333335,,,,
2020-11-01,,28.172548368466423,20.105027508112904,83.68665323953583,-51.09247017990185,44.045734586760034,-31.369611415731335,-31.36961141573133,,-28.66795661764281,-28.66795661764281,1.5,0.9049999999999994,0.1,0.8049999999999994,20.124999999999986,10.960386467601014,6.350853813657959,UK,15.264514991900802,-18.858459889697514,-21.17206835173029,-43.67012457891858,-23.158611708588868,0.3555,0.5494999999999994,,,,
2020-12-01,,27.098544139725846,6.822428949630568,93.18812052474789,-17.87183757922563,60.52342696475568,-8.58542823543778,-8.58542823543778,,3.3751050879564413,3.3751050879564413,1.1,0.2083333333333337,0.1,0.1083333333333337,2.7083333333333424,7.477022263918156,1.813488287894158,UK,-5.343240164426595,-24.352681194438148,-38.262986560374145,-41.61896921299546,-30.42020073870574,0.2308,-0.022466666666666302,,,,
2021-01-01,,-43.878173750892735,-16.860089936349798,89.16030195030157,-15.227512848061828,58.45800348019469,22.20012300964957,22.20012300964957,,6.472174328511078,6.472174328511078,1.4,0.7599999999999991,0.1,0.6599999999999991,16.49999999999998,16.429357239964126,6.011953684233622,UK,-0.6492396476240383,-11.67475300772497,13.433883985577545,-39.747139979926814,-9.608451805229617,0.372,0.3879999999999991,,,,
2021-02-01,,-42.296994788507966,-49.57862439660977,61.88467858972988,-21.305478087070817,37.41698544949438,22.737216708255943,22.737216708255943,,-3.2126199234697506,-3.2126199234697506,1.4,0.9583333333333333,0.1,0.8583333333333333,21.458333333333332,20.29643752344057,10.437138585643444,UK,-53.947602161470854,50.54298961020437,79.77693091189767,-38.027513507615915,44.56589946795465,0.8926,0.06573333333333331,,,,
2021-03-01,,-40.80463796666193,-43.58853715956437,32.04360803485292,-54.256248285663624,6.661297352348054,33.975805266452994,33.975805266452994,,-48.17292822712299,-48.17292822712299,0.9,0.30499999999999994,0.1,0.20499999999999993,5.124999999999998,19.21035248799018,20.605402049577386,UK,-45.258876675305835,61.830539588625555,99.07041794978844,72.21033487391975,72.6974784717104,0.9282,-0.6232000000000001,,,,
2021-04-01,,-17.33130684910594,23.15422872180448,5.3521618084563025,-47.03142720693026,-10.054776137245629,8.120130094221553,8.120130094221553,,-41.96928269970523,-41.96928269970523,1.1,0.7016666666666678,0.1,0.6016666666666678,15.041666666666694,19.530420110718538,27.424006774262082,UK,47.44555006435073,50.39154761242921,80.82341138571277,68.43521272953375,60.706063323315774,0.931,-0.22933333333333228,,,,
2021-05-01,,-16.694440654245476,56.23958475465795,61.08251600522756,-2.827076100961751,42.285577150466,21.423801297257107,21.423801297257107,,-13.252810469355072,-13.252810469355072,1.3,1.0,0.1,0.9,22.5,29.461732961543728,32.674918827702314,UK,100.0,3.412742357903567,44.70289063255962,64.20902984691726,22.854722549919636,0.8888,0.11119999999999997,,,,
2021-06-01,,-16.07831910931922,56.47063033400529,100.0,83.90043316863974,95.26483328489404,35.06542478056861,35.06542478056861,,100.0,100.0,2.0,2.1466666666666656,0.1,2.0466666666666655,51.166666666666636,38.886701155464706,24.170083939901005,UK,100.0,-10.34046831937324,26.571376002465207,-14.637638677594387,-1.7570827926467998,0.8202,1.3264666666666656,,,,
2021-07-01,,100.0,44.47549490455588,100.0,97.00903784178362,99.12030524758343,71.88353915351186,71.88353915351186,,100.0,100.0,2.3,2.691666666666667,0.1,2.591666666666667,64.79166666666667,45.06919726378575,24.08376918079853,UK,11.160791847289422,-30.326238330593707,14.297751760938937,-13.655653314496154,-16.669653055295914,0.65,2.041666666666667,,,,
2021-08-01,,100.0,-14.702236392772416,100.0,23.325775330307142,77.44875745009033,76.88055655182886,76.88055655182886,,43.59160171307313,43.59160171307313,1.8,2.0333333333333328,0.1,1.9333333333333327,48.333333333333314,35.73925882652175,15.464022269311922,UK,-83.52357822843587,-9.723978492711263,4.173606026293427,-13.511951848102042,-6.817778366268707,0.7138,1.3195333333333328,,,,
2021-09-01,,100.0,-9.816374373616963,34.7319289041654,84.06812853945965,49.242575855722535,67.27914501479879,67.27914501479879,,100.0,100.0,3.1,4.076666666666667,0.1,3.976666666666667,99.41666666666667,47.89537729706395,18.349906618786047,UK,-75.70619899778714,38.4426185415646,50.06222627867572,4.35725820814581,36.23471642582956,1.0429,3.033766666666667,,,,
2021-10-01,,-32.73166759519896,-39.432967048951504,-22.643986921969955,45.70129219529805,-2.54243424042054,42.27412573596735,42.27412573596735,,67.29169575541918,67.29169575541918,2.9,3.868333333333333,0.1,3.768333333333333,94.20833333333333,33.05204251495006,6.00354816410554,UK,-43.45374672120304,55.90299249638354,52.32905830779933,3.6855555175506844,47.17689340241256,1.0393,2.8290333333333333,,,,
2021-11-01,,-32.056175253726735,-22.008472649037433,-34.81350258906499,100.0,4.83752758418942,26.695599636859267,26.695599636859267,,100.0,100.0,3.4,4.708333333333333,0.1,4.608333333333333,100.0,29.600885108972612,-0.6395799268420524,UK,-15.979851086223853,23.556446652961597,36.40636986503983,3.5163586714288013,23.762914258751234,0.8244,3.8839333333333332,,,,
2021-12-01,,-31.472751210187372,-15.1809281974338,-22.33522938194428,100.0,13.645720436274626,14.81058655701855,14.81058655701855,,87.9034341879984,87.9034341879984,4.0,5.6,0.25,5.35,100.0,28.335005200642872,-2.230476836878827,UK,-5.405834389781659,-10.115556970584393,34.04664089278996,27.266765248946417,6.532340828188817,0.9785,4.621499999999999,,,,
2022-01-01,,34.33959735492293,5.269030458364625,19.54467323690378,100.0,43.20800463781443,23.764976586417394,23.764976586417394,,100.0,100.0,4.2,5.990000000000001,0.25,5.740000000000001,100.0,42.651102455327944,15.483473877049745,UK,-12.173309679570355,34.91399212191839,53.27902957245414,26.672375031005373,38.269008920915375,1.3238,4.666200000000001,,,,
2022-02-01,,33.55547892085695,22.82047375411909,40.42726280700229,86.078197089675,53.85400818425897,31.713092355755123,31.71309235575512,,67.01295913191949,67.01295913191949,4.4,6.4783333333333335,0.5,5.9783333333333335,100.0,50.27984714122596,26.9732995779954,UK,16.37947065407637,37.493514388511365,27.07704069794342,64.91391795996185,39.00245650158695,1.4274,5.050933333333333,,,,
2022-03-01,,32.7933931425153,12.196511470958821,64.2708636779887,99.76319231825468,74.70978386630223,43.081617729768716,43.081617729768716,,91.0584964865453,91.0584964865453,5.2,7.765000000000001,0.75,7.015000000000001,100.0,54.06488169729828,27.139980513451658,UK,-0.16161753197506518,37.53491465355002,29.959372449384276,83.27516455357632,42.50206658751253,1.6264,6.1386,,,,
2022-04-01,,32.3479184160517,3.071964230503561,81.30836731499632,100.0,86.8059063399974,48.2242540504958,48.2242540504958,,97.34740637020289,97.34740637020289,5.7,8.503333333333334,0.75,7.753333333333334,100.0,56.60284256099047,27.751493370818775,UK,-14.49360828082532,40.130654529735374,41.321908935371425,79.7111094357414,46.365536367045294,1.9191,6.584233333333334,,,,
2022-05-01,,31.608211373776463,-18.454337298958944,66.96815564253096,100.0,76.68340398296303,48.12943459516925,48.12943459516925,,100.0,100.0,6.2,9.341666666666667,1.0,8.341666666666667,100.0,54.48527369445299,24.200483397962905,UK,-48.49186650260019,44.31527381992794,84.84239165604315,84.43371600203552,60.46481960627288,2.1303,7.211366666666667,,,,
2022-06-01,,30.891896185306035,-10.921830127010798,34.981463915215194,100.0,54.104562763681315,24.61962571297395,24.61962571297395,,54.91604439968991,54.91604439968991,5.9,8.781666666666668,1.25,7.531666666666668,100.0,50.370757908846926,24.812371261622502,UK,-36.0100659144009,37.92277492397802,95.72958724363117,90.77739394458573,60.30267085698246,2.2942,6.487466666666668,,,,
2022-07-01,,-7.980172681511919,-23.88490838659463,-15.687405021777295,71.32327778154183,9.903972273316567,12.430250193448279,12.430250193448279,,16.962989759481005,16.962989759481005,5.8,8.82,1.25,7.57,100.0,31.28315775636399,3.7118599583972474,UK,-33.42774980964426,-35.73267826776476,61.22328615196555,85.02193008029201,6.619504089376333,1.9277,6.8923000000000005,,,,
2022-08-01,,-7.727025254736955,-8.619406701311494,-7.573488982604598,44.98821126753366,7.885834620377243,6.162808128069585,6.162808128069585,,-2.486414802788628,-2.486414802788628,6.2,9.408333333333333,1.75,7.658333333333333,100.0,41.50969768819909,21.49141130904262,UK,-9.15483556925622,25.922551880310778,100.0,100.0,55.553531128186464,2.8624,6.545933333333333,,,,
2022-09-01,,-7.478263325118198,-15.309772654201662,19.699810127246504,61.542634951143945,32.00652331074575,16.04020904979537,16.04020904979537,,10.273999900122524,10.273999900122524,6.3,9.448333333333332,2.25,7.198333333333332,100.0,54.140293040528206,35.048197025896854,UK,-20.00867825165174,100.0,100.0,100.0,100.0,4.1021,5.346233333333332,,,,
2022-10-01,,4.403946605543847,-13.23185351660603,41.373391220850316,74.17054737621763,51.019613619487764,9.4901280667005,9.4901280667005,,35.75312343726373,35.75312343726373,6.5,9.641666666666666,2.25,7.391666666666666,100.0,55.650673529578405,34.39936203054103,UK,-23.813333589895958,100.0,100.0,100.0,100.0,3.6167,6.024966666666666,,,,
2022-11-01,,4.429142628663726,-11.422567141512074,41.43132795036226,72.90341273121007,50.687823474141034,4.895875857804565,4.895875857804565,,-1.3095149329111246,-1.3095149329111246,6.5,9.535,3.0,6.535,100.0,37.20176978995016,8.214761214596226,UK,-20.933593003617556,-77.1942557792208,56.22867660939617,100.0,-17.25938431518344,3.2515,6.2835,,,,
2022-12-01,,4.454484764930784,-10.547995030007629,37.68059418529838,53.0387026127353,42.19768489925041,9.78450139268893,9.78450139268893,,-28.42242700904253,-28.42242700904253,6.3,9.226666666666667,3.5,5.726666666666667,100.0,35.02575183511177,6.643033020367871,UK,-19.549482906970677,-92.10485929196591,21.90600284495955,100.0,-34.786414863939655,3.7312,5.495466666666667,,,,
2023-01-01,,-0.5349946870325017,-11.011745647189231,23.982932067974414,36.99472554761512,27.80993015022168,8.599295420410268,8.599295420410268,,-39.35807894615899,-39.35807894615899,6.3,9.219999999999999,3.5,5.719999999999999,100.0,30.780250407594053,2.827376459941402,UK,-17.29779622328327,-100.0,0.284148203744089,100.0,-44.92896294906398,3.4113,5.808699999999998,,,,
2023-02-01,,-0.4190807363749549,-13.150675580808695,18.245540058342137,5.2123958998221385,14.412262364659785,-1.812411483303743,-1.812411483303743,,-54.57104749804862,-54.57104749804862,5.8,8.366666666666667,4.0,4.366666666666667,100.0,33.991663588926514,10.545143137460975,UK,-20.78963248746894,-46.19594538103688,39.24286772363488,72.89038145645097,-6.97329307924576,3.7806,4.586066666666667,,,,
2023-03-01,,-0.3030829718323301,-8.225520747286641,8.621921890781394,33.29779932496013,15.879532900833963,-12.971820637204495,-12.971820637204495,,-13.553482716918724,-13.553482716918724,6.2,8.963333333333335,4.25,4.713333333333335,100.0,24.069379418676697,-4.217526202816245,UK,-12.978983412559227,-83.891696576249,-2.872996211640523,53.33295282881516,-43.053324074337255,3.4781,5.485233333333335,,,,
2023-04-01,,-1.74640321346317,-9.929697575232435,21.458441990759244,32.837901304556006,24.80534178893476,-0.03391422236586379,-0.03391422236586379,,-10.1180590175142,-10.1180590175142,6.2,9.058333333333334,4.25,4.808333333333334,100.0,32.15914133071048,5.37410081733936,UK,-14.839674192293995,-47.73460296268023,23.51489134174431,48.47537048453057,-15.490733369492476,3.6783,5.3800333333333334,,,,
2023-05-01,,-1.7042905854282115,-6.309784027193151,34.977681706213346,57.21456235039718,41.517940719208596,6.044409278890267,6.044409278890267,,46.349737950758374,46.349737950758374,6.8,9.854999999999999,4.5,5.354999999999999,100.0,33.693134489885985,3.724886989624693,UK,-9.073080092252116,-37.16310632969802,19.48746225746753,41.3222213359998,-11.22766503305196,4.1155,5.739499999999999,,,,
2023-06-01,,-1.6621702810518175,-10.045967603214491,50.33535728408533,42.99119194508556,48.17530865496776,12.007633067165022,12.007633067165022,,18.113339909533774,18.113339909533774,7.1,10.10833333333333,5.0,5.108333333333331,100.0,40.29399636246777,12.43602349079119,UK,-15.076245996512098,-30.78578558857299,53.50153709640322,65.16908748033704,4.679276043007569,4.2884,5.8199333333333305,,,,
2023-07-01,,-2.8705282824309704,-1.393094613148913,67.72164933652424,28.70643691230761,56.246586858813465,-5.684847867843493,-5.684847867843493,,6.289349420189222,6.289349420189222,6.9,9.615000000000002,5.0,4.615000000000002,100.0,39.36090998245569,11.999665542182646,UK,-0.5066344115796786,-53.23198643953787,66.75183546046814,60.97145189153624,-6.105515214875247,4.2135,5.401500000000002,,,,
2023-08-01,,-2.819202291054277,-6.2575142468319545,61.39205130319865,7.675309924179446,45.59300972113418,2.504283302795614,2.504283302795614,,-38.72052990263227,-38.72052990263227,6.9,9.720000000000002,5.25,4.470000000000002,100.0,34.738722633158055,6.782176261260749,UK,-8.32050142029856,-79.56544774266841,-1.2781159860818985,44.589806454585016,-41.37032667393377,4.292,5.428000000000003,,,,
2023-09-01,,-2.7678943976528343,-2.4542550716804183,43.678671521077526,-18.33731947844651,25.438674168276336,13.438552078554933,13.438552078554933,,-63.67675612911204,-63.67675612911204,6.2,8.870000000000001,5.25,3.620000000000001,90.50000000000003,29.171284624605196,5.393070782749132,UK,-2.2660714760969687,-54.89364145060522,-74.5792234076069,-14.294743308403223,-53.72520221852534,4.3923,4.477700000000001,,,,
2023-10-01,,-2.994876833030415,-4.145044396085064,18.917451322795817,-4.612884321035381,11.996764368727817,29.813939388014116,29.81393938801412,,-58.084934214285944,-58.084934214285944,6.1,8.818333333333332,5.25,3.5683333333333316,89.20833333333329,30.78139411700643,9.01223603233869,UK,-4.835144933917854,-34.68512603169178,-53.15399438117956,-12.863548977341676,-36.0291065609112,4.5067,4.311633333333331,,,,
2023-11-01,,-2.946022016594066,-6.514456644188644,-1.0143362307415458,-26.727784152468875,-8.577115031249583,19.205843778624594,19.205843778624594,,-61.370421428452936,-61.370421428452936,5.7,8.218333333333334,5.25,2.9683333333333337,74.20833333333334,20.508439936447452,3.1686058770549277,UK,-8.655517420745392,-47.21027400491094,-3.3616071810590933,-43.78843823476177,-35.7348319334256,4.1773,4.041033333333334,,,,
2023-12-01,,-2.89718972067274,-5.131964596703869,-5.702686529956383,-26.687615708353796,-11.87472452360268,9.083456140528877,9.083456140528877,,-61.041570839548385,-61.041570839548385,5.1,7.416666666666666,5.25,2.166666666666666,54.16666666666665,6.9222893858964465,-8.164505011917818,UK,-6.472829522322547,-100.0,-10.312600631126278,-33.85065608852316,-67.65574857106004,3.5803,3.8363666666666663,,,,
2024-01-01,,-5.164454206953573,-8.77185595910011,-14.736668513011109,-26.33818657146164,-18.14887970667303,-16.49777966774836,-16.49777966774836,,-57.17041345367186,-57.17041345367186,5.1,7.22,5.25,1.9699999999999998,49.24999999999999,1.7850385565779305,-11.684769753770723,UK,-10.936297010388033,-85.7697971506045,-2.5183505317376427,-31.767050705161417,-56.85652352907132,3.8427,3.3773,,,,
2024-02-01,,-5.123671493454805,-4.021123298827343,-1.45923098451721,7.441997238402484,1.1587773163415236,-13.380682200085023,-13.380682200085023,,-40.63598466987197,-40.63598466987197,5.1,7.123333333333333,5.25,1.873333333333333,46.83333333333333,8.561385493984123,-3.8097591739824526,UK,-3.3595943820508665,-45.98132278678151,-23.5230108057146,-16.144479984296655,-35.89121837114205,4.0735,3.049833333333333,,,,
2024-03-01,,-5.082920369985263,-4.057614331748166,2.8323818450040856,3.6017956245557876,3.0586800154604687,-16.75940496045909,-16.75940496045909,,-50.71191153833921,-50.71191153833921,4.5,6.131666666666667,5.25,0.8816666666666668,22.04166666666667,6.741734278620678,3.0700237264864185,UK,-3.4424307088059076,-19.94053401849363,23.12899801563243,-7.950237114439025,-7.374606474353923,3.8917,2.2399666666666667,,,,
2024-04-01,,-0.8081019151547705,2.725244041942784,16.0069795593225,-9.037947896294677,8.640824425317447,-10.593653245606655,-10.593653245606655,,-64.60838995226426,-64.60838995226426,4.2,5.591666666666667,5.25,0.3416666666666668,8.54166666666667,8.093449974612923,9.862074197541288,UK,4.845251616201317,-0.2938616586825593,14.226576194913859,-7.649784980842435,2.232859306392564,4.316,1.275666666666667,,,,
2024-05-01,,-0.7700846473780754,-4.569036939178878,10.22720154679131,-37.568501282595975,-3.830358108910833,-6.650569890156277,-6.650569890156277,,-81.2888303010019,-81.2888303010019,3.9,5.151666666666666,5.25,-0.0983333333333336,-2.45833333333334,-0.09717951238827893,3.230996577833102,UK,-6.848408314259361,-22.232151141166725,-8.155546725540502,-5.467151553774119,-16.198250099151277,4.2693,0.8823666666666661,,,,
2024-06-01,,-0.7320799129667397,2.4253943502885766,9.41512100067117,-34.3945496252741,-3.47007624225391,17.34206952349389,17.34206952349389,,-77.60570199106567,-77.60570199106567,3.5,4.756666666666667,5.25,-0.4933333333333332,-12.333333333333329,-1.9846391252881836,3.061018548371946,UK,4.319878908241766,-27.818730569378847,-44.679585308329536,-30.292564831798487,-32.40501939347946,4.1534,0.6032666666666664,,,,
2024-07-01,,0.16036186473902553,-6.843681578841517,-15.503697054778085,-23.162278662104978,-17.756221056933054,21.22255463976053,21.22255463976053,,-60.936149712862765,-60.936149712862765,3.5,4.761666666666667,5.25,-0.4883333333333333,-12.208333333333332,-10.607241253857122,-9.082832511668641,UK,-11.046107644989842,-62.45974745858596,-54.77317548613716,-29.69281847313011,-55.62306511765537,3.9721,0.7895666666666665,,,,
2024-08-01,,0.1565955505563861,-0.5613737371459849,-22.671832430755533,-7.242541054063421,-18.133805555257855,13.610700410231901,13.6107004102319,,-42.64508804186332,-42.64508804186332,3.3,4.5649999999999995,5.0,-0.4350000000000005,-10.875000000000012,-9.13289431439635,-6.672798134985912,UK,-0.9921553097674076,-36.36996359215329,-37.99163350041038,-53.82952315945588,-39.39431500431295,3.971,0.5939999999999994,,,,
2024-09-01,,0.152830356205307,-0.8647245163037667,-29.418026294001066,7.254436468133889,-18.632007834549608,-24.42864478881612,-24.42864478881612,,-17.618859750219162,-17.618859750219162,3.6,4.821666666666666,5.0,-0.17833333333333368,-4.458333333333342,-12.57291952351003,-12.219627046973384,UK,-1.4752574398092109,-29.86592601079852,-28.09293527555011,-25.913278730843402,-28.82978123499315,3.9915,0.8301666666666665,,,,
2024-10-01,,0.5494399506381765,6.194677634012445,-3.7903845659970172,-12.125470501276128,-6.241880429314404,-22.116537319806405,-22.116537319806405,,-37.875201553720345,-37.875201553720345,3.2,4.328333333333334,5.0,-0.671666666666666,-16.79166666666665,-4.9542746775004645,2.8424371776365436,UK,9.581820244037006,18.74712068630365,-2.3285841857003,-25.82635949869611,6.792172440552697,4.4096,-0.08126666666666615,,,,
2024-11-01,,0.565793018119032,3.796194663487789,17.201364545282935,-5.8362297705721105,10.42560151120792,-20.61193582864853,-20.61193582864853,,-26.725300617462246,-26.725300617462246,3.3,4.288333333333332,4.75,-0.4616666666666678,-11.541666666666694,-1.135557306833376,3.3862057112401325,UK,5.7344356507090435,8.66914716125935,4.689141111006659,-13.7731225372794,4.307805193915365,4.2333,0.05503333333333238,,,,
2024-12-01,,0.5821463878043274,-1.7558792473509837,25.410500829467452,-9.56617848350001,15.123242208006433,-3.006543271011684,-3.006543271011684,,-34.50994553744022,-34.50994553744022,3.5,4.6,4.75,-0.15000000000000036,-3.750000000000009,9.099982175352885,13.465064008733469,UK,-3.1586946284441706,30.596363982347203,60.410435887493655,-23.50042991467012,29.93536287408122,4.5701,0.029899999999999594,,,,
2025-01-01,,3.0833031395737476,3.6786315367216824,24.722069531349074,-2.557664753246218,16.698618271173988,8.012192027100378,8.012192027100378,,-29.354717309484695,-29.354717309484695,3.2,4.158333333333334,4.75,-0.5916666666666659,-14.791666666666647,3.1718817454096344,8.215177132319024,UK,4.035828575010444,0.3472339739982587,25.39792368882215,-23.152008647864886,3.0850200094247597,4.5379,-0.3795666666666655,,,,
2025-02-01,,3.0459009712777485,0.6670409814663353,5.026617585556475,5.119270782482967,5.053868525828973,6.75699753964277,6.75699753964277,,-10.393408213406602,-10.393408213406602,3.7,4.818333333333334,4.5,0.31833333333333425,7.958333333333356,5.710052147708106,4.541647645395534,UK,-0.7602750124205127,13.430318318451157,-1.2649919235656817,-31.89172583008657,2.958184135666288,4.4835,0.334833333333334,,,,
2025-03-01,,3.008502944578422,8.282407895253813,0.33988861473528353,-9.371595186115835,-2.516430150220928,4.267446445313393,4.267446445313393,,-23.10389220285948,-23.10389220285948,3.5,4.426666666666668,4.5,-0.07333333333333236,-1.833333333333309,0.8136150622297673,3.268960151569382,UK,11.446750865659048,7.013130447065687,-24.73005081231073,-32.25681393039378,-6.813156524397337,4.6611,-0.2344333333333326,,,,
2025-04-01,,0.5301801042320086,3.420814995486734,-10.640498516302436,-10.110936314743656,-10.484744927608679,-3.196409526335351,-3.196409526335351,,-17.83940202370959,-17.83940202370959,3.4,4.285,4.5,-0.21499999999999986,-5.3749999999999964,-5.5646306674791015,-3.710605327522906,UK,5.155195930239569,-0.19921169724809557,-46.47423145693233,-32.63298136107697,-16.633032086743487,4.4529,-0.1678999999999995,,,,
2025-05-01,,0.2521486956499476,7.814175077327916,-9.370587498337768,-6.407814692768683,-8.49918373199392,-9.46723667252945,-9.46723667252945,,-17.201633970404153,-17.201633970404153,3.8,4.794999999999999,4.25,0.544999999999999,13.624999999999975,3.8903346185774534,3.6442462973975784,UK,12.351390906334696,24.180922387558812,-15.516274317635933,-37.0166199578864,5.076991859443344,4.6712,0.12379999999999924,,,,
2025-06-01,,-0.026396978040319537,-6.420007071830743,-18.03331726403673,-6.125671735593637,-14.531068579200525,-23.3272254966207,-23.3272254966207,,-18.954750510039787,-18.954750510039787,3.5,4.355,4.25,0.10500000000000043,2.6250000000000107,-6.234719665150052,-6.636511400798883,UK,-10.256173128104997,6.484596091417711,-24.724214767821046,-36.450044977458795,-7.757802783723454,4.5139,-0.15889999999999915,,,,
2025-07-01,,-4.216132408723502,-0.8935800330656409,-23.995086757737994,3.0577242002132974,-16.038377652458202,-27.538738454083035,-27.538738454083035,,-9.370107190097462,-9.370107190097462,3.7,4.66,4.25,0.41000000000000014,10.250000000000004,-1.1991967217323385,-1.2344696422322532,UK,1.0999513923290758,24.40000846963236,17.532565465166982,-35.87985750064289,13.641167822974726,4.6023,0.05770000000000053,,,,
2025-08-01,,-6.330502996514979,-2.186320280986155,-19.75846627551468,-8.20112574044253,-16.359248471081695,-31.505101694081823,-31.505101694081823,,-12.977038825547613,-12.977038825547613,3.8,4.713333333333333,4.0,0.7133333333333329,17.83333333333332,1.240242692302461,-0.20397879380285744,UK,0.30018934833113925,29.882761663367734,12.404696471319857,-23.726682863145417,17.471828686378792,4.7688,-0.055466666666666775,,,,
2025-09-01,,-8.763940832727014,-0.9303229078722031,-14.590698057051682,-7.354633005995143,-12.462443630270347,-22.679910384380964,-22.679910384380964,,-10.719929230074824,-10.719929230074824,3.6,4.213333333333333,4.0,0.21333333333333293,5.333333333333323,0.8128641585457276,2.7872205513074353,UK,3.7698478470406833,40.61941755070554,16.166686493114447,-23.61439020802504,24.871163622498177,4.7628,-0.5494666666666674,,,,
2025-10-01,,-6.9087342314262,-5.173835036041409,-15.291296368591073,-19.91463167005028,-16.65110086902025,-32.71332597516366,-32.71332597516366,,-24.991719305486164,-24.991719305486164,3.5,3.961666666666667,4.0,-0.03833333333333311,-0.9583333333333277,-8.707424239374403,-7.760415715289832,UK,-4.132895518810536,11.210583484681672,-48.22017048202205,-23.503767628953632,-8.854257674039554,4.4773,-0.5156333333333327,,,,
2025-11-01,,-6.913031265692742,0.1417173613852385,-23.644922973220154,-24.403454193079114,-23.868020390825727,-20.562061130612353,-20.562061130612353,,-36.2951453772006,-36.2951453772006,3.4,3.8099999999999996,4.0,-0.1900000000000004,-4.75000000000001,-9.041099146428824,-5.777607022758842,UK,4.374566537632027,-2.3603460600727697,-38.45126996618002,-13.355710784425293,-13.032381745252462,4.5335,-0.7235000000000005,,,,
2025-12-01,,-6.913340830437018,6.7137090937153205,-33.80869606713557,-32.28514819320251,-33.36059375127291,-32.93186630951755,-32.93186630951755,,-28.155739259308852,-28.155739259308852,3.2,3.408333333333334,3.75,-0.3416666666666659,-8.541666666666647,-13.0273277028957,-7.576291125744602,UK,14.889939048206724,16.524936676909636,-57.14728234900603,-28.929816498825318,-8.711331055929524,4.5716,-1.163266666666666,,,,
2026-01-01,,-10.41668453889238,4.231477744190468,-46.57568266484592,-25.436171397595402,-40.35817935094872,-30.927918450288495,-30.927918450288495,,-20.423454507898665,-20.423454507898665,3.2,3.408333333333334,3.75,-0.3416666666666659,-8.541666666666647,-10.992206071083558,-3.977314982108273,UK,13.020375114040178,37.99259529223249,-16.774376637949736,-28.718869745179504,14.294132554075132,4.6274,-1.2190666666666656,,,,
2026-02-01,,-11.275454400393317,5.319657411671269,-46.4634705453078,-26.92741696614548,-40.71757243378947,-20.120508932243197,-20.120508932243197,,-15.293431796674236,-15.293431796674236,3.1,3.5566666666666666,3.75,-0.19333333333333336,-4.833333333333334,-11.458238961192691,-6.767225856584947,UK,15.27672449891002,21.03241269032255,-38.63064568278208,-30.022641426197517,-1.5416100204316185,4.3519,-0.795233333333333,,,,
2026-03-01,,-12.184082980469212,-6.304766944494507,-48.635116461539354,-16.55506550518071,-39.19980735672799,-16.64963120242129,-16.64963120242129,,-15.572657032717952,-15.572657032717952,3.2,3.6083333333333343,3.75,-0.14166666666666572,-3.541666666666643,-6.417609321985506,-1.2329156851412484,UK,-2.777177322909686,47.440042070747666,2.6098043030689357,-12.02553247770516,27.31264644656006,4.9442,-1.335866666666666,,,,
2026-04-01,,-11.354171470597933,-3.311837161883242,-24.330446015818392,-20.134899702363814,-23.09646180597881,-3.0624832354916838,-3.0624832354916838,,-20.996153568747786,-20.996153568747786,3.1,3.5600000000000005,3.75,-0.1899999999999995,-4.749999999999988,-0.3406069021425242,5.270460847237469,UK,1.5135634233455724,47.79721790311157,11.8156247953917,-11.208822185060932,29.95091361295573,5.0557,-1.4956999999999994,,,,
2026-05-01,,-12.002647798031674,-2.346902044317404,-22.140595283835673,-37.94996161876223,-26.790408911755247,-11.24911329723435,-11.24911329723435,,-43.1191466620954,-43.1191466620954,2.5,2.661666666666666,3.75,-1.0883333333333338,-27.208333333333346,-7.628165539280497,4.650299624920243,UK,3.4465454079111573,49.83650156871805,-2.2346321038403545,-6.544261640564314,28.361603669186092,4.8604,-2.198733333333334,,,,
2026-06-01,,-12.689834377938663,21.062476030977876,-17.518011737457417,-40.47561736327614,-24.27024868622763,-10.628382081747445,-10.628382081747445,,-41.22182100340562,-41.22182100340562,2.6,2.8149999999999995,3.75,-0.9350000000000005,-23.375000000000014,-7.9213989005711625,4.35772318084008,UK,41.313862276327804,15.725318912103504,-17.043910505299305,-12.447544368526005,3.3070820656583746,4.8267,-2.0117000000000003,,,,
2026-07-01,,-7.426332883377368,18.06795254764076,-34.8017031023564,-42.63737427035448,-37.10631226941466,-21.992618428913755,-21.992618428913755,,-35.20220037030931,-35.20220037030931,2.6,2.8199999999999994,3.75,-0.9300000000000006,-23.250000000000014,-11.605780564128233,1.1671603079185593,UK,33.36452380625164,28.953503001995607,-18.96053522816648,-12.623689520168051,10.738414566130537,5.104,-2.2840000000000007,,,,
2026-08-01,,-4.904811999268024,17.042998791839498,-45.48075645696803,-18.611651744286664,-37.57807860029704,-20.447191889935578,-20.447191889935578,,-7.206959446780833,-7.206959446780833,2.6,2.826666666666667,3.75,-0.9233333333333329,-23.08333333333332,-12.067984127518162,-0.3288348461313164,UK,30.211685266504013,38.26335029793823,-10.622805433130694,-8.986165137777526,18.954384049813633,5.141,-2.314333333333333,,,,
2026-09-01,,-1.0207109894840594,12.139279885871918,-45.20176741982365,-17.824066142548663,-37.149502338272185,-7.8703933023348895,-7.8703933023348895,,-9.588509001459093,-9.588509001459093,2.6,2.835,3.75,-0.915,-22.875,-7.015816493747265,5.841871497389783,UK,20.035274411085506,65.22944122893041,4.381868404075637,-9.016534484491972,38.88065166570336,5.3807,-2.5457,,,,
2026-10-01,,-6.828123492691017,21.664009650255014,-38.355185968939324,-15.006568507626955,-31.487945539141567,3.43156446182423,3.43156446182423,,-10.227761072406567,-10.227761072406567,2.6,2.8449999999999998,3.75,-0.9050000000000002,-22.625000000000007,-4.192792110989274,9.185462804027482,UK,38.759289536022635,49.56184075607376,17.590195983491153,-9.046522454691505,32.77767508131331,5.3807,-2.5357000000000003,,,,
2010-01-01,,,,,,,,,,,,,,0.11,,,,,US,,,,,,0.82,,,,,24.62
2010-02-01,,,,,,,,,,,,,,0.13,,,,,US,,,,,,0.81,,,,,19.5
2010-03-01,,,,,,,,,,,,,,0.16,,,,,US,,,,,,1.02,,,,,17.59
2010-04-01,,,,,,,,,,,,,,0.2,,,,,US,,,,,,0.97,,,,,22.05
2010-05-01,,,,,,,,,,,,,,0.2,,,,,US,,,,,,0.76,,,,,32.07
2010-06-01,,,,,,,,,,,,,,0.18,,,,,US,,,,,,0.61,,,,,34.54
2010-07-01,,,,,,,,,,,,,,0.18,,,,,US,,,,,,0.55,,,,,23.5
2010-08-01,,,,,,,,,,,,,,0.19,,,,,US,,,,,,0.47,,,,,26.05
2010-09-01,,,,,,,,,,,,,,0.19,,,,,US,,,,,,0.42,,,,,23.7
2010-10-01,,,,,,,,,,,,,,0.19,,,,,US,,,,,,0.34,,,,,21.2
2010-11-01,,,,,,,,,,,,,,0.19,,,,,US,,,,,,0.45,,,,,23.54
2010-12-01,,,,,,,,,,,,,,0.18,,,,,US,,,,,,0.61,,,,,17.75
2011-01-01,,,,,,,,,,,,,,0.17,,,,,US,,,,,,0.58,,,,,19.53
2011-02-01,,,,,,,,,,,,1.1234446334258408,,0.16,,,,,US,,,,,,0.69,,,,,18.35
2011-03-01,,,,,,,,,,,,1.2119043892404369,,0.14,,,,,US,,,,,,0.8,,,,,17.74
2011-04-01,,,,,,,,,,,,1.2145703792183493,,0.1,,,,,US,,,,,,0.61,,,,,14.75
2011-05-01,,,,,,,,,,,,1.3947001394700065,,0.09,,,,,US,,,,,,0.45,,,,,15.45
2011-06-01,,,,,,,,,,,,1.5235611430609364,,0.09,,,,,US,,,,,,0.45,,,,,16.52
2011-07-01,,,,,,,,,,,,1.5863290518787654,,0.07,,,,,US,,,,,,0.36,,,,,25.25
2011-08-01,,,,,,,,,,,,1.7344517595160758,,0.1,,,,,US,,,,,,0.2,,,,,31.62
2011-09-01,,,,,,,,,,,,1.8396305158310478,,0.08,,,,,US,,,,,,0.25,,,,,42.96
2011-10-01,,,,,,,,,,,,1.8508219696126815,,0.07,,,,,US,,,,,,0.25,,,,,29.96
2011-11-01,,,,,,,,,,,,1.744721966171725,,0.08,,,,,US,,,,,,0.25,,,,,27.8
2011-12-01,-99.553497186264,,-99.553497186264,,,,,,,,,1.8278615794143915,,0.07,,,-69.34197557630323,-73.37017845763133,US,,-51.215062610326775,,,-51.215062610326775,0.25,,,,,23.4
2012-01-01,-45.35431565179549,,-45.35431565179549,,,,,,,,,1.9749609110768507,3.23327469994861,0.08,3.15327469994861,78.83186749871524,-13.430216386713898,-38.775239272060965,US,,-57.54118577767351,,,-57.541185777673505,0.22,3.0132746999486097,,,,19.44
2012-02-01,-16.036683702297427,,-16.036683702297427,,,,,,,,,2.0614792192271914,3.5242188288407874,0.1,3.4242188288407873,85.60547072101969,2.9413186237686553,-18.483745022888012,US,,-42.35586999013526,,,-42.35586999013526,0.3,3.2242188288407876,,,,18.43
2012-03-01,17.719163226320763,,17.719163226320763,,,,,,,,,2.0258477852645562,3.43492552405068,0.13,3.30492552405068,82.623138101267,21.91604007100422,7.480548370510168,US,,-17.193558185794476,,,-17.193558185794476,0.33,3.10492552405068,,,,15.5
2012-04-01,6.3532593258719405,,6.3532593258719405,,,,,,,,,2.044845423362407,3.526527394302871,0.14,3.386527394302871,84.66318485757178,14.481053663326868,-2.644282235589768,US,,-28.767159695968115,,,-28.767159695968115,0.27,3.256527394302871,,,,17.15
2012-05-01,-19.833211964964022,,-19.833211964964022,,,,,,,,,1.9653370013755112,3.3730055020632674,0.16,3.2130055020632673,80.32513755158168,2.421887142488245,-18.35191664153627,US,,-37.644425102133034,,,-37.644425102133034,0.27,3.1030055020632674,,,,24.06
2012-06-01,-11.098264380724157,,-11.098264380724157,,,,,,,,,1.826744683887549,3.133220474107186,0.16,2.973220474107186,74.33051185267965,10.426837233371492,-7.049730513873603,US,,-20.477764394268146,,,-20.477764394268146,0.33,2.803220474107186,,,,17.08
2012-07-01,-33.92849915499345,,-33.92849915499345,,,,,,,,,1.8192584794552102,3.0922210525161486,0.16,2.9322210525161485,73.30552631290371,-1.309415786269227,-22.71347081048151,US,,-32.902497490181844,,,-32.902497490181844,0.23,2.8622210525161487,,,,18.93
2012-08-01,-15.946455232081153,,-15.946455232081153,,,,,,,,,1.7738650548584145,2.996281453255366,0.13,2.866281453255366,71.65703633138415,7.704541992805797,-10.066637295520847,US,,-21.957998647287187,,,-21.957998647287187,0.22,2.7762814532553657,,,,17.47
2012-09-01,-8.280500913022316,,-8.280500913022316,,,,,,,,,1.6359225422913903,2.8601338134370855,0.14,2.7201338134370854,68.00334533592714,4.891449641389885,-11.290386591283115,US,,-30.48210850221691,,,-30.48210850221691,0.23,2.6301338134370855,,,,15.73
2012-10-01,18.44140702226677,,18.44140702226677,,,,,,,,,1.6916020530741482,3.2071000493081914,0.16,3.0471000493081912,76.17750123270478,25.4270085356991,12.895482384116349,US,,-5.181968405616826,,,-5.181968405616826,0.3,2.9071000493081915,,,,18.6
2012-11-01,25.623957002172475,,25.623957002172475,,,,,,,,,1.889449210819305,3.469467933876017,0.16,3.3094679338760167,82.73669834690041,22.62804309953294,9.288377087153265,US,,-20.38686884024562,,,-20.38686884024562,0.25,3.219467933876017,,,,15.87
2012-12-01,27.69605073019486,,27.69605073019486,,,,,,,,,1.7830690135935745,3.374603520390362,0.16,3.214603520390362,80.36508800975905,36.79086871352665,25.61840476232453,US,,-17.356108898492575,52.099987183038145,65.04642257725396,12.368294843252086,0.25,3.124603520390362,,,,18.02
2013-01-01,-5.67790274391417,,-21.954023174258147,-44.821988348528265,-21.754196853873992,-35.521874881178086,-37.87651961998308,-32.051281763754616,,-9.177242742284676,-9.177242742284676,1.6898651587646807,3.0070199603692425,0.14,2.8670199603692423,71.67549900923106,10.217594928106458,-6.144804534490016,US,-61.0167122070837,-19.841643340756445,73.6521276271303,45.16479259961279,13.282764792270626,0.27,2.7370199603692424,-21.26755105728415,-56.41856368022157,29.925337549503134,14.28
2013-02-01,-13.457870044170017,,-31.29265957562915,-47.14197089756954,-21.95277720918843,-39.306167255893264,-95.42720831667619,-54.939941415428294,,-28.82174601993233,-28.82174601993233,1.5915867078657886,2.7360287104473313,0.15,2.5860287104473314,64.65071776118329,3.441496905383742,-11.858044020720513,US,-74.09615445113107,-17.258250129907655,47.48575020126615,37.904389535505096,7.20214590269771,0.25,2.4860287104473313,-36.88526943369618,-71.19389245244237,8.361901214154203,15.51
2013-03-01,-6.006883629400702,-33.35766650670546,-25.314970499103325,-49.27857773061776,-6.941619172875216,-36.66057664461461,-30.69416093948173,-18.700477776002234,,-32.03588219784929,-32.03588219784929,1.5601316530249987,2.9586185321690777,0.14,2.8186185321690775,70.46546330422694,8.80401359063345,-8.296694979737456,US,-66.82876138182834,-14.442315246511484,5.822367684287637,-13.011914414199499,-9.161584388964904,0.25,2.7086185321690777,-35.72016808683432,-27.994261222720706,10.800812394209784,12.7
2013-04-01,0.6893864590120334,-19.729530476758534,-10.799634802044821,-38.735774321291366,-24.142739883190515,-37.01905015429997,1.79116198281086,-57.34829359373331,,-51.519862260003656,-51.519862260003656,1.4807449119659477,3.005732752564307,0.15,2.855732752564307,71.39331881410767,5.213638421092135,-9.651718461548413,US,-33.015348423753046,-28.481386425137984,5.664676142678304,-5.00222088391432,-16.422995952000363,0.22,2.7857327525643067,-51.61267060485013,-86.8474782271806,-22.033923819386295,13.52
2013-05-01,17.372696508240004,-19.30178288408972,-4.3863082965085844,-57.017941168222904,-48.32907113288613,-55.631335659900074,-1.1095944269177567,23.123052930896527,,-53.256883654344,-53.256883654344,1.3770626261318197,2.720593939197729,0.11,2.610593939197729,65.26484847994323,17.344139316990127,8.92157635065593,US,-47.658635075356514,4.345810154902646,80.89162623078431,-40.1028703722517,16.81496209479991,0.3,2.420593939197729,-62.25535450496531,37.249798981106316,3.758450825081599,16.3
2013-06-01,55.72615391695385,-6.450483021049831,23.419046534270752,-52.09629714358229,-52.62235674060278,-52.22612895372475,1.6389451255668537,3.4795078860125805,,-42.752204453771064,-42.752204453771064,1.3929168238908884,2.813765479738772,0.09,2.723765479738772,68.0941369934693,21.149262731724303,16.53925851414709,US,-36.19629345097634,21.910047582802157,99.24681601987098,-34.014468000077564,32.85556235463741,0.36,2.453765479738772,-52.08507654949788,-2.196362107748712,18.205933527307117,16.86
2013-07-01,59.798669759980996,-25.563480190273307,30.941311439729844,-1.7737055399557624,-28.823075000731148,-9.586259771995971,-5.741032553739995,33.81876715829776,,-2.5577517092205406,-2.5577517092205406,1.4636510500807942,2.890714670359286,0.09,2.800714670359286,70.01786675898215,32.43110128175024,23.759578387699307,US,-4.41347355087104,17.704165269592565,100.0,-36.479591242332674,30.15056047540564,0.31,2.580714670359286,-8.775117985598177,39.92088083947288,42.909574150700124,13.45
2013-08-01,55.05849398831608,-24.941871721500465,28.046693555344113,29.34140780499256,7.36111328004367,20.669791715143408,31.92873350492627,8.716533918148741,,8.828825229700017,8.828825229700017,1.4879607514040272,3.09473182478046,0.08,3.0147318247804598,75.3682956195115,35.20343416175306,22.314467359686166,US,-4.988488317681838,17.145689040149563,65.32796546578041,1.778802727731109,26.886225199694504,0.39,2.7047318247804597,8.164458080913054,-3.2448405067895503,23.496512785934122,17.01
2013-09-01,14.359255909317161,-23.018157265478145,3.1777086697340304,16.60932207537684,9.515793686251003,12.753837989086561,28.431746878060455,32.10819568478919,,11.284677947341093,11.284677947341093,1.5332509004892136,3.2294218052792742,0.08,3.149421805279274,78.73554513198185,30.438223015652934,11.328483580299705,US,-7.940485144138178,-11.977226096009655,31.498682874137472,-0.7651233215613007,0.5735665626943803,0.33,2.899421805279274,2.728642148651372,37.203141323611334,22.086195435653273,16.6
2013-10-01,-8.726166813120443,43.73984262415408,-3.688398252522039,-45.26074383423902,-16.273967682965818,-34.499385085450946,-23.825989844587077,18.423575913283585,,-6.059068258972025,-6.059068258972025,1.529226044094134,3.191616843918978,0.09,3.101616843918978,77.54042109797446,17.669711874856187,0.7702449243676226,US,-20.054698233091543,-12.197644652521571,11.644778818128291,-7.329659460675398,-5.506841006082179,0.31,2.881616843918978,-21.829645761107187,33.01957860199891,8.7429089150892,13.75
2013-11-01,-14.29886632962255,42.34372884995812,-7.316029857754984,-55.16617895613351,-43.336058601557994,-50.52929794437532,-41.43342387716026,-21.104180017640598,,-27.30799465838209,-27.30799465838209,1.4548181477315403,3.049618525945136,0.08,2.969618525945136,74.2404631486284,7.5052366493979825,-7.860202686926913,US,-20.353077549900693,-27.93174619675992,31.30024955330308,-29.755946008446756,-13.397377230997197,0.28,2.769618525945136,-43.97050613537145,-34.5392226090123,23.337468517363277,13.7
2013-12-01,17.14852259919119,41.08131429838645,9.548280864014714,-41.23945769567064,-27.827104190444025,-35.82868876848157,-2.444085366456343,40.932141056167794,,-21.775241943663524,-21.775241943663524,1.5142597249719225,3.4033044810749042,0.09,3.3133044810749044,82.83261202687261,28.328547725068077,14.889883596290202,US,-27.612119361031866,10.299977188815836,50.2434601024816,-20.3503390690777,15.688300478548246,0.38,3.0233044810749043,-27.521587356454553,54.3998548471732,34.63536381132933,13.72
2014-01-01,35.490642278516376,66.60713136957928,25.662931008168798,-2.0357298451121815,-7.381998284356501,-4.186432253265027,91.52300966158995,-1.2500826087207795,,-4.752046397740827,-4.752046397740827,1.5473618923369736,3.6147928385054606,0.07,3.544792838505461,88.61982096263652,29.8363219609134,13.879067029583966,US,-22.490096257511663,8.166821051743995,18.8007060714682,-15.343241684968687,7.298782896168143,0.34,3.2747928385054608,-7.463298500723953,-28.6207445455512,8.775650677485785,18.41
2014-02-01,31.25126634886816,62.614521935642344,14.28627408144226,-3.081791402453887,-7.901433161333041,-5.100715352136076,100.0,16.17902322589115,,-13.734824452395817,-13.734824452395817,1.4524615006989983,3.533794291864824,0.07,3.4637942918648243,86.5948572966206,31.25774010759712,14.939968206140577,US,-55.42665607289995,13.27414503597177,14.066416769364931,-14.678764256043486,9.279276575517772,0.33,3.203794291864824,-8.508548135536557,1.3456204423454465,1.4866038419355292,14.0
2014-03-01,16.8875515313692,59.29525938923816,9.442680343006476,-8.836599738315867,-35.93940401092387,-19.788659635847043,34.93748831515031,-56.888462394535814,,-35.40878582841788,-35.40878582841788,1.3901177975587542,3.305176696338131,0.08,3.225176696338131,80.62941740845328,17.936559101796046,4.543527846586073,US,-38.336557936803075,20.056704939104815,10.636414275018875,-6.615483776002072,13.700803965817297,0.44,2.865176696338131,-36.67899193417704,-91.633171095207,-28.596731938736642,13.88
2014-04-01,6.093490216553213,-67.29877274883586,-5.29748563084636,-0.564822058543947,-20.780667049691115,-9.736323164842705,-33.69423789951799,14.790884741801094,,-33.45701465964328,-33.45701465964328,1.447423075694143,3.3574091233451364,0.09,3.2674091233451366,81.68522808362842,29.55177569132805,13.776025286800156,US,4.564944606188364,14.12327955175026,44.706959631797815,-7.7911468478762655,18.48203561181817,0.42,2.9374091233451365,-28.01508778195706,28.738078041203973,10.408694408025623,13.41
2014-05-01,14.406569701412952,-63.03639177333318,12.608768967491839,14.856249515997288,17.60748880056533,14.224664429949248,45.143751635554274,-36.28156946780731,,7.818950317879395,7.818950317879395,1.5712658483877373,4.001129541812375,0.09,3.9111295418123753,97.77823854530938,28.749904206955286,6.800900420485444,US,53.68114365057618,1.3555402930855096,-1.0153998470114483,24.15888121005108,4.183306395606106,0.37,3.631129541812375,6.060283468063632,-84.11920641122603,29.67356653438065,11.4
2014-06-01,7.401462930212429,-59.59071620593207,6.852526714101629,29.61539266795844,49.21858779130072,34.893677340752674,46.105235767154376,51.07474085041107,,30.98243665228168,30.98243665228168,1.62365625697789,3.941144762825326,0.1,3.841144762825326,96.02861907063314,42.91948855354639,18.54399770020376,US,45.40102554745592,11.04557992304713,-23.621696062938785,36.40706450489527,6.182983613827871,0.47,3.4711447628253262,32.131965281016235,54.946231557299456,44.764866203832966,11.57
2014-07-01,13.085457009855398,72.97811277596217,23.936866236363144,-9.834976922586169,26.59957319304912,2.031186111814092,94.35064064157274,22.225593409891108,,13.34720576143727,13.34720576143727,1.5635448842467259,4.010132141184903,0.09,3.9201321411849035,98.00330352962258,37.34317106556999,18.417238763379963,US,20.555500456222312,34.98304468201319,-36.51042090691721,28.536857804427523,16.142750253142736,0.53,3.480132141184903,8.548526447356753,-6.260350269524786,47.316829901480276,16.95
2014-08-01,-2.4500953650242114,69.7178947254065,10.389883438756904,-12.085414359538449,-10.095223144117957,-10.684013099455525,5.504065072783948,38.964367959167355,,-0.768950671403937,-0.768950671403937,1.6103213221808854,3.9427547105440546,0.09,3.8527547105440547,96.31886776360136,35.451061257888014,16.207298302511205,US,5.609025795841823,29.960521055475642,-30.102173028866524,14.109836820192465,12.567244899097624,0.48,3.4627547105440546,-6.059724651353102,43.34451754814385,48.5281906774538,11.98
2014-09-01,9.906685328023999,66.91490304790936,15.652074841390007,-28.64508517827003,-44.49967831199983,-33.21874886982853,13.780596057934124,-6.3769698573817495,,-27.411106264440043,-27.411106264440043,1.5397485995065185,3.898908613545493,0.09,3.8089086135454933,95.22271533863733,29.26011121736354,14.97554708749524,US,-1.316687250443177,44.46641522534236,6.548808770544603,1.6868715901238562,28.570082066360147,0.58,3.318908613545493,-32.71185456577703,-29.008812089635356,35.844911950837385,16.31
2014-10-01,9.576246045611345,43.378199386694796,10.136629861634475,-13.951303073565285,-35.32640703769057,-19.886550225834664,23.848671989153257,14.614522906571807,,-12.946299038716317,-12.946299038716317,1.5548480585553692,4.0813948948505985,0.09,3.9913948948505986,99.78487237126497,30.525462257530283,10.840534240990813,US,-8.463390694946202,6.260456932658162,2.4313219843147915,-0.5395236673761072,4.283176105567179,0.5,3.5813948948505985,-17.894444148485686,2.347105622260745,38.51583493936948,14.03
2014-11-01,17.899343102208594,41.49464600944482,15.566376793358504,-18.71103972752053,-14.980589085997492,-20.406373345349266,83.20438226673407,43.46705738935823,,-35.03686210810796,-35.03686210810796,1.4709143321753215,4.11326804998712,0.09,4.02326804998712,100.0,36.23389463265221,18.40682905099341,US,-5.589703877533491,5.242429077434836,-8.990952897573246,7.226446702223807,1.981686227401161,0.47,3.64326804998712,-36.23068158225049,39.11172714944573,30.07745503872275,13.33
2014-12-01,5.404538104550584,39.84148389624692,11.584346355097718,-31.387001475693594,-15.925944475199493,-29.08776300044911,20.617100012048585,8.446421107630158,,-46.07900529670899,-46.07900529670899,1.392578536791067,3.856664415356092,0.12,3.736664415356092,93.4166103839023,30.070797993629824,15.295625681648302,US,9.461603631721314,37.38987964320617,-47.61568480872824,26.175552886687687,14.456339516744796,0.67,3.186664415356092,-41.82717330822055,-6.4464338628650255,36.88686569416754,19.2
2015-01-01,3.348783545980158,8.66905438020896,1.3106051834010546,-47.9898410309002,-45.00592022735703,-49.15060524363154,8.035690589372416,37.04097473876874,,-55.935599339501664,-55.935599339501664,1.3563462895293865,3.9611861009607474,0.11,3.8511861009607475,96.27965252401869,27.01297455323914,10.16287322246253,US,-7.9960924048735365,4.098539006806553,-50.091152808735615,37.066867634811516,-4.503634652878244,0.47,3.491186100960747,-60.70147045501437,35.705504995886635,57.64927261132359,20.97
2015-02-01,23.65378243706607,8.428878556774281,11.474689115828063,-92.21767972348866,-71.53475980285886,-86.0160930644732,-40.80290859442357,28.554760906321192,,-71.70965139253013,-71.70965139253013,1.2097113523521053,3.5729003618614907,0.11,3.462900361861491,86.57250904653728,24.162368313714214,17.161934787233477,US,-15.927648519710882,55.521051042516135,-14.949067047795827,32.61417088172386,34.4674894958193,0.63,2.942900361861491,-85.34530186443521,33.40336232366319,58.53271920514725,13.34
2015-03-01,20.413763788668383,8.205679427681964,-7.656274312727,-100.0,-48.96432493201256,-80.80958694382612,34.0462438944097,16.73312527979038,,-38.87848494881724,-38.87848494881724,1.2774816263445121,3.802889106183435,0.11,3.692889106183435,92.32222765458587,15.992365263286228,0.3294990427030757,US,-84.5415380003213,8.205676507980202,-5.057956932100979,13.911509516339887,5.74564309921386,0.56,3.242889106183435,-57.123371405486544,-8.981025318358284,68.05921554657557,15.29
2015-04-01,19.915949767811906,100.0,4.720385898753305,-94.89850730594281,-18.21661481996832,-67.7813226807584,50.95468909760299,40.520469597056994,,-34.155408686819385,-34.155408686819385,1.2808398950131306,3.832926509186362,0.12,3.712926509186362,92.82316272965905,28.021772641882222,15.470054698150326,US,-88.91673584773535,49.33970734653351,11.101581157442572,6.977267348007947,33.42580979948194,0.58,3.252926509186362,-41.92043061467087,46.97559029195177,18.767648228981948,14.55
2015-05-01,13.49508181542231,99.89964021596805,-1.9180048783514074,-65.91484531367782,4.053667325736572,-40.5560120024047,-3.6337809195335953,40.02069792674448,,-9.1615582788701,-9.1615582788701,1.2943728841981805,3.7782259929639377,0.12,3.6582259929639376,91.45564982409844,28.156603163288004,10.844959399580942,US,-100.0,24.90074615428529,8.262699984949204,8.296494818428176,18.2505969115727,0.61,3.168225992963938,-13.47014430421435,63.19156934805756,10.603293823359932,13.84
2015-06-01,12.917535503453164,94.40884130057667,6.268512563125687,-32.37249320453333,-8.96452761213487,-26.434375809271714,-48.24712883531531,9.403317499107832,,-38.33406181753174,-38.33406181753174,1.2472011216439594,3.4408016824659393,0.13,3.3108016824659394,82.77004206164848,31.04412779480125,19.682560469276382,US,-62.57333973613085,53.835327469963914,23.353073727537108,16.452767241801446,40.60738000013284,0.64,2.800801682465939,-31.79831989011998,21.28701504064719,15.472711200067247,18.23
2015-07-01,17.207431327992285,2.688280121707765,-4.801960946178093,-11.138602881867843,-13.509465728494034,-14.750373230154324,-40.18673562133296,-14.036315418298736,,-35.69928853201184,-35.69928853201184,1.254154386404971,3.682898246274124,0.13,3.552898246274124,88.82245615685311,29.40344306793947,13.631411201276542,US,-62.11864704491852,49.473118341236685,-0.905482557399295,25.507119845409914,33.28356834220367,0.67,3.012898246274124,-31.265633792734064,-20.592090334467265,17.387796502326264,12.12
2015-08-01,0.2981800811387748,2.69228417150261,-6.572002411734466,-17.249220325387096,-12.729540990070308,-21.12481377906289,25.12958431489394,-4.4104171820581435,,-63.220915593626344,-63.220915593626344,1.1789500041732737,3.6000916729265766,0.14,3.4600916729265765,86.50229182316441,33.01920864765867,20.714342930933235,US,-28.619012344572493,68.71756791319284,6.979511815166001,32.99383956876997,47.924494637022704,0.74,2.8600916729265764,-50.61930890875372,-26.1339869237231,30.0021492997665,28.43
2015-09-01,-5.596748315842039,2.6838170660908904,-13.37027786635151,-38.05606422359745,-6.231320379532232,-29.736499947217165,37.52182588582439,-5.112390618551357,,-38.709145457380636,-38.709145457380636,1.2212546279397163,3.690215275242908,0.14,3.5502152752429077,88.7553818810727,23.209777598662864,5.457125663459886,US,-41.65920574703968,24.63658956030561,-26.583608847931373,31.009245221677027,12.787438307452074,0.64,3.0502152752429077,-35.633542121170905,-21.627683536184882,8.943782481143653,24.5
2015-10-01,-22.982294289557174,-13.048032913155927,-26.71254354276344,-61.216004590164175,-9.523649720884189,-45.077220824158026,16.02792345836217,-9.263089192352968,,-32.17615709800106,-32.17615709800106,1.2321248164310905,3.7315205579799695,0.12,3.6115205579799694,90.28801394949923,22.48836906961999,5.128769405375472,US,-43.86384812822299,59.47328561515091,5.418013332923341,8.98159036177773,38.38571325658804,0.75,2.9815205579799695,-39.77803759892321,-20.556194359833015,2.665755619170058,15.07
2015-11-01,-12.2381133732466,-12.711022579651047,-28.204690450278168,-75.01203572205908,-9.33371252739977,-52.77755157682905,-38.26759506110549,-19.268377375562483,,-27.82977820463814,-27.82977820463814,1.1779886779886617,3.576983016982993,0.12,3.456983016982993,86.42457542457483,22.24864141092382,7.878493584639147,US,-75.82067615753022,100.0,12.154176172606386,3.192010006370745,63.51734554410721,0.94,2.636983016982993,-36.246013411624375,-24.270390770503052,4.135985383620676,16.13
2015-12-01,-7.206255710364422,-12.396560300138582,-26.655750670006093,-51.191091552435,6.064029242057932,-34.417138259753486,-39.38088106589904,-2.110762275613997,,-60.14490305039182,-60.14490305039182,1.1967020513407034,3.426719743677722,0.24,3.186719743677722,79.66799359194306,31.81140713451539,21.576575261261763,US,-81.89005279506661,100.0,35.919782376241365,74.33656906397412,80.13043095365646,1.06,2.366719743677722,-34.78993759204646,3.9400951518224065,5.729251172709658,18.21
2016-01-01,5.2855953370082585,-8.510622252872722,-13.607863007486358,-30.20863178882657,21.402971429925113,-17.1555512228118,-44.31513717428659,-21.665704496505786,,-86.45343407739303,-86.45343407739303,1.191700692994213,3.447551039491319,0.34,3.107551039491319,77.68877598728298,21.804987846634027,7.763323327366886,US,-62.01050748704162,-32.80744561062191,30.424833285354946,100.0,2.9217409549655926,0.76,2.6875510394913187,-29.20743337998093,-31.95840925127887,16.6264465216181,20.2
2016-02-01,-10.89991660898255,-8.432585031705516,-14.853162645766217,30.953748293964978,42.448492488338346,32.27422054088363,20.539685757487096,-28.521535231350015,,-40.90755803732115,-40.90755803732115,1.4062402560957699,3.897693717476989,0.38,3.517693717476989,87.94234293692472,25.70033424016019,1.3144626221560918,US,-28.193299702483433,-63.61587756102376,-16.37073972601873,100.0,-27.26221146811894,0.78,3.117693717476989,20.598989616133736,-52.48102068154322,-0.4555027441885878,20.55
2016-03-01,-6.90297543106335,-8.356659763356717,-3.569883622433008,25.427600254527626,29.40964046906168,25.428687103058046,-25.128741058334175,21.776259789228185,,-2.437046958792308,-2.437046958792308,1.4658859681907055,3.8188289522860583,0.36,3.4588289522860585,86.47072380715146,29.0109230993559,4.6744205190440775,US,7.301602402834038,-66.75340082532905,-16.70041428626553,100.0,-29.227144066763813,0.73,3.0888289522860584,18.798112220506994,44.58994759178808,-4.833590428378156,13.95
2016-04-01,-12.104565786463743,-23.477593122015826,-19.22155431940563,8.351438059767503,9.603804382872207,9.776643252577221,-47.76873620326174,-33.31091799015265,,12.17857296541868,12.17857296541868,1.4574479112677619,3.639505200234977,0.37,3.2695052002349767,81.73763000587442,21.370165571986632,-0.5318017623986648,US,-33.74870351690005,22.03094725268566,-25.80319187003628,43.646228560131554,13.314704668122058,0.77,2.869505200234977,15.765528806657786,-49.97004336753395,15.34567384342791,15.7
2016-05-01,-12.34864432557559,-23.223953926228436,-18.717337187944118,-16.917438080328136,1.47370130068191,-10.704217500721407,-87.0625430480197,-44.53479863643372,,-6.313719165802762,-6.313719165802762,1.5199486797450534,3.566589686284247,0.37,3.196589686284247,79.91474215710618,21.1992699739583,4.297574129226356,US,-31.298230014658007,62.94622318407399,0.21774274333396237,23.317531232684818,41.3197992811806,0.87,2.696589686284247,-6.147866517966691,-57.749852075490324,12.697976264253704,14.19
2016-06-01,-3.6560735833548152,-22.97395977781787,-18.67328895132618,-28.689086785067296,16.98990455360154,-12.992956056476837,10.18050003529816,-40.09598387722809,,-15.307227123738135,-15.307227123738135,1.5687328193787042,3.869765895734723,0.38,3.489765895734723,87.24414739336808,13.821137556812154,-9.239346120902438,US,-52.13420333856244,-20.250407201123625,-45.880487243649476,38.57544258015331,-17.834049744563547,0.58,3.289765895734723,-0.1798674922456397,-56.45196429968989,-31.007521210835527,15.63
2016-07-01,-13.031252278536835,-32.47006310630792,-12.052230225444642,-10.331551520659813,27.533305125713625,0.38737379843189607,-36.05893347871945,-13.955631336064169,,-21.255767213518684,-21.255767213518684,1.5524039553270974,3.675272599657312,0.39,3.2852725996573118,82.13181499143279,20.628614515582214,-0.2379495572442162,US,2.548122430494588,-23.160346088581584,-30.742122161623463,53.938840385833764,-13.490912135679752,0.67,3.005272599657312,-1.9801438040041504,2.099867692794828,-39.22684771973259,11.87
2016-08-01,-17.716001933130933,-32.18675039985355,-23.656063057110206,-27.57484145263393,6.706704479573494,-14.738413080909016,-23.33197892238553,-16.317770755266935,,-14.71776442211577,-14.71776442211577,1.5993318072140106,3.775664377487682,0.4,3.375664377487682,84.39160943719205,17.724259343978694,-4.098670567022817,US,-32.79379734901446,-10.470595062350275,-25.74248232371687,55.833156579322065,-4.343004131441074,0.8,2.975664377487682,0.8654378051864465,-14.098641288154756,-17.435156576065005,13.42
2016-09-01,-23.995791317453644,-31.90787495305421,-25.33520893629616,-17.804748084053703,23.36886081406222,-2.125143415233537,-96.01052706623472,-4.0858423163698045,,6.642409183946027,6.642409183946027,1.6969584569733076,3.7537710187932944,0.4,3.3537710187932945,83.84427546983237,27.665608358217447,7.54150753482099,US,-24.606211611463362,43.15218994007738,18.105775708545412,50.768827009100505,38.03308194254785,0.77,2.9837710187932944,18.103268211220858,9.232246865393781,19.105554497316536,13.29
2016-10-01,-1.2794542350389546,-5.1264660317651405,-8.669610256713469,5.059776858343101,29.178847951239025,14.704939483973844,-91.59559806635089,5.604286812950919,,9.256801244315369,9.256801244315369,1.6852545372237682,3.569548472502319,0.4,3.1695484725023193,79.23871181255798,34.006863765856195,16.916831107176456,US,-28.5318712437013,53.19910322617295,20.354512638835317,55.02789234289356,45.26227394684663,0.86,2.7095484725023193,29.162409207721513,14.110383861167664,43.50958482481182,17.06
2016-11-01,9.871176534563936,-6.576215178836032,6.88955253594958,46.77824857407928,39.600960699324574,45.48336353988141,-75.44250776731491,-23.249145948383692,,26.459405452130824,26.459405452130824,1.7824083597317797,3.7502792062643366,0.41,3.3402792062643365,83.5069801566084,44.3150182498193,28.807809025160648,US,7.813115568146493,100.0,47.41354933344863,57.9318428293896,80.54316375777059,1.11,2.6402792062643368,50.10782813735135,-15.469783032872167,-10.603599854252636,13.33
2016-12-01,31.91812313278211,-8.102530808551808,18.980143372800857,48.873480480224686,14.57059040996731,36.49353716234192,-6.893606345165909,-29.379962914132275,,-39.77521913417699,-39.77521913417699,1.7188591624542893,3.7899554103481,0.54,3.2499554103481,81.2488852587025,43.81049193470816,33.26898865678801,US,4.178596457657448,77.57585917591254,31.11751994465895,61.003476434209745,63.475416956843716,1.2,2.5899554103481,23.51200847810189,-29.23449575743019,-43.22089803159711,14.04
2017-01-01,34.49508222216811,2.151684224063731,27.828269186483006,44.50257357967137,27.542918962257634,38.73185120356263,-10.59877953599312,-8.05138498869587,,-52.377808328621654,-52.377808328621654,1.770093227647962,3.8034731748052755,0.65,3.1534731748052756,78.8368293701319,43.65577897845545,33.253495767517954,US,27.233868878290323,26.877067663029862,48.63593481428194,55.61547477173148,36.62754551714812,1.19,2.6134731748052755,34.29718210130267,18.341440262787888,-69.86572886387854,11.99
2017-02-01,20.85566984292959,1.9953745995800025,20.83183503136015,25.240232767882997,50.405840615284404,34.71861299016851,-43.675748748591126,23.47004790030676,,-45.381459848343965,-45.381459848343965,1.863334939067518,3.88333574193461,0.66,3.22333574193461,80.58339354836525,41.22457831696381,26.706105208130005,US,32.0765077426616,-10.4670013223239,31.445697452150107,31.698507661388405,6.335999718851447,1.22,2.6633357419346098,46.48675450411741,59.1649503987815,-21.910240106693873,12.92
2017-03-01,-2.1189278796444158,1.8326136255897054,3.666606365590371,36.70113815265183,67.2796760775208,48.96468441552843,-44.073354341194495,43.875474441184615,,-33.9500084875035,-33.9500084875035,1.867275108455435,3.9275793293498187,0.79,3.1375793293498186,78.43948323374546,44.06638475614786,26.406740905915317,US,18.65228419815426,-25.451159950022586,31.89182101114388,100.0,7.7022592827724194,1.27,2.6575793293498187,67.49388336371419,84.61171134494695,-1.1221968584175221,12.37
2017-04-01,-16.1371675149227,-15.544107609118551,-6.4585177469236195,38.121762138357084,16.7910419011916,29.188813819654374,1.460898630920639,8.036142595106972,,-100.0,-100.0,1.6786546242183897,3.7813152696609174,0.9,2.8813152696609174,72.03288174152294,35.21875589788419,21.67942887126555,US,22.221595613591134,-25.97136035592882,3.0701191036440685,100.0,0.1847135623537266,1.28,2.5013152696609176,14.119973742281477,19.29084832980903,-15.030004789666174,10.82
2017-05-01,-14.56532674896112,-14.674114519012454,-5.061837210715938,53.57444909032992,-27.716011576917428,23.24375277727903,32.21638400216999,14.894727788807963,,-100.0,-100.0,1.6368213459441172,3.655232018916175,0.91,2.745232018916175,68.63080047290437,34.15043255956323,21.9731512212524,US,23.513904066050408,-22.225681490630684,-3.77298496750626,100.0,0.7213448637450242,1.28,2.375232018916175,-13.146091884597105,30.26743201842155,-32.39275609028187,10.41
2017-06-01,-5.588043663115407,-13.79130968844485,-0.3457518695433528,27.936786774172184,-62.77672358116499,-5.331701143378392,-18.177257250493852,-49.06510848291612,,-100.0,-100.0,1.545521142810613,3.4549483808825854,1.04,2.4149483808825853,60.37370952206464,19.30102509205828,12.090718198219687,US,20.303083126370474,-17.25236777505321,32.011136590611365,100.0,12.651363482620916,1.38,2.0749483808825855,-42.66394875060304,-73.95386384307334,-7.864806357992202,11.18
2017-07-01,-4.2681246849792185,9.926799604935594,-3.1221433041551085,4.079445497075216,-43.84023391850801,-9.177670745074527,-17.14916202245258,-22.016341982907782,,-100.0,-100.0,1.5764438029800987,3.536332371136815,1.15,2.386332371136815,59.658309278420376,19.33574605128669,10.963277988341815,US,-8.201153735631667,-46.30440496536139,46.00319017445832,100.0,-1.281845435602257,1.34,2.1963323711368146,-4.435197091284354,-32.647746246811884,0.5787202741889409,10.26
2017-08-01,-18.20047881987089,9.576280659853612,-13.352930674128615,3.2830874999294046,-20.781675000491447,-3.815089731019016,-41.380461646972414,-33.092971672913606,,-98.35469588142955,-98.35469588142955,1.5031107592688553,3.3613328055699494,1.16,2.2013328055699493,55.03332013924873,15.234689911691971,5.564439542955248,US,-15.476341924736486,-48.99220178699825,27.320890156742973,100.0,-7.565098533013206,1.33,2.0313328055699493,-3.9301565390253126,-29.069061000331537,-37.77786330267531,10.59
2017-09-01,-2.7114290011754463,9.224072691487638,-3.5279733002416864,44.93305282537233,5.262888248290624,28.83755298559632,-12.972303133826282,-13.806668079562183,,-72.1884425681091,-72.1884425681091,1.433593710424197,3.0953905656362948,1.15,1.9453905656362949,48.63476414090737,25.312535328075665,16.96557360708972,US,-13.138907213038257,-4.946785309660609,18.039179411056402,62.72754533353597,10.950855466998132,1.47,1.6253905656362948,3.7466615220018005,5.504204323460272,-60.653380814257616,9.51
2017-10-01,-11.244186810365477,4.252671470070352,1.470590652084435,64.5427886120162,6.385708555210499,39.97716030672484,3.48880991333841,-72.63160746038174,,-70.21050757518343,-70.21050757518343,1.4225873687192525,3.120547719745545,1.15,1.9705477197455452,49.26369299363863,24.50372775649133,18.108386918214087,US,30.316808071172673,54.29818719063931,-1.4845556084472786,30.184127335683936,36.73539251262436,1.6,1.520547719745545,-2.299599995250004,-80.25821491230418,-100.0,10.18
2017-11-01,12.995919369235375,4.482418983690407,21.032496445097046,63.73261225130723,20.842992234289348,47.57136794001991,13.70498266300845,-3.2007766874055004,,-31.497946568947118,-31.497946568947118,1.5410111053849596,3.338183324744105,1.16,2.178183324744105,54.45458311860263,40.35239733328639,34.84663993724501,US,50.25032790400904,99.95503922255065,-27.1248109152534,28.659308158142103,57.490717028438354,1.78,1.5581833247441048,27.473683537754955,16.121506050011135,-59.717710867453796,11.28
2017-12-01,-15.006218414089423,4.712595360783841,11.8192502811605,46.97567514410686,15.021105841820571,37.34434955242241,-17.991146094359138,-21.0211995843175,,-54.24186828098732,-54.24186828098732,1.5453764961365524,3.2863980775381623,1.3,1.9863980775381622,49.65995193845406,30.83544205042324,24.93862755595496,US,80.46436810198631,62.45703947347047,-39.66421763305483,44.85635513232583,34.28662254566745,1.89,1.3963980775381624,36.02445337002098,-16.758746765687878,-33.06911844300362,11.04
2018-01-01,-11.681106961233773,43.02926519244449,9.138365381680078,29.5310496024945,16.627709837616084,27.723298281967747,-18.06547879708601,-17.50997143658019,,-66.82773615637643,-66.82773615637643,1.5768765133171936,3.370314769975791,1.41,1.9603147699757912,49.00786924939478,32.42847172758876,28.867852603723136,US,38.77055911821468,70.53618640658513,-0.8242075034605836,51.348720923448795,49.81796810660325,2.14,1.230314769975791,38.98494040711351,-18.213076514698397,-15.489214832793008,13.54
2018-02-01,-20.161697720069228,41.562426514322745,-5.89278901423016,21.881533946768144,20.763001327014628,23.10785127163603,-7.6605468450836804,-26.336847945200144,,-77.7708700634014,-77.7708700634014,1.6320370277204788,3.4863888749140513,1.42,2.0663888749140513,51.659721872851286,31.494805004037918,26.678027999174827,US,-0.12053743734814076,65.3431661705542,42.99445324002346,48.15773532814629,57.17817331156032,2.25,1.2363888749140513,31.92120381214323,-23.069797730216703,-45.383549121230274,19.85
2018-03-01,2.0798577611359157,40.13375428625762,7.517934036635245,32.84912696700048,21.605312600451803,29.736994600121236,-18.447966047916704,-27.447808528088256,,-67.6005768311847,-67.6005768311847,1.6442181175359671,3.3446605096372846,1.51,1.8346605096372846,45.866512740932116,29.71741692938294,26.241910674368636,US,0.9998249480602125,55.29913898181032,35.44175312092458,25.789626318096737,45.90836561703185,2.27,1.0746605096372845,30.841268465386673,-29.69779123686988,-27.447755515115297,19.97
2018-04-01,9.389822573551587,38.83345486769037,16.346392020090068,39.59545834408279,53.730238441846055,49.69517387377593,-36.30788489176858,-18.698710260432055,,-33.89741813578586,-33.89741813578586,1.909183171052753,3.7837747565791293,1.69,2.0937747565791294,52.34436891447823,35.51685587923538,28.775200929112113,US,19.54992098322224,46.176420314428505,40.47124692566609,49.03034324693728,45.17821540711421,2.49,1.293774756579129,83.3689283790983,-19.875887341576654,-5.307980486883107,15.93
2018-05-01,-2.2925956360149087,37.686793439137226,11.308719366910577,29.03687753704008,50.86444436951004,41.04360736700808,-43.88641196374299,7.344823331265176,,-41.50030138982752,-41.50030138982752,1.8842192874261698,3.686328931139255,1.7,1.9863289311392551,49.65822327848138,31.507511385776724,23.147021457014667,US,28.125030930595756,8.771572935316344,16.84948306114781,46.171234889010286,16.400999759828302,2.4,1.2863289311392552,72.70246501604348,25.0390272569456,-4.382524913362946,15.43
2018-06-01,-16.59653804189796,36.61803225772038,6.2316480977453566,40.69646690954005,73.06723481479041,56.31110704580012,-2.046650113381525,27.999773370484455,,-35.64795255011392,-35.64795255011392,1.9809023776840462,3.9696868998594033,1.82,2.149686899859403,53.742172496485075,39.30747729075604,28.895987160763223,US,42.78746433690431,18.419379769768373,19.85791861908466,56.64861890067784,24.513400351733864,2.52,1.4496868998594032,90.8427879758566,49.16279900626835,-4.763634065077292,16.09
2018-07-01,-22.123374102172164,24.764506909249963,-1.749898469645315,50.872762914348066,43.887811237550196,47.42706692665096,-32.15726680564558,-1.4387387451007188,,-77.94823801608051,-77.94823801608051,1.9362198184856405,3.644329727728461,1.91,1.734329727728461,43.35824319321153,32.68585402451244,26.54695222710849,US,31.237799821081957,32.205762196369,17.329953173738726,19.340671713664236,26.55704636830572,2.67,0.974329727728461,39.54304245769714,13.905160554696517,-19.832980228287166,12.83
2018-08-01,-16.236185716650493,23.76749105640487,5.872288099942397,60.52415500646621,44.30944896415384,55.60988137133904,-2.0244254065495375,15.947401368927066,,-54.51652382120664,-54.51652382120664,1.9958004199579937,3.8753672966036574,1.91,1.9653672966036575,49.13418241509144,38.86803553990909,31.295666449365235,US,48.19550348588784,38.055147615917576,32.14852408523093,14.553683404649654,33.05327210155573,2.62,1.2553672966036573,54.78684084280575,42.769571248386654,-37.642710276489986,12.86
2018-09-01,-13.695771642061866,22.82214662313588,8.503739319111466,30.138596025612234,0.16663613641649297,20.027190390093168,-9.188096732155795,6.188681380776625,,-77.49712392452564,-77.49712392452564,1.8957629996604108,3.6686444994906164,1.95,1.7186444994906165,42.96611248726541,34.13113465538789,33.50790387255994,US,53.19152124351282,72.09413925087851,33.04613419370318,31.841190035798583,56.29419560432269,2.81,0.8586444994906164,12.682491604144689,23.855215436939847,-26.984933486255656,12.12
2018-10-01,8.058008396495898,15.018977409960415,9.64964221485847,8.485350236435277,9.19762198781837,12.527551776078724,14.837169943227416,39.85431835040482,,-77.10927274802098,-77.10927274802098,1.9602952913008842,3.8071096036179926,2.19,1.6171096036179926,40.42774009044982,32.521752823240206,31.08907677757062,US,10.247962261867476,15.606089543664888,34.480901190071734,100.0,32.98387902371687,2.87,0.9371096036179924,34.246240915086446,73.81707138163266,-26.64599988023558,21.23
2018-11-01,-1.2720262733183774,14.825026697997062,0.40550392654205814,20.98279000331554,1.411390725097386,14.051727640755168,-30.456425634232676,-13.3026617767133,,-100.0,-100.0,1.8709073900841755,3.516361085126263,2.2,1.316361085126263,32.90902712815657,20.9542795059284,19.687630048459408,US,-4.2201372566658995,-1.9185551906262281,12.044607871806697,100.0,16.860018853575937,2.8,0.7163610851262634,7.394706383276656,-13.496465958505718,-2.5452734258998784,18.07
2018-12-01,-2.858768113147737,14.651517434162125,-5.564768985245097,14.206678981383735,25.7079564325723,22.354161355670865,-34.79580646670185,-52.587726914592906,,-62.2358936649962,-62.2358936649962,2.0102451882429095,3.6737011156976975,2.27,1.4037011156976975,35.09252789244244,2.499236565957812,-8.722654216654702,US,-24.188942929923094,-100.0,-14.994113022984369,77.07301764700092,-52.18757560869596,2.48,1.1937011156976975,49.354432391317005,-61.71749867394366,-41.35142696088573,25.42
2019-01-01,-16.630961743776375,-49.17100933582811,-27.965838782159977,20.461222270048964,24.231647132660985,24.88228877970165,-66.22877343289049,-60.01219507776422,,-51.63081277821391,-51.63081277821391,2.0380799141860972,3.568786537945812,2.4,1.1687865379458122,29.219663448645306,-6.469275659505643,-21.992136583588582,US,-42.44644134207975,-100.0,-51.1947194569639,0.12484293121541312,-72.77995342455867,2.45,1.118786537945812,43.650957563380175,-70.49885721132712,-31.114258944137518,16.57
2019-02-01,-38.68226112825405,-47.51379083536884,-38.086054860965994,-28.55434797049492,4.158711906726781,-14.522200228018006,-70.51377072228368,-59.279141931707905,,-61.44388073908262,-61.44388073908262,1.844426623897344,3.134973269179349,2.4,0.7349732691793491,18.37433172948373,-17.190153652372167,-28.45760191538949,US,-30.998518234832957,-92.91160075019145,-41.64700138567453,-2.9703906603959407,-66.6042693955929,2.52,0.614973269179349,10.471537183981672,-73.55743807928101,-18.270453903186997,14.78
2019-03-01,-29.213081641373943,-45.934376549967894,-33.62245176948801,-16.144026667623546,-5.985726635694923,-15.39940300594111,-24.367836967587166,-46.723673100259575,,-95.68916864286892,-95.68916864286892,1.7441056147354805,3.1361584221032204,2.41,0.7261584221032202,18.153960552580507,-12.025032461818896,-20.209768603217654,US,-36.817785208673826,-86.29838380988794,-40.05470296334826,-1.9120981649121211,-62.07952075150665,2.27,0.8661584221032204,-28.110368976288342,-42.89963879053785,-69.31485712319517,13.71
2019-04-01,4.490196830522293,-19.076480707597216,0.24846916274534925,-5.546223626170438,-5.766095578548769,-11.331918619495266,-19.20888158707524,13.408757973479979,,-100.0,-100.0,1.61606799514884,2.8957686593899266,2.42,0.47576865938992663,11.894216484748165,0.9619850945109083,0.017346818156841397,US,1.6632926822862242,-67.61603417481179,-24.225919210848367,-36.96475296629115,-52.17081325254283,2.27,0.6257686593899265,-43.75107032770541,57.835439208748284,-73.64469325483081,13.12
2019-05-01,12.83693946909652,-20.34088753300259,0.018190679405797106,44.466078429980016,17.892852298358463,30.345980065053617,10.004866315532032,-49.60895219510532,,-61.33005430154884,-61.33005430154884,1.6367788035668518,2.985168205350278,2.39,0.5951682053502778,14.879205133756946,-5.4604560391910715,-13.864330991831265,US,-18.531359488406906,-100.0,-47.14422918776528,-41.29805261508442,-77.98076518920399,1.95,1.035168205350278,-5.379200450160062,-60.61300010828865,-58.96752830984771,18.71
2019-06-01,27.108766293514325,-21.669788258613476,12.505689808987142,30.703389265425535,-0.4266089579204443,18.000017037450306,-32.39002624381503,-28.617776466907344,,-45.22607982855794,-45.22607982855794,1.563175476517964,2.9297632147769463,2.38,0.5497632147769465,13.744080369423662,-5.891952526609116,-12.802517420366948,US,-2.0364069133177183,-100.0,-54.20807797461548,-53.18137586617247,-81.52922587357975,1.75,1.1797632147769463,-2.1024285488326906,-16.90033543569488,-54.47628507567265,15.08
2019-07-01,-13.887019842552775,1.757262787628063,-12.850314639653364,1.1537115105033011,10.277554895598895,7.087429345114529,4.388174018044999,-52.49600531215024,,-10.557620621014236,-10.557620621014236,1.6569813098790576,3.028805298151919,2.4,0.628805298151919,15.720132453797975,-15.495377375337775,-27.619100485025918,US,-19.126768609063628,-98.8482361188826,-61.17683062732687,-26.07755444302316,-78.51478249461475,1.89,1.138805298151919,25.5054247660855,-67.84129694657915,-49.797812987638,16.12
2019-08-01,-19.928490778649767,3.42905578240234,-13.318782072028982,-12.115982451468874,17.579156010014668,-1.3028153432601477,-54.71908116811923,-21.03309446544676,,13.15137624174649,13.15137624174649,1.6391192674940713,2.8603455679077743,2.13,0.7303455679077744,18.25863919769436,-12.995833334970506,-26.217558626267834,US,-7.5041838887978995,-70.62149481346626,-82.70726196552924,-72.47362004344676,-73.92075538597908,1.5,1.3603455679077743,10.47990083411673,4.254450285686106,-61.511609846562145,18.98
2019-09-01,-74.6399053603847,5.318273416736384,-44.81511030978036,-2.1721793342650333,50.92975124175537,16.595298682444863,-22.222289878748104,-35.37509515992965,,42.020624041965085,42.020624041965085,1.745804579673771,3.078706869510656,2.04,1.0387068695106558,25.967671737766395,-8.3719315669587,-27.52440806048076,US,-3.315632424240003,-17.459085725630665,-71.91057580733504,-78.79659165658175,-40.27258413569942,1.63,1.448706869510656,34.4411231504336,-40.965679570510474,-29.8493757432446,16.24
2019-10-01,-26.75243592602482,30.555083770419223,-13.531533572634487,-2.9274038998857823,41.66779823327899,8.235019669296435,-44.219164872620425,-27.57840048193244,,37.37400390474288,37.37400390474288,1.6320140893302693,2.9680211339954035,1.83,1.1380211339954034,28.450528349885083,-5.008249181184645,-19.786701708523506,US,-8.253338330329903,-15.212270924548882,-72.05728008447144,-100.0,-42.14168257584719,1.52,1.4480211339954034,-2.8365836606122827,-32.17421762443368,-6.563980705516677,13.22
2019-11-01,-6.4861115610594595,30.408666490281345,-6.540324882713641,-19.10935491798322,31.418407608511117,-3.9159895331483634,-10.99304998312335,-24.283359671146094,,37.36912712865755,37.36912712865755,1.6235859562745425,2.820378934411814,1.55,1.270378934411814,31.75947336029535,2.931986692557265,-6.907879378196108,US,-28.839831678480664,44.40854320413131,-25.35202707091557,-100.0,5.307119154749895,1.61,1.2103789344118139,-2.0331898965747373,-29.229644597263636,-20.386461661277643,12.62
2019-12-01,39.518180122368825,30.26730096820326,21.855474352601583,-25.739166830002887,25.184710060824173,-14.500846377559863,-22.900674844074597,-3.3721456483111543,,-12.105247225804364,-12.105247225804364,1.4977183197472543,2.5949108129542147,1.55,1.0449108129542146,26.122770323855367,6.277558997503581,4.107196296928511,US,-25.582115464200804,8.529458672397475,12.462188730671922,-100.0,-6.7667776138935345,1.58,1.0149108129542146,-35.69015863176118,2.105077174871846,-4.80036290649229,13.78
2020-01-01,18.901378782180725,47.25337240203535,23.119868957006986,3.8907262877822273,24.33203047808407,8.132817462515266,-1.6981334733708429,-4.304155361784002,,-16.081449698465125,-16.081449698465125,1.544751058548699,2.6321265878230484,1.55,1.0821265878230484,27.05316469557621,6.279770984183909,0.49815328481574206,US,18.764143309572994,-35.8179317202571,-15.228885582110907,-78.76683754290845,-37.11300605911825,1.33,1.3021265878230484,-1.8975061978339172,8.290335538324802,-36.094546655093026,18.84
2020-02-01,20.800325080914355,45.72876417939703,25.715567867458034,41.08095795282796,32.171665304821865,34.60307334369371,8.390145053365414,23.33446400758208,,-40.884016380116485,-40.884016380116485,1.5913288616700605,2.6669932925050905,1.58,1.0869932925050905,27.174832312627263,9.164364678865073,-0.42247238571194223,US,25.50423276799947,-100.0,-78.1160163769522,-44.41887368989958,-86.19183514772298,0.86,1.8069932925050907,12.743881638609775,46.393566292094555,-23.040790102717853,40.11
2020-03-01,22.760700311359248,44.252839902286084,27.196050443578756,8.941297340270586,28.103168246132032,18.72254583874242,-6.095302394361635,-8.69899840560892,,96.58565253065674,96.58565253065674,1.6976972310441596,2.893212513232906,0.65,2.243212513232906,56.080312830822656,-0.4943005625534589,-24.162840441186756,US,27.606817085681186,-86.92246552934012,-100.0,-100.0,-92.15347931760407,0.23,2.663212513232906,42.21316915364709,-16.434267040853367,8.303428712229376,53.54
2020-04-01,-38.39074592245843,-100.0,-63.03444755347506,-57.633058427285846,-37.150113299309794,-47.06820734724111,-100.0,-100.0,,100.0,100.0,1.5272953094374042,1.720942964156106,0.05,1.670942964156106,41.77357410390265,-30.12066232975122,-54.69257955217105,US,-100.0,17.621009286795204,-100.0,-100.0,-29.427394427922877,0.2,1.520942964156106,-21.33895977361436,-100.0,-100.0,34.15
2020-05-01,-67.11662370626263,-100.0,-80.26997422375757,-100.0,-100.0,-100.0,-100.0,-100.0,,84.44415433583369,84.44415433583369,0.9954970222243897,-9.320087799996749,0.05,-9.37008779999675,-100.0,-77.24740896370949,-63.95222403669683,US,-100.0,58.038312816779936,-31.47414199927942,-100.0,11.954452190248105,0.16,-9.480087799996749,-100.0,-100.0,-100.0,27.51
2020-06-01,-78.16530103208552,-100.0,-86.89918061925131,-100.0,-100.0,-100.0,-100.0,-80.53927916000337,,-17.65216878036958,-17.65216878036958,0.9973783749794407,-7.590599104197505,0.08,-7.670599104197505,-100.0,-69.12151919254873,-51.445717568299315,US,-100.0,29.68394356708578,-3.6496065681112855,-72.92959035969102,5.958525944269995,0.16,-7.750599104197505,-100.0,-67.56546526667229,-100.0,30.43
2020-07-01,-53.61818953759484,-100.0,-50.48050346625982,-51.15797962438581,-100.0,-69.64937407140148,-100.0,-11.279684960785485,,-37.30949439386636,-37.30949439386636,0.9704519119350996,-5.335988798764017,0.09,-5.425988798764017,-100.0,-53.64545966191386,-34.018923694357326,US,-13.238358974811659,-32.484978739274965,-8.862815284789804,-36.284800750076926,-27.149411177273965,0.11,-5.445988798764017,-93.03057531179995,47.867191732024196,-100.0,24.46
2020-08-01,-19.405561391269803,-100.0,-11.851946003438933,20.711488814972643,6.216020662223519,16.060262371752223,-3.308283437821352,15.724315193934924,,16.638288294201864,16.638288294201864,1.2143366963097257,-4.086828288868744,0.1,-4.186828288868743,-100.0,-30.276770527414328,-12.049422632790252,US,59.16556332529179,-35.277620211414394,14.707231535931479,-14.513771397198338,-19.666829952445514,0.14,-4.226828288868743,13.862426114751713,29.831397172129705,-6.713122374678787,26.41
2020-09-01,-14.22216478911289,-100.0,-12.664454731077832,8.380551833193529,33.014067291318625,19.009706367822602,16.593810938444676,7.116961927818501,,58.08093549409001,58.08093549409001,1.3931038469319867,-1.9636775629353536,0.09,-2.0536775629353534,-51.341939073383834,-19.586939152179603,-15.514069225887807,US,43.47537656955961,-25.853554560602976,-13.135299857877488,-18.592175554547296,-21.58478403401325,0.13,-2.0936775629353535,38.185722967178855,8.116404499905792,-0.9678096515667034,26.37
2020-10-01,11.352243985290333,39.38817355401357,16.552249006290204,14.18679836203977,23.239724655098286,20.55366891169021,7.304891034511851,-16.836812688484375,,76.02454827051362,76.02454827051362,1.4796915464076354,-1.1871293470552131,0.09,-1.2771293470552132,-31.92823367638033,-12.014609636159651,-8.056330361147666,US,15.330706328055882,-7.471477210422051,6.573136092641111,-11.984517790321355,-4.637279971641156,0.14,-1.3271293470552132,41.54439153794518,-24.476441334877297,-12.986726170939091,38.02
2020-11-01,3.2037060895137026,36.93555727500933,4.184752810311711,-9.149431571076093,-27.195393217031956,-13.439840963946425,-11.390784188741144,-17.94143388757706,,40.91525017920465,40.91525017920465,1.4217326104510208,-0.3424010843234693,0.09,-0.43240108432346924,-10.81002710808673,-13.68978099390597,-13.558429104313047,US,-13.111217738591641,-6.704897181303374,-39.487810931299244,-9.764994858957046,-15.359640270450392,0.16,-0.5024010843234693,-7.675558113618533,-9.087716585834956,-43.12074523105966,20.57
2020-12-01,-0.8036581963129369,35.09872515681718,1.0079906310239384,1.262242468454585,-42.60117932019604,-13.503701601813296,-22.493076774166227,-18.28391111792509,,27.88162659716415,27.88162659716415,1.453521884486797,-0.0680505066031376,0.09,-0.1580505066031376,-3.95126266507844,-11.048934873652332,-12.190958753502807,US,-15.098492898843505,-10.152207793346607,-26.90582084398054,-14.439804017865788,-14.983750489682967,0.13,-0.1980505066031376,-24.07168168558024,-6.149675766969502,-44.88057656647382,22.75
2021-01-01,5.2845555561332604,-38.86110039493133,-3.35226412478164,-13.65958118431005,-41.52673457709991,-21.746577124471713,-21.770292050564333,-19.31554145877081,,24.74445324618553,24.74445324618553,1.508790092214496,0.04318513832174409,0.09,-0.04681486167825591,-1.1703715419563978,-11.723526057887927,-13.223741525893464,US,-2.7753295968875897,-14.604796474911463,6.7794198853055185,-29.731585703443336,-11.527760769136998,0.11,-0.06681486167825591,-21.127631797404725,-8.335790578708686,-44.19409321584379,33.09
2021-02-01,27.66646112915801,-37.597528034616055,17.14509729950911,25.936877432861593,-46.75135200454518,5.042679467696975,-24.392832742527617,-22.15526811642439,,41.59449092509512,41.59449092509512,1.589367219420712,0.4907174957977336,0.08,0.4107174957977336,10.26793739494334,0.9021547198833479,-1.2732353797132616,US,24.739399308826847,-10.95831078594578,76.78059116553615,-46.95621840671626,5.576728558809132,0.14,0.3507174957977336,7.789273394108771,-12.882154920796193,-43.06820101027014,27.95
2021-03-01,40.31250007399779,-36.39771183707719,17.260873486699126,72.90373035833365,-41.41394675634844,37.441664802423986,-19.76274862748709,-16.589533483765713,,48.32651536500634,48.32651536500634,1.6464363820420047,0.7979879063963402,0.07,0.7279879063963401,18.199697659908505,14.027020922861219,9.738074896725676,US,-5.867879128551863,-4.727959310797022,100.0,27.38273490238299,26.270634648879234,0.16,0.6379879063963402,27.01942184340607,-7.0231792247679445,-37.64485461912754,19.4
2021-04-01,43.065511765895025,27.37804019139253,52.21160871518618,100.0,21.731447998004782,80.4328619995012,0.29684623968676116,11.414994186402398,,88.41861289886732,88.41861289886732,2.1341463414634054,1.6478861788617754,0.07,1.5778861788617753,39.44715447154438,34.88473128144388,26.426142233448992,US,89.06238250776116,-2.443698750793581,84.51092272199186,69.6344465356697,30.10667841037227,0.16,1.4878861788617754,100.0,24.92039765012422,-14.327085358500591,18.61
2021-05-01,29.30754922253323,26.7256236025825,46.593373073907316,100.0,100.0,100.0,100.0,55.891207113851905,,100.0,100.0,3.0682787914816823,3.0657515205558576,0.06,3.0057515205558576,75.14378801389644,52.16759830751711,31.8489388556952,US,100.0,-6.293828244234804,37.80356802488727,72.92703235064704,16.61364991227799,0.14,2.9257515205558575,100.0,26.485345189753183,100.0,16.76
2021-06-01,-14.43517207828022,26.09526972276981,20.25318721144734,100.0,100.0,100.0,100.0,53.776305126508866,,100.0,100.0,3.435757935671724,3.933636903507585,0.08,3.853636903507585,96.34092258768962,52.639416668540754,22.277466533191237,US,100.0,2.1239207539286267,-9.773316141869437,10.912130261521515,0.46784295611804394,0.25,3.683636903507585,100.0,22.96050854418144,100.0,15.83
2021-07-01,-26.12398360356899,100.0,5.963875312316821,100.0,100.0,100.0,85.83070093915657,37.6548681925161,,100.0,100.0,3.78424903170278,4.373040214220836,0.1,4.273040214220837,100.0,47.997618388721,13.762275934606045,US,26.553061897832862,-8.74290343605236,-7.13504395843651,-25.52788693552091,-10.85868609156868,0.19,4.183040214220836,100.0,7.076435347527646,82.1376073725041,18.24
2021-08-01,-33.94924851363185,100.0,-16.02709882341275,64.6458523251928,86.892647643225,72.289250036815,-8.266058262762128,-2.0892353742417447,,78.26335624176744,78.26335624176744,3.844211288677979,4.9729835996836345,0.09,4.882983599683635,100.0,36.533894175078274,2.1461228336317473,US,-42.63019886093455,-4.238909436372586,-2.1812782242435964,-24.859377285607458,-6.817571810725569,0.2,4.772983599683634,78.52384487262056,6.384241084374587,-18.71948514180871,16.48
2021-09-01,-25.15394748496997,100.0,-6.973087284165725,73.14300706970018,45.648109712751115,64.33649268916098,-18.880924106760652,-3.3722266710441104,,57.11263299951121,57.11263299951121,3.8928954894862366,5.349343234229356,0.08,5.269343234229356,100.0,39.45003342069218,9.094633178079826,US,-27.522875172734974,0.5092338974896231,30.069425960061324,-8.665401153194424,6.523086655529942,0.28,5.069343234229356,60.25774012768734,6.493610868741123,-17.745018305098746,23.14
2021-10-01,-22.621884547201685,-39.56276301592061,-19.7195524937829,72.08701152213987,35.59708728307908,60.260901599097245,-0.3545241671892685,5.522468972995674,,43.719779717504565,43.719779717504565,3.925623754861962,5.793435632292943,0.08,5.713435632292943,100.0,42.93709599885031,13.503152904198467,US,-0.8480292522952,34.12500369156881,23.73510199130019,0.7071428251012278,26.514849136531513,0.48,5.3134356322929435,54.06281910029038,9.214176598358016,0.18856655623702145,16.26
2021-11-01,-29.964360895813215,-38.45654966047324,-15.356101430961644,75.35739092378184,78.5517131546642,77.91720957283613,11.711664247973518,14.403735832446902,,76.90919742515008,76.90919742515008,4.3712739439089265,6.6552442491967225,0.08,6.5752442491967225,100.0,46.41778721518446,15.00826364299481,US,33.56399022238908,37.795251513713815,23.2285600575097,1.9022379772109739,28.76962661918736,0.52,6.135244249196722,87.09897819933981,10.61895088819573,25.10246264933374,27.19
2021-12-01,-42.42365728214282,-37.15222714711297,-22.241203175387895,84.33492862377145,100.0,90.60095717426287,23.985876350545222,17.741756771500178,,98.1375652453445,98.1375652453445,4.797121348421007,7.684015355964845,0.08,7.604015355964845,100.0,48.91663834518174,15.457395501164322,US,35.143301063858964,58.87830568510082,8.680805980860812,1.8872355264043221,37.78027023523634,0.73,6.954015355964845,100.0,11.294424345667489,29.468882846071597,17.22
2022-01-01,-40.55315243664702,39.68899637331684,-12.859824435532946,82.96206855302745,100.0,89.77724113181647,23.63088610828572,18.692080351075013,,100.0,100.0,5.084233587670917,8.301350381506376,0.08,8.221350381506376,100.0,54.012546819326474,23.918106089069642,US,22.074870281830957,93.9670220082684,22.140458571606807,2.1917761847425723,62.24409427557413,1.18,7.121350381506376,100.0,11.756657939924468,32.3738106835099,24.83
2022-02-01,-53.15304095317918,38.638659898093394,-24.46738131984545,75.68111651161583,100.0,85.4086699069695,22.768472462785596,17.377092502885258,,93.65718213133889,93.65718213133889,5.325521814482692,8.551616055057373,0.08,8.471616055057373,100.0,52.05458125194368,20.873087201702827,US,6.514577069392194,100.0,5.524831262947335,2.6412968037980935,61.77740233630655,1.44,7.1116160550573735,100.0,10.909802631753557,29.66376021766114,30.15
2022-03-01,-74.59531927385903,37.627035174857966,-32.092256874231836,56.07206124382772,95.82717922272752,70.3125538135402,16.564073940605955,15.867037091462358,,71.94086451674117,71.94086451674117,5.568656926762805,9.004652056810873,0.2,8.804652056810873,100.0,50.34504701495699,20.576126784602938,US,28.083517655419556,100.0,21.867007091740934,11.691102819480841,67.22041719585737,2.28,6.724652056810873,84.75014841041131,10.48812921764532,28.35819387913709,20.56
2022-04-01,-65.83827461099591,-1.1770161705883089,-39.36414882964705,76.68554132869447,87.11030986724495,78.55113170860204,15.685975805517444,13.629706290584087,,44.45316294972976,44.45316294972976,5.560286342581766,9.18042951387265,0.33,8.85042951387265,100.0,54.774400816147235,26.017050126626067,US,1.261473450154968,100.0,58.78729140779437,20.705421377602256,77.80263605858893,2.7,6.480429513872649,71.74819629716089,9.971266113320999,21.176201007055482,33.4
2022-05-01,-23.553625455274567,-1.2251332975540867,-12.48719675859327,61.822562415518824,56.39098381417084,57.82035496088023,17.430425180451675,13.604754531274338,,-2.6538330600092115,-2.6538330600092115,5.288716474561128,8.761408045175026,0.77,7.991408045175026,100.0,53.76020047800564,31.166134313022894,US,7.31499403681833,60.40480579489091,72.6160538564418,50.25488314709187,61.935129413108776,2.53,6.2314080451750264,44.19381038684154,9.578931733716288,20.971326855907254,26.19
2022-06-01,-33.04600762634155,-1.2731064692845857,-22.37214350308217,54.29928723227145,42.622902819513186,47.77602098054269,15.592782338060987,12.20100566407397,,-30.703197348568732,-30.703197348568732,5.169044995323602,8.668567492985401,1.21,7.458567492985401,100.0,47.748497505301046,23.59698426620009,US,-9.414291827538205,9.390184635891629,77.85957579272093,69.13972312915743,35.469963199088824,2.92,5.748567492985401,30.271486242010166,8.767142272978816,18.407211798310126,28.71
2022-07-01,-73.67053135828353,-7.599883240014246,-44.3457322132382,29.372860810726298,36.806949820475545,32.417147188139,16.248862145656716,11.665964530219215,,-33.65798796196575,-33.65798796196575,5.299386299552156,8.852412782661567,1.68,7.172412782661567,100.0,36.280189596741295,7.022822402787568,US,3.986276350936211,-36.56212077908004,38.11276054685066,88.04517279742893,0.7976935888789818,2.89,5.962412782661566,37.27795497722888,7.839404192232589,18.099970772124614,21.33
2022-08-01,-94.28183220680553,-7.4667184549311525,-57.08293843008459,3.231090333948436,42.426755918177655,19.210383915158143,9.781045345588446,10.185630894550231,,-29.6269162902293,-29.6269162902293,5.2188196859714875,8.81822952895723,2.33,6.4882295289572305,100.0,35.79322540732943,7.22753974224053,US,2.4246746489536006,-8.77227880333535,58.262174379479646,100.0,24.302176312868703,3.45,5.36822952895723,44.43360490163113,7.828209430329755,16.086193738056448,25.87
2022-09-01,-61.71114309703803,-7.334385679868075,-36.30719624495397,-14.950791238712146,48.840899095070185,11.189318240767367,5.664399808167875,9.565039249374227,,-3.3743809713873225,-3.3743809713873225,5.403329065300899,8.981660264618016,2.56,6.421660264618016,100.0,40.90853604645587,17.41234506584381,US,7.278589860996261,49.952220138854834,73.28288875451192,89.3185966139327,61.68984376403078,4.22,4.761660264618016,52.99712140151405,8.284607915568778,14.978458115231119,31.62
2022-10-01,-28.441563364315094,-0.11073401021226802,-15.136639143628729,-15.472755623358047,53.47779591890117,11.519121609704975,0.9618078890726821,9.410904187956948,,-2.3935518714221837,-2.3935518714221837,5.640449848468254,9.424008106035714,3.08,6.344008106035714,100.0,45.69197850304444,26.368548941862215,US,7.779635905968677,64.08029894374062,96.40255002813547,92.6168344742932,76.44134204442221,4.51,4.914008106035714,49.55550669329673,9.581203623363677,14.071643322311358,25.88
2022-11-01,-36.609632637650925,-0.12421955851808081,-21.767180353899402,8.507357628838978,40.76239000902759,21.878897333374415,0.21205836320975086,7.1971247260639535,,-15.798837815251224,-15.798837815251224,5.5094942743759034,9.117574744897189,3.78,5.337574744897189,100.0,38.450795547906,13.808822646764147,US,0.8689286498754596,-8.674724072299208,54.277368385499955,97.69432750727867,23.018656779087266,4.38,4.737574744897189,43.89256835876087,7.052588643025793,11.735051143068057,20.58
2022-12-01,-43.98267452287663,-0.13760639015481557,-28.92670475082907,11.949972116707015,16.89935652517513,14.556578362700261,-2.301810898445645,5.333605626185002,,-43.848968491542905,-43.848968491542905,5.285034019752222,8.770884362961667,4.1,4.670884362961667,100.0,31.536944795138186,4.743114419715353,US,-10.065836314319485,-62.74724648234154,38.050185974403256,100.0,-13.135801395804108,4.41,4.3608843629616665,21.07837307588179,5.2788238081623025,10.046331904217869,21.67
2023-01-01,-52.41542662266938,-14.072274367257858,-37.78371829067486,-5.425755211067261,-6.5774847654436845,-5.228062846908557,-0.9647199913231131,4.536336762626654,,-53.304863822125135,-53.304863822125135,5.070992092020132,8.539821471363531,4.33,4.209821471363531,100.0,22.124754611134044,-6.746867906881459,US,-16.894484647938235,-85.09994189712855,-12.303800643275972,87.51603019165837,-41.008510770347364,4.21,4.329821471363531,-2.188256859381863,4.755165790851095,7.311781147257856,19.4
2023-02-01,-38.709328920946824,-13.719477873548701,-26.083607719593733,-21.725354565658353,-0.15873488525461257,-13.074233469010425,2.1462767144103356,7.017126512789213,,-39.177180096814375,-39.177180096814375,5.001699128972836,8.427548693459254,4.57,3.857548693459254,96.43871733648135,29.02647810863173,6.68881161403544,US,-3.2003547439733366,-11.030881833370655,27.696715406583206,68.6073036813433,10.596745303824903,4.81,3.6175486934592547,0.00441994465493747,6.813268439222968,10.428895768375524,20.7
2023-03-01,-15.480151245868774,-13.367906310222633,-12.640549695051913,-32.20969978635364,9.974581009663325,-16.025462952799195,1.9356767632898064,6.128395153951052,,-25.78800874746407,-25.78800874746407,4.861964009184616,8.109612680443592,4.65,3.459612680443591,86.49031701108979,18.808564764784148,-3.3513668116102884,US,-5.389092003989024,-50.764171555440704,-24.832348673016234,49.813026034879925,-29.194636196286492,4.06,4.049612680443592,5.378077777314376,6.418379070108332,7.948064789570328,18.7
2023-04-01,-22.935884383188206,7.12762266470756,-15.35763091050555,-54.41286590541671,14.475608633001503,-27.052559408060773,0.8172395561591457,5.176270430551061,,-18.144241846398415,-18.144241846398415,4.864946324252917,8.205752819712709,4.83,3.3757528197127087,84.39382049281772,15.497068126057243,-6.126243430181534,US,-10.660974721195043,-43.98474496375921,-24.826052679061593,45.03900708138649,-25.84150908581295,4.04,4.165752819712709,13.175053179592537,5.572514579368091,6.840702998025342,15.78
2023-05-01,-29.567826611313603,7.125678880306033,-21.066636816463745,-49.656933592829716,14.209611103388536,-24.090017030914918,0.7962807259381653,4.964476122296064,,-25.40100365953293,-25.40100365953293,4.853416741769601,8.278458445987736,5.06,3.2184584459877366,80.46146114969342,12.226550238433031,-10.30094823872167,US,-17.579170726885955,-62.81994118141241,-30.115045712813654,30.45876176918016,-40.65191187167384,4.4,3.878458445987736,14.344935659571838,6.031152749439916,4.905369454965558,17.94
2023-06-01,-74.7865017763429,7.124221989042606,-47.20556873385801,-55.55878988437332,0.8954910616501298,-31.04285015589032,-2.334201936084529,4.19633898365722,,-24.200913483813764,-24.200913483813764,4.833980505586832,8.045970758380248,5.08,2.965970758380248,74.1492689595062,15.394038788980781,-4.387577890473908,US,-13.609203865634631,11.54646768533598,16.61959018066122,15.383000837249464,13.390228281954311,4.87,3.175970758380248,13.790340062140933,4.8467042185463,6.553786971768476,13.59
2023-07-01,-43.8650414717888,2.892694992116622,-29.062198437653414,-35.805238722755135,-16.909799209546566,-26.66472147462814,-1.655055137437255,4.772100402002173,,-40.23432507986415,-40.23432507986415,4.442869269206207,7.452637237142644,5.12,2.3326372371426443,58.315930928566104,16.351898046042553,4.322972486766838,US,-12.708311213590518,13.755173598113164,61.441963908544416,-4.138470383743048,22.992824578442544,4.88,2.5726372371426445,-6.3608562572561365,5.721877668688478,6.348928285618699,13.63
2023-08-01,-13.453725313092974,2.940159353892687,-9.078280183077355,-12.451394986473808,-17.68257388731135,-14.13356893415861,-2.179244483574497,4.0237400170546005,,-50.77517868927022,-50.77517868927022,4.236075982487053,7.237447307063913,5.33,1.9074473070639133,47.68618267659783,15.0954129651095,6.608834652457386,US,-5.788275593221895,-5.922163190055795,34.16979114653282,-10.661344031044951,3.3899482679429864,4.85,2.3874473070639137,-14.94725646964327,5.927433078909118,3.1766673689812155,13.57
2023-09-01,28.148056394947446,2.9877128292344746,15.824275983201826,18.228735450720595,-7.2760100598552855,5.435123153062497,-1.3875525587619495,3.9550514509516934,,-67.42118779403643,-67.42118779403643,3.8300013883104223,6.4266687491323,5.33,1.0966687491322995,27.416718728307487,14.103133723878528,12.39402390458371,US,-6.050859112607246,-25.561170913281856,12.267843309664142,-1.9349440995059615,-12.559983335478972,5.03,1.3966687491322993,-24.55410401604026,5.987645134758139,2.2823890156444087,17.52
2023-10-01,18.48266880768306,7.4011273779288524,11.437490041607457,19.98024561570099,5.250726232134745,12.66111620556755,-2.803461930672383,3.4701919213053145,,-54.52535098545327,-54.52535098545327,3.738107788156597,6.2888283489015615,5.33,0.9588283489015614,23.970708722539037,12.239395730796584,9.157744128294192,US,-3.049121398766825,-22.91059017894666,-13.615410103924578,-4.301067452627358,-17.795366751243243,5.07,1.2188283489015612,-4.264751479244859,5.515438456679068,2.325792547594924,18.14
2023-11-01,-20.11062227269163,7.350216161573071,-13.716789310644833,-13.766252146088432,-2.548389241227029,-10.258515069277522,-3.895278391771668,3.768298231963061,,-46.91838061405301,-46.91838061405301,3.558948582445387,5.821756207001414,5.33,0.49175620700141387,12.293905175035347,-0.01577860312093371,-3.539025477293305,US,-11.011793485063267,-33.08987095918564,0.04819697488698608,-17.10170193755826,-22.407128622423375,4.73,1.0917562070014135,-9.077776475451369,5.920124095982311,3.2020621325576966,12.92
2023-12-01,-40.845595515036266,7.299326089438354,-24.701749375351344,-39.55610583158802,-6.687940819388545,-26.096845952947504,-0.8516350969851689,4.41434429220445,,-35.043973220671035,-35.043973220671035,3.4371781668383283,5.837433916924158,5.33,0.5074339169241577,12.685847923103942,-10.623617750852056,-18.33555251453951,US,-5.15716391898136,-71.55790810710052,-28.651102295388636,-25.11889687387281,-53.86535496918839,4.23,1.6074339169241574,-4.607981660983705,6.605010047210204,2.3163341137044124,12.45
2024-01-01,-23.209132643970403,7.427515911795493,-12.74026900818855,-37.601972899498456,-6.758873737355555,-26.83635292659351,-2.7684276536088883,4.560059431481784,,-43.9456018317019,-43.9456018317019,3.225199490262831,5.417799235394247,5.33,0.08779923539424672,2.194980884856168,-10.307201402038729,-12.500541711766171,US,0.28433276569746957,-69.2676686589645,0.33062574964532154,-17.077844686988115,-44.039621461015585,4.27,1.1477992353942472,-17.236338350370325,7.159607821756375,2.7182355458771714,14.35
2024-02-01,9.882100109669121,7.178112831637912,2.944155063274591,-20.729299540208952,-4.297643517481151,-14.840643811474521,-0.6064109000995267,3.5022277399175192,,-40.628831856407466,-40.628831856407466,3.224460247838845,5.5116903717582675,5.33,0.1816903717582674,4.542259293956685,-1.4288957658536474,-0.622759353128547,US,-16.247287709090273,-27.805406050367647,-7.705187832647326,-2.355624603614796,-18.962884278924637,4.64,0.8716903717582678,-8.857688053192426,5.433064457474254,1.3334028017915829,13.4
2024-03-01,11.312331987181382,6.92906603158763,5.118277089927327,0.48319803205605916,-4.784409026523476,-1.8727898151730475,-3.719822931044044,3.4597959925962884,,-41.52622145182079,-41.52622145182079,3.178442605559084,5.244330575005293,5.33,-0.0856694249947072,-2.14173562486768,4.444242447131477,8.885423869573282,US,-10.83392802847859,-3.5184186261509156,40.95740381739769,4.913161884933863,8.865274061398953,4.59,0.654330575005293,-6.4440425185054275,6.109521333188113,1.4082265293601093,13.01
2024-04-01,4.679100620630576,-0.005393948532341279,-0.1749191415357463,3.573040385554023,-1.2118771357552416,2.0241857834479697,-3.5492570743503453,3.9471696948712665,,-34.766362744947884,-34.766362744947884,3.1455260154698017,5.196622356538036,5.33,-0.133377643461964,-3.3344410865491003,7.167674192160967,12.143907736418837,US,-11.926281686536964,25.49374247822921,47.863120822855755,0.15963305983016512,27.285970651625988,5.04,0.15662235653803602,1.2222055736957762,6.576395444978719,2.134883956146347,15.65
2024-05-01,-13.949992072286257,-0.062199471406933896,-9.447336070985983,7.763888715976272,-5.617879068079115,2.1519569830442227,-5.755218684613729,3.921025452712441,,-41.10019180946978,-41.10019180946978,3.017586436450337,5.008046321342171,5.33,-0.3219536786578292,-8.04884196644573,0.7821182689567365,3.7106194551927194,US,-4.272043627612751,-8.014537039331342,31.398784395122988,-8.430370982657854,1.7764182277832632,4.89,0.11804632134217119,-7.34604319681174,7.208355055232698,1.8371808890595296,12.92
2024-06-01,-26.099272119753337,-0.11897600228867947,-16.839907524711272,-0.4159296728937863,-12.140948580790266,-6.0889628791291095,-1.7579251283601203,4.02080104130319,,-47.87025330041629,-47.87025330041629,2.809484213974356,4.700892987628201,5.33,-0.629107012371799,-15.727675309294975,-7.15024708610609,-4.431105942011135,US,-4.649991410063883,-24.457974997146735,-10.704467935019371,-9.999772516566988,-18.85086785952793,4.71,-0.009107012371798895,-18.69445286796848,6.844466357915027,0.7112399832327669,12.44
2024-07-01,-21.30029453794778,7.891488665538721,-12.347748044679316,0.6010674997229095,-23.87667638763342,-9.326122644229981,-3.9260283043263557,2.8705577430555977,,-48.91386020889432,-48.91386020889432,2.7792207792207924,4.463831168831188,5.33,-0.866168831168812,-21.654220779220303,-16.127535400340463,-14.565323084061081,US,-3.0051784869658205,-74.20411051117446,-50.95900939665765,-6.903996208306432,-58.297818087115054,4.29,0.173831168831188,-24.78396031436915,6.071562761997251,-0.7339026739751976,16.36
2024-08-01,-7.662443984174715,7.756097353666407,-5.388363996530037,-17.18993088315805,-20.74593769453642,-18.135530810185443,-5.586322539936544,2.337879177084712,,-41.256497256556656,-41.256497256556656,2.8088524452997587,4.416612001282971,5.33,-0.9133879987170292,-22.83469996792573,-19.539298991439907,-17.351872044293035,US,-7.817248836300681,-85.87502114167039,-51.928241812447894,-9.18740589974982,-65.88518402307668,3.91,0.5066120012829707,-17.567252377710087,5.688242488776061,-0.9484717407617719,15.0
2024-09-01,13.400255992698401,7.620914480537038,6.898088273657879,-25.10585451837754,-17.813407314505923,-20.567549590064413,-4.553247134534043,2.803724491068814,,-20.711145863752773,-20.711145863752773,2.9023415954939846,4.56684572657431,5.13,-0.56315427342569,-14.07885683564225,-17.535344239640185,-16.71458020331561,US,-9.140809976166867,-78.1495790396457,-65.9137019888578,-17.892282735431056,-66.05201533131653,3.66,0.9068457265743097,-7.004567002742713,6.442054780430602,-1.5140852280377624,16.73
2024-10-01,12.675155968773472,0.19844311002236853,4.4717179867303045,-29.539141554374886,-13.087867467391142,-22.3768711879498,-1.6926547288879914,3.136824950861798,,-9.926025412724103,-9.926025412724103,2.8395791858595754,4.582702112122696,4.83,-0.24729788787730378,-6.1824471969325945,-7.223885625630361,-4.53348868144571,US,-12.652568244148535,0.41185057215449017,-34.08696789765523,-31.44592922868385,-12.99152101542369,4.16,0.42270211212269615,-9.209462589847202,5.978306318189257,-0.7850425228742294,23.16
2024-11-01,2.921251027504787,0.2630697341506135,0.09542298778473052,-3.8446721277663407,-11.27290108110137,-6.3779917663414345,2.5164663382986974,3.976124994353562,,-2.3171153515785887,-2.3171153515785887,2.904729847657528,4.68876143815296,4.64,0.04876143815295997,1.2190359538239992,1.4807608585987755,2.5320251170503894,US,-6.787152355362935,26.609244236285917,-4.279294091934002,-33.56945418826776,9.860304890547887,4.13,0.5587614381529598,-8.353088129375251,6.525686362905877,-1.2670270965390742,13.51
2024-12-01,9.656322166745063,0.32767804422682534,4.170344248096297,3.9878876131926937,-8.799751167492301,-1.723587916169126,-2.7911203146257955,2.9709347871878142,,-11.244520803229245,-11.244520803229245,2.8740925119269845,4.552805434557143,4.48,0.07280543455714295,1.8201358639285736,8.18583699340152,12.211030302088666,US,-6.690403034339056,42.92899644697872,61.60847343430468,-32.07996630657461,36.34752128077721,4.25,0.30280543455714337,-12.775884614744445,5.874261830256617,-0.5398170550891461,17.35
2025-01-01,16.333689786414723,-0.36647192044678195,10.309806173046118,15.722729542646096,-8.208187305086993,6.506062468108603,-1.154657348476414,3.4377772742340196,,-13.930313619471349,-13.930313619471349,2.9032097701625625,4.704814655243844,4.33,0.37481465524384383,9.370366381096096,8.948065748817593,9.766169272057434,US,2.258252357057204,9.86411998080498,42.882416336343795,-25.908419673874512,12.75281312148776,4.22,0.48481465524384415,-5.8368562080487045,6.064816414964208,-0.11165588989217168,16.43
2025-02-01,9.920241542079728,-0.22980395052534042,7.0905344833685975,6.43453635725365,-7.538098672956156,-0.1310280845218177,-3.041358534579986,3.4784517948496183,,-27.024234451315376,-27.024234451315376,2.8118579879703898,4.674453648622252,4.33,0.3444536486222516,8.61134121555629,2.994720822549362,2.2070963043641294,US,4.691440602798249,-16.96083351061722,-8.531950397224552,-20.197755409496626,-15.339151017100965,3.99,0.6844536486222514,-14.048168204233125,7.010113198491425,-1.0856493762329518,19.63
2025-03-01,-14.990845670662702,-0.09305596935304786,-8.471636965685839,-4.118357337514641,-15.883569688778266,-8.608313944883502,-0.14015701436607808,2.623518683582595,,-27.17366337146807,-27.17366337146807,2.8230649008801567,4.502930684653569,4.33,0.17293068465356853,4.323267116339213,-5.462285404119379,-8.782040934576775,US,2.147315328458958,-36.50379329733662,-47.14161787335694,-16.61343629421765,-36.17969589087385,3.89,0.6129306846535685,-14.44271413453434,5.346276547506382,-2.2528947710652893,22.28
2025-04-01,-26.868528381315066,-2.8797355912406295,-16.584325802365647,-19.617392006090434,-30.57759818677928,-24.54774312644913,-1.7238737630619787,1.6857336054780947,,-40.27208110875999,-40.27208110875999,2.5635982166273275,4.11039732494099,4.33,-0.21960267505900966,-5.490066876475241,-14.35815212853257,-16.20489213478486,US,-0.12499373956206095,-50.733021217919806,-71.806074577462,-15.28827396273834,-50.684572469528135,3.6,0.5103973249409903,-34.21938917400034,4.764697443776306,-3.6580151853135687,24.7
2025-05-01,-34.08984115752255,-3.169047104013128,-21.815056957655692,-39.52780523071233,-35.79117402280485,-36.45201781443331,-4.320589297607836,-2.8994845740317987,,-27.85422254981873,-27.85422254981873,2.676438831266559,4.102991580233171,4.33,-0.22700841976682895,-5.675210494170724,-13.647629561126207,-13.657665468039871,US,-3.54318079016077,-19.151899086602782,-23.526815635265795,-19.168832048641406,-20.248168168074326,3.89,0.212991580233171,-25.25027446869798,-1.49380267131238,-5.420458306412782,18.57
2025-06-01,-23.525885645315427,-3.4593589723180878,-17.686538188721745,-26.113569278630106,-31.060126681169802,-26.42046435431241,-9.646556690728875,-4.159223415873811,,-22.04602781379679,-22.04602781379679,2.787445059882687,4.021167589824031,4.33,-0.3088324101759694,-7.720810254399235,-12.462605580553582,-12.348831180397617,US,-12.208411822739098,-21.741278533878265,-19.208237644440864,-22.046266885880346,-21.153766564319227,3.72,0.30116758982403047,-19.91527411227932,-1.151991678772887,-8.084179620002988,16.73
2025-07-01,-1.3249565798758034,-2.331922155121875,-3.1686776694849423,-24.894156605469934,-11.890744615359738,-18.166322527136316,-4.880591312307327,-2.919909592854142,,-7.2841727396647595,-7.2841727396647595,2.8255358001744613,4.163303700261693,4.33,-0.16669629973830702,-4.1674074934576755,-4.2672353538633985,-1.8786589758386836,US,-8.095661593164717,6.890717783302634,21.616620261556683,-24.370722754224246,5.882977322237116,3.94,0.2233037002616931,-1.7142827334294655,0.687859595915856,-10.402146614230226,16.72
2025-08-01,20.566790760882263,-4.731059565346758,11.326185282057168,8.890778962616846,-5.500354353270541,2.6973276235143366,-7.114118432298129,1.239607473523131,,-12.359918938292093,-12.359918938292093,2.841168044794573,3.8884187338585257,4.33,-0.4415812661414744,-11.03953165353686,-4.311990203953974,-1.4490151982999613,US,-1.2169209586807035,-31.045253693186947,2.3732045928916548,-24.32892946952361,-21.6831904881178,3.59,0.2984187338585258,-8.413674438254237,8.51269861650414,-11.203575726138533,15.36
2025-09-01,6.09744169586985,-7.609998757608372,2.9547788291251753,-11.3364414668424,-3.1630391408931438,-9.559706614724611,-6.064848669565738,-4.0031313229660554,,-11.504734162928326,-11.504734162928326,2.8513420229828945,3.8353463678076753,4.22,-0.3846536321923244,-9.616340804808111,-6.398290825624809,-3.611039565736162,US,1.751254500978085,-16.283630734767197,4.117350762043265,-20.24182274388281,-11.777114161931923,3.6,0.23534636780767526,-13.113879662639228,-0.08051473500051941,-12.18038072612353,16.28
2025-10-01,-14.557652414245545,-6.159777955404577,-9.410666759378026,0.5064505847609868,-15.223345946727527,-6.7601403536626785,-14.8933061840974,-6.548742493723767,,-11.776567226280331,-11.776567226280331,2.8170611200207363,3.627258346697771,4.09,-0.46274165330222905,-11.568541332555727,-10.52094362207456,-10.377494512537487,US,0.991565529919955,-20.69724617344118,-46.912027560571254,-12.364016801370143,-26.000957114413044,3.6,0.02725834669777072,-21.72116145224926,-1.6422910363635141,-13.31748777716419,17.44
2025-11-01,-28.905409134024783,-6.036593487725994,-19.70791637526699,-25.056063626592064,-32.82343666715997,-27.42358945115748,-14.307547442756913,-11.40485843756015,,-6.597247253082742,-6.597247253082742,2.704820055566337,3.417230083349505,3.88,-0.46276991665049483,-11.56924791626237,-14.377149178019916,-13.623280575105696,US,-5.836727486772886,3.6819378072142044,-45.14722280095204,-13.509691339745238,-11.104096716871275,3.47,-0.05276991665049513,-27.89394738941499,-8.65575562879319,-16.261091775482804,16.35
2025-12-01,-16.589430394532368,-5.873518120313743,-12.357179466648853,-5.816645549439835,-40.28398587881865,-17.681219623134965,-15.345403897736665,-7.996807881890717,,-3.076672513580979,-3.076672513580979,2.7212091395204308,3.3051470426139797,3.72,-0.41485295738602046,-10.371323934650512,-11.515626063602078,-10.977577676675232,US,-6.08997404752949,6.5224021584464165,-61.65234248514445,-18.173147952313336,-14.225616519065262,3.47,-0.16485295738602046,-27.46823882510935,-1.7994967507803175,-18.461196987048112,14.95
2026-01-01,0.5058247117350235,-17.39843098942669,-5.311374745838078,-16.36645109167301,-37.440857493802675,-22.15080056194573,-12.777707266838952,-9.622328546054932,,2.612941413177814,2.612941413177814,2.8720269247491936,3.5930403871237897,3.64,-0.04695961287621042,-1.1739903219052605,-8.040472288501908,-7.992679659493596,US,-12.020419697860357,11.062526625171683,-34.10291429099681,-23.559757167638402,-5.422176172791953,3.52,0.07304038712378969,-19.804770223275042,-3.4061248497892076,-22.64799018462226,17.44
2026-02-01,6.403201118093647,-18.29862285490009,-1.4740679511146224,-8.513620456585688,-33.68704290876362,-15.338131270338458,-13.96213443238067,-17.524464017907555,,1.3763786618255285,1.3763786618255285,2.9379900328226904,3.756985049234036,3.64,0.11698504923403608,2.924626230850902,-7.503017279005729,-8.916506811035386,US,-10.284780774943188,-5.198308655364874,-29.778788058791644,-23.093508243908527,-14.027708444503116,3.38,0.3769850492340363,-12.05465512797426,-16.449858469227465,-22.2409150860559,19.86
2026-03-01,-1.536406715472151,-19.256557704402397,-5.948637108181996,-10.760213843902427,-31.261518123410298,-16.01693775386572,-12.694002472169396,-12.730914441655703,,-3.6025492814989195,-3.6025492814989195,2.9591526535575507,3.658728980336326,3.64,0.01872898033632575,0.4682245084081438,-4.259762144825434,-3.6426666346709373,US,-8.553237692953388,14.83681650733176,2.7013941153994914,-21.255917194996446,6.389050853999462,3.79,-0.13127101966367416,-11.636199444477933,-6.841412282945937,-26.887866804250926,25.25
2026-04-01,-14.785454563156847,-3.398654156527299,-10.585449659954753,13.876987416222391,-16.14855077936423,3.8876649083530097,-11.425929071017231,-13.492356581486776,,-5.861461179142394,-5.861461179142394,3.1052227833535673,3.9478341750303505,3.64,0.3078341750303504,7.69585437575876,1.9272312436224888,-0.5721342701945812,US,-4.8175151943261945,15.876838817746657,6.353993264695985,-21.06248106246437,7.955229447452335,3.88,0.06783417503035061,-2.6759323102624557,-8.588302498494125,-26.501942886950864,16.89
2026-05-01,-24.702755643520263,-3.297542097503345,-13.98530157988893,47.263511852328996,0.21370670393910146,28.07586534974314,-9.138898135866144,2.9336190181399804,,-6.61686646679114,-6.61686646679114,3.0838724068704026,3.885808610305604,3.63,0.2558086103056043,6.395215257640108,9.464456640179197,6.026269871364141,US,5.323932483394919,29.53695716208132,-7.165333679629307,-20.69971289220151,12.825883943511238,3.98,-0.09419138969439578,-2.23778958426021,18.347745809414125,-26.81677498851429,15.32
2026-06-01,-42.2031573623778,-3.193920114958023,-20.43935595360346,47.67760608808283,10.825824802018683,32.27200918927181,-4.0611885063923525,-9.987075340642912,,-0.21495465573414088,-0.21495465573414088,3.161709771256893,3.97756465688534,3.63,0.3475646568853401,8.689116422133502,7.12682292802009,1.1571925501011002,US,21.446505924267694,22.573735497740234,-12.91047663998685,-20.311112598604186,7.2699552488568004,4.14,-0.16243534311465968,6.393262239449639,-6.249427978562815,-22.512961110185483,16.45
2026-07-01,-12.63636075309249,-16.677313488970743,-5.807831196644766,20.859933683871777,-21.559057523939725,4.068464343478025,-5.037091443651849,-8.061930189475898,,-7.6481134283038195,-7.6481134283038195,3.041234252733216,3.86851804576649,3.63,0.23851804576649016,5.962951144162254,3.5724922564921266,2.6170810314046764,US,17.102329114225352,28.215783589977505,-7.427754637448849,-19.251011362023878,12.18487979032071,4.28,-0.4114819542335102,-20.384876572400728,-4.9925168189805005,-17.243425526159278,15.99
2026-08-01,7.561294001658135,-16.126577801261273,2.9448787655902557,-28.361595234678216,-39.75380708552898,-31.00536617406849,8.543988918093536,-15.214633845041504,,-7.945546904238117,-7.945546904238117,2.983468262070388,3.8602023931055824,3.63,0.23020239310558255,5.755059827639563,-3.5018776568383623,-1.1417269555217675,US,3.3083561391382648,25.049755369387988,9.44137772623932,-18.89162336237687,14.556454148836092,4.34,-0.4797976068944174,-26.999715079195415,-20.276492713949434,-17.321346217543507,14.92
2026-09-01,14.801309367147923,-17.98401643287623,5.960352630478389,-15.06444905234222,-47.698374508809444,-25.856334475931472,7.946624033867023,6.348620957688384,,-9.920124413621615,-9.920124413621615,3.0075959761856064,3.8797272976117436,3.63,0.24972729761174373,6.243182440293593,5.973183480609174,10.883125196219089,US,-0.891322099515722,55.27061631945739,42.500150060478816,-13.020569883900468,41.83432182420907,4.89,-1.010272702388256,-32.620476115491854,11.996767027779342,-8.165731456237095,16.34
2026-10-01,-2.3308358818661548,-46.13018416421954,-7.6068939443442884,-17.150456547994036,-37.04114960745941,-24.38796270154878,21.744287755979002,8.681096543817109,,-12.28996848508707,-12.28996848508707,2.7690247360958153,3.511870437477057,3.63,-0.11812956252294304,-2.953239063073576,1.9511855024701792,6.848221484569883,US,2.844540837633343,48.9114367891705,38.96301322179968,-6.043076134608879,38.18115395876089,4.89,-1.3781295625229428,-32.24934247258338,14.504821009780269,-13.133756901791612,16.34
