date,country,CONSUMER_SENTIMENT,CORE_CPI,CORE_PCE,CPI,EURUSD,GBPUSD,GDP_GROWTH,INDUSTRIAL_PROD,INTERBANK_3M,JOBLESS_CLAIMS,LEADING_INDEX,M2,NFP,PCE,PMI_MANUFACTURING,PMI_SERVICES,POLICY_RATE,PPI,REAL_FX_INDEX,REAL_GDP,RETAIL_SALES,UNEMPLOYMENT,USDCNY,USDJPY,USD_INDEX,VIX,WAGES,YIELD_10Y,YIELD_2Y,YIELD_CURVE
2010-01-01,China,,,,0.015,,,112.2,,1.85,,102.226713968369,26.0,,,55.8,58.1,,104.3,78.87,,,,6.8268,,,,,,,
2010-02-01,China,,,,0.027000000000000027,,,112.2,,1.94,,102.128899595821,25.5,,,52.0,57.0,,105.4,80.87,,,,6.8258,,,,,,,
2010-03-01,China,,,,0.024000000000000056,,,112.2,,1.91,,101.902551101384,22.5,,,55.1,57.3,,105.9,79.7,,,,6.8258,,,,,,,
2010-04-01,China,,,,0.027999999999999973,,,110.7,,1.73,,101.580779743814,21.5,,,55.7,57.8,,106.8,79.66,,,,6.8247,,,,,,,
2010-05-01,China,,,,0.030999999999999944,,,110.7,,2.02,,101.208497147514,21.0,,,53.9,58.1,,107.1,81.68,,,,6.8305,,,,,,,
2010-06-01,China,,,,0.029000000000000057,,,110.7,,3.69,,100.85352379996,18.5,,,52.1,58.8,,106.4,82.08,,,,6.7815,,,,,,,
2010-07-01,China,,,,0.032999999999999974,,,109.9,,2.48,,100.581888207016,17.6,,,51.2,57.1,,104.8,81.18,,,,6.7735,,,,,,,
2010-08-01,China,,,,0.035,,,109.9,,2.44,,100.433252688005,19.2,,,51.7,58.0,,104.3,80.35,,,,6.8069,,,,,,,
2010-09-01,China,,,,0.03599999999999994,,,109.9,,2.56,,100.413808763968,19.0,,,53.8,57.9,,104.3,80.33,,,,6.6905,,,,,,,
2010-10-01,China,,,,0.04400000000000006,,,109.9,,2.75,,100.501769518502,19.3,,,54.7,57.4,,105.0,79.14,,,,6.6707,,,,,,,
2010-11-01,China,,,,0.05099999999999994,,,109.9,,3.38,,100.650778419469,19.5,,,55.2,58.9,,106.1,80.68,,,,6.667,,,,,,,
2010-12-01,China,,,,0.045999999999999944,,,109.9,,4.94,,100.81991408356,19.7,,,53.9,58.8,,105.9,81.71,,,,6.6,,,,,,,
2011-01-01,China,,,,0.04900000000000006,,,110.1,,4.98,,100.985531144943,17.2,,,52.9,57.2,,106.6,81.99,100490.0,,,6.6017,,,,,,,
2011-02-01,China,,,,0.04900000000000006,,,110.1,,4.84,,101.129571331149,15.7,,,52.2,57.0,,107.2,82.42,100490.0,,,6.5713,,,,,,,
2011-03-01,China,,,,0.054000000000000055,,,110.1,,4.02,,101.234456114779,16.6,,,53.4,59.2,,107.3,81.13,100490.0,,,6.5483,,,,,,,
2011-04-01,China,,,,0.05299999999999997,,,109.9,,3.94,,101.281347852285,15.3,,,52.9,58.2,,106.8,80.21,112089.8,,,6.49,,,,,,,
2011-05-01,China,,,,0.055,,,109.9,,4.24,,101.259573315108,15.1,,,52.0,58.7,,106.8,80.34,112089.8,,,6.4786,,,,,,,
2011-06-01,China,,,,0.06400000000000006,,,109.9,,5.91,,101.161313565018,15.9,,,50.9,56.6,,107.1,80.6,112089.8,,,6.4635,,,,,,,
2011-07-01,China,,,,0.065,,,109.3,,5.89,,100.994181692064,14.7,,,50.7,57.3,,107.5,80.86,117167.9,,,6.436,,,,,,,
2011-08-01,China,,,,0.06200000000000003,,,109.3,,5.19,,100.771007970767,13.6,,,50.9,57.1,,107.3,81.52,117167.9,,,6.3778,,,,,,,
2011-09-01,China,,,,0.06099999999999994,,,109.3,,5.69,,100.523879875664,13.0,,,51.2,55.8,,106.5,84.12,117167.9,,,6.378,,,,,,,
2011-10-01,China,,,,0.055,,,108.7,,5.67,,100.275207525181,12.9,,,50.4,55.5,,105.0,85.16,129175.6,,,6.3547,,,,,,,
2011-11-01,China,,,,0.04200000000000003,,,108.7,,5.73,,100.054363237165,12.7,,,49.0,55.9,,102.7,85.72,129175.6,,,6.3765,,,,,,,
2011-12-01,China,,,,0.040999999999999946,,,108.7,,5.57,,99.8830586569607,13.6,,,50.3,56.3,,101.7,87.04,129175.6,,,6.2939,,,,,,,
2012-01-01,China,,,,0.045,,,108.1,,6.8,,99.7733960367302,12.4,,,50.5,55.7,,100.7,88.27,108621.0,,,6.308,,,,,,,
2012-02-01,China,,,,0.03200000000000003,,,108.1,,5.36,,99.7061591828744,13.0,,,51.0,57.3,,100.0,87.06,108621.0,,,6.2935,,,,,,,
2012-03-01,China,,,,0.03599999999999994,,,108.1,,4.72,,99.6515894168192,13.4,,,53.1,58.0,,99.7,87.26,108621.0,,,6.2975,,,,,,,
2012-04-01,China,,,,0.03400000000000006,,,107.7,,4.37,,99.6096781836438,12.8,,,53.3,56.1,,99.3,87.13,120674.3,,,6.279,,,,,,,
2012-05-01,China,,,,0.03,,,107.7,,4.04,,99.5923771373934,13.2,,,50.4,55.2,,98.6,87.87,120674.3,,,6.3684,,,,,,,
2012-06-01,China,,,,0.02200000000000003,,,107.7,,3.7,,99.6005178045039,13.6,,,50.2,56.7,,97.9,87.74,120674.3,,,6.353,,,,,,,
2012-07-01,China,,,,0.01799999999999997,,,107.5,,3.46,,99.6327656119649,13.9,,,50.1,55.6,,97.1,87.67,126004.9,,,6.361,,,,,,,
2012-08-01,China,,,,0.02,,,107.5,,3.59,,99.6913096558127,13.5,,,49.2,56.3,,96.5,87.32,126004.9,,,6.3484,,,,,,,
2012-09-01,China,,,,0.01900000000000006,,,107.5,,4.12,,99.7818573949945,14.8,,,49.8,53.7,,96.4,86.63,126004.9,,,6.2848,,,,,,,
2012-10-01,China,,,,0.01700000000000003,,,108.1,,3.78,,99.9173159882828,14.1,,,50.2,55.5,,97.2,86.83,139684.4,,,6.2372,,,,,,,
2012-11-01,China,,,,0.02,,,108.1,,3.82,,100.096628846047,13.9,,,50.6,55.6,,97.8,88.35,139684.4,,,6.2265,,,,,,,
2012-12-01,China,,,,0.025,,,108.1,,3.97,,100.311409208338,13.8,,,50.6,56.1,,98.1,88.61,139684.4,,,6.2301,,,,,,,
2013-01-01,China,,,,0.02,,,107.9,,3.77,,100.539431203903,15.9,,,50.4,56.2,,98.4,89.85,117211.9,,,6.2186,,,,,,,
2013-02-01,China,,,,0.03200000000000003,,,107.9,,3.71,,100.736162835846,15.2,,,50.1,54.5,,98.4,91.33,117211.9,,,6.2213,,,,,,,
2013-03-01,China,,,,0.020999999999999942,,,107.9,,3.52,,100.883172698303,15.7,,,50.9,55.6,,98.1,91.61,117211.9,,,6.2108,,,,,,,
2013-04-01,China,,,,0.024000000000000056,,,107.6,,3.63,,100.980060495095,16.1,,,50.6,54.5,,97.4,92.51,129822.0,,,6.1647,,,,,,,
2013-05-01,China,,,,0.020999999999999942,,,107.6,,3.84,,101.044197938319,15.8,,,50.8,54.3,,97.1,93.3,129822.0,,,6.134,,,,,,,
2013-06-01,China,,,,0.027000000000000027,,,107.6,,6.65,,101.097666704077,14.0,,,50.1,53.9,,97.3,93.32,129822.0,,,6.1374,,,,,,,
2013-07-01,China,,,,0.027000000000000027,,,107.9,,5.09,,101.149916942293,14.5,,,50.3,54.1,,97.7,94.11,136015.8,,,6.1284,,,,,,,
2013-08-01,China,,,,0.025999999999999943,,,107.9,,5.4,,101.200647721529,14.7,,,51.0,53.9,,98.4,94.16,136015.8,,,6.1193,,,,,,,
2013-09-01,China,,,,0.030999999999999944,,,107.9,,5.58,,101.236484938506,14.2,,,51.1,55.4,,98.7,94.43,136015.8,,,6.12,,,,,,,
2013-10-01,China,,,,0.03200000000000003,,,107.7,,5.14,,101.240838397896,14.3,,,51.4,56.3,,98.5,93.41,150436.9,,,6.0943,,,,,,,
2013-11-01,China,,,,0.03,,,107.7,,6.43,,101.198430966657,14.2,,,51.4,56.0,,98.6,94.56,150436.9,,,6.0922,,,,,,,
2013-12-01,China,,,,0.025,,,107.7,,6.96,,101.10494276873,13.6,,,51.0,54.6,,98.6,95.41,150436.9,,,6.0537,,,,,,,
2014-01-01,China,,,,0.025,,,107.6,,6.76,,100.963417401878,13.2,,,50.5,53.4,,98.4,97.23,126096.9,,,6.059,,,,,,,
2014-02-01,China,,,,0.02,,,107.6,,5.14,,100.79725731289,13.3,,,50.2,55.0,,98.0,97.16,126096.9,,,6.1448,,,,,,,
2014-03-01,China,,,,0.024000000000000056,,,107.6,,4.84,,100.624497808139,12.1,,,50.3,54.5,,97.7,94.28,126096.9,,,6.2164,,,,,,,
2014-04-01,China,,,,0.01799999999999997,,,107.7,,4.64,,100.46296010662,13.2,,,50.4,54.8,,98.0,92.18,139762.7,,,6.2591,,,,,,,
2014-05-01,China,,,,0.025,,,107.7,,4.5,,100.322175160333,13.4,,,50.8,55.5,,98.6,91.67,139762.7,,,6.2471,,,,,,,
2014-06-01,China,,,,0.022999999999999972,,,107.7,,4.59,,100.205049449963,14.7,,,51.0,55.0,,98.9,91.67,139762.7,,,6.2036,,,,,,,
2014-07-01,China,,,,0.022999999999999972,,,107.3,,4.57,,100.117264540912,13.5,,,51.7,54.2,,99.1,92.19,145915.4,,,6.1737,,,,,,,
2014-08-01,China,,,,0.02,,,107.3,,4.47,,100.061888686811,12.8,,,51.1,54.4,,98.8,93.75,145915.4,,,6.143,,,,,,,
2014-09-01,China,,,,0.015999999999999945,,,107.3,,4.44,,100.028884368758,12.9,,,51.1,54.0,,98.2,96.0,145915.4,,,6.138,,,,,,,
2014-10-01,China,,,,0.015999999999999945,,,107.4,,4.26,,100.025414907164,12.6,,,50.8,53.8,,97.8,97.52,161515.0,,,6.1124,,,,,,,
2014-11-01,China,,,,0.014000000000000058,,,107.4,,4.22,,100.054357859936,12.3,,,50.3,53.9,,97.3,99.67,161515.0,,,6.1429,,,,,,,
2014-12-01,China,,,,0.015,,,107.4,,5.22,,100.115396567524,12.2,,,50.1,54.1,,96.7,100.87,161515.0,,,6.2046,,,,,,,
2015-01-01,China,,,,0.007999999999999972,,,107.1,,4.98,,100.186998815857,10.8,,,49.8,53.7,,95.7,102.57,134991.8,,,6.2495,,,,,,,
2015-02-01,China,,,,0.014000000000000058,,,107.1,,5.41,,100.260294070708,12.5,,,49.9,53.9,,95.2,104.13,134991.8,,,6.2695,,,,,,,
2015-03-01,China,,,,0.014000000000000058,,,107.1,,5.18,,100.328960913616,11.6,,,50.1,53.7,,95.4,104.98,134991.8,,,6.199,,,,,,,
2015-04-01,China,,,,0.015,,,107.1,,4.1,,100.361255723563,10.1,,,50.1,53.4,,95.4,104.37,149632.2,,,6.2018,,,,,,,
2015-05-01,China,,,,0.012000000000000028,,,107.1,,3.11,,100.305700857962,10.8,,,50.2,53.2,,95.4,103.01,149632.2,,,6.198,,,,,,,
2015-06-01,China,,,,0.014000000000000058,,,107.1,,3.35,,100.144534919325,11.8,,,50.2,53.8,,95.2,103.64,149632.2,,,6.2,,,,,,,
2015-07-01,China,,,,0.015999999999999945,,,107.0,,3.21,,99.9130709942486,13.3,,,50.0,53.9,,94.6,105.26,156060.3,,,6.2097,,,,,,,
2015-08-01,China,,,,0.02,,,107.0,,3.05,,99.6718072875044,13.3,,,49.7,53.4,,94.1,104.78,156060.3,,,6.376,,,,,,,
2015-09-01,China,,,,0.015999999999999945,,,107.0,,3.16,,99.468386467666,13.1,,,49.8,53.4,,94.1,104.72,156060.3,,,6.3556,,,,,,,
2015-10-01,China,,,,0.012999999999999972,,,106.9,,3.19,,99.3333065236684,13.5,,,49.8,53.1,,94.1,103.77,172630.8,,,6.318,,,,,,,
2015-11-01,China,,,,0.015,,,106.9,,3.06,,99.2557460117686,13.7,,,49.6,53.6,,94.1,105.4,172630.8,,,6.3883,,,,,,,
2015-12-01,China,,,,0.015999999999999945,,,106.9,,2.97,,99.2054755185897,13.3,,,49.7,54.4,,94.1,104.87,172630.8,,,6.4778,,,,,,,
2016-01-01,China,,,,0.01799999999999997,,,106.8,,3.19,,99.1774161535592,14.0,,,49.4,53.5,,94.7,104.47,165118.1,,,6.5752,,,,,,,
2016-02-01,China,,,,0.022999999999999972,,,106.8,,2.95,,99.1849551117456,13.3,,,49.0,52.7,,95.1,105.45,165118.1,,,6.5525,,,,,,,
2016-03-01,China,,,,0.022999999999999972,,,106.8,,2.77,,99.2304433963279,13.4,,,50.2,53.8,,95.7,103.66,165118.1,,,6.448,,,,,,,
2016-04-01,China,,,,0.022999999999999972,,,106.7,,2.95,,99.3046046106824,12.8,,,50.1,53.5,,96.6,101.74,183371.5,,,6.4738,,,,,,,
2016-05-01,China,,,,0.02,,,106.7,,2.89,,99.4010777368982,11.8,,,50.1,53.1,,97.2,100.94,183371.5,,,6.5798,,,,,,,
2016-06-01,China,,,,0.01900000000000006,,,106.7,,2.87,,99.5249985162702,11.8,,,50.0,53.7,,97.4,99.33,183371.5,,,6.6459,,,,,,,
2016-07-01,China,,,,0.01799999999999997,,,106.7,,2.87,,99.6766933376804,10.2,,,49.9,53.9,,98.3,98.34,192174.4,,,6.6371,,,,,,,
2016-08-01,China,,,,0.012999999999999972,,,106.7,,2.77,,99.8434967043189,11.4,,,50.4,53.5,,99.2,97.62,192174.4,,,6.6776,,,,,,,
2016-09-01,China,,,,0.01900000000000006,,,106.7,,2.81,,100.022322293398,11.5,,,50.4,53.7,,100.1,97.96,192174.4,,,6.6685,,,,,,,
2016-10-01,China,,,,0.020999999999999942,,,106.8,,2.91,,100.194182712523,11.6,,,51.2,54.0,,101.2,97.77,209433.4,,,6.7735,,,,,,,
2016-11-01,China,,,,0.022999999999999972,,,106.8,,3.35,,100.34411253838,11.4,,,51.7,54.7,,103.3,98.32,209433.4,,,6.8837,,,,,,,
2016-12-01,China,,,,0.020999999999999942,,,106.8,,4.77,,100.458311660116,11.3,,,51.4,54.5,,105.5,99.19,209433.4,,,6.943,,,,,,,
2017-01-01,China,,,,0.025,,,107.0,,4.57,,100.538480708905,11.3,,,51.3,54.6,,106.9,99.59,176649.8,,,6.8768,,,,,,,
2017-02-01,China,,,,0.007999999999999972,,,107.0,,5.51,,100.590097123808,11.1,,,51.6,54.2,,107.8,98.62,176649.8,,,6.8665,,,,,,,
2017-03-01,China,,,,0.009000000000000057,,,107.0,,4.86,,100.620604467086,10.6,,,51.8,55.1,,107.6,97.28,176649.8,,,6.8832,,,,,,,
2017-04-01,China,,,,0.012000000000000028,,,107.0,,4.4,,100.64372863001,10.5,,,51.2,54.0,,106.4,96.45,196116.2,,,6.89,,,,,,,
2017-05-01,China,,,,0.015,,,107.0,,4.86,,100.670156624868,9.6,,,51.2,54.5,,105.5,95.7,196116.2,,,6.8098,,,,,,,
2017-06-01,China,,,,0.015,,,107.0,,5.13,,100.702929281736,9.4,,,51.7,54.9,,105.5,95.96,196116.2,,,6.7793,,,,,,,
2017-07-01,China,,,,0.014000000000000058,,,106.9,,4.35,,100.730055519688,9.2,,,51.4,54.5,,105.5,96.06,205362.6,,,6.724,,,,,,,
2017-08-01,China,,,,0.01799999999999997,,,106.9,,4.48,,100.737039837365,8.9,,,51.7,53.4,,106.3,96.64,205362.6,,,6.5888,,,,,,,
2017-09-01,China,,,,0.015999999999999945,,,106.9,,4.59,,100.711400463722,9.2,,,52.4,55.4,,106.9,97.94,205362.6,,,6.6533,,,,,,,
2017-10-01,China,,,,0.01900000000000006,,,106.8,,4.7,,100.648251127118,8.8,,,51.6,54.3,,106.9,98.2,223659.8,,,6.6328,,,,,,,
2017-11-01,China,,,,0.01700000000000003,,,106.8,,4.76,,100.548102327411,9.1,,,51.8,54.8,,105.8,98.1,223659.8,,,6.609,,,,,,,
2017-12-01,China,,,,0.01799999999999997,,,106.8,,5.55,,100.416630010127,8.2,,,51.6,55.0,,104.9,98.27,223659.8,,,6.5063,,,,,,,
2018-01-01,China,,,,0.015,,,106.9,,4.85,,100.275912427741,8.6,,,51.3,55.3,,104.3,99.17,188926.3,,5.0,6.2841,,,,,,,
2018-02-01,China,,,,0.029000000000000057,,,106.9,,4.49,,100.135327613569,8.8,,,50.3,54.4,,103.7,101.54,188926.3,,5.0,6.328,,,,,,,
2018-03-01,China,,,,0.020999999999999942,,,106.9,,4.8,,99.998808612327,8.2,,,51.5,54.6,,103.1,100.03,188926.3,,5.1,6.2726,,,,,,,
2018-04-01,China,,,,0.01799999999999997,,,106.9,,4.37,,99.8553926443681,8.3,,,51.4,54.8,,103.4,100.28,209673.7,,4.9,6.3325,,,,,,,
2018-05-01,China,,,,0.01799999999999997,,,106.9,,4.54,,99.6896505814032,8.3,,,51.9,54.9,,104.1,100.91,209673.7,,4.8,6.4096,,,,,,,
2018-06-01,China,,,,0.01900000000000006,,,106.9,,4.63,,99.4902628952511,8.0,,,51.5,55.0,,104.7,100.23,209673.7,,4.8,6.6171,,,,,,,
2018-07-01,China,,,,0.020999999999999942,,,106.7,,3.93,,99.261972235771,8.5,,,51.2,54.0,,104.6,97.34,219079.5,,5.1,6.8038,,,,,,,
2018-08-01,China,,,,0.022999999999999972,,,106.7,,3.23,,99.0213318007538,8.2,,,51.3,54.2,,104.1,96.47,219079.5,,5.0,6.83,,,,,,,
2018-09-01,China,,,,0.025,,,106.7,,3.12,,98.7847244374121,8.3,,,50.8,54.9,,103.6,97.02,219079.5,,4.9,6.868,,,,,,,
2018-10-01,China,,,,0.025,,,106.5,,3.22,,98.5544645657878,8.0,,,50.2,53.9,,103.3,96.64,238292.3,,4.9,6.9737,,,,,,,
2018-11-01,China,,,,0.02200000000000003,,,106.5,,3.37,,98.3461916546689,8.0,,,50.0,53.4,,102.7,96.6,238292.3,,4.8,6.9558,,,,,,,
2018-12-01,China,,,,0.01900000000000006,,,106.5,,3.87,,98.1828913949906,8.1,,,49.4,53.8,,100.9,97.48,238292.3,,4.9,6.8755,,,,,,,
2019-01-01,China,,,,0.01700000000000003,,,106.4,,3.24,,98.0982035398001,8.4,,,49.5,54.7,,100.1,98.3,201017.6,,5.1,6.6958,,,,,,,
2019-02-01,China,,,,0.015,,,106.4,,2.91,,98.1053574723698,8.0,,,49.2,54.3,,100.1,100.27,201017.6,,5.3,6.6912,,,,,,,
2019-03-01,China,,,,0.022999999999999972,,,106.4,,3.08,,98.1861582867518,8.6,,,50.5,54.8,,100.4,100.14,201017.6,,5.2,6.7112,,,,,,,
2019-04-01,China,,,,0.025,,,106.1,,3.0,,98.3057260452741,8.5,,,50.1,54.3,,100.9,99.84,222389.6,,5.0,6.7347,,,,,,,
2019-05-01,China,,,,0.027000000000000027,,,106.1,,3.15,,98.4351381038844,8.5,,,49.4,54.3,,100.6,98.37,222389.6,,5.0,6.9027,,,,,,,
2019-06-01,China,,,,0.027000000000000027,,,106.1,,3.6,,98.5664061133447,8.5,,,49.4,54.2,,100.0,96.94,222389.6,,5.1,6.865,,,,,,,
2019-07-01,China,,,,0.027999999999999973,,,106.0,,3.16,,98.6801566200073,8.1,,,49.7,53.7,,99.7,97.57,232153.3,,5.3,6.8833,,,,,,,
2019-08-01,China,,,,0.027999999999999973,,,106.0,,3.11,,98.7670948225772,8.2,,,49.5,53.8,,99.2,96.48,232153.3,,5.2,7.1543,,,,,,,
2019-09-01,China,,,,0.03,,,106.0,,3.3,,98.8315323612566,8.4,,,49.8,53.7,,98.8,96.62,232153.3,,5.2,7.1477,,,,,,,
2019-10-01,China,,,,0.03799999999999997,,,105.9,,3.46,,98.8891305213626,8.4,,,49.3,52.8,,98.4,97.33,252346.2,,5.1,7.0379,,,,,,,
2019-11-01,China,,,,0.045,,,105.9,,3.33,,98.9676282753398,8.2,,,50.2,54.4,,98.6,98.72,252346.2,,5.1,7.0308,,,,,,,
2019-12-01,China,,,,0.045,,,105.9,,3.49,,99.0794755204077,8.7,,,50.2,53.5,,99.5,98.4,252346.2,,5.2,6.9618,,,,,,,
2020-01-01,China,,,,0.054000000000000055,,,93.2,,3.67,,95.03283716724,8.4,,,50.0,54.1,,100.1,100.32,187417.1,,5.3,6.9161,,,,,,,
2020-02-01,China,,,,0.052000000000000025,,,93.2,,2.98,,87.1035629501448,8.8,,,35.7,29.6,,99.6,101.85,187417.1,,6.2,6.9906,,,,,,,
2020-03-01,China,,,,0.04299999999999997,,,93.2,,2.55,,85.5821570241773,10.1,,,52.0,52.3,,98.5,101.37,187417.1,,5.9,7.0808,,,,,,,
2020-04-01,China,,,,0.032999999999999974,,,103.2,,2.32,,92.0096786507414,11.1,,,50.8,53.2,,96.9,101.11,229396.0,,6.0,7.0622,,,,,,,
2020-05-01,China,,,,0.024000000000000056,,,103.2,,2.13,,95.6343482939589,11.1,,,50.6,53.6,,96.3,99.36,229396.0,,5.9,7.1348,,,,,,,
2020-06-01,China,,,,0.025,,,103.2,,2.54,,98.9636718228247,11.1,,,50.9,54.4,,97.0,97.5,229396.0,,5.7,7.0651,,,,,,,
2020-07-01,China,,,,0.027000000000000027,,,104.9,,2.76,,99.9281760677317,10.7,,,51.1,54.2,,97.6,98.1,243567.3,,5.7,6.9744,,,,,,,
2020-08-01,China,,,,0.024000000000000056,,,104.9,,2.97,,100.960030817163,10.4,,,51.0,55.2,,98.0,98.05,243567.3,,5.6,6.8474,,,,,,,
2020-09-01,China,,,,0.01700000000000003,,,104.9,,2.99,,101.955037687707,10.9,,,51.5,55.9,,97.9,99.98,243567.3,,5.4,6.7896,,,,,,,
2020-10-01,China,,,,0.005,,,106.5,,3.18,,102.279541925033,10.5,,,51.4,56.2,,97.9,100.65,268766.9,,5.3,6.6919,,,,,,,
2020-11-01,China,,,,-0.005,,,106.5,,3.56,,102.496451766516,10.7,,,52.1,56.4,,98.5,100.91,268766.9,,5.2,6.576,,,,,,,
2020-12-01,China,,,,0.0020000000000000282,,,106.5,,3.33,,102.59020092365,10.1,,,51.9,55.7,,99.6,100.78,268766.9,,5.2,6.525,,,,,,,
2021-01-01,China,,,,-0.0029999999999999714,,,118.9,,3.01,,102.569725283774,9.4,,,51.3,52.4,,100.3,101.71,251564.0,,5.4,6.4282,,,,,,,
2021-02-01,China,,,,-0.0020000000000000282,,,118.9,,3.25,,102.426420145439,10.1,,,50.6,51.4,,101.7,103.21,251564.0,,5.5,6.473,,,,,,,
2021-03-01,China,,,,0.0040000000000000565,,,118.9,,3.07,,102.183436449069,9.4,,,51.9,56.3,,104.4,103.06,251564.0,,5.3,6.5518,,,,,,,
2021-04-01,China,,,,0.009000000000000057,,,108.1,,2.82,,101.867038377681,8.1,,,51.1,54.9,,106.8,101.77,273519.5,,5.1,6.4749,,,,,,,
2021-05-01,China,,,,0.012999999999999972,,,108.1,,2.84,,101.498733458408,8.3,,,51.0,55.2,,109.0,101.54,273519.5,,5.0,6.3674,,,,,,,
2021-06-01,China,,,,0.010999999999999944,,,108.1,,2.93,,101.096331265928,8.6,,,50.9,53.5,,108.8,101.54,273519.5,,5.0,6.4566,,,,,,,
2021-07-01,China,,,,0.01,,,105.5,,2.82,,100.686443330877,8.3,,,50.4,53.3,,109.0,102.48,285059.2,,5.1,6.4609,,,,,,,
2021-08-01,China,,,,0.007999999999999972,,,105.5,,2.86,,100.299151213393,8.2,,,50.1,47.5,,109.5,102.42,285059.2,,5.1,6.4604,,,,,,,
2021-09-01,China,,,,0.007000000000000029,,,105.5,,2.77,,99.9625984403326,8.3,,,49.6,53.2,,110.7,102.49,285059.2,,4.9,6.4434,,,,,,,
2021-10-01,China,,,,0.015,,,104.5,,2.72,,99.6905599236166,8.7,,,49.2,52.4,,113.5,104.25,313417.0,,4.9,6.405,,,,,,,
2021-11-01,China,,,,0.022999999999999972,,,104.5,,2.94,,99.468462908571,8.5,,,50.1,52.3,,112.9,105.47,313417.0,,5.0,6.364,,,,,,,
2021-12-01,China,,,,0.015,,,104.5,,3.08,,99.2608349197464,9.0,,,50.3,52.7,,110.3,106.26,313417.0,,5.1,6.3726,,,,,,,
2022-01-01,China,,,,0.009000000000000057,,,104.8,,3.32,,99.0272326424453,9.8,,,50.1,51.1,,109.1,105.31,263762.9,,5.3,6.361,,,,,,,
2022-02-01,China,,,,0.009000000000000057,,,104.8,,3.2,,98.7563083975706,9.2,,,50.2,51.6,,108.8,106.22,263762.9,,5.5,6.3084,,,,,,,
2022-03-01,China,,,,0.015,,,104.8,,3.17,,98.4737762520469,9.7,,,49.5,48.4,,108.3,107.3,263762.9,,5.8,6.3393,,,,,,,
2022-04-01,China,,,,0.020999999999999942,,,100.8,,2.99,,98.2150698039872,10.5,,,47.4,41.9,,108.0,106.35,275704.6,,6.1,6.608,,,,,,,
2022-05-01,China,,,,0.020999999999999942,,,100.8,,2.81,,98.0080586697658,11.1,,,49.6,47.8,,106.4,102.84,275704.6,,5.9,6.6715,,,,,,,
2022-06-01,China,,,,0.025,,,100.8,,2.76,,97.8713252803841,11.4,,,50.2,54.7,,106.1,103.13,275704.6,,5.5,6.6981,,,,,,,
2022-07-01,China,,,,0.027000000000000027,,,104.0,,2.79,,97.8103835356683,12.0,,,49.0,53.8,,104.2,105.23,296333.6,,5.4,6.7433,,,,,,,
2022-08-01,China,,,,0.025,,,104.0,,2.5,,97.8479774547887,12.2,,,49.4,52.6,,102.3,103.7,296333.6,,5.3,6.889,,,,,,,
2022-09-01,China,,,,0.027999999999999973,,,104.0,,2.36,,97.9901064861939,12.1,,,50.1,50.6,,100.9,103.34,296333.6,,5.5,7.1135,,,,,,,
2022-10-01,China,,,,0.020999999999999942,,,103.0,,2.43,,98.2328635583896,11.8,,,49.2,48.7,,98.7,101.82,322969.4,,5.5,7.3048,,,,,,,
2022-11-01,China,,,,0.015999999999999945,,,103.0,,2.68,,98.5825214402841,12.4,,,48.0,46.7,,98.7,98.6,322969.4,,5.7,7.0879,,,,,,,
2022-12-01,China,,,,0.01799999999999997,,,103.0,,2.79,,99.0307111174512,11.8,,,47.0,41.6,,99.3,98.49,322969.4,,5.5,6.8972,,,,,,,
2023-01-01,China,,,,0.020999999999999942,,,104.7,,2.9,,99.5384568258122,12.6,,,50.1,54.4,,99.2,98.78,276286.8,,5.5,6.754,,,,,,,
2023-02-01,China,,,,0.01,,,104.7,,2.94,,100.052101514556,12.9,,,52.6,56.3,,98.6,98.77,276286.8,,5.6,6.9325,,,,,,,
2023-03-01,China,,,,0.007000000000000029,,,104.7,,3.05,,100.539154728592,12.7,,,51.9,58.2,,97.5,97.65,276286.8,,5.3,6.8676,,,,,,,
2023-04-01,China,,,,0.0009999999999999432,,,106.5,,2.89,,100.9792504781,12.4,,,49.2,56.4,,96.4,95.91,293711.1,,5.2,6.911,,,,,,,
2023-05-01,China,,,,0.0020000000000000282,,,106.5,,2.98,,101.371244961342,11.6,,,48.8,54.5,,95.4,94.71,293711.1,,5.2,7.11,,,,,,,
2023-06-01,China,,,,0.0,,,106.5,,2.81,,101.718467435407,11.3,,,49.0,53.2,,94.6,92.77,293711.1,,5.2,7.2513,,,,,,,
2023-07-01,China,,,,-0.0029999999999999714,,,105.0,,2.57,,101.999385817526,10.7,,,49.3,51.5,,95.6,91.96,311288.6,,5.3,7.1426,,,,,,,
2023-08-01,China,,,,0.0009999999999999432,,,105.0,,2.63,,102.183318824827,10.6,,,49.7,51.0,,97.0,92.52,311288.6,,5.2,7.2582,,,,,,,
2023-09-01,China,,,,0.0,,,105.0,,2.64,,102.24928189482,10.3,,,50.2,51.7,,97.5,93.31,311288.6,,5.0,7.296,,,,,,,
2023-10-01,China,,,,-0.0020000000000000282,,,105.3,,2.73,,102.201105619958,10.3,,,49.5,50.6,,97.4,93.57,340242.9,,5.0,7.3166,,,,,,,
2023-11-01,China,,,,-0.005,,,105.3,,2.88,,102.053852673085,10.0,,,49.4,50.2,,97.0,92.58,340242.9,,5.0,7.136,,,,,,,
2023-12-01,China,,,,-0.0029999999999999714,,,105.3,,3.02,,101.834768074668,9.7,,,49.0,50.4,,97.3,92.73,340242.9,,5.1,7.0999,,,,,,,
2024-01-01,China,,,,-0.007999999999999972,,,105.3,,2.79,,101.575251639692,8.7,,,49.2,50.7,,97.5,92.32,290792.0,,5.2,7.1673,,,,,,,
2024-02-01,China,,,,0.007000000000000029,,,105.3,,2.69,,101.304642611174,8.7,,,49.1,51.4,,97.3,94.07,290792.0,,5.3,7.1977,,,,,,,
2024-03-01,China,,,,0.0009999999999999432,,,105.3,,2.53,,101.046747558513,8.3,,,50.8,53.0,,97.2,92.65,290792.0,,5.2,7.2203,,,,,,,
2024-04-01,China,,,,0.0029999999999999714,,,104.7,,2.49,,100.819797124852,7.2,,,50.4,51.2,,97.5,92.9,307369.0,,5.0,7.2401,,,,,,,
2024-05-01,China,,,,0.0029999999999999714,,,104.7,,2.32,,100.63490328331,7.0,,,49.5,51.1,,98.6,92.13,307369.0,,5.0,7.241,,,,,,,
2024-06-01,China,,,,0.0020000000000000282,,,104.7,,2.23,,100.501021036955,6.2,,,49.5,50.5,,99.2,92.12,307369.0,,5.0,7.2672,,,,,,,
2024-07-01,China,,,,0.005,,,104.6,,2.21,,100.437302661907,6.3,,,49.4,50.2,,99.2,92.23,325479.2,,5.2,7.2193,,,,,,,
2024-08-01,China,,,,0.005999999999999943,,,104.6,,2.04,,100.457437225249,6.3,,,49.1,50.3,,98.2,91.8,325479.2,,5.3,7.09,,,,,,,
2024-09-01,China,,,,0.0040000000000000565,,,104.6,,2.06,,100.565973696889,6.8,,,49.8,50.0,,97.2,91.67,325479.2,,5.1,7.0176,,,,,,,
2024-10-01,China,,,,0.0029999999999999714,,,105.4,,2.1,,100.737271387232,7.5,,,50.1,50.2,,97.1,92.55,358465.4,,5.0,7.1178,,,,,,,
2024-11-01,China,,,,0.0020000000000000282,,,105.4,,2.04,,100.911906246508,7.1,,,50.3,50.0,,97.5,92.16,358465.4,,5.0,7.2423,,,,,,,
2024-12-01,China,,,,0.0009999999999999432,,,105.4,,2.0,,101.048995752004,7.3,,,50.1,52.2,,97.7,92.26,358465.4,,5.1,7.2993,,,,,,,
2025-01-01,China,,,,0.005,,,105.4,,1.94,,101.122145706358,7.0,,,49.1,50.2,,97.7,92.64,306571.0,,5.2,7.2422,,,,,,,
2025-02-01,China,,,,-0.007000000000000029,,,105.4,,1.99,,101.124471683215,7.0,,,50.2,50.4,,97.8,92.22,306571.0,,5.4,7.2828,,,,,,,
2025-03-01,China,,,,-0.0009999999999999432,,,105.4,,2.14,,101.055233820965,7.0,,,50.5,50.8,,97.5,90.55,306571.0,,5.2,7.2567,,,,,,,
2025-04-01,China,,,,-0.0009999999999999432,,,105.2,,2.02,,100.925164899233,8.0,,,49.0,50.4,,97.3,87.67,323458.2,,5.1,7.2706,,,,,,,
2025-05-01,China,,,,-0.0009999999999999432,,,105.2,,1.83,,100.759650410117,7.9,,,49.5,50.3,,96.7,86.85,323458.2,,5.0,7.1991,,,,,,,
2025-06-01,China,,,,0.0009999999999999432,,,105.2,,1.79,,100.572456989298,8.3,,,49.7,50.5,,96.4,86.19,323458.2,,5.0,7.1636,,,,,,,
2025-07-01,China,,,,0.0,,,104.8,,1.78,,100.366410321161,8.8,,,49.3,50.1,,96.4,86.38,341216.5,,5.2,7.2002,,,,,,,
2025-08-01,China,,,,-0.0040000000000000565,,,104.8,,1.66,,100.146304029201,8.8,,,49.4,50.3,,97.1,86.79,341216.5,,5.3,7.1304,,,,,,,
2025-09-01,China,,,,-0.0029999999999999714,,,104.8,,1.68,,99.9135840889268,8.4,,,49.8,50.0,,97.7,87.22,341216.5,,5.2,7.119,,,,,,,
2025-10-01,China,,,,0.0020000000000000282,,,104.5,,1.69,,99.6777329571234,8.2,,,49.0,50.1,,97.9,87.97,374444.5,,5.1,7.1169,,,,,,,
2025-11-01,China,,,,0.007000000000000029,,,104.5,,1.66,,99.4599227954691,8.0,,,49.2,49.5,,97.8,88.81,374444.5,,5.1,7.0751,,,,,,,
2025-12-01,China,,,,0.007999999999999972,,,104.5,,1.69,,99.2666090473697,8.5,,,50.1,50.2,,98.1,89.43,374444.5,,5.1,6.9931,,,,,,,
2026-01-01,China,,,,0.0020000000000000282,,,105.0,,1.75,,99.1037921120223,9.0,,,49.3,49.4,,98.6,89.52,335748.7,,5.2,6.951,,,,,,,
2026-02-01,China,,,,0.012999999999999972,,,105.0,,1.71,,98.9690181926236,9.0,,,49.0,49.5,,99.1,90.74,335748.7,,5.3,6.8579,,,,,,,
2026-03-01,China,,,,0.01,,,105.0,,1.7,,98.8453300250761,8.5,,,50.4,50.1,,100.5,91.5,335748.7,,5.4,6.898,,,,,,,
2026-04-01,China,,,,0.012000000000000028,,,104.3,,1.64,,98.711638474582,8.6,,,50.3,49.4,,102.8,91.01,351222.7,,5.2,6.8273,,,,,,,
2026-05-01,China,,,,0.012000000000000028,,,104.3,,1.51,,98.5646521380634,8.6,,,50.0,50.1,,103.9,90.84,351222.7,,5.1,6.7662,,,,,,,
2026-06-01,China,,,,0.01,,,104.3,,1.51,,98.4079298460975,8.0,,,50.3,50.2,,104.1,92.23,351222.7,,5.0,6.7851,,,,,,,
2026-07-01,China,,,,0.005,,,104.3,,1.54,,98.2494109996032,7.7,,,49.2,49.0,,103.5,92.72,351222.7,,5.2,6.7509,,,,,,,
2026-08-01,China,,,,0.007999999999999972,,,104.3,,1.54,,98.1045800385387,7.7,,,49.8,49.0,,103.8,92.72,351222.7,,5.3,6.7197,,,,,,,
2026-09-01,China,,,,0.007999999999999972,,,104.3,,1.54,,98.1045800385387,7.7,,,49.8,49.0,,103.8,92.72,351222.7,,5.3,6.711,,,,,,,
2026-10-01,China,,,,0.007999999999999972,,,104.3,,1.54,,98.1045800385387,7.7,,,49.8,49.0,,103.8,92.72,351222.7,,5.3,6.711,,,,,,,
2010-01-01,Euro,,0.8,,1.0,,,,88.7,,,,,,,,,0.25,82.2,,2713767.05132308,87.7,10.2,,,,,,3.663042992534393,1.247835725828413,
2010-02-01,Euro,,0.8,,0.8,,,,88.2,,,,,,,,,0.25,82.3,,2713767.05132308,88.0,10.3,,,,,,3.487951488602823,1.0247537961082038,
2010-03-01,Euro,,1.2,,1.6,,,,90.1,,,,,,,,,0.25,82.8,,2713767.05132308,88.9,10.3,,,,,,3.462696597710875,1.052205346378655,
2010-04-01,Euro,,0.9,,1.6,,,,90.3,,,,,,,,,0.25,83.4,,2739048.39106544,87.6,10.4,,,,,,3.3965316590279984,1.0114874126529525,
2010-05-01,Euro,,0.9,,1.7,,,,92.2,,,,,,,,,0.25,83.8,,2739048.39106544,88.4,10.4,,,,,,2.9953051025877926,0.5660740246458493,
2010-06-01,Euro,,1.0,,1.5,,,,92.2,,,,,,,,,0.25,84.1,,2739048.39106544,88.4,10.3,,,,,,3.0252571441338065,0.6931339475492422,
2010-07-01,Euro,,1.0,,1.7,,,,91.8,,,,,,,,,0.25,84.3,,2750895.96927254,88.5,10.3,,,,,,3.0084905652229503,0.8718460158303822,
2010-08-01,Euro,,1.0,,1.6,,,,92.8,,,,,,,,,0.25,84.4,,2750895.96927254,88.1,10.3,,,,,,2.477798602833772,0.6238669481373098,
2010-09-01,Euro,,1.2,,1.9,,,,92.8,,,,,,,,,0.25,84.6,,2750895.96927254,88.3,10.2,,,,,,2.672248877981948,0.8993213420614998,
2010-10-01,Euro,,1.1,,1.9,,,,93.6,,,,,,,,,0.25,84.8,,2766842.63624459,88.3,10.2,,,,,,2.857753989039494,1.0622926331387073,
2010-11-01,Euro,,1.1,,1.9,,,,94.4,,,,,,,,,0.25,85.1,,2766842.63624459,88.3,10.2,,,,,,3.1078742653447176,0.9853636444557368,
2010-12-01,Euro,,1.0,,2.2,,,,95.2,,,,,,,,,0.25,85.7,,2766842.63624459,88.4,10.2,,,,,,3.3617030593052064,0.9286900958709948,
2011-01-01,Euro,,1.1,,2.3,,,,94.6,,,,,,,,,0.25,86.8,,2793530.31293172,88.1,10.1,,,,,,3.4930134843137086,1.4815746164577306,
2011-02-01,Euro,,1.0,,2.4,,,,95.6,,,,,,,,,0.25,87.4,,2793530.31293172,88.9,10.1,,,,,,3.4899100215096217,1.5279470555864516,
2011-03-01,Euro,,1.3,,2.7,,,,95.6,,,,,,,,,0.25,88.1,,2793530.31293172,87.6,10.1,,,,,,3.657760973674792,1.7909984054775985,
2011-04-01,Euro,,1.6,,2.8,,,,95.3,,,,,,,,,0.5,88.9,,2793288.51725993,88.5,10.0,,,,,,3.554150347968199,1.858867387985832,
2011-05-01,Euro,,1.5,,2.7,,,,95.9,,,,,,,,,0.5,88.8,,2793288.51725993,87.1,10.1,,,,,,3.3653766392164908,1.6715277336245942,
2011-06-01,Euro,,1.5,,2.7,,,,94.4,,,,,,,,,0.5,88.8,,2793288.51725993,87.8,10.1,,,,,,3.407358435187134,1.6536397986912832,
2011-07-01,Euro,,1.2,,2.5,,,,95.6,,,,,,,,,0.75,89.3,,2793638.29006103,87.9,10.2,,,,,,3.0573861969368465,1.3197972515383596,
2011-08-01,Euro,,1.2,,2.5,,,,95.6,,,,,,,,,0.75,89.2,,2793638.29006103,87.7,10.4,,,,,,2.7634438559681804,0.8594407727240168,
2011-09-01,Euro,,1.6,,3.0,,,,94.7,,,,,,,,,0.75,89.4,,2793638.29006103,87.5,10.4,,,,,,2.483376235288464,0.7458998687388385,
2011-10-01,Euro,,1.6,,3.0,,,,94.4,,,,,,,,,0.75,89.5,,2785292.52714666,87.8,10.6,,,,,,2.788549161763497,0.8090178255587928,
2011-11-01,Euro,,1.6,,3.0,,,,94.6,,,,,,,,,0.5,89.7,,2785292.52714666,87.3,10.7,,,,,,3.0719470274410456,0.7427330006655184,
2011-12-01,Euro,,1.6,,2.8,,,,94.0,,,,,,,,,0.25,89.5,,2785292.52714666,87.2,10.8,,,,,,2.645128365970277,0.4062171579213949,
2012-01-01,Euro,,1.5,,2.7,,,,93.4,,,,,,,,,0.25,90.1,,2778872.46653948,87.5,10.9,,,,,,2.665751627507825,0.4498906654590446,
2012-02-01,Euro,,1.5,,2.7,,,,94.1,,,,,,,,,0.25,90.6,,2778872.46653948,86.9,11.0,,,,,,2.590987566225758,0.3727058498823243,
2012-03-01,Euro,,1.6,,2.7,,,,93.9,,,,,,,,,0.25,91.1,,2778872.46653948,87.6,11.2,,,,,,2.599159047720721,0.3925908927875978,
2012-04-01,Euro,,1.6,,2.6,,,,93.2,,,,,,,,,0.25,91.3,,2768718.01983537,85.9,11.3,,,,,,2.4710951007504747,0.3185770747288687,
2012-05-01,Euro,,1.6,,2.4,,,,94.0,,,,,,,,,0.25,91.1,,2768718.01983537,86.7,11.4,,,,,,1.887070048749857,0.1688157885086862,
2012-06-01,Euro,,1.6,,2.4,,,,93.3,,,,,,,,,0.25,90.7,,2768718.01983537,87.0,11.5,,,,,,2.3157381116667404,0.2686377686610068,
2012-07-01,Euro,,1.7,,2.4,,,,93.5,,,,,,,,,0.0,91.0,,2764887.79962252,86.8,11.6,,,,,,1.8714631615426764,-0.022894358090622,
2012-08-01,Euro,,1.5,,2.6,,,,94.2,,,,,,,,,0.0,91.8,,2764887.79962252,86.7,11.6,,,,,,1.9144413984542303,0.0148515904850805,
2012-09-01,Euro,,1.5,,2.6,,,,92.4,,,,,,,,,0.0,91.9,,2764887.79962252,86.0,11.7,,,,,,1.9401481093651816,0.0713007962426099,
2012-10-01,Euro,,1.5,,2.5,,,,91.6,,,,,,,,,0.0,91.8,,2752757.4033764,85.7,11.9,,,,,,1.9495004378536132,0.085641221772831,
2012-11-01,Euro,,1.4,,2.2,,,,90.9,,,,,,,,,0.0,91.7,,2752757.4033764,85.4,12.0,,,,,,1.7951046854980277,0.0364797140971484,
2012-12-01,Euro,,1.5,,2.2,,,,91.5,,,,,,,,,0.0,91.5,,2752757.4033764,85.8,12.0,,,,,,1.722533077541371,-0.0130237684373786,
2013-01-01,Euro,,1.3,,2.0,,,,91.1,,,,,,,,,0.0,91.7,,2744281.81068276,85.6,12.2,,,,,,2.020654870829002,0.3152915375658032,
2013-02-01,Euro,,1.3,,1.9,,,,91.3,,,,,,,,,0.0,91.9,,2744281.81068276,85.5,12.2,,,,,,1.880491865980316,0.1023372457842355,
2013-03-01,Euro,,1.5,,1.7,,,,92.3,,,,,,,,,0.0,91.6,,2744281.81068276,85.5,12.2,,,,,,1.759226275777391,0.0665872863952619,
2013-04-01,Euro,,1.0,,1.2,,,,92.4,,,,,,,,,0.0,91.0,,2761997.28117847,85.5,12.2,,,,,,1.550317933457273,0.0428256217003126,
2013-05-01,Euro,,1.2,,1.4,,,,92.5,,,,,,,,,0.0,90.8,,2761997.28117847,86.3,12.2,,,,,,1.8427562019166928,0.1278335009536828,
2013-06-01,Euro,,1.2,,1.6,,,,92.7,,,,,,,,,0.0,90.8,,2761997.28117847,85.7,12.2,,,,,,2.1372549798737515,0.2995856986837757,
2013-07-01,Euro,,1.1,,1.6,,,,91.8,,,,,,,,,0.0,90.9,,2769776.49371005,86.1,12.1,,,,,,1.9549500564761644,0.1845091969484911,
2013-08-01,Euro,,1.1,,1.3,,,,92.3,,,,,,,,,0.0,90.9,,2769776.49371005,86.3,12.1,,,,,,2.1735758852227374,0.2727822960707846,
2013-09-01,Euro,,1.0,,1.1,,,,92.6,,,,,,,,,0.0,91.0,,2769776.49371005,86.1,12.1,,,,,,2.05493861415187,0.219325764165057,
2013-10-01,Euro,,0.8,,0.7,,,,92.1,,,,,,,,,0.0,90.6,,2775518.88260233,85.9,12.1,,,,,,1.95182874131826,0.148712521112095,
2013-11-01,Euro,,0.9,,0.9,,,,93.2,,,,,,,,,0.0,90.5,,2775518.88260233,86.8,12.1,,,,,,1.9865840246800035,0.1425077566575052,
2013-12-01,Euro,,0.7,,0.8,,,,93.1,,,,,,,,,0.0,90.7,,2775518.88260233,86.2,12.0,,,,,,2.24087957425051,0.2482694912188021,
2014-01-01,Euro,,0.8,,0.8,,,,92.7,,,,,,,,,0.0,90.5,,2789258.76587861,86.3,12.0,,,,,,1.8946035594776944,0.1075917425352668,
2014-02-01,Euro,,1.0,,0.7,,,,93.4,,,,,,,,,0.0,90.2,,2789258.76587861,86.4,12.0,,,,,,1.880141761770952,0.1554750532464797,
2014-03-01,Euro,,0.7,,0.5,,,,92.8,,,,,,,,,0.0,90.0,,2789258.76587861,86.8,11.9,,,,,,1.82211901094795,0.1717926110965528,
2014-04-01,Euro,,1.0,,0.7,,,,94.3,,,,,,,,,0.0,89.8,,2795328.7398966,86.8,11.8,,,,,,1.7207650749501475,0.1575993413145648,
2014-05-01,Euro,,0.7,,0.5,,,,93.6,,,,,,,,,0.0,89.8,,2795328.7398966,86.5,11.8,,,,,,1.5579182957339173,0.0638350763972521,
2014-06-01,Euro,,0.8,,0.5,,,,93.0,,,,,,,,,-0.1,89.9,,2795328.7398966,86.9,11.6,,,,,,1.4384625015574244,0.016415252528116,
2014-07-01,Euro,,0.8,,0.4,,,,93.9,,,,,,,,,-0.1,89.7,,2808622.35875593,86.3,11.7,,,,,,1.3383150598159546,0.0056386898885172,
2014-08-01,Euro,,0.9,,0.4,,,,92.1,,,,,,,,,-0.1,89.5,,2808622.35875593,87.3,11.6,,,,,,1.031518088310999,-0.0473967107675532,
2014-09-01,Euro,,0.8,,0.3,,,,93.2,,,,,,,,,-0.2,89.6,,2808622.35875593,86.9,11.6,,,,,,1.0588503966798832,-0.0965022800761432,
2014-10-01,Euro,,0.7,,0.4,,,,93.0,,,,,,,,,-0.2,89.4,,2819062.03177663,87.3,11.6,,,,,,0.9638364085329972,-0.0826690687449698,
2014-11-01,Euro,,0.7,,0.3,,,,92.8,,,,,,,,,-0.2,89.1,,2819062.03177663,87.6,11.6,,,,,,0.8015239549035273,-0.0667006797005105,
2014-12-01,Euro,,0.7,,-0.2,,,,94.0,,,,,,,,,-0.2,88.3,,2819062.03177663,88.3,11.5,,,,,,0.6486316636468334,-0.1162599667172621,
2015-01-01,Euro,,0.6,,-0.6,,,,93.4,,,,,,,,,-0.2,87.4,,2841518.34096077,88.2,11.4,,,,,,0.3936199168815342,-0.1420980107298464,
2015-02-01,Euro,,0.7,,-0.3,,,,95.7,,,,,,,,,-0.2,87.8,,2841518.34096077,88.0,11.3,,,,,,0.3691326637656524,-0.2010120048677314,
2015-03-01,Euro,,0.7,,-0.1,,,,95.9,,,,,,,,,-0.2,88.0,,2841518.34096077,88.0,11.3,,,,,,0.2639295264340712,-0.2243697700188303,
2015-04-01,Euro,,0.9,,0.2,,,,95.2,,,,,,,,,-0.2,88.0,,2852946.32972877,88.4,11.2,,,,,,0.4168462509487285,-0.2066047888869402,
2015-05-01,Euro,,1.3,,0.6,,,,95.9,,,,,,,,,-0.2,88.1,,2852946.32972877,89.0,11.2,,,,,,0.6090087894856606,-0.2268033169818473,
2015-06-01,Euro,,1.2,,0.5,,,,96.1,,,,,,,,,-0.2,88.1,,2852946.32972877,88.9,11.1,,,,,,0.9528411053191466,-0.2282906410996241,
2015-07-01,Euro,,1.4,,0.6,,,,96.7,,,,,,,,,-0.2,87.9,,2864824.98435967,89.4,10.9,,,,,,0.7286394532157718,-0.2559746368224578,
2015-08-01,Euro,,1.4,,0.4,,,,95.4,,,,,,,,,-0.2,87.1,,2864824.98435967,89.1,10.8,,,,,,0.8200572366778678,-0.218853389635659,
2015-09-01,Euro,,1.3,,0.2,,,,95.8,,,,,,,,,-0.2,86.8,,2864824.98435967,89.0,10.7,,,,,,0.7033485221551179,-0.2369035150266789,
2015-10-01,Euro,,1.4,,0.4,,,,96.1,,,,,,,,,-0.2,86.6,,2878389.428749,88.9,10.7,,,,,,0.6299876107215212,-0.3134306329592951,
2015-11-01,Euro,,0.9,,0.1,,,,95.6,,,,,,,,,-0.2,86.4,,2878389.428749,88.2,10.6,,,,,,0.5803911345864661,-0.4029375934540686,
2015-12-01,Euro,,0.9,,0.2,,,,95.5,,,,,,,,,-0.3,85.7,,2878389.428749,89.6,10.6,,,,,,0.768969803797086,-0.3462793725268485,
2016-01-01,Euro,,1.0,,0.3,,,,97.4,,,,,,,,,-0.3,84.9,,2893244.41896097,89.6,10.5,,,,,,0.4393896373825665,-0.4661021702851506,
2016-02-01,Euro,,0.9,,-0.1,,,,96.0,,,,,,,,,-0.3,84.3,,2893244.41896097,89.8,10.5,,,,,,0.218827627045008,-0.5356489751050475,
2016-03-01,Euro,,1.0,,0.0,,,,95.5,,,,,,,,,-0.4,84.5,,2893244.41896097,89.3,10.4,,,,,,0.2625919426852219,-0.4904551380587385,
2016-04-01,Euro,,0.7,,-0.3,,,,96.9,,,,,,,,,-0.4,84.2,,2898143.18830244,89.4,10.3,,,,,,0.3431946601834337,-0.5024367071229285,
2016-05-01,Euro,,0.8,,-0.1,,,,95.4,,,,,,,,,-0.4,84.7,,2898143.18830244,89.7,10.2,,,,,,0.2224078988269107,-0.5254433705933028,
2016-06-01,Euro,,0.8,,0.1,,,,96.3,,,,,,,,,-0.4,85.4,,2898143.18830244,89.6,10.2,,,,,,-0.1044256146642337,-0.6609447949233811,
2016-07-01,Euro,,0.9,,0.2,,,,96.1,,,,,,,,,-0.4,85.7,,2912016.88334977,90.2,10.0,,,,,,-0.1517966897263534,-0.6532821141232463,
2016-08-01,Euro,,0.8,,0.2,,,,96.2,,,,,,,,,-0.4,85.6,,2912016.88334977,90.3,10.0,,,,,,-0.1176940424906636,-0.6527914235767716,
2016-09-01,Euro,,0.8,,0.4,,,,96.5,,,,,,,,,-0.4,85.7,,2912016.88334977,90.1,9.9,,,,,,-0.1620515369928412,-0.7197846188872381,
2016-10-01,Euro,,0.8,,0.5,,,,97.2,,,,,,,,,-0.4,86.3,,2935448.5100221,91.4,9.9,,,,,,0.142941868196583,-0.6629803169261805,
2016-11-01,Euro,,0.8,,0.6,,,,97.6,,,,,,,,,-0.4,86.4,,2935448.5100221,90.3,9.9,,,,,,0.2743464000414652,-0.7791404456553979,
2016-12-01,Euro,,0.9,,1.1,,,,97.1,,,,,,,,,-0.4,87.1,,2935448.5100221,90.7,9.8,,,,,,0.2581256056567871,-0.8000982626405939,
2017-01-01,Euro,,0.9,,1.7,,,,97.1,,,,,,,,,-0.4,88.1,,2958252.2689724,91.0,9.7,,,,,,0.4969792614902402,-0.6920974197856666,
2017-02-01,Euro,,0.8,,2.0,,,,97.8,,,,,,,,,-0.4,88.0,,2958252.2689724,91.1,9.6,,,,,,0.2521480376521627,-0.8952173566631316,
2017-03-01,Euro,,0.7,,1.5,,,,97.6,,,,,,,,,-0.4,87.8,,2958252.2689724,91.9,9.5,,,,,,0.3814023713402656,-0.7283535794793483,
2017-04-01,Euro,,1.3,,1.9,,,,98.4,,,,,,,,,-0.4,87.8,,2978094.02952397,91.8,9.3,,,,,,0.3819920626792856,-0.7320803590402449,
2017-05-01,Euro,,0.9,,1.4,,,,98.9,,,,,,,,,-0.4,87.6,,2978094.02952397,92.2,9.3,,,,,,0.3616871225584432,-0.7359024097670401,
2017-06-01,Euro,,1.2,,1.3,,,,98.8,,,,,,,,,-0.4,87.4,,2978094.02952397,92.4,9.1,,,,,,0.5409199919834577,-0.5860358511646915,
2017-07-01,Euro,,1.2,,1.3,,,,99.8,,,,,,,,,-0.4,87.4,,3000436.66325338,92.6,9.1,,,,,,0.5771010542149364,-0.6677879301542609,
2017-08-01,Euro,,1.2,,1.5,,,,100.7,,,,,,,,,-0.4,87.7,,3000436.66325338,91.9,9.0,,,,,,0.3846542552178906,-0.7341663992199683,
2017-09-01,Euro,,1.1,,1.6,,,,100.3,,,,,,,,,-0.4,88.0,,3000436.66325338,93.4,8.9,,,,,,0.5162529460039549,-0.6999581196698683,
2017-10-01,Euro,,0.9,,1.4,,,,100.3,,,,,,,,,-0.4,88.4,,3024637.53866144,91.7,8.8,,,,,,0.4385500943816023,-0.744982685394139,
2017-11-01,Euro,,0.9,,1.5,,,,103.0,,,,,,,,,-0.4,88.9,,3024637.53866144,93.3,8.8,,,,,,0.4370419396738372,-0.7021452827025936,
2017-12-01,Euro,,0.9,,1.3,,,,102.9,,,,,,,,,-0.4,89.1,,3024637.53866144,93.4,8.7,,,,,,0.5220430870463577,-0.6352172241188692,
2018-01-01,Euro,,1.0,,1.3,,,,100.9,,,,,,,,,-0.4,89.5,,3025453.14181953,92.8,8.7,,,,,,0.7098755198716349,-0.5247320548608307,
2018-02-01,Euro,,1.0,,1.1,,,,100.0,,,,,,,,,-0.4,89.6,,3025453.14181953,93.0,8.6,,,,,,0.7091440932355493,-0.572716156433839,
2018-03-01,Euro,,1.1,,1.4,,,,100.5,,,,,,,,,-0.4,89.6,,3025453.14181953,93.2,8.5,,,,,,0.5484389371638745,-0.609956169598294,
2018-04-01,Euro,,0.7,,1.2,,,,100.1,,,,,,,,,-0.4,89.5,,3041241.12901884,93.9,8.4,,,,,,0.6286787111497132,-0.5709839086652089,
2018-05-01,Euro,,1.2,,2.0,,,,101.4,,,,,,,,,-0.4,90.3,,3041241.12901884,94.0,8.3,,,,,,0.4024670996911501,-0.6913572167228086,
2018-06-01,Euro,,1.0,,2.0,,,,101.3,,,,,,,,,-0.4,90.7,,3041241.12901884,93.8,8.3,,,,,,0.379055687017642,-0.682019234848231,
2018-07-01,Euro,,1.1,,2.2,,,,99.9,,,,,,,,,-0.4,91.3,,3043918.58074311,93.9,8.1,,,,,,0.4553404508943632,-0.5930745643892292,
2018-08-01,Euro,,1.0,,2.1,,,,101.2,,,,,,,,,-0.4,91.7,,3043918.58074311,93.9,8.1,,,,,,0.3719089874180712,-0.6269550761316642,
2018-09-01,Euro,,1.0,,2.1,,,,100.4,,,,,,,,,-0.4,92.2,,3043918.58074311,93.9,8.0,,,,,,0.5091276886227742,-0.5451433434200164,
2018-10-01,Euro,,1.2,,2.3,,,,100.7,,,,,,,,,-0.4,92.9,,3059887.2956915,94.3,8.0,,,,,,0.4342568662405739,-0.6299003250758028,
2018-11-01,Euro,,0.9,,1.9,,,,99.3,,,,,,,,,-0.4,92.7,,3059887.2956915,94.5,7.9,,,,,,0.369032434490065,-0.6361893579852991,
2018-12-01,Euro,,0.9,,1.5,,,,99.5,,,,,,,,,-0.4,92.0,,3059887.2956915,94.3,7.9,,,,,,0.316223018423702,-0.6582477614142714,
2019-01-01,Euro,,1.1,,1.4,,,,100.5,,,,,,,,,-0.4,92.2,,3082307.14146633,95.3,7.9,,,,,,0.1876074798881903,-0.5821824089825123,
2019-02-01,Euro,,1.0,,1.5,,,,99.9,,,,,,,,,-0.4,92.2,,3082307.14146633,95.6,7.8,,,,,,0.2281325209626938,-0.5375636107662469,
2019-03-01,Euro,,0.8,,1.4,,,,100.0,,,,,,,,,-0.4,92.1,,3082307.14146633,95.2,7.7,,,,,,-0.0134294349958481,-0.6201085047184351,
2019-04-01,Euro,,1.3,,1.7,,,,99.9,,,,,,,,,-0.4,91.9,,3092660.07342542,96.0,7.8,,,,,,0.0761878544554783,-0.5937872516143656,
2019-05-01,Euro,,0.8,,1.2,,,,100.4,,,,,,,,,-0.4,91.8,,3092660.07342542,95.1,7.6,,,,,,-0.1317339566911721,-0.6869487790477953,
2019-06-01,Euro,,1.1,,1.3,,,,99.2,,,,,,,,,-0.4,91.3,,3092660.07342542,96.4,7.5,,,,,,-0.2588942841047439,-0.7454175604950399,
2019-07-01,Euro,,0.9,,1.0,,,,99.0,,,,,,,,,-0.4,91.4,,3099291.68433246,96.2,7.5,,,,,,-0.3904594031654613,-0.793812569790453,
2019-08-01,Euro,,1.0,,1.0,,,,99.5,,,,,,,,,-0.4,90.9,,3099291.68433246,96.4,7.5,,,,,,-0.6526805405710738,-0.929722253152978,
2019-09-01,Euro,,1.0,,0.8,,,,99.3,,,,,,,,,-0.5,91.0,,3099291.68433246,96.4,7.5,,,,,,-0.5210200593301089,-0.8056211899408283,
2019-10-01,Euro,,1.1,,0.7,,,,100.0,,,,,,,,,-0.5,91.1,,3095509.73874802,96.1,7.4,,,,,,-0.3645588719895603,-0.6935057375135303,
2019-11-01,Euro,,1.3,,1.0,,,,98.6,,,,,,,,,-0.5,91.3,,3095509.73874802,96.5,7.5,,,,,,-0.2973038143639779,-0.6469481468626892,
2019-12-01,Euro,,1.3,,1.3,,,,96.8,,,,,,,,,-0.5,91.3,,3095509.73874802,96.8,7.5,,,,,,-0.1416139923580766,-0.6183938631328096,
2020-01-01,Euro,,1.1,,1.4,,,,99.4,,,,,,,,,-0.5,91.5,,2996366.162073,97.5,7.5,,,,,,-0.3982077398358039,-0.6798593217539244,
2020-02-01,Euro,,1.2,,1.2,,,,98.7,,,,,,,,,-0.5,90.9,,2996366.162073,98.2,7.3,,,,,,-0.5719619376432523,-0.7861478169195122,
2020-03-01,Euro,,1.0,,0.7,,,,87.4,,,,,,,,,-0.5,89.6,,2996366.162073,86.8,7.2,,,,,,-0.4142217275658404,-0.7059234486470767,
2020-04-01,Euro,,0.9,,0.3,,,,71.2,,,,,,,,,-0.5,87.7,,2662371.48654496,77.5,7.5,,,,,,-0.4577088658789732,-0.7058396567979206,
2020-05-01,Euro,,0.9,,0.1,,,,81.2,,,,,,,,,-0.5,87.2,,2662371.48654496,92.4,7.7,,,,,,-0.3592212288998233,-0.6337230426563956,
2020-06-01,Euro,,0.8,,0.3,,,,88.8,,,,,,,,,-0.5,87.8,,2662371.48654496,97.2,8.1,,,,,,-0.4511601140782186,-0.6942297983987724,
2020-07-01,Euro,,1.2,,0.4,,,,92.8,,,,,,,,,-0.5,88.5,,2969540.64072083,96.9,8.5,,,,,,-0.4934549928365368,-0.7097444067189911,
2020-08-01,Euro,,0.4,,-0.2,,,,93.6,,,,,,,,,-0.5,88.6,,2969540.64072083,100.4,8.6,,,,,,-0.370767370836389,-0.6632123237944327,
2020-09-01,Euro,,0.2,,-0.3,,,,94.1,,,,,,,,,-0.5,88.9,,2969540.64072083,98.9,8.6,,,,,,-0.4953658691276756,-0.6921246168744761,
2020-10-01,Euro,,0.2,,-0.3,,,,96.8,,,,,,,,,-0.5,89.2,,2978873.52878801,100.3,8.4,,,,,,-0.6034864733654897,-0.8008034978971357,
2020-11-01,Euro,,0.3,,-0.3,,,,99.4,,,,,,,,,-0.5,89.5,,2978873.52878801,93.8,8.2,,,,,,-0.5496842544259004,-0.7521799828321072,
2020-12-01,Euro,,0.2,,-0.3,,,,98.6,,,,,,,,,-0.5,90.3,,2978873.52878801,98.1,8.2,,,,,,-0.5700079921508663,-0.7668552891848657,
2021-01-01,Euro,,1.4,,0.9,,,,100.2,,,,,,,,,-0.5,92.3,,3003980.08759539,92.6,8.3,,,,,,-0.5122549639975529,-0.7531842013786023,
2021-02-01,Euro,,1.1,,0.9,,,,98.8,,,,,,,,,-0.5,92.8,,3003980.08759539,96.3,8.3,,,,,,-0.245739451145833,-0.6666728489905649,
2021-03-01,Euro,,0.9,,1.3,,,,100.0,,,,,,,,,-0.5,93.9,,3003980.08759539,99.0,8.2,,,,,,-0.2786500209590494,-0.7218383025045352,
2021-04-01,Euro,,0.7,,1.6,,,,100.8,,,,,,,,,-0.5,94.8,,3068811.87962135,96.4,8.3,,,,,,-0.1799941287779782,-0.7046917694532093,
2021-05-01,Euro,,0.9,,2.0,,,,99.5,,,,,,,,,-0.5,95.9,,3068811.87962135,100.8,8.1,,,,,,-0.1464150531334933,-0.6935810688240931,
2021-06-01,Euro,,0.9,,1.9,,,,99.9,,,,,,,,,-0.5,97.2,,3068811.87962135,102.9,7.9,,,,,,-0.2031675387389504,-0.6975142228883702,
2021-07-01,Euro,,0.7,,2.2,,,,101.3,,,,,,,,,-0.5,99.5,,3124570.17864159,101.2,7.7,,,,,,-0.4398795835232656,-0.803462493440618,
2021-08-01,Euro,,1.5,,3.0,,,,99.0,,,,,,,,,-0.5,100.4,,3124570.17864159,101.9,7.6,,,,,,-0.3929337298819684,-0.7652988842901691,
2021-09-01,Euro,,1.9,,3.4,,,,99.1,,,,,,,,,-0.5,102.8,,3124570.17864159,101.5,7.4,,,,,,-0.1701871538638641,-0.7205593344489154,
2021-10-01,Euro,,2.1,,4.1,,,,99.3,,,,,,,,,-0.5,108.0,,3147599.31940351,102.8,7.3,,,,,,-0.0692417043067128,-0.6204530610444323,
2021-11-01,Euro,,2.6,,4.9,,,,100.0,,,,,,,,,-0.5,109.9,,3147599.31940351,102.7,7.2,,,,,,-0.3500497959956763,-0.815302296062935,
2021-12-01,Euro,,2.6,,5.0,,,,102.0,,,,,,,,,-0.5,112.6,,3147599.31940351,102.0,7.1,,,,,,-0.1884997053069739,-0.6791412595704998,
2022-01-01,Euro,,2.3,,5.1,,,,101.3,,,,,,,,,-0.5,119.3,,3170556.92922838,101.9,7.0,,,,,,0.027558640324989,-0.5723570248265979,
2022-02-01,Euro,,2.7,,5.9,,,,101.9,,,,,,,,,-0.5,120.6,,3170556.92922838,102.6,6.9,,,,,,0.2151889622433027,-0.5354174156368479,
2022-03-01,Euro,,3.0,,7.4,,,,100.1,,,,,,,,,-0.5,126.7,,3170556.92922838,102.3,6.9,,,,,,0.6178605132498334,-0.0860211316812611,
2022-04-01,Euro,,3.5,,7.5,,,,100.3,,,,,,,,,-0.5,128.3,,3200730.82790199,102.0,6.8,,,,,,0.9394447549795604,0.2135319527189509,
2022-05-01,Euro,,3.8,,8.1,,,,102.4,,,,,,,,,-0.5,129.1,,3200730.82790199,102.1,6.8,,,,,,1.2196374068344555,0.3577958329266786,
2022-06-01,Euro,,3.7,,8.6,,,,102.2,,,,,,,,,-0.5,130.9,,3200730.82790199,101.2,6.8,,,,,,1.4984395024541597,0.6429685731460477,
2022-07-01,Euro,,4.0,,8.9,,,,100.5,,,,,,,,,0.0,135.5,,3217797.8958604,101.0,6.7,,,,,,0.928512097752508,0.2543910607748882,
2022-08-01,Euro,,4.3,,9.1,,,,102.6,,,,,,,,,0.0,140.9,,3217797.8958604,101.0,6.8,,,,,,1.571382059522819,1.0755895221438925,
2022-09-01,Euro,,4.7,,9.9,,,,103.7,,,,,,,,,0.75,143.3,,3217797.8958604,102.1,6.7,,,,,,2.134773480380704,1.6662186292632288,
2022-10-01,Euro,,5.0,,10.6,,,,102.7,,,,,,,,,0.75,140.3,,3215698.20050631,100.5,6.7,,,,,,2.2391387491331125,1.9202924618193091,
2022-11-01,Euro,,5.0,,10.1,,,,102.9,,,,,,,,,1.5,139.0,,3215698.20050631,100.4,6.7,,,,,,1.9939423217948185,2.0378229449647427,
2022-12-01,Euro,,5.2,,9.2,,,,100.9,,,,,,,,,2.0,140.3,,3215698.20050631,99.9,6.8,,,,,,2.555313576346965,2.565336451215762,
2023-01-01,Euro,,5.3,,8.6,,,,102.3,,,,,,,,,2.0,136.7,,3211545.73032886,100.0,6.7,,,,,,2.321746829009651,2.5071773696943893,
2023-02-01,Euro,,5.6,,8.5,,,,103.4,,,,,,,,,2.5,135.9,,3211545.73032886,99.8,6.6,,,,,,2.7593967440187765,3.0819028976254854,
2023-03-01,Euro,,5.7,,6.9,,,,100.5,,,,,,,,,3.0,134.4,,3211545.73032886,99.0,6.6,,,,,,2.4053734039225585,2.6178698624258403,
2023-04-01,Euro,,5.6,,6.9,,,,100.7,,,,,,,,,3.0,130.2,,3218434.55335667,99.1,6.6,,,,,,2.4444445430269903,2.6848043965691053,
2023-05-01,Euro,,5.3,,6.1,,,,101.0,,,,,,,,,3.25,127.9,,3218434.55335667,99.6,6.5,,,,,,2.3837639734,2.6441031237,
2023-06-01,Euro,,5.5,,5.5,,,,101.8,,,,,,,,,3.5,127.4,,3218434.55335667,100.1,6.5,,,,,,2.5070983224,3.1194082381,
2023-07-01,Euro,,5.5,,5.3,,,,99.0,,,,,,,,,3.5,126.9,,3222771.45428201,99.9,6.6,,,,,,2.5434072241,3.0155475324,
2023-08-01,Euro,,5.3,,5.2,,,,98.6,,,,,,,,,3.75,127.8,,3222771.45428201,98.9,6.6,,,,,,2.5706069449,2.9548772685,
2023-09-01,Euro,,4.5,,4.3,,,,98.4,,,,,,,,,4.0,128.5,,3222771.45428201,98.9,6.6,,,,,,2.8762763259,3.1572218833,
2023-10-01,Euro,,4.2,,2.9,,,,97.9,,,,,,,,,4.0,128.7,,3223108.73696107,99.3,6.6,,,,,,2.8226726907,2.9879266452,
2023-11-01,Euro,,3.6,,2.4,,,,98.7,,,,,,,,,4.0,128.1,,3223108.73696107,99.8,6.6,,,,,,2.5285020009,2.8061242815,
2023-12-01,Euro,,3.4,,2.9,,,,98.6,,,,,,,,,4.0,127.2,,3223108.73696107,99.4,6.5,,,,,,2.0808856999,2.4363455063,
2024-01-01,Euro,,3.3,,2.8,,,,97.4,,,,,,,,,4.0,126.0,,3234141.66758827,99.5,6.6,,,,,,2.26580157,2.4737329487,
2024-02-01,Euro,,3.1,,2.6,,,,97.6,,,,,,,,,4.0,124.6,,3234141.66758827,100.0,6.6,,,,,,2.4801097363,2.9012443273,
2024-03-01,Euro,,2.9,,2.4,,,,97.1,,,,,,,,,4.0,123.9,,3234141.66758827,100.2,6.5,,,,,,2.359935488,2.7981962094,
2024-04-01,Euro,,2.7,,2.4,,,,97.6,,,,,,,,,4.0,122.8,,3240995.40994482,100.2,6.5,,,,,,2.6368704855,2.9967567161,
2024-05-01,Euro,,2.9,,2.6,,,,96.0,,,,,,,,,4.0,122.5,,3240995.40994482,100.5,6.4,,,,,,2.7015587512,3.0193484923,
2024-06-01,Euro,,2.9,,2.5,,,,97.7,,,,,,,,,3.75,123.2,,3240995.40994482,99.6,6.4,,,,,,2.5019106798,2.7993707466,
2024-07-01,Euro,,2.8,,2.6,,,,97.0,,,,,,,,,3.75,124.2,,3257252.12177242,100.4,6.4,,,,,,2.3290703135,2.5822152139,
2024-08-01,Euro,,2.8,,2.2,,,,97.5,,,,,,,,,3.75,124.8,,3257252.12177242,101.6,6.3,,,,,,2.3888297669,2.3591456102,
2024-09-01,Euro,,2.7,,1.7,,,,96.7,,,,,,,,,3.5,124.1,,3257252.12177242,102.1,6.3,,,,,,2.2367867384,2.0342844512,
2024-10-01,Euro,,2.7,,2.0,,,,96.9,,,,,,,,,3.25,124.6,,3266893.03240667,101.6,6.3,,,,,,2.520945558,2.2433129773,
2024-11-01,Euro,,2.7,,2.2,,,,96.9,,,,,,,,,3.25,126.7,,3266893.03240667,101.7,6.2,,,,,,2.1852246483,1.9120084184,
2024-12-01,Euro,,2.7,,2.4,,,,96.5,,,,,,,,,3.0,127.3,,3266893.03240667,101.7,6.3,,,,,,2.4473038368,2.0111511629,
2025-01-01,Euro,,2.7,,2.5,,,,98.1,,,,,,,,,3.0,128.3,,3285474.75596259,102.0,6.3,,,,,,2.5304298486,2.0552152666,
2025-02-01,Euro,,2.6,,2.3,,,,98.9,,,,,,,,,2.75,128.7,,3285474.75596259,102.4,6.3,,,,,,2.4692621079,1.974536006,
2025-03-01,Euro,,2.4,,2.2,,,,101.5,,,,,,,,,2.5,126.5,,3285474.75596259,102.4,6.4,,,,,,2.7817290051,1.9946853961,
2025-04-01,Euro,,2.7,,2.2,,,,98.0,,,,,,,,,2.25,123.7,,3285054.85385843,103.3,6.3,,,,,,2.5575500372,1.6995058817,
2025-05-01,Euro,,2.3,,1.9,,,,98.9,,,,,,,,,2.25,122.9,,3285054.85385843,102.7,6.4,,,,,,2.6100622245,1.780577865,
2025-06-01,Euro,,2.3,,2.0,,,,98.6,,,,,,,,,2.0,124.0,,3285054.85385843,103.5,6.3,,,,,,2.6791846244,1.8448999837,
2025-07-01,Euro,,2.3,,2.0,,,,98.5,,,,,,,,,2.0,124.6,,3295317.45435817,103.4,6.3,,,,,,2.7630604692,1.9362248244,
2025-08-01,Euro,,2.3,,2.0,,,,98.3,,,,,,,,,2.0,124.1,,3295317.45435817,103.4,6.3,,,,,,2.7854844577,1.9213686405,
2025-09-01,Euro,,2.4,,2.2,,,,98.1,,,,,,,,,2.0,124.0,,3295317.45435817,103.5,6.4,,,,,,2.7786738794,1.9908238068,
2025-10-01,Euro,,2.4,,2.1,,,,98.4,,,,,,,,,2.0,124.1,,3301714.3375536,103.9,6.4,,,,,,2.721602685,1.9496455975,
2025-11-01,Euro,,2.4,,2.1,,,,98.7,,,,,,,,,2.0,125.1,,3301714.3375536,104.0,6.4,,,,,,2.7737857403,2.0086159249,
2025-12-01,Euro,,2.3,,2.0,,,,98.4,,,,,,,,,2.0,124.7,,3301714.3375536,104.0,6.4,,,,,,2.9480486243,2.108454926,
2026-01-01,Euro,,2.2,,1.7,,,,97.2,,,,,,,,,2.0,125.6,,3301538.52071802,104.2,6.4,,,,,,2.9033834533,2.0495671759,
2026-02-01,Euro,,2.4,,1.9,,,,97.6,,,,,,,,,2.0,124.8,,3301538.52071802,103.8,6.5,,,,,,2.7266574195,1.9805043076,
2026-03-01,Euro,,2.3,,2.6,,,,98.0,,,,,,,,,2.0,129.0,,3301538.52071802,104.7,6.5,,,,,,3.0729993471,2.5889838861,
2026-04-01,Euro,,2.2,,3.0,,,,98.3,,,,,,,,,2.0,129.8,,3301538.52071802,104.3,6.4,,,,,,3.0939583349,2.6058943243,
2026-05-01,Euro,,2.6,,3.2,,,,98.5,,,,,,,,,2.0,130.1,,3301538.52071802,104.6,6.4,,,,,,3.016587454,2.5006714674,
2026-06-01,Euro,,2.4,,2.8,,,,98.4,,,,,,,,,2.25,129.7,,3301538.52071802,104.8,6.5,,,,,,2.9244927445,2.4760833371,
2026-07-01,Euro,,2.5,,2.9,,,,98.3,,,,,,,,,2.25,131.8,,3301538.52071802,104.2,6.5,,,,,,3.2273140986,2.7607858384,
2026-08-01,Euro,,2.4,,3.2,,,,98.3,,,,,,,,,2.25,131.8,,3301538.52071802,104.2,6.5,,,,,,3.3395935506,2.8560179314,
2026-09-01,Euro,,2.4,,3.2,,,,98.3,,,,,,,,,2.5,131.8,,3301538.52071802,104.2,6.5,,,,,,3.5816574153,3.1591707336,
2026-10-01,Euro,,2.4,,3.2,,,,98.3,,,,,,,,,2.5,131.8,,3301538.52071802,104.2,6.5,,,,,,3.5816574153,3.1591707336,
2010-01-01,Japan,,,,96.61491,,,,,,,99.2648623020186,,,,,,0.096,,,520844.0,,5.3,,90.38,,,,1.308,,
2010-02-01,Japan,,,,96.61491,,,,,,,99.4453685373462,,,,,,0.101,,,520844.0,,5.3,,88.84,,,,1.295,,
2010-03-01,Japan,,,,96.81853,,,,,,,99.5817588193703,,,,,,0.097,,,520844.0,,5.4,,93.4,,,,1.361,,
2010-04-01,Japan,,,,96.81853,,,,,,,99.6751441444139,,,,,,0.093,,,528053.7,,5.3,,94.24,,,,1.286,,
2010-05-01,Japan,,,,96.81853,,,,,,,99.7281563713473,,,,,,0.091,,,528053.7,,5.4,,90.81,,,,1.257,,
2010-06-01,Japan,,,,96.61491,,,,,,,99.7592002557835,,,,,,0.095,,,528053.7,,5.4,,88.49,,,,1.08,,
2010-07-01,Japan,,,,96.10588,,,,,,,99.7788979906837,,,,,,0.094,,,537192.1,,5.2,,86.43,,,,1.075,,
2010-08-01,Japan,,,,96.20769,,,,,,,99.7962240261954,,,,,,0.095,,,537192.1,,5.3,,84.1,,,,1.023,,
2010-09-01,Japan,,,,96.4113,,,,,,,99.8098828574027,,,,,,0.091,,,537192.1,,5.4,,83.53,,,,0.898,,
2010-10-01,Japan,,,,96.71672,,,,,,,99.8376441629347,,,,,,0.091,,,532541.3,,5.4,,80.48,,,,0.903,,
2010-11-01,Japan,,,,96.4113,,,,,,,99.8929594230362,,,,,,0.091,,,532541.3,,5.3,,83.56,,,,1.161,,
2010-12-01,Japan,,,,96.20769,,,,,,,99.9550839892709,,,,,,0.087,,,532541.3,,5.1,,81.67,,,,1.133,,
2011-01-01,Japan,,,,96.10588,,,,,,,99.9999286268069,,,,,,0.085,,,524866.3,,5.1,,81.97,,,,1.213,,
2011-02-01,Japan,,,,96.10588,,,,,,,100.003356395615,,,,,,0.093,,,524866.3,,4.9,,81.94,,,,1.241,,
2011-03-01,Japan,,,,96.30949,,,,,,,99.9716014194527,,,,,,0.085,,,524866.3,,4.914495,,82.76,,,,1.214,,
2011-04-01,Japan,,,,96.4113,,,,,,,99.9231289188616,,,,,,0.062,,,521537.1,,4.869536,,81.31,,,,1.215,,
2011-05-01,Japan,,,,96.4113,,,,,,,99.8668601459288,,,,,,0.069,,,521537.1,,4.83469,,81.29,,,,1.118,,
2011-06-01,Japan,,,,96.30949,,,,,,,99.8258047630551,,,,,,0.069,,,521537.1,,4.947701,,80.64,,,,1.084,,
2011-07-01,Japan,,,,96.30949,,,,,,,99.7935761294215,,,,,,0.073,,,534080.6,,4.929225,,77.18,,,,1.075,,
2011-08-01,Japan,,,,96.4113,,,,,,,99.750312360366,,,,,,0.081,,,534080.6,,4.672584,,76.5,,,,1.023,,
2011-09-01,Japan,,,,96.4113,,,,,,,99.7066414139746,,,,,,0.08,,,534080.6,,4.4,,77.04,,,,0.975,,
2011-10-01,Japan,,,,96.51311,,,,,,,99.6948541318392,,,,,,0.081,,,534232.5,,4.6,,77.97,,,,1.038,,
2011-11-01,Japan,,,,95.90227,,,,,,,99.7054307007714,,,,,,0.077,,,534232.5,,4.7,,77.58,,,,1.062,,
2011-12-01,Japan,,,,96.00407,,,,,,,99.727540426724,,,,,,0.078,,,534232.5,,4.8,,76.98,,,,0.971,,
2012-01-01,Japan,,,,96.20769,,,,,,,99.7531852700468,,,,,,0.08,,,542251.3,,4.8,,76.34,,,,0.959,,
2012-02-01,Japan,,,,96.4113,,,,,,,99.7607400198326,,,,,,0.085,,,542251.3,,4.7,,81.1,,,,0.962,,
2012-03-01,Japan,,,,96.81853,,,,,,,99.7431456735704,,,,,,0.084,,,542251.3,,4.7,,82.41,,,,0.966,,
2012-04-01,Japan,,,,96.92033,,,,,,,99.6940700935568,,,,,,0.075,,,537320.2,,4.8,,79.81,,,,0.914,,
2012-05-01,Japan,,,,96.61491,,,,,,,99.6104987582154,,,,,,0.084,,,537320.2,,4.6,,78.29,,,,0.846,,
2012-06-01,Japan,,,,96.10588,,,,,,,99.5097824277765,,,,,,0.076,,,537320.2,,4.5,,79.81,,,,0.789,,
2012-07-01,Japan,,,,95.80046,,,,,,,99.409612285774,,,,,,0.084,,,535247.9,,4.6,,78.1,,,,0.78,,
2012-08-01,Japan,,,,96.00407,,,,,,,99.3187530007015,,,,,,0.086,,,535247.9,,4.4,,78.3,,,,0.8,,
2012-09-01,Japan,,,,96.10588,,,,,,,99.2466109684531,,,,,,0.085,,,535247.9,,4.5,,77.92,,,,0.757,,
2012-10-01,Japan,,,,96.10588,,,,,,,99.210215363944,,,,,,0.085,,,534934.8,,4.4,,79.94,,,,0.76,,
2012-11-01,Japan,,,,95.80046,,,,,,,99.2253777528476,,,,,,0.086,,,534934.8,,4.3,,82.54,,,,0.713,,
2012-12-01,Japan,,,,95.80046,,,,,,,99.306642744727,,,,,,0.082,,,534934.8,,4.4,,86.64,,,,0.781,,
2013-01-01,Japan,,,,95.90227,,,,,,,99.4475490301369,,,,,,0.083,,,541591.6,,4.4,,91.28,,,,0.775,,
2013-02-01,Japan,,,,95.69865,,,,,,,99.6479049732665,,,,,,0.08,,,541591.6,,4.5,,92.36,,,,0.669,,
2013-03-01,Japan,,,,95.90227,,,,,,,99.8788268495937,,,,,,0.08,,,541591.6,,4.3,,94.16,,,,0.492,,
2013-04-01,Japan,,,,96.20769,,,,,,,100.118846759946,,,,,,0.07,,,547324.5,,4.4,,97.52,,,,0.589,,
2013-05-01,Japan,,,,96.30949,,,,,,,100.34500946309,,,,,,0.07,,,547324.5,,4.4,,100.83,,,,0.879,,
2013-06-01,Japan,,,,96.30949,,,,,,,100.544332072434,,,,,,0.07,,,547324.5,,4.1,,99.21,,,,0.822,,
2013-07-01,Japan,,,,96.51311,,,,,,,100.725307347211,,,,,,0.07,,,552544.4,,4.0,,98.35,,,,0.79,,
2013-08-01,Japan,,,,96.81853,,,,,,,100.890431630778,,,,,,0.07,,,552544.4,,4.3,,98.22,,,,0.708,,
2013-09-01,Japan,,,,97.12395,,,,,,,101.041006159042,,,,,,0.07,,,552544.4,,4.1,,98.29,,,,0.669,,
2013-10-01,Japan,,,,97.22575,,,,,,,101.158689700639,,,,,,0.07,,,551765.5,,4.2,,98.1,,,,0.59,,
2013-11-01,Japan,,,,97.22575,,,,,,,101.229111110482,,,,,,0.07,,,551765.5,,4.1,,102.45,,,,0.605,,
2013-12-01,Japan,,,,97.32757,,,,,,,101.229606052114,,,,,,0.07,,,551765.5,,3.9,,105.25,,,,0.688,,
2014-01-01,Japan,,,,97.22575,,,,,,,101.147420453377,,,,,,0.07,,,557273.0,,3.8,,102.28,,,,0.614,,
2014-02-01,Japan,,,,97.22575,,,,,,,100.989824662869,,,,,,0.08,,,557273.0,,3.8,,102.08,,,,0.586,,
2014-03-01,Japan,,,,97.42937,,,,,,,100.781758185934,,,,,,0.07,,,557273.0,,3.8,,102.98,,,,0.605,,
2014-04-01,Japan,,,,99.46552,,,,,,,100.527201058053,,,,,,0.06,,,549531.3,,3.8,,102.14,,,,0.61,,
2014-05-01,Japan,,,,99.87274,,,,,,,100.287741722317,,,,,,0.07,,,549531.3,,3.7,,101.77,,,,0.566,,
2014-06-01,Japan,,,,99.77094,,,,,,,100.099403513417,,,,,,0.07,,,549531.3,,3.9,,101.28,,,,0.536,,
2014-07-01,Japan,,,,99.87274,,,,,,,99.9635492278253,,,,,,0.07,,,550594.7,,3.9,,102.75,,,,0.527,,
2014-08-01,Japan,,,,100.0764,,,,,,,99.8789778633501,,,,,,0.07,,,550594.7,,3.6,,104.0,,,,0.488,,
2014-09-01,Japan,,,,100.28,,,,,,,99.835786453596,,,,,,0.07,,,550594.7,,3.7,,109.66,,,,0.497,,
2014-10-01,Japan,,,,99.97455,,,,,,,99.8241691036827,,,,,,0.06,,,553755.6,,3.7,,112.09,,,,0.465,,
2014-11-01,Japan,,,,99.66913,,,,,,,99.845337425445,,,,,,0.06,,,553755.6,,3.6,,118.7,,,,0.42,,
2014-12-01,Japan,,,,99.66913,,,,,,,99.8852062580565,,,,,,0.07,,,553755.6,,3.5,,119.85,,,,0.33,,
2015-01-01,Japan,,,,99.56732,,,,,,,99.9452741978839,,,,,,0.07,,,562438.6,,3.7,,117.44,,,,0.275,,
2015-02-01,Japan,,,,99.36371,,,,,,,100.022954038361,,,,,,0.08,,,562438.6,,3.7,,119.72,,,,0.33,,
2015-03-01,Japan,,,,99.66913,,,,,,,100.099989526311,,,,,,0.07,,,562438.6,,3.6,,119.96,,,,0.4,,
2015-04-01,Japan,,,,100.1782,,,,,,,100.177414867904,,,,,,0.06,,,563038.3,,3.5,,119.86,,,,0.34,,
2015-05-01,Japan,,,,100.4836,,,,,,,100.236395685804,,,,,,0.07,,,563038.3,,3.5,,123.98,,,,0.39,,
2015-06-01,Japan,,,,100.1782,,,,,,,100.258696117674,,,,,,0.07,,,563038.3,,3.5,,122.1,,,,0.455,,
2015-07-01,Japan,,,,100.0764,,,,,,,100.229229561232,,,,,,0.07,,,563857.7,,3.5,,123.94,,,,0.41,,
2015-08-01,Japan,,,,100.1782,,,,,,,100.162037749703,,,,,,0.08,,,563857.7,,3.5,,121.26,,,,0.38,,
2015-09-01,Japan,,,,100.28,,,,,,,100.063485948324,,,,,,0.07,,,563857.7,,3.5,,119.81,,,,0.35,,
2015-10-01,Japan,,,,100.28,,,,,,,99.9499549968323,,,,,,0.08,,,562732.1,,3.4,,120.7,,,,0.3,,
2015-11-01,Japan,,,,99.87274,,,,,,,99.835842155548,,,,,,0.08,,,562732.1,,3.4,,123.22,,,,0.3,,
2015-12-01,Japan,,,,99.87274,,,,,,,99.7321238505861,,,,,,0.07,,,562732.1,,3.5,,120.27,,,,0.27,,
2016-01-01,Japan,,,,99.46552,,,,,,,99.6534963174553,,,,,,0.07,,,567461.8,,3.4,,121.05,,,,0.095,,
2016-02-01,Japan,,,,99.56732,,,,,,,99.5981978880882,,,,,,0.03,,,567461.8,,3.4,,112.9,,,,-0.065,,
2016-03-01,Japan,,,,99.66913,,,,,,,99.5556009317374,,,,,,-0.003,,,567461.8,,3.4,,112.42,,,,-0.05,,
2016-04-01,Japan,,,,99.87274,,,,,,,99.5265284914095,,,,,,-0.036,,,565691.4,,3.4,,106.9,,,,-0.085,,
2016-05-01,Japan,,,,99.97455,,,,,,,99.5089458503555,,,,,,-0.059,,,565691.4,,3.3,,110.75,,,,-0.12,,
2016-06-01,Japan,,,,99.87274,,,,,,,99.5117278558194,,,,,,-0.055,,,565691.4,,3.3,,102.77,,,,-0.23,,
2016-07-01,Japan,,,,99.66913,,,,,,,99.5402767802526,,,,,,-0.043,,,566980.8,,3.2,,102.32,,,,-0.195,,
2016-08-01,Japan,,,,99.66913,,,,,,,99.5908373444226,,,,,,-0.043,,,566980.8,,3.3,,103.38,,,,-0.07,,
2016-09-01,Japan,,,,99.77094,,,,,,,99.6689472000422,,,,,,-0.052,,,566980.8,,3.1,,101.21,,,,-0.085,,
2016-10-01,Japan,,,,100.3818,,,,,,,99.7724290940135,,,,,,-0.037,,,567027.9,,3.1,,105.07,,,,-0.05,,
2016-11-01,Japan,,,,100.3818,,,,,,,99.8825392367452,,,,,,-0.049,,,567027.9,,3.2,,114.34,,,,0.02,,
2016-12-01,Japan,,,,100.1782,,,,,,,99.9892753195795,,,,,,-0.044,,,567027.9,,3.2,,116.78,,,,0.04,,
2017-01-01,Japan,,,,99.97455,,,,,,,100.079418007656,,,,,,-0.045,,,571064.1,,3.1,,112.72,,,,0.085,,
2017-02-01,Japan,,,,99.87274,,,,,,,100.150575213943,,,,,,-0.038,,,571064.1,,3.1,,112.06,,,,0.05,,
2017-03-01,Japan,,,,99.87274,,,,,,,100.226843155283,,,,,,-0.042,,,571064.1,,2.9,,111.41,,,,0.065,,
2017-04-01,Japan,,,,100.28,,,,,,,100.298297931619,,,,,,-0.054,,,572963.0,,3.0,,111.44,,,,0.015,,
2017-05-01,Japan,,,,100.3818,,,,,,,100.3534226482,,,,,,-0.053,,,572963.0,,3.2,,110.71,,,,0.04,,
2017-06-01,Japan,,,,100.28,,,,,,,100.392044407995,,,,,,-0.056,,,572963.0,,2.9,,112.4,,,,0.075,,
2017-07-01,Japan,,,,100.0764,,,,,,,100.412466189217,,,,,,-0.054,,,579559.5,,3.0,,110.38,,,,0.075,,
2017-08-01,Japan,,,,100.28,,,,,,,100.42026163533,,,,,,-0.049,,,579559.5,,2.9,,110.06,,,,0.01,,
2017-09-01,Japan,,,,100.5854,,,,,,,100.425152957987,,,,,,-0.058,,,579559.5,,3.0,,112.64,,,,0.06,,
2017-10-01,Japan,,,,100.5854,,,,,,,100.432034011513,,,,,,-0.037,,,580438.6,,2.9,,113.63,,,,0.065,,
2017-11-01,Japan,,,,100.8908,,,,,,,100.440476517827,,,,,,-0.048,,,580438.6,,2.8,,112.3,,,,0.035,,
2017-12-01,Japan,,,,101.1962,,,,,,,100.439760437047,,,,,,-0.042,,,580438.6,,2.8,,112.69,,,,0.045,,
2018-01-01,Japan,,,,101.298,,,,,,,100.428675645468,,,,,,-0.04,,,579414.9,,2.6,,109.31,,,,0.08,,
2018-02-01,Japan,,,,101.298,,,,,,,100.424457736568,,,,,,-0.042,,,579414.9,,2.7,,106.62,,,,0.045,,
2018-03-01,Japan,,,,100.9926,,,,,,,100.411838949508,,,,,,-0.062,,,579414.9,,2.7,,106.2,,,,0.045,,
2018-04-01,Japan,,,,100.8908,,,,,,,100.408478992917,,,,,,-0.063,,,583110.4,,2.6,,109.28,,,,0.05,,
2018-05-01,Japan,,,,101.0944,,,,,,,100.408148217965,,,,,,-0.061,,,583110.4,,2.3,,108.73,,,,0.03,,
2018-06-01,Japan,,,,100.9926,,,,,,,100.398469857449,,,,,,-0.071,,,583110.4,,2.6,,110.71,,,,0.03,,
2018-07-01,Japan,,,,100.9926,,,,,,,100.385676164943,,,,,,-0.07,,,580388.3,,2.7,,111.88,,,,0.06,,
2018-08-01,Japan,,,,101.6035,,,,,,,100.373958037338,,,,,,-0.059,,,580388.3,,2.6,,110.98,,,,0.11,,
2018-09-01,Japan,,,,101.7053,,,,,,,100.360856054511,,,,,,-0.058,,,580388.3,,2.4,,113.48,,,,0.125,,
2018-10-01,Japan,,,,102.0107,,,,,,,100.332857413028,,,,,,-0.06,,,580805.2,,2.5,,112.86,,,,0.13,,
2018-11-01,Japan,,,,101.8071,,,,,,,100.28092805635,,,,,,-0.071,,,580805.2,,2.7,,113.54,,,,0.085,,
2018-12-01,Japan,,,,101.5017,,,,,,,100.205770380243,,,,,,-0.068,,,580805.2,,2.6,,109.7,,,,-0.01,,
2019-01-01,Japan,,,,101.5017,,,,,,,100.123297501202,,,,,,-0.064,,,581283.2,,2.6,,108.84,,,,0.0,,
2019-02-01,Japan,,,,101.5017,,,,,,,100.045882310227,,,,,,-0.055,,,581283.2,,2.5,,111.38,,,,-0.015,,
2019-03-01,Japan,,,,101.5017,,,,,,,99.9723262981757,,,,,,-0.041,,,581283.2,,2.7,,110.68,,,,-0.095,,
2019-04-01,Japan,,,,101.8071,,,,,,,99.8957523451985,,,,,,-0.067,,,583692.7,,2.6,,111.4,,,,-0.045,,
2019-05-01,Japan,,,,101.8071,,,,,,,99.8160589510584,,,,,,-0.049,,,583692.7,,2.5,,108.66,,,,-0.095,,
2019-06-01,Japan,,,,101.6035,,,,,,,99.7289455988889,,,,,,-0.062,,,583692.7,,2.4,,107.84,,,,-0.165,,
2019-07-01,Japan,,,,101.6035,,,,,,,99.6408694282147,,,,,,-0.071,,,584161.3,,2.3,,108.58,,,,-0.16,,
2019-08-01,Japan,,,,101.8071,,,,,,,99.5475008018603,,,,,,-0.045,,,584161.3,,2.3,,106.3,,,,-0.28,,
2019-09-01,Japan,,,,101.9089,,,,,,,99.4455501361646,,,,,,-0.059,,,584161.3,,2.5,,108.11,,,,-0.215,,
2019-10-01,Japan,,,,102.2143,,,,,,,99.3224685855593,,,,,,-0.021,,,567319.0,,2.5,,108.09,,,,-0.15,,
2019-11-01,Japan,,,,102.3161,,,,,,,99.1801385276241,,,,,,-0.043,,,567319.0,,2.3,,109.47,,,,-0.08,,
2019-12-01,Japan,,,,102.3161,,,,,,,99.0091952806502,,,,,,-0.038,,,567319.0,,2.4,,108.67,,,,-0.025,,
2020-01-01,Japan,,,,102.3161,,,,,,,98.7947561903096,,,,,,-0.032,,,569205.9,,2.5,,108.5,,,,-0.065,,
2020-02-01,Japan,,,,102.1125,,,,,,,98.5428412429222,,,,,,-0.016,,,569205.9,,2.5,,108.12,,,,-0.155,,
2020-03-01,Japan,,,,102.1125,,,,,,,97.9670536280137,,,,,,-0.047,,,569205.9,,2.7,,107.53,,,,0.005,,
2020-04-01,Japan,,,,102.0107,,,,,,,97.4981351234942,,,,,,-0.036,,,528202.4,,2.8,,106.94,,,,-0.04,,
2020-05-01,Japan,,,,101.9089,,,,,,,97.0689335424355,,,,,,-0.047,,,528202.4,,2.9,,107.77,,,,0.0,,
2020-06-01,Japan,,,,101.7053,,,,,,,97.2763824215486,,,,,,-0.048,,,528202.4,,2.9,,107.77,,,,0.03,,
2020-07-01,Japan,,,,101.8071,,,,,,,97.8219548069842,,,,,,-0.028,,,554765.2,,3.1,,105.78,,,,0.01,,
2020-08-01,Japan,,,,101.9089,,,,,,,98.1779849920553,,,,,,-0.035,,,554765.2,,3.1,,105.84,,,,0.045,,
2020-09-01,Japan,,,,101.7053,,,,,,,98.473892861914,,,,,,-0.054,,,554765.2,,3.1,,105.58,,,,0.015,,
2020-10-01,Japan,,,,101.6035,,,,,,,98.7422782467941,,,,,,-0.02,,,563927.1,,3.3,,104.54,,,,0.04,,
2020-11-01,Japan,,,,101.298,,,,,,,99.0210920413219,,,,,,-0.032,,,563927.1,,3.1,,104.38,,,,0.03,,
2020-12-01,Japan,,,,101.0944,,,,,,,99.2906613716457,,,,,,-0.026,,,563927.1,,3.3,,103.19,,,,0.02,,
2021-01-01,Japan,,,,101.6035,,,,,,,99.5548126960949,,,,,,-0.017,,,570638.8,,3.2,,104.64,,,,0.055,,
2021-02-01,Japan,,,,101.6035,,,,,,,99.8093851522562,,,,,,-0.016,,,570638.8,,3.1,,106.64,,,,0.15,,
2021-03-01,Japan,,,,101.7053,,,,,,,100.040357235953,,,,,,-0.017,,,570638.8,,2.8,,110.61,,,,0.12,,
2021-04-01,Japan,,,,100.8908,,,,,,,100.234960752049,,,,,,-0.012,,,574086.9,,3.0,,109.33,,,,0.09,,
2021-05-01,Japan,,,,101.1962,,,,,,,100.375527170819,,,,,,-0.017,,,574086.9,,3.1,,109.83,,,,0.08,,
2021-06-01,Japan,,,,101.298,,,,,,,100.458636781632,,,,,,-0.029,,,574086.9,,3.0,,111.05,,,,0.05,,
2021-07-01,Japan,,,,101.298,,,,,,,100.489239691402,,,,,,-0.036,,,572992.3,,2.9,,109.7,,,,0.015,,
2021-08-01,Japan,,,,101.298,,,,,,,100.481759001551,,,,,,-0.034,,,572992.3,,2.9,,110.05,,,,0.02,,
2021-09-01,Japan,,,,101.298,,,,,,,100.461592982615,,,,,,-0.022,,,572992.3,,2.9,,111.5,,,,0.065,,
2021-10-01,Japan,,,,101.298,,,,,,,100.447431081197,,,,,,-0.027,,,579748.9,,2.8,,114.03,,,,0.095,,
2021-11-01,Japan,,,,101.298,,,,,,,100.450847701357,,,,,,-0.039,,,579748.9,,3.0,,113.22,,,,0.05,,
2021-12-01,Japan,,,,101.298,,,,,,,100.459607368007,,,,,,-0.026,,,579748.9,,2.9,,115.17,,,,0.07,,
2022-01-01,Japan,,,,101.298,,,,,,,100.460014155067,,,,,,-0.02,,,577204.4,,2.9,,115.22,,,,0.17,,
2022-02-01,Japan,,,,101.298,,,,,,,100.44136649695,,,,,,-0.018,,,577204.4,,2.9,,115.11,,,,0.18,,
2022-03-01,Japan,,,,101.298,,,,,,,100.408800734721,,,,,,-0.008,,,577204.4,,2.7,,121.44,,,,0.21,,
2022-04-01,Japan,,,,101.298,,,,,,,100.367533265501,,,,,,-0.012,,,582704.7,,2.7,,129.84,,,,0.215,,
2022-05-01,Japan,,,,101.298,,,,,,,100.318285020241,,,,,,-0.018,,,582704.7,,2.8,,128.53,,,,0.235,,
2022-06-01,Japan,,,,101.298,,,,,,,100.266083907444,,,,,,-0.038,,,582704.7,,2.8,,135.69,,,,0.225,,
2022-07-01,Japan,,,,101.298,,,,,,,100.211595136298,,,,,,-0.012,,,581145.9,,2.7,,133.25,,,,0.18,,
2022-08-01,Japan,,,,101.298,,,,,,,100.154599920524,,,,,,-0.018,,,581145.9,,2.7,,138.69,,,,0.22,,
2022-09-01,Japan,,,,101.298,,,,,,,100.090619270783,,,,,,-0.049,,,581145.9,,2.8,,144.71,,,,0.24,,
2022-10-01,Japan,,,,101.298,,,,,,,100.031625457525,,,,,,-0.05,,,584042.1,,2.7,,148.63,,,,0.245,,
2022-11-01,Japan,,,,101.298,,,,,,,99.9771739679009,,,,,,-0.067,,,584042.1,,2.7,,139.31,,,,0.25,,
2022-12-01,Japan,,,,101.298,,,,,,,99.9345133777868,,,,,,-0.07,,,584042.1,,2.7,,131.81,,,,0.41,,
2023-01-01,Japan,,,,101.298,,,,,,,99.9033345774773,,,,,,-0.02,,,589145.6,,2.6,,130.17,,,,0.49,,
2023-02-01,Japan,,,,101.298,,,,,,,99.883145730273,,,,,,-0.019,,,589145.6,,2.7,,136.09,,,,0.5,,
2023-03-01,Japan,,,,101.298,,,,,,,99.8723211506967,,,,,,-0.017,,,589145.6,,2.9,,132.75,,,,0.32,,
2023-04-01,Japan,,,,101.298,,,,,,,99.8618500909925,,,,,,-0.015,,,589531.5,,2.7,,135.99,,,,0.385,,
2023-05-01,Japan,,,,101.298,,,,,,,99.857304586414,,,,,,-0.051,,,589531.5,,2.7,,139.78,,,,0.43,,
2023-06-01,Japan,,,,101.298,,,,,,,99.8534580028838,,,,,,-0.066,,,589531.5,,2.7,,144.47,,,,0.395,,
2023-07-01,Japan,,,,101.298,,,,,,,99.8494763463233,,,,,,-0.046,,,582160.1,,2.8,,142.18,,,,0.595,,
2023-08-01,Japan,,,,101.298,,,,,,,99.8473168163217,,,,,,-0.064,,,582160.1,,2.7,,145.68,,,,0.64,,
2023-09-01,Japan,,,,101.298,,,,,,,99.8379482292466,,,,,,-0.054,,,582160.1,,2.7,,149.43,,,,0.765,,
2023-10-01,Japan,,,,101.298,,,,,,,99.8199040258016,,,,,,-0.02,,,584932.5,,2.7,,151.46,,,,0.95,,
2023-11-01,Japan,,,,101.298,,,,,,,99.7968625201599,,,,,,-0.015,,,584932.5,,2.7,,147.87,,,,0.66,,
2023-12-01,Japan,,,,101.298,,,,,,,99.7775449878766,,,,,,-0.012,,,584932.5,,2.6,,140.92,,,,0.62,,
2024-01-01,Japan,,,,101.298,,,,,,,99.7797981660177,,,,,,-0.014,,,584381.3,,2.6,,146.26,,,,0.73,,
2024-02-01,Japan,,,,101.298,,,,,,,99.8096418500005,,,,,,-0.006,,,584381.3,,2.8,,149.9,,,,0.71,,
2024-03-01,Japan,,,,101.298,,,,,,,99.8429288772159,,,,,,0.022,,,584381.3,,2.7,,151.22,,,,0.725,,
2024-04-01,Japan,,,,101.298,,,,,,,99.8729024074455,,,,,,0.077,,,583705.1,,2.7,,157.54,,,,0.87,,
2024-05-01,Japan,,,,101.298,,,,,,,99.8842564182845,,,,,,0.077,,,583705.1,,2.7,,157.19,,,,1.07,,
2024-06-01,Japan,,,,101.298,,,,,,,99.8682051951373,,,,,,0.077,,,583705.1,,2.7,,160.88,,,,1.05,,
2024-07-01,Japan,,,,101.298,,,,,,,99.825107241946,,,,,,0.078,,,588580.5,,2.8,,150.38,,,,1.045,,
2024-08-01,Japan,,,,101.298,,,,,,,99.763070390033,,,,,,0.227,,,588580.5,,2.6,,145.95,,,,0.89,,
2024-09-01,Japan,,,,101.298,,,,,,,99.7024636869645,,,,,,0.227,,,588580.5,,2.6,,143.25,,,,0.855,,
2024-10-01,Japan,,,,101.298,,,,,,,99.6439274864527,,,,,,0.227,,,590926.5,,2.6,,152.35,,,,0.935,,
2024-11-01,Japan,,,,101.298,,,,,,,99.5892999174963,,,,,,0.227,,,590926.5,,2.6,,150.41,,,,1.05,,
2024-12-01,Japan,,,,101.298,,,,,,,99.5401247361047,,,,,,0.227,,,590926.5,,2.6,,157.37,,,,1.09,,
2025-01-01,Japan,,,,101.298,,,,,,,99.4942429993055,,,,,,0.293,,,593896.1,,2.6,,154.91,,,,1.245,,
2025-02-01,Japan,,,,101.298,,,,,,,99.4480183028197,,,,,,0.478,,,593896.1,,2.6,,150.64,,,,1.37,,
2025-03-01,Japan,,,,101.298,,,,,,,99.4085427954002,,,,,,0.477,,,593896.1,,2.6,,149.9,,,,1.485,,
2025-04-01,Japan,,,,101.298,,,,,,,99.3889229312083,,,,,,0.477,,,594629.6,,2.6,,142.63,,,,1.31,,
2025-05-01,Japan,,,,101.298,,,,,,,99.4073722639509,,,,,,0.477,,,594629.6,,2.6,,144.18,,,,1.5,,
2025-06-01,Japan,,,,101.298,,,,,,,99.4596288721612,,,,,,0.477,,,594629.6,,2.5,,144.17,,,,1.42,,
2025-07-01,Japan,,,,101.298,,,,,,,99.5431141394338,,,,,,0.478,,,592407.5,,2.5,,150.6,,,,1.545,,
2025-08-01,Japan,,,,101.298,,,,,,,99.6415431202844,,,,,,0.477,,,592407.5,,2.6,,146.9,,,,1.6,,
2025-09-01,Japan,,,,101.298,,,,,,,99.7466748535236,,,,,,0.477,,,592407.5,,2.7,,147.97,,,,1.645,,
2025-10-01,Japan,,,,101.298,,,,,,,99.8424995641724,,,,,,0.477,,,593959.0,,2.7,,154.05,,,,1.655,,
2025-11-01,Japan,,,,101.298,,,,,,,99.9197751378454,,,,,,0.478,,,593959.0,,2.7,,156.17,,,,1.805,,
2025-12-01,Japan,,,,101.298,,,,,,,99.9822849418785,,,,,,0.557,,,593959.0,,2.7,,156.8,,,,2.06,,
2026-01-01,Japan,,,,101.298,,,,,,,100.03808603826,,,,,,0.728,,,596799.3,,2.9,,154.34,,,,2.24,,
2026-02-01,Japan,,,,101.298,,,,,,,100.09068470246,,,,,,0.728,,,596799.3,,2.8,,156.05,,,,2.11,,
2026-03-01,Japan,,,,101.298,,,,,,,100.132440443167,,,,,,0.728,,,596799.3,,2.8,,159.08,,,,2.345,,
2026-04-01,Japan,,,,101.298,,,,,,,100.175206282133,,,,,,0.727,,,598950.5,,2.7,,156.66,,,,2.515,,
2026-05-01,Japan,,,,101.298,,,,,,,100.221956805688,,,,,,0.727,,,598950.5,,2.6,,159.23,,,,2.65,,
2026-06-01,Japan,,,,101.298,,,,,,,100.266901620694,,,,,,0.841,,,598950.5,,2.6,,162.61,,,,2.67,,
2026-07-01,Japan,,,,101.298,,,,,,,100.292540121774,,,,,,0.978,,,598950.5,,2.4,,159.16,,,,2.79,,
2026-08-01,Japan,,,,101.298,,,,,,,100.303368896561,,,,,,0.977,,,598950.5,,2.4,,159.74,,,,2.94,,
2026-09-01,Japan,,,,101.298,,,,,,,100.303368896561,,,,,,0.977,,,598950.5,,2.4,,157.18,,,,2.94,,
2026-10-01,Japan,,,,101.298,,,,,,,100.303368896561,,,,,,0.977,,,598950.5,,2.4,,157.18,,,,2.94,,
1948-01-01,UK,,,,,,,,27.2,,,,,,,,,,,,,,,,,,,,,,
1948-02-01,UK,,,,,,,,27.2,,,,,,,,,,,,,,,,,,,,,,
1948-03-01,UK,,,,,,,,27.2,,,,,,,,,,,,,,,,,,,,,,
1948-04-01,UK,,,,,,,,27.1,,,,,,,,,,,,,,,,,,,,,,
1948-05-01,UK,,,,,,,,27.2,,,,,,,,,,,,,,,,,,,,,,
1948-06-01,UK,,,,,,,,27.4,,,,,,,,,,,,,,,,,,,,,,
1948-07-01,UK,,,,,,,,27.7,,,,,,,,,,,,,,,,,,,,,,
1948-08-01,UK,,,,,,,,28.0,,,,,,,,,,,,,,,,,,,,,,
1948-09-01,UK,,,,,,,,28.1,,,,,,,,,,,,,,,,,,,,,,
1948-10-01,UK,,,,,,,,28.2,,,,,,,,,,,,,,,,,,,,,,
1948-11-01,UK,,,,,,,,28.2,,,,,,,,,,,,,,,,,,,,,,
1948-12-01,UK,,,,,,,,28.4,,,,,,,,,,,,,,,,,,,,,,
1949-01-01,UK,,,,,,,,28.5,,,,,,,,,,,,,,,,,,,,,,
1949-02-01,UK,,,,,,,,28.7,,,,,,,,,,,,,,,,,,,,,,
1949-03-01,UK,,,,,,,,28.9,,,,,,,,,,,,,,,,,,,,,,
1949-04-01,UK,,,,,,,,29.1,,,,,,,,,,,,,,,,,,,,,,
1949-05-01,UK,,,,,,,,29.3,,,,,,,,,,,,,,,,,,,,,,
1949-06-01,UK,,,,,,,,29.6,,,,,,,,,,,,,,,,,,,,,,
1949-07-01,UK,,,,,,,,29.8,,,,,,,,,,,,,,,,,,,,,,
1949-08-01,UK,,,,,,,,30.0,,,,,,,,,,,,,,,,,,,,,,
1949-09-01,UK,,,,,,,,30.0,,,,,,,,,,,,,,,,,,,,,,
1949-10-01,UK,,,,,,,,30.0,,,,,,,,,,,,,,,,,,,,,,
1949-11-01,UK,,,,,,,,30.0,,,,,,,,,,,,,,,,,,,,,,
1949-12-01,UK,,,,,,,,30.1,,,,,,,,,,,,,,,,,,,,,,
1950-01-01,UK,,,,,,,,30.3,,,,,,,,,,,,,,,,,,,,,,
1950-02-01,UK,,,,,,,,30.5,,,,,,,,,,,,,,,,,,,,,,
1950-03-01,UK,,,,,,,,30.8,,,,,,,,,,,,,,,,,,,,,,
1950-04-01,UK,,,,,,,,31.0,,,,,,,,,,,,,,,,,,,,,,
1950-05-01,UK,,,,,,,,31.4,,,,,,,,,,,,,,,,,,,,,,
1950-06-01,UK,,,,,,,,31.7,,,,,,,,,,,,,,,,,,,,,,
1950-07-01,UK,,,,,,,,32.1,,,,,,,,,,,,,,,,,,,,,,
1950-08-01,UK,,,,,,,,32.2,,,,,,,,,,,,,,,,,,,,,,
1950-09-01,UK,,,,,,,,32.2,,,,,,,,,,,,,,,,,,,,,,
1950-10-01,UK,,,,,,,,32.1,,,,,,,,,,,,,,,,,,,,,,
1950-11-01,UK,,,,,,,,32.0,,,,,,,,,,,,,,,,,,,,,,
1950-12-01,UK,,,,,,,,32.1,,,,,,,,,,,,,,,,,,,,,,
1951-01-01,UK,,,,,,,,32.2,,,,,,,,,,,,,,,,,,,,,,
1951-02-01,UK,,,,,,,,32.2,,,,,,,,,,,,,,,,,,,,,,
1951-03-01,UK,,,,,,,,32.1,,,,,,,,,,,,,,,,,,,,,,
1951-04-01,UK,,,,,,,,31.9,,,,,,,,,,,,,,,,,,,,,,
1951-05-01,UK,,,,,,,,32.0,,,,,,,,,,,,,,,,,,,,,,
1951-06-01,UK,,,,,,,,32.6,,,,,,,,,,,,,,,,,,,,,,
1951-07-01,UK,,,,,,,,33.3,,,,,,,,,,,,,,,,,,,,,,
1951-08-01,UK,,,,,,,,33.6,,,,,,,,,,,,,,,,,,,,,,
1951-09-01,UK,,,,,,,,33.4,,,,,,,,,,,,,,,,,,,,,,
1951-10-01,UK,,,,,,,,32.9,,,,,,,,,,,,,,,,,,,,,,
1951-11-01,UK,,,,,,,,32.3,,,,,,,,,,,,,,,,,,,,,,
1951-12-01,UK,,,,,,,,31.9,,,,,,,,,,,,,,,,,,,,,,
1952-01-01,UK,,,,,,,,31.7,,,,,,,,,,,,,,,,,,,,,,
1952-02-01,UK,,,,,,,,31.6,,,,,,,,,,,,,,,,,,,,,,
1952-03-01,UK,,,,,,,,31.4,,,,,,,,,,,,,,,,,,,,,,
1952-04-01,UK,,,,,,,,31.2,,,,,,,,,,,,,,,,,,,,,,
1952-05-01,UK,,,,,,,,30.9,,,,,,,,,,,,,,,,,,,,,,
1952-06-01,UK,,,,,,,,30.6,,,,,,,,,,,,,,,,,,,,,,
1952-07-01,UK,,,,,,,,30.5,,,,,,,,,,,,,,,,,,,,,,
1952-08-01,UK,,,,,,,,30.6,,,,,,,,,,,,,,,,,,,,,,
1952-09-01,UK,,,,,,,,31.0,,,,,,,,,,,,,,,,,,,,,,
1952-10-01,UK,,,,,,,,31.6,,,,,,,,,,,,,,,,,,,,,,
1952-11-01,UK,,,,,,,,32.0,,,,,,,,,,,,,,,,,,,,,,
1952-12-01,UK,,,,,,,,32.3,,,,,,,,,,,,,,,,,,,,,,
1953-01-01,UK,,,,,,,,32.4,,,,,,,,,,,,,,,,,,,,,,
1953-02-01,UK,,,,,,,,32.5,,,,,,,,,,,,,,,,,,,,,,
1953-03-01,UK,,,,,,,,32.7,,,,,,,,,,,,,,,,,,,,,,
1953-04-01,UK,,,,,,,,32.9,,,,,,,,,,,,,,,,,,,,,,
1953-05-01,UK,,,,,,,,32.9,,,,,,,,,,,,,,,,,,,,,,
1953-06-01,UK,,,,,,,,32.8,,,,,,,,,,,,,,,,,,,,,,
1953-07-01,UK,,,,,,,,32.7,,,,,,,,,,,,,,,,,,,,,,
1953-08-01,UK,,,,,,,,32.9,,,,,,,,,,,,,,,,,,,,,,
1953-09-01,UK,,,,,,,,33.5,,,,,,,,,,,,,,,,,,,,,,
1953-10-01,UK,,,,,,,,34.3,,,,,,,,,,,,,,,,,,,,,,
1953-11-01,UK,,,,,,,,34.8,,,,,,,,,,,,,,,,,,,,,,
1953-12-01,UK,,,,,,,,34.8,,,,,,,,,,,,,,,,,,,,,,
1954-01-01,UK,,,,,,,,34.4,,,,,,,,,,,,,,,,,,,,,,
1954-02-01,UK,,,,,,,,34.1,,,,,,,,,,,,,,,,,,,,,,
1954-03-01,UK,,,,,,,,34.2,,,,,,,,,,,,,,,,,,,,,,
1954-04-01,UK,,,,,,,,34.5,,,,,,,,,,,,,,,,,,,,,,
1954-05-01,UK,,,,,,,,34.8,,,,,,,,,,,,,,,,,,,,,,
1954-06-01,UK,,,,,,,,34.9,,,,,,,,,,,,,,,,,,,,,,
1954-07-01,UK,,,,,,,,35.0,,,,,,,,,,,,,,,,,,,,,,
1954-08-01,UK,,,,,,,,35.1,,,,,,,,,,,,,,,,,,,,,,
1954-09-01,UK,,,,,,,,35.3,,,,,,,,,,,,,,,,,,,,,,
1954-10-01,UK,,,,,,,,35.5,,,,,,,,,,,,,,,,,,,,,,
1954-11-01,UK,,,,,,,,35.8,,,,,,,,,,,,,,,,,,,,,,
1954-12-01,UK,,,,,,,,36.1,,,,,,,,,,,,,,,,,,,,,,
1955-01-01,UK,,,,,,,,36.3,,,,,,,,,,,,149440.0,,,,,,,,,,
1955-02-01,UK,,,,,,,,36.5,,,,,,,,,,,,149440.0,,,,,,,,,,
1955-03-01,UK,,,,,,,,36.6,,,,,,,,,,,,149440.0,,,,,,,,,,
1955-04-01,UK,,,,,,,,36.6,,,,,,,,,,,,149645.0,,,,,,,,,,
1955-05-01,UK,,,,,,,,36.6,,,,,,,,,,,,149645.0,,,,,,,,,,
1955-06-01,UK,,,,,,,,36.5,,,,,,,,,,,,149645.0,,,,,,,,,,
1955-07-01,UK,,,,,,,,36.5,,,,,,,,,,,,152285.0,,,,,,,,,,
1955-08-01,UK,,,,,,,,36.7,,,,,,,,,,,,152285.0,,,,,,,,,,
1955-09-01,UK,,,,,,,,37.1,,,,,,,,,,,,152285.0,,,,,,,,,,
1955-10-01,UK,,,,,,,,37.5,,,,,,,,,,,,151421.0,,,,,,,,,,
1955-11-01,UK,,,,,,,,37.8,,,,,,,,,,,,151421.0,,,,,,,,,,
1955-12-01,UK,,,,,,,,37.7,,,,,,,,,,,,151421.0,,,,,,,,,,
1956-01-01,UK,,,,,,,,37.4,,,,,,,,,,,,153195.0,,,,,,,,,,
1956-02-01,UK,,,,,,,,37.1,,,,,,,,,,,,153195.0,,,,,,,,,,
1956-03-01,UK,,,,,,,,37.0,,,,,,,,,,,,153195.0,,,,,,,,,,
1956-04-01,UK,,,,,,,,37.1,,,,,,,,,,,,153072.0,,,,,,,,,,
1956-05-01,UK,,,,,,,,37.1,,,,,,,,,,,,153072.0,,,,,,,,,,
1956-06-01,UK,,,,,,,,37.1,,,,,,,,,,,,153072.0,,,,,,,,,,
1956-07-01,UK,,,,,,,,36.9,,,,,,,,,,,,152881.0,,,,,,,,,,
1956-08-01,UK,,,,,,,,36.8,,,,,,,,,,,,152881.0,,,,,,,,,,
1956-09-01,UK,,,,,,,,36.6,,,,,,,,,,,,152881.0,,,,,,,,,,
1956-10-01,UK,,,,,,,,36.6,,,,,,,,,,,,153882.0,,,,,,,,,,
1956-11-01,UK,,,,,,,,36.7,,,,,,,,,,,,153882.0,,,,,,,,,,
1956-12-01,UK,,,,,,,,37.0,,,,,,,,,,,,153882.0,,,,,,,,,,
1957-01-01,UK,,,,,,,,37.3,,,,,,,,,,,,156639.0,,,,,,,,,,
1957-02-01,UK,,,,,,,,37.5,,,,,,,,,,,,156639.0,,,,,,,,,,
1957-03-01,UK,,,,,,,,37.5,,,,,,,,,,,,156639.0,,,,,,,,,,
1957-04-01,UK,,,,,,,,37.5,,,,,,,,,,,,156643.0,,,,,,,,,,
1957-05-01,UK,,,,,,,,37.6,,,,,,,,,,,,156643.0,,,,,,,,,,
1957-06-01,UK,,,,,,,,37.9,,,,,,,,,,,,156643.0,,,,,,,,,,
1957-07-01,UK,,,,,,,,38.3,,,,,,,,,,,,155626.0,,,,,,,,,,
1957-08-01,UK,,,,,,,,38.5,,,,,,,,,,,,155626.0,,,,,,,,,,
1957-09-01,UK,,,,,,,,38.3,,,,,,,,,,,,155626.0,,,,,,,,,,
1957-10-01,UK,,,,,,,,37.8,,,,,,,,,,,,156172.0,,,,,,,,,,
1957-11-01,UK,,,,,,,,37.6,,,,,,,,,,,,156172.0,,,,,,,,,,
1957-12-01,UK,,,,,,,,37.6,,,,,,,,,,,,156172.0,,,,,,,,,,
1958-01-01,UK,,,,,,,,37.8,,,,,,,,,,,,159561.0,,,,,,,,,,
1958-02-01,UK,,,,,,,,37.9,,,,,,,,,,,,159561.0,,,,,,,,,,
1958-03-01,UK,,,,,,,,37.8,,,,,,,,,,,,159561.0,,,,,,,,,,
1958-04-01,UK,,,,,,,,37.6,,,,,,,,,,,,155528.0,,,,,,,,,,
1958-05-01,UK,,,,,,,,37.2,,,,,,,,,,,,155528.0,,,,,,,,,,
1958-06-01,UK,,,,,,,,37.0,,,,,,,,,,,,155528.0,,,,,,,,,,
1958-07-01,UK,,,,,,,,36.9,,,,,,,,,,,,158932.0,,,,,,,,,,
1958-08-01,UK,,,,,,,,37.0,,,,,,,,,,,,158932.0,,,,,,,,,,
1958-09-01,UK,,,,,,,,37.3,,,,,,,,,,,,158932.0,,,,,,,,,,
1958-10-01,UK,,,,,,,,37.5,,,,,,,,,,,,159397.0,,,,,,,,,,
1958-11-01,UK,,,,,,,,37.7,,,,,,,,,,,,159397.0,,,,,,,,,,
1958-12-01,UK,,,,,,,,37.7,,,,,,,,,,,,159397.0,,,,,,,,,,
1959-01-01,UK,,,,,,,,37.7,,,,,,,,,,,,160372.0,,,,,,,,,,
1959-02-01,UK,,,,,,,,37.8,,,,,,,,,,,,160372.0,,,,,,,,,,
1959-03-01,UK,,,,,,,,38.1,,,,,,,,,,,,160372.0,,,,,,,,,,
1959-04-01,UK,,,,,,,,38.6,,,,,,,,,,,,162977.0,,,,,,,,,,
1959-05-01,UK,,,,,,,,38.9,,,,,,,,,,,,162977.0,,,,,,,,,,
1959-06-01,UK,,,,,,,,39.0,,,,,,,,,,,,162977.0,,,,,,,,,,
1959-07-01,UK,,,,,,,,38.9,,,,,,,,,,,,166455.0,,,,,,,,,,
1959-08-01,UK,,,,,,,,39.1,,,,,,,,,,,,166455.0,,,,,,,,,,
1959-09-01,UK,,,,,,,,39.7,,,,,,,,,,,,166455.0,,,,,,,,,,
1959-10-01,UK,,,,,,,,40.6,,,,,,,,,,,,170692.0,,,,,,,,,,
1959-11-01,UK,,,,,,,,41.3,,,,,,,,,,,,170692.0,,,,,,,,,,
1959-12-01,UK,,,,,,,,41.7,,,,,,,,,,,,170692.0,,,,,,,,,,
1960-01-01,UK,,,,,,,,41.9,,,,,,,,,,,,175011.0,,,,,,,,,,
1960-02-01,UK,,,,,,,,41.9,,,,,,,,,,,,175011.0,,,,,,,,,,
1960-03-01,UK,,,,,,,,41.9,,,,,,,,,,,,175011.0,,,,,,,,,,
1960-04-01,UK,,,,,,,,41.9,,,,,,,,,,,,173721.0,,,,,,,,,,
1960-05-01,UK,,,,,,,,41.9,,,,,,,,,,,,173721.0,,,,,,,,,,
1960-06-01,UK,,,,,,,,41.9,,,,,,,,,,,,173721.0,,,,,,,,,,
1960-07-01,UK,,,,,,,,41.9,,,,,,,,,,,,176321.0,,,,,,,,,,
1960-08-01,UK,,,,,,,,42.0,,,,,,,,,,,,176321.0,,,,,,,,,,
1960-09-01,UK,,,,,,,,42.3,,,,,,,,,,,,176321.0,,,,,,,,,,
1960-10-01,UK,,,,,,,,42.5,,,,,,,,,,,,177278.0,,,,,,,,,,
1960-11-01,UK,,,,,,,,42.6,,,,,,,,,,,,177278.0,,,,,,,,,,
1960-12-01,UK,,,,,,,,42.3,,,,,,,,,,,,177278.0,,,,,,,,,,
1961-01-01,UK,,,,,,,,41.9,,,,,,,,,,,,180243.0,,,,,,,,,,
1961-02-01,UK,,,,,,,,41.8,,,,,,,,,,,,180243.0,,,,,,,,,,
1961-03-01,UK,,,,,,,,41.9,,,,,,,,,,,,180243.0,,,,,,,,,,
1961-04-01,UK,,,,,,,,42.3,,,,,,,,,,,,181003.0,,,,,,,,,,
1961-05-01,UK,,,,,,,,42.7,,,,,,,,,,,,181003.0,,,,,,,,,,
1961-06-01,UK,,,,,,,,42.7,,,,,,,,,,,,181003.0,,,,,,,,,,
1961-07-01,UK,,,,,,,,42.5,,,,,,,,,,,,180130.0,,,,,,,,,,
1961-08-01,UK,,,,,,,,42.3,,,,,,,,,,,,180130.0,,,,,,,,,,
1961-09-01,UK,,,,,,,,42.2,,,,,,,,,,,,180130.0,,,,,,,,,,
1961-10-01,UK,,,,,,,,42.1,,,,,,,,,,,,179728.0,,,,,,,,,,
1961-11-01,UK,,,,,,,,42.1,,,,,,,,,,,,179728.0,,,,,,,,,,
1961-12-01,UK,,,,,,,,42.0,,,,,,,,,,,,179728.0,,,,,,,,,,
1962-01-01,UK,,,,,,,,42.0,,,,,,,,,,,,180541.0,,,,,,,,,,
1962-02-01,UK,,,,,,,,42.0,,,,,,,,,,,,180541.0,,,,,,,,,,
1962-03-01,UK,,,,,,,,42.2,,,,,,,,,,,,180541.0,,,,,,,,,,
1962-04-01,UK,,,,,,,,42.5,,,,,,,,,,,,182243.0,,,,,,,,,,
1962-05-01,UK,,,,,,,,42.8,,,,,,,,,,,,182243.0,,,,,,,,,,
1962-06-01,UK,,,,,,,,43.0,,,,,,,,,,,,182243.0,,,,,,,,,,
1962-07-01,UK,,,,,,,,43.1,,,,,,,,,,,,183384.0,,,,,,,,,,
1962-08-01,UK,,,,,,,,43.1,,,,,,,,,,,,183384.0,,,,,,,,,,
1962-09-01,UK,,,,,,,,43.0,,,,,,,,,,,,183384.0,,,,,,,,,,
1962-10-01,UK,,,,,,,,42.8,,,,,,,,,,,,182645.0,,,,,,,,,,
1962-11-01,UK,,,,,,,,42.6,,,,,,,,,,,,182645.0,,,,,,,,,,
1962-12-01,UK,,,,,,,,42.3,,,,,,,,,,,,182645.0,,,,,,,,,,
1963-01-01,UK,,,,,,,,42.1,,,,,,,,,,,,183514.0,,,,,,,,,,
1963-02-01,UK,,,,,,,,42.1,,,,,,,,,,,,183514.0,,,,,,,,,,
1963-03-01,UK,,,,,,,,42.4,,,,,,,,,,,,183514.0,,,,,,,,,,
1963-04-01,UK,,,,,,,,43.0,,,,,,,,,,,,191445.0,,,,,,,,,,
1963-05-01,UK,,,,,,,,43.6,,,,,,,,,,,,191445.0,,,,,,,,,,
1963-06-01,UK,,,,,,,,44.1,,,,,,,,,,,,191445.0,,,,,,,,,,
1963-07-01,UK,,,,,,,,44.6,,,,,,,,,,,,192368.0,,,,,,,,,,
1963-08-01,UK,,,,,,,,44.9,,,,,,,,,,,,192368.0,,,,,,,,,,
1963-09-01,UK,,,,,,,,45.1,,,,,,,,,,,,192368.0,,,,,,,,,,
1963-10-01,UK,,,,,,,,45.3,,,,,,,,,,,,196677.0,,,,,,,,,,
1963-11-01,UK,,,,,,,,45.6,,,,,,,,,,,,196677.0,,,,,,,,,,
1963-12-01,UK,,,,,,,,46.2,,,,,,,,,,,,196677.0,,,,,,,,,,
1964-01-01,UK,,,,,,,,46.9,,,,,,,,,,,,197986.0,,,,,,,,,,
1964-02-01,UK,,,,,,,,47.3,,,,,,,,,,,,197986.0,,,,,,,,,,
1964-03-01,UK,,,,,,,,47.4,,,,,,,,,,,,197986.0,,,,,,,,,,
1964-04-01,UK,,,,,,,,47.2,,,,,,,,,,,,201702.0,,,,,,,,,,
1964-05-01,UK,,,,,,,,47.0,,,,,,,,,,,,201702.0,,,,,,,,,,
1964-06-01,UK,,,,,,,,47.0,,,,,,,,,,,,201702.0,,,,,,,,,,
1964-07-01,UK,,,,,,,,47.2,,,,,,,,,,,,202401.0,,,,,,,,,,
1964-08-01,UK,,,,,,,,47.5,,,,,,,,,,,,202401.0,,,,,,,,,,
1964-09-01,UK,,,,,,,,48.0,,,,,,,,,,,,202401.0,,,,,,,,,,
1964-10-01,UK,,,,,,,,48.6,,,,,,,,,,,,205579.0,,,,,,,,,,
1964-11-01,UK,,,,,,,,48.9,,,,,,,,,,,,205579.0,,,,,,,,,,
1964-12-01,UK,,,,,,,,49.0,,,,,,,,,,,,205579.0,,,,,,,,,,
1965-01-01,UK,,,,,,,,48.9,,,,,,,,,,,,204957.0,,,,,,,,,,
1965-02-01,UK,,,,,,,,48.8,,,,,,,,,,,,204957.0,,,,,,,,,,
1965-03-01,UK,,,,,,,,48.8,,,,,,,,,,,,204957.0,,,,,,,,,,
1965-04-01,UK,,,,,,,,48.8,,,,,,,,,,,,205131.0,,,,,,,,,,
1965-05-01,UK,,,,,,,,48.9,,,,,,,,,,,,205131.0,,,,,,,,,,
1965-06-01,UK,,,,,,,,48.8,,,,,,,,,,,,205131.0,,,,,,,,,,
1965-07-01,UK,,,,,,,,48.8,,,,,,,,,,,,206723.0,,,,,,,,,,
1965-08-01,UK,,,,,,,,48.8,,,,,,,,,,,,206723.0,,,,,,,,,,
1965-09-01,UK,,,,,,,,49.0,,,,,,,,,,,,206723.0,,,,,,,,,,
1965-10-01,UK,,,,,,,,49.2,,,,,,,,,,,,208027.0,,,,,,,,,,
1965-11-01,UK,,,,,,,,49.5,,,,,,,,,,,,208027.0,,,,,,,,,,
1965-12-01,UK,,,,,,,,49.8,,,,,,,,,,,,208027.0,,,,,,,,,,
1966-01-01,UK,,,,,,,,50.0,,,,,,,,,,,,208371.0,,,,,,,,,,
1966-02-01,UK,,,,,,,,50.1,,,,,,,,,,,,208371.0,,,,,,,,,,
1966-03-01,UK,,,,,,,,50.0,,,,,,,,,,,,208371.0,,,,,,,,,,
1966-04-01,UK,,,,,,,,49.9,,,,,,,,,,,,209574.0,,,,,,,,,,
1966-05-01,UK,,,,,,,,50.0,,,,,,,,,,,,209574.0,,,,,,,,,,
1966-06-01,UK,,,,,,,,50.2,,,,,,,,,,,,209574.0,,,,,,,,,,
1966-07-01,UK,,,,,,,,50.3,,,,,,,,,,,,210287.0,,,,,,,,,,
1966-08-01,UK,,,,,,,,50.3,,,,,,,,,,,,210287.0,,,,,,,,,,
1966-09-01,UK,,,,,,,,49.8,,,,,,,,,,,,210287.0,,,,,,,,,,
1966-10-01,UK,,,,,,,,49.1,,,,,,,,,,,,209432.0,,,,,,,,,,
1966-11-01,UK,,,,,,,,48.7,,,,,,,,,,,,209432.0,,,,,,,,,,
1966-12-01,UK,,,,,,,,48.7,,,,,,,,,,,,209432.0,,,,,,,,,,
1967-01-01,UK,,,,,,,,49.1,,,,,,,,,,,,212235.0,,,,,,,,,,
1967-02-01,UK,,,,,,,,49.6,,,,,,,,,,,,212235.0,,,,,,,,,,
1967-03-01,UK,,,,,,,,49.9,,,,,,,,,,,,212235.0,,,,,,,,,,
1967-04-01,UK,,,,,,,,50.0,,,,,,,,,,,,215215.0,,,,,,,,,,
1967-05-01,UK,,,,,,,,50.1,,,,,,,,,,,,215215.0,,,,,,,,,,
1967-06-01,UK,,,,,,,,50.0,,,,,,,,,,,,215215.0,,,,,,,,,,
1967-07-01,UK,,,,,,,,49.9,,,,,,,,,,,,216093.0,,,,,,,,,,
1967-08-01,UK,,,,,,,,49.9,,,,,,,,,,,,216093.0,,,,,,,,,,
1967-09-01,UK,,,,,,,,50.0,,,,,,,,,,,,216093.0,,,,,,,,,,
1967-10-01,UK,,,,,,,,50.4,,,,,,,,,,,,217196.0,,,,,,,,,,
1967-11-01,UK,,,,,,,,51.0,,,,,,,,,,,,217196.0,,,,,,,,,,
1967-12-01,UK,,,,,,,,51.8,,,,,,,,,,,,217196.0,,,,,,,,,,
1968-01-01,UK,,,,,,,,52.4,,,,,,,,,,,,225234.0,,,,,,,,,,
1968-02-01,UK,,,,,,,,53.1,,,,,,,,,,,,225234.0,,,,,,,,,,
1968-03-01,UK,,,,,,,,53.5,,,,,,,,,,,,225234.0,,,,,,,,,,
1968-04-01,UK,,,,,,,,53.3,,,,,,,,,,,,224342.0,,,,,,,,,,
1968-05-01,UK,,,,,,,,53.8,,,,,,,,,,,,224342.0,,,,,,,,,,
1968-06-01,UK,,,,,,,,53.9,,,,,,,,,,,,224342.0,,,,,,,,,,
1968-07-01,UK,,,,,,,,53.9,,,,,,,,,,,,228687.0,,,,,,,,,,
1968-08-01,UK,,,,,,,,54.3,,,,,,,,,,,,228687.0,,,,,,,,,,
1968-09-01,UK,,,,,,,,54.2,,,,,,,,,,,,228687.0,,,,,,,,,,
1968-10-01,UK,,,,,,,,53.8,,,,,,,,,,,,229509.0,,,,,,,,,,
1968-11-01,UK,,,,,,,,54.2,,,,,,,,,,,,229509.0,,,,,,,,,,
1968-12-01,UK,,,,,,,,54.8,,,,,,,,,,,,229509.0,,,,,,,,,,
1969-01-01,UK,,,,,,,,54.9,,,,,,,,,,,,229113.0,,,,,,,,,,
1969-02-01,UK,,,,,,,,55.2,,,,,,,,,,,,229113.0,,,,,,,,,,
1969-03-01,UK,,,,,,,,55.1,,,,,,,,,,,,229113.0,,,,,,,,,,
1969-04-01,UK,,,,,,,,56.0,,,,,,,,,,,,230811.0,,,,,,,,,,
1969-05-01,UK,,,,,,,,56.0,,,,,,,,,,,,230811.0,,,,,,,,,,
1969-06-01,UK,,,,,,,,56.4,,,,,,,,,,,,230811.0,,,,,,,,,,
1969-07-01,UK,,,,,,,,56.2,,,,,,,,,,,,232080.0,,,,,,,,,,
1969-08-01,UK,,,,,,,,55.4,,,,,,,,,,,,232080.0,,,,,,,,,,
1969-09-01,UK,,,,,,,,55.5,,,,,,,,,,,,232080.0,,,,,,,,,,
1969-10-01,UK,,,,,,,,54.6,,,,,,,,,,,,233131.0,,,,,,,,,,
1969-11-01,UK,,,,,,,,55.7,,,,,,,,,,,,233131.0,,,,,,,,,,
1969-12-01,UK,,,,,,,,56.2,,,,,,,,,,,,233131.0,,,,,,,,,,
1970-01-01,UK,,,,,,,,54.8,,,,,,,,,,,,231686.0,,,,,,,,,,
1970-02-01,UK,,,,,,,,55.8,,,,,,,,,,,,231686.0,,,,,,,,,,
1970-03-01,UK,,,,,,,,56.4,,,,,,,,,,,,231686.0,,,,,,,,,,
1970-04-01,UK,,,,,,,,56.1,,,,,,,,,,,,237214.0,,,,,,,,,,
1970-05-01,UK,,,,,,,,55.6,,,,,,,,,,,,237214.0,,,,,,,,,,
1970-06-01,UK,,,,,,,,55.7,,,,,,,,,,,,237214.0,,,,,,,,,,
1970-07-01,UK,,,,,,,,56.0,,,,,,,,,,,,239502.0,,,,,,,,,,
1970-08-01,UK,,,,,,,,56.0,,,,,,,,,,,,239502.0,,,,,,,,,,
1970-09-01,UK,,,,,,,,55.8,,,,,,,,,,,,239502.0,,,,,,,,,,
1970-10-01,UK,,,,,,,,56.6,,,,,,,,,,,,241704.0,,,,,,,,,,
1970-11-01,UK,,,,,,,,55.7,,,,,,,,,,,,241704.0,,,,,,,,,,
1970-12-01,UK,,,,,,,,56.3,,,,,,,,,,,,241704.0,,,,,,,,,,
1971-01-01,UK,,,,,,,,56.6,,,,,,,,,,,,240571.0,,,,,,,,,,
1971-02-01,UK,,,,,,,,55.5,,,,,,,,,,,,240571.0,,3.8,,,,,,,,
1971-03-01,UK,,,,,,,,54.8,,,,,,,,,,,,240571.0,,3.9,,,,,,,,
1971-04-01,UK,,,,,,,,55.6,,,,,,,,,,,,244863.0,,4.0,,,,,,,,
1971-05-01,UK,,,,,,,,55.9,,,,,,,,,,,,244863.0,,4.1,,,,,,,,
1971-06-01,UK,,,,,,,,55.7,,,,,,,,,,,,244863.0,,4.1,,,,,,,,
1971-07-01,UK,,,,,,,,55.5,,,,,,,,,,,,249022.0,,4.2,,,,,,,,
1971-08-01,UK,,,,,,,,55.8,,,,,,,,,,,,249022.0,,4.2,,,,,,,,
1971-09-01,UK,,,,,,,,55.3,,,,,,,,,,,,249022.0,,4.3,,,,,,,,
1971-10-01,UK,,,,,,,,55.4,,,,,,,,,,,,249987.0,,4.4,,,,,,,,
1971-11-01,UK,,,,,,,,55.3,,,,,,,,,,,,249987.0,,4.4,,,,,,,,
1971-12-01,UK,,,,,,,,55.6,,,,,,,,,,,,249987.0,,4.5,,,,,,,,
1972-01-01,UK,,,,,,,,54.0,,,,,,,,,,,,250488.0,,4.5,,,,,,,,
1972-02-01,UK,,,,,,,,49.7,,,,,,,,,,,,250488.0,,4.5,,,,,,,,
1972-03-01,UK,,,,,,,,54.6,,,,,,,,,,,,250488.0,,4.5,,,,,,,,
1972-04-01,UK,,,,,,,,56.0,,,,,,,,,,,,257132.0,,4.5,,,,,,,,
1972-05-01,UK,,,,,,,,57.1,,,,,,,,,,,,257132.0,,4.4,,,,,,,,
1972-06-01,UK,,,,,,,,57.4,,,,,,,,,,,,257132.0,,4.4,,,,,,,,
1972-07-01,UK,,,,,,,,56.7,,,,,,,,,,,,257810.0,,4.3,,,,,,,,
1972-08-01,UK,,,,,,,,57.3,,,,,,,,,,,,257810.0,,4.3,,,,,,,,
1972-09-01,UK,,,,,,,,58.1,,,,,,,,,,,,257810.0,,4.2,,,,,,,,
1972-10-01,UK,,,,,,,,58.8,,,,,,,,,,,,261816.0,,4.2,,,,,,,,
1972-11-01,UK,,,,,,,,59.3,,,,,,,,,,,,261816.0,,4.2,,,,,,,,
1972-12-01,UK,,,,,,,,59.8,,,,,,,,,,,,261816.0,,4.1,,,,,,,,
1973-01-01,UK,,,,,,,,61.6,,,,,,,,,,,,274689.0,,4.0,,,,,,,,
1973-02-01,UK,,,,,,,,61.1,,,,,,,,,,,,274689.0,,3.9,,,,,,,,
1973-03-01,UK,,,,,,,,61.8,,,,,,,,,,,,274689.0,,3.8,,,,,,,,
1973-04-01,UK,,,,,,,,61.2,,,,,,,,,,,,275222.0,,3.8,,,,,,,,
1973-05-01,UK,,,,,,,,61.2,,,,,,,,,,,,275222.0,,3.7,,,,,,,,
1973-06-01,UK,,,,,,,,62.4,,,,,,,,,,,,275222.0,,3.7,,,,,,,,
1973-07-01,UK,,,,,,,,62.1,,,,,,,,,,,,272607.0,,3.6,,,,,,,,
1973-08-01,UK,,,,,,,,62.1,,,,,,,,,,,,272607.0,,3.6,,,,,,,,
1973-09-01,UK,,,,,,,,61.8,,,,,,,,,,,,272607.0,,3.5,,,,,,,,
1973-10-01,UK,,,,,,,,62.4,,,,,,,,,,,,271527.0,,3.5,,,,,,,,
1973-11-01,UK,,,,,,,,61.7,,,,,,,,,,,,271527.0,,3.4,,,,,,,,
1973-12-01,UK,,,,,,,,61.1,,,,,,,,,,,,271527.0,,3.4,,,,,,,,
1974-01-01,UK,,,,,,,,56.7,,,,,,,,,,,,264017.0,,3.5,,,,,,,,
1974-02-01,UK,,,,,,,,56.7,,,,,,,,,,,,264017.0,,3.6,,,,,,,,
1974-03-01,UK,,,,,,,,58.6,,,,,,,,,,,,264017.0,,3.6,,,,,,,,
1974-04-01,UK,,,,,,,,61.8,,,,,,,,,,,,267806.0,,3.6,,,,,,,,
1974-05-01,UK,,,,,,,,62.4,,,,,,,,,,,,267806.0,,3.6,,,,,,,,
1974-06-01,UK,,,,,,,,62.7,,,,,,,,,,,,267806.0,,3.6,,,,,,,,
1974-07-01,UK,,,,,,,,62.4,,,,,,,,,,,,269402.0,,3.7,,,,,,,,
1974-08-01,UK,,,,,,,,62.6,,,,,,,,,,,,269402.0,,3.7,,,,,,,,
1974-09-01,UK,,,,,,,,61.6,,,,,,,,,,,,269402.0,,3.7,,,,,,,,
1974-10-01,UK,,,,,,,,60.3,,,,,,,,,,,,265423.0,,3.7,,,,,,,,
1974-11-01,UK,,,,,,,,60.2,,,,,,,,,,,,265423.0,,3.7,,,,,,,,
1974-12-01,UK,,,,,,,,59.2,,,,,,,,,,,,265423.0,,3.8,,,,,,,,
1975-01-01,UK,,,,,,,,59.7,,,,,,,,,,,,265496.0,,3.9,,,,,,,,
1975-02-01,UK,,,,,,,,59.3,,,,,,,,,,,,265496.0,,4.0,,,,,,,,
1975-03-01,UK,,,,,,,,58.1,,,,,,,,,,,,265496.0,,4.1,,,,,,,,
1975-04-01,UK,,,,,,,,57.2,,,,,,,,,,,,261184.0,,4.2,,,,,,,,
1975-05-01,UK,,,,,,,,56.3,,,,,,,,,,,,261184.0,,4.3,,,,,,,,
1975-06-01,UK,,,,,,,,56.8,,,,,,,,,,,,261184.0,,4.5,,,,,,,,
1975-07-01,UK,,,,,,,,56.0,,,,,,,,,,,,260372.0,,4.6,,,,,,,,
1975-08-01,UK,,,,,,,,55.3,,,,,,,,,,,,260372.0,,4.7,,,,,,,,
1975-09-01,UK,,,,,,,,56.3,,,,,,,,,,,,260372.0,,4.8,,,,,,,,
1975-10-01,UK,,,,,,,,57.0,,,,,,,,,,,,263309.0,,4.9,,,,,,,,
1975-11-01,UK,,,,,,,,57.1,,,,,,,,,,,,263309.0,,5.0,,,,,,,,
1975-12-01,UK,,,,,,,,56.8,,,,,,,,,,,,263309.0,,5.1,,,,,,,,
1976-01-01,UK,,,,,,,,57.2,,,,,,,,,,,,267728.0,,5.2,,,,,,,,
1976-02-01,UK,,,,,,,,57.9,,,,,,,,,,,,267728.0,,5.3,,,,,,,,
1976-03-01,UK,,,,,,,,58.1,,,,,,,,,,,,267728.0,,5.3,,,,,,,,
1976-04-01,UK,,,,,,,,58.5,,,,,,,,,,,,267351.0,,5.4,,,,,,,,
1976-05-01,UK,,,,,,,,59.4,,,,,,,,,,,,267351.0,,5.4,,,,,,,,
1976-06-01,UK,,,,,,,,58.2,,,,,,,,,,,,267351.0,,5.4,,,,,,,,
1976-07-01,UK,,,,,,,,58.4,,,,,,,,,,,,270672.0,,5.4,,,,,,,,
1976-08-01,UK,,,,,,,,58.3,,,,,,,,,,,,270672.0,,5.5,,,,,,,,
1976-09-01,UK,,,,,,,,59.3,,,,,,,,,,,,270672.0,,5.5,,,,,,,,
1976-10-01,UK,,,,,,,,60.6,,,,,,,,,,,,276379.0,,5.5,,,,,,,,
1976-11-01,UK,,,,,,,,61.1,,,,,,,,,,,,276379.0,,5.5,,,,,,,,
1976-12-01,UK,,,,,,,,61.5,,,,,,,,,,,,276379.0,,5.5,,,,,,,,
1977-01-01,UK,,,,,,,,62.6,,,,,,,,,,,,276568.0,,5.5,,,,,,,,
1977-02-01,UK,,,,,,,,62.4,,,,,,,,,,,,276568.0,,5.5,,,,,,,,
1977-03-01,UK,,,,,,,,62.4,,,,,,,,,,,,276568.0,,5.5,,,,,,,,
1977-04-01,UK,,,,,,,,61.9,,,,,,,,,,,,274663.0,,5.5,,,,,,,,
1977-05-01,UK,,,,,,,,63.5,,,,,,,,,,,,274663.0,,5.5,,,,,,,,
1977-06-01,UK,,,,,,,,61.0,,,,,,,,,,,,274663.0,,5.6,,,,,,,,
1977-07-01,UK,,,,,,,,61.3,,,,,,,,,,,,276458.0,,5.6,,,,,,,,
1977-08-01,UK,,,,,,,,61.9,,,,,,,,,,,,276458.0,,5.7,,,,,,,,
1977-09-01,UK,,,,,,,,62.1,,,,,,,,,,,,276458.0,,5.7,,,,,,,,
1977-10-01,UK,,,,,,,,61.9,,,,,,,,,,,,281140.0,,5.7,,,,,,,,
1977-11-01,UK,,,,,,,,61.4,,,,,,,,,,,,281140.0,,5.7,,,,,,,,
1977-12-01,UK,,,,,,,,62.5,,,,,,,,,,,,281140.0,,5.7,,,,,,,,
1978-01-01,UK,,,,,,,,62.4,,,,,,,,,,,,283735.0,,5.6,,,,,,,,
1978-02-01,UK,,,,,,,,62.4,,,,,,,,,,,,283735.0,,5.6,,,,,,,,
1978-03-01,UK,,,,,,,,61.8,,,,,,,,,,,,283735.0,,5.6,,,,,,,,
1978-04-01,UK,,,,,,,,65.6,,,,,,,,,,,,287025.0,,5.6,,,,,,,,
1978-05-01,UK,,,,,,,,63.3,,,,,,,,,,,,287025.0,,5.6,,,,,,,,
1978-06-01,UK,,,,,,,,63.3,,,,,,,,,,,,287025.0,,5.5,,,,,,,,
1978-07-01,UK,,,,,,,,64.3,,,,,,,,,,,,290925.0,,5.5,,,,,,,,
1978-08-01,UK,,,,,,,,64.8,,,,,,,,,,,,290925.0,,5.5,,,,,,,,
1978-09-01,UK,,,,,,,,64.8,,,,,,,,,,,,290925.0,,5.5,,,,,,,,
1978-10-01,UK,,,,,,,,63.5,,,,,,,,,,,,293521.0,,5.4,,,,,,,,
1978-11-01,UK,,,,,,,,63.9,,,,,,,,,,,,293521.0,,5.4,,,,,,,,
1978-12-01,UK,,,,,,,,66.0,,,,,,,,,,,,293521.0,,5.3,,,,,,,,
1979-01-01,UK,,,,,,,,61.4,,,,,,,,,,,,292622.0,,5.3,,,,,,,,
1979-02-01,UK,,,,,,,,66.0,,,,,,,,,,,,292622.0,,5.4,,,,,,,,
1979-03-01,UK,,,,,,,,66.8,,,,,,,,,,,,292622.0,,5.3,,,,,,,,
1979-04-01,UK,,,,,,,,66.7,,,,,,,,,,,,305350.0,,5.3,,,,,,,,
1979-05-01,UK,,,,,,,,67.7,,,,,,,,,,,,305350.0,,5.3,,,,,,,,
1979-06-01,UK,,,,,,,,68.8,,,,,,,,,,,,305350.0,,5.3,,,,,,,,
1979-07-01,UK,,,,,,,,68.0,,,,,,,,,,,,298622.0,,5.3,,,,,,,,
1979-08-01,UK,,,,,,,,65.7,,,,,,,,,,,,298622.0,,5.4,,,,,,,,
1979-09-01,UK,,,,,,,,65.5,,,,,,,,,,,,298622.0,,5.4,,,,,,,,
1979-10-01,UK,,,,,,,,65.7,,,,,,,,,,,,301684.0,,5.4,,,,,,,,
1979-11-01,UK,,,,,,,,66.6,,,,,,,,,,,,301684.0,,5.5,,,,,,,,
1979-12-01,UK,,,,,,,,66.9,,,,,,,,,,,,301684.0,,5.6,,,,,,,,
1980-01-01,UK,,,,,,,,66.5,,,,,,,,,,,,298693.0,,5.7,,,,,,,,
1980-02-01,UK,,,,,,,,65.0,,,,,,,,,,,,298693.0,,5.8,,,,,,,,
1980-03-01,UK,,,,,,,,64.6,,,,,,,,,,,,298693.0,,6.0,,,,,,,,
1980-04-01,UK,,,,,,,,62.7,,,,,,,,,,,,292860.0,,6.1,,,,,,,,
1980-05-01,UK,,,,,,,,62.8,,,,,,,,,,,,292860.0,,6.3,,,,,,,,
1980-06-01,UK,,,,,,,,62.9,,,,,,,,,,,,292860.0,,6.5,,,,,,,,
1980-07-01,UK,,,,,,,,61.6,,,,,,,,,,,,292525.0,,6.8,,,,,,,,
1980-08-01,UK,,,,,,,,60.6,,,,,,,,,,,,292525.0,,7.1,,,,,,,,
1980-09-01,UK,,,,,,,,59.5,,,,,,,,,,,,292525.0,,7.4,,,,,,,,
1980-10-01,UK,,,,,,,,59.3,,,,,,,,,,,,289547.0,,7.7,,,,,,,,
1980-11-01,UK,,,,,,,,59.3,,,,,,,,,,,,289547.0,,8.0,,,,,,,,
1980-12-01,UK,,,,,,,,58.9,,,,,,,,,,,,289547.0,,8.3,,,,,,,,
1981-01-01,UK,,,,,,,,58.8,,,,,,,,,,,,289273.0,,8.6,,,,,,,,
1981-02-01,UK,,,,,,,,59.3,,,,,,,,,,,,289273.0,,8.9,,,,,,,,
1981-03-01,UK,,,,,,,,59.3,,,,,,,,,,,,289273.0,,9.1,,,,,,,,
1981-04-01,UK,,,,,,,,59.6,,,,,,,,,,,,290203.0,,9.4,,,,,,,,
1981-05-01,UK,,,,,,,,58.7,,,,,,,,,,,,290203.0,,9.6,,,,,,,,
1981-06-01,UK,,,,,,,,60.0,,,,,,,,,,,,290203.0,,9.7,,,,,,,,
1981-07-01,UK,,,,,,,,60.2,,,,,,,,,,,,293600.0,,9.8,,,,,,,,
1981-08-01,UK,,,,,,,,60.4,,,,,,,,,,,,293600.0,,9.9,,,,,,,,
1981-09-01,UK,,,,,,,,60.5,,,,,,,,,,,,293600.0,,10.0,,,,,,,,
1981-10-01,UK,,,,,,,,61.9,,,,,,,,,,,,294003.0,,10.1,,,,,,,,
1981-11-01,UK,,,,,,,,61.1,,,,,,,,,,,,294003.0,,10.2,,,,,,,,
1981-12-01,UK,,,,,,,,60.2,,,,,,,,,,,,294003.0,,10.3,,,,,,,,
1982-01-01,UK,,,,,,,,60.2,,,,,,,,,,,,294455.0,,10.4,,,,,,,,
1982-02-01,UK,,,,,,,,60.6,,,,,,,,,,,,294455.0,,10.4,,,,,,,,
1982-03-01,UK,,,,,,,,60.7,,,,,,,,,,,,294455.0,,10.5,,,,,,,,
1982-04-01,UK,,,,,,,,61.5,,,,,,,,,,,,297509.0,,10.5,,,,,,,,
1982-05-01,UK,,,,,,,,62.1,,,,,,,,,,,,297509.0,,10.6,,,,,,,,
1982-06-01,UK,,,,,,,,61.2,,,,,,,,,,,,297509.0,,10.6,,,,,,,,
1982-07-01,UK,,,,,,,,61.2,,,,,,,,,,,,298136.0,,10.7,,,,,,,,
1982-08-01,UK,,,,,,,,61.8,,,,,,,,,,,,298136.0,,10.8,,,,,,,,
1982-09-01,UK,,,,,,,,61.8,,,,,,,,,,,,298136.0,,10.9,,,,,,,,
1982-10-01,UK,,,,,,,,61.4,,,,,,,,,,,,300193.0,,11.0,,,,,,,,
1982-11-01,UK,,,,,,,,60.4,,,,,,,,,,,,300193.0,,11.1,,,,,,,,
1982-12-01,UK,,,,,,,,61.2,,,,,,,,,,,,300193.0,,11.2,,,,,,,,
1983-01-01,UK,,,,,,,,62.0,,,,,,,,,,,,306066.0,,11.2,,,,,,,,
1983-02-01,UK,,,,,,,,62.9,,,,,,,,,,,,306066.0,,11.3,,,,,,,,
1983-03-01,UK,,,,,,,,62.1,,,,,,,,,,,,306066.0,,11.3,,,,,,,,
1983-04-01,UK,,,,,,,,62.7,,,,,,,,,,,,308190.0,,11.3,,,,,,,,
1983-05-01,UK,,,,,,,,63.5,,,,,,,,,,,,308190.0,,11.4,,,,,,,,
1983-06-01,UK,,,,,,,,62.5,,,,,,,,,,,,308190.0,,11.5,,,,,,,,
1983-07-01,UK,,,,,,,,63.6,,,,,,,,,,,,311756.0,,11.5,,,,,,,,
1983-08-01,UK,,,,,,,,63.6,,,,,,,,,,,,311756.0,,11.5,,,,,,,,
1983-09-01,UK,,,,,,,,63.9,,,,,,,,,,,,311756.0,,11.6,,,,,,,,
1983-10-01,UK,,,,,,,,64.6,,,,,,,,,,,,314099.0,,11.6,,,,,,,,
1983-11-01,UK,,,,,,,,64.5,,,,,,,,,,,,314099.0,,11.7,,,,,,,,
1983-12-01,UK,,,,,,,,64.8,,,,,,,,,,,,314099.0,,11.7,,,,,,,,
1984-01-01,UK,,,,,,,,65.8,,,,,,,,,,,,316778.0,,11.8,,,,,,,,
1984-02-01,UK,,,,,,,,65.2,,,,,,,,,,,,316778.0,,11.8,,,,,,,,
1984-03-01,UK,,,,,,,,64.3,,,,,,,,,,,,316778.0,,11.9,,,,,,,,
1984-04-01,UK,,,,,,,,63.1,,,,,,,,,,,,313594.0,,11.9,,,,,,,,
1984-05-01,UK,,,,,,,,62.6,,,,,,,,,,,,313594.0,,11.9,,,,,,,,
1984-06-01,UK,,,,,,,,63.1,,,,,,,,,,,,313594.0,,11.8,,,,,,,,
1984-07-01,UK,,,,,,,,62.3,,,,,,,,,,,,315912.0,,11.8,,,,,,,,
1984-08-01,UK,,,,,,,,62.0,,,,,,,,,,,,315912.0,,11.7,,,,,,,,
1984-09-01,UK,,,,,,,,63.0,,,,,,,,,,,,315912.0,,11.7,,,,,,,,
1984-10-01,UK,,,,,,,,63.1,,,,,,,,,,,,321638.0,,11.7,,,,,,,,
1984-11-01,UK,,,,,,,,62.7,,,,,,,,,,,,321638.0,,11.6,,,,,,,,
1984-12-01,UK,,,,,,,,63.8,,,,,,,,,,,,321638.0,,11.6,,,,,,,,
1985-01-01,UK,,,,,,,,64.9,,,,,,,,,,,,324776.0,,11.5,,,,,,,,
1985-02-01,UK,,,,,,,,64.9,,,,,,,,,,,,324776.0,,11.5,,,,,,,,
1985-03-01,UK,,,,,,,,66.6,,,,,,,,,,,,324776.0,,11.4,,,,,,,,
1985-04-01,UK,,,,,,,,67.1,,,,,,,,,,,,331672.0,,11.4,,,,,,,,
1985-05-01,UK,,,,,,,,67.7,,,,,,,,,,,,331672.0,,11.4,,,,,,,,
1985-06-01,UK,,,,,,,,69.2,,,,,,,,,,,,331672.0,,11.3,,,,,,,,
1985-07-01,UK,,,,,,,,66.6,,,,,,,,,,,,331607.0,,11.3,,,,,,,,
1985-08-01,UK,,,,,,,,67.1,,,,,,,,,,,,331607.0,,11.3,,,,,,,,
1985-09-01,UK,,,,,,,,68.3,,,,,,,,,,,,331607.0,,11.3,,,,,,,,
1985-10-01,UK,,,,,,,,66.9,,,,,,,,,,,,331786.0,,11.3,,,,,,,,
1985-11-01,UK,,,,,,,,67.7,,,,,,,,,,,,331786.0,,11.3,,,,,,,,
1985-12-01,UK,,,,,,,,66.0,,,,,,,,,,,,331786.0,,11.3,,,,,,,,
1986-01-01,UK,,,,,,,,66.7,,,,,,,,,,,,335245.0,,11.3,,,,,,,,
1986-02-01,UK,,,,,,,,67.3,,,,,,,,,,,,335245.0,,11.3,,,,,,,,
1986-03-01,UK,,,,,,,,67.9,,,,,,,,,,,,335245.0,,11.3,,,,,,,,
1986-04-01,UK,,,,,,,,68.8,,,,,,,,,,,,338252.0,,11.3,,,,,,,,
1986-05-01,UK,,,,,,,,67.6,,,,,,,,,,,,338252.0,,11.3,,,,,,,,
1986-06-01,UK,,,,,,,,68.6,,,,,,,,,,,,338252.0,,11.4,,,,,,,,
1986-07-01,UK,,,,,,,,68.0,,,,,,,,,,,,340405.0,,11.4,,,,,,,,
1986-08-01,UK,,,,,,,,68.0,,,,,,,,,,,,340405.0,,11.4,,,,,,,,
1986-09-01,UK,,,,,,,,69.8,,,,,,,,,,,,340405.0,,11.3,,,,,,,,
1986-10-01,UK,,,,,,,,70.0,,,,,,,,,,,,347003.0,,11.3,,,,,,,,
1986-11-01,UK,,,,,,,,69.7,,,,,,,,,,,,347003.0,,11.3,,,,,,,,
1986-12-01,UK,,,,,,,,70.0,,,,,,,,,,,,347003.0,,11.2,,,,,,,,
1987-01-01,UK,,,,,,,,68.6,,,,,,,,,,,,349434.0,,11.2,,,,,,,,
1987-02-01,UK,,,,,,,,70.9,,,,,,,,,,,,349434.0,,11.1,,,,,,,,
1987-03-01,UK,,,,,,,,70.6,,,,,,,,,,,,349434.0,,11.0,,,,,,,,
1987-04-01,UK,,,,,,,,70.0,,,,,,,,,,,,354631.0,,10.9,,,,,,,,
1987-05-01,UK,,,,,,,,71.2,,,,,,,,,,,,354631.0,,10.7,,,,,,,,
1987-06-01,UK,,,,,,,,71.0,,,,,,,,,,,,354631.0,,10.6,,,,,,,,
1987-07-01,UK,,,,,,,,72.2,,,,,,,,,,,,363476.0,,10.4,,,,,,,,
1987-08-01,UK,,,,,,,,72.0,,,,,,,,,,,,363476.0,,10.2,,,,,,,,
1987-09-01,UK,,,,,,,,71.5,,,,,,,,,,,,363476.0,,10.0,,,,,,,,
1987-10-01,UK,,,,,,,,72.4,,,,,,,,,,,,367676.0,,9.9,,,,,,,,
1987-11-01,UK,,,,,,,,72.3,,,,,,,,,,,,367676.0,,9.7,,,,,,,,
1987-12-01,UK,,,,,,,,73.0,,,,,,,,,,,,367676.0,,9.5,,,,,,,,
1988-01-01,UK,,,,,,,,73.7,,,,,,,,,,,,373673.0,,9.4,,,,,,,,
1988-02-01,UK,,,,,,,,72.8,,,,,,,,,,,,373673.0,,9.2,,,,,,,,
1988-03-01,UK,,,,,,,,74.0,,,,,,,,,,,,373673.0,,9.0,,,,,,,,
1988-04-01,UK,,,,,,,,73.4,,,,,,,,,,,,375652.0,,8.9,,,,,,,,
1988-05-01,UK,,,,,,,,74.2,,,,,,,,,,,,375652.0,,8.7,,,,,,,,
1988-06-01,UK,,,,,,,,74.5,,,,,,,,,,,,375652.0,,8.6,,,,,,,,
1988-07-01,UK,,,,,,,,74.9,,,,,,,,,,,,380352.0,,8.5,,,,,,,,
1988-08-01,UK,,,,,,,,75.6,,,,,,,,,,,,380352.0,,8.4,,,,,,,,
1988-09-01,UK,,,,,,,,76.4,,,,,,,,,,,,380352.0,,8.3,,,,,,,,
1988-10-01,UK,,,,,,,,75.5,,,,,,,,,,,,383412.0,,8.2,,,,,,,,
1988-11-01,UK,,,,,,,,76.3,,,,,,,,,,,,383412.0,,8.0,,,,,,,,
1988-12-01,UK,,,,,,,,75.8,,,,,,,,,,,,383412.0,,7.9,,,,,,,,
1989-01-01,UK,,5.3,,4.9,,,,76.2,,,,,,,,,,,,385340.0,,7.7,,,,,,,,
1989-02-01,UK,,5.3,,5.0,,,,76.4,,,,,,,,,,,,385340.0,,7.6,,,,,,,,
1989-03-01,UK,,5.2,,5.0,,,,75.4,,,,,,,,,,,,385340.0,,7.4,,,,,,,,
1989-04-01,UK,,5.3,,5.3,,,,77.3,,,,,,,,,,,,387720.0,,7.3,,,,,,,,
1989-05-01,UK,,5.2,,5.3,,,,75.3,,,,,,,,,,,,387720.0,,7.2,,,,,,,,
1989-06-01,UK,,5.1,,5.2,,,,75.3,,,,,,,,,,,,387720.0,,7.2,,,,,,,,
1989-07-01,UK,,5.1,,5.2,,,,75.5,,,,,,,,,,,,388366.0,,7.1,,,,,,,,
1989-08-01,UK,,4.9,,5.0,,,,77.1,,,,,,,,,,,,388366.0,,7.1,,,,,,,,
1989-09-01,UK,,5.0,,5.2,,,,76.7,,,,,,,,,,,,388366.0,,7.1,,,,,,,,
1989-10-01,UK,,5.1,,5.5,,,,76.3,,,,,,,,,,,,388266.0,,7.0,,,,,,,,
1989-11-01,UK,,5.1,,5.5,,,,76.9,,,,,,,,,,,,388266.0,,7.0,,,,,,,,
1989-12-01,UK,,5.1,,5.5,,,,76.8,,,,,,,,,,,,388266.0,,7.0,,,,,,,,
1990-01-01,UK,,5.0,,5.7,,,,76.0,,,,,,,,,,,,390264.0,,6.9,,,,,,,,
1990-02-01,UK,,5.3,,5.9,,,,75.6,,,,,,,,,,,,390264.0,,6.9,,,,,,,,
1990-03-01,UK,,5.5,,6.0,,,,76.9,,,,,,,,,,,,390264.0,,6.9,,,,,,,,
1990-04-01,UK,,5.9,,6.4,,,,77.7,,,,,,,,,,,,392878.0,,6.9,,,,,,,,
1990-05-01,UK,,6.2,,6.8,,,,77.5,,,,,,,,,,,,392878.0,,6.9,,,,,,,,
1990-06-01,UK,,6.3,,6.9,,,,78.8,,,,,,,,,,,,392878.0,,6.9,,,,,,,,
1990-07-01,UK,,6.3,,6.8,,,,76.9,,,,,,,,,,,,388560.0,,7.0,,,,,,,,
1990-08-01,UK,,6.7,,7.7,,,,77.1,,,,,,,,,,,,388560.0,,7.1,,,,,,,,
1990-09-01,UK,,7.0,,8.1,,,,76.7,,,,,,,,,,,,388560.0,,7.2,,,,,,,,
1990-10-01,UK,,7.0,,8.1,,,,76.5,,,,,,,,,,,,386550.0,,7.3,,,,,,,,
1990-11-01,UK,,7.1,,7.8,,,,76.1,,,,,,,,,,,,386550.0,,7.5,,,,,,,,
1990-12-01,UK,,7.2,,7.6,,,,75.7,,,,,,,,,,,,386550.0,,7.6,,,,,,,,
1991-01-01,UK,,6.7,,7.1,,,,75.5,,,,,,,,,,,,384627.0,,7.8,,,,,,,,
1991-02-01,UK,,6.7,,7.0,,,,75.5,,,,,,,,,,,,384627.0,,8.0,,,,,,,,
1991-03-01,UK,,6.6,,6.9,,,,74.8,,,,,,,,,,,,384627.0,,8.2,,,,,,,,
1991-04-01,UK,,8.1,,8.4,,,,74.0,,,,,,,,,,,,384166.0,,8.5,,,,,,,,
1991-05-01,UK,,8.2,,8.2,,,,74.9,,,,,,,,,,,,384166.0,,8.7,,,,,,,,
1991-06-01,UK,,8.2,,8.4,,,,75.1,,,,,,,,,,,,384166.0,,8.8,,,,,,,,
1991-07-01,UK,,7.9,,8.3,,,,74.4,,,,,,,,,,,,383434.0,,9.0,,,,,,,,
1991-08-01,UK,,8.0,,7.9,,,,73.6,,,,,,,,,,,,383434.0,,9.2,,,,,,,,
1991-09-01,UK,,7.8,,7.1,,,,73.7,,,,,,,,,,,,383434.0,,9.3,,,,,,,,
1991-10-01,UK,,7.6,,6.8,,,,74.7,,,,,,,,,,,,383909.0,,9.4,,,,,,,,
1991-11-01,UK,,7.4,,7.1,,,,74.9,,,,,,,,,,,,383909.0,,9.5,,,,,,,,
1991-12-01,UK,,7.5,,7.2,,,,74.6,,,,,,,,,,,,383909.0,,9.5,,,,,,,,
1992-01-01,UK,,7.3,,7.0,,,,74.5,,,,,,,,,,,,383862.0,,9.6,,,,,,,,
1992-02-01,UK,,7.1,,6.9,,,,74.9,,,,,,,,,,,,383862.0,,9.7,,,,,,,,
1992-03-01,UK,,7.2,,7.1,,,,74.6,,,,,,,,,,,,383862.0,,9.8,,,,,,,,
1992-04-01,UK,,5.1,,4.7,,,,75.1,,,,,,,,,,,,383252.0,,9.8,,,,,,,,
1992-05-01,UK,,4.6,,4.3,,,,73.5,,,,,,,,,,,,383252.0,,9.8,,,,,,,,
1992-06-01,UK,,4.3,,3.8,,,,74.3,,,,,,,,,,,,383252.0,,9.9,,,,,,,,
1992-07-01,UK,,4.1,,3.6,,,,75.1,,,,,,,,,,,,385120.0,,9.9,,,,,,,,
1992-08-01,UK,,3.5,,3.0,,,,75.0,,,,,,,,,,,,385120.0,,9.9,,,,,,,,
1992-09-01,UK,,3.4,,3.0,,,,75.6,,,,,,,,,,,,385120.0,,10.1,,,,,,,,
1992-10-01,UK,,3.1,,2.9,,,,76.5,,,,,,,,,,,,388076.0,,10.2,,,,,,,,
1992-11-01,UK,,2.8,,2.6,,,,75.5,,,,,,,,,,,,388076.0,,10.4,,,,,,,,
1992-12-01,UK,,2.5,,2.6,,,,75.4,,,,,,,,,,,,388076.0,,10.5,,,,,,,,
1993-01-01,UK,,2.1,,2.2,,,,75.3,,,,,,,,,,,,390122.0,,10.7,,,,,,,,
1993-02-01,UK,,2.2,,2.4,,,,76.3,,,,,,,,,,,,390122.0,,10.6,,,,,,,,
1993-03-01,UK,,2.2,,2.5,,,,75.6,,,,,,,,,,,,390122.0,,10.6,,,,,,,,
1993-04-01,UK,,2.3,,2.5,,,,75.8,,,,,,,,,,,,391789.0,,10.5,,,,,,,,
1993-05-01,UK,,2.4,,2.5,,,,76.4,,,,,,,,,,,,391789.0,,10.4,,,,,,,,
1993-06-01,UK,,2.2,,2.4,,,,76.0,,,,,,,,,,,,391789.0,,10.4,,,,,,,,
1993-07-01,UK,,2.3,,2.6,,,,76.7,,,,,,,,,,,,395393.0,,10.3,,,,,,,,
1993-08-01,UK,,2.7,,2.9,,,,77.0,,,,,,,,,,,,395393.0,,10.2,,,,,,,,
1993-09-01,UK,,2.7,,3.1,,,,77.4,,,,,,,,,,,,395393.0,,10.3,,,,,,,,
1993-10-01,UK,,2.5,,2.6,,,,77.9,,,,,,,,,,,,398057.0,,10.2,,,,,,,,
1993-11-01,UK,,2.4,,2.3,,,,78.6,,,,,,,,,,,,398057.0,,10.3,,,,,,,,
1993-12-01,UK,,2.5,,2.4,,,,78.6,,,,,,,,,,,,398057.0,,10.3,,,,,,,,
1994-01-01,UK,,2.6,,2.7,,,,78.7,,,,,,,,,,,,402079.0,,10.1,,,,,,,,
1994-02-01,UK,,2.6,,2.5,,,,78.7,,,,,,,,,,,,402079.0,,9.9,,,,,,,,
1994-03-01,UK,,2.4,,2.2,,,,78.9,,,,,,,,,,,,402079.0,,9.8,,,,,,,,
1994-04-01,UK,,1.8,,2.0,,,,80.0,,,,,,,,,,,,405740.0,,9.7,,,,,,,,
1994-05-01,UK,,1.7,,2.0,,,,81.0,,,,,,,,,,,,405740.0,,9.7,,,,,,,,
1994-06-01,UK,,1.7,,2.0,,,,80.2,,,,,,,,,,,,405740.0,,9.6,,,,,,,,
1994-07-01,UK,,1.3,,1.7,,,,80.7,,,,,,,,,,,,409852.0,,9.5,,,,,,,,
1994-08-01,UK,,1.3,,1.9,,,,81.0,,,,,,,,,,,,409852.0,,9.4,,,,,,,,
1994-09-01,UK,,1.1,,1.5,,,,81.8,,,,,,,,,,,,409852.0,,9.3,,,,,,,,
1994-10-01,UK,,1.0,,1.5,,,,81.9,,,,,,,,,,,,411597.0,,9.1,,,,,,,,
1994-11-01,UK,,1.3,,1.8,,,,81.8,,,,,,,,,,,,411597.0,,9.0,,,,,,,,
1994-12-01,UK,,1.5,,2.0,,,,82.6,,,,,,,,,,,,411597.0,,8.9,,,,,,,,
1995-01-01,UK,,1.7,,2.4,,,,81.1,,,,,,,,,,,,413800.0,,8.9,,,,,,,,
1995-02-01,UK,,1.5,,2.4,,,,81.2,,,,,,,,,,,,413800.0,,8.9,,,,,,,,
1995-03-01,UK,,1.7,,2.6,,,,81.6,,,,,,,,,,,,413800.0,,8.8,,,,,,,,
1995-04-01,UK,,1.8,,2.3,,,,82.4,,,,,,,,,,,,414682.0,,8.8,,,,,,,,
1995-05-01,UK,,1.9,,2.5,,,,82.3,,,,,,,,,,,,414682.0,,8.7,,,,,,,,
1995-06-01,UK,,2.1,,2.6,,,,81.9,,,,,,,,,,,,414682.0,,8.7,,,,,,,,
1995-07-01,UK,,2.3,,2.7,,,,82.3,,,,,,,,,,,,419350.0,,8.6,,,,,,,,
1995-08-01,UK,,2.1,,2.6,,,,82.4,,,,,,,,,,,,419350.0,,8.6,,,,,,,,
1995-09-01,UK,,2.3,,3.0,,,,82.7,,,,,,,,,,,,419350.0,,8.6,,,,,,,,
1995-10-01,UK,,2.4,,2.9,,,,82.4,,,,,,,,,,,,420665.0,,8.6,,,,,,,,
1995-11-01,UK,,2.3,,2.8,,,,82.8,,,,,,,,,,,,420665.0,,8.3,,,,,,,,
1995-12-01,UK,,2.3,,3.0,,,,83.3,,,,,,,,,,,,420665.0,,8.4,,,,,,,,
1996-01-01,UK,,2.1,,2.6,,,,83.0,,,,,,,,,,,,423579.0,58.0,8.3,,,,,,,,
1996-02-01,UK,,2.2,,2.7,,,,83.6,,,,,,,,,,,,423579.0,59.3,8.2,,,,,,,,
1996-03-01,UK,,2.1,,2.6,,,,83.7,,,,,,,,,,,,423579.0,59.5,8.3,,,,,,,,
1996-04-01,UK,,2.0,,2.5,,,,82.8,,,,,,,,,,,,424928.0,60.2,8.3,,,,,,,,
1996-05-01,UK,,2.0,,2.3,,,,83.4,,,,,,,,,,,,424928.0,59.9,8.3,,,,,,,,
1996-06-01,UK,,1.9,,2.3,,,,82.9,,,,,,,,,,,,424928.0,60.6,8.2,,,,,,,,
1996-07-01,UK,,1.9,,2.2,,,,82.9,,,,,,,,,,,,428858.0,60.3,8.1,,,,,,,,
1996-08-01,UK,,1.9,,2.3,,,,83.5,,,,,,,,,,,,428858.0,60.3,8.1,,,,,,,,
1996-09-01,UK,,2.0,,2.3,,,,84.0,,,,,,,,,,,,428858.0,61.2,8.1,,,,,,,,
1996-10-01,UK,,2.1,,2.5,,,,83.9,,,,,,,,,,,,434819.0,60.9,8.0,,,,,,,,
1996-11-01,UK,,2.2,,2.6,,,,84.5,,,,,,,,,,,,434819.0,61.3,7.8,,,,,,,,
1996-12-01,UK,,2.2,,2.3,,,,85.2,,,,,,,,,,,,434819.0,59.7,7.7,,,,,,,,
1997-01-01,UK,,2.1,,2.1,,,,85.7,,,,,,,,,,,,441650.0,60.6,7.5,,,,,,,,
1997-02-01,UK,,1.9,,1.9,,,,85.8,,,,,,,,,,,,441650.0,61.1,7.3,,,,,,,,
1997-03-01,UK,,2.0,,1.7,,,,84.5,,,,,,,,,,,,441650.0,61.7,7.2,,,,,,,,
1997-04-01,UK,,1.8,,1.6,,,,86.5,,,,,,,,,,,,446579.0,62.0,7.2,,,,,,,,
1997-05-01,UK,,1.8,,1.6,,,,85.8,,,,,,,,,,,,446579.0,61.8,7.2,,,,,,,,
1997-06-01,UK,,1.8,,1.7,,,,86.1,,,,,,,,,,,,446579.0,62.7,7.3,,,,,,,,
1997-07-01,UK,,1.8,,2.0,,,,87.7,,,,,,,,,,,,450402.0,62.8,7.1,,,,,,,,
1997-08-01,UK,,1.9,,2.0,,,,86.5,,,,,,,,,,,,450402.0,62.1,6.8,,,,,,,,
1997-09-01,UK,,1.8,,1.8,,,,87.1,,,,,,,,,,,,450402.0,62.2,6.7,,,,,,,,
1997-10-01,UK,,1.8,,1.9,,,,88.3,,,,,,,,,,,,457408.0,63.1,6.6,,,,,,,,
1997-11-01,UK,,1.9,,1.9,,,,88.5,,,,,,,,,,,,457408.0,63.2,6.5,,,,,,,,
1997-12-01,UK,,1.8,,1.7,,,,88.6,,,,,,,,,,,,457408.0,63.4,6.4,,,,,,,,
1998-01-01,UK,,1.6,,1.5,,,,88.9,,,,,,,,,,,,460478.0,63.6,6.4,,,,,,,,
1998-02-01,UK,,1.8,,1.6,,,,89.6,,,,,,,,,,,,460478.0,63.4,6.4,,,,,,,,
1998-03-01,UK,,1.7,,1.7,,,,90.4,,,,,,,,,,,,460478.0,63.2,6.3,,,,,,,,
1998-04-01,UK,,1.5,,1.8,,,,90.8,,,,,,,,,,,,463136.0,63.1,6.3,,,,,,,,
1998-05-01,UK,,1.7,,2.0,,,,90.2,,,,,,,,,,,,463136.0,63.6,6.3,,,,,,,,
1998-06-01,UK,,1.6,,1.7,,,,90.2,,,,,,,,,,,,463136.0,63.0,6.3,,,,,,,,
1998-07-01,UK,,1.4,,1.4,,,,90.0,,,,,,,,,,,,463887.0,63.6,6.3,,,,,,,,
1998-08-01,UK,,1.2,,1.3,,,,90.4,,,,,,,,,,,,463887.0,64.1,6.2,,,,,,,,
1998-09-01,UK,,1.3,,1.4,,,,90.6,,,,,,,,,,,,463887.0,63.8,6.2,,,,,,,,
1998-10-01,UK,,1.2,,1.4,,,,91.0,,,,,,,,,,,,466966.0,63.4,6.2,,,,,,,,
1998-11-01,UK,,1.1,,1.4,,,,90.9,,,,,,,,,,,,466966.0,63.7,6.1,,,,,,,,
1998-12-01,UK,,1.2,,1.6,,,,91.0,,,,,,,,,,,,466966.0,62.7,6.2,,,,,,,,
1999-01-01,UK,,1.2,,1.6,,,,92.1,,,,,,,,,,,,470017.0,64.0,6.2,,,,,,,,
1999-02-01,UK,,1.0,,1.4,,,,92.0,,,,,,,,,,,,470017.0,63.7,6.2,,,,,,,,
1999-03-01,UK,,0.9,,1.7,,,,92.9,,,,,,,,,,,,470017.0,63.5,6.2,,,,,,,,
1999-04-01,UK,,0.9,,1.5,,,,92.6,,,,,,,,,,,,471691.0,63.8,6.1,,,,,,,,
1999-05-01,UK,,0.8,,1.3,,,,93.4,,,,,,,,,,,,471691.0,64.6,6.0,,,,,,,,
1999-06-01,UK,,0.8,,1.3,,,,93.2,,,,,,,,,,,,471691.0,64.9,6.0,,,,,,,,
1999-07-01,UK,,0.7,,1.3,,,,94.2,,,,,,,,,,,,479581.0,64.8,5.9,,,,,,,,
1999-08-01,UK,,0.7,,1.2,,,,94.6,,,,,,,,,,,,479581.0,65.3,5.9,,,,,,,,
1999-09-01,UK,,0.5,,1.2,,,,95.3,,,,,,,,,,,,479581.0,65.1,5.8,,,,,,,,
1999-10-01,UK,,0.5,,1.1,,,,95.3,,,,,,,,,,,,487109.0,65.6,5.8,,,,,,,,
1999-11-01,UK,,0.4,,1.2,,,,95.9,,,,,,,,,,,,487109.0,66.0,5.8,,,,,,,,
1999-12-01,UK,,0.3,,1.1,,,,94.7,,,,,,,,,,,,487109.0,66.4,5.9,,,,,,,,
2000-01-01,UK,,0.1,,0.8,,,,95.6,,,,,,,,,,,,493547.0,67.8,5.8,,,,,,,,
2000-02-01,UK,,0.2,,0.9,,,,96.3,,,,,,,,,,,,493547.0,66.5,5.8,,,,,,,,
2000-03-01,UK,,0.1,,0.6,,,,96.1,,,,,,,,,,,,493547.0,66.7,5.7,,,,,,,,
2000-04-01,UK,,0.0,,0.6,,,,96.3,,,,,,,,,,,,497642.0,67.9,5.6,,,,,,,,
2000-05-01,UK,,0.0,,0.5,,,,96.9,,,,,,,,,,,,497642.0,67.1,5.5,,,,,,,,
2000-06-01,UK,,-0.1,,0.8,,,,97.3,,,,,,,,,,,,497642.0,67.0,5.3,,,,,,,,
2000-07-01,UK,,-0.1,,0.9,,,,96.7,,,,,,,,,,,,500566.0,66.8,5.3,,,,,,,,
2000-08-01,UK,,0.0,,0.6,,,,97.7,,,,,,,,,,,,500566.0,68.0,5.3,,,,,,,,
2000-09-01,UK,,0.1,,1.0,,,,97.4,,,,,,,,,,,,500566.0,67.8,5.4,,,,,,,,
2000-10-01,UK,,0.3,,1.0,,,,97.4,,,,,,,,,,,,503418.0,68.2,5.3,,,,,,,,
2000-11-01,UK,,0.2,,1.1,,,,98.3,,,,,,,,,,,,503418.0,68.3,5.2,,,,,,,,
2000-12-01,UK,,0.2,,0.8,,,,100.0,,,,,,,,,,,,503418.0,68.7,5.2,,,,,,,,
2001-01-01,UK,,0.5,,0.9,,,,99.8,,,,,,,,,,,,507289.0,69.4,5.2,,,,,,,,
2001-02-01,UK,,0.4,,0.8,,,,99.7,,,,,,,,,,,,507289.0,71.6,5.1,,,,,,,,
2001-03-01,UK,,0.5,,0.9,,,,100.5,,,,,,,,,,,,507289.0,71.8,5.0,,,,,6.1,,,
2001-04-01,UK,,0.9,,1.2,,,,100.7,,,,,,,,,,,,509467.0,72.0,4.9,,,,,6.2,,,
2001-05-01,UK,,1.1,,1.7,,,,100.3,,,,,,,,,,,,509467.0,73.5,5.0,,,,,5.1,,,
2001-06-01,UK,,1.3,,1.7,,,,100.8,,,,,,,,,,,,509467.0,73.1,5.0,,,,,5.5,,,
2001-07-01,UK,,1.5,,1.4,,,,100.6,,,,,,,,,,,,512202.0,73.6,5.1,,,,,5.2,,,
2001-08-01,UK,,1.8,,1.8,,,,101.5,,,,,,,,,,,,512202.0,73.7,5.1,,,,,5.3,,,
2001-09-01,UK,,1.3,,1.3,,,,100.9,,,,,,,,,,,,512202.0,74.2,5.1,,,,,4.8,,,
2001-10-01,UK,,1.1,,1.2,,,,100.0,,,,,,,,,,,,513974.0,74.7,5.1,,,,,4.8,,,
2001-11-01,UK,,1.1,,0.8,,,,100.2,,,,,,,,,,,,513974.0,75.5,5.2,,,,,4.6,,,
2001-12-01,UK,,1.4,,1.1,,,,100.0,,,,,,,,,,,,513974.0,76.6,5.2,,,,,4.2,,,
2002-01-01,UK,,1.7,,1.6,,,,99.7,,,,,,,,,,,,515262.0,75.9,5.1,,,,,3.8,,,
2002-02-01,UK,,1.6,,1.5,,,,99.9,,,,,,,,,,,,515262.0,77.0,5.2,,,,,3.2,,,
2002-03-01,UK,,1.6,,1.5,,,,101.5,,,,,,,,,,,,515262.0,77.0,5.2,,,,,3.0,,,
2002-04-01,UK,,1.4,,1.4,,,,100.0,,,,,,,,,,,,517725.0,78.2,5.2,,,,,3.0,,,
2002-05-01,UK,,1.3,,0.8,,,,102.6,,,,,,,,,,,,517725.0,77.6,5.2,,,,,3.3,,,
2002-06-01,UK,,1.3,,0.6,,,,97.4,,,,,,,,,,,,517725.0,76.6,5.2,,,,,3.7,,,
2002-07-01,UK,,1.5,,1.1,,,,103.7,,,,,,,,,,,,520744.0,78.0,5.2,,,,,3.8,,,
2002-08-01,UK,,1.3,,1.0,,,,103.7,,,,,,,,,,,,520744.0,77.8,5.3,,,,,3.6,,,
2002-09-01,UK,,1.2,,1.0,,,,105.4,,,,,,,,,,,,520744.0,78.1,5.2,,,,,3.4,,,
2002-10-01,UK,,1.6,,1.4,,,,103.9,,,,,,,,,,,,524158.0,78.5,5.2,,,,,3.1,,,
2002-11-01,UK,,1.6,,1.5,,,,104.4,,,,,,,,,,,,524158.0,79.1,5.1,,,,,3.0,,,
2002-12-01,UK,,1.7,,1.7,,,,105.4,,,,,,,,,,,,524158.0,77.7,5.0,,,,,2.8,,,
2003-01-01,UK,,1.5,,1.3,,,,104.9,,,,,,,,,,,,528571.0,78.0,5.1,,,,,2.5,,,
2003-02-01,UK,,1.7,,1.6,,,,106.1,,,,,,,,,,,,528571.0,78.1,5.2,,,,,2.2,,,
2003-03-01,UK,,1.5,,1.5,,,,106.2,,,,,,,,,,,,528571.0,78.4,5.1,,,,,2.8,,,
2003-04-01,UK,,1.5,,1.4,,,,105.2,,,,,,,,,,,,533537.0,78.4,5.0,,,,,3.0,,,
2003-05-01,UK,,1.3,,1.3,,,,104.3,,,,,,,,,,,,533537.0,78.4,4.9,,,,,3.3,,,
2003-06-01,UK,,1.0,,1.1,,,,105.1,,,,,,,,,,,,533537.0,79.5,5.1,,,,,2.7,,,
2003-07-01,UK,,1.3,,1.3,,,,105.8,,,,,,,,,,,,538935.0,79.9,5.1,,,,,2.7,,,
2003-08-01,UK,,1.2,,1.4,,,,105.8,,,,,,,,,,,,538935.0,79.8,5.0,,,,,2.9,,,
2003-09-01,UK,,1.3,,1.4,,,,106.0,,,,,,,,,,,,538935.0,80.7,5.0,,,,,3.3,,,
2003-10-01,UK,,1.2,,1.4,,,,107.8,,,,,,,,,,,,543272.0,80.8,4.9,,,,,3.7,,,
2003-11-01,UK,,1.1,,1.3,,,,106.5,,,,,,,,,,,,543272.0,80.7,4.9,,,,,3.9,,,
2003-12-01,UK,,0.9,,1.3,,,,106.3,,,,,,,,,,,,543272.0,80.8,4.8,,,,,4.1,,,
2004-01-01,UK,,1.2,,1.4,,,,107.2,,,,,,,,,,,,545193.0,82.0,4.8,,,,,5.2,,,
2004-02-01,UK,,1.1,,1.3,,,,107.3,,,,,,,,,,,,545193.0,81.6,4.8,,,,,4.9,,,
2004-03-01,UK,,1.0,,1.1,,,,107.3,,,,,,,,,,,,545193.0,81.9,4.8,,,,,4.7,,,
2004-04-01,UK,,1.0,,1.1,,,,107.4,,,,,,,,,,,,547658.0,82.5,4.8,,,,,3.7,,,
2004-05-01,UK,,1.1,,1.5,,,,106.3,,,,,,,,,,,,547658.0,82.7,4.8,,,,,4.1,,,
2004-06-01,UK,,1.3,,1.6,,,,106.0,,,,,,,,,,,,547658.0,83.4,4.8,,,,,4.2,,,
2004-07-01,UK,,1.2,,1.4,,,,105.4,,,,,,,,,,,,549666.0,83.4,4.7,,,,,4.1,,,
2004-08-01,UK,,1.1,,1.3,,,,103.9,,,,,,,,,,,,549666.0,83.6,4.7,,,,,4.1,,,
2004-09-01,UK,,0.9,,1.1,,,,103.6,,,,,,,,,,,,549666.0,84.1,4.7,,,,,4.1,,,
2004-10-01,UK,,0.9,,1.2,,,,103.7,,,,,,,,,,,,552143.0,84.0,4.7,,,,,4.2,,,
2004-11-01,UK,,1.1,,1.5,,,,104.3,,,,,,,,,,,,552143.0,83.7,4.7,,,,,4.2,,,
2004-12-01,UK,,1.3,,1.7,,,,103.8,,,,,,,,,,,,552143.0,83.4,4.7,,,,,4.3,,,
2005-01-01,UK,,1.3,,1.6,,,,104.7,,,,,,,,,,,,556329.0,83.4,4.8,,,,,4.2,,,
2005-02-01,UK,,1.2,,1.7,,,,104.5,,,,,,,,,,,,556329.0,83.2,4.7,,,,,4.6,,,
2005-03-01,UK,,1.4,,1.9,,,,102.5,,,,,,,,,,,,556329.0,82.6,4.7,,,,,4.5,,,
2005-04-01,UK,,1.4,,1.9,,,,105.7,,,,,,,,,,,,560861.0,83.1,4.8,,,,,4.6,,,
2005-05-01,UK,,1.5,,1.9,,,,104.7,,,,,,,,,,,,560861.0,82.9,4.8,,,,,4.3,,,
2005-06-01,UK,,1.5,,2.0,,,,105.6,,,,,,,,,,,,560861.0,83.5,4.7,,,,,4.5,,,
2005-07-01,UK,,1.8,,2.3,,,,104.6,,,,,,,,,,,,566069.0,83.3,4.7,,,,,4.6,,,
2005-08-01,UK,,1.8,,2.4,,,,103.8,,,,,,,,,,,,566069.0,82.6,4.7,,,,,4.8,,,
2005-09-01,UK,,1.7,,2.5,,,,105.2,,,,,,,,,,,,566069.0,82.9,4.9,,,,,5.0,,,
2005-10-01,UK,,1.7,,2.3,,,,104.5,,,,,,,,,,,,571655.0,83.0,5.1,,,,,4.8,,,
2005-11-01,UK,,1.5,,2.1,,,,105.8,,,,,,,,,,,,571655.0,84.0,5.1,,,,,4.7,,,
2005-12-01,UK,,1.3,,1.9,,,,109.6,,,,,,,,,,,,571655.0,83.7,5.1,,,,,4.6,,,
2006-01-01,UK,,1.3,,1.9,,,,108.0,,,,,,,,,,,,573917.0,84.3,5.2,,,,,4.2,,,
2006-02-01,UK,,1.4,,2.0,,,,108.1,,,,,,,,,,,,573917.0,84.1,5.2,,,,,4.4,,,
2006-03-01,UK,,1.3,,1.8,,,,109.4,,,,,,,,,,,,573917.0,84.9,5.3,,,,,4.9,,,
2006-04-01,UK,,1.3,,2.0,,,,109.3,,,,,,,,,,,,575381.0,84.7,5.4,,,,,5.3,,,
2006-05-01,UK,,1.1,,2.2,,,,110.4,,,,,,,,,,,,575381.0,85.2,5.5,,,,,5.0,,,
2006-06-01,UK,,1.2,,2.5,,,,111.0,,,,,,,,,,,,575381.0,85.6,5.5,,,,,4.9,,,
2006-07-01,UK,,0.9,,2.4,,,,109.9,,,,,,,,,,,,576668.0,85.4,5.5,,,,,5.0,,,
2006-08-01,UK,,1.1,,2.5,,,,110.7,,,,,,,,,,,,576668.0,85.3,5.5,,,,,4.7,,,
2006-09-01,UK,,1.4,,2.4,,,,110.9,,,,,,,,,,,,576668.0,85.1,5.5,,,,,4.1,,,
2006-10-01,UK,,1.4,,2.4,,,,109.4,,,,,,,,,,,,578813.0,86.0,5.4,,,,,4.0,,,
2006-11-01,UK,,1.6,,2.7,,,,110.3,,,,,,,,,,,,578813.0,86.3,5.5,,,,,4.2,,,
2006-12-01,UK,,1.8,,3.0,,,,110.0,,,,,,,,,,,,578813.0,86.8,5.5,,,,,4.9,,,
2007-01-01,UK,,1.6,,2.7,,,,109.9,,,,,,,,,,,,585424.0,85.9,5.5,,,,,5.4,,,
2007-02-01,UK,,1.7,,2.8,,,,108.8,,,,,,,,,,,,585424.0,86.8,5.5,,,,,6.2,,,
2007-03-01,UK,,1.9,,3.1,,,,108.6,,,,,,,,,,,,585424.0,87.4,5.5,,,,,5.8,,,
2007-04-01,UK,,1.8,,2.8,,,,107.5,,,,,,,,,,,,590804.0,88.0,5.4,,,,,5.3,,,
2007-05-01,UK,,1.9,,2.5,,,,109.9,,,,,,,,,,,,590804.0,87.2,5.4,,,,,4.5,,,
2007-06-01,UK,,2.0,,2.4,,,,108.4,,,,,,,,,,,,590804.0,87.3,5.3,,,,,4.4,,,
2007-07-01,UK,,1.7,,1.9,,,,107.9,,,,,,,,,,,,596256.0,87.3,5.3,,,,,4.6,,,
2007-08-01,UK,,1.8,,1.8,,,,109.4,,,,,,,,,,,,596256.0,87.7,5.3,,,,,4.8,,,
2007-09-01,UK,,1.5,,1.8,,,,108.3,,,,,,,,,,,,596256.0,88.0,5.2,,,,,5.2,,,
2007-10-01,UK,,1.5,,2.1,,,,108.8,,,,,,,,,,,,601286.0,87.2,5.2,,,,,5.0,,,
2007-11-01,UK,,1.4,,2.1,,,,109.3,,,,,,,,,,,,601286.0,87.5,5.2,,,,,4.9,,,
2007-12-01,UK,,1.4,,2.1,,,,109.6,,,,,,,,,,,,601286.0,87.0,5.2,,,,,4.1,,,
2008-01-01,UK,,1.3,,2.2,,,,108.9,,,,,,,,,,,,603488.0,87.4,5.2,,,,,3.8,,,
2008-02-01,UK,,1.2,,2.5,,,,110.7,,,,,,,,,,,,603488.0,89.1,5.2,,,,,3.5,,,
2008-03-01,UK,,1.2,,2.5,,,,107.3,,,,,,,,,,,,603488.0,86.9,5.3,,,,,4.1,,,
2008-04-01,UK,,1.4,,3.0,,,,109.8,,,,,,,,,,,,600675.0,86.3,5.2,,,,,4.5,,,
2008-05-01,UK,,1.5,,3.3,,,,108.7,,,,,,,,,,,,600675.0,88.8,5.4,,,,,4.7,,,
2008-06-01,UK,,1.6,,3.8,,,,108.5,,,,,,,,,,,,600675.0,85.5,5.5,,,,,4.2,,,
2008-07-01,UK,,1.9,,4.4,,,,109.2,,,,,,,,,,,,591381.0,86.0,5.7,,,,,3.7,,,
2008-08-01,UK,,2.0,,4.7,,,,109.0,,,,,,,,,,,,591381.0,86.1,5.9,,,,,3.3,,,
2008-09-01,UK,,2.2,,5.2,,,,108.4,,,,,,,,,,,,591381.0,86.1,6.0,,,,,3.1,,,
2008-10-01,UK,,1.9,,4.5,,,,108.2,,,,,,,,,,,,578708.0,85.7,6.2,,,,,3.1,,,
2008-11-01,UK,,2.0,,4.1,,,,104.3,,,,,,,,,,,,578708.0,86.0,6.4,,,,,2.8,,,
2008-12-01,UK,,1.1,,3.1,,,,103.9,,,,,,,,,,,,578708.0,86.7,6.5,,,,,2.8,,,
2009-01-01,UK,,1.3,,3.0,,,,101.3,,,,,,,,,,,,567048.0,87.1,6.7,,,,,1.0,,,
2009-02-01,UK,,1.6,,3.2,,,,101.3,,,,,,,,,,,,567048.0,85.4,7.1,,,,,-1.8,,,
2009-03-01,UK,,1.7,,2.9,,,,100.8,,,,,,,,,,,,567048.0,85.9,7.3,,,,,-2.9,,,
2009-04-01,UK,,1.5,,2.3,,,,101.8,,,,,,,,,,,,565527.0,86.1,7.6,,,,,-1.8,,,
2009-05-01,UK,,1.6,,2.2,,,,100.3,,,,,,,,,,,,565527.0,86.3,7.8,,,,,0.5,,,
2009-06-01,UK,,1.6,,1.8,,,,101.3,,,,,,,,,,,,565527.0,86.8,7.9,,,,,1.2,,,
2009-07-01,UK,,1.8,,1.8,,,,101.7,,,,,,,,,,,,566340.0,87.1,7.9,,,,,0.9,,,
2009-08-01,UK,,1.8,,1.6,,,,99.7,,,,,,,,,,,,566340.0,87.3,7.8,,,,,0.8,,,
2009-09-01,UK,,1.7,,1.1,,,,100.1,,,,,,,,,,,,566340.0,87.1,7.9,,,,,0.7,,,
2009-10-01,UK,,1.8,,1.5,,,,100.1,,,,,,,,,,,,568098.0,87.3,7.8,,,,,0.6,,,
2009-11-01,UK,,1.9,,1.9,,,,100.1,,,,,,,,,,,,568098.0,86.8,7.8,,,,,0.7,,,
2009-12-01,UK,,2.8,,2.9,,,,99.9,,,,,,,,,,,,568098.0,86.1,7.7,,,,,0.7,,,
2010-01-01,UK,,3.1,,3.5,,1.6009,,99.0,,,,,,,,,0.5,,,573422.0,83.4,7.9,,,,,2.0,4.1135,,
2010-02-01,UK,,2.9,,3.0,,1.5239,,100.4,,,,,,,,,0.5,,,573422.0,85.8,8.0,,,,,4.6,4.2373,,
2010-03-01,UK,,3.0,,3.4,,1.5186,,101.5,,,,,,,,,0.5,,,573422.0,85.2,8.0,,,,,5.0,4.1764,,
2010-04-01,UK,,3.1,,3.7,,1.5308,,99.6,,,,,,,,,0.5,,,580342.0,85.7,7.9,,,,,3.8,4.1034,,
2010-05-01,UK,,2.9,,3.4,,1.4492,,99.8,,,,,,,,,0.5,,,580342.0,85.9,7.9,,,,,1.3,3.7919,,
2010-06-01,UK,,3.1,,3.2,,1.4947,,98.3,,,,,,,,,0.5,,,580342.0,85.9,7.8,,,,,1.0,3.5853,,
2010-07-01,UK,,2.6,,3.1,,1.5714,,97.5,,,,,,,,,0.5,,,583984.0,86.1,7.8,,,,,1.2,3.5691,,
2010-08-01,UK,,2.8,,3.1,,1.5358,,97.3,,,,,,,,,0.5,,,583984.0,86.2,7.8,,,,,1.3,3.0217,,
2010-09-01,UK,,2.7,,3.1,,1.5731,,96.6,,,,,,,,,0.5,,,583984.0,85.2,7.9,,,,,1.5,3.1512,,
2010-10-01,UK,,2.7,,3.2,,1.602,,97.8,,,,,,,,,0.5,,,584783.0,85.6,7.9,,,,,1.7,3.3042,,
2010-11-01,UK,,2.7,,3.3,,1.5578,,95.9,,,,,,,,,0.5,,,584783.0,85.5,7.9,,,,,1.8,3.4591,,
2010-12-01,UK,,2.9,,3.7,,1.5392,,95.0,,,,,,,,,0.5,,,584783.0,84.0,7.9,,,,,1.9,3.6174,,
2011-01-01,UK,,3.0,,4.0,,1.6042,,95.9,,,,,,,,,0.5,,,585700.0,85.5,7.8,,,,,2.7,3.8827,,
2011-02-01,UK,,3.4,,4.4,,1.6247,,93.2,,,,,,,,,0.5,,,585700.0,85.0,7.8,,,,,2.6,3.8872,,
2011-03-01,UK,,3.2,,4.0,,1.6048,,92.5,,,,,,,,,0.5,,,585700.0,85.0,7.7,,,,,2.8,3.8975,,
2011-04-01,UK,,3.7,,4.5,,1.6691,,91.9,,,,,,,,,0.5,,,586054.0,86.3,7.8,,,,,2.1,3.7116,,
2011-05-01,UK,,3.3,,4.5,,1.6439,,93.0,,,,,,,,,0.5,,,586054.0,84.5,7.9,,,,,2.4,3.5655,,
2011-06-01,UK,,2.8,,4.2,,1.6067,,93.2,,,,,,,,,0.5,,,586054.0,84.3,8.0,,,,,2.5,3.6665,,
2011-07-01,UK,,3.1,,4.4,,1.6455,,92.7,,,,,,,,,0.5,,,587389.0,84.7,8.2,,,,,2.8,3.1755,,
2011-08-01,UK,,3.1,,4.5,,1.6269,,92.5,,,,,,,,,0.5,,,587389.0,84.4,8.3,,,,,2.7,2.9038,,
2011-09-01,UK,,3.3,,5.2,,1.5624,,92.5,,,,,,,,,0.5,,,587389.0,84.6,8.4,,,,,2.2,2.5096,,
2011-10-01,UK,,3.4,,5.0,,1.6141,,92.3,,,,,,,,,0.5,,,587818.0,85.3,8.5,,,,,1.9,2.5642,,
2011-11-01,UK,,3.2,,4.8,,1.5705,,92.6,,,,,,,,,0.5,,,587818.0,85.0,8.4,,,,,1.9,2.4275,,
2011-12-01,UK,,3.0,,4.2,,1.5537,,93.3,,,,,,,,,0.5,,,587818.0,85.8,8.3,,,,,1.9,2.105,,
2012-01-01,UK,,2.6,,3.6,,1.5754,,92.9,,,,,,,,,0.5,,,594041.0,85.4,8.3,,,,,1.2,2.0983,,
2012-02-01,UK,,2.4,,3.4,,1.5951,,92.6,,,,,,,,,0.5,,,594041.0,84.6,8.2,,,,,0.8,2.2582,,
2012-03-01,UK,,2.5,,3.5,,1.5985,,92.3,,,,,,,,,0.5,,,594041.0,86.4,8.2,,,,,0.6,2.3026,,
2012-04-01,UK,,2.1,,3.0,,1.6225,,92.5,,,,,,,,,0.5,,,593660.0,84.2,8.1,,,,,1.3,2.2225,,
2012-05-01,UK,,2.2,,2.8,,1.5405,,93.6,,,,,,,,,0.5,,,593660.0,84.9,8.0,,,,,1.5,1.6781,,
2012-06-01,UK,,2.1,,2.4,,1.5686,,92.2,,,,,,,,,0.5,,,593660.0,85.1,8.0,,,,,1.6,1.8651,,
2012-07-01,UK,,2.3,,2.6,,1.5686,,94.4,,,,,,,,,0.5,,,599307.0,85.1,7.9,,,,,1.5,1.6111,,
2012-08-01,UK,,2.1,,2.5,,1.5864,,93.7,,,,,,,,,0.5,,,599307.0,85.1,7.8,,,,,1.7,1.6236,,
2012-09-01,UK,,2.1,,2.2,,1.6132,,91.6,,,,,,,,,0.5,,,599307.0,85.5,7.8,,,,,1.8,1.7105,,
2012-10-01,UK,,2.6,,2.7,,1.6111,,91.9,,,,,,,,,0.5,,,598683.0,84.7,7.8,,,,,1.7,1.8749,,
2012-11-01,UK,,2.6,,2.7,,1.6027,,92.8,,,,,,,,,0.5,,,598683.0,84.3,7.8,,,,,1.5,1.7969,,
2012-12-01,UK,,2.4,,2.7,,1.6262,,93.7,,,,,,,,,0.5,,,598683.0,84.6,7.8,,,,,1.2,1.8876,,
2013-01-01,UK,,2.3,,2.7,,1.5856,,92.5,,,,,,,,,0.5,,,601093.0,84.4,8.0,,,,,1.1,2.1883,,
2013-02-01,UK,,2.3,,2.8,,1.5192,,92.8,,,,,,,,,0.5,,,601093.0,85.7,7.8,,,,,1.0,2.1117,,
2013-03-01,UK,,2.4,,2.8,,1.5193,,93.5,,,,,,,,,0.5,,,601093.0,84.7,7.8,,,,,0.5,1.9006,,
2013-04-01,UK,,2.0,,2.4,,1.5539,,93.9,,,,,,,,,0.5,,,605505.0,84.7,7.7,,,,,1.4,1.7922,,
2013-05-01,UK,,2.2,,2.7,,1.5185,,94.2,,,,,,,,,0.5,,,605505.0,85.6,7.7,,,,,1.6,2.1634,,
2013-06-01,UK,,2.3,,2.9,,1.521,,95.4,,,,,,,,,0.5,,,605505.0,86.3,7.7,,,,,2.2,2.6171,,
2013-07-01,UK,,2.0,,2.8,,1.5177,,95.3,,,,,,,,,0.5,,,610184.0,86.5,7.7,,,,,1.2,2.5581,,
2013-08-01,UK,,2.0,,2.7,,1.5468,,94.5,,,,,,,,,0.5,,,610184.0,85.8,7.6,,,,,0.8,2.8293,,
2013-09-01,UK,,2.2,,2.7,,1.6179,,96.2,,,,,,,,,0.5,,,610184.0,86.7,7.4,,,,,0.7,2.7591,,
2013-10-01,UK,,1.7,,2.2,,1.6068,,95.6,,,,,,,,,0.5,,,614623.0,85.9,7.2,,,,,0.8,2.7045,,
2013-11-01,UK,,1.8,,2.1,,1.6373,,95.6,,,,,,,,,0.5,,,614623.0,86.5,7.2,,,,,0.8,2.8776,,
2013-12-01,UK,,1.7,,2.0,,1.6574,,95.5,,,,,,,,,0.5,,,614623.0,87.0,7.1,,,,,1.0,3.1571,,
2014-01-01,UK,,1.6,,1.9,,1.645,,95.6,,,,,,,,,0.5,,,619692.0,86.9,6.9,,,,,1.2,2.8347,,
2014-02-01,UK,,1.7,,1.7,,1.675,,96.3,,,,,,,,,0.5,,,619692.0,87.5,6.7,,,,,1.7,2.8561,,
2014-03-01,UK,,1.6,,1.6,,1.6675,,95.7,,,,,,,,,0.5,,,619692.0,88.5,6.6,,,,,1.8,2.8687,,
2014-04-01,UK,,2.0,,1.8,,1.6883,,95.5,,,,,,,,,0.5,,,625144.0,88.2,6.4,,,,,0.6,2.8078,,
2014-05-01,UK,,1.6,,1.5,,1.6764,,95.3,,,,,,,,,0.5,,,625144.0,88.7,6.3,,,,,0.0,2.7029,,
2014-06-01,UK,,2.0,,1.9,,1.7105,,95.5,,,,,,,,,0.5,,,625144.0,88.9,6.1,,,,,-0.3,2.812,,
2014-07-01,UK,,1.8,,1.6,,1.6889,,96.5,,,,,,,,,0.5,,,629997.0,89.1,6.0,,,,,0.5,2.7598,,
2014-08-01,UK,,1.9,,1.5,,1.6585,,95.6,,,,,,,,,0.5,,,629997.0,89.3,6.0,,,,,0.6,2.3916,,
2014-09-01,UK,,1.5,,1.2,,1.622,,96.6,,,,,,,,,0.5,,,629997.0,88.6,5.9,,,,,0.9,2.4682,,
2014-10-01,UK,,1.5,,1.3,,1.5999,,96.7,,,,,,,,,0.5,,,634318.0,89.6,5.9,,,,,1.4,2.3054,,
2014-11-01,UK,,1.2,,1.0,,1.5638,,97.0,,,,,,,,,0.5,,,634318.0,90.3,5.7,,,,,1.7,1.9853,,
2014-12-01,UK,,1.3,,0.5,,1.5578,,98.1,,,,,,,,,0.5,,,634318.0,92.4,5.6,,,,,2.0,1.8196,,
2015-01-01,UK,,1.4,,0.3,,1.5026,,97.6,,,,,,,,,0.5,,,636055.0,91.6,5.6,,,,,1.8,1.3867,,
2015-02-01,UK,,1.2,,0.0,,1.5439,,98.7,,,,,,,,,0.5,,,636055.0,91.6,5.5,,,,,1.7,1.8567,,
2015-03-01,UK,,1.0,,0.0,,1.485,,100.0,,,,,,,,,0.5,,,636055.0,91.8,5.5,,,,,2.3,1.6605,,
2015-04-01,UK,,0.8,,-0.1,,1.5328,,99.6,,,,,,,,,0.5,,,639481.0,92.4,5.6,,,,,2.7,1.9447,,
2015-05-01,UK,,0.9,,0.1,,1.5286,,100.3,,,,,,,,,0.5,,,639481.0,92.2,5.6,,,,,3.1,1.9178,,
2015-06-01,UK,,0.8,,0.0,,1.5727,,100.4,,,,,,,,,0.5,,,639481.0,92.4,5.5,,,,,2.5,2.1552,,
2015-07-01,UK,,1.2,,0.1,,1.5634,,100.0,,,,,,,,,0.5,,,642325.0,92.5,5.4,,,,,2.8,2.0074,,
2015-08-01,UK,,1.0,,0.0,,1.5363,,100.3,,,,,,,,,0.5,,,642325.0,91.9,5.3,,,,,3.0,1.9669,,
2015-09-01,UK,,1.0,,-0.1,,1.5116,,100.3,,,,,,,,,0.5,,,642325.0,94.0,5.2,,,,,2.9,1.7919,,
2015-10-01,UK,,1.1,,-0.1,,1.5445,,101.4,,,,,,,,,0.5,,,645860.0,93.1,5.1,,,,,2.4,1.9457,,
2015-11-01,UK,,1.2,,0.1,,1.5044,,99.6,,,,,,,,,0.5,,,645860.0,93.7,5.1,,,,,2.0,1.8741,,
2015-12-01,UK,,1.4,,0.2,,1.4746,,99.0,,,,,,,,,0.5,,,645860.0,93.8,5.1,,,,,1.9,2.0097,,
2016-01-01,UK,,1.2,,0.3,,1.4184,,100.1,,,,,,,,,0.5,,,649328.0,96.4,5.1,,,,,2.2,1.6355,,
2016-02-01,UK,,1.2,,0.3,,1.3926,,99.8,,,,,,,,,0.5,,,649328.0,95.3,5.1,,,,,2.0,1.4096,,
2016-03-01,UK,,1.5,,0.5,,1.4381,,99.1,,,,,,,,,0.5,,,649328.0,95.3,5.0,,,,,2.1,1.5041,,
2016-04-01,UK,,1.2,,0.3,,1.4625,,102.0,,,,,,,,,0.5,,,654127.0,95.8,4.9,,,,,2.2,1.6947,,
2016-05-01,UK,,1.2,,0.3,,1.453,,100.1,,,,,,,,,0.5,,,654127.0,97.0,4.9,,,,,2.4,1.5474,,
2016-06-01,UK,,1.4,,0.5,,1.3242,,99.4,,,,,,,,,0.5,,,654127.0,95.9,4.9,,,,,2.6,1.0263,,
2016-07-01,UK,,1.3,,0.6,,1.327,,99.3,,,,,,,,,0.5,,,656515.0,97.7,5.0,,,,,2.5,0.7998,,
2016-08-01,UK,,1.3,,0.6,,1.3129,,99.0,,,,,,,,,0.25,,,656515.0,97.5,4.8,,,,,2.4,0.6615,,
2016-09-01,UK,,1.5,,1.0,,1.3015,,99.4,,,,,,,,,0.25,,,656515.0,97.9,4.8,,,,,2.4,0.7968,,
2016-10-01,UK,,1.2,,0.9,,1.2212,,97.3,,,,,,,,,0.25,,,660563.0,99.6,4.8,,,,,2.5,1.2877,,
2016-11-01,UK,,1.4,,1.2,,1.2481,,98.7,,,,,,,,,0.25,,,660563.0,98.9,4.7,,,,,2.7,1.4765,,
2016-12-01,UK,,1.6,,1.6,,1.2337,,101.0,,,,,,,,,0.25,,,660563.0,98.4,4.7,,,,,2.5,1.2955,,
2017-01-01,UK,,1.6,,1.8,,1.2585,,99.5,,,,,,,,,0.25,,,668085.0,97.4,4.6,,,,,2.1,1.4858,,
2017-02-01,UK,,2.0,,2.3,,1.2427,,98.8,,,,,,,,,0.25,,,668085.0,97.9,4.6,,,,,2.1,1.1303,,
2017-03-01,UK,,1.8,,2.3,,1.2537,,98.3,,,,,,,,,0.25,,,668085.0,97.4,4.5,,,,,2.3,1.1343,,
2017-04-01,UK,,2.4,,2.7,,1.2938,,98.4,,,,,,,,,0.25,,,674559.0,99.2,4.4,,,,,2.2,1.1067,,
2017-05-01,UK,,2.6,,2.9,,1.2905,,99.1,,,,,,,,,0.25,,,674559.0,97.6,4.4,,,,,1.9,1.0669,,
2017-06-01,UK,,2.4,,2.6,,1.2995,,99.9,,,,,,,,,0.25,,,674559.0,98.5,4.3,,,,,2.2,1.2971,,
2017-07-01,UK,,2.4,,2.6,,1.3196,,100.3,,,,,,,,,0.25,,,679535.0,98.3,4.3,,,,,2.2,1.2613,,
2017-08-01,UK,,2.7,,2.9,,1.2888,,100.0,,,,,,,,,0.25,,,679535.0,99.4,4.3,,,,,2.4,1.0758,,
2017-09-01,UK,,2.7,,3.0,,1.3402,,102.0,,,,,,,,,0.25,,,679535.0,99.2,4.2,,,,,2.3,1.4009,,
2017-10-01,UK,,2.7,,3.0,,1.3281,,102.6,,,,,,,,,0.25,,,685220.0,99.5,4.3,,,,,2.6,1.3894,,
2017-11-01,UK,,2.7,,3.1,,1.3506,,102.9,,,,,,,,,0.5,,,685220.0,99.7,4.4,,,,,2.5,1.3844,,
2017-12-01,UK,,2.5,,3.0,,1.3529,,102.2,,,,,,,,,0.5,,,685220.0,99.8,4.3,,,,,2.6,1.258,,
2018-01-01,UK,,2.7,,3.0,,1.419,,103.7,,,,,,,,,0.5,,,685598.0,99.0,4.2,,,,,2.7,1.5477,,
2018-02-01,UK,,2.4,,2.7,,1.3794,,103.8,,,,,,,,,0.5,,,685598.0,99.4,4.2,,,,,2.9,1.5738,,
2018-03-01,UK,,2.3,,2.5,,1.4027,,103.1,,,,,,,,,0.5,,,685598.0,97.8,4.2,,,,,2.6,1.424,,
2018-04-01,UK,,2.1,,2.4,,1.3751,,103.3,,,,,,,,,0.5,,,686829.0,99.6,4.2,,,,,2.6,1.5084,,
2018-05-01,UK,,2.1,,2.4,,1.3289,,102.5,,,,,,,,,0.5,,,686829.0,101.1,4.0,,,,,2.5,1.3335,,
2018-06-01,UK,,1.9,,2.4,,1.3197,,104.0,,,,,,,,,0.5,,,686829.0,100.7,4.0,,,,,2.4,1.391,,
2018-07-01,UK,,1.9,,2.5,,1.3125,,102.9,,,,,,,,,0.5,,,689176.0,101.6,4.0,,,,,2.7,1.4422,,
2018-08-01,UK,,2.1,,2.7,,1.2964,,103.9,,,,,,,,,0.75,,,689176.0,102.0,4.1,,,,,2.9,1.4116,,
2018-09-01,UK,,1.9,,2.4,,1.3053,,103.2,,,,,,,,,0.75,,,689176.0,101.7,4.1,,,,,3.1,1.568,,
2018-10-01,UK,,1.9,,2.4,,1.2779,,102.9,,,,,,,,,0.75,,,690171.0,101.0,4.0,,,,,3.4,1.4322,,
2018-11-01,UK,,1.8,,2.3,,1.2772,,102.4,,,,,,,,,0.75,,,690171.0,102.4,4.0,,,,,3.4,1.3685,,
2018-12-01,UK,,1.9,,2.1,,1.2763,,100.4,,,,,,,,,0.75,,,690171.0,102.4,3.9,,,,,3.5,1.3052,,
2019-01-01,UK,,1.9,,1.8,,1.3135,,103.4,,,,,,,,,0.75,,,693916.0,102.6,4.0,,,,,3.4,1.2543,,
2019-02-01,UK,,1.8,,1.9,,1.3274,,104.2,,,,,,,,,0.75,,,693916.0,102.9,3.8,,,,,3.6,1.333,,
2019-03-01,UK,,1.8,,1.9,,1.3032,,104.6,,,,,,,,,0.75,,,693916.0,104.0,3.8,,,,,3.3,1.0361,,
2019-04-01,UK,,1.8,,2.1,,1.303,,102.3,,,,,,,,,0.75,,,695449.0,103.9,3.8,,,,,3.2,1.2169,,
2019-05-01,UK,,1.7,,2.0,,1.262,,103.6,,,,,,,,,0.75,,,695449.0,102.7,3.9,,,,,3.3,0.9332,,
2019-06-01,UK,,1.8,,2.0,,1.2704,,103.8,,,,,,,,,0.75,,,695449.0,103.9,3.9,,,,,3.9,0.8914,,
2019-07-01,UK,,1.9,,2.1,,1.222,,104.2,,,,,,,,,0.75,,,699774.0,105.0,3.9,,,,,4.0,0.6791,,
2019-08-01,UK,,1.5,,1.7,,1.2166,,103.5,,,,,,,,,0.75,,,699774.0,104.4,3.9,,,,,3.8,0.4426,,
2019-09-01,UK,,1.7,,1.7,,1.2305,,105.3,,,,,,,,,0.75,,,699774.0,104.4,3.8,,,,,3.8,0.4567,,
2019-10-01,UK,,1.7,,1.5,,1.2939,,106.3,,,,,,,,,0.75,,,700898.0,103.8,3.8,,,,,3.2,0.5984,,
2019-11-01,UK,,1.7,,1.5,,1.2939,,106.1,,,,,,,,,0.75,,,700898.0,103.3,3.7,,,,,3.2,0.6848,,
2019-12-01,UK,,1.4,,1.3,,1.3269,,106.2,,,,,,,,,0.75,,,700898.0,104.4,3.9,,,,,2.7,0.8214,,
2020-01-01,UK,,1.6,,1.8,,1.3195,,108.0,,,,,,,,,0.75,,,681079.0,104.3,3.9,,,,,3.0,0.5295,,
2020-02-01,UK,,1.7,,1.7,,1.2778,,110.1,,,,,,,,,0.75,,,681079.0,103.7,4.1,,,,,2.8,0.4331,,
2020-03-01,UK,,1.6,,1.5,,1.2454,,101.9,,,,,,,,,0.1,,,681079.0,97.3,4.1,,,,,2.2,0.3616,,
2020-04-01,UK,,1.4,,0.8,,1.2602,,86.0,,,,,,,,,0.1,,,545357.0,80.0,4.1,,,,,0.9,0.2439,,
2020-05-01,UK,,1.2,,0.5,,1.232,,92.4,,,,,,,,,0.1,,,545357.0,90.6,4.1,,,,,-0.4,0.1845,,
2020-06-01,UK,,1.4,,0.6,,1.2369,,102.3,,,,,,,,,0.1,,,545357.0,101.7,4.4,,,,,-1.2,0.1917,,
2020-07-01,UK,,1.8,,1.0,,1.3133,,106.6,,,,,,,,,0.1,,,637325.0,106.7,4.6,,,,,-0.9,0.1252,,
2020-08-01,UK,,0.9,,0.2,,1.3375,,110.0,,,,,,,,,0.1,,,637325.0,108.5,5.0,,,,,0.2,0.3533,,
2020-09-01,UK,,1.3,,0.5,,1.2921,,111.1,,,,,,,,,0.1,,,637325.0,110.1,5.2,,,,,1.5,0.2562,,
2020-10-01,UK,,1.5,,0.7,,1.2933,,111.0,,,,,,,,,0.1,,,645983.0,111.0,5.2,,,,,2.8,0.2976,,
2020-11-01,UK,,1.1,,0.3,,1.3338,,111.9,,,,,,,,,0.1,,,645983.0,106.0,5.3,,,,,3.7,0.3555,,
2020-12-01,UK,,1.4,,0.6,,1.3662,,111.5,,,,,,,,,0.1,,,645983.0,106.9,5.2,,,,,4.6,0.2308,,
2021-01-01,UK,,1.4,,0.7,,1.3723,,108.6,,,,,,,,,0.1,,,639155.0,98.9,5.0,,,,,4.8,0.372,,
2021-02-01,UK,,0.9,,0.4,,1.3947,,108.7,,,,,,,,,0.1,,,639155.0,99.8,4.9,,,,,4.5,0.8926,,
2021-03-01,UK,,1.1,,0.7,,1.3795,,109.2,,,,,,,,,0.1,,,639155.0,103.9,4.8,,,,,4.2,0.9282,,
2021-04-01,UK,,1.3,,1.5,,1.3838,,109.0,,,,,,,,,0.1,,,683804.0,112.8,4.8,,,,,5.6,0.931,,
2021-05-01,UK,,2.0,,2.1,,1.4188,,107.9,,,,,,,,,0.1,,,683804.0,110.2,4.7,,,,,7.4,0.8888,,
2021-06-01,UK,,2.3,,2.5,,1.3806,,107.2,,,,,,,,,0.1,,,683804.0,110.9,4.6,,,,,8.9,0.8202,,
2021-07-01,UK,,1.8,,2.0,,1.3913,,105.5,,,,,,,,,0.1,,,695448.0,108.5,4.5,,,,,8.4,0.65,,
2021-08-01,UK,,3.1,,3.2,,1.3747,,106.2,,,,,,,,,0.1,,,695448.0,108.9,4.4,,,,,7.2,0.7138,,
2021-09-01,UK,,2.9,,3.1,,1.347,,105.2,,,,,,,,,0.1,,,695448.0,109.0,4.3,,,,,6.0,1.0429,,
2021-10-01,UK,,3.4,,4.2,,1.3686,,103.7,,,,,,,,,0.1,,,705106.0,108.6,4.2,,,,,5.1,1.0393,,
2021-11-01,UK,,4.0,,5.1,,1.3252,,105.1,,,,,,,,,0.1,,,705106.0,108.4,4.2,,,,,4.4,0.8244,,
2021-12-01,UK,,4.2,,5.4,,1.35,,104.0,,,,,,,,,0.25,,,705106.0,108.4,4.1,,,,,4.9,0.9785,,
2022-01-01,UK,,4.4,,5.5,,1.3439,,104.4,,,,,,,,,0.25,,,711195.0,107.6,3.9,,,,,5.2,1.3238,,
2022-02-01,UK,,5.2,,6.2,,1.3419,,103.5,,,,,,,,,0.5,,,711195.0,106.3,3.8,,,,,5.9,1.4274,,
2022-03-01,UK,,5.7,,7.0,,1.3152,,103.2,,,,,,,,,0.75,,,711195.0,105.5,3.8,,,,,7.2,1.6264,,
2022-04-01,UK,,6.2,,9.0,,1.2565,,103.7,,,,,,,,,0.75,,,715183.0,104.7,3.7,,,,,7.1,1.9191,,
2022-05-01,UK,,5.9,,9.1,,1.2624,,104.1,,,,,,,,,1.0,,,715183.0,103.0,3.8,,,,,6.5,2.1303,,
2022-06-01,UK,,5.8,,9.4,,1.2162,,102.5,,,,,,,,,1.25,,,715183.0,102.8,3.6,,,,,5.3,2.2942,,
2022-07-01,UK,,6.2,,10.1,,1.2183,,102.7,,,,,,,,,1.25,,,715908.0,103.2,3.6,,,,,5.5,1.9277,,
2022-08-01,UK,,6.3,,9.9,,1.1647,,102.5,,,,,,,,,1.75,,,715908.0,101.5,3.7,,,,,6.1,2.8624,,
2022-09-01,UK,,6.5,,10.1,,1.1134,,100.8,,,,,,,,,2.25,,,715908.0,100.3,3.8,,,,,6.0,4.1021,,
2022-10-01,UK,,6.5,,11.1,,1.1515,,101.3,,,,,,,,,2.25,,,717973.0,101.5,3.9,,,,,6.2,3.6167,,
2022-11-01,UK,,6.3,,10.7,,1.1962,,102.1,,,,,,,,,3.0,,,717973.0,100.6,3.9,,,,,6.6,3.2515,,
2022-12-01,UK,,6.3,,10.5,,1.2077,,100.9,,,,,,,,,3.5,,,717973.0,100.7,3.9,,,,,6.2,3.7312,,
2023-01-01,UK,,5.8,,10.1,,1.2324,,100.5,,,,,,,,,3.5,,,719034.0,100.8,4.0,,,,,6.1,3.4113,,
2023-02-01,UK,,6.2,,10.4,,1.2093,,100.5,,,,,,,,,4.0,,,719034.0,101.2,4.0,,,,,5.9,3.7806,,
2023-03-01,UK,,6.2,,10.1,,1.2369,,100.0,,,,,,,,,4.25,,,719034.0,99.9,3.9,,,,,6.2,3.4781,,
2023-04-01,UK,,6.8,,8.7,,1.2582,,100.2,,,,,,,,,4.25,,,719338.0,101.3,4.0,,,,,6.7,3.6783,,
2023-05-01,UK,,7.1,,8.7,,1.2396,,99.4,,,,,,,,,4.5,,,719338.0,100.0,4.2,,,,,7.2,4.1155,,
2023-06-01,UK,,6.9,,7.9,,1.2709,,101.3,,,,,,,,,5.0,,,719338.0,100.8,4.4,,,,,8.3,4.2884,,
2023-07-01,UK,,6.9,,6.8,,1.2857,,100.7,,,,,,,,,5.0,,,718217.0,99.7,4.3,,,,,8.5,4.2135,,
2023-08-01,UK,,6.2,,6.7,,1.2667,,100.5,,,,,,,,,5.25,,,718217.0,99.6,4.1,,,,,8.2,4.292,,
2023-09-01,UK,,6.1,,6.7,,1.2214,,100.0,,,,,,,,,5.25,,,718217.0,98.5,4.0,,,,,7.9,4.3923,,
2023-10-01,UK,,5.7,,4.6,,1.2135,,98.7,,,,,,,,,5.25,,,716359.0,99.1,4.0,,,,,7.1,4.5067,,
2023-11-01,UK,,5.1,,3.9,,1.264,,99.0,,,,,,,,,5.25,,,716359.0,100.6,3.9,,,,,6.6,4.1773,,
2023-12-01,UK,,5.1,,4.0,,1.2743,,99.3,,,,,,,,,5.25,,,716359.0,97.0,4.1,,,,,5.8,3.5803,,
2024-01-01,UK,,5.1,,4.0,,1.2733,,98.0,,,,,,,,,5.25,,,721604.0,100.2,4.2,,,,,5.8,3.8427,,
2024-02-01,UK,,4.5,,3.4,,1.2632,,98.6,,,,,,,,,5.25,,,721604.0,100.3,4.3,,,,,5.7,4.0735,,
2024-03-01,UK,,4.2,,3.2,,1.2637,,99.3,,,,,,,,,5.25,,,721604.0,99.7,4.4,,,,,5.8,3.8917,,
2024-04-01,UK,,3.9,,2.3,,1.2514,,98.6,,,,,,,,,5.25,,,726081.0,98.6,4.4,,,,,5.7,4.316,,
2024-05-01,UK,,3.5,,2.0,,1.2738,,98.6,,,,,,,,,5.25,,,726081.0,100.9,4.2,,,,,5.7,4.2693,,
2024-06-01,UK,,3.5,,2.0,,1.264,,98.5,,,,,,,,,5.25,,,726081.0,99.3,4.2,,,,,4.8,4.1534,,
2024-07-01,UK,,3.3,,2.2,,1.284,,97.9,,,,,,,,,5.25,,,727325.0,100.3,4.1,,,,,4.4,3.9721,,
2024-08-01,UK,,3.6,,2.2,,1.3132,,98.9,,,,,,,,,5.0,,,727325.0,100.5,4.3,,,,,4.1,3.971,,
2024-09-01,UK,,3.2,,1.7,,1.3399,,98.9,,,,,,,,,5.0,,,727325.0,100.5,4.2,,,,,4.6,3.9915,,
2024-10-01,UK,,3.3,,2.3,,1.2856,,98.3,,,,,,,,,5.0,,,729940.0,99.9,4.4,,,,,5.3,4.4096,,
2024-11-01,UK,,3.5,,2.6,,1.2699,,97.3,,,,,,,,,4.75,,,729940.0,99.9,4.4,,,,,5.5,4.2333,,
2024-12-01,UK,,3.2,,2.5,,1.2521,,97.9,,,,,,,,,4.75,,,729940.0,100.0,4.4,,,,,6.0,4.5701,,
2025-01-01,UK,,3.7,,3.0,,1.2447,,98.1,,,,,,,,,4.75,,,734321.0,98.8,4.5,,,,,5.7,4.5379,,
2025-02-01,UK,,3.5,,2.8,,1.2591,,99.5,,,,,,,,,4.5,,,734321.0,100.9,4.6,,,,,5.7,4.4835,,
2025-03-01,UK,,3.4,,2.6,,1.2896,,98.7,,,,,,,,,4.5,,,734321.0,101.9,4.6,,,,,5.5,4.6611,,
2025-04-01,UK,,3.8,,3.5,,1.3344,,99.0,,,,,,,,,4.5,,,734373.0,101.8,4.7,,,,,5.3,4.4529,,
2025-05-01,UK,,3.5,,3.4,,1.3468,,97.5,,,,,,,,,4.25,,,734373.0,99.9,4.7,,,,,5.0,4.6712,,
2025-06-01,UK,,3.7,,3.6,,1.3722,,98.5,,,,,,,,,4.25,,,734373.0,100.3,4.7,,,,,4.7,4.5139,,
2025-07-01,UK,,3.8,,3.8,,1.322,,97.9,,,,,,,,,4.25,,,735710.0,102.0,4.8,,,,,4.9,4.6023,,
2025-08-01,UK,,3.6,,3.8,,1.3511,,97.8,,,,,,,,,4.0,,,735710.0,101.2,5.0,,,,,5.0,4.7688,,
2025-09-01,UK,,3.5,,3.8,,1.3443,,96.1,,,,,,,,,4.0,,,735710.0,102.4,5.1,,,,,4.9,4.7628,,
2025-10-01,UK,,3.4,,3.6,,1.3141,,97.7,,,,,,,,,4.0,,,735791.0,101.6,5.1,,,,,4.8,4.4773,,
2025-11-01,UK,,3.2,,3.2,,1.3239,,99.1,,,,,,,,,4.0,,,735791.0,101.2,5.2,,,,,4.6,4.5335,,
2025-12-01,UK,,3.2,,3.4,,1.3447,,98.6,,,,,,,,,3.75,,,735791.0,101.2,5.2,,,,,4.2,4.5716,,
2026-01-01,UK,,3.1,,3.0,,1.3729,,98.4,,,,,,,,,3.75,,,740509.0,103.1,4.9,,,,,4.1,4.6274,,
2026-02-01,UK,,3.2,,3.0,,1.3455,,98.8,,,,,,,,,3.75,,,740509.0,102.3,5.0,,,,,3.9,4.3519,,
2026-03-01,UK,,3.1,,3.3,,1.3184,,98.7,,,,,,,,,3.75,,,740509.0,102.8,4.9,,,,,4.4,4.9442,,
2026-04-01,UK,,2.5,,2.8,,1.358,,99.1,,,,,,,,,3.75,,,744453.0,101.9,4.9,,,,,4.4,5.0557,,
2026-05-01,UK,,2.6,,2.8,,1.3476,,98.5,,,,,,,,,3.75,,,744453.0,103.1,4.9,,,,,4.4,4.8604,,
2026-06-01,UK,,2.6,,2.6,,1.3259,,98.3,,,,,,,,,3.75,,,744453.0,103.7,4.9,,,,,4.2,4.8267,,
2026-07-01,UK,,2.6,,2.9,,1.347,,98.5,,,,,,,,,3.75,,,744453.0,103.1,4.9,,,,,3.9,5.104,,
2026-08-01,UK,,2.6,,3.1,,1.355,,98.5,,,,,,,,,3.75,,,744453.0,103.6,4.9,,,,,3.9,5.141,,
2026-09-01,UK,,2.6,,3.1,,1.325,,98.5,,,,,,,,,3.75,,,744453.0,103.6,4.9,,,,,3.9,5.3807,,
2026-10-01,UK,,2.6,,3.1,,1.325,,98.5,,,,,,,,,3.75,,,744453.0,103.6,4.9,,,,,3.9,5.3807,,
2010-01-01,US,74.4,220.633,89.368,217.488,1.387,,,89.3426,,496000.0,,,129802.0,90.136,,,0.11,101.2,,16582.71,339093.0,9.8,,,93.7638,24.62,,3.63,0.82,2.81
2010-02-01,US,73.6,220.731,89.446,217.281,1.366,,,89.6779,,488000.0,,,129706.0,90.134,,,0.13,101.0,,16582.71,339580.0,9.8,,,93.6602,19.5,,3.61,0.81,2.8
2010-03-01,US,73.6,220.783,89.579,217.353,1.3526,,,90.2928,,459000.0,,,129866.0,90.261,,,0.16,101.1,,16582.71,346974.0,9.9,,,92.8987,17.59,,3.84,1.02,2.82
2010-04-01,US,72.2,220.822,89.625,217.403,1.3302,,,90.5991,,449000.0,,,130120.0,90.31,,,0.2,101.4,,16743.162,349869.0,9.9,,,92.8423,22.05,,3.69,0.97,2.72
2010-05-01,US,73.6,220.962,89.724,217.29,1.2369,,,91.823,,458000.0,,,130642.0,90.339,,,0.2,101.6,,16743.162,346858.0,9.6,,,96.3062,32.07,,3.31,0.76,2.55
2010-06-01,US,76.0,221.194,89.767,217.199,1.2291,,,91.9928,,464000.0,,,130510.0,90.301,,,0.18,101.4,,16743.162,346516.0,9.4,,,95.9934,34.54,,2.97,0.61,2.36
2010-07-01,US,67.8,221.363,89.769,217.605,1.3069,,,92.3421,,476000.0,,,130415.0,90.378,,,0.18,101.6,,16872.266,347612.0,9.4,,,93.2793,23.5,,2.94,0.55,2.39
2010-08-01,US,68.9,221.509,89.855,217.923,1.2704,,,92.6805,,467000.0,,,130415.0,90.502,,,0.19,101.8,,16872.266,349188.0,9.5,,,94.7204,26.05,,2.47,0.47,2.0
2010-09-01,US,68.2,221.711,89.906,218.275,1.3601,,,92.9537,,459000.0,,,130341.0,90.592,,,0.19,102.1,,16872.266,352179.0,9.5,,,91.3415,23.7,,2.53,0.42,2.11
2010-10-01,US,67.7,221.83,90.043,219.035,1.3894,,,92.6903,,453000.0,,,130620.0,90.881,,,0.19,102.5,,16960.864,356215.0,9.4,,,90.0935,21.2,,2.63,0.34,2.29
2010-11-01,US,71.6,222.149,90.16,219.59,1.3036,,,92.7709,,432000.0,,,130749.0,91.062,,,0.19,102.8,,16960.864,359450.0,9.8,,,92.1494,23.54,,2.81,0.45,2.36
2010-12-01,US,74.5,222.343,90.179,220.472,1.3269,,,93.6787,,404000.0,,,130830.0,91.268,,,0.18,103.1,,16960.864,361979.0,9.3,,,90.5146,17.75,,3.3,0.61,2.69
2011-01-01,US,74.2,222.803,90.372,221.187,1.3715,,,93.4814,,420000.0,,,130837.0,91.542,,,0.17,103.7,,16920.632,364394.0,9.1,,,89.694,19.53,,3.42,0.58,2.84
2011-02-01,US,77.5,223.213,90.53,221.898,1.3793,,,93.1102,,385000.0,,,131057.0,91.797,,,0.16,104.3,,16920.632,367475.0,9.0,,,88.9391,18.35,,3.42,0.69,2.73
2011-03-01,US,67.5,223.454,90.667,223.046,1.4183,,,94.0788,,399000.0,,,131283.0,92.166,,,0.14,105.0,,16920.632,370775.0,9.0,,,88.0299,17.74,,3.47,0.8,2.67
2011-04-01,US,69.8,223.727,90.875,224.093,1.4821,,,93.7749,,468000.0,,,131597.0,92.557,,,0.1,105.5,,17035.114,372820.0,9.1,,,85.5999,14.75,,3.32,0.61,2.71
2011-05-01,US,74.3,224.175,91.091,224.806,1.4376,,,93.888,,418000.0,,,131703.0,92.838,,,0.09,105.8,,17035.114,372505.0,9.0,,,86.656,15.45,,3.05,0.45,2.6
2011-06-01,US,71.5,224.697,91.191,224.806,1.4523,,,94.172,,421000.0,,,131931.0,92.819,,,0.09,105.9,,17035.114,375587.0,9.1,,,86.4786,16.52,,3.18,0.45,2.73
2011-07-01,US,63.7,225.218,91.326,225.395,1.4388,,,94.636,,406000.0,,,131992.0,92.977,,,0.07,106.1,,17031.313,375442.0,9.0,,,85.7282,25.25,,2.82,0.36,2.46
2011-08-01,US,55.8,225.862,91.508,226.106,1.4406,,,95.2749,,409000.0,,,132125.0,93.196,,,0.1,106.3,,17031.313,375860.0,9.0,,,86.7739,31.62,,2.23,0.2,2.03
2011-09-01,US,59.5,226.118,91.57,226.597,1.3449,,,95.1961,,406000.0,,,132344.0,93.327,,,0.08,106.7,,17031.313,380042.0,9.0,,,91.9998,42.96,,1.92,0.25,1.67
2011-10-01,US,60.8,226.506,91.614,226.75,1.3947,,,95.8568,,399000.0,,,132553.0,93.329,,,0.07,106.3,,17222.583,382207.0,8.8,,,89.2053,29.96,,2.17,0.25,1.92
2011-11-01,US,63.7,226.899,91.808,227.169,1.3453,,,95.8485,,397000.0,,,132690.0,93.52,,,0.08,106.6,,17222.583,383422.0,8.6,,,91.4728,27.8,,2.08,0.25,1.83
2011-12-01,US,69.9,227.405,91.96,227.223,1.2973,,,96.3571,,376000.0,,,132888.0,93.574,,,0.07,106.5,,17222.583,383985.0,8.5,,,92.4262,23.4,,1.89,0.25,1.64
2012-01-01,US,75.0,227.877,92.235,227.842,1.3053,,,96.9318,,372000.0,,,133246.0,93.894,,,0.08,106.9,,17367.01,387531.0,8.3,,,90.5538,19.44,,1.83,0.22,1.61
2012-02-01,US,75.3,228.034,92.364,228.329,1.3359,,,97.2435,,365000.0,,,133509.0,94.104,,,0.1,107.2,,17367.01,392310.0,8.3,,,89.7487,18.43,,1.98,0.3,1.68
2012-03-01,US,76.2,228.478,92.521,228.807,1.3334,,,96.74,,358000.0,,,133748.0,94.284,,,0.13,107.4,,17367.01,393698.0,8.2,,,90.4593,15.5,,2.23,0.33,1.9
2012-04-01,US,76.4,228.905,92.661,229.187,1.3229,,,97.4359,,372000.0,,,133825.0,94.408,,,0.14,107.7,,17444.525,392073.0,8.2,,,90.3634,17.15,,1.95,0.27,1.68
2012-05-01,US,79.3,229.224,92.755,228.713,1.2364,,,97.6609,,381000.0,,,133932.0,94.302,,,0.16,107.6,,17444.525,391376.0,8.2,,,94.6856,24.06,,1.59,0.27,1.32
2012-06-01,US,73.2,229.623,92.85,228.524,1.2668,,,97.6663,,372000.0,,,134013.0,94.254,,,0.16,107.3,,17444.525,387901.0,8.2,,,92.9096,17.08,,1.67,0.33,1.34
2012-07-01,US,72.3,229.97,92.946,228.59,1.2315,,,97.8713,,372000.0,,,134157.0,94.288,,,0.16,107.2,,17469.65,389686.0,8.2,,,92.8422,18.93,,1.51,0.23,1.28
2012-08-01,US,74.3,230.233,93.005,229.918,1.2578,,,97.4525,,377000.0,,,134339.0,94.605,,,0.13,107.5,,17469.65,394524.0,8.1,,,92.1677,17.47,,1.57,0.22,1.35
2012-09-01,US,78.3,230.659,93.119,231.015,1.2856,,,97.381,,376000.0,,,134517.0,94.893,,,0.14,108.2,,17469.65,397681.0,7.8,,,90.8342,15.73,,1.65,0.23,1.42
2012-10-01,US,82.6,231.024,93.345,231.638,1.2958,,,97.7193,,364000.0,,,134669.0,95.174,,,0.16,108.3,,17489.852,397494.0,7.8,,,91.1609,18.6,,1.72,0.3,1.42
2012-11-01,US,82.7,231.33,93.445,231.249,1.301,,,98.0777,,388000.0,,,134825.0,95.109,,,0.16,108.4,,17489.852,399708.0,7.7,,,91.1038,15.87,,1.62,0.25,1.37
2012-12-01,US,72.9,231.725,93.514,231.221,1.3186,,,98.3101,,362000.0,,,135074.0,95.094,,,0.16,108.4,,17489.852,401093.0,7.9,,,91.0834,18.02,,1.78,0.25,1.53
2013-01-01,US,73.8,232.229,93.703,231.679,1.3584,,,98.3342,,366000.0,,,135257.0,95.275,,,0.14,108.7,,17662.4,404434.0,8.0,,,90.798,14.28,,2.02,0.27,1.75
2013-02-01,US,77.6,232.569,93.805,232.937,1.3079,,,98.7941,,342000.0,,,135546.0,95.614,,,0.15,108.9,,17662.4,409118.0,7.7,,,92.295,15.51,,1.89,0.25,1.64
2013-03-01,US,78.6,232.794,93.891,232.282,1.2816,,,99.1921,,375000.0,,,135689.0,95.488,,,0.14,108.9,,17662.4,406223.0,7.5,,,92.302,12.7,,1.87,0.25,1.62
2013-04-01,US,76.4,232.832,93.937,231.797,1.3168,,,99.1065,,331000.0,,,135873.0,95.391,,,0.15,108.7,,17709.671,404231.0,7.6,,,91.3741,13.52,,1.7,0.22,1.48
2013-05-01,US,84.5,232.996,94.047,231.893,1.2988,,,99.1839,,353000.0,,,136096.0,95.461,,,0.11,108.6,,17709.671,406677.0,7.5,,,93.6076,16.3,,2.16,0.3,1.86
2013-06-01,US,84.1,233.35,94.209,232.445,1.301,,,99.3897,,340000.0,,,136279.0,95.673,,,0.09,109.0,,17709.671,407921.0,7.5,,,94.3047,16.86,,2.52,0.36,2.16
2013-07-01,US,85.1,233.88,94.329,232.9,1.3282,,,99.0814,,334000.0,,,136391.0,95.792,,,0.09,109.2,,17860.45,410268.0,7.3,,,93.5703,13.45,,2.6,0.31,2.29
2013-08-01,US,82.1,234.336,94.431,233.456,1.3196,,,99.6543,,325000.0,,,136646.0,95.934,,,0.08,109.3,,17860.45,409691.0,7.2,,,94.7541,17.01,,2.78,0.39,2.39
2013-09-01,US,77.5,234.7,94.543,233.544,1.3535,,,100.161,,319000.0,,,136821.0,95.976,,,0.08,109.3,,17860.45,410044.0,7.2,,,92.9207,16.6,,2.64,0.33,2.31
2013-10-01,US,73.2,234.921,94.703,233.669,1.3594,,,100.082,,347000.0,,,137041.0,96.103,,,0.09,109.5,,18016.147,411399.0,7.2,,,92.731,13.75,,2.57,0.31,2.26
2013-11-01,US,75.1,235.359,94.86,234.1,1.3606,,,100.3158,,312000.0,,,137317.0,96.246,,,0.08,109.7,,18016.147,412561.0,6.9,,,93.6291,13.7,,2.75,0.28,2.47
2013-12-01,US,82.5,235.759,94.961,234.719,1.3779,,,100.5175,,332000.0,,,137372.0,96.414,,,0.09,109.8,,18016.147,414812.0,6.7,,,93.5576,13.72,,3.04,0.38,2.66
2014-01-01,US,81.2,235.961,95.064,235.288,1.35,,,100.1599,,340000.0,,,137561.0,96.614,,,0.07,110.1,,17953.974,411561.0,6.6,,,95.1774,18.41,,2.67,0.34,2.33
2014-02-01,US,81.6,236.185,95.109,235.547,1.3806,,,100.9168,,341000.0,,,137712.0,96.66,,,0.07,110.3,,17953.974,416736.0,6.7,,,94.3879,14.0,,2.66,0.33,2.33
2014-03-01,US,80.0,236.625,95.25,236.028,1.3777,,,101.8942,,330000.0,,,137985.0,96.815,,,0.08,110.7,,17953.974,421230.0,6.7,,,94.2432,13.88,,2.73,0.44,2.29
2014-04-01,US,84.1,237.072,95.413,236.468,1.387,,,101.9928,,345000.0,,,138298.0,96.987,,,0.09,110.8,,18185.911,425546.0,6.2,,,93.8896,13.41,,2.67,0.42,2.25
2014-05-01,US,81.9,237.529,95.574,236.918,1.364,,,102.3836,,312000.0,,,138513.0,97.147,,,0.09,111.0,,18185.911,426253.0,6.3,,,93.7606,11.4,,2.48,0.37,2.11
2014-06-01,US,82.5,237.837,95.682,237.231,1.369,,,102.735,,308000.0,,,138849.0,97.253,,,0.1,110.9,,18185.911,427305.0,6.1,,,93.2058,11.57,,2.53,0.47,2.06
2014-07-01,US,81.8,238.195,95.848,237.498,1.339,,,102.9632,,303000.0,,,139072.0,97.391,,,0.09,111.3,,18406.941,428079.0,6.2,,,94.4467,16.95,,2.58,0.53,2.05
2014-08-01,US,82.5,238.405,95.885,237.46,1.315,,,102.7688,,303000.0,,,139269.0,97.379,,,0.09,111.3,,18406.941,431379.0,6.1,,,94.7251,11.98,,2.35,0.48,1.87
2014-09-01,US,84.6,238.786,96.013,237.477,1.2628,,,103.0641,,290000.0,,,139563.0,97.413,,,0.09,111.1,,18406.941,430189.0,5.9,,,97.5261,16.31,,2.52,0.58,1.94
2014-10-01,US,86.9,239.191,96.096,237.43,1.253,,,103.0764,,291000.0,,,139798.0,97.384,,,0.09,111.3,,18500.031,431903.0,5.7,,,98.1163,14.03,,2.35,0.5,1.85
2014-11-01,US,88.8,239.458,96.181,236.983,1.2438,,,103.7126,,291000.0,,,140089.0,97.291,,,0.09,111.1,,18500.031,433113.0,5.8,,,100.0719,13.33,,2.18,0.47,1.71
2014-12-01,US,93.6,239.584,96.249,236.252,1.2101,,,103.7044,,285000.0,,,140364.0,97.12,,,0.12,110.8,,18500.031,430110.0,5.6,,,102.2843,19.2,,2.17,0.67,1.5
2015-01-01,US,98.1,239.811,96.214,234.747,1.129,,,102.8905,,281000.0,,,140568.0,96.654,,,0.11,110.1,,18666.621,428186.0,5.7,,,105.5884,20.97,,1.68,0.47,1.21
2015-02-01,US,95.4,240.172,96.324,235.342,1.1197,,,102.2335,,317000.0,,,140827.0,96.825,,,0.11,109.6,,18666.621,427105.0,5.5,,,105.5981,13.34,,2.0,0.63,1.37
2015-03-01,US,93.0,240.755,96.47,235.976,1.0741,,,101.8914,,269000.0,,,140923.0,97.008,,,0.11,109.8,,18666.621,433620.0,5.4,,,107.4396,15.29,,1.94,0.56,1.38
2015-04-01,US,95.9,241.346,96.648,236.222,1.1162,,,101.3355,,269000.0,,,141196.0,97.094,,,0.12,109.6,,18782.243,434514.0,5.4,,,105.312,14.55,,2.05,0.58,1.47
2015-05-01,US,90.7,241.688,96.766,237.001,1.0994,,,100.8883,,275000.0,,,141538.0,97.327,,,0.12,110.0,,18782.243,437866.0,5.6,,,106.7388,13.84,,2.12,0.61,1.51
2015-06-01,US,96.1,242.064,96.882,237.657,1.1154,,,100.571,,275000.0,,,141709.0,97.516,,,0.13,110.3,,18782.243,437918.0,5.3,,,106.5191,18.23,,2.35,0.64,1.71
2015-07-01,US,93.1,242.565,96.978,238.034,1.1028,,,101.2228,,269000.0,,,141991.0,97.605,,,0.13,110.5,,18857.418,442012.0,5.2,,,108.7819,12.12,,2.2,0.67,1.53
2015-08-01,US,91.9,242.817,97.056,238.033,1.1194,,,101.0367,,279000.0,,,142125.0,97.612,,,0.14,110.3,,18857.418,441903.0,5.1,,,110.5621,28.43,,2.21,0.74,1.47
2015-09-01,US,87.2,243.316,97.196,237.498,1.1162,,,100.7547,,272000.0,,,142275.0,97.477,,,0.14,109.9,,18857.418,439795.0,5.0,,,111.3311,24.5,,2.06,0.64,1.42
2015-10-01,US,90.0,243.768,97.228,237.733,1.1042,,,100.2675,,275000.0,,,142579.0,97.477,,,0.12,109.6,,18892.206,438818.0,5.0,,,110.2079,15.07,,2.16,0.75,1.41
2015-11-01,US,91.3,244.241,97.332,238.017,1.0562,,,99.5298,,265000.0,,,142808.0,97.538,,,0.12,109.7,,18892.206,440363.0,5.1,,,112.34,16.13,,2.21,0.94,1.27
2015-12-01,US,92.6,244.547,97.396,237.761,1.0859,,,99.0417,,276000.0,,,143077.0,97.456,,,0.24,109.6,,18892.206,442155.0,5.0,,,113.3429,18.21,,2.27,1.06,1.21
2016-01-01,US,92.0,244.955,97.567,237.652,1.0832,,,99.5607,,282000.0,,,143210.0,97.496,,,0.34,110.0,,19001.69,439252.0,4.8,,,115.5731,20.2,,1.94,0.76,1.18
2016-02-01,US,91.7,245.51,97.736,237.336,1.0868,,,99.0445,,269000.0,,,143406.0,97.445,,,0.38,109.7,,19001.69,443208.0,4.9,,,114.2418,20.55,,1.74,0.78,0.96
2016-03-01,US,91.0,245.913,97.876,238.08,1.139,,,98.3096,,271000.0,,,143662.0,97.673,,,0.36,109.7,,19001.69,441814.0,5.0,,,109.9191,13.95,,1.78,0.73,1.05
2016-04-01,US,89.0,246.551,98.117,238.992,1.1441,,,98.6421,,278000.0,,,143854.0,97.993,,,0.37,109.9,,19062.709,444233.0,5.1,,,108.8274,15.7,,1.83,0.77,1.06
2016-05-01,US,94.7,247.137,98.284,239.557,1.1135,,,98.4184,,263000.0,,,143900.0,98.153,,,0.37,110.1,,19062.709,445441.0,4.8,,,112.4276,14.19,,1.84,0.87,0.97
2016-06-01,US,93.5,247.54,98.386,240.222,1.1032,,,98.8833,,262000.0,,,144147.0,98.325,,,0.38,110.6,,19062.709,450407.0,4.9,,,112.1618,15.63,,1.49,0.58,0.91
2016-07-01,US,90.0,247.829,98.529,240.101,1.1168,,,98.9992,,266000.0,,,144520.0,98.342,,,0.39,110.5,,19197.938,449745.0,4.8,,,111.874,11.87,,1.46,0.67,0.79
2016-08-01,US,89.8,248.423,98.703,240.545,1.1146,,,98.85,,261000.0,,,144661.0,98.479,,,0.4,110.3,,19197.938,449923.0,4.9,,,112.4036,13.42,,1.58,0.8,0.78
2016-09-01,US,91.2,248.842,98.834,241.176,1.1238,,,98.7457,,247000.0,,,144967.0,98.666,,,0.4,110.6,,19197.938,453210.0,5.0,,,112.2795,13.29,,1.6,0.77,0.83
2016-10-01,US,87.2,249.142,98.961,241.741,1.0962,,,98.7611,,265000.0,,,145065.0,98.868,,,0.4,110.9,,19304.352,453910.0,4.9,,,114.0188,17.06,,1.84,0.86,0.98
2016-11-01,US,93.8,249.481,99.005,242.026,1.0578,,,98.3491,,255000.0,,,145183.0,98.901,,,0.41,111.1,,19304.352,453727.0,4.7,,,117.7636,13.33,,2.37,1.11,1.26
2016-12-01,US,98.2,249.92,99.12,242.637,1.0552,,,99.0214,,244000.0,,,145408.0,99.071,,,0.54,111.4,,19304.352,459605.0,4.7,,,118.3466,14.04,,2.45,1.2,1.25
2017-01-01,US,98.5,250.467,99.385,243.618,1.0794,,,98.7611,,241000.0,,,145628.0,99.451,,,0.65,111.9,,19398.343,464228.0,4.7,,,116.2241,11.99,,2.45,1.19,1.26
2017-02-01,US,96.3,250.998,99.561,244.006,1.0618,,,98.3646,,221000.0,,,145846.0,99.586,,,0.66,111.9,,19398.343,464309.0,4.6,,,116.0032,12.92,,2.36,1.22,1.14
2017-03-01,US,96.9,250.944,99.519,243.892,1.0698,,,99.0137,,236000.0,,,145970.0,99.535,,,0.79,112.1,,19398.343,463589.0,4.4,,,114.7938,12.37,,2.4,1.27,1.13
2017-04-01,US,97.0,251.227,99.723,244.193,1.0895,,,100.0224,,232000.0,,,146175.0,99.725,,,0.9,112.6,,19506.949,465260.0,4.4,,,114.7877,10.82,,2.29,1.28,1.01
2017-05-01,US,97.1,251.43,99.803,244.004,1.1236,,,100.1408,,253000.0,,,146380.0,99.682,,,0.91,112.5,,19506.949,462759.0,4.4,,,113.2956,10.41,,2.21,1.28,0.93
2017-06-01,US,95.0,251.746,99.937,244.163,1.1411,,,100.3471,,247000.0,,,146583.0,99.766,,,1.04,112.6,,19506.949,465241.0,4.3,,,111.9896,11.18,,2.31,1.38,0.93
2017-07-01,US,93.4,251.985,100.01,244.243,1.1826,,,100.1068,,245000.0,,,146772.0,99.803,,,1.15,112.7,,19660.766,465157.0,4.3,,,109.8177,10.26,,2.3,1.34,0.96
2017-08-01,US,96.8,252.535,100.118,245.183,1.1894,,,99.6925,,247000.0,,,146919.0,100.027,,,1.16,113.1,,19660.766,466010.0,4.4,,,109.3686,10.59,,2.12,1.33,0.79
2017-09-01,US,95.1,252.812,100.24,246.435,1.1813,,,99.7954,,260000.0,,,147008.0,100.4,,,1.15,113.5,,19660.766,475658.0,4.3,,,110.0867,9.51,,2.33,1.47,0.86
2017-10-01,US,100.7,253.526,100.486,246.626,1.1648,,,101.0247,,241000.0,,,147149.0,100.531,,,1.15,113.9,,19882.352,475945.0,4.2,,,111.8052,10.18,,2.38,1.6,0.78
2017-11-01,US,98.5,253.816,100.535,247.284,1.1898,,,101.2664,,243000.0,,,147372.0,100.675,,,1.16,114.3,,19882.352,481123.0,4.2,,,110.4648,11.28,,2.42,1.78,0.64
2017-12-01,US,95.9,254.344,100.683,247.805,1.2022,,,101.4644,,248000.0,,,147523.0,100.821,,,1.3,114.4,,19882.352,483576.0,4.1,,,110.0783,11.04,,2.4,1.89,0.51
2018-01-01,US,95.7,255.204,101.007,248.859,1.2428,,,101.4625,,228000.0,,,147660.0,101.199,,,1.41,114.8,,20044.077,481190.0,4.0,,,106.7696,13.54,,2.72,2.14,0.58
2018-02-01,US,99.7,255.711,101.198,249.529,1.2211,,,101.7085,,216000.0,,,148054.0,101.416,,,1.42,115.1,,20044.077,484223.0,4.1,,,108.3903,19.85,,2.87,2.25,0.62
2018-03-01,US,101.4,256.271,101.419,249.577,1.232,,,102.2067,,232000.0,,,148280.0,101.524,,,1.51,115.3,,20044.077,484447.0,4.0,,,107.4784,19.97,,2.74,2.27,0.47
2018-04-01,US,98.8,256.63,101.602,250.227,1.2074,,,103.3329,,209000.0,,,148420.0,101.766,,,1.69,115.5,,20150.476,484252.0,4.0,,,109.3363,15.93,,2.95,2.49,0.46
2018-05-01,US,98.0,257.145,101.78,250.792,1.167,,,102.4024,,222000.0,,,148742.0,101.941,,,1.7,115.9,,20150.476,492202.0,3.8,,,111.9894,15.43,,2.83,2.4,0.43
2018-06-01,US,98.2,257.399,101.872,251.018,1.1677,,,103.198,,228000.0,,,148960.0,102.029,,,1.82,116.3,,20150.476,490468.0,4.0,,,113.2586,16.09,,2.85,2.52,0.33
2018-07-01,US,97.9,257.699,102.006,251.214,1.1706,,,103.3646,,207000.0,,,149020.0,102.137,,,1.91,116.4,,20276.154,493382.0,3.8,,,112.7299,12.83,,2.96,2.67,0.29
2018-08-01,US,96.2,257.891,102.016,251.663,1.1596,,,104.0327,,211000.0,,,149277.0,102.208,,,1.91,116.5,,20276.154,493757.0,3.8,,,114.2755,12.86,,2.86,2.62,0.24
2018-09-01,US,100.1,258.368,102.205,252.182,1.1622,,,104.1004,,210000.0,,,149358.0,102.418,,,1.95,116.7,,20276.154,491744.0,3.7,,,113.8077,12.12,,3.05,2.81,0.24
2018-10-01,US,98.6,258.917,102.366,252.772,1.1332,,,103.9856,,216000.0,,,149527.0,102.595,,,2.19,117.5,,20304.874,496568.0,3.8,,,116.5281,21.23,,3.15,2.87,0.28
2018-11-01,US,97.5,259.439,102.556,252.594,1.1323,,,104.0681,,237000.0,,,149617.0,102.63,,,2.2,117.4,,20304.874,499451.0,3.8,,,116.413,18.07,,3.01,2.8,0.21
2018-12-01,US,98.3,260.063,102.735,252.767,1.1456,,,104.0936,,238000.0,,,149809.0,102.701,,,2.27,117.4,,20304.874,489878.0,3.9,,,115.5674,25.42,,2.69,2.48,0.21
2019-01-01,US,91.2,260.766,102.87,252.561,1.1454,,,103.4021,,234000.0,,,150060.0,102.648,,,2.4,117.0,,20431.641,490789.0,4.0,,,113.5504,16.57,,2.63,2.45,0.18
2019-02-01,US,93.8,261.186,102.963,253.319,1.1379,,,102.8371,,221000.0,,,150067.0,102.836,,,2.4,117.2,,20431.641,492328.0,3.8,,,114.1991,14.78,,2.73,2.52,0.21
2019-03-01,US,98.4,261.567,103.058,254.277,1.1228,,,102.8757,,203000.0,,,150295.0,103.069,,,2.41,117.6,,20431.641,499614.0,3.8,,,115.1371,13.71,,2.41,2.27,0.14
2019-04-01,US,97.2,261.997,103.265,255.233,1.1201,,,102.274,,224000.0,,,150591.0,103.36,,,2.42,118.2,,20602.275,499609.0,3.7,,,115.3281,13.12,,2.51,2.27,0.24
2019-05-01,US,100.0,262.217,103.371,255.296,1.1149,,,102.392,,222000.0,,,150618.0,103.435,,,2.39,118.3,,20602.275,505356.0,3.6,,,116.7273,18.71,,2.14,1.95,0.19
2019-06-01,US,98.2,262.739,103.56,255.213,1.1374,,,102.4375,,226000.0,,,150838.0,103.484,,,2.38,118.2,,20602.275,505681.0,3.6,,,114.5821,15.08,,2.0,1.75,0.25
2019-07-01,US,98.4,263.28,103.678,255.802,1.113,,,101.9408,,206000.0,,,150937.0,103.622,,,2.4,118.5,,20843.322,509389.0,3.7,,,115.4946,16.12,,2.02,1.89,0.13
2019-08-01,US,89.8,263.877,103.797,256.036,1.0989,,,102.639,,215000.0,,,151169.0,103.67,,,2.13,118.6,,20843.322,513222.0,3.6,,,118.1575,18.98,,1.5,1.5,0.0
2019-09-01,US,93.2,264.388,103.873,256.43,1.0905,,,102.2917,,215000.0,,,151365.0,103.733,,,2.04,118.3,,20843.322,509503.0,3.5,,,117.9461,16.24,,1.68,1.63,0.05
2019-10-01,US,95.5,264.97,104.028,257.155,1.1155,,,101.4281,,215000.0,,,151460.0,103.917,,,1.83,118.8,,20985.448,510902.0,3.6,,,115.9125,13.22,,1.69,1.52,0.17
2019-11-01,US,96.8,265.548,104.092,257.879,1.1019,,,101.9372,,231000.0,,,151667.0,104.024,,,1.55,118.6,,20985.448,514649.0,3.6,,,117.1204,12.62,,1.78,1.61,0.17
2019-12-01,US,99.3,266.02,104.322,258.63,1.1227,,,101.7003,,231000.0,,,151794.0,104.307,,,1.55,119.0,,20985.448,516273.0,3.6,,,114.669,13.78,,1.92,1.58,0.34
2020-01-01,US,99.8,266.716,104.507,259.127,1.1082,,,101.0338,,210000.0,,,152031.0,104.49,,,1.55,119.2,,20709.212,515417.0,3.6,,,115.7345,18.84,,1.51,1.33,0.18
2020-02-01,US,101.0,267.37,104.711,259.25,1.1001,,,101.3735,,215000.0,,,152293.0,104.573,,,1.58,118.6,,20709.212,515800.0,3.5,,,117.6568,40.11,,1.13,0.86,0.27
2020-03-01,US,89.1,267.054,104.632,258.076,1.1016,,,97.4078,,5946000.0,,,150895.0,104.271,,,0.65,118.0,,20709.212,468632.0,4.4,,,122.5301,53.54,,0.7,0.23,0.47
2020-04-01,US,71.8,265.746,104.293,256.032,1.0934,,,84.5619,,3446000.0,,,130426.0,103.838,,,0.05,116.6,,19077.992,402157.0,14.8,,,122.327,34.15,,0.64,0.2,0.44
2020-05-01,US,72.3,265.412,104.402,255.802,1.1107,,,85.9604,,1639000.0,,,133040.0,103.942,,,0.05,117.2,,19077.992,480256.0,13.2,,,120.9458,27.51,,0.65,0.16,0.49
2020-06-01,US,78.1,265.849,104.565,257.042,1.1237,,,91.5934,,1446000.0,,,137671.0,104.27,,,0.08,117.5,,19077.992,518998.0,11.0,,,120.4649,30.43,,0.66,0.16,0.5
2020-07-01,US,72.5,267.389,104.937,258.352,1.1822,,,95.0256,,1260000.0,,,139255.0,104.578,,,0.09,118.2,,20558.879,526938.0,10.2,,,117.2082,24.46,,0.55,0.11,0.44
2020-08-01,US,74.1,268.422,105.243,259.316,1.195,,,95.9549,,881000.0,,,140821.0,104.87,,,0.1,118.4,,20558.879,531019.0,8.4,,,115.7586,26.41,,0.72,0.14,0.58
2020-09-01,US,80.4,268.933,105.41,259.997,1.1723,,,95.9669,,795000.0,,,141770.0,105.057,,,0.09,118.8,,20558.879,541241.0,7.8,,,116.946,26.37,,0.69,0.13,0.56
2020-10-01,US,81.8,269.306,105.507,260.319,1.1647,,,96.7394,,773000.0,,,142460.0,105.151,,,0.09,119.4,,20791.917,539469.0,6.9,,,116.1354,38.02,,0.88,0.14,0.74
2020-11-01,US,76.9,269.981,105.605,260.911,1.1948,,,97.0816,,737000.0,,,142733.0,105.258,,,0.09,119.5,,20791.917,534539.0,6.7,,,113.2256,20.57,,0.84,0.16,0.68
2020-12-01,US,80.7,270.341,105.896,262.045,1.223,,,98.363,,773000.0,,,142548.0,105.699,,,0.09,120.0,,20791.917,539422.0,6.7,,,111.3169,22.75,,0.93,0.13,0.8
2021-01-01,US,79.0,270.387,106.168,262.687,1.2135,,,98.8822,,803000.0,,,142863.0,106.065,,,0.09,121.2,,21106.619,559736.0,6.4,,,111.9511,33.09,,1.11,0.11,1.0
2021-02-01,US,76.8,270.793,106.435,263.579,1.2093,,,95.6149,,704000.0,,,143380.0,106.441,,,0.08,122.0,,21106.619,545417.0,6.2,,,112.8306,27.95,,1.44,0.14,1.3
2021-03-01,US,84.9,271.459,106.865,264.961,1.1743,,,98.3856,,658000.0,,,144232.0,107.019,,,0.07,122.8,,21106.619,603580.0,6.1,,,113.8234,19.4,,1.74,0.16,1.58
2021-04-01,US,88.3,273.66,107.493,266.614,1.203,,,98.5587,,574000.0,,,144587.0,107.553,,,0.07,124.0,,21474.077,609247.0,6.1,,,112.0839,18.61,,1.65,0.16,1.49
2021-05-01,US,82.9,275.465,107.989,268.383,1.2194,,,99.4333,,427000.0,,,145065.0,108.069,,,0.06,125.3,,21474.077,605589.0,5.8,,,110.7576,16.76,,1.58,0.14,1.44
2021-06-01,US,85.5,277.651,108.522,270.654,1.1848,,,99.7987,,368000.0,,,145820.0,108.668,,,0.08,126.2,,21474.077,611711.0,5.9,,,112.5533,15.83,,1.45,0.25,1.2
2021-07-01,US,81.2,278.648,108.971,271.903,1.1864,,,100.2519,,379000.0,,,146762.0,109.162,,,0.1,127.486,,21641.672,602014.0,5.4,,,112.6714,18.24,,1.24,0.19,1.05
2021-08-01,US,70.3,278.997,109.34,272.676,1.18,,,100.0437,,353000.0,,,147314.0,109.599,,,0.09,128.603,,21641.672,605419.0,5.1,,,113.1076,16.48,,1.3,0.2,1.1
2021-09-01,US,72.8,279.698,109.548,273.91,1.1577,,,98.8579,,375000.0,,,147771.0,109.948,,,0.08,129.226,,21641.672,610161.0,4.7,,,114.6403,23.14,,1.52,0.28,1.24
2021-10-01,US,71.7,281.668,110.119,276.55,1.1552,,,100.1861,,261000.0,,,148572.0,110.7,,,0.08,130.045,,22001.64,619018.0,4.5,,,114.1349,16.26,,1.55,0.48,1.07
2021-11-01,US,67.4,283.406,110.671,278.919,1.1287,,,100.8654,,221000.0,,,149230.0,111.435,,,0.08,131.475,,22001.64,625980.0,4.1,,,116.2071,27.19,,1.43,0.52,0.91
2021-12-01,US,70.6,285.18,111.28,280.845,1.1318,,,100.5726,,217000.0,,,149816.0,112.088,,,0.08,132.26,,22001.64,621734.0,3.9,,,115.283,17.22,,1.52,0.73,0.79
2022-01-01,US,67.2,286.757,111.822,282.543,1.1212,,,100.1856,,231000.0,,,150006.0,112.678,,,0.08,133.529,,21945.682,634120.0,4.0,,,115.566,24.83,,1.79,1.18,0.61
2022-02-01,US,62.8,288.273,112.362,284.5,1.1224,,,100.8064,,208000.0,,,150825.0,113.37,,,0.08,134.771,,21945.682,640815.0,3.9,,,115.2224,30.15,,1.83,1.44,0.39
2022-03-01,US,59.4,289.056,112.807,287.674,1.1093,,,101.3907,,214000.0,,,151315.0,114.425,,,0.2,137.037,,21945.682,652673.0,3.7,,,115.2218,20.56,,2.32,2.28,0.04
2022-04-01,US,65.2,290.514,113.178,288.561,1.0537,,,101.44,,218000.0,,,151623.0,114.688,,,0.33,137.773,,21976.292,661508.0,3.7,,,119.4933,33.4,,2.89,2.7,0.19
2022-05-01,US,58.4,292.063,113.571,291.298,1.0731,,,101.3335,,199000.0,,,151924.0,115.401,,,0.77,139.013,,21976.292,661325.0,3.6,,,118.0704,26.19,,2.85,2.53,0.32
2022-06-01,US,50.0,294.05,114.273,294.957,1.0469,,,101.018,,212000.0,,,152358.0,116.512,,,1.21,140.273,,21976.292,667984.0,3.6,,,120.9652,28.71,,2.98,2.92,0.06
2022-07-01,US,51.5,295.088,114.658,294.913,1.0202,,,101.223,,228000.0,,,153072.0,116.65,,,1.68,139.837,,22124.384,659750.0,3.5,,,121.7678,21.33,,2.67,2.89,-0.22
2022-08-01,US,58.2,296.535,115.248,295.097,1.0065,,,101.0963,,210000.0,,,153362.0,116.924,,,2.33,139.755,,22124.384,662999.0,3.6,,,123.535,25.87,,3.15,3.45,-0.3
2022-09-01,US,58.6,298.226,115.727,296.349,0.9783,,,101.2918,,190000.0,,,153582.0,117.307,,,2.56,140.2,,22124.384,661072.0,3.5,,,127.5148,31.62,,3.83,4.22,-0.39
2022-10-01,US,59.9,299.399,116.186,298.007,0.9885,,,101.2529,,202000.0,,,153939.0,117.902,,,3.08,140.681,,22272.546,666924.0,3.6,,,127.6219,25.88,,4.1,4.51,-0.41
2022-11-01,US,56.7,300.325,116.52,298.786,1.0323,,,100.9552,,209000.0,,,154242.0,118.221,,,3.78,141.16,,22272.546,656410.0,3.6,,,123.5175,20.58,,3.68,4.38,-0.7
2022-12-01,US,59.8,301.394,116.923,298.832,1.0698,,,99.7664,,205000.0,,,154342.0,118.372,,,4.1,140.694,,22272.546,648305.0,3.5,,,121.4256,21.67,,3.88,4.41,-0.53
2023-01-01,US,64.9,302.642,117.415,300.42,1.0858,,,100.505,,200000.0,,,154776.0,118.938,,,4.33,141.203,,22456.938,674646.0,3.5,,,118.9802,19.4,,3.52,4.21,-0.69
2023-02-01,US,66.9,304.123,117.825,301.45,1.0602,,,100.6416,,207000.0,,,155066.0,119.265,,,4.57,141.135,,22456.938,664692.0,3.6,,,121.3341,20.7,,3.92,4.81,-0.89
2023-03-01,US,62.0,305.147,118.295,301.821,1.0872,,,101.0205,,234000.0,,,155134.0,119.564,,,4.65,140.736,,22456.938,655146.0,3.5,,,119.3602,18.7,,3.48,4.06,-0.58
2023-04-01,US,63.7,306.534,118.671,302.845,1.104,,,101.253,,213000.0,,,155375.0,119.886,,,4.83,140.934,,22577.556,658962.0,3.4,,,119.2248,15.78,,3.44,4.04,-0.6
2023-05-01,US,59.0,307.652,119.061,303.334,1.0654,,,100.9286,,229000.0,,,155655.0,120.129,,,5.06,140.614,,22577.556,662303.0,3.6,,,120.9662,17.94,,3.64,4.4,-0.76
2023-06-01,US,64.2,308.322,119.35,304.014,1.092,,,100.1196,,236000.0,,,155880.0,120.41,,,5.08,140.698,,22577.556,664476.0,3.6,,,119.3606,13.59,,3.81,4.87,-1.06
2023-07-01,US,71.5,308.96,119.515,304.609,1.102,,,100.9067,,238000.0,,,156043.0,120.571,,,5.12,141.485,,22828.796,663391.0,3.5,,,117.8241,13.63,,3.97,4.88,-0.91
2023-08-01,US,69.4,309.58,119.662,306.082,1.0839,,,100.8393,,234000.0,,,156261.0,120.944,,,5.33,142.409,,22828.796,667632.0,3.7,,,120.225,13.57,,4.09,4.85,-0.76
2023-09-01,US,67.8,310.539,120.053,307.276,1.0584,,,101.0211,,216000.0,,,156417.0,121.403,,,5.33,142.744,,22828.796,671096.0,3.7,,,122.3077,17.52,,4.59,5.03,-0.44
2023-10-01,US,63.8,311.457,120.321,307.696,1.0568,,,100.4689,,217000.0,,,156576.0,121.557,,,5.33,142.249,,23033.25,667815.0,3.9,,,123.8364,18.14,,4.88,5.07,-0.19
2023-11-01,US,61.3,312.392,120.525,308.148,1.0908,,,100.8639,,213000.0,,,156703.0,121.636,,,5.33,142.334,,23033.25,666419.0,3.7,,,120.2434,12.92,,4.37,4.73,-0.36
2023-12-01,US,69.7,313.195,120.694,308.741,1.1062,,,100.6031,,200000.0,,,156857.0,121.76,,,5.33,142.165,,23033.25,666963.0,3.8,,,118.4208,12.45,,3.88,4.23,-0.35
2024-01-01,US,79.0,314.319,121.201,309.698,1.0855,,,99.2223,,226000.0,,,157032.0,122.206,,,5.33,142.576,,23115.975,660602.0,3.7,,,120.4331,14.35,,3.99,4.27,-0.28
2024-02-01,US,76.9,315.564,121.57,310.967,1.0807,,,100.285,,212000.0,,,157238.0,122.613,,,5.33,143.356,,23115.975,664621.0,3.9,,,121.1824,13.4,,4.25,4.64,-0.39
2024-03-01,US,79.4,316.792,122.016,312.345,1.0791,,,100.4575,,223000.0,,,157466.0,123.093,,,5.33,143.521,,23115.975,664328.0,3.9,,,121.0191,13.01,,4.2,4.59,-0.39
2024-04-01,US,77.2,317.649,122.252,313.023,1.0684,,,100.2434,,207000.0,,,157530.0,123.289,,,5.33,144.197,,23320.074,664858.0,3.9,,,122.9853,15.65,,4.69,5.04,-0.35
2024-05-01,US,69.1,318.095,122.406,313.175,1.0846,,,100.863,,220000.0,,,157608.0,123.369,,,5.33,144.224,,23320.074,667659.0,3.9,,,122.098,12.92,,4.51,4.89,-0.38
2024-06-01,US,68.2,318.39,122.667,313.044,1.0711,,,100.894,,238000.0,,,157695.0,123.504,,,5.33,144.869,,23320.074,666040.0,4.1,,,124.2103,12.44,,4.36,4.71,-0.35
2024-07-01,US,66.4,318.94,122.872,313.569,1.0823,,,99.9757,,248000.0,,,157748.0,123.701,,,5.33,144.922,,23501.76,673662.0,4.2,,,123.6373,16.36,,4.09,4.29,-0.2
2024-08-01,US,67.9,319.75,123.135,314.062,1.106,,,100.4309,,227000.0,,,157757.0,123.891,,,5.33,145.409,,23501.76,670668.0,4.2,,,122.3262,15.0,,3.91,3.91,0.0
2024-09-01,US,70.1,320.732,123.462,314.732,1.1145,,,99.8084,,227000.0,,,157912.0,124.146,,,5.13,145.803,,23501.76,676005.0,4.1,,,121.2864,16.73,,3.81,3.66,0.15
2024-10-01,US,70.5,321.731,123.816,315.631,1.0855,,,99.4695,,219000.0,,,157945.0,124.482,,,4.83,146.294,,23641.759,681808.0,4.1,,,124.7988,23.16,,4.28,4.16,0.12
2024-11-01,US,71.8,322.657,123.989,316.528,1.0547,,,99.2925,,222000.0,,,158079.0,124.666,,,4.64,146.447,,23641.759,685709.0,4.2,,,126.5798,13.51,,4.18,4.13,0.05
2024-12-01,US,74.0,323.259,124.198,317.604,1.0351,,,100.3273,,212000.0,,,158316.0,124.984,,,4.48,147.052,,23641.759,691794.0,4.1,,,129.2775,17.35,,4.58,4.25,0.33
2025-01-01,US,71.7,324.638,124.609,318.961,1.04,,,100.0647,,212000.0,,,158268.0,125.423,,,4.33,147.975,,23650.213,687058.0,4.0,,,128.4828,16.43,,4.58,4.22,0.36
2025-02-01,US,64.7,325.465,125.002,319.679,1.0402,,,101.0993,,241000.0,,,158310.0,125.77,,,4.33,148.233,,23650.213,683772.0,4.2,,,128.2805,19.63,,4.24,3.99,0.25
2025-03-01,US,57.0,325.69,125.144,319.785,1.0796,,,101.0404,,220000.0,,,158377.0,125.869,,,4.33,148.055,,23650.213,694750.0,4.2,,,126.7075,22.28,,4.23,3.89,0.34
2025-04-01,US,52.2,326.467,125.524,320.302,1.1349,,,101.1279,,239000.0,,,158485.0,126.163,,,4.33,147.655,,23884.563,695464.0,4.2,,,122.5921,24.7,,4.17,3.6,0.57
2025-05-01,US,52.2,326.893,125.818,320.62,1.1347,,,100.9655,,244000.0,,,158498.0,126.408,,,4.33,148.153,,23884.563,685488.0,4.3,,,121.7674,18.57,,4.41,3.89,0.52
2025-06-01,US,60.7,327.658,126.133,321.435,1.177,,,101.4785,,231000.0,,,158478.0,126.73,,,4.33,148.393,,23884.563,691883.0,4.1,,,119.4088,16.73,,4.24,3.72,0.52
2025-07-01,US,61.7,328.682,126.363,322.169,1.1431,,,101.894,,219000.0,,,158542.0,126.906,,,4.33,149.597,,24112.966,698280.0,4.3,,,121.721,16.72,,4.37,3.94,0.43
2025-08-01,US,58.2,329.7,126.646,323.291,1.1695,,,101.6247,,236000.0,,,158472.0,127.229,,,4.33,149.327,,24112.966,700218.0,4.3,,,120.2082,15.36,,4.23,3.59,0.64
2025-09-01,US,55.1,330.418,126.94,324.245,1.1735,,,101.668,,225000.0,,,158548.0,127.601,,,4.22,150.245,,24112.966,701453.0,4.4,,,120.1368,16.28,,4.16,3.6,0.56
2025-10-01,US,53.6,330.418,127.165,324.245,1.1541,,,101.2195,,221000.0,,,158408.0,127.79,,,4.09,150.439,,24125.479,700790.0,4.4,,,121.3859,17.44,,4.11,3.6,0.51
2025-11-01,US,51.0,331.043,127.363,325.063,1.16,,,101.0344,,216000.0,,,158449.0,128.045,,,3.88,151.054,,24125.479,705453.0,4.5,,,121.0527,16.35,,4.02,3.47,0.55
2025-12-01,US,52.9,331.814,127.765,326.031,1.1736,,,101.4941,,203000.0,,,158432.0,128.455,,,3.72,151.592,,24125.479,706264.0,4.4,,,119.7456,14.95,,4.18,3.47,0.71
2026-01-01,US,56.4,332.793,128.27,326.588,1.1885,,,101.0388,,230000.0,,,158592.0,128.845,,,3.64,152.468,,24274.383,701860.0,4.3,,,117.8996,17.44,,4.26,3.52,0.74
2026-02-01,US,56.6,333.512,128.701,327.46,1.1822,,,101.9053,,214000.0,,,158436.0,129.293,,,3.64,153.204,,24274.383,707959.0,4.4,,,117.8223,19.86,,3.97,3.38,0.59
2026-03-01,US,53.3,334.165,129.03,330.293,1.1518,,,101.7336,,203000.0,,,158650.0,130.105,,,3.64,154.393,,24274.383,719700.0,4.3,,,121.035,25.25,,4.3,3.79,0.51
2026-04-01,US,49.8,335.423,129.395,332.407,1.1729,,,102.5783,,190000.0,,,158798.0,130.672,,,3.64,156.061,,24408.011,723921.0,4.3,,,118.671,16.89,,4.4,3.88,0.52
2026-05-01,US,44.8,336.121,129.796,333.979,1.1679,,,102.6396,,225000.0,,,158861.0,131.241,,,3.63,156.864,,24408.011,731415.0,4.3,,,118.8783,15.32,,4.45,3.98,0.47
2026-06-01,US,49.5,336.065,129.969,332.568,1.1417,,,102.842,,217000.0,,,158892.0,131.106,,,3.63,156.667,,24408.011,732898.0,4.2,,,120.9248,16.45,,4.44,4.14,0.3
2026-07-01,US,55.2,336.789,130.133,332.813,1.1519,,,103.0454,,198000.0,,,158913.0,131.172,,,3.63,156.784,,24408.011,729538.0,4.1,,,119.7034,15.99,,4.75,4.28,0.47
2026-08-01,US,51.7,337.765,130.455,334.131,1.1617,,,103.0682,,207000.0,,,159075.0,131.579,,,3.63,157.411,,24408.011,737763.0,4.1,,,118.5679,14.92,,4.75,4.34,0.41
2026-09-01,US,51.7,337.765,130.455,334.131,1.14,,,103.0682,,197000.0,,,159075.0,131.579,,,3.63,157.411,,24408.011,737763.0,4.1,,,120.33,16.34,,5.26,4.89,0.41
2026-10-01,US,51.7,337.765,130.455,334.131,1.14,,,103.0682,,197000.0,,,159075.0,131.579,,,3.63,157.411,,24408.011,737763.0,4.1,,,120.33,16.34,,5.26,4.89,0.41
