date,RATES,GROWTH,INFLATION_POLICY,LABOUR,LIQUIDITY,CARRY,RISK,pair,score,regime
2010-01-01,,,,,,,,EURUSD,,NORMAL
2010-02-01,,,,,,,,EURUSD,,NORMAL
2010-03-01,,,,,,,,EURUSD,,INFLATION_SHOCK
2010-04-01,,,,,,,,EURUSD,,INFLATION_SHOCK
2010-05-01,,,,,,,,EURUSD,,NORMAL
2010-06-01,,,,,,,,EURUSD,,NORMAL
2010-07-01,,,,,,,,EURUSD,,NORMAL
2010-08-01,,,,,,,,EURUSD,,NORMAL
2010-09-01,,,,,,,,EURUSD,,NORMAL
2010-10-01,,,,,,,,EURUSD,,NORMAL
2010-11-01,,,,,,,,EURUSD,,NORMAL
2010-12-01,,,,,,,,EURUSD,,NORMAL
2011-01-01,,,,,,,,EURUSD,,NORMAL
2011-02-01,,,,,,,,EURUSD,,NORMAL
2011-03-01,,,,,,,,EURUSD,,NORMAL
2011-04-01,,,,,,,,EURUSD,,NORMAL
2011-05-01,,,,,,,,EURUSD,,NORMAL
2011-06-01,,,,,,,,EURUSD,,NORMAL
2011-07-01,,,,,,,,EURUSD,,NORMAL
2011-08-01,,,,,,,,EURUSD,,NORMAL
2011-09-01,,,,,,,,EURUSD,,NORMAL
2011-10-01,,,,,,,,EURUSD,,NORMAL
2011-11-01,,,,,,,,EURUSD,,NORMAL
2011-12-01,,,3.558148322132883,,,-12.106602362899178,2.398331110457208,EURUSD,-0.2706921418789343,RECESSION
2012-01-01,,,8.478833169381758,,,-13.943829450579043,30.610851979276184,EURUSD,8.395792080791365,NORMAL
2012-02-01,,,-2.9210697508077006,,,-17.91224336708791,36.985079083579116,EURUSD,4.197494597222759,NORMAL
2012-03-01,-31.524217888677796,,-8.830815403587426,,,-24.012633044540546,56.4230268236949,EURUSD,-9.941062341320213,NORMAL
2012-04-01,-36.806541645387114,,-8.53013929085582,,,-25.677219269598705,42.74190557753147,EURUSD,-14.624479456969794,NORMAL
2012-05-01,-43.50801316056998,,-4.040510312352232,,,-29.542427747695093,-8.86498326688997,EURUSD,-25.539701564089725,NORMAL
2012-06-01,-36.32100349000622,,-7.327741225912785,,,-28.889593010394556,43.050908736819565,EURUSD,-14.605467472909952,NORMAL
2012-07-01,-57.07100263438372,,-2.6329528182046054,,,-81.85787729052294,28.276744722595076,EURUSD,-33.368011396865676,NORMAL
2012-08-01,-38.84667443534387,,-3.6385723489515933,,,-71.37126852853439,38.59081415034622,EURUSD,-22.559166498329212,NORMAL
2012-09-01,-34.421253424104414,,-2.2544936471612904,,,-70.16628249825374,50.52726088331356,EURUSD,-18.17898260765719,NORMAL
2012-10-01,-26.578188485562272,,-10.991989502673619,,,-71.10729735923763,27.642435723744192,EURUSD,-21.066386183901592,NORMAL
2012-11-01,-28.779402708826645,,-12.916646131176597,,,-68.11605964864619,47.7660484590054,EURUSD,-18.612247859745384,NORMAL
2012-12-01,-37.26383388850093,,-25.055708183670966,,,-65.47584177969057,30.248517253797985,EURUSD,-27.66174525377523,NORMAL
2013-01-01,6.75943405311035,-8.645797642423013,-14.835089960225023,-6.098455091457108,-20.190043279891135,-59.2537028550765,58.03350839960979,EURUSD,-3.9223552772470613,NORMAL
2013-02-01,-17.979703895821384,-9.318004484308668,-15.707419211058426,2.6062600705160186,-16.920287172276865,-59.34784838142054,47.097312692237324,EURUSD,-11.490121193353744,NORMAL
2013-03-01,-18.283925072948115,-9.333723168708037,-17.097251766939443,-11.042363662116648,-21.011321835094254,-55.608392052412015,66.79553449247544,EURUSD,-10.62598687420665,NORMAL
2013-04-01,-40.37729859190603,-11.11285424857379,-12.78755072251601,33.939488633280554,-39.912442639924784,-56.01339896438123,58.55376150794923,EURUSD,-14.438422932519288,NORMAL
2013-05-01,-24.026980379598378,3.52737213959813,-16.293247362904726,1.2856889236315059,-14.684840499548239,-46.70346235695209,36.22912941340397,EURUSD,-10.90959839072419,NORMAL
2013-06-01,-6.0173243583776195,-5.968176112111874,-14.305411321592313,12.080886950678783,-22.78629124552057,-41.728847856901375,31.31823192226625,EURUSD,-6.544630004926443,NORMAL
2013-07-01,-14.990806697158204,-4.276760473852498,-13.511794864852575,-5.7123597014144245,5.415146834997264,-40.914415245838754,56.642056342746,EURUSD,-5.71528670428168,NORMAL
2013-08-01,-13.952199275694117,-13.237619049244799,-14.92099628695209,10.750592118203475,-2.9046976919437366,-38.14414952797545,28.243093984377417,EURUSD,-9.076289987333833,NORMAL
2013-09-01,-21.82127087736225,4.200284922750589,-16.644169894211842,-5.586560225468574,7.766766315917941,-37.48049822968611,31.006881336930046,EURUSD,-9.12255529156471,NORMAL
2013-10-01,-23.019269814847306,12.983986306223878,-12.412303304266846,4.740908692311503,4.324773414743657,-38.87792112380225,52.49305197261715,EURUSD,-4.218227900471224,NORMAL
2013-11-01,-20.008673998053876,19.452399484198633,-8.267810750331952,26.376549389342706,8.69897935504291,-36.18183877567546,51.71243020374148,EURUSD,0.8791498548553376,NORMAL
2013-12-01,-19.412259216122287,23.407215132873258,-10.92420655342238,2.832497589850341,1.6148754401208922,-37.66492307111429,50.457311367862744,EURUSD,-1.5841262593682073,NORMAL
2014-01-01,-28.870120710569203,2.2573089758129363,-13.189570600789612,25.197683888154454,19.915646859207087,-32.937258774408086,13.019490061668415,EURUSD,-8.90630595301143,NORMAL
2014-02-01,-22.23403154920639,8.039705211908835,-12.707905965122741,19.6646714761848,-0.9341330551976998,-32.46949684511474,47.50496279797925,EURUSD,-3.6690049314344693,NORMAL
2014-03-01,-35.643990694515104,3.1792529313202103,-9.957455157273273,49.168318243148555,-22.060455726241884,-34.116754808705736,47.55649875695415,EURUSD,-6.5378533404058,NORMAL
2014-04-01,-25.366610841595115,18.830280064320693,-14.915239937290453,14.563265865640648,-6.9841804331663955,-35.7452381792338,50.33299680705755,EURUSD,-3.9542824783737904,NORMAL
2014-05-01,-36.28492183448907,13.042276764604413,-12.369971683296374,37.026620547107086,-2.2712872036251355,-35.24014049514423,64.78418329955367,EURUSD,-3.599335377724782,NORMAL
2014-06-01,-48.36066735618222,5.028050250018779,-19.93335355271925,-5.369445568481812,33.63968758714934,-57.88480146951247,61.91472287919473,EURUSD,-14.39834256773122,NORMAL
2014-07-01,-57.82261192434186,-9.256739016853114,-15.825985729947714,16.255126710623365,4.059159687947995,-54.59196935845003,18.992276430687138,EURUSD,-23.039389618902966,NORMAL
2014-08-01,-52.975833211192324,-6.504263949288464,-20.24861325384327,-7.6917159951989,11.046409550752639,-53.534041035295246,57.54107398146686,EURUSD,-19.226367489464725,NORMAL
2014-09-01,-59.51244406601278,-3.900363486712465,-15.599042927310645,20.740778671809583,-30.44527658566736,-73.03911570563913,22.749494427249655,EURUSD,-25.789756411345696,NORMAL
2014-10-01,-38.178675964258034,6.26712230056485,-17.307913481372008,-1.1052803751720903,-6.67111652612382,-71.0988526133541,40.483697608441716,EURUSD,-16.686683437496335,NORMAL
2014-11-01,-30.35395097803529,8.549632440430722,-15.363933230752593,-0.8342589482640896,-13.144995543883025,-69.30613266913765,45.40794631036909,EURUSD,-13.323229536351405,NORMAL
2014-12-01,-51.25366239775021,2.9369978604461338,-15.026685873096167,9.547921029130379,-6.168965111508246,-73.5722591992481,-1.9551022107467213,EURUSD,-24.68661308588582,NORMAL
2015-01-01,-33.27136364060908,18.774058281795075,-14.9183068540793,-0.9577598178912403,-17.585306055777703,-68.89667919968674,-16.967094682438617,EURUSD,-19.638342809576848,NORMAL
2015-02-01,-67.37629275813954,7.871302221122681,-17.42809696926207,4.917936630841783,-22.23367519069444,-66.47816366610002,44.40100555440189,EURUSD,-24.094951184082937,NORMAL
2015-03-01,-35.13800111496279,26.691558473866387,-6.727214545825845,18.772927533781537,-16.114363288191797,-64.24413792009273,28.153049485517386,EURUSD,-9.889592607612748,NORMAL
2015-04-01,-51.28415238307077,13.264151958197331,-8.7203298562972,-0.13899226584944202,-12.601062012182386,-64.09240410110411,33.10174840333635,EURUSD,-18.045116854700595,NORMAL
2015-05-01,-36.446157788616105,12.857653695126302,-5.322918352966953,-7.248361162331468,-20.70881282492887,-62.05705843992884,37.794105030475386,EURUSD,-13.662425023873215,NORMAL
2015-06-01,-43.85895793186849,14.410378077075814,-6.472320006408587,0.858290231356694,-62.08379074457196,-61.907726339432564,-1.557075688312201,EURUSD,-21.768224197569975,NORMAL
2015-07-01,-49.68187860810725,20.311737180253168,-8.689293255601392,12.87036604047601,-51.19487588971842,-59.92144418458698,51.78186106038485,EURUSD,-14.796790780678524,NORMAL
2015-08-01,-47.04945383761277,31.06642307299921,-5.379588694306648,29.455635414515626,-68.45406080514573,-59.83872918091049,-93.66051176544133,EURUSD,-49.30461330721852,RISK_OFF
2015-09-01,-29.538558540648868,20.292963685458517,-3.7092085318330996,31.286393122970605,-36.28002958551545,-57.95523661472009,-58.40651156720763,EURUSD,-18.00493319289693,NORMAL
2015-10-01,-49.006530141876574,23.97502821488268,-2.827887834971971,43.43395993863129,-29.62413395612435,-52.6265748620702,24.420410932007993,EURUSD,-11.257577016141445,NORMAL
2015-11-01,-84.68834467549608,18.032675215930507,-6.377154610102812,27.217413374854154,-27.02216315815679,-51.05279284053478,14.021061760952524,EURUSD,-25.34164349304272,NORMAL
2015-12-01,-98.5604796073321,15.987584699176073,-7.868967517687773,24.51579979460113,-16.503970439180932,-86.93882436683177,-4.544952971007943,EURUSD,-35.72118135998262,NORMAL
2016-01-01,-49.46584075419529,12.23056143643051,-3.949219384232321,18.485789734569966,-33.30584645824928,-99.16811891233533,-22.254869105251597,EURUSD,-26.651121393891653,NORMAL
2016-02-01,-29.814706979187438,24.953378307336664,-3.1779811539134677,27.83419189329487,-15.77323546215917,-100.0,-25.00837485337039,EURUSD,-17.329694407687256,NORMAL
2016-03-01,-2.800094260975178,11.447677459643561,-11.91553066601754,-10.785988472677532,-15.581389492216015,-100.0,33.258638027277534,EURUSD,-10.32532533624675,NORMAL
2016-04-01,-32.155446950384764,9.521775024158359,-6.237076487508576,31.896098510239515,-14.54313392989987,-100.0,17.848741362011065,EURUSD,-15.837217768833465,NORMAL
2016-05-01,-39.97662741223462,8.047992588431677,-8.396548948927613,37.344985844272834,3.5291330553769176,-99.48201452840364,31.05567720639528,EURUSD,-15.596611953435467,NORMAL
2016-06-01,-24.079671358387788,5.574202485144939,-1.175347627178688,50.08699378605031,-4.532130029834525,-97.07237912624218,18.104096350088426,EURUSD,-10.768823735369418,NORMAL
2016-07-01,-32.22406438197459,10.143136120611366,-3.3089695602910068,21.11314882459251,-2.5055008471863207,-97.26895158228157,49.89467371643595,EURUSD,-11.596070493661447,NORMAL
2016-08-01,-38.673472423886054,9.770023635961898,0.8748786105295512,21.547820647737566,-22.34129540968406,-97.66918303626998,35.173010087977175,EURUSD,-15.584646798286677,NORMAL
2016-09-01,-71.51521207335227,25.192625551069877,-4.0251583839038645,-1.4766206994549118,2.7266405622654832,-97.42008861324032,41.08775770161605,EURUSD,-23.089447343487173,NORMAL
2016-10-01,-64.40379391248631,15.086539021395911,-5.076951645191066,2.6313072124925503,3.089860981202614,-98.21777972920418,-8.510289296114221,EURUSD,-28.303772327458137,NORMAL
2016-11-01,-100.0,21.030818142669922,-9.622124605979252,16.259827154469352,20.32706173601444,-97.92215755216414,42.084574460686206,EURUSD,-30.176494340324908,NORMAL
2016-12-01,-100.0,7.64359466156756,-10.523085485849617,21.927117528972985,-20.551553933108607,-100.0,30.454166305115688,EURUSD,-35.977176463032194,NORMAL
2017-01-01,-94.4221288893772,-1.508110915568155,-4.211991429453189,15.189425063492806,-37.10237153301469,-100.0,59.68176149830667,EURUSD,-36.48201977829336,INFLATION_SHOCK
2017-02-01,-80.34298905279374,-13.307153375871511,-4.419715418500328,-1.2415671784822724,-34.950861900790066,-100.0,44.05294702290898,EURUSD,-35.729334378655864,INFLATION_SHOCK
2017-03-01,-35.15456804052931,4.072590588360528,0.9209801892038918,0.6626810881270586,-17.54643434391199,-100.0,51.15604809765237,EURUSD,-15.623078197588482,NORMAL
2017-04-01,-54.973135851685505,23.305595534125086,0.6066057363839334,9.67106902527598,-33.935401359651856,-100.0,71.71738482133892,EURUSD,-15.804317995649596,NORMAL
2017-05-01,-15.968188897457514,24.65159496265424,4.204707041814295,13.161547364653039,-92.63667100936428,-100.0,77.1124106818475,EURUSD,-6.285534791824222,NORMAL
2017-06-01,-23.46602711014069,25.38213379913649,5.8984600244511345,25.52372518490421,-60.16781546022196,-100.0,63.041463856346766,EURUSD,-6.632686450660355,NORMAL
2017-07-01,-28.189533005163796,19.99100084314364,7.616268632764015,30.134678133526474,-96.80348010376906,-100.0,74.14136714052216,EURUSD,-9.001768034498774,NORMAL
2017-08-01,-37.046728293529256,29.16954050834078,4.7877052233059745,9.696850781867173,-57.82320207102727,-100.0,66.68320701172594,EURUSD,-10.926348356209882,NORMAL
2017-09-01,-63.91941790228254,16.396833050081508,3.2382153346162337,19.956755841617944,-68.70670248015648,-100.0,79.43718993808292,EURUSD,-19.23826463720008,NORMAL
2017-10-01,-87.83694345659165,22.04957561116511,4.462388315306956,30.854120270597626,-37.35859414927476,-100.0,67.2377615878229,EURUSD,-23.47530136614857,NORMAL
2017-11-01,-100.0,-13.843784450763863,-0.6866950801404776,25.59645122309603,-8.085505721709477,-100.0,49.838717620051554,EURUSD,-34.71847654075942,NORMAL
2017-12-01,-87.80117279670759,21.146541525744183,6.470211840669613,22.359667724591688,-13.871210508101658,-100.0,51.52858241720904,EURUSD,-24.499669386285994,NORMAL
2018-01-01,-83.90590202079964,13.493775329149633,5.610637259167241,25.267426762085428,-31.472302837795866,-100.0,15.545103925614685,EURUSD,-29.668777528765762,NORMAL
2018-02-01,-88.0447182128174,21.84200775978464,0.4183056974035484,6.787894017301027,-58.761390035499346,-100.0,-72.39635890605169,EURUSD,-43.53046182457065,NORMAL
2018-03-01,-87.90167474700951,-11.018406260651822,-3.354085114622654,10.143001083017035,-53.27126784755777,-100.0,-71.29461288010704,EURUSD,-48.9919056668077,NORMAL
2018-04-01,-95.47187443834255,-26.061430745506705,-5.952007985425482,6.155214500223533,-44.221837908452294,-100.0,-14.815699819108577,EURUSD,-47.57980583697847,NORMAL
2018-05-01,-73.09487445505633,-16.09298571629058,-4.960748302958189,-4.302489440824107,-0.6896677229139243,-100.0,-8.101482280081544,EURUSD,-37.068874415989974,NORMAL
2018-06-01,-80.8610429876486,-3.084396746683484,-0.7382364683487879,-4.772512625735578,-44.63827066934354,-100.0,-17.458652491301756,EURUSD,-39.94117672934453,NORMAL
2018-07-01,-60.52814583493651,6.866754576574127,1.7345785122801232,-9.634401688121127,-40.38698938161387,-100.0,27.632669370705788,EURUSD,-27.12348995734749,NORMAL
2018-08-01,-49.7647889466548,-11.426975712194938,4.054157812781213,9.0024517109204,-63.139341479415776,-100.0,26.278315951195967,EURUSD,-26.460639679290313,INFLATION_SHOCK
2018-09-01,-49.585533567051456,-7.526476601776766,3.6748021661607986,-6.094345259548637,-35.06770580894214,-100.0,35.4389976378038,EURUSD,-24.62632693697259,NORMAL
2018-10-01,-63.81267962334205,-34.079943460660964,0.18218273831103815,-3.9292889813988854,-47.86004662366157,-100.0,-86.72391288336158,EURUSD,-57.06035924818218,RISK_OFF
2018-11-01,-51.89861331647441,-3.215134456406389,3.6942368870800664,-10.164430762594982,-65.50865081180396,-100.0,-42.857810762300446,EURUSD,-35.54222277539249,NORMAL
2018-12-01,19.99905050701747,-32.73515809439703,8.018571288961569,33.04490378934463,-31.22166928630262,-100.0,-100.0,EURUSD,-41.66978478663232,RISK_OFF
2019-01-01,40.005863987947244,-10.831998334040438,11.481992064768171,19.369082676571686,-22.54478426143959,-100.0,-19.39041939426018,EURUSD,0.7424076109695568,RECESSION
2019-02-01,33.78676401878815,8.377419654848246,21.32709960359026,33.30119226554749,-35.765765243235634,-100.0,3.4692667699842197,EURUSD,4.687616692662786,NORMAL
2019-03-01,19.447566572826453,25.467695985795523,18.71343294269497,14.171259201093275,-59.8949451255341,-100.0,17.001997873450943,EURUSD,1.5093343745864076,NORMAL
2019-04-01,9.827315016651756,16.765183635242593,15.208105234928084,-6.11857242290772,-41.94544944829448,-95.99928971395121,24.409174894079694,EURUSD,-2.8328950722113087,NORMAL
2019-05-01,42.678148333695674,6.1142941996547595,11.682955058394977,-6.187063668504258,-62.45370363419264,-90.26028983606388,-44.916181871860225,EURUSD,-4.313832924830686,NORMAL
2019-06-01,40.237406583209065,-16.77346552007444,9.011104318988867,-0.11950196177290096,-5.8739605381353215,-85.97805990360472,1.866786342396056,EURUSD,0.2052408246249627,NORMAL
2019-07-01,10.744499562649837,-8.057332952053677,12.027049251401683,24.426709371726943,-30.819274310585484,-83.63678865111447,-11.606406626678826,EURUSD,-6.624504725006578,NORMAL
2019-08-01,20.080115940015762,-3.7214434601841253,7.266432582759213,-1.7597201517174916,28.894482549360312,-66.27395851177799,-46.60997962449837,EURUSD,-5.037124937394109,NORMAL
2019-09-01,3.94328455357712,16.795277626362463,7.3482995811292735,-5.407110641361513,-5.384130192434636,-64.56957816728261,-11.645900546704366,EURUSD,-4.222688082740126,NORMAL
2019-10-01,51.66961698637105,7.769965563307675,7.57833366566345,-34.820983706730985,13.230523644482227,-51.2094973590112,26.69846690748045,EURUSD,12.095901785762484,NORMAL
2019-11-01,19.707226399788237,-1.6811652593149553,8.820792054520094,-5.273820540293126,-14.919154279669222,-34.30458433095156,34.1341399948639,EURUSD,5.469139577741082,NORMAL
2019-12-01,27.61699270925576,-14.568566553868708,5.370854614404547,-43.34487529032132,-40.71882064811047,-33.014685297352564,18.359108161521025,EURUSD,-1.6414742986591677,NORMAL
2020-01-01,29.96586592407251,-35.56944931703306,3.1528367061204294,-29.244211606399645,-45.576162829757905,-31.73587753795269,-47.494601659500105,EURUSD,-11.264111818595358,NORMAL
2020-02-01,77.70768381063739,-30.385450114415985,-3.0002370091669466,-56.33027489331477,-28.59572681082948,-32.17222110405207,-100.0,EURUSD,-33.774333291394946,RISK_OFF
2020-03-01,100.0,-28.60249543165277,7.838626468254289,-4.2966558204453404,38.428482081853204,23.14263291542512,-100.0,EURUSD,-11.522017477014309,RISK_OFF
2020-04-01,100.0,-18.48277622326247,15.242591772525476,39.322460382444795,61.53549871291545,59.211013979461555,-100.0,EURUSD,-1.2966888000456223,RISK_OFF
2020-05-01,100.0,-9.865012888121214,34.05700977822595,14.56278131852445,52.19736383838063,59.80737387190936,-71.32580192085244,EURUSD,17.9479159241816,RECESSION
2020-06-01,44.97382391145736,-6.5504096903743445,24.976527108687378,-9.730360419998313,3.8824064867771284,58.65264529568416,-87.09938735045678,EURUSD,-16.12517295531807,RISK_OFF
2020-07-01,45.91934473200123,15.218684134377158,23.79732616692838,-44.360157519607256,-6.671013887080621,58.72442811074461,-46.800611832398715,EURUSD,16.638927341031952,NORMAL
2020-08-01,39.45254498381311,5.670372366102134,16.239411401719757,-57.862157596967464,-29.294362844649445,58.79803740867414,-59.98213160216393,EURUSD,7.883526865667856,NORMAL
2020-09-01,41.572241383919106,3.5159690205412475,10.139653619397276,-53.55848096390925,79.040467747045,60.083739862585674,-59.2580421962377,EURUSD,13.853770930505528,NORMAL
2020-10-01,27.08963169471636,-0.5481425040822545,2.61807564438996,-29.196049141447375,88.0122741352568,60.83239422894804,-100.0,EURUSD,-12.16211506344247,RISK_OFF
2020-11-01,27.811219135692877,4.209131018081744,5.361365736333875,-10.987294710317682,70.45762508960232,61.59864434290967,-17.693180331242576,EURUSD,17.52593565443974,NORMAL
2020-12-01,29.31540334870986,-1.1273804088466488,5.238339706181549,7.650837771338956,39.803180980008655,61.73350681546454,-30.46982242235861,EURUSD,15.538737774768002,NORMAL
2021-01-01,40.33311688105357,-2.8605389922564615,8.409276807364257,5.12127681402376,36.26342352924431,61.6027278392822,-89.69056396473563,EURUSD,-12.807349015222144,RISK_OFF
2021-02-01,43.20314691505934,-27.837334584177235,9.565575963106378,-7.39230853881441,-29.20275453745244,61.968942974469584,-57.840825529999954,EURUSD,7.296945761447041,NORMAL
2021-03-01,34.282782830362486,-18.59902591029528,-1.0848368422320798,-35.141155125498415,-13.978636616487616,62.11352455520749,-7.156638973955001,EURUSD,8.640432513605129,NORMAL
2021-04-01,33.03422680828479,9.669225097286404,-3.960276433850865,-46.863111498992936,20.7072135662848,61.61766413274478,-2.229415127593695,EURUSD,15.28226468171691,INFLATION_SHOCK
2021-05-01,31.38265677777154,12.385245061614775,-11.233401575513971,-50.97268607382931,88.24915001430004,61.717992597047115,8.919864247910189,EURUSD,17.51916933711636,NORMAL
2021-06-01,25.032403015069054,24.05487660087448,-4.8820653127007745,-15.731766446710493,61.6513039385764,60.01183755446684,14.421013317755632,EURUSD,19.404162313945804,INFLATION_SHOCK
2021-07-01,18.975737191525628,14.72905899110539,-4.694956929781,14.261645874336285,54.8660510825058,58.35033693963697,0.8488348904493136,EURUSD,16.177041952603904,INFLATION_SHOCK
2021-08-01,19.180236054167363,9.283389798041268,0.3551603919621371,44.521031293781306,41.48808130015828,58.48101277547884,11.603001769618828,EURUSD,19.031638924475384,INFLATION_SHOCK
2021-09-01,23.036767889477712,11.219284240143102,3.2971857538800293,40.83526810411864,-18.769947381087857,58.58869917033095,-26.982326308359607,EURUSD,15.256390723801285,NORMAL
2021-10-01,15.886444015641029,1.9882837431881075,7.628807784953743,23.715474503308265,-28.140110141247717,58.096412188515735,13.80936137236458,EURUSD,14.880664252752092,NORMAL
2021-11-01,-10.011504440573121,3.8969433153561734,-1.5873172295808544,-3.387451778569527,-11.545401287424959,57.590735162077166,-49.47784419294792,EURUSD,-3.1009893309666645,INFLATION_SHOCK
2021-12-01,-15.5068766317947,13.816159650748912,-0.4177423243226457,-11.762023390312743,-0.9312173773277479,56.84561851899996,9.767956519793925,EURUSD,2.7913819578454557,INFLATION_SHOCK
2022-01-01,-41.300246519852514,16.454075733688626,-0.5499365822902789,-9.223607904382531,4.883699545724326,55.92992347450642,-34.09729832276066,EURUSD,-9.385140453597678,INFLATION_SHOCK
2022-02-01,-45.12119776867159,28.098665167483343,6.775202524087593,7.575884595403961,20.858048395719194,55.02118593450517,-63.35968451222743,EURUSD,-5.947836316802508,NORMAL
2022-03-01,-72.91746609357487,25.260654910623238,8.396546936601219,16.92144726118049,5.846311279173243,47.216060929075844,-6.225815964616928,EURUSD,-8.44969364205802,NORMAL
2022-04-01,-59.503902378523236,21.856528186368223,5.662055144353175,12.065798191274077,-18.027739806930732,39.017183488866905,-78.89228016882484,EURUSD,-33.32380329042929,RISK_OFF
2022-05-01,-16.385492580434484,8.225206346339867,4.620757236818093,12.719045433380625,-51.3269165300046,13.51741631941334,-35.49793237937309,EURUSD,-7.438297885388429,INFLATION_SHOCK
2022-06-01,-1.1300416428963067,12.195067651695982,4.81984947698853,1.1176640633044368,-65.35159867428436,-11.67094725702836,-48.652233522650775,EURUSD,-7.535324386283232,INFLATION_SHOCK
2022-07-01,-25.570609130430714,20.19016648296445,0.8679134117593961,-2.5320045472237074,-48.0233991853018,-9.807864073563422,-4.211513433234182,EURUSD,-8.226827695593009,NORMAL
2022-08-01,-21.38733412747764,25.38469418188281,6.575580902452124,-10.383065404290418,-37.69983483116609,-46.29577175213489,-30.011906829372865,EURUSD,-12.38545125144487,NORMAL
2022-09-01,-30.701521357569696,18.490904852230287,7.156200108706177,-10.626675680627958,-1.6216705191386502,-16.195205596853874,-62.53073398104164,EURUSD,-14.35468878800986,NORMAL
2022-10-01,-11.618608362776794,10.712072158056657,7.9594113089927525,-8.878491326491176,-32.77684942244058,-44.944561207988606,-26.702730446744315,EURUSD,-10.929296037899322,NORMAL
2022-11-01,-6.231601982842299,10.507667414466027,-1.1236789821650355,-6.687457714922905,-17.256210496078793,-41.17247737624292,6.701794183967877,EURUSD,-5.676338286466708,NORMAL
2022-12-01,48.27745341467845,12.106199062550628,1.4350957508476494,-4.846855840622964,-28.1348665990472,-30.517084217137167,1.0673066817577384,EURUSD,10.637600028340016,NORMAL
2023-01-01,59.89891368428335,11.870662751473551,0.41874265648941034,-10.583657357280662,-24.33396607312661,-42.76361327302804,16.08409214999767,EURUSD,13.734995713322109,NORMAL
2023-02-01,40.94889534768122,9.953000079360999,1.4072508644808757,-9.299263860812133,-18.2620271679979,-27.88600761498608,7.936831015824576,EURUSD,9.419660626494966,NORMAL
2023-03-01,34.90526799851983,3.24681625549045,-0.2140888277338444,-7.156367126302564,-15.567954724761552,-4.615702018403348,20.46617637281331,EURUSD,10.699280048741093,NORMAL
2023-04-01,32.760162545477264,4.225385012547825,1.414715673639229,-1.1496528579149377,-12.263777375741512,-14.982422233212416,38.93975177733891,EURUSD,12.189349541238354,NORMAL
2023-05-01,-2.0898233337872147,6.175428540720839,0.8082230774050831,-5.732765594010714,-11.811196219249004,-14.16498413424074,25.61607859936442,EURUSD,0.7057048832967561,NORMAL
2023-06-01,-19.65310542887902,18.675095868660684,5.2106242170682195,-1.9196101277476578,4.799674420656718,-1.820402239088837,52.74629249170256,EURUSD,4.373392717856792,NORMAL
2023-07-01,-35.113282023230695,11.839183529722726,6.533237473757238,-3.732347624585013,-8.706031117516687,-4.76522230878982,52.677219513718676,EURUSD,-2.2331215916311686,NORMAL
2023-08-01,-14.548831756153344,1.0550252609230943,4.570677815961014,-8.053100328315367,-12.711765975578853,-3.2013668861458684,53.22242924279893,EURUSD,1.0555879921766076,NORMAL
2023-09-01,-13.700063526282605,-13.803686490229374,1.9393129193387715,-6.876643254700842,-19.594137743139708,10.234110375862608,29.025924240334046,EURUSD,-3.191485003542759,NORMAL
2023-10-01,-27.201783033971992,-15.067548896870553,-2.2561139402978796,-10.358245526436422,16.12661694166141,9.14259155018508,24.667369723810246,EURUSD,-6.864008922387013,NORMAL
2023-11-01,-11.88767326904199,0.7139538828653187,4.507482576408551,-4.958766318308651,23.04957865784023,8.02009594698942,57.022311255655175,EURUSD,5.76285852195723,NORMAL
2023-12-01,-1.6142826149835154,8.793582615467912,4.736184481821275,-7.3535831882477805,32.47801338966448,6.813697874067868,58.047576152805156,EURUSD,10.395040713588868,NORMAL
2024-01-01,10.212893804628282,5.977413110050682,7.416687377720427,3.891198410427129,15.325737532990349,5.459805479947054,45.7103796541581,EURUSD,12.223795212746523,NORMAL
2024-02-01,5.561072010314024,-5.104679008320982,2.592276881230707,-5.174889056303274,12.40014101122269,4.045847258245686,51.370724514566405,EURUSD,7.683046348696644,NORMAL
2024-03-01,-8.187419331559804,-6.827733188044474,-0.5768454258758724,-8.25189816414377,4.542028966599084,2.5505393435144623,53.65036657812714,EURUSD,2.3062483663461486,NORMAL
2024-04-01,-33.576579492531735,-1.6895823817776199,-1.9180946895330473,-11.110428993789842,12.027162432413785,0.9566468815158917,37.6417563022933,EURUSD,-6.094241265148992,NORMAL
2024-05-01,-19.886962240832524,4.44479230497581,0.3714073071030993,-4.785431318173506,11.719488237788475,-0.7102705109994396,53.65813162704184,EURUSD,1.418881135958511,NORMAL
2024-06-01,-20.802146881622978,6.5775211932629185,6.173241086869016,-1.6188952525706708,-5.565520063044204,-20.28670013656448,56.06456955629767,EURUSD,-0.13400347701192938,NORMAL
2024-07-01,14.499423955019589,1.7618623930903583,7.761379953344621,-2.395331639026423,-10.517656198725744,-22.661829832559494,31.89518900929536,EURUSD,5.976328315153784,NORMAL
2024-08-01,19.44998500430768,0.6926236998047139,8.131036493226844,0.5122818123970012,-8.776477457146285,-24.571406529101555,39.70219369913237,EURUSD,8.29691212405589,NORMAL
2024-09-01,13.215316968700913,-1.3222924336848934,7.578619564818754,3.6148818679839345,5.936956499549657,-30.5922356707947,29.1341794401762,EURUSD,5.321035299090517,NORMAL
2024-10-01,-29.34752202511495,1.3757814006676554,5.574681134460379,4.122523886326258,8.209164208165628,-28.251375220617874,-9.486082693923327,EURUSD,-10.599769086533263,NORMAL
2024-11-01,-69.0014701380908,1.6612645979158214,-0.12048530221535503,0.6484303722591906,10.289435165953474,-13.75553830195336,50.58955332212513,EURUSD,-14.510798806900048,NORMAL
2024-12-01,-65.17334059304658,-3.241717154435829,2.3424375593755675,2.1025708780310706,2.1012695994509736,-22.380418701973998,27.23913847484833,EURUSD,-17.8057795000207,NORMAL
2025-01-01,-39.711828484570184,-6.07219454067214,-0.08897655333424659,-6.297246140525916,3.7757675522364984,-10.888079603932155,32.656955623336735,EURUSD,-10.216177837424196,NORMAL
2025-02-01,-5.65148328429336,-1.5610499615855276,6.118655872451134,-1.402769222350455,-8.590996396762407,-33.66069516198854,11.080764366799043,EURUSD,-4.010220876805233,NORMAL
2025-03-01,11.359908538881507,7.4350965622194245,9.326445726325868,-3.119816284002483,-8.276186695580211,-53.98858853226955,-11.590377408813787,EURUSD,-2.121684947278833,NORMAL
2025-04-01,8.995255616935761,13.31466874607457,10.645737791164485,-4.5129575580979555,-17.01412568916569,-72.88717441508109,-32.971076826200665,EURUSD,-6.766696736834657,NORMAL
2025-05-01,-23.681653112759978,11.612739924823282,10.845650431524927,-1.1324949203073917,-12.418243098076504,-70.31786669509172,15.82563669579648,EURUSD,-9.900442583176934,NORMAL
2025-06-01,-3.947071056882149,9.78517118739157,8.048302217238511,-8.251020912440403,-3.953669186795622,-87.81548051066189,29.66434751281576,EURUSD,-5.664346801870057,NORMAL
2025-07-01,-18.130374777444892,0.7085592568705257,8.047370519475582,-0.6863924264443455,4.449738297518507,-84.26343437629514,28.7076033292694,EURUSD,-9.780922513467619,NORMAL
2025-08-01,37.348744071962464,-5.692834017918248,7.8720585162746755,-6.3028937446991,6.902805049598102,-80.98852474897504,38.75132413739372,EURUSD,6.001429982374916,NORMAL
2025-09-01,27.8463317876271,-4.847783588244812,8.286928149740152,-2.233757487273637,2.881330398410526,-69.47331163503645,29.786178203931197,EURUSD,3.9478491010899845,NORMAL
2025-10-01,31.91796957762159,1.5393364805449896,7.282279424601004,-11.63986888005805,0.05693670982857757,-56.951573438246086,18.608152895948464,EURUSD,5.159147785266272,NORMAL
2025-11-01,31.325428170569523,7.9568662632944775,9.990043534740902,-8.724858656905413,1.0115893585991307,-38.32773342831957,28.010788634038914,EURUSD,10.050329327610392,NORMAL
2025-12-01,39.66484037149804,5.83553856618853,8.238413787243969,-13.576094933502848,3.6802696395850623,-23.831547260013668,39.69333864077262,EURUSD,14.444781785527617,NORMAL
2026-01-01,29.945150715409376,2.1378495519763248,6.71828934781364,-3.1523964696729063,11.264986549645815,-15.888569836993712,15.131974126671984,EURUSD,10.284211991701278,NORMAL
2026-02-01,26.67000268877995,-3.7380634041962497,4.358999416446656,0.2939681956455811,12.584513232246852,-14.650888872543867,-10.197694887580102,EURUSD,5.6005975173683415,NORMAL
2026-03-01,45.43327597703982,-3.6223065211546164,5.129775596817478,-5.525516076559276,4.468711424730412,-13.375158103615503,-62.66967071864581,EURUSD,4.274262225562536,NORMAL
2026-04-01,44.65630228347283,-2.8374156450821557,4.718169741138104,-5.967188663347982,2.307231088261033,-12.06224264759597,20.120303431524288,EURUSD,13.511342301153006,NORMAL
2026-05-01,14.684125424165979,3.5229709666320517,2.019387292208277,-15.038797796554292,2.1074082947566315,-9.774364940405489,35.370040068983286,EURUSD,6.77752181674865,NORMAL
2026-06-01,-21.545137326142367,9.534823833037823,3.4525019079826453,-0.10879067333031145,6.661247666398639,15.303558053408864,24.313296070986144,EURUSD,0.9634762176255529,NORMAL
2026-07-01,3.968935756205083,2.9125670100809264,-0.3015877266900113,-14.589751502183399,6.284287429418383,17.024564064853305,28.425423025930396,EURUSD,5.768083854471051,NORMAL
2026-08-01,24.10367450020288,-4.585329015713356,3.497836312216365,-10.03021510910838,1.2573094280677126,18.905639262829972,38.61954913004394,EURUSD,12.358820251691228,NORMAL
2026-09-01,4.299683362090824,-6.936759267585614,-1.6316131483600818,-27.266733473093044,11.727545748343978,46.682244507918384,23.6133309308299,EURUSD,5.936660376790268,NORMAL
2026-10-01,-4.552689099250756,-1.118171220921027,3.617117134623625,-5.726482312632383,5.150964461738903,49.131673220850615,23.629570395824835,EURUSD,7.172981377257501,NORMAL
2010-01-01,,,,,,,,GBPUSD,,NORMAL
2010-02-01,,,,,,,,GBPUSD,,NORMAL
2010-03-01,,,,,,,,GBPUSD,,INFLATION_SHOCK
2010-04-01,,,,,,,,GBPUSD,,INFLATION_SHOCK
2010-05-01,,,,,,,,GBPUSD,,NORMAL
2010-06-01,,,,,,,,GBPUSD,,NORMAL
2010-07-01,,,,,,,,GBPUSD,,NORMAL
2010-08-01,,,,,,,,GBPUSD,,NORMAL
2010-09-01,,,,,,,,GBPUSD,,NORMAL
2010-10-01,,,,,,,,GBPUSD,,NORMAL
2010-11-01,,,,,,,,GBPUSD,,NORMAL
2010-12-01,,,,,,,,GBPUSD,,NORMAL
2011-01-01,,,,,,,,GBPUSD,,NORMAL
2011-02-01,,,,,,,,GBPUSD,,NORMAL
2011-03-01,,,,,,,,GBPUSD,,NORMAL
2011-04-01,,,,,,,,GBPUSD,,NORMAL
2011-05-01,,,,,,,,GBPUSD,,NORMAL
2011-06-01,,,,,,,,GBPUSD,,NORMAL
2011-07-01,,,,,,,,GBPUSD,,NORMAL
2011-08-01,,,,,,,,GBPUSD,,NORMAL
2011-09-01,,,,,,,,GBPUSD,,NORMAL
2011-10-01,,,,,,,,GBPUSD,,NORMAL
2011-11-01,,,,,,,,GBPUSD,,NORMAL
2011-12-01,,54.01069547574841,33.621632374841326,,,70.0391036883897,2.398331110457208,GBPUSD,38.09092067733447,RECESSION
2012-01-01,,37.450564828089604,7.036776772898022,,,56.95733430414808,30.610851979276184,GBPUSD,30.859839736981144,NORMAL
2012-02-01,,12.572960794762713,-2.4286342402259207,,,35.55323219171098,36.985079083579116,GBPUSD,17.55096022141906,NORMAL
2012-03-01,-20.03697301494416,-2.5336972574823147,-7.879005000818908,,,4.654455786859832,56.4230268236949,GBPUSD,-0.6178671085676664,NORMAL
2012-04-01,-22.06966049316061,8.73114669898937,-4.612492026902344,,,-5.715718687828818,42.74190557753147,GBPUSD,-1.595997644675779,NORMAL
2012-05-01,-87.81168782800883,15.44543121739959,-0.41542387963924776,,,-26.46265810692411,-8.86498326688997,GBPUSD,-30.97491332495942,NORMAL
2012-06-01,-68.27208427910737,19.75962761177156,-0.6896091511622213,,,-25.908386924172994,43.050908736819565,GBPUSD,-16.657688159227714,NORMAL
2012-07-01,-79.11979943588064,19.199568783023874,3.7895733006331396,,,-25.387773463418277,28.276744722595076,GBPUSD,-21.390241894005232,NORMAL
2012-08-01,-31.43333862339397,21.845598667949773,3.9966303723500793,,,7.743679640907882,38.59081415034622,GBPUSD,0.8685987724291948,NORMAL
2012-09-01,-30.087415696889515,12.537641661270518,4.832978119953459,,,-3.4675379141124387,50.52726088331356,GBPUSD,-0.28038488015822516,NORMAL
2012-10-01,-6.428947414569314,4.013208719953939,-2.3996822472102206,,,-25.866032887266343,27.642435723744192,GBPUSD,-1.5834234654439805,NORMAL
2012-11-01,-10.611772758980608,-11.301330062199519,-1.5663045358820078,,,-25.405000137714374,47.7660484590054,GBPUSD,-3.1293113964377053,NORMAL
2012-12-01,-5.8801289360646685,-9.369857751942359,-7.929886359673702,,,-24.96790914500492,30.248517253797985,GBPUSD,-4.715910719839026,NORMAL
2013-01-01,17.40067289712104,11.527022892470654,4.095756653173771,15.140221074911894,-0.9319335917656204,-1.2967086550828832,58.03350839960979,GBPUSD,15.377143337482142,NORMAL
2013-02-01,12.207602164501003,19.24199512961466,5.912702091335622,21.496533548658377,10.409174088950115,-13.107485816777901,47.097312692237324,GBPUSD,14.163942272902172,NORMAL
2013-03-01,-17.679692076540785,28.05348913354347,4.08709251867888,9.567529376849167,9.635441408124493,-0.9470319179259779,66.79553449247544,GBPUSD,9.355896484894613,NORMAL
2013-04-01,-46.77509232083339,8.110746000586435,2.2448265319078518,29.81544325156852,-13.298916617507713,-13.084175639829715,58.55376150794923,GBPUSD,-4.401351118491088,NORMAL
2013-05-01,-9.156579359072516,16.943092650626067,3.8397302729556078,0.425459570823433,-0.030338843107930558,36.077496565874455,36.22912941340397,GBPUSD,9.19484206841755,NORMAL
2013-06-01,48.20579573620584,-4.969829530293902,5.729486021736095,6.550286587850071,-6.7467672323619166,59.36029408716917,31.31823192226625,GBPUSD,24.340834743319594,NORMAL
2013-07-01,48.76009683446184,13.488785991779462,6.156906506941922,-4.07150637303813,12.692126348408797,57.72156012587584,56.642056342746,GBPUSD,30.54786992939005,NORMAL
2013-08-01,46.32166492284626,2.488468710903586,-4.208857196425635,-4.897611511707014,20.7595973880293,67.81409746351639,28.243093984377417,GBPUSD,24.516190967201755,NORMAL
2013-09-01,17.981264667634306,13.395018839707856,-5.8692874718317345,-17.292820180057706,28.7527358006807,65.71343280033297,31.006881336930046,GBPUSD,17.44365734255195,NORMAL
2013-10-01,14.673302704939667,15.001986565230203,0.3391264374470371,-8.739219257630996,11.195437759224804,52.30949012936193,52.49305197261715,GBPUSD,18.534524072937696,NORMAL
2013-11-01,22.974483833392355,19.199361598669196,7.754559550742652,22.353690254694577,19.666535287055957,62.66517778159232,51.71243020374148,GBPUSD,27.268286265933646,NORMAL
2013-12-01,42.305948636223874,14.344473370723282,1.2065802282766356,-8.22233105891783,13.859262974312106,49.53901254526871,50.457311367862744,GBPUSD,26.072675288887822,NORMAL
2014-01-01,13.803999054925342,3.010108274431193,-1.179092683189717,12.564580096190078,33.56391292564971,71.34337214238255,13.019490061668415,GBPUSD,16.8696595190913,NORMAL
2014-02-01,2.9120781635209063,12.628944597850143,-1.41874133448737,8.143898449548118,16.26857129153504,69.21710899402154,47.50496279797925,GBPUSD,17.66670187514241,NORMAL
2014-03-01,-20.31936173479772,10.707251770158544,6.021128567118607,47.052121497705535,3.024489421292369,56.115932227778764,47.55649875695415,GBPUSD,13.3091521661892,NORMAL
2014-04-01,-4.661433273443452,24.554672160495247,2.3516082062863983,11.849706876941184,2.6297816037810335,43.58370796073754,50.33299680705755,GBPUSD,15.161045277023,NORMAL
2014-05-01,-12.979354167100393,7.870451409353691,-3.487624736441786,20.02879626725612,2.0748563830879103,42.86640995573253,64.78418329955367,GBPUSD,11.231467392301356,NORMAL
2014-06-01,-4.804620314738456,8.202148050366375,-14.958407813876047,-28.015181375776177,37.791204748836606,30.63909057713395,61.91472287919473,GBPUSD,7.601287533865387,NORMAL
2014-07-01,-14.551826246465508,-8.950400303856407,-12.132492286306562,-12.659038408569263,4.1540192535891896,41.88086555177941,18.992276430687138,GBPUSD,-1.725111774886646,NORMAL
2014-08-01,-46.54872474910578,3.8463693195878648,-6.123110883562042,-5.843402686134631,24.71401879502309,41.249754710367995,57.54107398146686,GBPUSD,-1.5129327588962491,NORMAL
2014-09-01,-49.00808971156242,7.179164161574834,-0.9494912883635767,15.260458514259257,-11.476279465512661,40.646495586597155,22.749494427249655,GBPUSD,-4.921533849612647,NORMAL
2014-10-01,-49.42520799427598,4.535310356394168,-3.1969070410151446,1.2842883790190776,33.4843333260472,40.06909254770318,40.483697608441716,GBPUSD,-2.64011676025428,NORMAL
2014-11-01,-58.24101987400694,9.16234381425892,-7.092928941569117,-20.83324392742855,9.72812587961792,39.51574484146565,45.40794631036909,GBPUSD,-7.883780502986567,NORMAL
2014-12-01,-94.80123371863289,9.531554976993602,-4.668438520178148,7.229111749978388,25.873750115255167,3.248851145737979,-1.9551022107467213,GBPUSD,-23.828920024858803,NORMAL
2015-01-01,-100.0,29.381091558380163,-2.4042764297807793,-2.307882410713024,-5.1572229703258365,15.432042942255485,-16.967094682438617,GBPUSD,-24.488039370570156,NORMAL
2015-02-01,-53.75672668814906,13.430754725042505,1.1764363898842252,-1.3403210848649074,-17.17203543865822,15.018381903829455,44.40100555440189,GBPUSD,-7.127263315565027,NORMAL
2015-03-01,-40.209096036041466,21.011423283208188,2.112252866963656,-5.9511490740246415,-4.54364827780725,14.096636954695555,28.153049485517386,GBPUSD,-3.479577593495034,NORMAL
2015-04-01,5.002894658233043,2.357068763174305,0.8535973137666932,-15.256059097814507,14.25598829057095,0.21114993021339742,33.10174840333635,GBPUSD,5.177191018361105,NORMAL
2015-05-01,-22.03098723141728,13.31266018203132,-0.09410816029579294,-13.357988143187047,38.83482773947957,-1.5330885960601603,37.794105030475386,GBPUSD,1.107090879961985,NORMAL
2015-06-01,9.007953904103449,9.38975202547068,3.6622963428408575,7.842751127184453,12.508765485446787,-16.117839055286957,-1.557075688312201,GBPUSD,4.1990484333633775,NORMAL
2015-07-01,-27.460293703339172,14.528527680986628,-4.58832069775346,8.697997898242601,8.306173462524963,-17.645629275770673,51.78186106038485,GBPUSD,-0.9650803351167552,NORMAL
2015-08-01,-34.709755153948976,6.971370111643292,-3.624309371006026,10.69286408232854,-33.93951805654748,-33.59675568099267,-93.66051176544133,GBPUSD,-43.56225890786261,RISK_OFF
2015-09-01,-55.64522579570104,10.178953868847634,-1.9716141071058857,15.143766094064457,-6.853895291974094,-36.008036291933955,-58.40651156720763,GBPUSD,-24.150970167786024,NORMAL
2015-10-01,-37.453784224093184,23.975778261143304,3.989973377534035,22.680005928907477,-6.214428850659729,-8.69325221749246,24.420410932007993,GBPUSD,-2.3774868261256024,NORMAL
2015-11-01,-55.976774790503136,23.908409531820325,1.2721300851301276,20.513847512692053,8.18175428044989,-11.002182482207107,14.021061760952524,GBPUSD,-8.937533309285019,NORMAL
2015-12-01,-47.15223280385874,15.33648481647662,-5.472270909314746,-3.713840415790303,-22.055059394910693,-100.0,-4.544952971007943,GBPUSD,-25.184979107954497,NORMAL
2016-01-01,-56.78229056287301,-9.456255738064364,-6.198088492698097,0.7390279112894742,-44.03180196660932,-100.0,-22.254869105251597,GBPUSD,-35.12690801282397,NORMAL
2016-02-01,-63.20719951629336,12.048371443084198,-5.678235566102782,9.71252367473215,-12.122807967100655,-100.0,-25.00837485337039,GBPUSD,-30.88210850822685,NORMAL
2016-03-01,-46.69009552264129,3.2333627391949546,-7.088922810352871,-11.324190377225683,12.181672309475903,-100.0,33.258638027277534,GBPUSD,-21.843006481034678,NORMAL
2016-04-01,-24.013609801415374,18.82377417720668,4.124952316081144,24.355844287016506,12.595980522393981,-100.0,17.848741362011065,GBPUSD,-9.315855421680162,NORMAL
2016-05-01,-33.212019351616654,13.539592265206977,2.968197958268865,34.95994207425125,8.274287382786824,-100.0,31.05567720639528,GBPUSD,-10.807680509845248,NORMAL
2016-06-01,-67.7847433669114,15.508995625530359,3.1918450622712484,37.03854160775286,2.6827422771184777,-100.0,18.104096350088426,GBPUSD,-21.8561700694007,NORMAL
2016-07-01,-100.0,6.695594372603326,-1.7746808283175408,18.35976024078802,0.20571544772375638,-100.0,49.89467371643595,GBPUSD,-31.5833284148458,NORMAL
2016-08-01,-100.0,14.544315688894066,-3.4754934138912335,5.36718247924507,-15.45497995151585,-100.0,35.173010087977175,GBPUSD,-34.27926141953186,NORMAL
2016-09-01,-78.67325177907175,15.939587029333794,-4.688084265297473,-1.516086421392067,-4.64749349180454,-100.0,41.08775770161605,GBPUSD,-27.528946986707354,NORMAL
2016-10-01,-12.323297028216535,2.819344055900112,-3.9242325225662213,-7.642408303203714,-9.215956779967078,-100.0,-8.510289296114221,GBPUSD,-17.23838290900014,NORMAL
2016-11-01,0.12787282615356887,-10.266313963508953,-7.514917737487604,12.457590203136059,25.54716906013131,-100.0,42.084574460686206,GBPUSD,-6.991810719642068,NORMAL
2016-12-01,-37.8084025500266,-10.628818680111396,-6.770834097191521,19.256833018821407,-19.64287658405623,-100.0,30.454166305115688,GBPUSD,-20.97526035373593,NORMAL
2017-01-01,-43.49650622086665,-0.9909175936562455,-5.9223116255259995,8.194217317126938,-31.006545877406715,-100.0,59.68176149830667,GBPUSD,-20.843222958095197,INFLATION_SHOCK
2017-02-01,-76.15727680123199,-18.707099440221658,-12.67786006189985,-9.102953004366409,-43.392002358676734,-100.0,44.05294702290898,GBPUSD,-38.00716954287156,INFLATION_SHOCK
2017-03-01,-58.86016253070083,-11.87731818317245,-12.630585722496035,-23.779110604780676,-52.69019566437697,-100.0,51.15604809765237,GBPUSD,-31.605068227683574,NORMAL
2017-04-01,-73.38235527563239,-5.587263241818366,-8.09006982308028,-3.250276383772507,-65.6534585385811,-100.0,71.71738482133892,GBPUSD,-30.418346970613477,NORMAL
2017-05-01,-48.76057258332486,4.184155578189095,-4.080536442334873,-8.779357748353071,-98.3139175466043,-100.0,77.1124106818475,GBPUSD,-22.81977693689408,NORMAL
2017-06-01,-31.13462929478656,-0.892602954625829,3.6411823024998444,20.280262710220068,-91.71760581498572,-100.0,63.041463856346766,GBPUSD,-15.94395830660516,NORMAL
2017-07-01,-27.064048898400785,12.360266532395274,7.015918790257061,12.751230216662528,-90.22915696777743,-100.0,74.14136714052216,GBPUSD,-11.291826299097725,NORMAL
2017-08-01,-39.93474668366327,11.05651756408988,10.1306369601145,23.25865634521974,-60.519448246368526,-100.0,66.68320701172594,GBPUSD,-12.843832608878877,NORMAL
2017-09-01,-29.503409275688703,11.975686379446104,7.15371740173922,10.571544941341001,-59.24793077762927,-100.0,79.43718993808292,GBPUSD,-9.862949660807121,NORMAL
2017-10-01,-41.93289333589216,9.693959262799599,5.250441778577532,37.57703097629105,-64.08848723688975,-100.0,67.2377615878229,GBPUSD,-13.31369193491521,NORMAL
2017-11-01,-45.43637676961785,6.788390865818716,-0.9400941607156739,-0.811246579651024,-37.42390974046309,-89.38240767659394,49.838717620051554,GBPUSD,-18.604902165555092,NORMAL
2017-12-01,-78.76219990403979,6.561432185900296,-0.007867115268906488,2.6710101784233835,-37.09299805451046,-100.0,51.52858241720904,GBPUSD,-28.631393252438624,NORMAL
2018-01-01,-62.102396716499605,-2.366997553796044,1.915406093370926,5.085152903911323,-30.07115128403592,-100.0,15.545103925614685,GBPUSD,-28.563150951722832,NORMAL
2018-02-01,-54.34815016421803,12.032301327123431,2.6485734849248477,12.030526888888073,-58.249919853559035,-100.0,-72.39635890605169,GBPUSD,-34.74385914934016,NORMAL
2018-03-01,-51.206574740071275,8.584223683997172,5.987588537540928,21.135567595637774,-39.2446532465556,-100.0,-71.29461288010704,GBPUSD,-31.837182266448373,NORMAL
2018-04-01,-64.95151785785578,-16.305819852839587,-4.321985023220421,4.663495460145159,-26.431737580849763,-100.0,-14.815699819108577,GBPUSD,-36.09332661365305,NORMAL
2018-05-01,-64.24715218897012,-19.693717815320237,-5.917166217250559,-13.659159602561337,-6.458266686520686,-100.0,-8.101482280081544,GBPUSD,-36.510471571212776,NORMAL
2018-06-01,-55.17708414744261,-11.135958643853927,-8.687030053105762,-20.393908689050924,-18.086850989472516,-100.0,-17.458652491301756,GBPUSD,-35.2834543581051,NORMAL
2018-07-01,-51.80046397349744,-7.691157540662487,-5.255712199314761,-4.102174679324035,-30.579081829591992,-100.0,27.632669370705788,GBPUSD,-27.256826799006692,NORMAL
2018-08-01,-40.20288656136138,-10.284762201361957,-5.549381301547964,-5.397691721144149,-17.047781822018838,-88.00344494476681,26.278315951195967,GBPUSD,-22.917341147838773,INFLATION_SHOCK
2018-09-01,-36.4342252760852,-13.656258238205321,-2.3905203039450296,-8.1437467070722,-36.2418273900234,-87.31791453844224,35.4389976378038,GBPUSD,-21.780745336903,NORMAL
2018-10-01,-46.73787244172143,-22.8981678725064,-4.0387641732815425,-23.50264225102308,-33.16234850385675,-100.0,-86.72391288336158,GBPUSD,-52.07892480441684,RISK_OFF
2018-11-01,-45.74783355047406,-24.269941954993573,0.6616929695317637,12.150496763286961,-53.63452597797971,-97.19171407625207,-42.857810762300446,GBPUSD,-34.87822133764667,NORMAL
2018-12-01,-12.895354863049983,-18.60070007502282,9.201779851890672,39.484558216056655,-19.858589374075212,-97.54933988770944,-100.0,GBPUSD,-43.06246971273848,RISK_OFF
2019-01-01,2.6972419092058053,-14.501109651055852,13.231554405822187,44.883090941675924,-26.878683382505784,-100.0,-19.39041939426018,GBPUSD,-2.8422423163798127,RECESSION
2019-02-01,2.833777804578924,4.998288965788404,17.09315124557844,25.085069983280846,-28.719631883811644,-96.90007758030153,3.4692667699842197,GBPUSD,-5.39783703830692,NORMAL
2019-03-01,-24.14470849484825,4.5882502520661355,15.30729957059429,26.497024378786364,-47.29500917254614,-93.10655958656831,17.001997873450943,GBPUSD,-12.394646965851287,NORMAL
2019-04-01,-2.37087783132256,21.075268081761518,11.780071938263562,-8.97842273668309,-42.3846103154155,-89.65774709037842,24.409174894079694,GBPUSD,-5.7122500104115606,NORMAL
2019-05-01,0.6501374696894324,-1.5988361688534196,11.723750189843434,32.20645546532174,-23.483360727172556,-83.97649910566768,-44.916181871860225,GBPUSD,-11.142782075357749,NORMAL
2019-06-01,20.528135596795895,-13.179963364119757,7.77523245905792,0.39107228527470994,-13.339198714532444,-80.01825309157105,1.866786342396056,GBPUSD,-4.692609732252781,NORMAL
2019-07-01,-31.583399497695012,-15.87406170283359,14.8819820975488,26.082885204754696,-3.4218000612423882,-78.24938104861597,-11.606406626678826,GBPUSD,-17.175795192531474,NORMAL
2019-08-01,-17.797249638198593,0.9833493305134242,15.220844987509553,11.160674889393885,2.810556335242183,-58.32956635880403,-46.60997962449837,GBPUSD,-13.044609150298662,NORMAL
2019-09-01,-43.11711402953415,9.677950204049345,10.815087061873793,33.007449988836534,36.36647227222555,-50.66184925210583,-11.645900546704366,GBPUSD,-10.769520778020324,NORMAL
2019-10-01,13.231537900624096,9.984500311367327,11.521937120917048,25.580331804440608,27.734434588608934,-35.32308570365727,26.69846690748045,GBPUSD,10.346064186553061,NORMAL
2019-11-01,0.056524230566895595,5.517685327295345,2.7559524385409206,5.702198109415513,32.84753294519712,-15.314439747364887,34.1341399948639,GBPUSD,5.949658231000185,NORMAL
2019-12-01,27.340797031351393,-9.983211041065196,3.501608378942759,-3.1362915956903397,-10.801262499411965,-14.17105391918093,18.359108161521025,GBPUSD,6.239542988781439,NORMAL
2020-01-01,2.017827651701637,-8.268762716750043,-8.215035370953554,-31.613076965341307,14.74667251751283,-12.999932867040561,-47.494601659500105,GBPUSD,-11.146907709358933,NORMAL
2020-02-01,43.41636865740238,-16.827797974800244,-2.7156703260633748,-21.745103692177942,-11.397858487780818,-13.913651711012998,-100.0,GBPUSD,-32.14945341644742,RISK_OFF
2020-03-01,84.76095166426947,-14.917793601833832,-2.3820349708330344,-35.56136312190259,18.053224102918914,7.392506810782377,-100.0,GBPUSD,-19.684777008604932,RISK_OFF
2020-04-01,76.26861724213582,-18.48277622326247,6.102990806643115,16.87378988584051,10.206805946933706,52.107198324292945,-100.0,GBPUSD,-16.46401739199426,RISK_OFF
2020-05-01,45.97327267946773,-9.865012888121214,21.304830876750188,0.0,24.934023036168433,53.08012566356465,-71.32580192085244,GBPUSD,1.047873689010041,RECESSION
2020-06-01,7.366930671735758,-6.5504096903743445,18.58874240746791,1.2738531099287727,22.496826217402607,51.870617746949065,-87.09938735045678,GBPUSD,-19.765773174681144,RISK_OFF
2020-07-01,13.230792940569417,11.425209693195772,13.42727945615977,-44.360157519607256,-0.7854073685109171,52.19617659884682,-46.800611832398715,GBPUSD,4.530733084314058,NORMAL
2020-08-01,36.65958255213957,11.7677743849056,7.783060145293055,-57.862157596967464,-8.89526159676144,52.534651282068054,-59.98213160216393,GBPUSD,7.135269429499581,NORMAL
2020-09-01,27.26182530440917,17.947229267431958,3.234479878614934,-48.588191518760894,46.436206780922845,54.43061582397891,-59.2580421962377,GBPUSD,9.028096679918997,NORMAL
2020-10-01,32.80563401477921,12.693787209855572,8.687177437090096,-20.278431514096674,42.56165157411076,55.67319299816117,-100.0,GBPUSD,-16.430080691965237,RISK_OFF
2020-11-01,22.83086946007998,7.960137348900597,12.32508373075349,-6.714088764077136,34.79160339842373,56.967591196785264,-17.693180331242576,GBPUSD,15.773175775360675,NORMAL
2020-12-01,19.58114139896062,2.907219159303315,9.262978568785243,4.849241441243655,12.253260754603854,57.83483176472469,-30.46982242235861,GBPUSD,11.883998063886057,NORMAL
2021-01-01,35.97278886137408,-6.7539129057840785,14.076441648926027,20.75783223421019,9.136139458837226,58.346945817432314,-89.69056396473563,GBPUSD,-17.170375738325195,RISK_OFF
2021-02-01,87.00005196616998,-33.361860848059436,9.69714140177861,22.44624241234017,22.403555424282438,59.507797042523066,-57.840825529999954,GBPUSD,24.185090215970472,NORMAL
2021-03-01,93.18362738186795,-30.424705323131747,2.5916657825644798,25.282669375109354,48.24972179606466,60.71800514759491,-7.156638973955001,GBPUSD,32.85475814949758,NORMAL
2021-04-01,81.20282572531407,-14.52868999669085,-7.677155585362669,-1.6474320460904224,65.19394779928628,61.07637692459706,-2.229415127593695,GBPUSD,31.632328198889052,INFLATION_SHOCK
2021-05-01,44.11490454766215,4.823105840375316,-11.352932672986691,-17.2337029082974,56.626405234677534,62.231450328835244,8.919864247910189,GBPUSD,21.15569045314598,NORMAL
2021-06-01,23.012252430993737,18.108721561278976,-6.876357756538024,-9.355440172970127,0.0,60.935595483988536,14.421013317755632,GBPUSD,14.803523492439393,INFLATION_SHOCK
2021-07-01,8.78922682273875,19.25580979611953,-1.464210562467624,17.114335480497882,0.0,59.6628504678076,0.8488348904493136,GBPUSD,11.687559679649745,INFLATION_SHOCK
2021-08-01,13.908257210091904,0.6624312153201668,-0.3973176742782627,39.4848959630353,17.335877264347154,59.983779178593835,11.603001769618828,GBPUSD,14.883271181242538,INFLATION_SHOCK
2021-09-01,54.347532589545445,-1.4216435447256188,4.222671938185886,35.325685842921445,-21.443683500244394,60.27022089645736,-26.982326308359607,GBPUSD,21.692838133678038,NORMAL
2021-10-01,39.559858606936466,-9.856707277584302,-4.942526741950125,18.37582838148584,-11.78595801895731,59.734800181790426,13.80936137236458,GBPUSD,18.07416372021643,NORMAL
2021-11-01,6.616156576153659,-3.3261856090378945,-8.408451053105924,6.145931902206183,-11.545401287424959,59.17914216347574,-49.47784419294792,GBPUSD,0.2634441857449161,INFLATION_SHOCK
2021-12-01,-18.249287288026448,3.530137488977047,-10.290816572269433,-1.4655851072408144,5.117065528673052,69.88972805834507,9.767956519793925,GBPUSD,0.4777535771662371,INFLATION_SHOCK
2022-01-01,-13.47010094341604,9.064427446948786,-5.680722181999265,2.53644811767119,0.0,68.14202047077416,-34.09729832276066,GBPUSD,-1.0773404875208854,INFLATION_SHOCK
2022-02-01,-12.129518652501181,23.643927536982268,-0.8873670553588617,7.167999926434931,13.322111499709699,84.8827087808256,-63.35968451222743,GBPUSD,4.287445914861715,NORMAL
2022-03-01,-76.19972218910777,22.14438417259533,1.8599173411706467,13.60729031915318,-9.558815984902061,90.89818993720618,-6.225815964616928,GBPUSD,-7.240233518938603,NORMAL
2022-04-01,-78.77045668746541,21.218056530075305,0.9142208724216161,17.297273879955856,-26.447121710236566,78.05082558561135,-78.89228016882484,GBPUSD,-36.07743121863855,RISK_OFF
2022-05-01,-26.338717712873517,-2.9835702701828364,0.3625366082236745,17.262340031947456,-51.3269165300046,62.08213877047023,-35.49793237937309,GBPUSD,-7.530680394334277,INFLATION_SHOCK
2022-06-01,-5.442411756697472,5.725156688035686,1.31113020177294,6.20931002444999,-42.80962087412932,46.89436914796637,-48.652233522650775,GBPUSD,-2.8823445133840475,INFLATION_SHOCK
2022-07-01,-31.477387478553574,10.230411913321785,-2.4985159201886518,0.3821428316145319,-25.31048886072338,12.335993998644735,-4.211513433234182,GBPUSD,-8.104622080266335,NORMAL
2022-08-01,-17.754976463437995,24.231765864386546,2.8582361404348298,-2.011411383240323,-13.570250743720337,1.0761327361289275,-30.011906829372865,GBPUSD,-4.668462127620374,NORMAL
2022-09-01,46.651475967675005,10.498711795376154,6.615878497036167,3.237584900210571,-6.8241904357549235,19.95711382401591,-62.53073398104164,GBPUSD,11.239196352621736,NORMAL
2022-10-01,-11.560242164444933,0.9523928135113495,4.979347513266983,0.03961193937177576,-19.073337654342957,-17.877182175243693,-26.702730446744315,GBPUSD,-8.419078047568966,NORMAL
2022-11-01,-60.11247657887129,5.172306606193664,-0.6245128789779173,-1.150624434129694,-7.24466144117005,-14.092653311418236,6.701794183967877,GBPUSD,-17.658317074056104,NORMAL
2022-12-01,-45.09286752199375,9.18935486041072,1.7444035199867916,2.2254478832519644,-7.713270741250188,-1.2712055147693155,1.0673066817577384,GBPUSD,-11.205875810389005,NORMAL
2023-01-01,-5.746119923782207,13.385986321742816,4.327747898230005,2.031479328891807,-6.9733924379830725,-18.090256979656303,16.08409214999767,GBPUSD,0.947457265337158,NORMAL
2023-02-01,-13.879947837108478,6.466466069392519,2.4825927401473926,-4.414768998046478,7.696933700617123,0.38854833042931664,7.936831015824576,GBPUSD,-1.4357102704927338,NORMAL
2023-03-01,1.5959347893714873,2.207514473882636,2.6304073269462744,-9.550107895577774,-6.117263015272672,12.068604785974532,20.46617637281331,GBPUSD,3.7594071601547014,NORMAL
2023-04-01,31.332577277991113,2.7139666676365577,8.33103660232662,-2.6050923264584624,-4.0130914144421075,-1.8399795476245366,38.93975177733891,GBPUSD,14.535011450141942,NORMAL
2023-05-01,52.253756813319185,7.378426394635297,10.733292125726477,0.5399665782971015,-35.87537080514565,-1.1621118031300017,25.61607859936442,GBPUSD,18.721616417061355,NORMAL
2023-06-01,-8.788030391243279,18.579800565321758,12.449978786743497,3.9056470417539013,-21.15712669667377,33.16566745764674,52.74629249170256,GBPUSD,11.708239464136957,NORMAL
2023-07-01,-32.65245890876506,13.83455191225225,11.504505968206567,-5.228474134922832,-23.261837250026687,28.926921150758144,52.677219513718676,GBPUSD,2.5190775318523606,NORMAL
2023-08-01,-26.77669934245023,1.4103829681227005,9.821654834024278,-0.7597283571294933,-6.027324393318974,30.75622345028658,53.22242924279893,GBPUSD,3.4390359270246966,NORMAL
2023-09-01,-15.94144543750968,-9.139265527441122,7.534075450363334,4.74175031380162,-1.8722158324621923,29.551133601189694,29.025924240334046,GBPUSD,2.1787444848798927,NORMAL
2023-10-01,-3.5755431441221335,-7.791267218846261,9.270999193104922,13.171873733354403,1.779791614416336,28.28624472458166,24.667369723810246,GBPUSD,6.55247151629162,NORMAL
2023-11-01,-10.725338057003304,3.6011663332280945,10.262109269784194,7.718772773330766,7.2260204071999645,27.01986232750456,57.022311255655175,GBPUSD,9.978610257663012,NORMAL
2023-12-01,-16.21536173471266,9.784892389323737,8.772953568374252,2.334555924162214,12.998798809438675,25.742462750688084,58.047576152805156,GBPUSD,9.02902814173951,NORMAL
2024-01-01,2.2832652133160636,1.98420652454422,6.04611997930833,-10.528919549615072,6.612405810984981,24.45840311065997,45.7103796541581,GBPUSD,9.409716229509943,NORMAL
2024-02-01,-13.852614437731347,-3.482639181050967,4.995140629918885,-8.44145497000127,0.0035764067322539006,23.160396395841783,51.370724514566405,GBPUSD,4.024654683721229,NORMAL
2024-03-01,-22.42273594514766,-4.587945710837746,1.1487459157446005,-10.109600476527689,4.59284504325921,21.844054259934683,53.65036657812714,GBPUSD,0.9644912980636837,NORMAL
2024-04-01,-40.00710770106206,1.450081591739265,0.4628878912259782,-7.270411470238961,14.921013603658189,20.503361797116927,37.6417563022933,GBPUSD,-4.245343102631723,NORMAL
2024-05-01,-19.517818668654364,2.4391495659035525,-0.43964889067250773,-5.285797671434359,20.09431924576606,19.122879976441684,53.65813162704184,GBPUSD,3.727754253457923,NORMAL
2024-06-01,-3.585209427782618,9.632650937499925,2.582803980408953,6.66063424109535,14.867724345324692,17.694205010214475,56.06456955629767,GBPUSD,10.89560260675654,NORMAL
2024-07-01,23.221417928598317,2.7520332329188992,2.7601470732416704,9.175998448352466,6.011144751984222,16.210862928644882,31.89518900929536,GBPUSD,14.178890721971703,NORMAL
2024-08-01,56.256122077492634,2.413495129692026,5.203202338521779,5.636410616573594,0.6942953926533306,-17.70154935682535,39.70219369913237,GBPUSD,20.33207635544828,NORMAL
2024-09-01,78.34673571505445,-3.881406394980823,2.4812123580650773,-13.616184639942466,-1.5461430567668053,6.529669227565335,29.1341794401762,GBPUSD,24.7459520067803,NORMAL
2024-10-01,52.89967903020203,0.8614798236410701,1.1348054740649482,-12.6266811353341,13.974588070498122,48.62266032757348,-9.486082693923327,GBPUSD,19.462062759397277,NORMAL
2024-11-01,12.673646347841553,1.8503858378515292,-1.3081590827160756,-12.294030411501046,12.204092632941828,38.444500346440805,50.58955332212513,GBPUSD,13.386174052061712,NORMAL
2024-12-01,19.233039962308986,-2.9631117477236404,0.45707259097568276,-2.988739029099749,11.632712367105487,61.74166553718487,27.23913847484833,GBPUSD,15.537467061699623,NORMAL
2025-01-01,23.43759025079203,-3.3155873181622177,-2.888092001703979,2.2872073764331793,7.712201845006673,83.50217729554677,32.656955623336735,GBPUSD,19.446983680649335,NORMAL
2025-02-01,51.28804695665764,-3.2117467509511313,1.3576656625793722,1.6392728723965757,-8.315413118954387,42.618173072177626,11.080764366799043,GBPUSD,20.03314147005718,NORMAL
2025-03-01,68.11095311449607,8.377022430469825,3.1379502331745734,0.8219638808653988,-2.034885584304295,41.24111026710833,-11.590377408813787,GBPUSD,24.64098897187971,NORMAL
2025-04-01,76.71389697179033,10.00257039892619,4.396760730526735,-2.441071565906723,-11.216339542525201,40.72865399532161,-32.971076826200665,GBPUSD,24.27048741690775,NORMAL
2025-05-01,55.8607220195127,14.814616017491804,8.76898208985183,-3.2838760492488257,-5.326294289707288,-1.127502242429818,15.82563669579648,GBPUSD,20.958532804421722,NORMAL
2025-06-01,37.13711580027907,5.633265558445501,3.113942957701765,-9.584001040373444,-1.5456386518785017,-0.8463518805216393,29.66434751281576,GBPUSD,14.356997471474397,NORMAL
2025-07-01,16.392575974119964,1.1375488182096507,1.53401931606553,-12.309414430614446,1.0429672252163513,-0.5928688423587751,28.7076033292694,GBPUSD,7.247440760424991,NORMAL
2025-08-01,75.03312808729899,-6.7562527815216615,2.7761164481282177,-16.372354583802476,0.30855994362775974,-41.779635561458996,38.75132413739372,GBPUSD,18.822806886234535,NORMAL
2025-09-01,69.72442812061848,-1.9425508684986892,3.6055774920852683,-9.338389530707454,-0.39240246642675114,-22.581498558893667,29.786178203931197,GBPUSD,20.039020116384577,NORMAL
2025-10-01,46.93394045383075,2.1184158616683084,0.9067596913500786,-13.082291740719949,6.607576039602916,-0.42115089246920945,18.608152895948464,GBPUSD,15.101996715319228,NORMAL
2025-11-01,30.965404578394313,9.924816868326115,2.6680250157955463,-4.578601346526101,14.848949062058928,34.536062187108016,28.010788634038914,GBPUSD,18.47854756217316,NORMAL
2025-12-01,34.41024196045527,9.535444280182087,-0.7558508196468114,-12.467529213813417,12.539533372863936,19.359254973771446,39.69333864077262,GBPUSD,17.56174227521209,NORMAL
2026-01-01,52.32062253749032,4.771426245014274,-1.475866891290825,-10.652794952116782,11.51819796053824,32.41852286485386,15.131974126671984,GBPUSD,20.515029020955968,NORMAL
2026-02-01,26.349473832395752,3.3968626813929457,-1.9776108410934814,-1.2980224571678214,8.334905229249882,32.086389474648676,-10.197694887580102,GBPUSD,10.570487679249755,NORMAL
2026-03-01,42.619349817230386,-0.17806491815625547,-1.0789235885800363,-1.9593583803827936,5.985053875609516,31.79101543900969,-62.66967071864581,GBPUSD,8.546508720094765,NORMAL
2026-04-01,44.24460065917373,3.6368062490357556,-1.1339190728825064,5.214936672997546,7.567346194802696,31.497779714247308,20.120303431524288,GBPUSD,19.765856590197178,NORMAL
2026-05-01,22.54240631116572,5.819199767785763,-8.546311089729848,-7.091366157687165,18.251140097652133,32.86019625584983,35.370040068983286,GBPUSD,14.085007073012232,NORMAL
2026-06-01,-9.918550065210674,20.75091599229067,-7.524110914295626,-0.3206533705522663,20.50343317383574,32.49470169534369,24.313296070986144,GBPUSD,7.02807092167861,NORMAL
2026-07-01,2.5728946954400644,11.937891872142764,-7.58913641031018,-6.965344119718928,13.777043471002747,32.067441842329536,28.425423025930396,GBPUSD,8.495963777197181,NORMAL
2026-08-01,19.958486653894358,7.049060013124621,-4.2830532353399,-2.6162790224470367,-0.36929372872864175,31.676313809865835,38.61954913004394,GBPUSD,13.870843143068274,NORMAL
2026-09-01,1.8065242595892679,3.0894636276967646,-6.494499987178219,-7.109507130011637,-0.16580770608126105,31.32099275148424,23.6133309308299,GBPUSD,5.519610253978999,NORMAL
2026-10-01,-6.949770473762551,14.635451797299652,-3.0719888067297263,-2.6247660409964393,-1.031103706340251,30.968649566852786,23.629570395824835,GBPUSD,5.903820861154416,NORMAL
2010-01-01,,,,,,,,USDJPY,,NORMAL
2010-02-01,,,,,,,,USDJPY,,NORMAL
2010-03-01,,,,,,,,USDJPY,,INFLATION_SHOCK
2010-04-01,,,,,,,,USDJPY,,INFLATION_SHOCK
2010-05-01,,,,,,,,USDJPY,,NORMAL
2010-06-01,,,,,,,,USDJPY,,NORMAL
2010-07-01,,,,,,,,USDJPY,,NORMAL
2010-08-01,,,,,,,,USDJPY,,NORMAL
2010-09-01,,,,,,,,USDJPY,,NORMAL
2010-10-01,,,,,,,,USDJPY,,NORMAL
2010-11-01,,,,,,,,USDJPY,,NORMAL
2010-12-01,,,,,,,,USDJPY,,NORMAL
2011-01-01,,,,,,,,USDJPY,,NORMAL
2011-02-01,,,,,,,,USDJPY,,NORMAL
2011-03-01,,,,,,,,USDJPY,,NORMAL
2011-04-01,,,,,,,,USDJPY,,NORMAL
2011-05-01,,,,,,,,USDJPY,,NORMAL
2011-06-01,,,,,,,,USDJPY,,NORMAL
2011-07-01,,,,,,,,USDJPY,,NORMAL
2011-08-01,,,,,,,,USDJPY,,NORMAL
2011-09-01,,,,,,,,USDJPY,,NORMAL
2011-10-01,,,,,,,,USDJPY,,NORMAL
2011-11-01,,,,,,,,USDJPY,,NORMAL
2011-12-01,,,-5.8781731366154055,,,-71.905049116485,,USDJPY,-38.8916111265502,RECESSION
2012-01-01,,-16.34090857858046,10.437578110660285,,,-59.32177263125069,,USDJPY,-17.04419208328274,NORMAL
2012-02-01,,-5.50654461068514,15.44538196708151,,,-40.398568448990936,,USDJPY,-6.3725781035990945,NORMAL
2012-03-01,18.32523320962976,10.210103899345983,16.877867445964945,,,-3.743974430789676,,USDJPY,12.723240863269401,NORMAL
2012-04-01,18.03931600381126,7.327001482798329,15.309434581055537,,,18.738603082418884,,USDJPY,15.044853413496588,NORMAL
2012-05-01,27.70052924066316,3.7343675774723373,17.327306077491322,,,31.420226742692055,,USDJPY,20.348316973353143,NORMAL
2012-06-01,66.0994494828554,21.433673660254527,26.883107922913105,,,40.170212394008146,,USDJPY,42.7529243809074,NORMAL
2012-07-01,30.14033305271213,21.796766160336762,24.66491226807113,,,29.566358941117205,,USDJPY,26.863032187001437,NORMAL
2012-08-01,3.188565707872469,36.47600724598931,27.53018481634294,,,-10.4963695433316,,USDJPY,14.382205049207375,NORMAL
2012-09-01,-0.4712422662658394,40.03991249877227,24.69670036701199,,,3.4992040986147126,,USDJPY,15.29631042025023,NORMAL
2012-10-01,46.533120754106726,48.79867251498796,32.53300357822855,,,28.87389444216833,,USDJPY,41.10834007188614,NORMAL
2012-11-01,50.35197858302668,44.374347308442836,33.61442389237607,,,27.05758585000731,,USDJPY,41.526259862892665,NORMAL
2012-12-01,9.802693890176014,34.06026690679851,26.539940083595724,,,31.726671712405956,,USDJPY,22.635956449759593,NORMAL
2013-01-01,5.6281980292480664,-6.17230721758337,8.445357466929167,-18.268063607066797,0.42342071074681265,3.624757989637085,,USDJPY,0.8592420392943483,NORMAL
2013-02-01,42.132366805470745,-27.949041820972692,7.154910269075472,-29.66862786110392,3.039835766400353,20.911380129105428,,USDJPY,9.337963514006859,NORMAL
2013-03-01,100.0,-34.478076058439896,22.893366809196877,9.829731347136187,-23.64665218605853,7.118290777126892,,USDJPY,30.228421267684883,NORMAL
2013-04-01,62.52561518875805,-37.71380651104224,15.305855821636236,-30.60742454847495,-17.181839158228744,34.23910503282728,,USDJPY,15.880045865733212,NORMAL
2013-05-01,-37.7784230747617,-39.52563220016092,9.901055905743444,9.662445871257454,-0.5538936209739376,-21.35230165841166,,USDJPY,-19.587463320567068,NORMAL
2013-06-01,-26.302865877251502,-26.506223173812174,5.179814481151785,13.878269343631938,26.45762209701446,-48.43510113552429,,USDJPY,-15.621852864644978,NORMAL
2013-07-01,-7.202232394171393,-29.212741348712036,1.9964544387179703,14.927814285991879,40.63627848825809,-47.355766468210916,,USDJPY,-9.477613736629223,NORMAL
2013-08-01,93.80545517018261,-30.311360022238578,2.006188490518907,-15.46948826762696,45.58558738514999,-59.76754570394465,,USDJPY,18.295581795180233,NORMAL
2013-09-01,60.92146528549714,-39.15545015721837,7.388745526748827,35.06239765081271,38.47641556030631,-58.177434590691014,,USDJPY,12.021063792070622,NORMAL
2013-10-01,82.882723497212,-41.286957044917926,-2.276046474868318,7.340315597659951,39.97553785854317,-43.33105889154811,,USDJPY,15.9475982024618,NORMAL
2013-11-01,33.69988961746914,-41.1970190915844,-4.870812617684594,14.424402627616052,41.21428045798071,-55.972089054419335,,USDJPY,-1.1124936209701,NORMAL
2013-12-01,42.614188267565886,-28.309660894036092,-1.8824659725382595,25.10147210332247,46.636468688564335,-41.24064119246679,,USDJPY,8.128980923529046,NORMAL
2014-01-01,41.721141484002544,-11.049888527794533,-2.950520830584841,-12.736473729586375,36.29884855529071,-67.28870711841914,,USDJPY,3.073561262563386,NORMAL
2014-02-01,55.29292929467766,-7.160926456100403,-1.9233070728607036,-23.36223978864145,30.95379847816178,-78.32032988997219,,USDJPY,5.522147495057437,NORMAL
2014-03-01,81.07337917095221,0.6550830612192735,-8.923424047176988,-63.001659728100506,40.97587797433668,-49.9281624004165,,USDJPY,14.158895545219918,NORMAL
2014-04-01,62.65149294439883,1.563164942837438,1.9649608577006692,2.018911262090155,37.128193704450325,-22.29021882752934,,USDJPY,20.488452320022077,NORMAL
2014-05-01,54.759093650303015,16.840050946104576,-4.720100882453771,-26.30839188759717,46.0905248410603,-35.57562526279327,,USDJPY,15.576997803704216,NORMAL
2014-06-01,77.55344818724048,16.386914227777375,2.3945847455161697,12.972325885617085,34.50878167385916,-21.475271040062367,,USDJPY,29.258057619666975,NORMAL
2014-07-01,100.0,30.518813197570733,5.0052386817671515,33.165457736225925,43.32639711928137,-34.96702852747766,,USDJPY,40.578796671814175,NORMAL
2014-08-01,92.95744837228838,19.064829277135818,8.318233117633687,53.25138051682849,20.06133331145338,-34.5060157066217,,USDJPY,37.383842293005515,NORMAL
2014-09-01,90.97110115936269,16.686790752412037,-2.114573028885383,-21.299276584846506,24.45710596239109,-34.06285904742528,,USDJPY,26.975942583280734,NORMAL
2014-10-01,58.21319622660859,8.086338913939066,-0.2636250985837538,-3.5028784158881496,15.890083618506264,-19.69420937209243,,USDJPY,18.296870640256998,NORMAL
2014-11-01,62.10813498921417,8.895603366041597,1.4387766229256762,-3.1651649469807808,25.928363034387495,-19.503423694325946,,USDJPY,20.730837605355067,NORMAL
2014-12-01,100.0,5.446674093313078,4.388668417376435,5.377056933225572,27.218217516500786,9.185248008425434,,USDJPY,37.41654052298597,NORMAL
2015-01-01,85.67569846190027,-3.3170654138873346,2.639848982489129,20.41095679206446,31.104786747297773,-5.983814626389755,,USDJPY,30.650098165200518,NORMAL
2015-02-01,100.0,0.4003618278618539,3.4843024695671456,49.28747370351984,45.79135358717043,-20.607156611740027,,USDJPY,38.14685840907751,NORMAL
2015-03-01,8.256102077189025,-10.721999619612966,-3.186019238013184,36.67650778241394,30.01517383463569,-5.463595987623435,,USDJPY,4.956849238738321,NORMAL
2015-04-01,56.46307243488325,-5.7864905711711385,0.43159789662209747,37.33103118275108,31.409148335168055,25.665343325466917,,USDJPY,26.200010835209792,NORMAL
2015-05-01,27.861218801135706,-10.060385262911677,10.668015656361517,13.131159852902318,-18.504405230324288,12.52021684130825,,USDJPY,10.812491628395126,NORMAL
2015-06-01,42.87731043218625,-5.540832537866523,13.79902161728575,7.298634384100165,-3.068100767068035,29.125927706368653,,USDJPY,19.616839042270414,NORMAL
2015-07-01,44.490116085031985,-13.052723219177572,13.1050999037902,-17.756674236698743,-9.967728645729391,30.233543337487966,,USDJPY,15.685666008302972,NORMAL
2015-08-01,72.96701492647884,-9.297514009020517,14.933835190541537,-5.302493710005116,26.678123219481016,31.886962194539255,,USDJPY,28.06604377378798,RISK_OFF
2015-09-01,58.00050592824037,-7.343408221509752,16.749171398303027,18.34003916699711,13.359204886992922,50.244730579621645,,USDJPY,29.57772742852649,NORMAL
2015-10-01,82.70440916798853,-5.958875882959821,16.723724661205168,14.659790766272467,11.558923433953733,1.6213849722919431,,USDJPY,31.030381460208474,NORMAL
2015-11-01,100.0,-3.474944564551736,12.323320193447909,-1.1776873680261577,13.191878476788112,3.4613515480800743,,USDJPY,34.92150055582018,NORMAL
2015-12-01,100.0,-1.024590750385368,17.572489495538143,3.8798562041146623,28.454300869173874,100.0,,USDJPY,50.2760107071292,NORMAL
2016-01-01,82.4629581136159,7.2724569330598765,19.507797416969396,15.7132135282127,42.70531931995577,100.0,,USDJPY,48.750129139952776,NORMAL
2016-02-01,86.68926356365301,5.500778181073637,24.602476556833544,-12.074082130635903,7.322698808469433,100.0,,USDJPY,45.6256570148358,NORMAL
2016-03-01,40.78222418200712,9.354058028230138,22.74907073803491,11.305663840759763,-2.936233707226104,100.0,,USDJPY,33.03675228505258,NORMAL
2016-04-01,77.22597387340508,0.8846703257629436,17.90990565592041,-17.42220917730819,-14.884698177889245,100.0,,USDJPY,38.44572849041622,NORMAL
2016-05-01,71.82012731995202,0.47404493861875174,21.029599683673005,-0.17135515207869645,-6.076481210540223,100.0,,USDJPY,39.5680077572288,NORMAL
2016-06-01,38.14459973282724,0.374064657577847,21.02728269083599,-7.140064705009209,-12.92928246881084,100.0,,USDJPY,27.600875302086674,NORMAL
2016-07-01,34.23872637470936,3.3847182794944786,20.84277854613864,2.863198123198737,-2.2581823370568213,100.0,,USDJPY,28.602503654519694,NORMAL
2016-08-01,7.0027710981494575,-4.005789855027922,13.812470055910783,-16.07828510146897,-3.6938680730864775,100.0,,USDJPY,15.065049478074297,NORMAL
2016-09-01,36.06267834871314,-7.286419539121758,19.162674847553113,4.5539711448257725,-10.956653954141931,100.0,,USDJPY,26.427683176053783,NORMAL
2016-10-01,36.429104743140094,-2.8871916549088494,18.991506718008434,-10.933279618477677,-16.729114048529375,100.0,,USDJPY,25.39975047864779,NORMAL
2016-11-01,76.77785291867653,1.5948551909033108,21.34566847198698,-9.405527992608562,-10.386402063238508,100.0,,USDJPY,40.20997363657956,NORMAL
2016-12-01,92.53798855522932,4.901588858250596,17.762329465711552,-7.931475362108768,32.37301419536964,100.0,,USDJPY,48.10027893359158,NORMAL
2017-01-01,66.0589994835135,7.381072516280189,17.861923301244357,2.778922049269478,34.52896160747508,100.0,,USDJPY,43.3960965939181,INFLATION_SHOCK
2017-02-01,44.77819696329789,3.869978995525888,14.846928183072514,12.195645478423183,23.754331953943908,100.0,,USDJPY,34.50551518344522,INFLATION_SHOCK
2017-03-01,37.573452559101206,-3.788344754815426,18.660216129514588,18.198110419837242,5.684301734741522,100.0,,USDJPY,29.95411252090286,NORMAL
2017-04-01,60.12940177534617,-7.911965890005398,12.6881379852796,-19.686831727241888,40.56421172755065,100.0,,USDJPY,33.59235936708443,NORMAL
2017-05-01,39.802520040844115,-8.017017063488844,12.034696861521393,-2.6243869096074253,44.70618622240835,100.0,,USDJPY,28.94697479265094,NORMAL
2017-06-01,46.56531566721043,-6.5324016778887515,9.13617058364742,2.164141062493659,50.22659200021874,100.0,,USDJPY,31.68763479189338,NORMAL
2017-07-01,24.19979869200533,-10.659378418405625,4.142708484241984,-9.749712134139655,50.544108980313176,100.0,,USDJPY,21.563689309181115,NORMAL
2017-08-01,39.991258536572616,-14.422317353458869,8.097806069676597,2.074094617416371,46.22753338101971,100.0,,USDJPY,27.598002794897575,NORMAL
2017-09-01,46.155740704409986,-8.03342114404554,4.964936057403818,-29.894246248810887,36.96197216272917,100.0,,USDJPY,26.32720682222798,NORMAL
2017-10-01,80.39464652519206,-6.771770513623151,10.610198958484554,-6.586722685875017,39.809496448330144,100.0,,USDJPY,41.202516545607345,NORMAL
2017-11-01,100.0,2.979362340692955,19.58419512976944,4.8547776892199055,6.602946516546568,100.0,,USDJPY,50.132132258377275,NORMAL
2017-12-01,100.0,-2.1497941945303687,11.777233849566594,-12.37019451881258,21.265436886514088,100.0,,USDJPY,46.81765670650786,NORMAL
2018-01-01,100.0,-1.796868902220047,4.864807539863733,-34.424556698081204,36.429142950455415,100.0,,USDJPY,44.266260778619014,NORMAL
2018-02-01,100.0,-8.548611729059978,-0.5304207531313541,-41.65480847397099,60.62473296671853,100.0,,USDJPY,42.73973986934558,NORMAL
2018-03-01,96.81484112676539,-1.2750249673476062,2.0689548527435573,-19.218112917045048,53.1453343603933,100.0,,USDJPY,45.43925313994461,NORMAL
2018-04-01,98.73083427132555,7.584994839125277,13.571165293389026,14.06017809250359,19.287940782912614,100.0,,USDJPY,51.21197932596724,NORMAL
2018-05-01,59.54448521482269,4.401377971425697,14.382728773472566,7.027779888353657,1.1829642141948256,100.0,,USDJPY,36.31424091951082,NORMAL
2018-06-01,75.76284623922479,1.2804843693821664,8.803755128171765,-36.00011331475777,0.45094520585729114,100.0,,USDJPY,35.37934061480965,NORMAL
2018-07-01,59.898094156601445,-7.821547835890454,10.835307344319043,-5.849689042698158,29.939106920064635,100.0,,USDJPY,33.91739447179747,NORMAL
2018-08-01,49.50807849048115,-3.71091877574971,10.68105144148626,13.414806940966812,35.01351033274674,100.0,,USDJPY,34.79177693367836,INFLATION_SHOCK
2018-09-01,61.1147320210941,-2.18193725760341,8.484833766438955,38.70326795562751,55.3919709677114,100.0,,USDJPY,41.14099675183926,NORMAL
2018-10-01,49.06631233704334,8.372710278285416,1.6392399376619,-10.914168167857493,48.316520256392366,100.0,,USDJPY,33.43818583702869,RISK_OFF
2018-11-01,58.38582352345074,3.9865014991544303,-0.5781367677880453,-16.702856724203887,61.460712281240056,100.0,,USDJPY,34.416048290632475,NORMAL
2018-12-01,-15.600558177458995,2.8204288108790596,3.514892341550942,-8.683804169768084,21.971357984936308,100.0,,USDJPY,10.258269796460322,RISK_OFF
2019-01-01,-28.889456741933973,-10.114635197658478,4.836177581898286,0.4062730023456069,5.324693862877318,100.0,,USDJPY,-3.3965649688668904,RECESSION
2019-02-01,-8.601168967056482,-11.320744717245631,2.01440057673833,10.63052238402108,3.0936058060705633,100.0,,USDJPY,9.562664382288458,NORMAL
2019-03-01,-4.595121197479002,-6.524120846162878,-3.2286607413148087,-24.002189303557852,32.06613695037353,100.0,,USDJPY,9.065941238131595,NORMAL
2019-04-01,-7.122655154808544,11.494815557629527,1.9865067221607624,30.61445566646435,53.462918241319095,98.45052039163262,,USDJPY,19.498575586939452,NORMAL
2019-05-01,-51.731013865299616,12.91576531510005,-5.724461438836684,-10.664375574167659,48.73877649694866,91.2144139904248,,USDJPY,-1.4728560345242308,NORMAL
2019-06-01,-50.163301603862784,21.864103066589998,1.790649505563945,35.69111176654633,34.94431072006422,87.42709133892896,,USDJPY,5.580257815483602,NORMAL
2019-07-01,-22.195822649427726,15.603270634671613,-7.496562022571013,-33.509725011915414,6.539950243610688,85.36142673559276,,USDJPY,2.371042069544533,NORMAL
2019-08-01,-28.645363400257228,19.306270312187873,-4.872912201332004,-37.235965849868904,-14.77468663754702,66.10422057774379,,USDJPY,-2.6968290711902725,NORMAL
2019-09-01,-4.07317789750134,7.10263947294488,-1.706879906956014,-46.292578522760884,-37.41292896347193,59.738764973526116,,USDJPY,0.24473490753992166,NORMAL
2019-10-01,-43.12021544764381,21.275018621499218,8.043873742247197,27.50718533413266,-32.634143061565126,44.177918493870735,,USDJPY,-1.7891801080891785,NORMAL
2019-11-01,-10.295457254976064,28.979408572580166,7.156623316537385,27.76107691424446,-29.023780862450323,28.277986669554917,,USDJPY,8.261584931533523,NORMAL
2019-12-01,-28.865953293435386,47.92819258143557,-2.8034088452119716,-10.742110821540109,14.576297369028577,26.790801671746134,,USDJPY,2.6932761627917,NORMAL
2020-01-01,-38.47018628593354,61.55993447850349,-2.3588088130249734,-15.589808747071924,28.318426468116563,25.24408779420048,,USDJPY,2.50739446333143,NORMAL
2020-02-01,-87.16986430256313,62.85778393372902,6.391682976264655,13.130512891269728,40.079628247053364,24.856268242597977,,USDJPY,2.9345838989438127,RISK_OFF
2020-03-01,-100.0,63.59802522178938,6.343896956968754,32.308080158235576,-43.62362606577787,-29.692261210108672,,USDJPY,-24.030934574307537,RISK_OFF
2020-04-01,-100.0,11.616829974700686,-8.653174996842797,-20.356083840448253,-51.63439248448561,-66.6125566174155,,USDJPY,-44.662042329633735,RISK_OFF
2020-05-01,-100.0,2.7492036125950605,-28.506745509135914,-7.055519878164937,-61.08736418246386,-66.08168782908034,,USDJPY,-35.63449118564779,RECESSION
2020-06-01,-49.13398419258051,-0.7818266403284753,-21.360122997855214,8.767904133795085,-9.309752238928784,-64.3959846270509,,USDJPY,-22.93693242201259,RISK_OFF
2020-07-01,-52.677024628270416,16.20383188846523,-13.656839847366745,44.360157519607256,0.3856819981404698,-65.16357469151247,,USDJPY,-20.173677075100606,NORMAL
2020-08-01,-46.91410535737843,7.753680070769375,-6.930139280213282,57.862157596967464,-11.259750679382337,-64.34051311054715,,USDJPY,-17.914181356445678,NORMAL
2020-09-01,-42.347895675069914,-7.933496948170927,-1.498713904899219,50.743279231597455,-34.29377941285414,-63.997652017686946,,USDJPY,-20.585637667450776,NORMAL
2020-10-01,-40.921765562517564,-9.484141748985408,1.8993139011209141,19.05470998722806,-58.53316343616015,-66.26946668769858,,USDJPY,-30.062433282686055,RISK_OFF
2020-11-01,-36.42396164524954,-6.965179037483825,8.87909382761996,18.061964684719158,-62.841039424652756,-65.77283715122051,,USDJPY,-21.914463723550156,NORMAL
2020-12-01,-38.18927043750108,-3.537093647942516,13.087434558740588,17.585147733286455,-63.94081329858207,-65.98952062395068,,USDJPY,-21.15890689925233,NORMAL
2021-01-01,-41.441021879020276,-7.967923768479988,15.464110800921413,33.71489976595774,-62.372226623092764,-66.09952957725069,,USDJPY,-27.402666771062435,RISK_OFF
2021-02-01,-48.502625279541185,-2.246854881092071,7.131298503920595,9.055361926285181,-40.8440494933958,-66.10441880350096,,USDJPY,-24.77077586843345,NORMAL
2021-03-01,-40.96341046110473,-4.680767179391864,9.347923582679858,3.6716961108877726,-25.822603073278678,-65.93800817787525,,USDJPY,-21.96406979149156,NORMAL
2021-04-01,-32.847701974836816,13.609274808144395,13.44403930264485,-23.51208504285962,-39.174947754018305,-65.42954281135155,,USDJPY,-17.4231520081817,INFLATION_SHOCK
2021-05-01,-28.049647207571564,10.26222569295127,37.952096709820424,18.586408634087093,-86.04061641068391,-64.87182129020736,,USDJPY,-11.64431243628859,NORMAL
2021-06-01,-17.249500666300257,-2.1563085537234574,36.22907340405913,22.6722564527902,-76.8435240946388,-62.227115820918996,,USDJPY,-6.193514904037611,INFLATION_SHOCK
2021-07-01,-21.317514374648187,-17.332254778081275,32.98773272091328,32.76010656473419,-68.16739677323743,-59.984552511304514,,USDJPY,-9.000431025329267,INFLATION_SHOCK
2021-08-01,-19.753852477567655,-25.829875243214715,20.85310243866067,-14.42558869683282,-41.50754257166646,-59.988034519415265,,USDJPY,-14.22509138034481,INFLATION_SHOCK
2021-09-01,-25.68478027214055,-19.100098538927742,22.21111028236906,-15.900413604538134,-44.26110539610049,-60.50296387113055,,USDJPY,-19.858882117692396,NORMAL
2021-10-01,-7.081045379380024,-10.869374259856206,22.99329750878,-12.430305811202784,-36.754476010581456,-59.51176799753011,,USDJPY,-11.19871528549326,NORMAL
2021-11-01,1.1288592286994996,-8.987177422814044,24.114031428543495,-12.406631572943772,-49.8311883065157,-58.126779914183366,,USDJPY,-4.066024825796459,INFLATION_SHOCK
2021-12-01,17.001429815349812,-14.059460570765424,26.61478664032616,15.7082971706051,-43.59309437437382,-57.93403760128151,,USDJPY,3.7182775615215915,INFLATION_SHOCK
2022-01-01,37.338676745144326,-16.366868188701723,20.53685609481748,-4.672976145223453,-40.015070467654496,-57.17953815725523,,USDJPY,7.937381272950674,INFLATION_SHOCK
2022-02-01,52.29734311843149,-22.706085647147823,27.54391679073304,11.73591627376111,-59.83618441912524,-56.22058955946634,,USDJPY,7.8525840719790345,NORMAL
2022-03-01,95.45006510178399,-25.72434040612231,25.052018809041193,-1.0403289213171067,-57.09686305958901,-49.18054235363354,,USDJPY,20.391723504917508,NORMAL
2022-04-01,100.0,-25.076535427511054,33.31841585268101,17.792638100678303,-50.393951120660546,-41.02610624714148,,USDJPY,11.839036611824591,RISK_OFF
2022-05-01,76.16471957494959,-10.319526178868337,18.298594975446736,-3.5715891270592675,17.888321621213287,-16.48326917075178,,USDJPY,29.952496124814413,INFLATION_SHOCK
2022-06-01,63.0558184129572,-14.382893887376207,19.64058795314969,-4.168483225114897,22.68267266329942,8.492967003079348,,USDJPY,28.427775641946024,INFLATION_SHOCK
2022-07-01,41.45500134360397,-26.602079342510997,14.884227541904615,-5.656398531058838,22.693425853819193,32.17470275216491,,USDJPY,16.032951604144586,NORMAL
2022-08-01,87.12089951247776,-32.52278863055462,18.457473505751793,4.065493216311006,-1.592027395362427,65.83018654005897,,USDJPY,33.973185065309835,NORMAL
2022-09-01,100.0,-21.679913413953752,20.313317362876358,4.48153951483402,-6.260566469152899,76.95071840775266,,USDJPY,41.71227855236248,NORMAL
2022-10-01,100.0,-9.71081208209891,22.583408206116253,7.6696963529993,-3.7297894684138186,99.06628423009187,,USDJPY,47.775133431321855,NORMAL
2022-11-01,88.70229036668891,-12.524848574099039,17.772257871643205,4.1830754481176795,7.796009887367475,100.0,,USDJPY,43.18862886733544,NORMAL
2022-12-01,44.64689539593021,-15.762241633770591,9.741292573238484,-10.195359893741243,19.723735140781745,100.0,,USDJPY,26.19120443005452,NORMAL
2023-01-01,13.205269141598459,-19.57502815624851,4.294120686828643,-7.756024934625993,22.12966218995578,100.0,,USDJPY,14.737413179120953,NORMAL
2023-02-01,54.68674758106371,-14.09942018693862,6.475717259251622,-13.5682781638019,15.367484884412713,100.0,,USDJPY,28.47569672721713,NORMAL
2023-03-01,23.485812293865678,-7.933904939105405,12.291139485054833,2.148097768243397,9.401663464172017,100.0,,USDJPY,22.00893493593193,NORMAL
2023-04-01,29.920640932380156,-12.082715243778377,13.539819410771468,25.103341920685374,7.170010222657472,100.0,,USDJPY,25.724991952476543,NORMAL
2023-05-01,22.573812083035037,-15.075663646500143,8.95719186306377,15.683955299256457,12.323039548591167,100.0,,USDJPY,21.277629044376127,NORMAL
2023-06-01,76.59608933632481,-28.207765349701315,4.314392478604325,0.6004991792445378,12.351630408302178,100.0,,USDJPY,33.62902289509144,NORMAL
2023-07-01,66.66201765408448,-16.642636794714157,0.5996558325696846,-16.907750852134487,19.343178484925154,100.0,,USDJPY,30.607174519583268,NORMAL
2023-08-01,47.00034518398976,-6.709669343936669,3.289133074498606,4.982786741025619,24.895231947357896,100.0,,USDJPY,29.33383383619445,NORMAL
2023-09-01,27.436274971010157,5.706881120327907,0.9185936997631261,4.057852013641861,33.10345425277875,100.0,,USDJPY,25.426526717303176,NORMAL
2023-10-01,26.27033109825726,4.053748052974338,-1.4426567382506459,0.7218297249183341,26.261526904914103,98.16331715851166,,USDJPY,23.264616552388723,NORMAL
2023-11-01,25.922108931204345,-8.081421159342712,-2.900050644262806,-4.332098895772955,22.660956046576104,93.695054885568,,USDJPY,19.21704082241542,NORMAL
2023-12-01,-3.5638641131855775,-12.959069723903268,-3.9151291906167094,-0.2834369208471448,17.165613042248214,89.72819536567125,,USDJPY,8.187601755817147,NORMAL
2024-01-01,-1.5514119607876797,-7.297182511920788,-2.6495648691283558,-2.386242032186499,22.403344303097132,86.29125710452725,,USDJPY,9.844267263690218,NORMAL
2024-02-01,22.4871791046466,-0.00342949411336968,-1.5396592775387972,2.205708286503175,20.20423303645528,82.881536971693,,USDJPY,19.057889067084798,NORMAL
2024-03-01,37.2887197709116,-0.4357746547971453,-0.2579226320080217,8.140661611424841,19.085517771801612,79.26634667762067,,USDJPY,24.038831839709307,NORMAL
2024-04-01,56.2429932238939,-3.0520215356111793,-3.6802259462614333,-10.102437152096337,12.989583667168722,75.32462141669103,,USDJPY,26.185458380195403,NORMAL
2024-05-01,18.65671629146225,-8.38343664795591,-7.588935154166283,0.9716090038742751,17.19678630852382,72.85495424339827,,USDJPY,13.450495849516914,NORMAL
2024-06-01,11.364697554103733,-11.400006782118117,-11.365017942943641,-3.760591445139609,22.194005436946497,70.53097133915767,,USDJPY,9.344065089639223,NORMAL
2024-07-01,-24.54317599005181,-8.08884335436117,-11.014320366608011,9.775799027068448,24.90941654332488,68.32673552659078,,USDJPY,-0.18084647906093743,NORMAL
2024-08-01,-22.046996679962025,-2.4010437130247912,-6.141022077283471,-0.3105497778592594,12.618404251881088,62.97681165838485,,USDJPY,0.14192097136801607,NORMAL
2024-09-01,-26.491666724612394,5.821438464369642,-6.056721709760081,-7.190929627408808,2.089145884043205,56.835778262825876,,USDJPY,-1.8531389970123353,NORMAL
2024-10-01,12.766838982790512,3.0731495840421084,-3.056034550026003,-10.652105122711387,-3.6602420040537007,48.82348702877189,,USDJPY,9.027493838022613,NORMAL
2024-11-01,13.42449733358462,1.4461913469472114,-4.430414012103941,-7.093072343242886,-2.1289251510212597,43.39903660017719,,USDJPY,8.428849421320349,NORMAL
2024-12-01,25.775768255830712,3.598112640640614,-1.824184900851451,-2.0134379609575244,2.8415818819247827,38.793841944270355,,USDJPY,13.551819841759905,NORMAL
2025-01-01,-1.9240092042357202,8.851779593378085,-1.3818576679024774,5.937489349335262,0.864584420292994,33.14408291676484,,USDJPY,5.733490574872263,NORMAL
2025-02-01,-16.294947600117776,7.782111248280488,-1.9941278505241704,5.6684129383365125,-4.929874688005304,28.293648763466255,,USDJPY,-0.21691694019578867,NORMAL
2025-03-01,-33.63679725973899,0.9216708633635511,-9.499291552668577,-12.28953531678524,-4.412686104155929,27.25973071581308,,USDJPY,-10.479059586281807,NORMAL
2025-04-01,-34.010509774336256,-3.2080438831949465,-8.876415581403629,-10.18654198940302,4.708827931781757,26.10651665054794,,USDJPY,-10.620675206131036,NORMAL
2025-05-01,-14.09468807509209,-4.679056969278324,-9.441047717842125,-12.001861307873817,5.5688511909597,24.957481604593728,,USDJPY,-4.907238341620047,NORMAL
2025-06-01,-10.490221088070744,-2.204802651898648,-4.546887290184996,0.2649824072036977,2.735807293513444,23.813625233293102,,USDJPY,-1.4050734394217357,NORMAL
2025-07-01,-0.5029159043358052,4.1699872652132965,-7.585761821236917,-11.739155891852686,-5.163576454056689,22.644328605332976,,USDJPY,0.550033855121479,NORMAL
2025-08-01,-29.503982755033647,8.60220630803858,-8.064828777221233,-18.026297448100078,-3.750123764297024,21.51789791163788,,USDJPY,-8.683601605172921,NORMAL
2025-09-01,-27.94798102492122,0.20730303888987978,-7.273784792606927,4.520745136329126,-3.736876574414799,17.884293015257498,,USDJPY,-7.799644148175027,NORMAL
2025-10-01,-32.8927019789475,-9.202612318465027,-4.364529308865929,21.157561676824532,-3.3926072517529047,13.75136133923289,,USDJPY,-9.436071837634502,NORMAL
2025-11-01,-32.47400940981906,-15.49655449017419,-6.9644799224998675,25.40245205366467,-6.594813849243806,7.677293211741248,,USDJPY,-11.560862463270212,NORMAL
2025-12-01,-46.40645640091259,-10.878888131619906,-10.080583112806288,8.392428992238136,-15.666615529066828,0.8266910741065087,,USDJPY,-18.942054021225278,NORMAL
2026-01-01,-53.732437329979064,-6.989041640023686,-9.923849293782524,1.9052148126765767,-34.52812133689181,-6.4680636769134425,,USDJPY,-23.32158746421475,NORMAL
2026-02-01,-43.09142786622232,-4.814439057703673,-0.6414456824021495,21.814045887349494,-33.472148547681414,-7.773470325090213,,USDJPY,-15.765474957021265,NORMAL
2026-03-01,-22.799037237161794,-8.517180979245087,-0.18800815484044575,19.48706382052672,-26.200479538355196,-9.146614367564796,,USDJPY,-9.834946137737667,NORMAL
2026-04-01,-23.159274620321472,-12.627454304196862,1.4457891204125375,20.086671158384156,-14.518226130719444,-10.569556022639247,,USDJPY,-9.79872006253485,NORMAL
2026-05-01,-25.88535011813956,-16.81263622350886,-1.5682564028856145,-0.4123586641525383,-15.785867444814697,-12.369097525606872,,USDJPY,-14.471363130035494,NORMAL
2026-06-01,-25.541857188824167,-22.674098085504713,-3.5763989270071477,-12.72338833221574,-29.62635340965402,-17.06713878689344,,USDJPY,-18.626848031836055,NORMAL
2026-07-01,-22.018483504072673,-18.97688492280598,-1.658882998068902,2.348963510182733,-38.081041393405634,-22.601188935452157,,USDJPY,-16.123384546859334,NORMAL
2026-08-01,-27.279595894398334,-15.115614464428296,-8.288047463208976,-18.032531569235744,-36.08453404992975,-24.477056916266836,,USDJPY,-20.54485023385539,NORMAL
2026-09-01,-0.08588085464938944,-11.684395488164721,-4.03494487310947,-15.684077776737855,-26.64056421141714,-26.564592308513735,,USDJPY,-9.772544783865044,NORMAL
2026-10-01,-2.3090134506196733,-15.542258207773695,-7.846899806541871,-36.5699115804328,-15.654964696208312,-28.842730512320518,,USDJPY,-13.690052919588904,NORMAL
2010-01-01,,,,,,,,USDCNY,,NORMAL
2010-02-01,,,,,,,,USDCNY,,NORMAL
2010-03-01,,,,,,,,USDCNY,,INFLATION_SHOCK
2010-04-01,,,,,,,,USDCNY,,INFLATION_SHOCK
2010-05-01,,,,,,,,USDCNY,,NORMAL
2010-06-01,,,,,,,,USDCNY,,NORMAL
2010-07-01,,,,,,,,USDCNY,,NORMAL
2010-08-01,,,,,,,,USDCNY,,NORMAL
2010-09-01,,,,,,,,USDCNY,,NORMAL
2010-10-01,,,,,,,,USDCNY,,NORMAL
2010-11-01,,,,,,,,USDCNY,,NORMAL
2010-12-01,,,,,,,,USDCNY,,NORMAL
2011-01-01,,,,,,,,USDCNY,,NORMAL
2011-02-01,,,,,,,,USDCNY,,NORMAL
2011-03-01,,,,,,,,USDCNY,,NORMAL
2011-04-01,,,,,,,,USDCNY,,NORMAL
2011-05-01,,,,,,,,USDCNY,,NORMAL
2011-06-01,,,,,,,,USDCNY,,NORMAL
2011-07-01,,,,,,,,USDCNY,,NORMAL
2011-08-01,,,,,,,,USDCNY,,NORMAL
2011-09-01,,,,,,,,USDCNY,,NORMAL
2011-10-01,,,,,,,,USDCNY,,NORMAL
2011-11-01,,,,,,,,USDCNY,,NORMAL
2011-12-01,,,,,,-56.21642587162541,-2.398331110457208,USDCNY,-15.85285480074926,RECESSION
2012-01-01,,13.633332912308866,17.02708209614883,,,-87.20090550780154,-30.610851979276184,USDCNY,-14.364226994878239,NORMAL
2012-02-01,,29.59058720553167,24.785821327697953,,,-41.13910945997653,-36.985079083579116,USDCNY,0.6880848512577558,NORMAL
2012-03-01,,36.91381543073111,35.318921031210635,,,-20.07688424941425,-56.4230268236949,USDCNY,6.369838723960697,NORMAL
2012-04-01,,12.139688553782879,27.484620632492735,,,-8.651931787679686,-42.74190557753147,USDCNY,1.6085252828404535,NORMAL
2012-05-01,,4.1218562473278855,21.787899402416706,,,2.4624071314883573,8.86498326688997,USDCNY,10.038404774599043,NORMAL
2012-06-01,,20.09502197754191,28.526681407600197,,,13.26280886548492,-43.050908736819565,USDCNY,8.628891041275704,NORMAL
2012-07-01,,4.938217650965207,20.392905948883527,,,20.785917037239535,-28.276744722595076,USDCNY,6.101171542883511,NORMAL
2012-08-01,,13.104077305316414,26.413007208565887,,,15.174481639780469,-38.59081415034622,USDCNY,7.17185885205154,NORMAL
2012-09-01,,7.355198925899289,19.929173821490423,,,-2.446285344045562,-50.52726088331356,USDCNY,-2.409397421254911,NORMAL
2012-10-01,,26.546150621016025,29.219747349512048,,,9.82414458891134,-27.642435723744192,USDCNY,13.166111164191848,NORMAL
2012-11-01,,19.82412597202392,18.19799464030649,,,8.302553466536835,-47.7660484590054,USDCNY,3.513937185205412,NORMAL
2012-12-01,,18.50549382209781,21.6487326475638,,,2.933351722090317,-30.248517253797985,USDCNY,6.583234834556951,NORMAL
2013-01-01,,-18.857788100173444,1.9033257585302845,,-6.315177405766958,9.29158822687484,-58.03350839960979,USDCNY,-14.060218616015124,NORMAL
2013-02-01,,-20.187612538307228,5.582259503737719,,20.305043004941997,11.687449161212072,-47.097312692237324,USDCNY,-8.575522105528822,NORMAL
2013-03-01,,-10.703109076991716,9.315434132283283,,24.660522068824527,18.086749943782326,-66.79553449247544,USDCNY,-6.992733805698819,NORMAL
2013-04-01,,-1.3024563609670539,14.26055623742467,,30.89841756514729,14.151985779832255,-58.55376150794923,USDCNY,-1.7300758419739832,NORMAL
2013-05-01,,5.85607356659238,19.950783188168117,,22.800393608428216,4.622958428974115,-36.22912941340397,USDCNY,3.3644201730772734,NORMAL
2013-06-01,,16.44020853523545,23.291200092229808,,7.42905913065843,-97.72018196183222,-31.31823192226625,USDCNY,-11.950322068649346,NORMAL
2013-07-01,,26.236516350380818,21.891548216880473,,-19.97088800789891,-39.32802234999224,-56.642056342746,USDCNY,-6.138804699235594,NORMAL
2013-08-01,,20.23187380955207,19.763890486243902,,-23.00006808485947,-50.02506127687529,-28.243093984377417,USDCNY,-5.413553247270636,NORMAL
2013-09-01,,5.924244148347892,14.241043614339038,,-12.945524295983503,-55.281342933852684,-31.006881336930046,USDCNY,-11.366009959044383,NORMAL
2013-10-01,,-9.180880969768697,6.268244266022148,,1.4437004474347972,-37.97126961398968,-52.49305197261715,USDCNY,-17.11116843972896,NORMAL
2013-11-01,,-12.774350320166175,1.4320242872635598,,5.665513212296507,-82.74343178286789,-51.71243020374148,USDCNY,-27.024835350875463,NORMAL
2013-12-01,,-1.145049151119733,14.15447686707395,,-3.728117000185735,-96.47955699489083,-50.457311367862744,USDCNY,-23.50668823434821,NORMAL
2014-01-01,,21.47554419790241,21.119850510150663,,-18.49802762768321,-86.34703075734832,-13.019490061668415,USDCNY,-8.131353194687042,NORMAL
2014-02-01,,24.537366931146575,25.669354804424408,,-5.453655455703849,-30.026742039515884,-47.50496279797925,USDCNY,-0.8997181749073793,NORMAL
2014-03-01,,19.307111235634462,21.060519483239162,,8.35964226182955,-19.044074824009407,-47.55649875695415,USDCNY,-0.33987388577060784,NORMAL
2014-04-01,,10.824885496277442,23.80109758845491,,5.7961153718784875,-11.569253385616948,-50.33299680705755,USDCNY,-1.2845850690248604,NORMAL
2014-05-01,,15.444170165466858,23.17479122121798,,-11.284402639041065,-6.555181916783698,-64.78418329955367,USDCNY,-3.4642044465146657,NORMAL
2014-06-01,,10.660590184209372,23.015439377852616,,-19.086908068086856,-9.322695825941203,-61.91472287919473,USDCNY,-5.503059708379342,NORMAL
2014-07-01,,18.105955649195877,22.488472376033442,,3.153514531939951,-8.879365448743757,-18.992276430687138,USDCNY,6.290319531706011,NORMAL
2014-08-01,,12.092251036189868,17.953344117302027,,-3.710065936739899,-5.19630710940971,-57.54107398146686,USDCNY,-3.5498220598197605,NORMAL
2014-09-01,,17.13808105369594,20.66497259105114,,0.013369862143111533,-4.059770267785597,-22.749494427249655,USDCNY,5.436727400573986,NORMAL
2014-10-01,,20.057634840400247,25.11774450217579,,-16.47760551322651,2.5825322203460193,-40.483697608441716,USDCNY,3.931472885300927,NORMAL
2014-11-01,,23.314929891965715,31.60077917974435,,1.6565523291326052,4.042339101058328,-45.40794631036909,USDCNY,7.60658773869466,NORMAL
2014-12-01,,20.419403195387453,27.45053765859619,,5.582588945190658,-32.12249249169067,1.9551022107467213,USDCNY,8.077966449568518,NORMAL
2015-01-01,,9.252024531873781,23.241488794224384,,13.730451789464835,-22.102260183473874,16.967094682438617,USDCNY,9.176423705971711,NORMAL
2015-02-01,,14.425276943146143,23.32588797687479,,5.36713777863001,-37.69057670364188,-44.40100555440189,USDCNY,-4.14204836158134,NORMAL
2015-03-01,,2.2622025650130935,20.0603032904992,,10.987777264516383,-27.2120705237544,-28.153049485517386,USDCNY,-2.97954047159003,NORMAL
2015-04-01,,12.775077863416008,24.69533537465113,,5.660835775806396,20.982062271366146,-33.10174840333635,USDCNY,8.53024574782431,NORMAL
2015-05-01,,9.239726049828494,19.452399244901294,,-2.7613774451415694,67.43854070775986,-37.794105030475386,USDCNY,12.963988163056069,NORMAL
2015-06-01,,15.911037061495843,20.757812208478114,,-0.611390463103497,56.54007714346886,1.557075688312201,USDCNY,20.508133000943683,NORMAL
2015-07-01,,9.739900417863982,23.394572276884652,,12.63459089659959,64.70414322624814,-51.78186106038485,USDCNY,12.534779392052009,NORMAL
2015-08-01,,13.910822638200255,33.5971808210557,,47.153047593015884,74.39499891770971,93.66051176544133,USDCNY,62.345229943422666,RISK_OFF
2015-09-01,,16.133546220295194,29.936300809779702,,35.84048198877876,70.99972957722511,58.40651156720763,USDCNY,39.35113685162445,NORMAL
2015-10-01,,12.291864990037677,28.89498767990714,,19.871114382707336,69.96041133950627,-24.420410932007993,USDCNY,21.319243018867123,NORMAL
2015-11-01,,9.893145772412671,25.405909535598894,,7.691973400425542,75.61439925706081,-14.021061760952524,USDCNY,21.525074028788804,NORMAL
2015-12-01,,5.292434947770065,27.77980825487211,,28.018233404400227,82.14894628059282,4.544952971007943,USDCNY,27.32934195595712,NORMAL
2016-01-01,,6.3662742618935155,19.302905421055115,,41.30518517152011,73.62239262614057,22.254869105251597,USDCNY,28.187931607559126,NORMAL
2016-02-01,,8.416333044952502,20.01116178391742,,29.82161832571037,82.91632480686714,25.00837485337039,USDCNY,30.086682012072295,NORMAL
2016-03-01,,18.823593516807254,18.791415025440404,,2.998779043981953,86.84686499877888,-33.258638027277534,USDCNY,20.274568964884335,NORMAL
2016-04-01,,-8.335691278927886,8.291988398739862,,-0.6771890274749426,76.98490223298911,-17.848741362011065,USDCNY,10.678547643083373,NORMAL
2016-05-01,,-10.7082920726379,4.360445569570027,,-5.443976259316733,76.81263362847683,-31.05567720639528,USDCNY,6.093308825058433,NORMAL
2016-06-01,,-13.93360821019487,-0.5147955913718638,,-11.203364774182617,75.2663922202498,-18.104096350088426,USDCNY,5.434183232858175,NORMAL
2016-07-01,,-2.0949736736066256,6.750977627717157,,-9.338292809113481,73.04476403545813,-49.89467371643595,USDCNY,4.629990881023863,NORMAL
2016-08-01,,-9.6667863683365,1.223344674295575,,-25.660853580382753,74.61746571819778,-35.173010087977175,USDCNY,2.5361575089032424,NORMAL
2016-09-01,,-14.132263925487022,7.235138149040265,,-14.507814117099038,70.39866925988997,-41.08775770161605,USDCNY,2.1293301518280483,NORMAL
2016-10-01,,-10.258046197344878,2.232247467018402,,-10.905912006176793,64.08396576236824,8.510289296114221,USDCNY,10.018654719982612,NORMAL
2016-11-01,,-9.34824808724738,2.7679538211425303,,-7.344171641282935,44.978262736213495,-42.084574460686206,USDCNY,-1.9361525353220825,NORMAL
2016-12-01,,-8.052769655911979,-8.569655113338683,,5.329707827125217,-9.182622582426458,-30.454166305115688,USDCNY,-11.255558568701007,NORMAL
2017-01-01,,0.9085147008285741,-4.820723927413095,,8.100396701744806,1.8941490286178246,-59.68176149830667,USDCNY,-10.813451539420102,INFLATION_SHOCK
2017-02-01,,2.1801673582048426,-7.527336265686575,,-1.4340193133039953,-39.28504538822209,-44.05294702290898,USDCNY,-16.782195895632444,INFLATION_SHOCK
2017-03-01,,-2.9832402610737154,5.056157889611093,,-7.409164394637553,-5.385259355978504,-51.15604809765237,USDCNY,-10.388456946935198,NORMAL
2017-04-01,,-10.063469676046399,5.502431380801967,,25.030746742830143,19.190571785459024,-71.71738482133892,USDCNY,-8.518726746787543,NORMAL
2017-05-01,,-2.1452350924275647,13.791006447610592,,25.646503988442532,-0.5799865482445713,-77.1124106818475,USDCNY,-8.618270582381143,NORMAL
2017-06-01,,-2.5540185918031106,1.6141815864118136,,20.12094985499661,-6.3489538066079545,-63.041463856346766,USDCNY,-11.043581498826068,NORMAL
2017-07-01,,-10.247597821062843,-0.055778458236851236,,25.98262025599861,32.78759937203661,-74.14136714052216,USDCNY,-7.966822192624688,NORMAL
2017-08-01,,-16.45544469047242,-6.247082497891852,,23.70750992484045,27.370992141440375,-66.68320701172594,USDCNY,-11.184045580074866,NORMAL
2017-09-01,,-8.093291796313968,-5.737397238316804,,16.481381662534318,21.65946708459843,-79.43718993808292,USDCNY,-12.778739195302455,NORMAL
2017-10-01,,-14.656870166636448,-8.628960186659466,,16.45973842520095,16.77013348219584,-67.2377615878229,USDCNY,-14.030273531449174,NORMAL
2017-11-01,,7.861654221837469,2.0047378225593278,,-2.7763026011640104,14.526777290640059,-49.838717620051554,USDCNY,-3.9819097387996933,NORMAL
2017-12-01,,0.08733247120331722,6.42459446921333,,6.697989667447565,-13.684979205457246,-51.52858241720904,USDCNY,-9.472122977875916,NORMAL
2018-01-01,,9.669771238234777,13.292386793847065,,7.658498188763172,21.70174000543445,-15.545103925614685,USDCNY,8.07802222224075,NORMAL
2018-02-01,,-2.33328867728099,18.018014395798435,,20.899979198119667,37.41832892873942,72.39635890605169,USDCNY,26.14395745665948,NORMAL
2018-03-01,,21.034940453331927,11.309344591420613,,26.092222474133695,27.726251925050725,71.29461288010704,USDCNY,29.196982474427898,NORMAL
2018-04-01,,9.713256623151608,13.750851802310123,,6.643518576466178,53.30527345068394,14.815699819108577,USDCNY,19.38889003567604,NORMAL
2018-05-01,,8.405175374836027,8.699920319196245,,4.620732084127589,45.42390983135335,8.101482280081544,USDCNY,14.816982126281292,NORMAL
2018-06-01,,-5.879409996371104,10.076289391271096,,-4.89252947334408,45.824457422638034,17.458652491301756,USDCNY,12.205848049021409,NORMAL
2018-07-01,,3.7923329697076085,5.313165868867927,,24.362659361871373,77.99388721818723,-27.632669370705788,USDCNY,13.854690142960079,NORMAL
2018-08-01,,18.200123300961515,13.696080128198858,,26.37972505954799,100.0,-26.278315951195967,USDCNY,23.225311700006117,INFLATION_SHOCK
2018-09-01,,24.54988036806548,15.023265903978096,,38.415040439769605,100.0,-35.4389976378038,USDCNY,26.02331672548116,NORMAL
2018-10-01,,25.137173117548166,18.085812027994653,,38.38015483259096,100.0,86.72391288336158,USDCNY,58.70927943493057,RISK_OFF
2018-11-01,,26.408745034645243,12.784222790258383,,37.06975018682586,97.17368165953813,42.857810762300446,USDCNY,39.51923986411036,NORMAL
2018-12-01,,27.64966591126926,6.629213089240397,,14.992842589512819,79.52032293822897,100.0,USDCNY,56.64690062198477,RISK_OFF
2019-01-01,,17.86941394920456,9.673365751614405,,11.919997944883129,100.0,19.39041939426018,USDCNY,24.46469923866372,RECESSION
2019-02-01,,-1.2268421398530975,5.243334140058412,,26.944058147107512,100.0,-3.4692667699842197,USDCNY,21.09590914615955,NORMAL
2019-03-01,,-0.8202329908128974,5.261304505064336,,40.04673578376329,100.0,-17.001997873450943,USDCNY,19.942359507237793,NORMAL
2019-04-01,,-3.2581099126042252,-4.793575942081905,,53.4222681106197,100.0,-24.409174894079694,USDCNY,16.404441887127447,NORMAL
2019-05-01,,5.456542648049943,-12.241758307025627,,29.007956488829166,93.44037376229285,44.916181871860225,USDCNY,25.942310980018938,NORMAL
2019-06-01,,13.341974520469527,-11.56695748694553,,24.147852442879284,71.90814406317013,-1.866786342396056,USDCNY,15.414147180454496,NORMAL
2019-07-01,,13.0178804757373,-6.500142638566376,,1.0119016185315433,86.95199890545553,11.606406626678826,USDCNY,19.789266017664822,NORMAL
2019-08-01,,9.041920431997163,-3.228969166005303,,-12.909123366194576,75.22172591814224,46.60997962449837,USDCNY,22.56301286518748,NORMAL
2019-09-01,,-8.370243009911446,0.3302001527460092,,-27.543678299711626,61.913150076906746,11.645900546704366,USDCNY,8.67766312509221,NORMAL
2019-10-01,,2.079125575585275,-1.2642699489809535,,-22.218385149018314,45.59770643730214,-26.69846690748045,USDCNY,1.6386055264034587,NORMAL
2019-11-01,,16.00664847961845,4.074277425729855,,-12.909271439577484,38.227746918928894,-34.1341399948639,USDCNY,5.04733819314522,NORMAL
2019-12-01,,11.887121884324067,-1.1523444079443,,11.802746175137404,30.548814357390135,-18.359108161521025,USDCNY,6.2169537269104485,NORMAL
2020-01-01,,18.767835926089585,-8.047474848511792,,16.827366262722137,21.788173147832193,47.494601659500105,USDCNY,17.050363555465466,NORMAL
2020-02-01,,37.33460929010958,-12.79162675045355,,27.55107884035156,51.57102435875659,100.0,USDCNY,55.95073042565167,RISK_OFF
2020-03-01,,57.38964214947418,-6.8671321675793315,,-33.74856121337534,28.278835252467303,100.0,USDCNY,44.86272654115222,RISK_OFF
2020-04-01,,0.9132699072116566,-12.383179236287523,,-27.45244363147594,10.07651710632481,100.0,USDCNY,36.05566911098181,RISK_OFF
2020-05-01,,-18.148890990601142,-22.819576195096253,,-16.213942300232826,18.271975519339943,71.32580192085244,USDCNY,9.315582530323862,RECESSION
2020-06-01,,-58.69640821153675,-20.169637669800707,,21.968757896744734,-0.11757888820921565,87.09938735045678,USDCNY,30.7609233672922,RISK_OFF
2020-07-01,,-43.88374895490248,-21.02367748678151,,21.76579630213216,-10.342388765943769,46.800611832398715,USDCNY,-9.09454880818272,NORMAL
2020-08-01,,-23.93566678411444,-18.673519464657257,,-16.08254246783801,-19.80982668603944,59.98213160216393,USDCNY,-5.778681034718552,NORMAL
2020-09-01,,-12.863503997490536,-11.902812057282935,,-35.54517543779005,-21.33889129524539,59.2580421962377,USDCNY,-3.091438345465985,NORMAL
2020-10-01,,1.8796176009916756,1.5232001838216984,,-38.480368007258086,-30.287259947401875,100.0,USDCNY,32.934090828603615,RISK_OFF
2020-11-01,,-5.401978568858025,13.577187081437632,,-27.63806976007534,-47.521348618598715,17.693180331242576,USDCNY,-5.706252799731709,NORMAL
2020-12-01,,-8.643066362726493,15.68580561790335,,-17.56670441780418,-36.187182939407094,30.46982242235861,USDCNY,-0.7157461533064149,NORMAL
2021-01-01,,-10.416011809700683,2.8884063025141415,-40.55047540559805,-21.819186725764492,-21.168806117167488,89.69056396473563,USDCNY,26.394088738265445,RISK_OFF
2021-02-01,,5.271238759715306,10.59108432858514,-32.17203011435808,-34.04725104388635,-32.26610622094627,57.840825529999954,USDCNY,1.048722909218208,NORMAL
2021-03-01,,9.521414434444697,10.42539871416437,-58.29476674188285,-25.6518400339473,-23.848970699887186,7.156638973955001,USDCNY,-7.338705621190241,NORMAL
2021-04-01,,8.661234684204892,12.351653673779907,-43.92726909760526,-47.37787094889073,-12.097255302681258,2.229415127593695,USDCNY,-2.4584678968739855,INFLATION_SHOCK
2021-05-01,,7.743019710195085,12.821434285068927,-22.054396443074047,-62.79017456137439,-13.281188055391777,-8.919864247910189,USDCNY,-6.411583451674981,NORMAL
2021-06-01,,-6.299844327661539,11.322488407535975,-11.318413606165716,-67.49260364361682,-16.23669680346311,-14.421013317755632,USDCNY,-7.393360316143326,INFLATION_SHOCK
2021-07-01,,7.765347591109756,21.61149685116535,2.6371542675089756,-58.45870536093645,-10.019879742921708,-0.8488348904493136,USDCNY,3.5407076213751347,INFLATION_SHOCK
2021-08-01,,-2.5471820115091726,24.414429039786484,-0.2247042216278644,-41.5904929819598,-12.024089674526067,-11.603001769618828,USDCNY,2.1468000833874323,INFLATION_SHOCK
2021-09-01,,9.121675748819207,29.400537673271305,-2.5665403951834134,-34.38207490243546,-8.099781548344637,26.982326308359607,USDCNY,9.114538908854964,NORMAL
2021-10-01,,-8.531017445658918,24.71706534572936,-4.202462564830993,-30.877234724212748,-5.682342035812472,-13.80936137236458,USDCNY,-2.224320471752787,NORMAL
2021-11-01,,-4.819274406994822,17.92891752081516,-0.5981960670495292,-36.065395172225934,-15.942377736915553,49.47784419294792,USDCNY,8.493336958682725,INFLATION_SHOCK
2021-12-01,,-13.638329728747545,15.851444860882324,7.922790391185266,-44.28092338695494,-23.859428532998624,-9.767956519793925,USDCNY,-3.9717183272644814,INFLATION_SHOCK
2022-01-01,,-6.692064708901681,33.0272143869652,15.342301343484566,-41.33083068951521,-36.154516327803506,34.09729832276066,USDCNY,9.357613627762024,INFLATION_SHOCK
2022-02-01,,-10.873570015184683,42.706009535725315,11.691514326827594,-34.285502549302706,-33.17112739325053,63.35968451222743,USDCNY,11.134551839142631,NORMAL
2022-03-01,,-13.322632749964953,41.65901302823919,9.615818507109887,-34.76289644783944,-27.147096165724637,6.225815964616928,USDCNY,1.888015364773306,NORMAL
2022-04-01,,-8.626011999453079,42.70731531057061,31.41196715739788,-10.204870348510102,-12.188646495012572,78.89228016882484,USDCNY,35.341666483469275,RISK_OFF
2022-05-01,,15.209181847329337,42.690506795773985,55.93758578892407,25.300977112400403,18.435134050047683,35.49793237937309,USDCNY,33.305814879514976,INFLATION_SHOCK
2022-06-01,,-0.830134350122167,39.173298772018526,46.10063349527071,57.539014167188654,42.86155205122466,48.652233522650775,USDCNY,36.99026492077374,INFLATION_SHOCK
2022-07-01,,-21.04835440282027,22.10828107381106,8.307287736916985,56.06114027127637,64.14090866939769,4.211513433234182,USDCNY,16.606144830839657,NORMAL
2022-08-01,,-28.99924728302902,17.601522011167347,-17.64966144560177,54.15516053064474,100.0,30.011906829372865,USDCNY,19.979868258797033,NORMAL
2022-09-01,,-13.694506028479765,21.488654372174782,-17.043417671678334,31.68239116210895,100.0,62.53073398104164,USDCNY,28.004510784173966,NORMAL
2022-10-01,,-3.1028945879454257,30.882346402815692,19.030340805100124,26.110844770914028,100.0,26.702730446744315,USDCNY,31.214540190251878,NORMAL
2022-11-01,,-3.9911771881042046,34.64726131821187,27.600092661099268,15.644757698747899,100.0,-6.701794183967877,USDCNY,26.854727776102695,NORMAL
2022-12-01,,-5.029091580736257,35.90831431151422,33.09407492701407,34.904106522929084,100.0,-1.0673066817577384,USDCNY,30.028387399600796,NORMAL
2023-01-01,,-2.4966163847509506,21.642568749612884,2.1920419464204026,31.28238752115218,100.0,-16.08409214999767,USDCNY,20.639629161112325,NORMAL
2023-02-01,,-17.838106623073,17.46331433729021,-7.809966283333174,47.01723458415182,100.0,-7.936831015824576,USDCNY,17.263749971573116,NORMAL
2023-03-01,,-21.731626698609347,18.247186929651757,-16.55632195438543,32.028265981583004,100.0,-20.46617637281331,USDCNY,12.234323714449756,NORMAL
2023-04-01,,-28.127489911507293,16.24166009100746,-33.470811655472396,30.763156062026976,100.0,-38.93975177733891,USDCNY,5.053401936277287,NORMAL
2023-05-01,,-14.332920421305465,19.489132099291908,-44.57553186354133,12.081962628034152,100.0,-25.61607859936442,USDCNY,8.333142022349087,NORMAL
2023-06-01,,-21.292722570498118,21.76207520171551,-30.459013604436276,2.297405377075682,100.0,-52.74629249170256,USDCNY,3.926861628589263,NORMAL
2023-07-01,,-12.167575545575241,27.957489073689167,4.457015543984417,7.652654277234053,100.0,-52.677219513718676,USDCNY,12.44437942099314,NORMAL
2023-08-01,,-7.386129563092261,28.89772904322087,22.512404609032547,11.759426018652091,100.0,-53.22242924279893,USDCNY,16.338826456181913,NORMAL
2023-09-01,,2.5596591878209676,22.036760365153825,15.427969744333645,29.6809125492472,100.0,-29.025924240334046,USDCNY,21.43675193003471,NORMAL
2023-10-01,,0.32596010301430134,13.494626326592657,-18.51233516246647,20.788216530411997,100.0,-24.667369723810246,USDCNY,14.54726191362429,NORMAL
2023-11-01,,-8.664679825292174,10.26066742930453,-26.09549722382214,21.93603531604795,92.98150354728705,-57.022311255655175,USDCNY,4.515046599462963,NORMAL
2023-12-01,,-12.50008929493895,6.7662118466075825,-32.82922674870839,6.7469146226839065,85.48111514994675,-58.047576152805156,USDCNY,-0.6440002004730534,NORMAL
2024-01-01,,-5.235976111793942,12.390181203462777,-4.822779332100672,12.35787206683392,87.46729086882317,-45.7103796541581,USDCNY,8.699830384111861,NORMAL
2024-02-01,,1.240510079735772,16.051676087447664,0.7205731447192836,-6.485065375461094,86.37079462866635,-51.370724514566405,USDCNY,9.24956749093968,NORMAL
2024-03-01,,2.1279514586712724,12.147774770429479,6.416128775812561,7.817498036131967,86.50735889829278,-53.65036657812714,USDCNY,10.049560905163938,NORMAL
2024-04-01,,-5.8900901433022606,15.985028156661778,4.812689730980153,-2.9355797194268582,84.0080187745207,-37.6417563022933,USDCNY,10.141433558307522,NORMAL
2024-05-01,,-7.238585854716909,8.271033408628018,-2.628527290581815,-0.3509987651701749,84.29972164846082,-53.65813162704184,USDCNY,4.747927005910334,NORMAL
2024-06-01,,-8.320126089018174,3.373174340876731,-3.772488449855961,-5.539850337947247,82.70257697063028,-56.06456955629767,USDCNY,2.131692676708264,NORMAL
2024-07-01,,-2.527483171703501,-2.727311076286732,-7.817315546052272,-9.032462057818549,79.91670061186903,-31.89518900929536,USDCNY,4.661783613466226,NORMAL
2024-08-01,,0.12362782117556126,-3.215069785433089,0.3045588414819831,-0.6531613090137114,80.18172426693052,-39.70219369913237,USDCNY,5.67610064128422,NORMAL
2024-09-01,,5.567677617121462,1.8296498368657481,9.83836005596029,-6.436394374009604,72.82050255672364,-29.1341794401762,USDCNY,9.434096056395505,NORMAL
2024-10-01,,1.5728546664558931,10.89085903675134,11.273323969239122,1.0021197236989163,63.64499414010757,9.486082693923327,USDCNY,16.086724829536905,NORMAL
2024-11-01,,-1.870668171362116,14.173370625921297,3.4986077796218247,0.35319220874959234,58.99992320185592,-50.58955332212513,USDCNY,4.736492998355848,NORMAL
2024-12-01,,-0.5620777945943165,14.44897405361828,-2.541750715284891,-1.1834051511970003,54.76299310040302,-27.23913847484833,USDCNY,7.258586645438766,NORMAL
2025-01-01,,1.2683940683946124,13.351518017761297,-2.106890152027259,-3.888644292426333,51.265145271915735,-32.656955623336735,USDCNY,5.8584481761869664,NORMAL
2025-02-01,,4.3645728769999605,8.264115521198098,1.5577145510163057,-5.075156893939605,48.74596287743082,-11.080764366799043,USDCNY,8.780448301868589,NORMAL
2025-03-01,,-4.410132034012401,14.54601706565153,7.7760714199840315,-7.568472223682752,44.3633140484433,11.590377408813787,USDCNY,11.681609528390734,NORMAL
2025-04-01,,-8.636311699328434,5.957723612466102,2.974586406828398,3.3100870649542777,45.174685355426206,32.971076826200665,USDCNY,12.406760747503688,NORMAL
2025-05-01,,-6.10862345208,9.547782374905434,5.7442701929314,15.555604429006967,47.28143651907995,-15.82563669579648,USDCNY,7.7758343772016225,NORMAL
2025-06-01,,-3.80278526411585,8.027621765197928,-2.4184184214484494,16.28369664497804,46.47893280447191,-29.66434751281576,USDCNY,4.660151369620562,NORMAL
2025-07-01,,3.7410111728985553,12.428446549999066,1.4223434797683672,13.201194907301414,45.134447320713434,-28.7076033292694,USDCNY,7.6856353671834725,NORMAL
2025-08-01,,10.956940922910483,11.928722949990942,0.40011636376515114,9.710108434867852,45.92203615821546,-38.75132413739372,USDCNY,7.408627799780939,NORMAL
2025-09-01,,7.364852694902318,13.502670401530212,1.5563857691825365,5.845426286178863,41.928208490693585,-29.786178203931197,USDCNY,7.55732328410264,NORMAL
2025-10-01,,0.8175520382288495,9.212050222891577,4.75644880164391,-3.4332397059020057,37.80350279979232,-18.608152895948464,USDCNY,5.766395632363274,NORMAL
2025-11-01,,-0.14927842067832486,3.2457354070530595,3.046898004288792,-7.248889152857759,32.91725209561092,-28.010788634038914,USDCNY,1.3276544076406758,NORMAL
2025-12-01,,3.6245490998118486,1.6334582858956868,3.9445470029850815,-6.144711372530776,27.78328630394108,-39.69333864077262,USDCNY,-0.6253586257377082,NORMAL
2026-01-01,,2.3264764622166645,2.2338728931920686,-5.270431027837495,3.483757832622532,23.634591725097863,-15.131974126671984,USDCNY,2.042646940568293,NORMAL
2026-02-01,,7.646989456537844,8.60846641813257,-9.132056657913497,7.470595111891494,23.202598655476557,10.197694887580102,USDCNY,8.605258664234482,NORMAL
2026-03-01,,6.776977248423642,1.5213174433628431,-12.660719989807017,17.997113396180055,22.13959082663024,62.66967071864581,USDCNY,15.2582038554286,NORMAL
2026-04-01,,-4.140115979366481,6.411384379855458,6.530442289456576,3.3827674120888784,22.19270753739202,-20.120303431524288,USDCNY,1.9674673403509355,NORMAL
2026-05-01,,-6.621420716449811,2.2349798255181783,8.534744341774967,4.472696778182321,23.61903523856677,-35.370040068983286,USDCNY,-1.4708765562385437,NORMAL
2026-06-01,,-9.894957283486018,1.0479233226086264,4.9220804680907735,-4.627273810131378,22.31725529319092,-24.313296070986144,USDCNY,-2.165486388841966,NORMAL
2026-07-01,,2.6299628684145606,-1.1104894446315248,-10.75936712717132,-2.148286360083655,20.280945918132552,-28.425423025930396,USDCNY,-2.4677625164924093,NORMAL
2026-08-01,,15.548971491198778,5.084715816833308,-11.119210383079205,-11.655833791529185,18.921940200565494,-38.61954913004394,USDCNY,-0.550851296771155,NORMAL
2026-09-01,,14.141706436168436,7.952350428137642,-1.1321122884289228,-6.870971988137088,17.528842983391012,-23.6133309308299,USDCNY,3.6056224641600867,NORMAL
2026-10-01,,7.931905276319885,8.141312281890748,11.478836436996488,0.6732375794848551,16.089400169321117,-23.629570395824835,USDCNY,4.141165722246324,NORMAL
2010-01-01,,,,,,,,EURGBP,,NORMAL
2010-02-01,,,,,,,,EURGBP,,NORMAL
2010-03-01,,,,,,,,EURGBP,,INFLATION_SHOCK
2010-04-01,,,,,,,,EURGBP,,INFLATION_SHOCK
2010-05-01,,,,,,,,EURGBP,,NORMAL
2010-06-01,,,,,,,,EURGBP,,NORMAL
2010-07-01,,,,,,,,EURGBP,,NORMAL
2010-08-01,,,,,,,,EURGBP,,NORMAL
2010-09-01,,,,,,,,EURGBP,,NORMAL
2010-10-01,,,,,,,,EURGBP,,NORMAL
2010-11-01,,,,,,,,EURGBP,,NORMAL
2010-12-01,,,,,,,,EURGBP,,NORMAL
2011-01-01,,,,,,,,EURGBP,,NORMAL
2011-02-01,,,,,,,,EURGBP,,NORMAL
2011-03-01,,,,,,,,EURGBP,,NORMAL
2011-04-01,,,,,,,,EURGBP,,NORMAL
2011-05-01,,,,,,,,EURGBP,,NORMAL
2011-06-01,,,,,,,,EURGBP,,NORMAL
2011-07-01,,,,,,,,EURGBP,,NORMAL
2011-08-01,,,,,,,,EURGBP,,NORMAL
2011-09-01,,,,,,,,EURGBP,,NORMAL
2011-10-01,,,,,,,,EURGBP,,NORMAL
2011-11-01,,,,,,,,EURGBP,,NORMAL
2011-12-01,,,-30.063484052708446,,,-32.04349722308279,,EURGBP,-31.053490637895617,RECESSION
2012-01-01,,,1.4420563964837365,,-53.02876794429547,-31.15744721336991,,EURGBP,-18.502915530264012,NORMAL
2012-02-01,,,-0.4924355105817799,,-79.3716562577542,-30.34175227735256,,EURGBP,-23.588744557367438,NORMAL
2012-03-01,-9.595062496302944,,-0.9518104027685172,,-87.46243778314631,-29.587512153286482,,EURGBP,-17.951655070867233,NORMAL
2012-04-01,-11.632370022725318,,-3.917647263953475,,-60.230950049270945,-28.887333244486623,,EURGBP,-17.083673494884653,NORMAL
2012-05-01,53.455356565063084,,-3.625086432712985,,-75.22349342215024,-28.235014978987543,,EURGBP,11.337090922459192,NORMAL
2012-06-01,42.78778853833242,,-6.638132074750564,,-47.19519979224876,-27.625312572654124,,EURGBP,8.325338320895762,NORMAL
2012-07-01,36.36034449042169,,-6.4225261188377445,,-63.791491711918965,-89.73484983270363,,EURGBP,-7.338822480157367,NORMAL
2012-08-01,7.673259062533072,,-7.635202721301672,,-43.868283927670056,-84.1020696093906,,EURGBP,-17.873794181608265,NORMAL
2012-09-01,10.313893565829217,,-7.087471767114749,,-43.45687260152961,-79.41864389163594,,EURGBP,-15.635191623363603,NORMAL
2012-10-01,-5.543262197061405,,-8.5923072554634,,-27.275736505226824,-75.44455232549593,,EURGBP,-21.059824900719626,NORMAL
2012-11-01,-3.6528631593454763,,-11.350341595294589,,-4.41682141104607,-72.0169471580551,,EURGBP,-18.25145966452431,NORMAL
2012-12-01,-18.282043774483185,,-17.125821823997263,,1.582251099853087,-69.02093080282884,,EURGBP,-25.386117713655665,NORMAL
2013-01-01,-2.504383964033768,-20.172820534893667,-18.930846613398792,-21.238676166369004,-19.258109688125515,-66.37281000854183,,EURGBP,-20.244777745926015,NORMAL
2013-02-01,-21.746339419535772,-28.559999613923328,-21.620121302394047,-18.890273478142355,-27.329461261226978,-64.0099837783336,,EURGBP,-28.515764501894424,NORMAL
2013-03-01,12.291448669637038,-37.387212302251505,-21.184344285618323,-20.609893038965815,-30.646763243218746,-61.88456764050836,,EURGBP,-19.336484218077246,NORMAL
2013-04-01,20.801871896992974,-19.223600249160224,-15.03237725442386,4.12404538171203,-26.61352602241707,-59.95922527561688,,EURGBP,-8.890517755685831,NORMAL
2013-05-01,-5.939541276240151,-13.415720511027937,-20.132977635860335,0.8602293528080729,-14.654501656440308,-58.204357768979854,,EURGBP,-16.668631477677735,NORMAL
2013-06-01,-55.84826307117664,-0.9983465818179722,-20.03489734332841,5.530600362828713,-16.039524013158655,-56.596157113358856,,EURGBP,-29.661790050684154,NORMAL
2013-07-01,-65.82662711374981,-17.76554646563196,-19.668701371794498,-1.640853328376295,-7.276979513411533,-55.115226525601315,,EURGBP,-35.997992113528504,NORMAL
2013-08-01,-64.57489153612954,-15.726087760148385,-10.712139090526454,15.648203629910489,-23.664295079973037,-53.74558231906601,,EURGBP,-32.58381231685387,NORMAL
2013-09-01,-40.36687807404863,-9.194733916957267,-10.774882422380106,11.706259954589134,-20.98596948476276,-52.47391859602709,,EURGBP,-23.65045064985446,NORMAL
2013-10-01,-37.48501339413337,-2.0180002590063246,-12.751429741713883,13.4801279499425,-6.870664344481147,-51.28905671078461,,EURGBP,-20.488072437113452,NORMAL
2013-11-01,-45.5303437433222,0.2530378855294373,-16.022370301074602,4.022859134648131,-10.967555932013045,-50.18152702993388,,EURGBP,-24.34959944485194,NORMAL
2013-12-01,-67.03842071487686,9.062741762149976,-12.130786781699015,11.05482864876817,-12.244387534191214,-49.143246991140245,,EURGBP,-28.028166302017567,NORMAL
2014-01-01,-41.76424982416017,-0.7527992986182568,-12.010477917599895,12.633103791964377,-13.648266066442623,-48.16727030991569,,EURGBP,-21.594930858242712,NORMAL
2014-02-01,-24.047440456468973,-4.5892393859413065,-11.289164630635371,11.520773026636682,-17.202704346732737,-47.24758947019205,,EURGBP,-16.73955517798545,NORMAL
2014-03-01,-9.763675276980491,-7.527998838838334,-15.97858372439188,2.1161967454430197,-25.084945147534253,-46.37897861741222,,EURGBP,-14.986866132323268,NORMAL
2014-04-01,-17.624511352001118,-5.7243920961745545,-17.26684814357685,2.7135589886994644,-9.613962036947429,-45.556867437058166,,EURGBP,-16.248864103102846,NORMAL
2014-05-01,-17.956210174462985,5.171825355250723,-8.88234694685459,16.997824279850967,-4.346143586713046,-44.777239046439206,,EURGBP,-10.744661440958746,NORMAL
2014-06-01,-38.08883572981883,-3.174097800347596,-4.974945738843205,22.645735807294365,-4.15151716168727,-65.64856965509411,,EURGBP,-20.135050541466093,NORMAL
2014-07-01,-35.783835561457714,-0.30633871299670634,-3.6934934436411524,28.914165119192628,-0.09485956564119524,-64.04557524311801,,EURGBP,-17.489873085793022,NORMAL
2014-08-01,5.00363051291886,-10.35063326887633,-14.125502370281229,-1.8483133090642685,-13.667609244270452,-62.555152230859456,,EURGBP,-12.188812138036575,NORMAL
2014-09-01,1.0072032339705022,-11.079527648287298,-14.649551638947068,5.480320157550324,-18.9689971201547,-81.91886428456654,,EURGBP,-15.781374046734477,NORMAL
2014-10-01,20.796324574994753,1.7318119441706816,-14.111006440356864,-2.389568754191168,-40.15544985217102,-79.37406821999915,,EURGBP,-8.710439545670509,NORMAL
2014-11-01,39.37859967179847,-0.6127113738281977,-8.271004289183477,19.99898497916446,-22.873121423500947,-77.05355687945472,,EURGBP,1.6192302662955171,NORMAL
2014-12-01,63.16030222996732,-6.594557116547469,-10.35824735291802,2.3188092791519903,-32.04271522676341,-74.92619064616757,,EURGBP,5.561416414678506,NORMAL
2015-01-01,97.76159480655909,-10.607033276585089,-12.51403042429852,1.3501225928217835,-12.428083085451867,-72.11910185904121,,EURGBP,16.983249504815717,NORMAL
2015-02-01,3.194071259129284,-5.5594525039198235,-18.6045333591463,6.258257715706691,-5.061639752036221,-69.4893262043686,,EURGBP,-12.214659045461195,NORMAL
2015-03-01,16.423889871141977,5.6801351906581985,-8.839467412789501,24.72407660780618,-11.570715010384545,-67.01569756430312,,EURGBP,-2.14116249212724,NORMAL
2015-04-01,-49.6532416711699,10.907083195023027,-9.573927170063893,15.117066831965065,-26.857050302753336,-64.68032537574334,,EURGBP,-24.12161117974795,NORMAL
2015-05-01,-9.821489013577061,-0.45500648690501855,-5.22881019267116,6.109626980855579,-59.54364056440844,-62.46796006693105,,EURGBP,-15.439939271507402,NORMAL
2015-06-01,-54.76811812200057,5.020626051605134,-10.134616349249445,-6.984460895827759,-74.59255623001874,-60.36550194712925,,EURGBP,-31.77443968336779,NORMAL
2015-07-01,-18.676869183968265,5.783209499266542,-4.100972557847933,4.17236814223341,-59.50104935224338,-58.361616613379894,,EURGBP,-16.531162092757384,NORMAL
2015-08-01,-7.789251286782243,24.09505296135592,-1.7552793233006216,18.762771332187086,-34.51454274859826,-56.44643048569452,,EURGBP,-9.99295783196153,RISK_OFF
2015-09-01,34.07281063609052,10.114009816610883,-1.737594424727214,16.142627028906148,-29.426134293541352,-54.61128733779741,,EURGBP,5.299538053411365,NORMAL
2015-10-01,-8.265479094436094,-0.0007500462606255809,-6.817861212506006,20.753954009723817,-23.40970510546462,-52.848551761988375,,EURGBP,-10.107930221946386,NORMAL
2015-11-01,-17.4426133436605,-5.875734315889817,-7.649284695232939,6.703565862162105,-35.20391743860668,-51.15144910331968,,EURGBP,-16.318540642144708,NORMAL
2015-12-01,-42.73412536325173,0.6510998826994543,-2.396696608373027,28.22964021039143,5.551088955729762,-67.27736476515098,,EURGBP,-19.406643155847775,NORMAL
2016-01-01,13.0920542940547,21.686817174494873,2.248869108465776,17.746761823280494,10.725955508360041,-64.88934452903783,,EURGBP,2.987783056839012,NORMAL
2016-02-01,36.83469623121697,12.905006864252464,2.5002544121893147,18.121668218562725,-3.650427495058514,-62.62834096320227,,EURGBP,8.363899020105606,NORMAL
2016-03-01,36.66134287400975,8.214314720448607,-4.826607855664669,0.5382019045481509,-27.76306180169192,-77.45272499321337,,EURGBP,0.7475927066383914,NORMAL
2016-04-01,-13.669893206936854,-9.30199915304832,-10.36202880358972,7.54025422322301,-27.139114452293853,-75.10126660651515,,EURGBP,-18.75761479569011,NORMAL
2016-05-01,-7.266298822945588,-5.4915996767753,-11.36474690719648,2.3850437700215803,-4.745154327409907,-72.94600860705081,,EURGBP,-14.982156113853863,NORMAL
2016-06-01,55.13786909616062,-9.93479314038542,-4.367192689449936,13.048452178297445,-7.214872306953001,-70.97647967449089,,EURGBP,6.698274347476804,NORMAL
2016-07-01,100.0,3.447541748008042,-1.534288731973466,2.7533885838044903,-2.711216294910077,-71.13245459812148,,EURGBP,23.408272775066536,NORMAL
2016-08-01,100.0,-4.774292052932168,4.350372024420785,16.180638168492496,-6.886315458168211,-22.144382790358737,,EURGBP,30.348857688792833,NORMAL
2016-09-01,47.23962208895622,9.253038521736084,0.6629258813936083,0.03946572193715525,7.374134054070023,-21.0736856986161,,EURGBP,14.822814837570988,NORMAL
2016-10-01,-30.123447921180258,12.267194965495799,-1.1527191226248448,10.273715515696264,12.305817761169692,-20.163923609508693,,EURGBP,-8.260121583975776,NORMAL
2016-11-01,-76.96344973386161,31.29713210617888,-2.107206868491648,3.8022369513332923,-5.220107324116873,-18.832554735245424,,EURGBP,-21.4134045274821,NORMAL
2016-12-01,-38.61193995691962,18.272413341678956,-3.7522513886580953,2.6702845101515758,-0.9086773490523803,-17.466831071462266,,EURGBP,-11.60699347444038,NORMAL
2017-01-01,-17.959126095435586,-0.5171933219119094,1.7103201960728107,6.995207746365867,-6.095825655607976,-16.055441612046987,,EURGBP,-7.732296668788786,INFLATION_SHOCK
2017-02-01,23.77069476878793,5.3999460643501465,8.258144643399522,7.8613858258841365,8.441140457886663,-14.5857384384239,,EURGBP,10.696813727373438,INFLATION_SHOCK
2017-03-01,33.80809492149528,15.949908771532979,13.551565911699926,24.441791692907735,35.14376132046498,-13.041032673502523,,EURGBP,19.597016752518424,NORMAL
2017-04-01,41.93114897401483,28.892858775943452,8.696675559464213,12.921345409048488,31.71805717892925,-11.39848527156042,,EURGBP,22.565358151704043,NORMAL
2017-05-01,36.976141641638385,20.467439384465145,8.285243484149168,21.94090511300611,5.677246537240016,-9.625438074861734,,EURGBP,18.76093431938213,NORMAL
2017-06-01,15.478645562634718,26.27473675376232,2.25727772195129,5.2434624746841445,31.549790354763747,-7.672564236865388,,EURGBP,12.024581607746285,NORMAL
2017-07-01,8.377806363220161,7.630734310748368,0.6003498425069544,17.383447916863947,-6.5743231359916265,-6.734738567088988,,EURGBP,4.766153889274325,NORMAL
2017-08-01,22.611864354689896,18.1130229442509,-5.342931736808527,-13.561805563352566,2.6962461753412565,-5.782020414529477,,EURGBP,7.743776400044537,NORMAL
2017-09-01,-11.236740222701426,4.421146670635405,-3.9155020671229863,9.385210900276943,-9.458771702527208,-4.8125471570755485,,EURGBP,-3.7650189666157097,NORMAL
2017-10-01,-12.166233799545477,12.35561634836551,-0.7880534632705753,-6.7229107056934225,26.72989308761499,-3.824267581472741,,EURGBP,-1.1412679196719582,NORMAL
2017-11-01,-13.309457859501553,-20.63217531658258,0.2533990805751962,26.40769780274705,29.338404018753607,-100.0,,EURGBP,-16.416211378357758,NORMAL
2017-12-01,34.00093965976671,14.585109339843887,6.4780789559385195,19.6886575461683,23.221787546408798,-97.82617294631774,,EURGBP,5.914458776527141,NORMAL
2018-01-01,11.245310020915102,15.860772882945678,3.695231165796315,20.182273858174103,-1.4011515537599473,-93.4824084948549,,EURGBP,-2.6397287256147255,NORMAL
2018-02-01,-2.686073546958982,9.809706432661208,-2.2302677875212993,-5.242632871587045,-0.5114701819403074,-89.55677988762235,,EURGBP,-11.455467586608941,NORMAL
2018-03-01,-0.006272398162482373,-19.602629944648996,-9.341673652163582,-10.992566512620737,-14.026614601002176,-85.98560244060936,,EURGBP,-18.618602479722064,NORMAL
2018-04-01,6.944423699784322,-9.755610892667116,-1.6300229622050608,1.4917190400783737,-17.79010032760253,-82.71879491120153,,EURGBP,-11.556136073818918,NORMAL
2018-05-01,19.815766671837615,3.6007320990296563,0.9564179142923699,9.356670161737231,5.768598963606761,-79.71653342096555,,EURGBP,-1.663045655153244,NORMAL
2018-06-01,4.0627476841410886,8.051561897170442,7.948793584756974,15.621396063315348,-26.551419679871024,-76.94690760057293,,EURGBP,-5.585653609822092,NORMAL
2018-07-01,11.663840362435964,14.557912117236615,6.990290711594884,-5.532227008797092,-9.80790755202188,-74.38425763380278,,EURGBP,-2.8502676753223373,NORMAL
2018-08-01,5.901836503489279,-1.1422135108329812,9.603539114329177,14.40014343206455,-46.09155965739694,-100.0,,EURGBP,-8.855713450259811,INFLATION_SHOCK
2018-09-01,-2.2451935180082754,6.129781636428556,6.065322470105828,2.0494014475235613,1.1741215810812626,-100.0,,EURGBP,-10.909454575212772,NORMAL
2018-10-01,1.7593648353776081,-11.181775588154565,4.220946911592581,19.573353269624196,-14.697698119804821,-100.0,,EURGBP,-11.096941994731786,RISK_OFF
2018-11-01,9.737082834262297,21.054807498587184,3.0325439175483027,-22.31492752588194,-11.874124833824247,-100.0,,EURGBP,-8.11734233689214,NORMAL
2018-12-01,20.601595757640048,-14.134458019374208,-1.183208562929103,-6.439654426712028,-11.363079912227409,-100.0,,EURGBP,-9.113286671256729,RISK_OFF
2019-01-01,35.556882482300736,3.669111317015414,-1.7495623410540144,-25.514008265104238,4.333899121066192,-100.0,,EURGBP,-2.431163110382796,RECESSION
2019-02-01,24.892014170989473,3.379130689059842,4.233948358011821,8.216122282266651,-7.046133359423988,-100.0,,EURGBP,-2.9872454943355766,NORMAL
2019-03-01,55.62107550216112,20.87944573372939,3.406133372100678,-12.32576517769309,-12.59993595298796,-100.0,,EURGBP,7.6051893968589095,NORMAL
2019-04-01,19.88385701122756,-4.310084446518925,3.4280332966645215,2.85985031377537,0.43916086712101254,-96.97169931315261,,EURGBP,-5.9073939519595555,NORMAL
2019-05-01,53.24294394714164,7.71313036850818,-0.0407951314484567,-38.393519133826,-38.97034290702008,-93.32227131376982,,EURGBP,0.14020572424398026,NORMAL
2019-06-01,33.771895203212694,-3.593502155954684,1.2358718599309473,-0.5105742470476109,7.465238176397122,-89.29628977616474,,EURGBP,-0.6511330155907853,NORMAL
2019-07-01,73.30686349340245,7.816728750779912,-2.8549328461471166,-1.6561758330277534,-27.397474249343094,-85.63117722113937,,EURGBP,11.545512510028484,NORMAL
2019-08-01,73.2069847333983,-4.7047927906975495,-7.9544124047503395,-12.920395041111377,26.08392621411813,-82.27414542681737,,EURGBP,10.828225088163654,NORMAL
2019-09-01,90.12873775336722,7.117327422313118,-3.4667874807445207,-38.41456063019805,-41.75060246466018,-100.0,,EURGBP,10.152654430677236,NORMAL
2019-10-01,69.33530383408582,-2.214534748059651,-3.943603455253598,-60.401315511171596,-14.503910944126705,-97.44770012867023,,EURGBP,1.4205569577658732,NORMAL
2019-11-01,52.0297031964794,-7.1988505866103,6.064839615979174,-10.976018649708639,-47.766687224866345,-92.78689432756116,,EURGBP,0.37463957378084345,NORMAL
2019-12-01,24.245581784991835,-4.585355512803511,1.8692462354617883,-40.20858369463098,-29.917558148698507,-88.57569175592603,,EURGBP,-10.148916312758086,NORMAL
2020-01-01,63.90581905985333,-27.30068660028302,11.367872077073985,2.3688653589416617,-60.32283534727074,-84.74036699049603,,EURGBP,2.9305940369027788,NORMAL
2020-02-01,61.97533057248445,-13.55765213961574,-0.2845666831035718,-34.58517120113683,-17.19786832304866,-81.22303802582226,,EURGBP,-0.763355010340864,RISK_OFF
2020-03-01,90.81511146399652,-13.684701829818938,10.220661439087323,31.264707301457246,20.375257978934286,65.18939650682161,,EURGBP,35.25809427963401,RISK_OFF
2020-04-01,84.38058545223474,0.0,9.13960096588236,22.448670496604286,51.32869276598174,64.29012763991263,,EURGBP,42.67881956024426,RISK_OFF
2020-05-01,98.9679583718851,0.0,12.752178901475762,14.56278131852445,27.2633408022122,63.41289325639921,,EURGBP,34.84696073260783,RECESSION
2020-06-01,70.93163581297893,0.0,6.387784701219465,-11.004213529927085,-18.614419730625478,62.556686688838845,,EURGBP,18.439974234034256,RISK_OFF
2020-07-01,63.95679106162528,3.7934744411813863,10.370046710768609,0.0,-5.885606518569704,61.72056432639403,,EURGBP,30.758335955012484,NORMAL
2020-08-01,22.68173279676257,-6.097402018803466,8.456351256426704,0.0,-20.399101247888005,60.90364059961384,,EURGBP,14.22395459282194,NORMAL
2020-09-01,36.9459430613085,-14.431260246890709,6.905173740782342,-4.97028944514836,32.604260966122155,60.10508344491359,,EURGBP,19.680347469995468,NORMAL
2020-10-01,9.276250095907635,-13.241929713937825,-6.069101792700135,-8.917617627350701,45.45062256114605,59.32411019540481,,EURGBP,14.663753960494937,RISK_OFF
2020-11-01,22.704977177596835,-3.7510063308188526,-6.963717994419617,-4.273205946240546,35.6660216911786,58.55998385146188,,EURGBP,14.572408512332451,NORMAL
2020-12-01,30.86867133567757,-4.034599568149964,-4.0246388626036955,2.8015963300953013,27.5499202254048,57.249042149813725,,EURGBP,17.736935899955874,NORMAL
2021-01-01,24.509376090216755,3.8933739135276175,-5.667164841561768,-15.63655542018643,27.127284070407086,55.982129596498375,,EURGBP,15.975664400176264,RISK_OFF
2021-02-01,-37.39160905760855,5.524526263882205,-0.13156543867223291,-29.838550951154577,-51.60630996173487,54.75630681861373,,EURGBP,-10.295803888382537,NORMAL
2021-03-01,-57.05043066826556,11.825679412836468,-3.6765026247965595,-60.423824500607765,-62.22835841255228,53.21119396943455,,EURGBP,-20.082609785375876,NORMAL
2021-04-01,-42.937818653658645,24.197915093977254,3.7168791515118045,-45.21567945290251,-44.48673423300148,51.72168113479708,,EURGBP,-10.406219846632244,INFLATION_SHOCK
2021-05-01,-0.004968753624610273,7.562139221239459,0.11953109747271995,-33.73898316553191,31.622744779622508,50.28335889491975,,EURGBP,6.488926711065669,NORMAL
2021-06-01,16.909495726599687,5.946155039595503,1.9942924438372494,-6.376326273740366,61.6513039385764,48.89225413224288,,EURGBP,16.257660740429245,INFLATION_SHOCK
2021-07-01,26.4562348781938,-4.526750805014139,-3.230746367313376,-2.852689606161597,54.8660510825058,47.54477366984269,,EURGBP,16.507828508152777,INFLATION_SHOCK
2021-08-01,19.72744728478136,8.620958582721101,0.7524780662403998,5.036135330746006,24.15220403581112,47.2469617284698,,EURGBP,15.473603178166417,INFLATION_SHOCK
2021-09-01,-29.070993047954925,12.64092778486872,-0.925486184305857,5.509582261197188,2.673736119156537,46.951708123270514,,EURGBP,-0.3087279778508316,NORMAL
2021-10-01,-20.35190906841136,11.84499102077241,12.571334526903868,5.339646121822426,-16.354152122290408,46.658967569376564,,EURGBP,3.653631289253247,NORMAL
2021-11-01,-18.740542206591986,7.223128924394068,6.82113382352507,-9.53338368077571,0.0,46.36869587465425,,EURGBP,1.1360401056114329,INFLATION_SHOCK
2021-12-01,7.640033403646515,10.286022161771864,9.873074247946787,-10.296438283071929,-6.0482829060008,17.572726700805845,,EURGBP,7.916373423393866,INFLATION_SHOCK
2022-01-01,-46.74466962443346,7.389648286739838,5.130785599708986,-11.760056022053721,4.883699545724326,17.963655520243098,,EURGBP,-12.41081403590702,INFLATION_SHOCK
2022-02-01,-59.44264221216136,4.454737630501073,7.662569579446455,0.40788466896903053,7.5359368960094955,-29.938465050570272,,EURGBP,-20.035235074727233,NORMAL
2022-03-01,-13.054164048273762,3.116270738027911,6.536629595430572,3.31415694202731,15.405127264075304,-75.9032437502841,,EURGBP,-10.731463357066833,NORMAL
2022-04-01,15.604482678248832,0.6384716562929158,4.747834271931559,-5.23147568868178,8.419381903305833,-73.00403382282194,,EURGBP,0.38405800746743424,RISK_OFF
2022-05-01,11.374238180577183,11.208776616522703,4.258220628594419,-4.543294598566831,0.0,-100.0,,EURGBP,-5.446424067005072,INFLATION_SHOCK
2022-06-01,3.8344635166796475,6.469910963660296,3.50871927521559,-5.091645961145553,-22.541977800155045,-100.0,,EURGBP,-10.243730844577891,INFLATION_SHOCK
2022-07-01,-1.4378150052408092,9.959754569642666,3.366429331948048,-2.9141473788382393,-22.712910324578417,-57.68599216818405,,EURGBP,-7.0485931915717694,NORMAL
2022-08-01,-14.140197741340534,1.1529283174962623,3.7173447620172944,-8.371654021050094,-24.129584087445757,-100.0,,EURGBP,-18.82143589674922,NORMAL
2022-09-01,-100.0,7.992193056854133,0.5403216116700094,-13.864260580838529,5.202519916616273,-87.56328890164086,,EURGBP,-42.724957103232995,NORMAL
2022-10-01,-8.395204791944163,9.759679344545308,2.980063795725769,-8.918103265862952,-13.703511768097616,-83.85620356917148,,EURGBP,-12.78472299171339,NORMAL
2022-11-01,81.11471629241123,5.335360808272363,-0.4991661031871182,-5.536833280793211,-10.011549054908745,-80.47539054255934,,EURGBP,15.401339883847136,NORMAL
2022-12-01,100.0,2.916844202139907,-0.30930776913914215,-7.072303723874928,-20.42159585779701,-77.34771194134589,,EURGBP,20.601916897456,NORMAL
2023-01-01,100.0,-1.5153235702692642,-3.9090052417405943,-12.61513668617247,-17.36057363514354,-74.43929923036389,,EURGBP,19.05792453655277,NORMAL
2023-02-01,88.48879645277235,3.48653400996848,-1.075341875666517,-4.884494862765655,-25.958960868615023,-71.722236012002,,EURGBP,17.465316281648946,NORMAL
2023-03-01,59.58644210902321,1.039301781607814,-2.844496154680119,2.393740769275209,-9.45069170948888,-35.139936818990165,,EURGBP,13.885644058286555,NORMAL
2023-04-01,19.146899602009725,1.5114183449112675,-6.916320928687391,1.4554394685435248,-8.250685961299405,-34.19808741418738,,EURGBP,0.333437988379214,NORMAL
2023-05-01,-60.387918875885575,-1.2029978539144581,-9.925069048321394,-6.2727321723078155,24.064174585896648,-33.271981415407225,,EURGBP,-24.861535564534986,NORMAL
2023-06-01,-6.764039128394125,0.09529530333892478,-7.239354569675276,-5.825257169501559,25.956801117330485,-66.16997192969856,,EURGBP,-10.958713311169795,NORMAL
2023-07-01,-1.104514629941633,-1.9953683825295243,-4.97126849444933,1.4961265103378198,14.555806132509998,-63.92599925305608,,EURGBP,-8.802876521647844,NORMAL
2023-08-01,14.237163399209932,-0.35535770719960613,-5.250977018063264,-7.293371971185873,-6.684441582259879,-62.328679808029804,,EURGBP,-5.682332277689477,NORMAL
2023-09-01,5.483851216693153,-4.664420962788253,-5.594762531024562,-11.618393568502462,-17.721921910677516,-28.172808995879787,,EURGBP,-6.15482461602652,NORMAL
2023-10-01,-32.56036374824542,-7.276281678024293,-11.527113133402802,-23.530119259790823,14.346825327245075,-27.893013438738944,,EURGBP,-19.121756124449135,NORMAL
2023-11-01,-1.9585607232902036,-2.887212450362776,-5.754626693375642,-12.677539091639417,15.823558250640264,-27.614975749568536,,EURGBP,-6.115947233511933,NORMAL
2023-12-01,22.602465031147098,-0.9913097738558245,-4.036769086552976,-9.688139112409996,19.479214580225808,-27.338661806906,,EURGBP,3.027497241094032,NORMAL
2024-01-01,10.402757619033922,3.993206585506462,1.3705673984120978,14.420117960042202,8.713331722005368,-27.064038226963845,,EURGBP,2.9334970545558012,NORMAL
2024-02-01,27.5274318134074,-1.6220398272700152,-2.4028637486881776,3.2665659136979963,12.396564604490436,-26.791072340942534,,EURGBP,5.743806007928502,NORMAL
2024-03-01,22.044023860870233,-2.239787477206727,-1.725591341620473,1.8577023123839203,-0.05081607666012644,-26.51973217315584,,EURGBP,3.090129879789232,NORMAL
2024-04-01,4.837448642309707,-3.139663973516885,-2.3809825807590252,-3.8400175235508813,-2.8938511712444033,-26.24998641993419,,EURGBP,-3.4559325961585508,NORMAL
2024-05-01,0.5494743216892667,2.005642739072257,0.811056197775607,0.5003663532608522,-8.374831007977583,-25.981804429272703,,EURGBP,-3.0987426463022887,NORMAL
2024-06-01,-20.65085196424365,-3.055129744237006,3.5904371064600626,-8.279529493666022,-20.433244408368896,-57.86713383199517,,EURGBP,-16.09378826902397,NORMAL
2024-07-01,-9.02621108551395,-0.9901708398285409,5.00123288010295,-11.57133008737889,-16.528800950709964,-56.49369020944353,,EURGBP,-11.610780693342933,NORMAL
2024-08-01,-46.01749215608633,-1.7208714298873122,2.9278341547050655,-5.124128804176593,-9.470772849799616,-23.64781545532481,,EURGBP,-18.68151169571219,NORMAL
2024-09-01,-85.82219758699343,2.5591139612959295,5.097407206753677,17.2310665079264,7.483099556316462,-55.16780977031171,,EURGBP,-30.86052807707968,NORMAL
2024-10-01,-100.0,0.5143015770265853,4.4398756603954315,16.74920502166036,-5.765423862332492,-84.36175322721417,,EURGBP,-40.56587631857937,NORMAL
2024-11-01,-100.0,-0.18912123993570784,1.1876737805007207,12.942460783760236,-1.9146574669883538,-51.912132654975586,,EURGBP,-37.30995691674539,NORMAL
2024-12-01,-100.0,-0.2786054067121885,1.8853649683998848,5.091309907130819,-9.531442767654513,-80.40856060067837,,EURGBP,-42.13988393798326,NORMAL
2025-01-01,-78.37596351666136,-2.756607222509922,2.7991154483697325,-8.584453516959094,-3.9364342927701745,-77.81223990481263,,EURGBP,-36.22104696379855,NORMAL
2025-02-01,-66.92476288154,1.6506967893656035,4.760990209871761,-3.0420420947470306,-0.2755832778080194,-75.37505744814577,,EURGBP,-30.2103665984412,NORMAL
2025-03-01,-65.13238581437062,-0.9419258682504021,6.1884954931512945,-3.941780164867882,-6.241301111275916,-99.75518936071062,,EURGBP,-33.46030437779719,NORMAL
2025-04-01,-75.66698870094002,3.3120983471483805,6.248977060637751,-2.0718859921912323,-5.79778614664049,-100.0,,EURGBP,-35.818238526633856,NORMAL
2025-05-01,-84.74320077158636,-3.201876092668522,2.0766683416730967,2.151381128941434,-7.0919488083692155,-88.95206676646352,,EURGBP,-39.01573715678897,NORMAL
2025-06-01,-45.20831769159852,4.15190562894607,4.934359259536745,1.332980127933041,-2.4080305349171205,-100.0,,EURGBP,-25.580644623254386,NORMAL
2025-07-01,-36.57991564439601,-0.428989561339125,6.5133512034100525,11.623022004170101,3.4067710723021554,-100.0,,EURGBP,-21.9642876292816,NORMAL
2025-08-01,-45.15190859900981,1.0634187636034134,5.095942068146457,10.069460839103378,6.594245105970343,-75.82672384635991,,EURGBP,-21.55317472717843,NORMAL
2025-09-01,-49.384087301198846,-2.905232719746122,4.6813506576548845,7.104632043433817,3.273732864837277,-73.23809762227746,,EURGBP,-23.937636782210994,NORMAL
2025-10-01,-21.096698442915923,-0.5790793811233188,6.3755197332509255,1.4424228606618978,-6.550639329774339,-70.82758174277618,,EURGBP,-14.999493422850286,NORMAL
2025-11-01,-7.796176341414069,-1.9679506050316369,7.322018518945356,-4.146257310379312,-13.837359703459796,-68.57802417018021,,EURGBP,-11.573467801651045,NORMAL
2025-12-01,-5.627796564457582,-3.6999057139935565,8.99426460689078,-1.1085657196894303,-8.859263733278874,-41.498805430379136,,EURGBP,-6.78759524930362,NORMAL
2026-01-01,-33.41909599456321,-2.6335766930379485,8.194156239104464,7.500398482443875,-0.2532114108924244,-40.13970294532891,,EURGBP,-14.034982119503622,NORMAL
2026-02-01,-10.636521130741913,-7.134926085589195,6.336610257540137,1.5919906528134025,4.249608002996971,-38.81367921726777,,EURGBP,-8.103084520826531,NORMAL
2026-03-01,-12.977918137309933,-3.444241602998361,6.2086991853975135,-3.5661576961764823,-1.5163424508791046,-37.51879864697229,,EURGBP,-8.901026281926812,NORMAL
2026-04-01,-15.362049345013329,-6.474221894117911,5.85208881402061,-11.182125336345528,-5.260115106541663,-36.25364451254503,,EURGBP,-11.175349399688661,NORMAL
2026-05-01,-19.07542100998027,-2.296228801153711,10.565698381938123,-7.947431638867127,-16.143731802895502,-35.0174437670365,,EURGBP,-10.863026042737438,NORMAL
2026-06-01,-18.36278304483724,-11.216092159252845,10.976612822278272,0.21186269722195483,-13.842185507437101,-4.492316334639783,,EURGBP,-7.373089172837913,NORMAL
2026-07-01,-10.136249042671025,-9.025324862061836,7.287548683620169,-7.6244073824644705,-7.492756041584364,-2.8003453210384133,,EURGBP,-5.204299502838748,NORMAL
2026-08-01,-9.339771952837506,-11.634389028837976,7.780889547556265,-7.413936086661343,1.6266031567963544,-0.9743686402669909,,EURGBP,-4.515627568617207,NORMAL
2026-09-01,-2.9630556697975057,-10.026222895282379,4.862886838818138,-20.15722634308141,11.893353454425238,34.41099427485926,,EURGBP,1.1640059831303384,NORMAL
2026-10-01,-3.451358893172676,-15.75362301822068,6.689105941353351,-3.1017162716359437,6.182068168079154,37.71733532508696,,EURGBP,2.064336351741679,NORMAL
2010-01-01,,,,,,,,EURJPY,,NORMAL
2010-02-01,,,,,,,,EURJPY,,NORMAL
2010-03-01,,,,,,,,EURJPY,,INFLATION_SHOCK
2010-04-01,,,,,,,,EURJPY,,INFLATION_SHOCK
2010-05-01,,,,,,,,EURJPY,,NORMAL
2010-06-01,,,,,,,,EURJPY,,NORMAL
2010-07-01,,,,,,,,EURJPY,,NORMAL
2010-08-01,,,,,,,,EURJPY,,NORMAL
2010-09-01,,,,,,,,EURJPY,,NORMAL
2010-10-01,,,,,,,,EURJPY,,NORMAL
2010-11-01,,,,,,,,EURJPY,,NORMAL
2010-12-01,,,,,,,,EURJPY,,NORMAL
2011-01-01,,,,,,,,EURJPY,,NORMAL
2011-02-01,,,,,,,,EURJPY,,NORMAL
2011-03-01,,,,,,,,EURJPY,,NORMAL
2011-04-01,,,,,,,,EURJPY,,NORMAL
2011-05-01,,,,,,,,EURJPY,,NORMAL
2011-06-01,,,,,,,,EURJPY,,NORMAL
2011-07-01,,,,,,,,EURJPY,,NORMAL
2011-08-01,,,,,,,,EURJPY,,NORMAL
2011-09-01,,,,,,,,EURJPY,,NORMAL
2011-10-01,,,,,,,,EURJPY,,NORMAL
2011-11-01,,,,,,,,EURJPY,,NORMAL
2011-12-01,,,-2.3200248144825224,,,-29.0658934697452,2.398331110457208,EURJPY,-4.83818499057122,RECESSION
2012-01-01,,,18.91641128004204,,,-28.77989257648964,30.610851979276184,EURJPY,8.630164663671316,NORMAL
2012-02-01,,,12.52431221627381,,,-29.265091830894512,36.985079083579116,EURJPY,7.5732730220272355,NORMAL
2012-03-01,-27.805840964814653,,8.047052042377523,,,-28.306454936460458,56.4230268236949,EURJPY,-4.8879087435393185,NORMAL
2012-04-01,-32.715347129708974,,6.779295290199718,,,-25.408106035310123,42.74190557753147,EURJPY,-9.047604224458588,NORMAL
2012-05-01,-36.20202677302947,,13.28679576513909,,,-27.14658012281791,-8.86498326688997,EURJPY,-17.764406112428823,NORMAL
2012-06-01,-16.412925575561765,,19.55536669700032,,,-24.516340337184552,43.050908736819565,EURJPY,1.1392174177051801,NORMAL
2012-07-01,-49.24993088142694,,22.031959449866527,,,-87.29401156704758,28.276744722595076,EURJPY,-24.849025812203347,NORMAL
2012-08-01,-39.43217602203568,,23.891612467391347,,,-82.46340764877462,38.59081415034622,EURJPY,-17.769269142071764,NORMAL
2012-09-01,-36.297854102020324,,22.4422067198507,,,-77.77544153383722,50.52726088331356,EURJPY,-14.05491763763307,NORMAL
2012-10-01,-14.070907096459084,,21.54101407555493,,,-73.9913500695229,27.642435723744192,EURJPY,-8.202443495599004,NORMAL
2012-11-01,-15.023316334693297,,20.697777761199465,,,-70.9293740421502,47.7660484590054,EURJPY,-4.945824963013141,NORMAL
2012-12-01,-36.5287562075327,,1.4842318999247563,,,-67.1806842062406,30.248517253797985,EURJPY,-21.004618270231205,NORMAL
2013-01-01,6.823578769182778,-14.818104860006382,-6.389732493295856,-24.366518698523905,-19.766622569144324,-64.90190322956552,58.03350839960979,EURJPY,-5.795196611402663,NORMAL
2013-02-01,-7.168019497558165,-37.26704630528136,-8.552508941982953,-27.062367790587903,-13.88045140587651,-62.01644221984443,47.097312692237324,EURJPY,-14.790753531569042,NORMAL
2013-03-01,19.9340728472166,-43.81179922714793,5.796115042257435,-1.2126323149804605,-44.65797402115279,-60.0334200777077,66.79553449247544,EURJPY,-2.696059387169008,NORMAL
2013-04-01,-21.16576877679217,-48.82666075961603,2.5183050991202265,3.3320640848056025,-57.094281798153524,-56.10632935452033,58.55376150794923,EURJPY,-16.569433285287218,NORMAL
2013-05-01,-40.105858901195504,-35.998260060562785,-6.392191457161282,10.94813479488896,-15.238734120522176,-54.582233290195305,36.22912941340397,EURJPY,-20.57548723076319,NORMAL
2013-06-01,-19.2037258056482,-32.474399285924044,-9.12559684044053,25.959156294310723,3.6713308514938925,-53.176852371963435,31.31823192226625,EURJPY,-12.46192485138284,NORMAL
2013-07-01,-20.977543695008013,-33.489501822564534,-11.515340426134607,9.215454584577454,46.05142532325536,-51.87549706247865,56.642056342746,EURJPY,-9.634828068296791,NORMAL
2013-08-01,18.48160604004946,-43.54897907148338,-12.914807796433182,-4.718896149423486,42.680889693206254,-50.6659045532255,28.243093984377417,EURJPY,-4.926039527674426,NORMAL
2013-09-01,-1.547313361310712,-34.95516523446778,-9.255424367463014,29.475837425344135,46.24318187622425,-49.53774644588142,31.006881336930046,EURJPY,-4.774178640538285,NORMAL
2013-10-01,6.134821042053982,-28.30297073869405,-14.688349779135164,12.081224289971455,44.30031127328683,-48.48225324501707,52.49305197261715,EURJPY,-1.5140902699304766,NORMAL
2013-11-01,-10.449706360995025,-21.74461960738577,-13.138623368016546,40.80095201695876,49.91325981302363,-47.49192426237988,51.71243020374148,EURJPY,-1.8899128300171153,NORMAL
2013-12-01,-5.90187330461997,-4.902445761162834,-12.80667252596064,27.933969693172813,48.25134412868523,-46.56030088514018,50.457311367862744,EURJPY,1.0285792737918529,NORMAL
2014-01-01,-16.17812255452047,-8.792579551981596,-16.140091431374454,12.461210158568079,56.2144954144978,-45.68178747635669,13.019490061668415,EURJPY,-8.23072664112729,NORMAL
2014-02-01,-3.1382129630741065,0.8787787558084332,-14.631213037983445,-3.6975683124566494,30.01966542296408,-47.022715118148646,47.50496279797925,EURJPY,-1.811381601090961,NORMAL
2014-03-01,-5.392589565512301,3.8343359925394838,-18.88087920445026,-13.833341484951955,18.915422248094796,-43.98493886649691,47.55649875695415,EURJPY,-3.8737148755799833,NORMAL
2014-04-01,-2.610704703373394,20.39344500715813,-12.950279079589784,16.5821771277308,30.14401327128393,-41.05124126669889,50.33299680705755,EURJPY,4.801987614898217,NORMAL
2014-05-01,-16.524462203831256,29.882327710708992,-17.090072565750145,10.718228659509915,43.819237637435165,-42.60816566685055,64.78418329955367,EURJPY,3.4701643848737236,NORMAL
2014-06-01,-18.76388331718942,21.414964477796154,-17.53876880720308,7.6028803171352735,68.1484692610085,-63.712364026530096,61.91472287919473,EURJPY,-0.3109678466144148,NORMAL
2014-07-01,-17.173177705543864,21.26207418071762,-10.82074704818056,49.42058444684929,47.38555680722936,-62.21261830357538,18.992276430687138,EURJPY,-0.8252328950963874,NORMAL
2014-08-01,-14.813755687302077,12.560565327847353,-11.930380136209584,45.559664521629585,31.10774286220602,-60.8145827664868,57.54107398146686,EURJPY,1.4362480491577507,NORMAL
2014-09-01,-22.166459715615797,12.786427265699572,-17.71361595619603,-0.5584979130369234,-5.9881706232762735,-80.47720020548469,22.749494427249655,EURJPY,-14.0881274710326,NORMAL
2014-10-01,-14.551900644878751,14.353461214503916,-17.571538579955764,-4.60815879106024,9.218967092382442,-75.99320924250631,40.483697608441716,EURJPY,-8.612888952397297,NORMAL
2014-11-01,-3.4671826750415295,17.44523580647232,-13.925156607826917,-3.9994238952448704,12.783367490504467,-73.89996658597727,45.40794631036909,EURJPY,-3.2599674472940423,NORMAL
2014-12-01,8.267160468318831,8.383671953759212,-10.638017455719734,14.92497796235595,21.04925240499254,-73.98831955019664,-1.9551022107467213,EURJPY,-4.112776167125687,NORMAL
2015-01-01,9.044671967602483,15.456992867907738,-12.27845787159017,19.45319697417322,13.51948069152007,-71.26881423060931,-16.967094682438617,EURJPY,-4.378878247098494,NORMAL
2015-02-01,-14.901483193361459,8.271664048984535,-13.943794499694928,54.205410334361616,23.557678396475985,-70.68221880780386,44.40100555440189,EURJPY,-1.9204488008118092,NORMAL
2015-03-01,-33.40046328048617,15.969558854253421,-9.91323378383903,55.449435316195476,13.900810546443896,-66.227445644664,28.153049485517386,EURJPY,-6.9523992305184255,NORMAL
2015-04-01,-23.166796471958545,7.477661387026194,-8.288731959675102,37.19203891690164,18.80808632298567,-62.03874449468009,33.10174840333635,EURJPY,-5.55828623127265,NORMAL
2015-05-01,-24.811888382669185,2.7972684322146257,5.345097303394564,5.88279869057085,-39.21321805525316,-61.88107955999473,37.794105030475386,EURJPY,-10.091308745221411,NORMAL
2015-06-01,-26.478363307894288,8.869545539209291,7.326701610877162,8.156924615456859,-65.15189151164,-59.82954026470816,-1.557075688312201,EURJPY,-14.697563586486469,NORMAL
2015-07-01,-30.149722723842444,7.259013961075597,4.4158066481888065,-4.886308196222732,-61.162604535447805,-57.87110152811531,51.78186106038485,EURJPY,-11.186552862288874,NORMAL
2015-08-01,-11.497307647952603,21.768909063978693,9.554246496234889,24.15314170451051,-41.77593758566472,-57.84835152797992,-93.66051176544133,EURJPY,-38.49065027758568,RISK_OFF
2015-09-01,-1.7550992451713918,12.949555463948764,13.039962866469926,49.62643228996771,-22.920824698522523,-54.12887271412438,-58.40651156720763,EURJPY,-5.647513797263586,NORMAL
2015-10-01,-6.668781027230013,18.01615233192286,13.895836826233198,58.093750704903755,-18.065210522170617,-54.22787773440814,24.420410932007993,EURJPY,4.412609053363251,NORMAL
2015-11-01,-27.766732567624285,14.55773065137877,5.946165583345097,26.039726006827998,-13.830284681368678,-52.48950498583781,14.021061760952524,EURJPY,-7.183271798532061,NORMAL
2015-12-01,-13.762131480572368,14.962993948790706,9.703521977850368,28.39565599871579,11.95033042999294,-66.91158931210563,-4.544952971007943,EURJPY,-4.564818986433385,NORMAL
2016-01-01,-0.6438279313091668,19.503018369490384,15.558578032737074,34.19900326278267,9.39947286170649,-64.54621414364348,-22.254869105251597,EURJPY,-0.4271953900849357,NORMAL
2016-02-01,26.495778367229995,30.454156488410298,21.42449540292008,15.76010976265897,-8.450536653689737,-55.313529362570094,-25.00837485337039,EURJPY,8.195265798001405,NORMAL
2016-03-01,28.01393172927164,20.8017354878737,10.833540072017367,0.5196753680822324,-18.51762319944212,-65.13462309771955,33.258638027277534,EURJPY,8.723714350831635,NORMAL
2016-04-01,29.674534627970445,10.406445349921302,11.672829168411836,14.473889332931327,-29.427832107789115,-57.58513261415781,17.848741362011065,EURJPY,7.322051421332905,NORMAL
2016-05-01,25.385306358254354,8.52203752705043,12.633050734745392,37.17363069219414,-2.5473481551633057,-51.9458485825209,31.05567720639528,EURJPY,11.678517885042911,NORMAL
2016-06-01,20.76883032683555,5.948267142722786,19.8519350636573,42.9469290810411,-17.461412498645366,-51.34201749602997,18.104096350088426,EURJPY,9.43310170411678,NORMAL
2016-07-01,14.423851827485871,13.527854400105845,17.53380898584763,23.97634694779125,-4.763683184243142,-53.791731096956866,49.89467371643595,EURJPY,10.858443549231296,NORMAL
2016-08-01,-28.972597711803004,5.764233780933976,14.687348666440336,5.469535546268598,-26.03516348277054,-54.510147085702506,35.173010087977175,EURJPY,-7.924228512561564,NORMAL
2016-09-01,-49.094574315351714,17.906206011948118,15.137516463649249,3.0773504453708607,-8.230013391876449,-54.11491154655062,41.08775770161605,EURJPY,-9.983083211313565,NORMAL
2016-10-01,-38.34707286611132,12.199347366487062,13.914555072817368,-8.301972405985126,-13.639253067326761,-61.5028239635644,-8.510289296114221,EURJPY,-15.928539343687701,NORMAL
2016-11-01,-90.30176760861268,22.625673333573236,11.723543866007725,6.85429916186079,9.94065967277593,-59.26970458285689,42.084574460686206,EURJPY,-20.56385842936981,NORMAL
2016-12-01,-94.76046207865134,12.545183519818156,7.2392439798619375,13.995642166864215,11.821460262261034,-59.498034348975956,30.454166305115688,EURJPY,-24.904674787084844,NORMAL
2017-01-01,-72.12299621208562,5.872961600712034,13.649931871791168,17.96834711276228,-2.5734099255396075,-58.034917299684544,59.68176149830667,EURJPY,-17.581777322508785,INFLATION_SHOCK
2017-02-01,-98.40971074986685,-9.437174380345624,10.427212764572186,10.95407829994091,-11.19652994684616,-59.24025134266212,44.05294702290898,EURJPY,-30.93755840649699,INFLATION_SHOCK
2017-03-01,-30.235874407682573,0.2842458335451026,19.581196318718476,18.8607915079643,-11.862132609170466,-57.095694699802756,51.15604809765237,EURJPY,-4.837909373997187,NORMAL
2017-04-01,-23.855217307349562,15.393629644119688,13.294743721663533,-10.015762701965908,6.6288103678987955,-52.46910867343344,71.71738482133892,EURJPY,-0.23356955107010435,NORMAL
2017-05-01,-3.4010465524477453,16.634577899165397,16.23940390333569,10.537160455045614,-47.93048478695594,-52.53661079769263,77.1124106818475,EURJPY,5.664618429243826,NORMAL
2017-06-01,11.318279404433031,18.84973212124774,15.034630608098553,27.68786624739787,-9.941223460003226,-51.598894500776524,63.041463856346766,EURJPY,12.243692412339652,NORMAL
2017-07-01,-28.940662666482318,9.331622424738017,11.758977117006,20.38496599938682,-46.25937112345588,-50.705474128633675,74.14136714052216,EURJPY,-2.7388155799908844,NORMAL
2017-08-01,-24.779210833240228,14.747223154881912,12.885511292982573,11.770945399283544,-11.59566869000756,-51.03284505345809,66.68320701172594,EURJPY,-0.1397319862060158,NORMAL
2017-09-01,-52.42884866864554,8.363411906035967,8.203151392020052,-9.937490407192941,-31.744730317427308,-45.79186199618181,79.43718993808292,EURJPY,-10.954466621260991,NORMAL
2017-10-01,-53.9964680665284,15.277805097541957,15.07258727379151,24.26739758472261,2.4509022990553833,-52.68266662930836,67.2377615878229,EURJPY,-6.167172435625053,NORMAL
2017-11-01,-25.437658625161074,-10.864422110070908,18.897500049628963,30.451228912315933,-1.482559205162909,-46.5779854937186,49.838717620051554,EURJPY,-2.8027379545410644,NORMAL
2017-12-01,-2.028885720959142,18.996747331213815,18.247445690236205,9.989473205779106,7.39422637841243,-47.49979141895695,51.52858241720904,EURJPY,7.558131588847586,NORMAL
2018-01-01,37.08013325171609,11.696906426929587,10.475444799030974,-9.157129935995776,4.956840112659547,-46.79503026753948,15.545103925614685,EURJPY,10.211551106118117,NORMAL
2018-02-01,18.00085590063435,13.293396030724661,-0.11211505572780567,-34.86691445666996,1.8633429312191865,-44.48266833236625,-72.39635890605169,EURJPY,-8.984866605007177,NORMAL
2018-03-01,-5.163814501239,-12.293431227999429,-1.2851302618790967,-9.07511183402801,-0.12593348716447395,-34.640564883067995,-71.29461288010704,EURJPY,-16.651774143397155,NORMAL
2018-04-01,-7.4232720312244025,-18.476435906381425,7.619157307963544,20.21539259272712,-24.93389712553968,-32.920731705284446,-14.815699819108577,EURJPY,-8.963086816894204,NORMAL
2018-05-01,-45.81883507613902,-11.691607744864884,9.421980470514377,2.7252904475295505,0.49329649128090125,-32.527753205695944,-8.101482280081544,EURJPY,-17.74475948681667,NORMAL
2018-06-01,-33.54425803267999,-1.8039123773013177,8.065518659822978,-40.77262594049335,-44.187325463486246,-26.74105414755461,-17.458652491301756,EURJPY,-19.702239293285416,NORMAL
2018-07-01,-16.856290444333847,-0.9547932593163271,12.569885856599166,-15.484090730819284,-10.447882461549238,-25.927098152680937,27.632669370705788,EURJPY,-4.616332933217677,NORMAL
2018-08-01,-27.372787421780203,-15.137894487944648,14.735209254267472,22.417258651887213,-28.12583114666904,-29.931542548368927,26.278315951195967,EURJPY,-7.044815417071627,INFLATION_SHOCK
2018-09-01,-0.5865997377128146,-9.708413859380176,12.159635932599754,32.60892269607887,20.324265158769258,-29.205650210676765,35.4389976378038,EURJPY,5.07874453737751,NORMAL
2018-10-01,-50.68401986831061,-25.70723318237555,1.8214226759729382,-14.843457149256379,0.45647363273079833,-26.965335117088706,-86.72391288336158,EURJPY,-42.255918293669964,RISK_OFF
2018-11-01,-13.820852009632226,0.7713670427480412,3.116100119292021,-26.86728748679887,-4.047938530563902,-19.76404197239464,-42.857810762300446,EURJPY,-13.052338780731432,NORMAL
2018-12-01,2.3791318092072467,-29.914729283517968,11.533463630512511,24.361099619576546,-9.250311301366313,-20.07496411381076,-100.0,EURJPY,-36.282774126484576,RISK_OFF
2019-01-01,50.36298033785449,-20.946633531698918,16.31816964666646,19.775355678917293,-17.220090398562274,-21.135626713192895,-19.39041939426018,EURJPY,5.032177408459123,RECESSION
2019-02-01,65.68654713602696,-2.943325062397384,23.341500180328588,43.931714649568576,-32.67215943716507,-25.727144466817727,3.4692667699842197,EURJPY,21.746027820591255,NORMAL
2019-03-01,48.21851944003266,18.943575139632646,15.48477220138016,-9.830930102464578,-27.82880817516056,-34.93325465602874,17.001997873450943,EURJPY,15.05436530221262,NORMAL
2019-04-01,24.211030991914384,28.259999192872122,17.194611957088846,24.495883243556634,11.51746879302461,-14.264736507840006,24.409174894079694,EURJPY,18.660156088900536,NORMAL
2019-05-01,-7.095129102761841,19.03005951475481,5.9584936195582925,-16.851439242671916,-13.714927137243986,-30.201610871367862,-44.916181871860225,EURJPY,-8.603568268343475,NORMAL
2019-06-01,-1.444755675066181,5.090637546515559,10.801753824552812,35.57160980477343,29.0703501819289,-15.714553428697034,1.866786342396056,EURJPY,5.610385649706742,NORMAL
2019-07-01,-18.81761599969093,7.545937682617936,4.530487228830671,-9.08301564018847,-24.279324066974795,-3.4334832143376772,-11.606406626678826,EURJPY,-7.201746252126034,NORMAL
2019-08-01,-15.68734059075562,15.584826852003747,2.3935203814272095,-38.99568600158639,14.119795911813291,-35.5454922405525,-46.60997962449837,EURJPY,-13.47079015194954,NORMAL
2019-09-01,7.189757850096151,23.897917099307342,5.641419674173259,-51.6996891641224,-42.79705915590657,-100.0,-11.645900546704366,EURJPY,-12.740997917101623,NORMAL
2019-10-01,38.94667093472496,29.044984184806893,15.622207407910647,-7.3137983725983275,-19.4036194170829,-100.0,26.69846690748045,EURJPY,8.58103218485785,NORMAL
2019-11-01,32.53374757385621,27.29824331326521,15.97741537105748,22.487256373951332,-43.942935142119545,-100.0,34.1341399948639,EURJPY,8.681856191373836,NORMAL
2019-12-01,9.320037636642956,33.35962602756686,2.5674457691925756,-54.086986111861435,-26.142523279081896,-100.0,18.359108161521025,EURJPY,-6.9080727932684685,NORMAL
2020-01-01,-9.189688632483865,25.99048516147043,0.7940278930954561,-44.834020353471566,-17.257736361641346,-100.0,-47.494601659500105,EURJPY,-19.86228842300669,NORMAL
2020-02-01,-10.80349042986837,32.472333819313036,3.3914459670977086,-43.19976200204504,11.483901436223885,-100.0,-100.0,EURJPY,-37.19060941167539,RISK_OFF
2020-03-01,-41.248134769125336,34.99552979013661,14.182523425223042,28.011424337790235,-5.195143983924671,-100.0,-100.0,EURJPY,-39.60901697170225,RISK_OFF
2020-04-01,-15.769572807579957,-6.865946248561784,6.589416775682679,18.966376541996546,9.901106228429837,-100.0,-100.0,EURJPY,-38.844004563400674,RISK_OFF
2020-05-01,2.48601203250256,-7.1158092755261535,5.550264269090036,7.507261440359514,-8.890000344083226,-92.88578472400566,-71.32580192085244,EURJPY,-16.095204160407295,RECESSION
2020-06-01,-20.80047788792876,-7.33223633070282,3.6164041108321623,-0.9624562862032278,-5.4273457521516555,-88.81217900853461,-87.09938735045678,EURJPY,-38.80478304208117,RISK_OFF
2020-07-01,-29.233721320855892,31.422516022842387,10.140486319561631,0.0,-6.285331888940151,-100.0,-46.800611832398715,EURJPY,-18.259440632432103,NORMAL
2020-08-01,-30.541582470754303,13.42405243687151,9.309272121506476,0.0,-40.554113524031784,-93.58756802805091,-59.98213160216393,EURJPY,-24.556900651312446,NORMAL
2020-09-01,-8.228202092674756,-4.41752792762968,8.640939714498057,-2.8152017323117917,44.746688334190864,-73.3780588554535,-59.2580421962377,EURJPY,-14.40344384338972,NORMAL
2020-10-01,-68.32810592622414,-10.032284253067662,4.517389545510874,-10.141339154219317,29.479110699096655,-100.0,-100.0,EURJPY,-46.539895236150855,RISK_OFF
2020-11-01,-43.92616234286102,-2.7560480194020807,14.240459563953834,7.074669974401477,7.616585664949568,-87.87765122551387,-17.693180331242576,EURJPY,-21.44222628239607,NORMAL
2020-12-01,-45.1244873700131,-4.664474056789165,18.325774264922135,25.23598550462541,-24.13763231857342,-89.45287469636266,-30.46982242235861,EURJPY,-23.19568102126602,NORMAL
2021-01-01,-22.44856899042327,-10.82846276073645,23.87338760828567,38.8361765799815,-26.108803093848454,-93.25252428914762,-89.69056396473563,EURJPY,-39.56344433640537,RISK_OFF
2021-02-01,-38.13431865447273,-30.084189465269304,16.696874467026973,1.6630533874707716,-70.04680403084825,-89.89948054390644,-57.840825529999954,EURJPY,-33.732958467374914,NORMAL
2021-03-01,-47.062977094134084,-23.279793089687143,8.263086740447777,-31.46945901461064,-39.8012396897663,-85.52565817238984,-7.156638973955001,EURJPY,-31.584203007058044,NORMAL
2021-04-01,-18.29571009847404,23.2784999054308,9.483762868793985,-70.37519654185256,-18.467734187733505,-85.91157805237467,-2.229415127593695,EURJPY,-14.7854401855545,INFLATION_SHOCK
2021-05-01,-5.386732755301662,22.647470754566044,26.718695134306458,-32.386277439742216,2.2085336036161323,-78.35667652032774,8.919864247910189,EURJPY,-3.824903463335076,NORMAL
2021-06-01,13.955925424979688,21.898568047151024,31.347008091358354,6.940490006079709,-15.192220156062398,-65.86957291308799,14.421013317755632,EURJPY,9.1115199873855,INFLATION_SHOCK
2021-07-01,-33.890036784026506,-2.603195786975885,28.29277579113228,47.021752439070475,-13.30134569073163,-58.07458313150359,0.8488348904493136,EURJPY,-7.779674897695742,INFLATION_SHOCK
2021-08-01,-21.93240013796463,-16.54648544517345,21.208262830622807,30.095442596948487,-0.01946127150819077,-57.728462142921465,11.603001769618828,EURJPY,-6.358999841378192,INFLATION_SHOCK
2021-09-01,-29.068416150719816,-7.880814298784641,25.50829603624909,24.934854499580503,-63.03105277718834,-65.0918809867192,-26.982326308359607,EURJPY,-17.03087134711494,NORMAL
2021-10-01,27.059036965098628,-8.881090516668099,30.622105293733743,11.285168692105481,-64.89458615182917,-59.02083807021861,13.80936137236458,EURJPY,3.59414542707509,NORMAL
2021-11-01,-63.261959248522956,-5.090234107457872,22.52671419896264,-15.794083351513299,-61.37658959394066,-47.84327550428157,-49.47784419294792,EURJPY,-28.891135002692273,INFLATION_SHOCK
2021-12-01,-0.9540636591973461,-0.24330092001651282,26.197044316003513,3.946273780292358,-44.52431175170157,-56.25096243779932,9.767956519793925,EURJPY,-0.46156905382208113,INFLATION_SHOCK
2022-01-01,-18.936144190733987,0.08720754498690297,19.9869195125272,-13.896584049605984,-35.13137092193017,-58.924242683390816,-34.09729832276066,EURJPY,-13.083099446085956,INFLATION_SHOCK
2022-02-01,39.381879474984515,5.392579520335518,34.31911931482063,19.311800869165072,-38.978136023406044,-58.4553273433547,-63.35968451222743,EURJPY,3.655409973663909,NORMAL
2022-03-01,100.0,-0.46368549549906746,33.44856574564241,15.881118339863383,-51.25055178041577,-63.90932441177842,-6.225815964616928,EURJPY,24.5933862250571,NORMAL
2022-04-01,100.0,-3.2200072411428318,38.98047099703418,29.85843629195238,-68.42169092759127,-58.7736195182492,-78.89228016882484,EURJPY,-18.66738941723539,RISK_OFF
2022-05-01,100.0,-2.0943198325284698,22.91935221226483,9.147456306321358,-33.438594908791316,-52.380390404251095,-35.49793237937309,EURJPY,26.861070380344678,INFLATION_SHOCK
2022-06-01,100.0,-2.1878262356802254,24.46043743013822,-3.05081916181046,-42.66892601098495,-35.711971329415945,-48.652233522650775,EURJPY,26.49886209486325,INFLATION_SHOCK
2022-07-01,78.1568255107415,-6.411912859546546,15.75214095366401,-8.188403078282546,-25.329973331482602,100.0,-4.211513433234182,EURJPY,32.49717992686686,NORMAL
2022-08-01,100.0,-7.138094448671814,25.033054408203917,-6.317572187979413,-39.29186222652852,100.0,-30.011906829372865,EURJPY,36.60574366434971,NORMAL
2022-09-01,100.0,-3.189008561723466,27.469517471582535,-6.145136165793939,-7.882236988291549,100.0,-62.53073398104164,EURJPY,35.799182040564325,NORMAL
2022-10-01,100.0,1.0012600759577466,30.542819515109006,-1.2087949734918757,-36.50663889085439,100.0,-26.702730446744315,EURJPY,39.93102653586763,NORMAL
2022-11-01,100.0,-2.0171811596330116,16.648578889478173,-2.504382266805225,-9.46020060871132,100.0,6.701794183967877,EURJPY,42.263100529651794,NORMAL
2022-12-01,100.0,-3.656042571219964,11.176388324086133,-15.042215734364206,-8.411131458265455,100.0,1.0673066817577384,EURJPY,39.33050988573101,NORMAL
2023-01-01,90.34483123633774,-7.704365404774961,4.712863343318054,-18.339682291906655,-2.2043038831708284,100.0,16.08409214999767,EURJPY,36.555115837902946,NORMAL
2023-02-01,100.0,-4.146420107577621,7.882968123732498,-22.867542024614032,-2.894542283585187,100.0,7.936831015824576,EURJPY,39.0682213952924,NORMAL
2023-03-01,71.78099952318058,-4.687088683614955,12.077050657320989,-5.0082693580591675,-6.166291260589535,100.0,20.46617637281331,EURJPY,34.53566557097519,NORMAL
2023-04-01,75.76425575812186,-7.857330231230552,14.954535084410697,23.953689062770433,-5.093767153084041,100.0,38.93975177733891,EURJPY,40.410484787055466,NORMAL
2023-05-01,23.584594077890713,-8.900235105779306,9.765414940468853,9.951189705245742,0.5118433293421629,100.0,25.61607859936442,EURJPY,22.055932610794684,NORMAL
2023-06-01,85.79732972337204,-9.532669481040632,9.525016695672544,-1.3191109485031203,17.151304828958896,100.0,52.74629249170256,EURJPY,42.585056963381525,NORMAL
2023-07-01,53.38373697541768,-4.80345326499143,7.132893306326922,-20.6400984767195,10.637147367408467,100.0,52.677219513718676,EURJPY,31.640592831431224,NORMAL
2023-08-01,46.590876003887246,-5.654644083013575,7.85981089045962,-3.0703135872897476,12.183465971779043,100.0,53.22242924279893,EURJPY,31.436687679516346,NORMAL
2023-09-01,15.921687327812478,-8.096805369901467,2.8579066191018976,-2.818791241058981,13.509316509639042,100.0,29.025924240334046,EURJPY,18.803570419958888,NORMAL
2023-10-01,4.081164802973191,-11.013800843896215,-3.6987706785485255,-9.636415801518087,42.38814384657551,100.0,24.667369723810246,EURJPY,14.350723151096522,NORMAL
2023-11-01,19.46805510664112,-7.367467276477393,1.6074319321457446,-9.290865214081606,45.71053470441633,100.0,57.022311255655175,EURJPY,24.144883089398114,NORMAL
2023-12-01,-13.994746103080235,-4.165487108435354,0.8210552912045659,-7.637020109094926,49.6436264319127,100.0,58.047576152805156,EURJPY,15.540484124765772,NORMAL
2024-01-01,2.920935317332707,-1.3197694018701058,4.767122508592072,1.5049563782406299,37.72908183608748,100.0,45.7103796541581,EURJPY,20.255937912296485,NORMAL
2024-02-01,32.52776118157893,-5.1081085024343515,1.0526176036919102,-2.9691807698000994,32.604374047677965,100.0,51.370724514566405,EURJPY,27.33337881004534,NORMAL
2024-03-01,42.64893759426403,-7.263507842841619,-0.8347680578838941,-0.1112365527189283,23.627546738400696,94.30746868235815,53.65036657812714,EURJPY,28.881539718418445,NORMAL
2024-04-01,50.2002439573146,-4.741603917388799,-5.59832063579448,-21.21286614588618,25.016746099582505,88.48296309024407,37.6417563022933,EURJPY,26.324263930583097,NORMAL
2024-05-01,5.440037772409512,-3.9386443429801012,-7.217527847063184,-3.8138223142992316,28.916274546312295,84.60999743686544,53.65813162704184,EURJPY,16.652391435407147,NORMAL
2024-06-01,-3.862935648850549,-4.8224855888552,-5.191776856074627,-5.37948669771028,16.628485373902294,74.75770524369109,56.06456955629767,EURJPY,12.517522197642112,NORMAL
2024-07-01,-23.867552796304977,-6.326980961270813,-3.252940413263391,7.380467388042025,14.391760344599136,71.89446253136435,31.89518900929536,EURJPY,4.86944790577604,NORMAL
2024-08-01,-17.869487490138052,-1.7084200132200773,1.9900144159433735,0.2017320345377418,3.8419267947348033,65.53295347799683,39.70219369913237,EURJPY,7.166610122825752,NORMAL
2024-09-01,-27.809316101947818,4.499146030684749,1.5218978550586733,-3.576047759424873,8.026102383592862,57.02301837921658,29.1341794401762,EURJPY,3.047464361067603,NORMAL
2024-10-01,-4.996209036171847,4.448930984709763,2.518646584434377,-6.529581236385129,4.548922204111928,48.88816815472039,-9.486082693923327,EURJPY,3.9106506064808553,NORMAL
2024-11-01,-34.755475636095454,3.107455944863033,-4.550899314319296,-6.444641970983695,8.160510014932214,47.297398043543495,50.58955332212513,EURJPY,0.881549846809631,NORMAL
2024-12-01,-13.321590437915395,0.3563954862047847,0.5182526585241165,0.0891329170735462,4.942851481375756,39.4809620697101,27.23913847484833,EURJPY,4.235321447864774,NORMAL
2025-01-01,-28.930564373479577,2.779585052705946,-1.470834221236724,-0.3597567911906534,4.640351972529492,36.48590741270114,32.656955623336735,EURJPY,0.09226692077897747,NORMAL
2025-02-01,-19.172217637291826,6.22106128669496,4.124528021926963,4.265643715986058,-13.52087108476771,24.149043353728896,11.080764366799043,EURJPY,-0.0602582931095168,NORMAL
2025-03-01,-29.695963494683568,8.356767425582975,-0.17284582634270862,-15.409351600787724,-12.688872799736139,16.6946970668505,-11.590377408813787,EURJPY,-8.583139131853414,NORMAL
2025-04-01,-32.327047749007015,10.106624862879624,1.7693222097608556,-14.699499547500976,-12.305297757383935,9.229645993478535,-32.971076826200665,EURJPY,-11.892883876474059,NORMAL
2025-05-01,-28.9567435892764,6.933682955544957,1.4046027136828028,-13.134356228181208,-6.849391907116804,8.31748630581294,15.82563669579648,EURJPY,-5.644714591345831,NORMAL
2025-06-01,-13.132367872049977,7.580368535492922,3.5014149270535144,-7.986038505236705,-1.217861893282178,0.779930971800691,29.66434751281576,EURJPY,0.8225309372137168,NORMAL
2025-07-01,-9.468112247757812,4.8785465220838224,0.4616086982386651,-12.42554831829703,-0.7138381565381824,-0.1426587551291368,28.7076033292694,EURJPY,0.29631125594576657,NORMAL
2025-08-01,-9.23295494162212,2.909372290120332,-0.19277026094655803,-24.329191192799176,3.152681285301078,-1.0262380449605115,38.75132413739372,EURJPY,0.09438516710792832,NORMAL
2025-09-01,-15.78197590443658,-4.6404805493549315,1.0131433571332256,2.2869876490554883,-0.8555461760042729,-1.9475629672711219,29.786178203931197,EURJPY,-1.7790356001729193,NORMAL
2025-10-01,-18.35858465275623,-7.663275837920038,2.9177501157350747,9.51769279676648,-3.335670541924327,-2.9069784062169224,18.608152895948464,EURJPY,-3.5644609953392563,NORMAL
2025-11-01,-21.8852993596491,-7.539688226879714,3.025563612241035,16.677593396759256,-5.5832244906446755,-3.912518886084798,28.010788634038914,EURJPY,-3.049511716027452,NORMAL
2025-12-01,-35.37073625089165,-5.0433495654313765,-1.8421693255623186,-5.183665941264712,-11.986345889481766,-7.153749836405583,39.69333864077262,EURJPY,-8.676776801943781,NORMAL
2026-01-01,-50.510406558363975,-4.851192088047362,-3.205559945968884,-1.2471816569963297,-23.263134787245995,-13.083933625989145,15.131974126671984,EURJPY,-16.925274621076312,NORMAL
2026-02-01,-40.95505810375247,-8.552502461899923,3.717553734044506,22.108014082995076,-20.88763531543456,-14.129858504118383,-10.197694887580102,EURJPY,-14.400571378884548,NORMAL
2026-03-01,-4.795659622060622,-12.139487500399703,4.941767441977031,13.961547743967444,-21.73176811362478,-15.212208320432596,-62.66967071864581,EURJPY,-11.40502886857982,NORMAL
2026-04-01,-4.350561190519928,-15.464869949279016,6.1639588615506415,14.119482495036173,-12.210995042458412,-16.309169897396423,20.120303431524288,EURJPY,-1.79847131806418,NORMAL
2026-05-01,-26.580745894946574,-13.289665256876809,0.45113088932266265,-15.45115646070683,-13.678459150058066,-17.47755734722568,35.370040068983286,EURJPY,-9.88833389892438,NORMAL
2026-06-01,-50.10469501813611,-13.13927425246689,-0.12389701902450234,-12.83217900554605,-22.96510574325538,-14.487002545486991,24.313296070986144,EURJPY,-17.84982920490258,NORMAL
2026-07-01,-29.708004268456822,-16.064317912725055,-1.9604707247589133,-12.240787992000666,-31.79675396398725,-20.05699113917413,28.425423025930396,EURJPY,-13.480655581387037,NORMAL
2026-08-01,-21.653851552398535,-19.700943480141653,-4.7902111509926115,-28.06274667834412,-34.82722462186204,-21.34619900706547,38.61954913004394,EURJPY,-12.893388677082449,NORMAL
2026-09-01,3.0396561809660048,-18.621154755750336,-5.666558021469552,-42.9508112498309,-14.913018463073161,-14.580847684462686,23.6133309308299,EURJPY,-7.001943602096468,NORMAL
2026-10-01,-6.619052438326355,-16.660429428694723,-4.2297826719182465,-42.296393893065186,-10.504000234469409,-16.04289613054132,23.629570395824835,EURJPY,-9.02106706967485,NORMAL
