date,value,name
2010-01-01,102.226713968369,cn_leading_index
2010-02-01,102.128899595821,cn_leading_index
2010-03-01,101.902551101384,cn_leading_index
2010-04-01,101.580779743814,cn_leading_index
2010-05-01,101.208497147514,cn_leading_index
2010-06-01,100.85352379996,cn_leading_index
2010-07-01,100.581888207016,cn_leading_index
2010-08-01,100.433252688005,cn_leading_index
2010-09-01,100.413808763968,cn_leading_index
2010-10-01,100.501769518502,cn_leading_index
2010-11-01,100.650778419469,cn_leading_index
2010-12-01,100.81991408356,cn_leading_index
2011-01-01,100.985531144943,cn_leading_index
2011-02-01,101.129571331149,cn_leading_index
2011-03-01,101.234456114779,cn_leading_index
2011-04-01,101.281347852285,cn_leading_index
2011-05-01,101.259573315108,cn_leading_index
2011-06-01,101.161313565018,cn_leading_index
2011-07-01,100.994181692064,cn_leading_index
2011-08-01,100.771007970767,cn_leading_index
2011-09-01,100.523879875664,cn_leading_index
2011-10-01,100.275207525181,cn_leading_index
2011-11-01,100.054363237165,cn_leading_index
2011-12-01,99.8830586569607,cn_leading_index
2012-01-01,99.7733960367302,cn_leading_index
2012-02-01,99.7061591828744,cn_leading_index
2012-03-01,99.6515894168192,cn_leading_index
2012-04-01,99.6096781836438,cn_leading_index
2012-05-01,99.5923771373934,cn_leading_index
2012-06-01,99.6005178045039,cn_leading_index
2012-07-01,99.6327656119649,cn_leading_index
2012-08-01,99.6913096558127,cn_leading_index
2012-09-01,99.7818573949945,cn_leading_index
2012-10-01,99.9173159882828,cn_leading_index
2012-11-01,100.096628846047,cn_leading_index
2012-12-01,100.311409208338,cn_leading_index
2013-01-01,100.539431203903,cn_leading_index
2013-02-01,100.736162835846,cn_leading_index
2013-03-01,100.883172698303,cn_leading_index
2013-04-01,100.980060495095,cn_leading_index
2013-05-01,101.044197938319,cn_leading_index
2013-06-01,101.097666704077,cn_leading_index
2013-07-01,101.149916942293,cn_leading_index
2013-08-01,101.200647721529,cn_leading_index
2013-09-01,101.236484938506,cn_leading_index
2013-10-01,101.240838397896,cn_leading_index
2013-11-01,101.198430966657,cn_leading_index
2013-12-01,101.10494276873,cn_leading_index
2014-01-01,100.963417401878,cn_leading_index
2014-02-01,100.79725731289,cn_leading_index
2014-03-01,100.624497808139,cn_leading_index
2014-04-01,100.46296010662,cn_leading_index
2014-05-01,100.322175160333,cn_leading_index
2014-06-01,100.205049449963,cn_leading_index
2014-07-01,100.117264540912,cn_leading_index
2014-08-01,100.061888686811,cn_leading_index
2014-09-01,100.028884368758,cn_leading_index
2014-10-01,100.025414907164,cn_leading_index
2014-11-01,100.054357859936,cn_leading_index
2014-12-01,100.115396567524,cn_leading_index
2015-01-01,100.186998815857,cn_leading_index
2015-02-01,100.260294070708,cn_leading_index
2015-03-01,100.328960913616,cn_leading_index
2015-04-01,100.361255723563,cn_leading_index
2015-05-01,100.305700857962,cn_leading_index
2015-06-01,100.144534919325,cn_leading_index
2015-07-01,99.9130709942486,cn_leading_index
2015-08-01,99.6718072875044,cn_leading_index
2015-09-01,99.468386467666,cn_leading_index
2015-10-01,99.3333065236684,cn_leading_index
2015-11-01,99.2557460117686,cn_leading_index
2015-12-01,99.2054755185897,cn_leading_index
2016-01-01,99.1774161535592,cn_leading_index
2016-02-01,99.1849551117456,cn_leading_index
2016-03-01,99.2304433963279,cn_leading_index
2016-04-01,99.3046046106824,cn_leading_index
2016-05-01,99.4010777368982,cn_leading_index
2016-06-01,99.5249985162702,cn_leading_index
2016-07-01,99.6766933376804,cn_leading_index
2016-08-01,99.8434967043189,cn_leading_index
2016-09-01,100.022322293398,cn_leading_index
2016-10-01,100.194182712523,cn_leading_index
2016-11-01,100.34411253838,cn_leading_index
2016-12-01,100.458311660116,cn_leading_index
2017-01-01,100.538480708905,cn_leading_index
2017-02-01,100.590097123808,cn_leading_index
2017-03-01,100.620604467086,cn_leading_index
2017-04-01,100.64372863001,cn_leading_index
2017-05-01,100.670156624868,cn_leading_index
2017-06-01,100.702929281736,cn_leading_index
2017-07-01,100.730055519688,cn_leading_index
2017-08-01,100.737039837365,cn_leading_index
2017-09-01,100.711400463722,cn_leading_index
2017-10-01,100.648251127118,cn_leading_index
2017-11-01,100.548102327411,cn_leading_index
2017-12-01,100.416630010127,cn_leading_index
2018-01-01,100.275912427741,cn_leading_index
2018-02-01,100.135327613569,cn_leading_index
2018-03-01,99.998808612327,cn_leading_index
2018-04-01,99.8553926443681,cn_leading_index
2018-05-01,99.6896505814032,cn_leading_index
2018-06-01,99.4902628952511,cn_leading_index
2018-07-01,99.261972235771,cn_leading_index
2018-08-01,99.0213318007538,cn_leading_index
2018-09-01,98.7847244374121,cn_leading_index
2018-10-01,98.5544645657878,cn_leading_index
2018-11-01,98.3461916546689,cn_leading_index
2018-12-01,98.1828913949906,cn_leading_index
2019-01-01,98.0982035398001,cn_leading_index
2019-02-01,98.1053574723698,cn_leading_index
2019-03-01,98.1861582867518,cn_leading_index
2019-04-01,98.3057260452741,cn_leading_index
2019-05-01,98.4351381038844,cn_leading_index
2019-06-01,98.5664061133447,cn_leading_index
2019-07-01,98.6801566200073,cn_leading_index
2019-08-01,98.7670948225772,cn_leading_index
2019-09-01,98.8315323612566,cn_leading_index
2019-10-01,98.8891305213626,cn_leading_index
2019-11-01,98.9676282753398,cn_leading_index
2019-12-01,99.0794755204077,cn_leading_index
2020-01-01,95.03283716724,cn_leading_index
2020-02-01,87.1035629501448,cn_leading_index
2020-03-01,85.5821570241773,cn_leading_index
2020-04-01,92.0096786507414,cn_leading_index
2020-05-01,95.6343482939589,cn_leading_index
2020-06-01,98.9636718228247,cn_leading_index
2020-07-01,99.9281760677317,cn_leading_index
2020-08-01,100.960030817163,cn_leading_index
2020-09-01,101.955037687707,cn_leading_index
2020-10-01,102.279541925033,cn_leading_index
2020-11-01,102.496451766516,cn_leading_index
2020-12-01,102.59020092365,cn_leading_index
2021-01-01,102.569725283774,cn_leading_index
2021-02-01,102.426420145439,cn_leading_index
2021-03-01,102.183436449069,cn_leading_index
2021-04-01,101.867038377681,cn_leading_index
2021-05-01,101.498733458408,cn_leading_index
2021-06-01,101.096331265928,cn_leading_index
2021-07-01,100.686443330877,cn_leading_index
2021-08-01,100.299151213393,cn_leading_index
2021-09-01,99.9625984403326,cn_leading_index
2021-10-01,99.6905599236166,cn_leading_index
2021-11-01,99.468462908571,cn_leading_index
2021-12-01,99.2608349197464,cn_leading_index
2022-01-01,99.0272326424453,cn_leading_index
2022-02-01,98.7563083975706,cn_leading_index
2022-03-01,98.4737762520469,cn_leading_index
2022-04-01,98.2150698039872,cn_leading_index
2022-05-01,98.0080586697658,cn_leading_index
2022-06-01,97.8713252803841,cn_leading_index
2022-07-01,97.8103835356683,cn_leading_index
2022-08-01,97.8479774547887,cn_leading_index
2022-09-01,97.9901064861939,cn_leading_index
2022-10-01,98.2328635583896,cn_leading_index
2022-11-01,98.5825214402841,cn_leading_index
2022-12-01,99.0307111174512,cn_leading_index
2023-01-01,99.5384568258122,cn_leading_index
2023-02-01,100.052101514556,cn_leading_index
2023-03-01,100.539154728592,cn_leading_index
2023-04-01,100.9792504781,cn_leading_index
2023-05-01,101.371244961342,cn_leading_index
2023-06-01,101.718467435407,cn_leading_index
2023-07-01,101.999385817526,cn_leading_index
2023-08-01,102.183318824827,cn_leading_index
2023-09-01,102.24928189482,cn_leading_index
2023-10-01,102.201105619958,cn_leading_index
2023-11-01,102.053852673085,cn_leading_index
2023-12-01,101.834768074668,cn_leading_index
2024-01-01,101.575251639692,cn_leading_index
2024-02-01,101.304642611174,cn_leading_index
2024-03-01,101.046747558513,cn_leading_index
2024-04-01,100.819797124852,cn_leading_index
2024-05-01,100.63490328331,cn_leading_index
2024-06-01,100.501021036955,cn_leading_index
2024-07-01,100.437302661907,cn_leading_index
2024-08-01,100.457437225249,cn_leading_index
2024-09-01,100.565973696889,cn_leading_index
2024-10-01,100.737271387232,cn_leading_index
2024-11-01,100.911906246508,cn_leading_index
2024-12-01,101.048995752004,cn_leading_index
2025-01-01,101.122145706358,cn_leading_index
2025-02-01,101.124471683215,cn_leading_index
2025-03-01,101.055233820965,cn_leading_index
2025-04-01,100.925164899233,cn_leading_index
2025-05-01,100.759650410117,cn_leading_index
2025-06-01,100.572456989298,cn_leading_index
2025-07-01,100.366410321161,cn_leading_index
2025-08-01,100.146304029201,cn_leading_index
2025-09-01,99.9135840889268,cn_leading_index
2025-10-01,99.6777329571234,cn_leading_index
2025-11-01,99.4599227954691,cn_leading_index
2025-12-01,99.2666090473697,cn_leading_index
2026-01-01,99.1037921120223,cn_leading_index
2026-02-01,98.9690181926236,cn_leading_index
2026-03-01,98.8453300250761,cn_leading_index
2026-04-01,98.711638474582,cn_leading_index
2026-05-01,98.5646521380634,cn_leading_index
2026-06-01,98.4079298460975,cn_leading_index
2026-07-01,98.2494109996032,cn_leading_index
2026-08-01,98.1045800385387,cn_leading_index
2010-01-01,1.85,cn_3m_interbank
2010-02-01,1.94,cn_3m_interbank
2010-03-01,1.91,cn_3m_interbank
2010-04-01,1.73,cn_3m_interbank
2010-05-01,2.02,cn_3m_interbank
2010-06-01,3.69,cn_3m_interbank
2010-07-01,2.48,cn_3m_interbank
2010-08-01,2.44,cn_3m_interbank
2010-09-01,2.56,cn_3m_interbank
2010-10-01,2.75,cn_3m_interbank
2010-11-01,3.38,cn_3m_interbank
2010-12-01,4.94,cn_3m_interbank
2011-01-01,4.98,cn_3m_interbank
2011-02-01,4.84,cn_3m_interbank
2011-03-01,4.02,cn_3m_interbank
2011-04-01,3.94,cn_3m_interbank
2011-05-01,4.24,cn_3m_interbank
2011-06-01,5.91,cn_3m_interbank
2011-07-01,5.89,cn_3m_interbank
2011-08-01,5.19,cn_3m_interbank
2011-09-01,5.69,cn_3m_interbank
2011-10-01,5.67,cn_3m_interbank
2011-11-01,5.73,cn_3m_interbank
2011-12-01,5.57,cn_3m_interbank
2012-01-01,6.8,cn_3m_interbank
2012-02-01,5.36,cn_3m_interbank
2012-03-01,4.72,cn_3m_interbank
2012-04-01,4.37,cn_3m_interbank
2012-05-01,4.04,cn_3m_interbank
2012-06-01,3.7,cn_3m_interbank
2012-07-01,3.46,cn_3m_interbank
2012-08-01,3.59,cn_3m_interbank
2012-09-01,4.12,cn_3m_interbank
2012-10-01,3.78,cn_3m_interbank
2012-11-01,3.82,cn_3m_interbank
2012-12-01,3.97,cn_3m_interbank
2013-01-01,3.77,cn_3m_interbank
2013-02-01,3.71,cn_3m_interbank
2013-03-01,3.52,cn_3m_interbank
2013-04-01,3.63,cn_3m_interbank
2013-05-01,3.84,cn_3m_interbank
2013-06-01,6.65,cn_3m_interbank
2013-07-01,5.09,cn_3m_interbank
2013-08-01,5.4,cn_3m_interbank
2013-09-01,5.58,cn_3m_interbank
2013-10-01,5.14,cn_3m_interbank
2013-11-01,6.43,cn_3m_interbank
2013-12-01,6.96,cn_3m_interbank
2014-01-01,6.76,cn_3m_interbank
2014-02-01,5.14,cn_3m_interbank
2014-03-01,4.84,cn_3m_interbank
2014-04-01,4.64,cn_3m_interbank
2014-05-01,4.5,cn_3m_interbank
2014-06-01,4.59,cn_3m_interbank
2014-07-01,4.57,cn_3m_interbank
2014-08-01,4.47,cn_3m_interbank
2014-09-01,4.44,cn_3m_interbank
2014-10-01,4.26,cn_3m_interbank
2014-11-01,4.22,cn_3m_interbank
2014-12-01,5.22,cn_3m_interbank
2015-01-01,4.98,cn_3m_interbank
2015-02-01,5.41,cn_3m_interbank
2015-03-01,5.18,cn_3m_interbank
2015-04-01,4.1,cn_3m_interbank
2015-05-01,3.11,cn_3m_interbank
2015-06-01,3.35,cn_3m_interbank
2015-07-01,3.21,cn_3m_interbank
2015-08-01,3.05,cn_3m_interbank
2015-09-01,3.16,cn_3m_interbank
2015-10-01,3.19,cn_3m_interbank
2015-11-01,3.06,cn_3m_interbank
2015-12-01,2.97,cn_3m_interbank
2016-01-01,3.19,cn_3m_interbank
2016-02-01,2.95,cn_3m_interbank
2016-03-01,2.77,cn_3m_interbank
2016-04-01,2.95,cn_3m_interbank
2016-05-01,2.89,cn_3m_interbank
2016-06-01,2.87,cn_3m_interbank
2016-07-01,2.87,cn_3m_interbank
2016-08-01,2.77,cn_3m_interbank
2016-09-01,2.81,cn_3m_interbank
2016-10-01,2.91,cn_3m_interbank
2016-11-01,3.35,cn_3m_interbank
2016-12-01,4.77,cn_3m_interbank
2017-01-01,4.57,cn_3m_interbank
2017-02-01,5.51,cn_3m_interbank
2017-03-01,4.86,cn_3m_interbank
2017-04-01,4.4,cn_3m_interbank
2017-05-01,4.86,cn_3m_interbank
2017-06-01,5.13,cn_3m_interbank
2017-07-01,4.35,cn_3m_interbank
2017-08-01,4.48,cn_3m_interbank
2017-09-01,4.59,cn_3m_interbank
2017-10-01,4.7,cn_3m_interbank
2017-11-01,4.76,cn_3m_interbank
2017-12-01,5.55,cn_3m_interbank
2018-01-01,4.85,cn_3m_interbank
2018-02-01,4.49,cn_3m_interbank
2018-03-01,4.8,cn_3m_interbank
2018-04-01,4.37,cn_3m_interbank
2018-05-01,4.54,cn_3m_interbank
2018-06-01,4.63,cn_3m_interbank
2018-07-01,3.93,cn_3m_interbank
2018-08-01,3.23,cn_3m_interbank
2018-09-01,3.12,cn_3m_interbank
2018-10-01,3.22,cn_3m_interbank
2018-11-01,3.37,cn_3m_interbank
2018-12-01,3.87,cn_3m_interbank
2019-01-01,3.24,cn_3m_interbank
2019-02-01,2.91,cn_3m_interbank
2019-03-01,3.08,cn_3m_interbank
2019-04-01,3.0,cn_3m_interbank
2019-05-01,3.15,cn_3m_interbank
2019-06-01,3.6,cn_3m_interbank
2019-07-01,3.16,cn_3m_interbank
2019-08-01,3.11,cn_3m_interbank
2019-09-01,3.3,cn_3m_interbank
2019-10-01,3.46,cn_3m_interbank
2019-11-01,3.33,cn_3m_interbank
2019-12-01,3.49,cn_3m_interbank
2020-01-01,3.67,cn_3m_interbank
2020-02-01,2.98,cn_3m_interbank
2020-03-01,2.55,cn_3m_interbank
2020-04-01,2.32,cn_3m_interbank
2020-05-01,2.13,cn_3m_interbank
2020-06-01,2.54,cn_3m_interbank
2020-07-01,2.76,cn_3m_interbank
2020-08-01,2.97,cn_3m_interbank
2020-09-01,2.99,cn_3m_interbank
2020-10-01,3.18,cn_3m_interbank
2020-11-01,3.56,cn_3m_interbank
2020-12-01,3.33,cn_3m_interbank
2021-01-01,3.01,cn_3m_interbank
2021-02-01,3.25,cn_3m_interbank
2021-03-01,3.07,cn_3m_interbank
2021-04-01,2.82,cn_3m_interbank
2021-05-01,2.84,cn_3m_interbank
2021-06-01,2.93,cn_3m_interbank
2021-07-01,2.82,cn_3m_interbank
2021-08-01,2.86,cn_3m_interbank
2021-09-01,2.77,cn_3m_interbank
2021-10-01,2.72,cn_3m_interbank
2021-11-01,2.94,cn_3m_interbank
2021-12-01,3.08,cn_3m_interbank
2022-01-01,3.32,cn_3m_interbank
2022-02-01,3.2,cn_3m_interbank
2022-03-01,3.17,cn_3m_interbank
2022-04-01,2.99,cn_3m_interbank
2022-05-01,2.81,cn_3m_interbank
2022-06-01,2.76,cn_3m_interbank
2022-07-01,2.79,cn_3m_interbank
2022-08-01,2.5,cn_3m_interbank
2022-09-01,2.36,cn_3m_interbank
2022-10-01,2.43,cn_3m_interbank
2022-11-01,2.68,cn_3m_interbank
2022-12-01,2.79,cn_3m_interbank
2023-01-01,2.9,cn_3m_interbank
2023-02-01,2.94,cn_3m_interbank
2023-03-01,3.05,cn_3m_interbank
2023-04-01,2.89,cn_3m_interbank
2023-05-01,2.98,cn_3m_interbank
2023-06-01,2.81,cn_3m_interbank
2023-07-01,2.57,cn_3m_interbank
2023-08-01,2.63,cn_3m_interbank
2023-09-01,2.64,cn_3m_interbank
2023-10-01,2.73,cn_3m_interbank
2023-11-01,2.88,cn_3m_interbank
2023-12-01,3.02,cn_3m_interbank
2024-01-01,2.79,cn_3m_interbank
2024-02-01,2.69,cn_3m_interbank
2024-03-01,2.53,cn_3m_interbank
2024-04-01,2.49,cn_3m_interbank
2024-05-01,2.32,cn_3m_interbank
2024-06-01,2.23,cn_3m_interbank
2024-07-01,2.21,cn_3m_interbank
2024-08-01,2.04,cn_3m_interbank
2024-09-01,2.06,cn_3m_interbank
2024-10-01,2.1,cn_3m_interbank
2024-11-01,2.04,cn_3m_interbank
2024-12-01,2.0,cn_3m_interbank
2025-01-01,1.94,cn_3m_interbank
2025-02-01,1.99,cn_3m_interbank
2025-03-01,2.14,cn_3m_interbank
2025-04-01,2.02,cn_3m_interbank
2025-05-01,1.83,cn_3m_interbank
2025-06-01,1.79,cn_3m_interbank
2025-07-01,1.78,cn_3m_interbank
2025-08-01,1.66,cn_3m_interbank
2025-09-01,1.68,cn_3m_interbank
2025-10-01,1.69,cn_3m_interbank
2025-11-01,1.66,cn_3m_interbank
2025-12-01,1.69,cn_3m_interbank
2026-01-01,1.75,cn_3m_interbank
2026-02-01,1.71,cn_3m_interbank
2026-03-01,1.7,cn_3m_interbank
2026-04-01,1.64,cn_3m_interbank
2026-05-01,1.51,cn_3m_interbank
2026-06-01,1.51,cn_3m_interbank
2026-07-01,1.54,cn_3m_interbank
2010-01-01,.,usdcny
2010-01-04,6.8273,usdcny
2010-01-05,6.8258,usdcny
2010-01-06,6.8272,usdcny
2010-01-07,6.8280,usdcny
2010-01-08,6.8274,usdcny
2010-01-11,6.8263,usdcny
2010-01-12,6.8267,usdcny
2010-01-13,6.8295,usdcny
2010-01-14,6.8265,usdcny
2010-01-15,6.8269,usdcny
2010-01-18,.,usdcny
2010-01-19,6.8268,usdcny
2010-01-20,6.8258,usdcny
2010-01-21,6.8268,usdcny
2010-01-22,6.8270,usdcny
2010-01-25,6.8268,usdcny
2010-01-26,6.8263,usdcny
2010-01-27,6.8268,usdcny
2010-01-28,6.8267,usdcny
2010-01-29,6.8268,usdcny
2010-02-01,6.8260,usdcny
2010-02-02,6.8270,usdcny
2010-02-03,6.8260,usdcny
2010-02-04,6.8280,usdcny
2010-02-05,6.8275,usdcny
2010-02-08,6.8265,usdcny
2010-02-09,6.8267,usdcny
2010-02-10,6.8280,usdcny
2010-02-11,6.8328,usdcny
2010-02-12,6.8326,usdcny
2010-02-15,.,usdcny
2010-02-16,6.8326,usdcny
2010-02-17,6.8326,usdcny
2010-02-18,6.8330,usdcny
2010-02-19,6.8290,usdcny
2010-02-22,6.8264,usdcny
2010-02-23,6.8267,usdcny
2010-02-24,6.8269,usdcny
2010-02-25,6.8267,usdcny
2010-02-26,6.8258,usdcny
2010-03-01,6.8263,usdcny
2010-03-02,6.8265,usdcny
2010-03-03,6.8258,usdcny
2010-03-04,6.8258,usdcny
2010-03-05,6.8260,usdcny
2010-03-08,6.8261,usdcny
2010-03-09,6.8263,usdcny
2010-03-10,6.8259,usdcny
2010-03-11,6.8266,usdcny
2010-03-12,6.8254,usdcny
2010-03-15,6.8259,usdcny
2010-03-16,6.8257,usdcny
2010-03-17,6.8259,usdcny
2010-03-18,6.8261,usdcny
2010-03-19,6.8265,usdcny
2010-03-22,6.8266,usdcny
2010-03-23,6.8263,usdcny
2010-03-24,6.8266,usdcny
2010-03-25,6.8270,usdcny
2010-03-26,6.8269,usdcny
2010-03-29,6.8264,usdcny
2010-03-30,6.8258,usdcny
2010-03-31,6.8258,usdcny
2010-04-01,6.8263,usdcny
2010-04-02,6.8255,usdcny
2010-04-05,6.8256,usdcny
2010-04-06,6.8250,usdcny
2010-04-07,6.8254,usdcny
2010-04-08,6.8240,usdcny
2010-04-09,6.8229,usdcny
2010-04-12,6.8252,usdcny
2010-04-13,6.8255,usdcny
2010-04-14,6.8258,usdcny
2010-04-15,6.8260,usdcny
2010-04-16,6.8253,usdcny
2010-04-19,6.8262,usdcny
2010-04-20,6.8253,usdcny
2010-04-21,6.8275,usdcny
2010-04-22,6.8263,usdcny
2010-04-23,6.8270,usdcny
2010-04-26,6.8266,usdcny
2010-04-27,6.8256,usdcny
2010-04-28,6.8245,usdcny
2010-04-29,6.8259,usdcny
2010-04-30,6.8247,usdcny
2010-05-03,6.8245,usdcny
2010-05-04,6.8260,usdcny
2010-05-05,6.8263,usdcny
2010-05-06,6.8265,usdcny
2010-05-07,6.8254,usdcny
2010-05-10,6.8263,usdcny
2010-05-11,6.8285,usdcny
2010-05-12,6.8270,usdcny
2010-05-13,6.8278,usdcny
2010-05-14,6.8263,usdcny
2010-05-17,6.8274,usdcny
2010-05-18,6.8273,usdcny
2010-05-19,6.8269,usdcny
2010-05-20,6.8277,usdcny
2010-05-21,6.8262,usdcny
2010-05-24,6.8286,usdcny
2010-05-25,6.8310,usdcny
2010-05-26,6.8292,usdcny
2010-05-27,6.8296,usdcny
2010-05-28,6.8305,usdcny
2010-05-31,.,usdcny
2010-06-01,6.8275,usdcny
2010-06-02,6.8296,usdcny
2010-06-03,6.8283,usdcny
2010-06-04,6.8268,usdcny
2010-06-07,6.8322,usdcny
2010-06-08,6.8294,usdcny
2010-06-09,6.8285,usdcny
2010-06-10,6.8305,usdcny
2010-06-11,6.8320,usdcny
2010-06-14,6.8323,usdcny
2010-06-15,6.8323,usdcny
2010-06-16,6.8323,usdcny
2010-06-17,6.8290,usdcny
2010-06-18,6.8267,usdcny
2010-06-21,6.7968,usdcny
2010-06-22,6.8127,usdcny
2010-06-23,6.8124,usdcny
2010-06-24,6.8001,usdcny
2010-06-25,6.7911,usdcny
2010-06-28,6.7960,usdcny
2010-06-29,6.7977,usdcny
2010-06-30,6.7815,usdcny
2010-07-01,6.7807,usdcny
2010-07-02,6.7709,usdcny
2010-07-05,.,usdcny
2010-07-06,6.7801,usdcny
2010-07-07,6.7770,usdcny
2010-07-08,6.7763,usdcny
2010-07-09,6.7720,usdcny
2010-07-12,6.7709,usdcny
2010-07-13,6.7720,usdcny
2010-07-14,6.7714,usdcny
2010-07-15,6.7774,usdcny
2010-07-16,6.7750,usdcny
2010-07-19,6.7780,usdcny
2010-07-20,6.7781,usdcny
2010-07-21,6.7769,usdcny
2010-07-22,6.7795,usdcny
2010-07-23,6.7803,usdcny
2010-07-26,6.7788,usdcny
2010-07-27,6.7781,usdcny
2010-07-28,6.7780,usdcny
2010-07-29,6.7760,usdcny
2010-07-30,6.7735,usdcny
2010-08-02,6.7740,usdcny
2010-08-03,6.7728,usdcny
2010-08-04,6.7720,usdcny
2010-08-05,6.7705,usdcny
2010-08-06,6.7680,usdcny
2010-08-09,6.7670,usdcny
2010-08-10,6.7720,usdcny
2010-08-11,6.7745,usdcny
2010-08-12,6.7843,usdcny
2010-08-13,6.7957,usdcny
2010-08-16,6.8038,usdcny
2010-08-17,6.7920,usdcny
2010-08-18,6.7911,usdcny
2010-08-19,6.7897,usdcny
2010-08-20,6.7900,usdcny
2010-08-23,6.7995,usdcny
2010-08-24,6.7966,usdcny
2010-08-25,6.7995,usdcny
2010-08-26,6.7998,usdcny
2010-08-27,6.7977,usdcny
2010-08-30,6.8029,usdcny
2010-08-31,6.8069,usdcny
2010-09-01,6.8102,usdcny
2010-09-02,6.8070,usdcny
2010-09-03,6.8014,usdcny
2010-09-06,.,usdcny
2010-09-07,6.7906,usdcny
2010-09-08,6.7940,usdcny
2010-09-09,6.7820,usdcny
2010-09-10,6.7690,usdcny
2010-09-13,6.7595,usdcny
2010-09-14,6.7430,usdcny
2010-09-15,6.7380,usdcny
2010-09-16,6.7250,usdcny
2010-09-17,6.7230,usdcny
2010-09-20,6.7135,usdcny
2010-09-21,6.7059,usdcny
2010-09-22,6.7035,usdcny
2010-09-23,6.7046,usdcny
2010-09-24,6.7035,usdcny
2010-09-27,6.6911,usdcny
2010-09-28,6.6904,usdcny
2010-09-29,6.6869,usdcny
2010-09-30,6.6905,usdcny
2010-10-01,6.6895,usdcny
2010-10-04,6.6912,usdcny
2010-10-05,6.6906,usdcny
2010-10-06,6.6893,usdcny
2010-10-07,6.6903,usdcny
2010-10-08,6.6710,usdcny
2010-10-11,.,usdcny
2010-10-12,6.6733,usdcny
2010-10-13,6.6634,usdcny
2010-10-14,6.6505,usdcny
2010-10-15,6.6397,usdcny
2010-10-18,6.6440,usdcny
2010-10-19,6.6444,usdcny
2010-10-20,6.6518,usdcny
2010-10-21,6.6502,usdcny
2010-10-22,6.6583,usdcny
2010-10-25,6.6579,usdcny
2010-10-26,6.6625,usdcny
2010-10-27,6.6805,usdcny
2010-10-28,6.6867,usdcny
2010-10-29,6.6707,usdcny
2010-11-01,6.6892,usdcny
2010-11-02,6.6775,usdcny
2010-11-03,6.6758,usdcny
2010-11-04,6.6609,usdcny
2010-11-05,6.6550,usdcny
2010-11-08,6.6791,usdcny
2010-11-09,6.6424,usdcny
2010-11-10,6.6335,usdcny
2010-11-11,.,usdcny
2010-11-12,6.6368,usdcny
2010-11-15,6.6418,usdcny
2010-11-16,6.6378,usdcny
2010-11-17,6.6415,usdcny
2010-11-18,6.6330,usdcny
2010-11-19,6.6398,usdcny
2010-11-22,6.6414,usdcny
2010-11-23,6.6433,usdcny
2010-11-24,6.6529,usdcny
2010-11-25,.,usdcny
2010-11-26,6.6675,usdcny
2010-11-29,6.6600,usdcny
2010-11-30,6.6670,usdcny
2010-12-01,6.6630,usdcny
2010-12-02,6.6609,usdcny
2010-12-03,6.6628,usdcny
2010-12-06,6.6483,usdcny
2010-12-07,6.6455,usdcny
2010-12-08,6.6616,usdcny
2010-12-09,6.6549,usdcny
2010-12-10,6.6550,usdcny
2010-12-13,6.6652,usdcny
2010-12-14,6.6563,usdcny
2010-12-15,6.6541,usdcny
2010-12-16,6.6635,usdcny
2010-12-17,6.6545,usdcny
2010-12-20,6.6745,usdcny
2010-12-21,6.6580,usdcny
2010-12-22,6.6450,usdcny
2010-12-23,6.6450,usdcny
2010-12-24,.,usdcny
2010-12-27,6.6306,usdcny
2010-12-28,6.6247,usdcny
2010-12-29,6.6200,usdcny
2010-12-30,6.6000,usdcny
2010-12-31,.,usdcny
2011-01-03,6.5895,usdcny
2011-01-04,6.6065,usdcny
2011-01-05,6.5850,usdcny
2011-01-06,6.6260,usdcny
2011-01-07,6.6276,usdcny
2011-01-10,6.6364,usdcny
2011-01-11,6.6185,usdcny
2011-01-12,6.6037,usdcny
2011-01-13,6.6044,usdcny
2011-01-14,6.5876,usdcny
2011-01-17,.,usdcny
2011-01-18,6.5828,usdcny
2011-01-19,6.5823,usdcny
2011-01-20,6.5852,usdcny
2011-01-21,6.5831,usdcny
2011-01-24,6.5809,usdcny
2011-01-25,6.5824,usdcny
2011-01-26,6.5814,usdcny
2011-01-27,6.5814,usdcny
2011-01-28,6.5819,usdcny
2011-01-31,6.6017,usdcny
2011-02-01,6.5937,usdcny
2011-02-02,6.5560,usdcny
2011-02-03,6.5560,usdcny
2011-02-04,6.5560,usdcny
2011-02-07,6.5600,usdcny
2011-02-08,6.5520,usdcny
2011-02-09,6.5914,usdcny
2011-02-10,6.5864,usdcny
2011-02-11,6.5917,usdcny
2011-02-14,6.5965,usdcny
2011-02-15,6.5884,usdcny
2011-02-16,6.5884,usdcny
2011-02-17,6.5850,usdcny
2011-02-18,6.5731,usdcny
2011-02-21,.,usdcny
2011-02-22,6.5795,usdcny
2011-02-23,6.5741,usdcny
2011-02-24,6.5720,usdcny
2011-02-25,6.5749,usdcny
2011-02-28,6.5713,usdcny
2011-03-01,6.5700,usdcny
2011-03-02,6.5723,usdcny
2011-03-03,6.5717,usdcny
2011-03-04,6.5670,usdcny
2011-03-07,6.5540,usdcny
2011-03-08,6.5684,usdcny
2011-03-09,6.5580,usdcny
2011-03-10,6.5731,usdcny
2011-03-11,6.5742,usdcny
2011-03-14,6.5696,usdcny
2011-03-15,6.5730,usdcny
2011-03-16,6.5713,usdcny
2011-03-17,6.5743,usdcny
2011-03-18,6.5689,usdcny
2011-03-21,6.5635,usdcny
2011-03-22,6.5510,usdcny
2011-03-23,6.5591,usdcny
2011-03-24,6.5580,usdcny
2011-03-25,6.5568,usdcny
2011-03-28,6.5643,usdcny
2011-03-29,6.5600,usdcny
2011-03-30,6.5558,usdcny
2011-03-31,6.5483,usdcny
2011-04-01,6.5477,usdcny
2011-04-04,6.5385,usdcny
2011-04-05,6.5390,usdcny
2011-04-06,6.5440,usdcny
2011-04-07,6.5420,usdcny
2011-04-08,6.5350,usdcny
2011-04-11,6.5381,usdcny
2011-04-12,6.5402,usdcny
2011-04-13,6.5333,usdcny
2011-04-14,6.5310,usdcny
2011-04-15,6.5317,usdcny
2011-04-18,6.5286,usdcny
2011-04-19,6.5303,usdcny
2011-04-20,6.5254,usdcny
2011-04-21,6.4920,usdcny
2011-04-22,6.5067,usdcny
2011-04-25,6.5277,usdcny
2011-04-26,6.5270,usdcny
2011-04-27,6.5112,usdcny
2011-04-28,6.5010,usdcny
2011-04-29,6.4900,usdcny
2011-05-02,6.4920,usdcny
2011-05-03,6.4955,usdcny
2011-05-04,6.4925,usdcny
2011-05-05,6.4931,usdcny
2011-05-06,6.4925,usdcny
2011-05-09,6.4937,usdcny
2011-05-10,6.4915,usdcny
2011-05-11,6.4915,usdcny
2011-05-12,6.4986,usdcny
2011-05-13,6.4977,usdcny
2011-05-16,6.5073,usdcny
2011-05-17,6.5057,usdcny
2011-05-18,6.5029,usdcny
2011-05-19,6.5042,usdcny
2011-05-20,6.4917,usdcny
2011-05-23,6.5050,usdcny
2011-05-24,6.4990,usdcny
2011-05-25,6.4930,usdcny
2011-05-26,6.4913,usdcny
2011-05-27,6.4920,usdcny
2011-05-30,.,usdcny
2011-05-31,6.4786,usdcny
2011-06-01,6.4780,usdcny
2011-06-02,6.4824,usdcny
2011-06-03,6.4796,usdcny
2011-06-06,6.4796,usdcny
2011-06-07,6.4810,usdcny
2011-06-08,6.4754,usdcny
2011-06-09,6.4757,usdcny
2011-06-10,6.4801,usdcny
2011-06-13,6.4830,usdcny
2011-06-14,6.4794,usdcny
2011-06-15,6.4820,usdcny
2011-06-16,6.4746,usdcny
2011-06-17,6.4700,usdcny
2011-06-20,6.4720,usdcny
2011-06-21,6.4650,usdcny
2011-06-22,6.4628,usdcny
2011-06-23,6.4676,usdcny
2011-06-24,6.4737,usdcny
2011-06-27,6.4815,usdcny
2011-06-28,6.4699,usdcny
2011-06-29,6.4633,usdcny
2011-06-30,6.4635,usdcny
2011-07-01,6.4645,usdcny
2011-07-04,.,usdcny
2011-07-05,6.4660,usdcny
2011-07-06,6.4670,usdcny
2011-07-07,6.4655,usdcny
2011-07-08,6.4645,usdcny
2011-07-11,6.4671,usdcny
2011-07-12,6.4720,usdcny
2011-07-13,6.4675,usdcny
2011-07-14,6.4590,usdcny
2011-07-15,6.4610,usdcny
2011-07-18,6.4688,usdcny
2011-07-19,6.4631,usdcny
2011-07-20,6.4581,usdcny
2011-07-21,6.4535,usdcny
2011-07-22,6.4464,usdcny
2011-07-25,6.4450,usdcny
2011-07-26,6.4411,usdcny
2011-07-27,6.4428,usdcny
2011-07-28,6.4418,usdcny
2011-07-29,6.4360,usdcny
2011-08-01,6.4337,usdcny
2011-08-02,6.4379,usdcny
2011-08-03,6.4340,usdcny
2011-08-04,6.4377,usdcny
2011-08-05,6.4401,usdcny
2011-08-08,6.4342,usdcny
2011-08-09,6.4304,usdcny
2011-08-10,6.4172,usdcny
2011-08-11,6.3935,usdcny
2011-08-12,6.3892,usdcny
2011-08-15,6.3902,usdcny
2011-08-16,6.3818,usdcny
2011-08-17,6.3839,usdcny
2011-08-18,6.3873,usdcny
2011-08-19,6.3910,usdcny
2011-08-22,6.4004,usdcny
2011-08-23,6.3975,usdcny
2011-08-24,6.3880,usdcny
2011-08-25,6.3900,usdcny
2011-08-26,6.3860,usdcny
2011-08-29,6.3809,usdcny
2011-08-30,6.3802,usdcny
2011-08-31,6.3778,usdcny
2011-09-01,6.3812,usdcny
2011-09-02,6.3821,usdcny
2011-09-05,.,usdcny
2011-09-06,6.3901,usdcny
2011-09-07,6.3940,usdcny
2011-09-08,6.3833,usdcny
2011-09-09,6.3880,usdcny
2011-09-12,6.3877,usdcny
2011-09-13,6.3970,usdcny
2011-09-14,6.3910,usdcny
2011-09-15,6.3904,usdcny
2011-09-16,6.3833,usdcny
2011-09-19,6.3864,usdcny
2011-09-20,6.3837,usdcny
2011-09-21,6.3811,usdcny
2011-09-22,6.3879,usdcny
2011-09-23,6.3877,usdcny
2011-09-26,6.3975,usdcny
2011-09-27,6.3975,usdcny
2011-09-28,6.3933,usdcny
2011-09-29,6.3964,usdcny
2011-09-30,6.3780,usdcny
2011-10-03,6.3745,usdcny
2011-10-04,6.3745,usdcny
2011-10-05,6.3745,usdcny
2011-10-06,6.3780,usdcny
2011-10-07,6.3745,usdcny
2011-10-10,.,usdcny
2011-10-11,6.3745,usdcny
2011-10-12,6.3580,usdcny
2011-10-13,6.3820,usdcny
2011-10-14,6.3780,usdcny
2011-10-17,6.3695,usdcny
2011-10-18,6.3804,usdcny
2011-10-19,6.3769,usdcny
2011-10-20,6.3825,usdcny
2011-10-21,6.3823,usdcny
2011-10-24,6.3744,usdcny
2011-10-25,6.3605,usdcny
2011-10-26,6.3534,usdcny
2011-10-27,6.3590,usdcny
2011-10-28,6.3570,usdcny
2011-10-31,6.3547,usdcny
2011-11-01,6.3547,usdcny
2011-11-02,6.3550,usdcny
2011-11-03,6.3513,usdcny
2011-11-04,6.3400,usdcny
2011-11-07,6.3481,usdcny
2011-11-08,6.3462,usdcny
2011-11-09,6.3401,usdcny
2011-11-10,6.3454,usdcny
2011-11-11,.,usdcny
2011-11-14,6.3536,usdcny
2011-11-15,6.3464,usdcny
2011-11-16,6.3445,usdcny
2011-11-17,6.3505,usdcny
2011-11-18,6.3565,usdcny
2011-11-21,6.3603,usdcny
2011-11-22,6.3605,usdcny
2011-11-23,6.3576,usdcny
2011-11-24,.,usdcny
2011-11-25,6.3802,usdcny
2011-11-28,6.3839,usdcny
2011-11-29,6.3769,usdcny
2011-11-30,6.3765,usdcny
2011-12-01,6.3655,usdcny
2011-12-02,6.3596,usdcny
2011-12-05,6.3629,usdcny
2011-12-06,6.3645,usdcny
2011-12-07,6.3642,usdcny
2011-12-08,6.3618,usdcny
2011-12-09,6.3641,usdcny
2011-12-12,6.3604,usdcny
2011-12-13,6.3648,usdcny
2011-12-14,6.3710,usdcny
2011-12-15,6.3733,usdcny
2011-12-16,6.3479,usdcny
2011-12-19,6.3376,usdcny
2011-12-20,6.3459,usdcny
2011-12-21,6.3386,usdcny
2011-12-22,6.3392,usdcny
2011-12-23,6.3364,usdcny
2011-12-26,.,usdcny
2011-12-27,6.3210,usdcny
2011-12-28,6.3211,usdcny
2011-12-29,6.3187,usdcny
2011-12-30,6.2939,usdcny
2012-01-02,.,usdcny
2012-01-03,6.2940,usdcny
2012-01-04,6.2941,usdcny
2012-01-05,6.3013,usdcny
2012-01-06,6.3088,usdcny
2012-01-09,6.3143,usdcny
2012-01-10,6.3141,usdcny
2012-01-11,6.3149,usdcny
2012-01-12,6.3177,usdcny
2012-01-13,6.3065,usdcny
2012-01-16,.,usdcny
2012-01-17,6.3136,usdcny
2012-01-18,6.3109,usdcny
2012-01-19,6.3162,usdcny
2012-01-20,6.3330,usdcny
2012-01-23,6.3330,usdcny
2012-01-24,6.3330,usdcny
2012-01-25,6.3330,usdcny
2012-01-26,6.3330,usdcny
2012-01-27,6.3330,usdcny
2012-01-30,6.3310,usdcny
2012-01-31,6.3080,usdcny
2012-02-01,6.3076,usdcny
2012-02-02,6.3017,usdcny
2012-02-03,6.3027,usdcny
2012-02-06,6.3120,usdcny
2012-02-07,6.3046,usdcny
2012-02-08,6.2938,usdcny
2012-02-09,6.2947,usdcny
2012-02-10,6.2991,usdcny
2012-02-13,6.2972,usdcny
2012-02-14,6.2995,usdcny
2012-02-15,6.2998,usdcny
2012-02-16,6.3014,usdcny
2012-02-17,6.2985,usdcny
2012-02-20,.,usdcny
2012-02-21,6.2960,usdcny
2012-02-22,6.2960,usdcny
2012-02-23,6.2980,usdcny
2012-02-24,6.2976,usdcny
2012-02-27,6.3012,usdcny
2012-02-28,6.2989,usdcny
2012-02-29,6.2935,usdcny
2012-03-01,6.3001,usdcny
2012-03-02,6.2982,usdcny
2012-03-05,6.3066,usdcny
2012-03-06,6.3082,usdcny
2012-03-07,6.3097,usdcny
2012-03-08,6.3159,usdcny
2012-03-09,6.3109,usdcny
2012-03-12,6.3258,usdcny
2012-03-13,6.3266,usdcny
2012-03-14,6.3315,usdcny
2012-03-15,6.3282,usdcny
2012-03-16,6.3222,usdcny
2012-03-19,6.3191,usdcny
2012-03-20,6.3203,usdcny
2012-03-21,6.3226,usdcny
2012-03-22,6.2990,usdcny
2012-03-23,6.3021,usdcny
2012-03-26,6.3139,usdcny
2012-03-27,6.3061,usdcny
2012-03-28,6.3044,usdcny
2012-03-29,6.3057,usdcny
2012-03-30,6.2975,usdcny
2012-04-02,6.2979,usdcny
2012-04-03,6.2975,usdcny
2012-04-04,6.2975,usdcny
2012-04-05,6.3123,usdcny
2012-04-06,6.3052,usdcny
2012-04-09,6.3100,usdcny
2012-04-10,6.3105,usdcny
2012-04-11,6.3076,usdcny
2012-04-12,6.3069,usdcny
2012-04-13,6.3022,usdcny
2012-04-16,6.3150,usdcny
2012-04-17,6.3015,usdcny
2012-04-18,6.3026,usdcny
2012-04-19,6.3029,usdcny
2012-04-20,6.3080,usdcny
2012-04-23,6.3084,usdcny
2012-04-24,6.3073,usdcny
2012-04-25,6.3039,usdcny
2012-04-26,6.3054,usdcny
2012-04-27,6.3093,usdcny
2012-04-30,6.2790,usdcny
2012-05-01,6.3089,usdcny
2012-05-02,6.3070,usdcny
2012-05-03,6.3052,usdcny
2012-05-04,6.3059,usdcny
2012-05-07,6.3074,usdcny
2012-05-08,6.3076,usdcny
2012-05-09,6.3096,usdcny
2012-05-10,6.3140,usdcny
2012-05-11,6.3097,usdcny
2012-05-14,6.3210,usdcny
2012-05-15,6.3176,usdcny
2012-05-16,6.3227,usdcny
2012-05-17,6.3247,usdcny
2012-05-18,6.3245,usdcny
2012-05-21,6.3277,usdcny
2012-05-22,6.3223,usdcny
2012-05-23,6.3343,usdcny
2012-05-24,6.3449,usdcny
2012-05-25,6.3439,usdcny
2012-05-28,.,usdcny
2012-05-29,6.3478,usdcny
2012-05-30,6.3574,usdcny
2012-05-31,6.3684,usdcny
2012-06-01,6.3692,usdcny
2012-06-04,6.3641,usdcny
2012-06-05,6.3670,usdcny
2012-06-06,6.3634,usdcny
2012-06-07,6.3634,usdcny
2012-06-08,6.3700,usdcny
2012-06-11,6.3690,usdcny
2012-06-12,6.3703,usdcny
2012-06-13,6.3685,usdcny
2012-06-14,6.3702,usdcny
2012-06-15,6.3649,usdcny
2012-06-18,6.3539,usdcny
2012-06-19,6.3542,usdcny
2012-06-20,6.3597,usdcny
2012-06-21,6.3644,usdcny
2012-06-22,6.3644,usdcny
2012-06-25,6.3631,usdcny
2012-06-26,6.3626,usdcny
2012-06-27,6.3561,usdcny
2012-06-28,6.3570,usdcny
2012-06-29,6.3530,usdcny
2012-07-02,6.3487,usdcny
2012-07-03,6.3519,usdcny
2012-07-04,.,usdcny
2012-07-05,6.3557,usdcny
2012-07-06,6.3640,usdcny
2012-07-09,6.3709,usdcny
2012-07-10,6.3654,usdcny
2012-07-11,6.3682,usdcny
2012-07-12,6.3732,usdcny
2012-07-13,6.3789,usdcny
2012-07-16,6.3784,usdcny
2012-07-17,6.3725,usdcny
2012-07-18,6.3690,usdcny
2012-07-19,6.3724,usdcny
2012-07-20,6.3734,usdcny
2012-07-23,6.3856,usdcny
2012-07-24,6.3857,usdcny
2012-07-25,6.3879,usdcny
2012-07-26,6.3839,usdcny
2012-07-27,6.3807,usdcny
2012-07-30,6.3792,usdcny
2012-07-31,6.3610,usdcny
2012-08-01,6.3680,usdcny
2012-08-02,6.3671,usdcny
2012-08-03,6.3721,usdcny
2012-08-06,6.3738,usdcny
2012-08-07,6.3664,usdcny
2012-08-08,6.3610,usdcny
2012-08-09,6.3579,usdcny
2012-08-10,6.3599,usdcny
2012-08-13,6.3611,usdcny
2012-08-14,6.3586,usdcny
2012-08-15,6.3619,usdcny
2012-08-16,6.3659,usdcny
2012-08-17,6.3580,usdcny
2012-08-20,6.3592,usdcny
2012-08-21,6.3559,usdcny
2012-08-22,6.3515,usdcny
2012-08-23,6.3535,usdcny
2012-08-24,6.3542,usdcny
2012-08-27,6.3558,usdcny
2012-08-28,6.3525,usdcny
2012-08-29,6.3513,usdcny
2012-08-30,6.3494,usdcny
2012-08-31,6.3484,usdcny
2012-09-03,.,usdcny
2012-09-04,6.3465,usdcny
2012-09-05,6.3489,usdcny
2012-09-06,6.3428,usdcny
2012-09-07,6.3428,usdcny
2012-09-10,6.3375,usdcny
2012-09-11,6.3349,usdcny
2012-09-12,6.3261,usdcny
2012-09-13,6.3294,usdcny
2012-09-14,6.3145,usdcny
2012-09-17,6.3170,usdcny
2012-09-18,6.3187,usdcny
2012-09-19,6.3091,usdcny
2012-09-20,6.3036,usdcny
2012-09-21,6.3051,usdcny
2012-09-24,6.3090,usdcny
2012-09-25,6.3057,usdcny
2012-09-26,6.3015,usdcny
2012-09-27,6.3021,usdcny
2012-09-28,6.2848,usdcny
2012-10-01,6.2840,usdcny
2012-10-02,6.2840,usdcny
2012-10-03,6.2840,usdcny
2012-10-04,6.2840,usdcny
2012-10-05,6.2840,usdcny
2012-10-08,.,usdcny
2012-10-09,6.2877,usdcny
2012-10-10,6.2831,usdcny
2012-10-11,6.2765,usdcny
2012-10-12,6.2670,usdcny
2012-10-15,6.2700,usdcny
2012-10-16,6.2637,usdcny
2012-10-17,6.2540,usdcny
2012-10-18,6.2501,usdcny
2012-10-19,6.2533,usdcny
2012-10-22,6.2543,usdcny
2012-10-23,6.2478,usdcny
2012-10-24,6.2478,usdcny
2012-10-25,6.2416,usdcny
2012-10-26,6.2480,usdcny
2012-10-29,6.2384,usdcny
2012-10-30,6.2396,usdcny
2012-10-31,6.2372,usdcny
2012-11-01,6.2393,usdcny
2012-11-02,6.2411,usdcny
2012-11-05,6.2452,usdcny
2012-11-06,6.2454,usdcny
2012-11-07,6.2435,usdcny
2012-11-08,6.2427,usdcny
2012-11-09,6.2450,usdcny
2012-11-12,.,usdcny
2012-11-13,6.2260,usdcny
2012-11-14,6.2250,usdcny
2012-11-15,6.2329,usdcny
2012-11-16,6.2354,usdcny
2012-11-19,6.2343,usdcny
2012-11-20,6.2324,usdcny
2012-11-21,6.2300,usdcny
2012-11-22,.,usdcny
2012-11-23,6.2275,usdcny
2012-11-26,6.2253,usdcny
2012-11-27,6.2221,usdcny
2012-11-28,6.2273,usdcny
2012-11-29,6.2281,usdcny
2012-11-30,6.2265,usdcny
2012-12-03,6.2277,usdcny
2012-12-04,6.2254,usdcny
2012-12-05,6.2251,usdcny
2012-12-06,6.2282,usdcny
2012-12-07,6.2299,usdcny
2012-12-10,6.2296,usdcny
2012-12-11,6.2460,usdcny
2012-12-12,6.2502,usdcny
2012-12-13,6.2316,usdcny
2012-12-14,6.2410,usdcny
2012-12-17,6.2360,usdcny
2012-12-18,6.2322,usdcny
2012-12-19,6.2293,usdcny
2012-12-20,6.2297,usdcny
2012-12-21,6.2284,usdcny
2012-12-24,6.2335,usdcny
2012-12-25,.,usdcny
2012-12-26,6.2351,usdcny
2012-12-27,6.2358,usdcny
2012-12-28,6.2315,usdcny
2012-12-31,6.2301,usdcny
2013-01-01,.,usdcny
2013-01-02,6.2301,usdcny
2013-01-03,6.2301,usdcny
2013-01-04,6.2303,usdcny
2013-01-07,6.2294,usdcny
2013-01-08,6.2235,usdcny
2013-01-09,6.2260,usdcny
2013-01-10,6.2230,usdcny
2013-01-11,6.2156,usdcny
2013-01-14,6.2190,usdcny
2013-01-15,6.2134,usdcny
2013-01-16,6.2160,usdcny
2013-01-17,6.2158,usdcny
2013-01-18,6.2152,usdcny
2013-01-21,.,usdcny
2013-01-22,6.2196,usdcny
2013-01-23,6.2178,usdcny
2013-01-24,6.2179,usdcny
2013-01-25,6.2203,usdcny
2013-01-28,6.2240,usdcny
2013-01-29,6.2259,usdcny
2013-01-30,6.2204,usdcny
2013-01-31,6.2186,usdcny
2013-02-01,6.2265,usdcny
2013-02-04,6.2326,usdcny
2013-02-05,6.2292,usdcny
2013-02-06,6.2315,usdcny
2013-02-07,6.2323,usdcny
2013-02-08,6.2323,usdcny
2013-02-11,6.2323,usdcny
2013-02-12,6.2323,usdcny
2013-02-13,6.2323,usdcny
2013-02-14,6.2323,usdcny
2013-02-15,6.2323,usdcny
2013-02-18,.,usdcny
2013-02-19,6.2438,usdcny
2013-02-20,6.2371,usdcny
2013-02-21,6.2403,usdcny
2013-02-22,6.2346,usdcny
2013-02-25,6.2337,usdcny
2013-02-26,6.2293,usdcny
2013-02-27,6.2271,usdcny
2013-02-28,6.2213,usdcny
2013-03-01,6.2226,usdcny
2013-03-04,6.2246,usdcny
2013-03-05,6.2208,usdcny
2013-03-06,6.2173,usdcny
2013-03-07,6.2200,usdcny
2013-03-08,6.2145,usdcny
2013-03-11,6.2179,usdcny
2013-03-12,6.2160,usdcny
2013-03-13,6.2137,usdcny
2013-03-14,6.2145,usdcny
2013-03-15,6.2133,usdcny
2013-03-18,6.2156,usdcny
2013-03-19,6.2154,usdcny
2013-03-20,6.2117,usdcny
2013-03-21,6.2141,usdcny
2013-03-22,6.2120,usdcny
2013-03-25,6.2105,usdcny
2013-03-26,6.2108,usdcny
2013-03-27,6.2138,usdcny
2013-03-28,6.2143,usdcny
2013-03-29,6.2108,usdcny
2013-04-01,6.2078,usdcny
2013-04-02,6.1992,usdcny
2013-04-03,6.1962,usdcny
2013-04-04,6.2005,usdcny
2013-04-05,6.2005,usdcny
2013-04-08,6.2031,usdcny
2013-04-09,6.2022,usdcny
2013-04-10,6.1938,usdcny
2013-04-11,6.1961,usdcny
2013-04-12,6.1914,usdcny
2013-04-15,6.1866,usdcny
2013-04-16,6.1824,usdcny
2013-04-17,6.1720,usdcny
2013-04-18,6.1811,usdcny
2013-04-19,6.1772,usdcny
2013-04-22,6.1823,usdcny
2013-04-23,6.1790,usdcny
2013-04-24,6.1782,usdcny
2013-04-25,6.1707,usdcny
2013-04-26,6.1647,usdcny
2013-04-29,6.1647,usdcny
2013-04-30,6.1647,usdcny
2013-05-01,6.1647,usdcny
2013-05-02,6.1560,usdcny
2013-05-03,6.1555,usdcny
2013-05-06,6.1665,usdcny
2013-05-07,6.1539,usdcny
2013-05-08,6.1410,usdcny
2013-05-09,6.1306,usdcny
2013-05-10,6.1415,usdcny
2013-05-13,6.1465,usdcny
2013-05-14,6.1426,usdcny
2013-05-15,6.1454,usdcny
2013-05-16,6.1487,usdcny
2013-05-17,6.1410,usdcny
2013-05-20,6.1386,usdcny
2013-05-21,6.1353,usdcny
2013-05-22,6.1309,usdcny
2013-05-23,6.1337,usdcny
2013-05-24,6.1311,usdcny
2013-05-27,.,usdcny
2013-05-28,6.1213,usdcny
2013-05-29,6.1264,usdcny
2013-05-30,6.1307,usdcny
2013-05-31,6.1340,usdcny
2013-06-03,6.1312,usdcny
2013-06-04,6.1285,usdcny
2013-06-05,6.1276,usdcny
2013-06-06,6.1359,usdcny
2013-06-07,6.1333,usdcny
2013-06-10,6.1333,usdcny
2013-06-11,6.1333,usdcny
2013-06-12,6.1333,usdcny
2013-06-13,6.1341,usdcny
2013-06-14,6.1306,usdcny
2013-06-17,6.1248,usdcny
2013-06-18,6.1283,usdcny
2013-06-19,6.1264,usdcny
2013-06-20,6.1277,usdcny
2013-06-21,6.1328,usdcny
2013-06-24,6.1441,usdcny
2013-06-25,6.1448,usdcny
2013-06-26,6.1468,usdcny
2013-06-27,6.1488,usdcny
2013-06-28,6.1374,usdcny
2013-07-01,6.1325,usdcny
2013-07-02,6.1327,usdcny
2013-07-03,6.1301,usdcny
2013-07-04,.,usdcny
2013-07-05,6.1324,usdcny
2013-07-08,6.1337,usdcny
2013-07-09,6.1293,usdcny
2013-07-10,6.1336,usdcny
2013-07-11,6.1350,usdcny
2013-07-12,6.1373,usdcny
2013-07-15,6.1373,usdcny
2013-07-16,6.1345,usdcny
2013-07-17,6.1351,usdcny
2013-07-18,6.1408,usdcny
2013-07-19,6.1377,usdcny
2013-07-22,6.1404,usdcny
2013-07-23,6.1369,usdcny
2013-07-24,6.1358,usdcny
2013-07-25,6.1346,usdcny
2013-07-26,6.1316,usdcny
2013-07-29,6.1323,usdcny
2013-07-30,6.1315,usdcny
2013-07-31,6.1284,usdcny
2013-08-01,6.1302,usdcny
2013-08-02,6.1293,usdcny
2013-08-05,6.1245,usdcny
2013-08-06,6.1215,usdcny
2013-08-07,6.1190,usdcny
2013-08-08,6.1207,usdcny
2013-08-09,6.1217,usdcny
2013-08-12,6.1218,usdcny
2013-08-13,6.1217,usdcny
2013-08-14,6.1191,usdcny
2013-08-15,6.1123,usdcny
2013-08-16,6.1145,usdcny
2013-08-19,6.1227,usdcny
2013-08-20,6.1241,usdcny
2013-08-21,6.1229,usdcny
2013-08-22,6.1206,usdcny
2013-08-23,6.1200,usdcny
2013-08-26,6.1202,usdcny
2013-08-27,6.1212,usdcny
2013-08-28,6.1202,usdcny
2013-08-29,6.1203,usdcny
2013-08-30,6.1193,usdcny
2013-09-02,.,usdcny
2013-09-03,6.1204,usdcny
2013-09-04,6.1199,usdcny
2013-09-05,6.1194,usdcny
2013-09-06,6.1202,usdcny
2013-09-09,6.1209,usdcny
2013-09-10,6.1195,usdcny
2013-09-11,6.1183,usdcny
2013-09-12,6.1178,usdcny
2013-09-13,6.1186,usdcny
2013-09-16,6.1198,usdcny
2013-09-17,6.1213,usdcny
2013-09-18,6.1210,usdcny
2013-09-19,6.1210,usdcny
2013-09-20,6.1210,usdcny
2013-09-23,6.1201,usdcny
2013-09-24,6.1208,usdcny
2013-09-25,6.1190,usdcny
2013-09-26,6.1194,usdcny
2013-09-27,6.1179,usdcny
2013-09-30,6.1200,usdcny
2013-10-01,6.1200,usdcny
2013-10-02,6.1200,usdcny
2013-10-03,6.1200,usdcny
2013-10-04,6.1200,usdcny
2013-10-07,6.1200,usdcny
2013-10-08,6.1206,usdcny
2013-10-09,6.1209,usdcny
2013-10-10,6.1156,usdcny
2013-10-11,6.1204,usdcny
2013-10-14,.,usdcny
2013-10-15,6.1026,usdcny
2013-10-16,6.0996,usdcny
2013-10-17,6.0980,usdcny
2013-10-18,6.0966,usdcny
2013-10-21,6.0924,usdcny
2013-10-22,6.0925,usdcny
2013-10-23,6.0833,usdcny
2013-10-24,6.0815,usdcny
2013-10-25,6.0838,usdcny
2013-10-28,6.0853,usdcny
2013-10-29,6.0897,usdcny
2013-10-30,6.0936,usdcny
2013-10-31,6.0943,usdcny
2013-11-01,6.0993,usdcny
2013-11-04,6.0980,usdcny
2013-11-05,6.0966,usdcny
2013-11-06,6.0925,usdcny
2013-11-07,6.0906,usdcny
2013-11-08,6.0903,usdcny
2013-11-11,.,usdcny
2013-11-12,6.0917,usdcny
2013-11-13,6.0926,usdcny
2013-11-14,6.0920,usdcny
2013-11-15,6.0920,usdcny
2013-11-18,6.0918,usdcny
2013-11-19,6.0924,usdcny
2013-11-20,6.0925,usdcny
2013-11-21,6.0914,usdcny
2013-11-22,6.0935,usdcny
2013-11-25,6.0916,usdcny
2013-11-26,6.0925,usdcny
2013-11-27,6.0922,usdcny
2013-11-28,.,usdcny
2013-11-29,6.0922,usdcny
2013-12-02,6.0927,usdcny
2013-12-03,6.0914,usdcny
2013-12-04,6.0913,usdcny
2013-12-05,6.0903,usdcny
2013-12-06,6.0815,usdcny
2013-12-09,6.0643,usdcny
2013-12-10,6.0705,usdcny
2013-12-11,6.0712,usdcny
2013-12-12,6.0710,usdcny
2013-12-13,6.0710,usdcny
2013-12-16,6.0713,usdcny
2013-12-17,6.0707,usdcny
2013-12-18,6.0713,usdcny
2013-12-19,6.0711,usdcny
2013-12-20,6.0711,usdcny
2013-12-23,6.0697,usdcny
2013-12-24,6.0712,usdcny
2013-12-25,.,usdcny
2013-12-26,6.0744,usdcny
2013-12-27,6.0684,usdcny
2013-12-30,6.0617,usdcny
2013-12-31,6.0537,usdcny
2014-01-01,.,usdcny
2014-01-02,6.0504,usdcny
2014-01-03,6.0505,usdcny
2014-01-06,6.0524,usdcny
2014-01-07,6.0507,usdcny
2014-01-08,6.0510,usdcny
2014-01-09,6.0540,usdcny
2014-01-10,6.0519,usdcny
2014-01-13,6.0432,usdcny
2014-01-14,6.0402,usdcny
2014-01-15,6.0459,usdcny
2014-01-16,6.0555,usdcny
2014-01-17,6.0500,usdcny
2014-01-20,.,usdcny
2014-01-21,6.0503,usdcny
2014-01-22,6.0508,usdcny
2014-01-23,6.0515,usdcny
2014-01-24,6.0486,usdcny
2014-01-27,6.0478,usdcny
2014-01-28,6.0506,usdcny
2014-01-29,6.0554,usdcny
2014-01-30,6.0600,usdcny
2014-01-31,6.0590,usdcny
2014-02-03,6.0600,usdcny
2014-02-04,6.0600,usdcny
2014-02-05,6.0600,usdcny
2014-02-06,6.0600,usdcny
2014-02-07,6.0629,usdcny
2014-02-10,6.0591,usdcny
2014-02-11,6.0601,usdcny
2014-02-12,6.0614,usdcny
2014-02-13,6.0631,usdcny
2014-02-14,6.0666,usdcny
2014-02-17,.,usdcny
2014-02-18,6.0671,usdcny
2014-02-19,6.0762,usdcny
2014-02-20,6.0832,usdcny
2014-02-21,6.0912,usdcny
2014-02-24,6.0982,usdcny
2014-02-25,6.1243,usdcny
2014-02-26,6.1243,usdcny
2014-02-27,6.1279,usdcny
2014-02-28,6.1448,usdcny
2014-03-03,6.1460,usdcny
2014-03-04,6.1430,usdcny
2014-03-05,6.1280,usdcny
2014-03-06,6.1183,usdcny
2014-03-07,6.1258,usdcny
2014-03-10,6.1383,usdcny
2014-03-11,6.1397,usdcny
2014-03-12,6.1448,usdcny
2014-03-13,6.1359,usdcny
2014-03-14,6.1500,usdcny
2014-03-17,6.1779,usdcny
2014-03-18,6.1918,usdcny
2014-03-19,6.1934,usdcny
2014-03-20,6.2273,usdcny
2014-03-21,6.2248,usdcny
2014-03-24,6.1956,usdcny
2014-03-25,6.2010,usdcny
2014-03-26,6.2084,usdcny
2014-03-27,6.2123,usdcny
2014-03-28,6.2117,usdcny
2014-03-31,6.2164,usdcny
2014-04-01,6.2064,usdcny
2014-04-02,6.2054,usdcny
2014-04-03,6.2102,usdcny
2014-04-04,6.2118,usdcny
2014-04-07,6.2118,usdcny
2014-04-08,6.1966,usdcny
2014-04-09,6.2003,usdcny
2014-04-10,6.2123,usdcny
2014-04-11,6.2111,usdcny
2014-04-14,6.2186,usdcny
2014-04-15,6.2215,usdcny
2014-04-16,6.2204,usdcny
2014-04-17,6.2188,usdcny
2014-04-18,6.2240,usdcny
2014-04-21,6.2269,usdcny
2014-04-22,6.2373,usdcny
2014-04-23,6.2374,usdcny
2014-04-24,6.2484,usdcny
2014-04-25,6.2534,usdcny
2014-04-28,6.2520,usdcny
2014-04-29,6.2578,usdcny
2014-04-30,6.2591,usdcny
2014-05-01,6.2591,usdcny
2014-05-02,6.2591,usdcny
2014-05-05,6.2453,usdcny
2014-05-06,6.2255,usdcny
2014-05-07,6.2349,usdcny
2014-05-08,6.2272,usdcny
2014-05-09,6.2270,usdcny
2014-05-12,6.2364,usdcny
2014-05-13,6.2283,usdcny
2014-05-14,6.2282,usdcny
2014-05-15,6.2291,usdcny
2014-05-16,6.2327,usdcny
2014-05-19,6.2368,usdcny
2014-05-20,6.2377,usdcny
2014-05-21,6.2335,usdcny
2014-05-22,6.2348,usdcny
2014-05-23,6.2363,usdcny
2014-05-26,.,usdcny
2014-05-27,6.2471,usdcny
2014-05-28,6.2535,usdcny
2014-05-29,6.2375,usdcny
2014-05-30,6.2471,usdcny
2014-06-02,6.2471,usdcny
2014-06-03,6.2536,usdcny
2014-06-04,6.2494,usdcny
2014-06-05,6.2548,usdcny
2014-06-06,6.2498,usdcny
2014-06-09,6.2397,usdcny
2014-06-10,6.2240,usdcny
2014-06-11,6.2277,usdcny
2014-06-12,6.2175,usdcny
2014-06-13,6.2090,usdcny
2014-06-16,6.2250,usdcny
2014-06-17,6.2263,usdcny
2014-06-18,6.2309,usdcny
2014-06-19,6.2287,usdcny
2014-06-20,6.2240,usdcny
2014-06-23,6.2250,usdcny
2014-06-24,6.2308,usdcny
2014-06-25,6.2343,usdcny
2014-06-26,6.2235,usdcny
2014-06-27,6.2180,usdcny
2014-06-30,6.2036,usdcny
2014-07-01,6.1995,usdcny
2014-07-02,6.2101,usdcny
2014-07-03,6.2115,usdcny
2014-07-04,.,usdcny
2014-07-07,6.2036,usdcny
2014-07-08,6.2010,usdcny
2014-07-09,6.1994,usdcny
2014-07-10,6.2023,usdcny
2014-07-11,6.2034,usdcny
2014-07-14,6.2059,usdcny
2014-07-15,6.2075,usdcny
2014-07-16,6.2035,usdcny
2014-07-17,6.2033,usdcny
2014-07-18,6.2075,usdcny
2014-07-21,6.2088,usdcny
2014-07-22,6.2025,usdcny
2014-07-23,6.1982,usdcny
2014-07-24,6.1944,usdcny
2014-07-25,6.1913,usdcny
2014-07-28,6.1870,usdcny
2014-07-29,6.1800,usdcny
2014-07-30,6.1712,usdcny
2014-07-31,6.1737,usdcny
2014-08-01,6.1793,usdcny
2014-08-04,6.1780,usdcny
2014-08-05,6.1705,usdcny
2014-08-06,6.1625,usdcny
2014-08-07,6.1618,usdcny
2014-08-08,6.1557,usdcny
2014-08-11,6.1528,usdcny
2014-08-12,6.1575,usdcny
2014-08-13,6.1531,usdcny
2014-08-14,6.1575,usdcny
2014-08-15,6.1470,usdcny
2014-08-18,6.1425,usdcny
2014-08-19,6.1425,usdcny
2014-08-20,6.1395,usdcny
2014-08-21,6.1510,usdcny
2014-08-22,6.1510,usdcny
2014-08-25,6.1540,usdcny
2014-08-26,6.1522,usdcny
2014-08-27,6.1430,usdcny
2014-08-28,6.1423,usdcny
2014-08-29,6.1430,usdcny
2014-09-01,.,usdcny
2014-09-02,6.1480,usdcny
2014-09-03,6.1408,usdcny
2014-09-04,6.1383,usdcny
2014-09-05,6.1400,usdcny
2014-09-08,6.1400,usdcny
2014-09-09,6.1362,usdcny
2014-09-10,6.1284,usdcny
2014-09-11,6.1295,usdcny
2014-09-12,6.1344,usdcny
2014-09-15,6.1415,usdcny
2014-09-16,6.1459,usdcny
2014-09-17,6.1385,usdcny
2014-09-18,6.1400,usdcny
2014-09-19,6.1403,usdcny
2014-09-22,6.1400,usdcny
2014-09-23,6.1368,usdcny
2014-09-24,6.1346,usdcny
2014-09-25,6.1355,usdcny
2014-09-26,6.1266,usdcny
2014-09-29,6.1495,usdcny
2014-09-30,6.1380,usdcny
2014-10-01,6.1380,usdcny
2014-10-02,6.1380,usdcny
2014-10-03,6.1385,usdcny
2014-10-06,6.1385,usdcny
2014-10-07,6.1385,usdcny
2014-10-08,6.1385,usdcny
2014-10-09,6.1299,usdcny
2014-10-10,6.1308,usdcny
2014-10-13,.,usdcny
2014-10-14,6.1250,usdcny
2014-10-15,6.1249,usdcny
2014-10-16,6.1230,usdcny
2014-10-17,6.1238,usdcny
2014-10-20,6.1233,usdcny
2014-10-21,6.1205,usdcny
2014-10-22,6.1180,usdcny
2014-10-23,6.1190,usdcny
2014-10-24,6.1168,usdcny
2014-10-27,6.1160,usdcny
2014-10-28,6.1130,usdcny
2014-10-29,6.1107,usdcny
2014-10-30,6.1140,usdcny
2014-10-31,6.1124,usdcny
2014-11-03,6.1178,usdcny
2014-11-04,6.1150,usdcny
2014-11-05,6.1135,usdcny
2014-11-06,6.1117,usdcny
2014-11-07,6.1225,usdcny
2014-11-10,6.1190,usdcny
2014-11-11,.,usdcny
2014-11-12,6.1257,usdcny
2014-11-13,6.1243,usdcny
2014-11-14,6.1290,usdcny
2014-11-17,6.1242,usdcny
2014-11-18,6.1208,usdcny
2014-11-19,6.1190,usdcny
2014-11-20,6.1230,usdcny
2014-11-21,6.1244,usdcny
2014-11-24,6.1412,usdcny
2014-11-25,6.1355,usdcny
2014-11-26,6.1386,usdcny
2014-11-27,.,usdcny
2014-11-28,6.1429,usdcny
2014-12-01,6.1515,usdcny
2014-12-02,6.1490,usdcny
2014-12-03,6.1499,usdcny
2014-12-04,6.1541,usdcny
2014-12-05,6.1497,usdcny
2014-12-08,6.1725,usdcny
2014-12-09,6.1855,usdcny
2014-12-10,6.1763,usdcny
2014-12-11,6.1881,usdcny
2014-12-12,6.1864,usdcny
2014-12-15,6.1900,usdcny
2014-12-16,6.1890,usdcny
2014-12-17,6.1957,usdcny
2014-12-18,6.2139,usdcny
2014-12-19,6.2196,usdcny
2014-12-22,6.2213,usdcny
2014-12-23,6.2256,usdcny
2014-12-24,6.2148,usdcny
2014-12-25,.,usdcny
2014-12-26,.,usdcny
2014-12-29,6.2222,usdcny
2014-12-30,6.2015,usdcny
2014-12-31,6.2046,usdcny
2015-01-01,.,usdcny
2015-01-02,6.2046,usdcny
2015-01-05,6.2201,usdcny
2015-01-06,6.2125,usdcny
2015-01-07,6.2127,usdcny
2015-01-08,6.2143,usdcny
2015-01-09,6.2085,usdcny
2015-01-12,6.2027,usdcny
2015-01-13,6.1970,usdcny
2015-01-14,6.1957,usdcny
2015-01-15,6.1870,usdcny
2015-01-16,6.2065,usdcny
2015-01-19,.,usdcny
2015-01-20,6.2137,usdcny
2015-01-21,6.2112,usdcny
2015-01-22,6.2085,usdcny
2015-01-23,6.2279,usdcny
2015-01-26,6.2535,usdcny
2015-01-27,6.2430,usdcny
2015-01-28,6.2475,usdcny
2015-01-29,6.2463,usdcny
2015-01-30,6.2495,usdcny
2015-02-02,6.2594,usdcny
2015-02-03,6.2573,usdcny
2015-02-04,6.2472,usdcny
2015-02-05,6.2516,usdcny
2015-02-06,6.2417,usdcny
2015-02-09,6.2467,usdcny
2015-02-10,6.2405,usdcny
2015-02-11,6.2422,usdcny
2015-02-12,6.2440,usdcny
2015-02-13,6.2399,usdcny
2015-02-16,.,usdcny
2015-02-17,6.2546,usdcny
2015-02-18,6.2546,usdcny
2015-02-19,6.2546,usdcny
2015-02-20,6.2546,usdcny
2015-02-23,6.2546,usdcny
2015-02-24,6.2546,usdcny
2015-02-25,6.2591,usdcny
2015-02-26,6.2584,usdcny
2015-02-27,6.2695,usdcny
2015-03-02,6.2720,usdcny
2015-03-03,6.2741,usdcny
2015-03-04,6.2701,usdcny
2015-03-05,6.2658,usdcny
2015-03-06,6.2620,usdcny
2015-03-09,6.2635,usdcny
2015-03-10,6.2615,usdcny
2015-03-11,6.2613,usdcny
2015-03-12,6.2614,usdcny
2015-03-13,6.2585,usdcny
2015-03-16,6.2620,usdcny
2015-03-17,6.2490,usdcny
2015-03-18,6.2289,usdcny
2015-03-19,6.1955,usdcny
2015-03-20,6.2037,usdcny
2015-03-23,6.2135,usdcny
2015-03-24,6.2046,usdcny
2015-03-25,6.2116,usdcny
2015-03-26,6.2103,usdcny
2015-03-27,6.2145,usdcny
2015-03-30,6.2065,usdcny
2015-03-31,6.1990,usdcny
2015-04-01,6.1976,usdcny
2015-04-02,6.1968,usdcny
2015-04-03,6.1930,usdcny
2015-04-06,6.1930,usdcny
2015-04-07,6.1955,usdcny
2015-04-08,6.2020,usdcny
2015-04-09,6.2050,usdcny
2015-04-10,6.2082,usdcny
2015-04-13,6.2152,usdcny
2015-04-14,6.2113,usdcny
2015-04-15,6.2037,usdcny
2015-04-16,6.1947,usdcny
2015-04-17,6.1976,usdcny
2015-04-20,6.2014,usdcny
2015-04-21,6.2010,usdcny
2015-04-22,6.1927,usdcny
2015-04-23,6.1975,usdcny
2015-04-24,6.1930,usdcny
2015-04-27,6.2185,usdcny
2015-04-28,6.2035,usdcny
2015-04-29,6.1989,usdcny
2015-04-30,6.2018,usdcny
2015-05-01,6.2018,usdcny
2015-05-04,6.2085,usdcny
2015-05-05,6.2058,usdcny
2015-05-06,6.2001,usdcny
2015-05-07,6.2063,usdcny
2015-05-08,6.2084,usdcny
2015-05-11,6.2086,usdcny
2015-05-12,6.2086,usdcny
2015-05-13,6.2043,usdcny
2015-05-14,6.2013,usdcny
2015-05-15,6.2051,usdcny
2015-05-18,6.2041,usdcny
2015-05-19,6.2064,usdcny
2015-05-20,6.2036,usdcny
2015-05-21,6.1958,usdcny
2015-05-22,6.1972,usdcny
2015-05-25,.,usdcny
2015-05-26,6.2038,usdcny
2015-05-27,6.2011,usdcny
2015-05-28,6.2002,usdcny
2015-05-29,6.1980,usdcny
2015-06-01,6.1985,usdcny
2015-06-02,6.1980,usdcny
2015-06-03,6.1976,usdcny
2015-06-04,6.2006,usdcny
2015-06-05,6.2024,usdcny
2015-06-08,6.2053,usdcny
2015-06-09,6.2047,usdcny
2015-06-10,6.2055,usdcny
2015-06-11,6.2065,usdcny
2015-06-12,6.2081,usdcny
2015-06-15,6.2080,usdcny
2015-06-16,6.2085,usdcny
2015-06-17,6.2086,usdcny
2015-06-18,6.2075,usdcny
2015-06-19,6.2085,usdcny
2015-06-22,6.2085,usdcny
2015-06-23,6.2066,usdcny
2015-06-24,6.2061,usdcny
2015-06-25,6.2084,usdcny
2015-06-26,6.2080,usdcny
2015-06-29,6.2085,usdcny
2015-06-30,6.2000,usdcny
2015-07-01,6.2008,usdcny
2015-07-02,6.2044,usdcny
2015-07-03,.,usdcny
2015-07-06,6.2089,usdcny
2015-07-07,6.2097,usdcny
2015-07-08,6.2087,usdcny
2015-07-09,6.2086,usdcny
2015-07-10,6.2092,usdcny
2015-07-13,6.2081,usdcny
2015-07-14,6.2088,usdcny
2015-07-15,6.2082,usdcny
2015-07-16,6.2094,usdcny
2015-07-17,6.2085,usdcny
2015-07-20,6.2095,usdcny
2015-07-21,6.2095,usdcny
2015-07-22,6.2093,usdcny
2015-07-23,6.2091,usdcny
2015-07-24,6.2095,usdcny
2015-07-27,6.2091,usdcny
2015-07-28,6.2084,usdcny
2015-07-29,6.2089,usdcny
2015-07-30,6.2096,usdcny
2015-07-31,6.2097,usdcny
2015-08-03,6.2087,usdcny
2015-08-04,6.2086,usdcny
2015-08-05,6.2096,usdcny
2015-08-06,6.2096,usdcny
2015-08-07,6.2087,usdcny
2015-08-10,6.2094,usdcny
2015-08-11,6.3232,usdcny
2015-08-12,6.3845,usdcny
2015-08-13,6.3982,usdcny
2015-08-14,6.3908,usdcny
2015-08-17,6.3937,usdcny
2015-08-18,6.3928,usdcny
2015-08-19,6.3956,usdcny
2015-08-20,6.3875,usdcny
2015-08-21,6.3887,usdcny
2015-08-24,6.4029,usdcny
2015-08-25,6.4122,usdcny
2015-08-26,6.4083,usdcny
2015-08-27,6.4053,usdcny
2015-08-28,6.3890,usdcny
2015-08-31,6.3760,usdcny
2015-09-01,6.3630,usdcny
2015-09-02,6.3544,usdcny
2015-09-03,6.3549,usdcny
2015-09-04,6.3549,usdcny
2015-09-07,.,usdcny
2015-09-08,6.3657,usdcny
2015-09-09,6.3768,usdcny
2015-09-10,6.3770,usdcny
2015-09-11,6.3735,usdcny
2015-09-14,6.3664,usdcny
2015-09-15,6.3685,usdcny
2015-09-16,6.3694,usdcny
2015-09-17,6.3645,usdcny
2015-09-18,6.3628,usdcny
2015-09-21,6.3676,usdcny
2015-09-22,6.3750,usdcny
2015-09-23,6.3836,usdcny
2015-09-24,6.3818,usdcny
2015-09-25,6.3737,usdcny
2015-09-28,6.3685,usdcny
2015-09-29,6.3621,usdcny
2015-09-30,6.3556,usdcny
2015-10-01,6.3559,usdcny
2015-10-02,6.3559,usdcny
2015-10-05,6.3559,usdcny
2015-10-06,6.3559,usdcny
2015-10-07,6.3559,usdcny
2015-10-08,6.3529,usdcny
2015-10-09,6.3450,usdcny
2015-10-12,.,usdcny
2015-10-13,6.3417,usdcny
2015-10-14,6.3462,usdcny
2015-10-15,6.3459,usdcny
2015-10-16,6.3523,usdcny
2015-10-19,6.3591,usdcny
2015-10-20,6.3480,usdcny
2015-10-21,6.3487,usdcny
2015-10-22,6.3577,usdcny
2015-10-23,6.3488,usdcny
2015-10-26,6.3517,usdcny
2015-10-27,6.3517,usdcny
2015-10-28,6.3581,usdcny
2015-10-29,6.3552,usdcny
2015-10-30,6.3180,usdcny
2015-11-02,6.3180,usdcny
2015-11-03,6.3180,usdcny
2015-11-04,6.3357,usdcny
2015-11-05,6.3180,usdcny
2015-11-06,6.3180,usdcny
2015-11-09,6.3619,usdcny
2015-11-10,6.3603,usdcny
2015-11-11,.,usdcny
2015-11-12,6.3690,usdcny
2015-11-13,6.3735,usdcny
2015-11-16,6.3700,usdcny
2015-11-17,6.3771,usdcny
2015-11-18,6.3834,usdcny
2015-11-19,6.3825,usdcny
2015-11-20,6.3835,usdcny
2015-11-23,6.3890,usdcny
2015-11-24,6.3883,usdcny
2015-11-25,6.3877,usdcny
2015-11-26,.,usdcny
2015-11-27,6.3945,usdcny
2015-11-30,6.3883,usdcny
2015-12-01,6.3883,usdcny
2015-12-02,6.3883,usdcny
2015-12-03,6.3883,usdcny
2015-12-04,6.3883,usdcny
2015-12-07,6.4081,usdcny
2015-12-08,6.4162,usdcny
2015-12-09,6.4270,usdcny
2015-12-10,6.4363,usdcny
2015-12-11,6.4538,usdcny
2015-12-14,6.4588,usdcny
2015-12-15,6.4600,usdcny
2015-12-16,6.4723,usdcny
2015-12-17,6.4822,usdcny
2015-12-18,6.4800,usdcny
2015-12-21,6.4793,usdcny
2015-12-22,6.4778,usdcny
2015-12-23,6.4763,usdcny
2015-12-24,6.4758,usdcny
2015-12-25,.,usdcny
2015-12-28,6.4778,usdcny
2015-12-29,6.4778,usdcny
2015-12-30,6.4896,usdcny
2015-12-31,6.4778,usdcny
2016-01-01,.,usdcny
2016-01-04,6.5338,usdcny
2016-01-05,6.5219,usdcny
2016-01-06,6.5554,usdcny
2016-01-07,6.5926,usdcny
2016-01-08,6.5932,usdcny
2016-01-11,6.5675,usdcny
2016-01-12,6.5700,usdcny
2016-01-13,6.5700,usdcny
2016-01-14,6.5891,usdcny
2016-01-15,6.5840,usdcny
2016-01-18,.,usdcny
2016-01-19,6.5783,usdcny
2016-01-20,6.5781,usdcny
2016-01-21,6.5794,usdcny
2016-01-22,6.5788,usdcny
2016-01-25,6.5790,usdcny
2016-01-26,6.5814,usdcny
2016-01-27,6.5773,usdcny
2016-01-28,6.5744,usdcny
2016-01-29,6.5752,usdcny
2016-02-01,6.5778,usdcny
2016-02-02,6.5795,usdcny
2016-02-03,6.5765,usdcny
2016-02-04,6.5638,usdcny
2016-02-05,6.5710,usdcny
2016-02-08,6.5710,usdcny
2016-02-09,6.5710,usdcny
2016-02-10,6.5710,usdcny
2016-02-11,6.5710,usdcny
2016-02-12,6.5710,usdcny
2016-02-15,.,usdcny
2016-02-16,6.5154,usdcny
2016-02-17,6.5270,usdcny
2016-02-18,6.5163,usdcny
2016-02-19,6.5202,usdcny
2016-02-22,6.5197,usdcny
2016-02-23,6.5263,usdcny
2016-02-24,6.5290,usdcny
2016-02-25,6.5320,usdcny
2016-02-26,6.5390,usdcny
2016-02-29,6.5525,usdcny
2016-03-01,6.5500,usdcny
2016-03-02,6.5499,usdcny
2016-03-03,6.5312,usdcny
2016-03-04,6.5064,usdcny
2016-03-07,6.5155,usdcny
2016-03-08,6.5044,usdcny
2016-03-09,6.5105,usdcny
2016-03-10,6.5070,usdcny
2016-03-11,6.4940,usdcny
2016-03-14,6.4984,usdcny
2016-03-15,6.5110,usdcny
2016-03-16,6.5189,usdcny
2016-03-17,6.4745,usdcny
2016-03-18,6.4682,usdcny
2016-03-21,6.4812,usdcny
2016-03-22,6.4876,usdcny
2016-03-23,6.5035,usdcny
2016-03-24,6.5124,usdcny
2016-03-25,6.5131,usdcny
2016-03-28,6.5051,usdcny
2016-03-29,6.5063,usdcny
2016-03-30,6.4648,usdcny
2016-03-31,6.4480,usdcny
2016-04-01,6.4776,usdcny
2016-04-04,6.4776,usdcny
2016-04-05,6.4760,usdcny
2016-04-06,6.4780,usdcny
2016-04-07,6.4599,usdcny
2016-04-08,6.4628,usdcny
2016-04-11,6.4580,usdcny
2016-04-12,6.4639,usdcny
2016-04-13,6.4768,usdcny
2016-04-14,6.4810,usdcny
2016-04-15,6.4730,usdcny
2016-04-18,6.4717,usdcny
2016-04-19,6.4571,usdcny
2016-04-20,6.4675,usdcny
2016-04-21,6.4810,usdcny
2016-04-22,6.5004,usdcny
2016-04-25,6.4900,usdcny
2016-04-26,6.4905,usdcny
2016-04-27,6.4940,usdcny
2016-04-28,6.4735,usdcny
2016-04-29,6.4738,usdcny
2016-05-02,6.4738,usdcny
2016-05-03,6.4900,usdcny
2016-05-04,6.4945,usdcny
2016-05-05,6.5032,usdcny
2016-05-06,6.4970,usdcny
2016-05-09,6.5140,usdcny
2016-05-10,6.5150,usdcny
2016-05-11,6.4910,usdcny
2016-05-12,6.5140,usdcny
2016-05-13,6.5285,usdcny
2016-05-16,6.5184,usdcny
2016-05-17,6.5170,usdcny
2016-05-18,6.5370,usdcny
2016-05-19,6.5440,usdcny
2016-05-20,6.5485,usdcny
2016-05-23,6.5533,usdcny
2016-05-24,6.5552,usdcny
2016-05-25,6.5538,usdcny
2016-05-26,6.5540,usdcny
2016-05-27,6.5615,usdcny
2016-05-30,.,usdcny
2016-05-31,6.5798,usdcny
2016-06-01,6.5748,usdcny
2016-06-02,6.5815,usdcny
2016-06-03,6.5638,usdcny
2016-06-06,6.5611,usdcny
2016-06-07,6.5710,usdcny
2016-06-08,6.5600,usdcny
2016-06-09,6.5590,usdcny
2016-06-10,6.5590,usdcny
2016-06-13,6.5823,usdcny
2016-06-14,6.5930,usdcny
2016-06-15,6.5785,usdcny
2016-06-16,6.5899,usdcny
2016-06-17,6.5849,usdcny
2016-06-20,6.5768,usdcny
2016-06-21,6.5893,usdcny
2016-06-22,6.5750,usdcny
2016-06-23,6.5740,usdcny
2016-06-24,6.6150,usdcny
2016-06-27,6.6481,usdcny
2016-06-28,6.6450,usdcny
2016-06-29,6.6350,usdcny
2016-06-30,6.6459,usdcny
2016-07-01,6.6547,usdcny
2016-07-04,.,usdcny
2016-07-05,6.6770,usdcny
2016-07-06,6.6900,usdcny
2016-07-07,6.6790,usdcny
2016-07-08,6.6878,usdcny
2016-07-11,6.6917,usdcny
2016-07-12,6.6860,usdcny
2016-07-13,6.6832,usdcny
2016-07-14,6.6801,usdcny
2016-07-15,6.6865,usdcny
2016-07-18,6.7013,usdcny
2016-07-19,6.6931,usdcny
2016-07-20,6.6760,usdcny
2016-07-21,6.6735,usdcny
2016-07-22,6.6760,usdcny
2016-07-25,6.6783,usdcny
2016-07-26,6.6690,usdcny
2016-07-27,6.6680,usdcny
2016-07-28,6.6538,usdcny
2016-07-29,6.6371,usdcny
2016-08-01,6.6421,usdcny
2016-08-02,6.6239,usdcny
2016-08-03,6.6320,usdcny
2016-08-04,6.6388,usdcny
2016-08-05,6.6530,usdcny
2016-08-08,6.6597,usdcny
2016-08-09,6.6530,usdcny
2016-08-10,6.6345,usdcny
2016-08-11,6.6274,usdcny
2016-08-12,6.6324,usdcny
2016-08-15,6.6370,usdcny
2016-08-16,6.6240,usdcny
2016-08-17,6.6328,usdcny
2016-08-18,6.6297,usdcny
2016-08-19,6.6515,usdcny
2016-08-22,6.6475,usdcny
2016-08-23,6.6378,usdcny
2016-08-24,6.6562,usdcny
2016-08-25,6.6560,usdcny
2016-08-26,6.6690,usdcny
2016-08-29,6.6775,usdcny
2016-08-30,6.6778,usdcny
2016-08-31,6.6776,usdcny
2016-09-01,6.6713,usdcny
2016-09-02,6.6790,usdcny
2016-09-05,.,usdcny
2016-09-06,6.6722,usdcny
2016-09-07,6.6600,usdcny
2016-09-08,6.6640,usdcny
2016-09-09,6.6778,usdcny
2016-09-12,6.6788,usdcny
2016-09-13,6.6782,usdcny
2016-09-14,6.6707,usdcny
2016-09-15,6.6707,usdcny
2016-09-16,6.6707,usdcny
2016-09-19,6.6650,usdcny
2016-09-20,6.6700,usdcny
2016-09-21,6.6695,usdcny
2016-09-22,6.6630,usdcny
2016-09-23,6.6690,usdcny
2016-09-26,6.6683,usdcny
2016-09-27,6.6691,usdcny
2016-09-28,6.6730,usdcny
2016-09-29,6.6650,usdcny
2016-09-30,6.6685,usdcny
2016-10-03,6.6685,usdcny
2016-10-04,6.6685,usdcny
2016-10-05,6.6685,usdcny
2016-10-06,6.6685,usdcny
2016-10-07,6.6685,usdcny
2016-10-10,.,usdcny
2016-10-11,6.7190,usdcny
2016-10-12,6.7180,usdcny
2016-10-13,6.7248,usdcny
2016-10-14,6.7277,usdcny
2016-10-17,6.7350,usdcny
2016-10-18,6.7401,usdcny
2016-10-19,6.7370,usdcny
2016-10-20,6.7439,usdcny
2016-10-21,6.7654,usdcny
2016-10-24,6.7728,usdcny
2016-10-25,6.7780,usdcny
2016-10-26,6.7706,usdcny
2016-10-27,6.7819,usdcny
2016-10-28,6.7760,usdcny
2016-10-31,6.7735,usdcny
2016-11-01,6.7630,usdcny
2016-11-02,6.7606,usdcny
2016-11-03,6.7612,usdcny
2016-11-04,6.7534,usdcny
2016-11-07,6.7740,usdcny
2016-11-08,6.7840,usdcny
2016-11-09,6.7769,usdcny
2016-11-10,6.7987,usdcny
2016-11-11,.,usdcny
2016-11-14,6.8447,usdcny
2016-11-15,6.8556,usdcny
2016-11-16,6.8770,usdcny
2016-11-17,6.8674,usdcny
2016-11-18,6.8873,usdcny
2016-11-21,6.8918,usdcny
2016-11-22,6.8880,usdcny
2016-11-23,6.9195,usdcny
2016-11-24,.,usdcny
2016-11-25,6.9176,usdcny
2016-11-28,6.9055,usdcny
2016-11-29,6.8933,usdcny
2016-11-30,6.8837,usdcny
2016-12-01,6.8830,usdcny
2016-12-02,6.8830,usdcny
2016-12-05,6.8775,usdcny
2016-12-06,6.8790,usdcny
2016-12-07,6.8780,usdcny
2016-12-08,6.8771,usdcny
2016-12-09,6.9042,usdcny
2016-12-12,6.9045,usdcny
2016-12-13,6.8984,usdcny
2016-12-14,6.9025,usdcny
2016-12-15,6.9410,usdcny
2016-12-16,6.9580,usdcny
2016-12-19,6.9506,usdcny
2016-12-20,6.9470,usdcny
2016-12-21,6.9390,usdcny
2016-12-22,6.9473,usdcny
2016-12-23,6.9432,usdcny
2016-12-26,.,usdcny
2016-12-27,6.9491,usdcny
2016-12-28,6.9559,usdcny
2016-12-29,6.9535,usdcny
2016-12-30,6.9430,usdcny
2017-01-02,.,usdcny
2017-01-03,6.9575,usdcny
2017-01-04,6.9322,usdcny
2017-01-05,6.8870,usdcny
2017-01-06,6.9176,usdcny
2017-01-09,6.9350,usdcny
2017-01-10,6.9180,usdcny
2017-01-11,6.9365,usdcny
2017-01-12,6.8890,usdcny
2017-01-13,6.8985,usdcny
2017-01-16,.,usdcny
2017-01-17,6.8520,usdcny
2017-01-18,6.8360,usdcny
2017-01-19,6.8680,usdcny
2017-01-20,.,usdcny
2017-01-23,6.8514,usdcny
2017-01-24,6.8555,usdcny
2017-01-25,6.8812,usdcny
2017-01-26,6.8768,usdcny
2017-01-27,6.8768,usdcny
2017-01-30,6.8768,usdcny
2017-01-31,6.8768,usdcny
2017-02-01,6.8768,usdcny
2017-02-02,6.8768,usdcny
2017-02-03,6.8650,usdcny
2017-02-06,6.8600,usdcny
2017-02-07,6.8821,usdcny
2017-02-08,6.8700,usdcny
2017-02-09,6.8660,usdcny
2017-02-10,6.8775,usdcny
2017-02-13,6.8776,usdcny
2017-02-14,6.8649,usdcny
2017-02-15,6.8685,usdcny
2017-02-16,6.8517,usdcny
2017-02-17,6.8640,usdcny
2017-02-20,.,usdcny
2017-02-21,6.8810,usdcny
2017-02-22,6.8765,usdcny
2017-02-23,6.8622,usdcny
2017-02-24,6.8645,usdcny
2017-02-27,6.8675,usdcny
2017-02-28,6.8665,usdcny
2017-03-01,6.8794,usdcny
2017-03-02,6.8868,usdcny
2017-03-03,6.8954,usdcny
2017-03-06,6.8955,usdcny
2017-03-07,6.9000,usdcny
2017-03-08,6.9113,usdcny
2017-03-09,6.9086,usdcny
2017-03-10,6.9050,usdcny
2017-03-13,6.9050,usdcny
2017-03-14,6.9130,usdcny
2017-03-15,6.9132,usdcny
2017-03-16,6.9130,usdcny
2017-03-17,6.9000,usdcny
2017-03-20,6.9050,usdcny
2017-03-21,6.8830,usdcny
2017-03-22,6.8785,usdcny
2017-03-23,6.8843,usdcny
2017-03-24,6.8803,usdcny
2017-03-27,6.8687,usdcny
2017-03-28,6.8779,usdcny
2017-03-29,6.8879,usdcny
2017-03-30,6.8870,usdcny
2017-03-31,6.8832,usdcny
2017-04-03,6.8832,usdcny
2017-04-04,6.8832,usdcny
2017-04-05,6.8920,usdcny
2017-04-06,6.8955,usdcny
2017-04-07,6.8978,usdcny
2017-04-10,6.8988,usdcny
2017-04-11,6.8893,usdcny
2017-04-12,6.8890,usdcny
2017-04-13,6.8865,usdcny
2017-04-14,6.8835,usdcny
2017-04-17,6.8800,usdcny
2017-04-18,6.8778,usdcny
2017-04-19,6.8860,usdcny
2017-04-20,6.8800,usdcny
2017-04-21,6.8845,usdcny
2017-04-24,6.8840,usdcny
2017-04-25,6.8824,usdcny
2017-04-26,6.8918,usdcny
2017-04-27,6.8958,usdcny
2017-04-28,6.8900,usdcny
2017-05-01,6.8900,usdcny
2017-05-02,6.8949,usdcny
2017-05-03,6.8968,usdcny
2017-05-04,6.8959,usdcny
2017-05-05,6.9021,usdcny
2017-05-08,6.9040,usdcny
2017-05-09,6.9060,usdcny
2017-05-10,6.9011,usdcny
2017-05-11,6.9033,usdcny
2017-05-12,6.8972,usdcny
2017-05-15,6.8900,usdcny
2017-05-16,6.8840,usdcny
2017-05-17,6.8773,usdcny
2017-05-18,6.8880,usdcny
2017-05-19,6.8830,usdcny
2017-05-22,6.8828,usdcny
2017-05-23,6.8880,usdcny
2017-05-24,6.8883,usdcny
2017-05-25,6.8672,usdcny
2017-05-26,6.8525,usdcny
2017-05-29,.,usdcny
2017-05-30,6.8525,usdcny
2017-05-31,6.8098,usdcny
2017-06-01,6.8029,usdcny
2017-06-02,6.8085,usdcny
2017-06-05,6.8030,usdcny
2017-06-06,6.7945,usdcny
2017-06-07,6.7935,usdcny
2017-06-08,6.7990,usdcny
2017-06-09,6.7970,usdcny
2017-06-12,6.7974,usdcny
2017-06-13,6.7981,usdcny
2017-06-14,6.7888,usdcny
2017-06-15,6.8061,usdcny
2017-06-16,6.8097,usdcny
2017-06-19,6.8180,usdcny
2017-06-20,6.8285,usdcny
2017-06-21,6.8275,usdcny
2017-06-22,6.8275,usdcny
2017-06-23,6.8345,usdcny
2017-06-26,6.8382,usdcny
2017-06-27,6.8100,usdcny
2017-06-28,6.7984,usdcny
2017-06-29,6.7840,usdcny
2017-06-30,6.7793,usdcny
2017-07-03,6.7984,usdcny
2017-07-04,.,usdcny
2017-07-05,6.7995,usdcny
2017-07-06,6.7990,usdcny
2017-07-07,6.8039,usdcny
2017-07-10,6.8026,usdcny
2017-07-11,6.8010,usdcny
2017-07-12,6.7865,usdcny
2017-07-13,6.7825,usdcny
2017-07-14,6.7741,usdcny
2017-07-17,6.7690,usdcny
2017-07-18,6.7451,usdcny
2017-07-19,6.7511,usdcny
2017-07-20,6.7570,usdcny
2017-07-21,6.7663,usdcny
2017-07-24,6.7488,usdcny
2017-07-25,6.7495,usdcny
2017-07-26,6.7530,usdcny
2017-07-27,6.7410,usdcny
2017-07-28,6.7362,usdcny
2017-07-31,6.7240,usdcny
2017-08-01,6.7170,usdcny
2017-08-02,6.7200,usdcny
2017-08-03,6.7150,usdcny
2017-08-04,6.7272,usdcny
2017-08-07,6.7207,usdcny
2017-08-08,6.7049,usdcny
2017-08-09,6.6720,usdcny
2017-08-10,6.6460,usdcny
2017-08-11,6.6612,usdcny
2017-08-14,6.6695,usdcny
2017-08-15,6.6845,usdcny
2017-08-16,6.6900,usdcny
2017-08-17,6.6730,usdcny
2017-08-18,6.6700,usdcny
2017-08-21,6.6630,usdcny
2017-08-22,6.6600,usdcny
2017-08-23,6.6569,usdcny
2017-08-24,6.6600,usdcny
2017-08-25,6.6465,usdcny
2017-08-28,6.6084,usdcny
2017-08-29,6.5945,usdcny
2017-08-30,6.5918,usdcny
2017-08-31,6.5888,usdcny
2017-09-01,6.5552,usdcny
2017-09-04,.,usdcny
2017-09-05,6.5345,usdcny
2017-09-06,6.5221,usdcny
2017-09-07,6.4830,usdcny
2017-09-08,6.4773,usdcny
2017-09-11,6.5254,usdcny
2017-09-12,6.5334,usdcny
2017-09-13,6.5400,usdcny
2017-09-14,6.5520,usdcny
2017-09-15,6.5500,usdcny
2017-09-18,6.5725,usdcny
2017-09-19,6.5800,usdcny
2017-09-20,6.5700,usdcny
2017-09-21,6.5861,usdcny
2017-09-22,6.5899,usdcny
2017-09-25,6.6189,usdcny
2017-09-26,6.6371,usdcny
2017-09-27,6.6400,usdcny
2017-09-28,6.6591,usdcny
2017-09-29,6.6533,usdcny
2017-10-02,6.6533,usdcny
2017-10-03,6.6533,usdcny
2017-10-04,6.6533,usdcny
2017-10-05,6.6533,usdcny
2017-10-06,6.6533,usdcny
2017-10-09,.,usdcny
2017-10-10,6.5712,usdcny
2017-10-11,6.5870,usdcny
2017-10-12,6.5855,usdcny
2017-10-13,6.5785,usdcny
2017-10-16,6.5885,usdcny
2017-10-17,6.6220,usdcny
2017-10-18,6.6250,usdcny
2017-10-19,6.6126,usdcny
2017-10-20,6.6185,usdcny
2017-10-23,6.6380,usdcny
2017-10-24,6.6335,usdcny
2017-10-25,6.6350,usdcny
2017-10-26,6.6392,usdcny
2017-10-27,6.6498,usdcny
2017-10-30,6.6498,usdcny
2017-10-31,6.6328,usdcny
2017-11-01,6.6018,usdcny
2017-11-02,6.6068,usdcny
2017-11-03,6.6360,usdcny
2017-11-06,6.6311,usdcny
2017-11-07,6.6380,usdcny
2017-11-08,6.6249,usdcny
2017-11-09,6.6378,usdcny
2017-11-10,.,usdcny
2017-11-13,6.6385,usdcny
2017-11-14,6.6350,usdcny
2017-11-15,6.6200,usdcny
2017-11-16,6.6273,usdcny
2017-11-17,6.6245,usdcny
2017-11-20,6.6245,usdcny
2017-11-21,6.6265,usdcny
2017-11-22,6.6086,usdcny
2017-11-23,.,usdcny
2017-11-24,6.5998,usdcny
2017-11-27,6.5967,usdcny
2017-11-28,6.6044,usdcny
2017-11-29,6.6091,usdcny
2017-11-30,6.6090,usdcny
2017-12-01,6.6137,usdcny
2017-12-04,6.6185,usdcny
2017-12-05,6.6170,usdcny
2017-12-06,6.6136,usdcny
2017-12-07,6.6173,usdcny
2017-12-08,6.6199,usdcny
2017-12-11,6.6175,usdcny
2017-12-12,6.6210,usdcny
2017-12-13,6.6171,usdcny
2017-12-14,6.6091,usdcny
2017-12-15,6.6088,usdcny
2017-12-18,6.6088,usdcny
2017-12-19,6.6088,usdcny
2017-12-20,6.5771,usdcny
2017-12-21,6.5833,usdcny
2017-12-22,6.5750,usdcny
2017-12-25,.,usdcny
2017-12-26,6.5429,usdcny
2017-12-27,6.5560,usdcny
2017-12-28,6.5322,usdcny
2017-12-29,6.5063,usdcny
2018-01-01,.,usdcny
2018-01-02,6.4910,usdcny
2018-01-03,6.5010,usdcny
2018-01-04,6.4915,usdcny
2018-01-05,6.4875,usdcny
2018-01-08,6.4970,usdcny
2018-01-09,6.5263,usdcny
2018-01-10,6.5055,usdcny
2018-01-11,6.4956,usdcny
2018-01-12,6.4607,usdcny
2018-01-15,.,usdcny
2018-01-16,6.4395,usdcny
2018-01-17,6.4330,usdcny
2018-01-18,6.4175,usdcny
2018-01-19,6.3990,usdcny
2018-01-22,6.4035,usdcny
2018-01-23,6.4000,usdcny
2018-01-24,6.3650,usdcny
2018-01-25,6.3189,usdcny
2018-01-26,6.3199,usdcny
2018-01-29,6.3328,usdcny
2018-01-30,6.3199,usdcny
2018-01-31,6.2841,usdcny
2018-02-01,6.2969,usdcny
2018-02-02,6.2984,usdcny
2018-02-05,6.2850,usdcny
2018-02-06,6.2830,usdcny
2018-02-07,6.2649,usdcny
2018-02-08,6.3222,usdcny
2018-02-09,6.2966,usdcny
2018-02-12,6.3250,usdcny
2018-02-13,6.3380,usdcny
2018-02-14,6.3438,usdcny
2018-02-15,6.3438,usdcny
2018-02-16,6.3438,usdcny
2018-02-19,.,usdcny
2018-02-20,6.3351,usdcny
2018-02-21,6.3351,usdcny
2018-02-22,6.3471,usdcny
2018-02-23,6.3329,usdcny
2018-02-26,6.3115,usdcny
2018-02-27,6.3169,usdcny
2018-02-28,6.328,usdcny
2018-03-01,6.3565,usdcny
2018-03-02,6.3428,usdcny
2018-03-05,6.3491,usdcny
2018-03-06,6.3093,usdcny
2018-03-07,6.3225,usdcny
2018-03-08,6.3389,usdcny
2018-03-09,6.3285,usdcny
2018-03-12,6.327,usdcny
2018-03-13,6.318,usdcny
2018-03-14,6.314,usdcny
2018-03-15,6.3202,usdcny
2018-03-16,6.33,usdcny
2018-03-19,6.3291,usdcny
2018-03-20,6.3328,usdcny
2018-03-21,6.32,usdcny
2018-03-22,6.331,usdcny
2018-03-23,6.311,usdcny
2018-03-26,6.2685,usdcny
2018-03-27,6.2781,usdcny
2018-03-28,6.2946,usdcny
2018-03-29,6.2876,usdcny
2018-03-30,6.2726,usdcny
2018-04-02,6.2785,usdcny
2018-04-03,6.2881,usdcny
2018-04-04,6.3045,usdcny
2018-04-05,6.3045,usdcny
2018-04-06,6.3045,usdcny
2018-04-09,6.3035,usdcny
2018-04-10,6.2798,usdcny
2018-04-11,6.2655,usdcny
2018-04-12,6.2876,usdcny
2018-04-13,6.2725,usdcny
2018-04-16,6.2752,usdcny
2018-04-17,6.2804,usdcny
2018-04-18,6.2722,usdcny
2018-04-19,6.2765,usdcny
2018-04-20,6.2945,usdcny
2018-04-23,6.3158,usdcny
2018-04-24,6.3035,usdcny
2018-04-25,6.3236,usdcny
2018-04-26,6.334,usdcny
2018-04-27,6.3325,usdcny
2018-04-30,6.3325,usdcny
2018-05-01,6.3325,usdcny
2018-05-02,6.361,usdcny
2018-05-03,6.352,usdcny
2018-05-04,6.3589,usdcny
2018-05-07,6.364,usdcny
2018-05-08,6.369,usdcny
2018-05-09,6.3585,usdcny
2018-05-10,6.344,usdcny
2018-05-11,6.3333,usdcny
2018-05-14,6.336,usdcny
2018-05-15,6.376,usdcny
2018-05-16,6.3706,usdcny
2018-05-17,6.3645,usdcny
2018-05-18,6.3768,usdcny
2018-05-21,6.3815,usdcny
2018-05-22,6.366,usdcny
2018-05-23,6.3875,usdcny
2018-05-24,6.3757,usdcny
2018-05-25,6.3903,usdcny
2018-05-28,.,usdcny
2018-05-29,6.4162,usdcny
2018-05-30,6.4175,usdcny
2018-05-31,6.4096,usdcny
2018-06-01,6.418,usdcny
2018-06-04,6.405,usdcny
2018-06-05,6.4042,usdcny
2018-06-06,6.385,usdcny
2018-06-07,6.389,usdcny
2018-06-08,6.4031,usdcny
2018-06-11,6.4,usdcny
2018-06-12,6.3992,usdcny
2018-06-13,6.3944,usdcny
2018-06-14,6.398,usdcny
2018-06-15,6.4379,usdcny
2018-06-18,6.4379,usdcny
2018-06-19,6.4802,usdcny
2018-06-20,6.4713,usdcny
2018-06-21,6.49,usdcny
2018-06-22,6.5027,usdcny
2018-06-25,6.536,usdcny
2018-06-26,6.5759,usdcny
2018-06-27,6.5992,usdcny
2018-06-28,6.6235,usdcny
2018-06-29,6.6171,usdcny
2018-07-02,6.6632,usdcny
2018-07-03,6.6368,usdcny
2018-07-04,.,usdcny
2018-07-05,6.6341,usdcny
2018-07-06,6.6396,usdcny
2018-07-09,6.6123,usdcny
2018-07-10,6.6296,usdcny
2018-07-11,6.6764,usdcny
2018-07-12,6.663,usdcny
2018-07-13,6.69,usdcny
2018-07-16,6.6866,usdcny
2018-07-17,6.7018,usdcny
2018-07-18,6.7161,usdcny
2018-07-19,6.7701,usdcny
2018-07-20,6.7659,usdcny
2018-07-23,6.7927,usdcny
2018-07-24,6.7912,usdcny
2018-07-25,6.7658,usdcny
2018-07-26,6.7865,usdcny
2018-07-27,6.8097,usdcny
2018-07-30,6.8102,usdcny
2018-07-31,6.8038,usdcny
2018-08-01,6.8154,usdcny
2018-08-02,6.838,usdcny
2018-08-03,6.8309,usdcny
2018-08-06,6.85,usdcny
2018-08-07,6.828,usdcny
2018-08-08,6.8344,usdcny
2018-08-09,6.8199,usdcny
2018-08-10,6.8458,usdcny
2018-08-13,6.888,usdcny
2018-08-14,6.8809,usdcny
2018-08-15,6.933,usdcny
2018-08-16,6.8792,usdcny
2018-08-17,6.874,usdcny
2018-08-20,6.8546,usdcny
2018-08-21,6.8444,usdcny
2018-08-22,6.84,usdcny
2018-08-23,6.8748,usdcny
2018-08-24,6.803,usdcny
2018-08-27,6.8145,usdcny
2018-08-28,6.8018,usdcny
2018-08-29,6.819,usdcny
2018-08-30,6.8415,usdcny
2018-08-31,6.83,usdcny
2018-09-03,.,usdcny
2018-09-04,6.8427,usdcny
2018-09-05,6.827,usdcny
2018-09-06,6.8322,usdcny
2018-09-07,6.8419,usdcny
2018-09-10,6.8545,usdcny
2018-09-11,6.8704,usdcny
2018-09-12,6.8574,usdcny
2018-09-13,6.8407,usdcny
2018-09-14,6.8673,usdcny
2018-09-17,6.854,usdcny
2018-09-18,6.8591,usdcny
2018-09-19,6.8466,usdcny
2018-09-20,6.8455,usdcny
2018-09-21,6.8559,usdcny
2018-09-24,6.8559,usdcny
2018-09-25,6.8632,usdcny
2018-09-26,6.8763,usdcny
2018-09-27,6.888,usdcny
2018-09-28,6.868,usdcny
2018-10-01,6.868,usdcny
2018-10-02,6.868,usdcny
2018-10-03,6.868,usdcny
2018-10-04,6.868,usdcny
2018-10-05,6.868,usdcny
2018-10-08,.,usdcny
2018-10-09,6.9217,usdcny
2018-10-10,6.9224,usdcny
2018-10-11,6.888,usdcny
2018-10-12,6.9182,usdcny
2018-10-15,6.9131,usdcny
2018-10-16,6.9102,usdcny
2018-10-17,6.9263,usdcny
2018-10-18,6.9367,usdcny
2018-10-19,6.9291,usdcny
2018-10-22,6.9446,usdcny
2018-10-23,6.9373,usdcny
2018-10-24,6.942,usdcny
2018-10-25,6.9477,usdcny
2018-10-26,6.9425,usdcny
2018-10-29,6.9605,usdcny
2018-10-30,6.9663,usdcny
2018-10-31,6.9737,usdcny
2018-11-01,6.9205,usdcny
2018-11-02,6.8894,usdcny
2018-11-05,6.9249,usdcny
2018-11-06,6.9172,usdcny
2018-11-07,6.9174,usdcny
2018-11-08,6.9318,usdcny
2018-11-09,6.9553,usdcny
2018-11-12,.,usdcny
2018-11-13,6.9546,usdcny
2018-11-14,6.95,usdcny
2018-11-15,6.938,usdcny
2018-11-16,6.9367,usdcny
2018-11-19,6.9398,usdcny
2018-11-20,6.9448,usdcny
2018-11-21,6.9248,usdcny
2018-11-22,.,usdcny
2018-11-23,6.9477,usdcny
2018-11-26,6.9397,usdcny
2018-11-27,6.9498,usdcny
2018-11-28,6.9534,usdcny
2018-11-29,6.9419,usdcny
2018-11-30,6.9558,usdcny
2018-12-03,6.8798,usdcny
2018-12-04,6.8343,usdcny
2018-12-05,.,usdcny
2018-12-06,6.8816,usdcny
2018-12-07,6.8733,usdcny
2018-12-10,6.9077,usdcny
2018-12-11,6.8968,usdcny
2018-12-12,6.8778,usdcny
2018-12-13,6.8798,usdcny
2018-12-14,6.905,usdcny
2018-12-17,6.8962,usdcny
2018-12-18,6.8939,usdcny
2018-12-19,6.8918,usdcny
2018-12-20,6.8834,usdcny
2018-12-21,6.9048,usdcny
2018-12-24,.,usdcny
2018-12-25,.,usdcny
2018-12-26,6.8847,usdcny
2018-12-27,6.8649,usdcny
2018-12-28,6.8755,usdcny
2018-12-31,6.8755,usdcny
2019-01-01,.,usdcny
2019-01-02,6.8597,usdcny
2019-01-03,6.8708,usdcny
2019-01-04,6.8663,usdcny
2019-01-07,6.8501,usdcny
2019-01-08,6.8519,usdcny
2019-01-09,6.8117,usdcny
2019-01-10,6.7875,usdcny
2019-01-11,6.7596,usdcny
2019-01-14,.,usdcny
2019-01-15,6.7595,usdcny
2019-01-16,6.7532,usdcny
2019-01-17,6.7735,usdcny
2019-01-18,6.7765,usdcny
2019-01-21,.,usdcny
2019-01-22,6.8072,usdcny
2019-01-23,6.7897,usdcny
2019-01-24,6.7835,usdcny
2019-01-25,6.7448,usdcny
2019-01-28,6.7437,usdcny
2019-01-29,6.7304,usdcny
2019-01-30,6.7115,usdcny
2019-01-31,6.6958,usdcny
2019-02-01,6.7426,usdcny
2019-02-04,6.7426,usdcny
2019-02-05,6.7426,usdcny
2019-02-06,6.7426,usdcny
2019-02-07,6.7426,usdcny
2019-02-08,6.7426,usdcny
2019-02-11,6.7907,usdcny
2019-02-12,6.7726,usdcny
2019-02-13,6.7598,usdcny
2019-02-14,6.7711,usdcny
2019-02-15,6.768,usdcny
2019-02-18,.,usdcny
2019-02-19,6.756,usdcny
2019-02-20,.,usdcny
2019-02-21,6.7195,usdcny
2019-02-22,6.7112,usdcny
2019-02-25,6.6844,usdcny
2019-02-26,6.698,usdcny
2019-02-27,6.6822,usdcny
2019-02-28,6.6912,usdcny
2019-03-01,6.7048,usdcny
2019-03-04,6.7045,usdcny
2019-03-05,6.706,usdcny
2019-03-06,6.7099,usdcny
2019-03-07,6.7132,usdcny
2019-03-08,6.7201,usdcny
2019-03-11,6.7215,usdcny
2019-03-12,6.707,usdcny
2019-03-13,6.7064,usdcny
2019-03-14,6.7209,usdcny
2019-03-15,6.7129,usdcny
2019-03-18,6.7121,usdcny
2019-03-19,6.7106,usdcny
2019-03-20,6.6916,usdcny
2019-03-21,6.6952,usdcny
2019-03-22,6.7162,usdcny
2019-03-25,6.7079,usdcny
2019-03-26,6.7145,usdcny
2019-03-27,6.7262,usdcny
2019-03-28,6.7381,usdcny
2019-03-29,6.7112,usdcny
2019-04-01,6.7102,usdcny
2019-04-02,6.7223,usdcny
2019-04-03,6.7098,usdcny
2019-04-04,6.7167,usdcny
2019-04-05,6.7182,usdcny
2019-04-08,6.7158,usdcny
2019-04-09,6.7111,usdcny
2019-04-10,6.7153,usdcny
2019-04-11,6.7188,usdcny
2019-04-12,6.7039,usdcny
2019-04-15,6.7072,usdcny
2019-04-16,6.7112,usdcny
2019-04-17,6.687,usdcny
2019-04-18,6.7081,usdcny
2019-04-19,6.7032,usdcny
2019-04-22,6.7112,usdcny
2019-04-23,6.7249,usdcny
2019-04-24,6.7207,usdcny
2019-04-25,6.7418,usdcny
2019-04-26,6.7282,usdcny
2019-04-29,6.7332,usdcny
2019-04-30,6.7347,usdcny
2019-05-01,6.7319,usdcny
2019-05-02,6.7337,usdcny
2019-05-03,6.7337,usdcny
2019-05-06,6.7602,usdcny
2019-05-07,6.7755,usdcny
2019-05-08,6.7818,usdcny
2019-05-09,6.8256,usdcny
2019-05-10,6.8217,usdcny
2019-05-13,6.8765,usdcny
2019-05-14,6.8737,usdcny
2019-05-15,6.8742,usdcny
2019-05-16,6.8832,usdcny
2019-05-17,6.9182,usdcny
2019-05-20,6.9111,usdcny
2019-05-21,6.9007,usdcny
2019-05-22,6.9054,usdcny
2019-05-23,6.9087,usdcny
2019-05-24,6.8997,usdcny
2019-05-27,.,usdcny
2019-05-28,6.9078,usdcny
2019-05-29,6.9138,usdcny
2019-05-30,6.9011,usdcny
2019-05-31,6.9027,usdcny
2019-06-03,6.9028,usdcny
2019-06-04,6.9072,usdcny
2019-06-05,6.9084,usdcny
2019-06-06,6.9082,usdcny
2019-06-07,6.9057,usdcny
2019-06-10,6.9298,usdcny
2019-06-11,6.9107,usdcny
2019-06-12,6.9161,usdcny
2019-06-13,6.9212,usdcny
2019-06-14,6.9247,usdcny
2019-06-17,6.9251,usdcny
2019-06-18,6.9002,usdcny
2019-06-19,6.8996,usdcny
2019-06-20,6.851,usdcny
2019-06-21,6.8686,usdcny
2019-06-24,6.8758,usdcny
2019-06-25,6.8791,usdcny
2019-06-26,6.8781,usdcny
2019-06-27,6.8762,usdcny
2019-06-28,6.865,usdcny
2019-07-01,6.8487,usdcny
2019-07-02,6.8717,usdcny
2019-07-03,6.8806,usdcny
2019-07-04,.,usdcny
2019-07-05,6.8925,usdcny
2019-07-08,6.8808,usdcny
2019-07-09,6.8866,usdcny
2019-07-10,6.8705,usdcny
2019-07-11,6.8682,usdcny
2019-07-12,6.8796,usdcny
2019-07-15,6.8769,usdcny
2019-07-16,6.8753,usdcny
2019-07-17,6.8731,usdcny
2019-07-18,6.8788,usdcny
2019-07-19,6.8812,usdcny
2019-07-22,6.8803,usdcny
2019-07-23,6.8787,usdcny
2019-07-24,6.8717,usdcny
2019-07-25,6.8714,usdcny
2019-07-26,6.8785,usdcny
2019-07-29,6.8927,usdcny
2019-07-30,6.8833,usdcny
2019-07-31,6.8833,usdcny
2019-08-01,6.8972,usdcny
2019-08-02,6.9387,usdcny
2019-08-05,7.0481,usdcny
2019-08-06,7.0192,usdcny
2019-08-07,7.0592,usdcny
2019-08-08,7.044,usdcny
2019-08-09,7.0613,usdcny
2019-08-12,7.0578,usdcny
2019-08-13,7.0423,usdcny
2019-08-14,7.0224,usdcny
2019-08-15,7.0327,usdcny
2019-08-16,7.0413,usdcny
2019-08-19,7.0499,usdcny
2019-08-20,7.0597,usdcny
2019-08-21,7.0623,usdcny
2019-08-22,7.0829,usdcny
2019-08-23,7.0928,usdcny
2019-08-26,7.1503,usdcny
2019-08-27,7.1603,usdcny
2019-08-28,7.1628,usdcny
2019-08-29,7.1434,usdcny
2019-08-30,7.1543,usdcny
2019-09-02,.,usdcny
2019-09-03,7.1786,usdcny
2019-09-04,7.144,usdcny
2019-09-05,7.1468,usdcny
2019-09-06,7.1131,usdcny
2019-09-09,7.121,usdcny
2019-09-10,7.1121,usdcny
2019-09-11,7.1153,usdcny
2019-09-12,7.0787,usdcny
2019-09-13,7.0754,usdcny
2019-09-16,7.0659,usdcny
2019-09-17,7.0905,usdcny
2019-09-18,7.0849,usdcny
2019-09-19,7.0959,usdcny
2019-09-20,7.0909,usdcny
2019-09-23,7.1168,usdcny
2019-09-24,7.1138,usdcny
2019-09-25,7.1313,usdcny
2019-09-26,7.13,usdcny
2019-09-27,7.1218,usdcny
2019-09-30,7.1477,usdcny
2019-10-01,7.1473,usdcny
2019-10-02,7.1473,usdcny
2019-10-03,7.1473,usdcny
2019-10-04,7.1473,usdcny
2019-10-07,7.1473,usdcny
2019-10-08,7.1422,usdcny
2019-10-09,7.1316,usdcny
2019-10-10,7.1153,usdcny
2019-10-11,7.0868,usdcny
2019-10-14,.,usdcny
2019-10-15,7.0814,usdcny
2019-10-16,7.092,usdcny
2019-10-17,7.0766,usdcny
2019-10-18,7.0805,usdcny
2019-10-21,7.0748,usdcny
2019-10-22,7.0761,usdcny
2019-10-23,7.0624,usdcny
2019-10-24,7.0684,usdcny
2019-10-25,7.0647,usdcny
2019-10-28,7.067,usdcny
2019-10-29,7.0655,usdcny
2019-10-30,7.0541,usdcny
2019-10-31,7.0379,usdcny
2019-11-01,7.0368,usdcny
2019-11-04,7.03,usdcny
2019-11-05,7.0082,usdcny
2019-11-06,6.9968,usdcny
2019-11-07,6.9766,usdcny
2019-11-08,6.9954,usdcny
2019-11-11,.,usdcny
2019-11-12,7.0066,usdcny
2019-11-13,7.0223,usdcny
2019-11-14,7.0195,usdcny
2019-11-15,7.0075,usdcny
2019-11-18,7.0246,usdcny
2019-11-19,7.0263,usdcny
2019-11-20,7.0344,usdcny
2019-11-21,7.0285,usdcny
2019-11-22,7.0389,usdcny
2019-11-25,7.0349,usdcny
2019-11-26,7.0319,usdcny
2019-11-27,7.028,usdcny
2019-11-28,.,usdcny
2019-11-29,7.0308,usdcny
2019-12-02,7.038,usdcny
2019-12-03,7.0609,usdcny
2019-12-04,7.0489,usdcny
2019-12-05,7.0445,usdcny
2019-12-06,7.0348,usdcny
2019-12-09,7.0389,usdcny
2019-12-10,7.0328,usdcny
2019-12-11,7.0384,usdcny
2019-12-12,6.9925,usdcny
2019-12-13,6.9925,usdcny
2019-12-16,6.9921,usdcny
2019-12-17,6.9967,usdcny
2019-12-18,7.0029,usdcny
2019-12-19,7.0097,usdcny
2019-12-20,7.0063,usdcny
2019-12-23,7.0124,usdcny
2019-12-24,7.0064,usdcny
2019-12-25,.,usdcny
2019-12-26,6.9949,usdcny
2019-12-27,6.9954,usdcny
2019-12-30,6.9864,usdcny
2019-12-31,6.9618,usdcny
2020-01-01,.,usdcny
2020-01-02,6.9642,usdcny
2020-01-03,6.9649,usdcny
2020-01-06,6.9749,usdcny
2020-01-07,6.9443,usdcny
2020-01-08,6.9447,usdcny
2020-01-09,6.9309,usdcny
2020-01-10,6.9178,usdcny
2020-01-13,6.8924,usdcny
2020-01-14,6.8837,usdcny
2020-01-15,6.8899,usdcny
2020-01-16,6.8769,usdcny
2020-01-17,6.8589,usdcny
2020-01-20,.,usdcny
2020-01-21,6.9049,usdcny
2020-01-22,6.904,usdcny
2020-01-23,6.9364,usdcny
2020-01-24,6.9161,usdcny
2020-01-27,6.9161,usdcny
2020-01-28,6.9161,usdcny
2020-01-29,6.9161,usdcny
2020-01-30,6.9161,usdcny
2020-01-31,6.9161,usdcny
2020-02-03,7.0208,usdcny
2020-02-04,6.9979,usdcny
2020-02-05,6.972,usdcny
2020-02-06,6.9694,usdcny
2020-02-07,7.0003,usdcny
2020-02-10,6.982,usdcny
2020-02-11,6.965,usdcny
2020-02-12,6.9708,usdcny
2020-02-13,6.9759,usdcny
2020-02-14,6.9859,usdcny
2020-02-17,.,usdcny
2020-02-18,6.9949,usdcny
2020-02-19,6.9975,usdcny
2020-02-20,7.0225,usdcny
2020-02-21,7.0255,usdcny
2020-02-24,7.0286,usdcny
2020-02-25,7.0128,usdcny
2020-02-26,7.0214,usdcny
2020-02-27,7.0036,usdcny
2020-02-28,6.9906,usdcny
2020-03-02,6.9595,usdcny
2020-03-03,6.9579,usdcny
2020-03-04,6.9244,usdcny
2020-03-05,6.9366,usdcny
2020-03-06,6.9298,usdcny
2020-03-09,6.9448,usdcny
2020-03-10,6.9549,usdcny
2020-03-11,6.9595,usdcny
2020-03-12,7.0282,usdcny
2020-03-13,7.0079,usdcny
2020-03-16,6.9913,usdcny
2020-03-17,7.003,usdcny
2020-03-18,7.0459,usdcny
2020-03-19,7.1058,usdcny
2020-03-20,7.095,usdcny
2020-03-23,7.09,usdcny
2020-03-24,7.061,usdcny
2020-03-25,7.1099,usdcny
2020-03-26,7.0709,usdcny
2020-03-27,7.0942,usdcny
2020-03-30,7.0986,usdcny
2020-03-31,7.0808,usdcny
2020-04-01,7.0989,usdcny
2020-04-02,7.0857,usdcny
2020-04-03,7.0908,usdcny
2020-04-06,7.0895,usdcny
2020-04-07,7.0448,usdcny
2020-04-08,7.0649,usdcny
2020-04-09,7.0428,usdcny
2020-04-10,7.0341,usdcny
2020-04-13,7.0501,usdcny
2020-04-14,7.0479,usdcny
2020-04-15,7.0664,usdcny
2020-04-16,7.0778,usdcny
2020-04-17,7.0711,usdcny
2020-04-20,7.0721,usdcny
2020-04-21,7.0914,usdcny
2020-04-22,7.0831,usdcny
2020-04-23,7.0654,usdcny
2020-04-24,7.0813,usdcny
2020-04-27,7.0848,usdcny
2020-04-28,7.0776,usdcny
2020-04-29,7.0755,usdcny
2020-04-30,7.0622,usdcny
2020-05-01,7.0622,usdcny
2020-05-04,7.0622,usdcny
2020-05-05,7.0622,usdcny
2020-05-06,7.1031,usdcny
2020-05-07,7.0825,usdcny
2020-05-08,7.0732,usdcny
2020-05-11,7.0972,usdcny
2020-05-12,7.0816,usdcny
2020-05-13,7.0911,usdcny
2020-05-14,7.0935,usdcny
2020-05-15,7.1013,usdcny
2020-05-18,7.1086,usdcny
2020-05-19,7.098,usdcny
2020-05-20,7.0928,usdcny
2020-05-21,7.1138,usdcny
2020-05-22,7.1269,usdcny
2020-05-25,.,usdcny
2020-05-26,7.134,usdcny
2020-05-27,7.1681,usdcny
2020-05-28,7.1447,usdcny
2020-05-29,7.1348,usdcny
2020-06-01,7.1263,usdcny
2020-06-02,7.0992,usdcny
2020-06-03,7.1115,usdcny
2020-06-04,7.1075,usdcny
2020-06-05,7.0808,usdcny
2020-06-08,7.07,usdcny
2020-06-09,7.0765,usdcny
2020-06-10,7.0599,usdcny
2020-06-11,7.064,usdcny
2020-06-12,7.0825,usdcny
2020-06-15,7.0887,usdcny
2020-06-16,7.0854,usdcny
2020-06-17,7.084,usdcny
2020-06-18,7.0869,usdcny
2020-06-19,7.0707,usdcny
2020-06-22,7.0678,usdcny
2020-06-23,7.0575,usdcny
2020-06-24,7.077,usdcny
2020-06-25,7.0768,usdcny
2020-06-26,7.0768,usdcny
2020-06-29,7.0794,usdcny
2020-06-30,7.0651,usdcny
2020-07-01,7.0703,usdcny
2020-07-02,7.066,usdcny
2020-07-03,.,usdcny
2020-07-06,7.0159,usdcny
2020-07-07,7.0127,usdcny
2020-07-08,7.0041,usdcny
2020-07-09,6.9923,usdcny
2020-07-10,6.999,usdcny
2020-07-13,6.9959,usdcny
2020-07-14,7.006,usdcny
2020-07-15,6.9885,usdcny
2020-07-16,6.9881,usdcny
2020-07-17,6.9912,usdcny
2020-07-20,6.9829,usdcny
2020-07-21,6.98,usdcny
2020-07-22,6.9988,usdcny
2020-07-23,7.0034,usdcny
2020-07-24,7.0168,usdcny
2020-07-27,6.995,usdcny
2020-07-28,6.9998,usdcny
2020-07-29,7.0014,usdcny
2020-07-30,7.008,usdcny
2020-07-31,6.9744,usdcny
2020-08-03,6.9799,usdcny
2020-08-04,6.972,usdcny
2020-08-05,6.9353,usdcny
2020-08-06,6.952,usdcny
2020-08-07,6.967,usdcny
2020-08-10,6.9611,usdcny
2020-08-11,6.9451,usdcny
2020-08-12,6.9363,usdcny
2020-08-13,6.944,usdcny
2020-08-14,6.9501,usdcny
2020-08-17,6.9318,usdcny
2020-08-18,6.9215,usdcny
2020-08-19,6.9192,usdcny
2020-08-20,6.9143,usdcny
2020-08-21,6.9179,usdcny
2020-08-24,6.918,usdcny
2020-08-25,6.9116,usdcny
2020-08-26,6.8855,usdcny
2020-08-27,6.8925,usdcny
2020-08-28,6.8647,usdcny
2020-08-31,6.8474,usdcny
2020-09-01,6.8272,usdcny
2020-09-02,6.8375,usdcny
2020-09-03,6.8474,usdcny
2020-09-04,6.8409,usdcny
2020-09-07,.,usdcny
2020-09-08,6.8435,usdcny
2020-09-09,6.8308,usdcny
2020-09-10,6.8335,usdcny
2020-09-11,6.833,usdcny
2020-09-14,6.808,usdcny
2020-09-15,6.7819,usdcny
2020-09-16,6.7529,usdcny
2020-09-17,6.7628,usdcny
2020-09-18,6.7675,usdcny
2020-09-21,6.8043,usdcny
2020-09-22,6.7779,usdcny
2020-09-23,6.8089,usdcny
2020-09-24,6.8273,usdcny
2020-09-25,6.822,usdcny
2020-09-28,6.8106,usdcny
2020-09-29,6.815,usdcny
2020-09-30,6.7896,usdcny
2020-10-01,6.7898,usdcny
2020-10-02,6.7898,usdcny
2020-10-05,6.7896,usdcny
2020-10-06,6.7896,usdcny
2020-10-07,6.7896,usdcny
2020-10-08,6.7896,usdcny
2020-10-09,6.6933,usdcny
2020-10-12,.,usdcny
2020-10-13,6.7452,usdcny
2020-10-14,6.7136,usdcny
2020-10-15,6.7233,usdcny
2020-10-16,6.6962,usdcny
2020-10-19,6.6803,usdcny
2020-10-20,6.6754,usdcny
2020-10-21,6.6503,usdcny
2020-10-22,6.6821,usdcny
2020-10-23,6.6861,usdcny
2020-10-26,6.7119,usdcny
2020-10-27,6.7044,usdcny
2020-10-28,6.7279,usdcny
2020-10-29,6.714,usdcny
2020-10-30,6.6919,usdcny
2020-11-02,6.6899,usdcny
2020-11-03,6.6759,usdcny
2020-11-04,6.6504,usdcny
2020-11-05,6.6027,usdcny
2020-11-06,6.608,usdcny
2020-11-09,6.628,usdcny
2020-11-10,6.6146,usdcny
2020-11-11,.,usdcny
2020-11-12,6.6114,usdcny
2020-11-13,6.6039,usdcny
2020-11-16,6.583,usdcny
2020-11-17,6.5556,usdcny
2020-11-18,6.5588,usdcny
2020-11-19,6.5823,usdcny
2020-11-20,6.5608,usdcny
2020-11-23,6.585,usdcny
2020-11-24,6.59,usdcny
2020-11-25,6.575,usdcny
2020-11-26,.,usdcny
2020-11-27,.,usdcny
2020-11-30,6.576,usdcny
2020-12-01,6.5705,usdcny
2020-12-02,6.5622,usdcny
2020-12-03,6.5418,usdcny
2020-12-04,6.5301,usdcny
2020-12-07,6.5295,usdcny
2020-12-08,6.5307,usdcny
2020-12-09,6.541,usdcny
2020-12-10,6.5419,usdcny
2020-12-11,6.5445,usdcny
2020-12-14,6.548,usdcny
2020-12-15,6.5388,usdcny
2020-12-16,6.5323,usdcny
2020-12-17,6.5321,usdcny
2020-12-18,6.5395,usdcny
2020-12-21,6.5493,usdcny
2020-12-22,6.5426,usdcny
2020-12-23,6.54,usdcny
2020-12-24,.,usdcny
2020-12-25,.,usdcny
2020-12-28,6.5346,usdcny
2020-12-29,6.53,usdcny
2020-12-30,6.5208,usdcny
2020-12-31,6.525,usdcny
2021-01-01,.,usdcny
2021-01-04,6.4601,usdcny
2021-01-05,6.455,usdcny
2021-01-06,6.4617,usdcny
2021-01-07,6.476,usdcny
2021-01-08,6.475,usdcny
2021-01-11,6.4795,usdcny
2021-01-12,6.461,usdcny
2021-01-13,6.4677,usdcny
2021-01-14,6.4736,usdcny
2021-01-15,6.48,usdcny
2021-01-18,.,usdcny
2021-01-19,6.4777,usdcny
2021-01-20,.,usdcny
2021-01-21,6.4595,usdcny
2021-01-22,6.481,usdcny
2021-01-25,6.4784,usdcny
2021-01-26,6.4635,usdcny
2021-01-27,6.4822,usdcny
2021-01-28,6.4491,usdcny
2021-01-29,6.4282,usdcny
2021-02-01,6.4669,usdcny
2021-02-02,6.457,usdcny
2021-02-03,6.4614,usdcny
2021-02-04,6.4715,usdcny
2021-02-05,6.4664,usdcny
2021-02-08,6.4475,usdcny
2021-02-09,6.4344,usdcny
2021-02-10,6.4576,usdcny
2021-02-11,6.4567,usdcny
2021-02-12,6.4567,usdcny
2021-02-15,.,usdcny
2021-02-16,6.4567,usdcny
2021-02-17,6.4567,usdcny
2021-02-18,6.4869,usdcny
2021-02-19,6.4555,usdcny
2021-02-22,6.4625,usdcny
2021-02-23,6.464,usdcny
2021-02-24,6.4556,usdcny
2021-02-25,6.4541,usdcny
2021-02-26,6.473,usdcny
2021-03-01,6.4648,usdcny
2021-03-02,6.4702,usdcny
2021-03-03,6.4675,usdcny
2021-03-04,6.4694,usdcny
2021-03-05,6.496,usdcny
2021-03-08,6.525,usdcny
2021-03-09,6.505,usdcny
2021-03-10,6.505,usdcny
2021-03-11,6.4932,usdcny
2021-03-12,6.5081,usdcny
2021-03-15,6.4996,usdcny
2021-03-16,6.5052,usdcny
2021-03-17,6.503,usdcny
2021-03-18,6.5054,usdcny
2021-03-19,6.507,usdcny
2021-03-22,6.507,usdcny
2021-03-23,6.516,usdcny
2021-03-24,6.523,usdcny
2021-03-25,6.5452,usdcny
2021-03-26,6.5412,usdcny
2021-03-29,6.5696,usdcny
2021-03-30,6.5716,usdcny
2021-03-31,6.5518,usdcny
2021-04-01,6.5645,usdcny
2021-04-02,6.5646,usdcny
2021-04-05,6.5649,usdcny
2021-04-06,6.537,usdcny
2021-04-07,6.5415,usdcny
2021-04-08,6.5505,usdcny
2021-04-09,6.5522,usdcny
2021-04-12,6.5475,usdcny
2021-04-13,6.5431,usdcny
2021-04-14,6.5292,usdcny
2021-04-15,6.522,usdcny
2021-04-16,6.5203,usdcny
2021-04-19,6.5085,usdcny
2021-04-20,6.4981,usdcny
2021-04-21,6.4903,usdcny
2021-04-22,6.491,usdcny
2021-04-23,6.4945,usdcny
2021-04-26,6.4844,usdcny
2021-04-27,6.483,usdcny
2021-04-28,6.4771,usdcny
2021-04-29,6.471,usdcny
2021-04-30,6.4749,usdcny
2021-05-03,6.4749,usdcny
2021-05-04,6.4749,usdcny
2021-05-05,6.4749,usdcny
2021-05-06,6.4635,usdcny
2021-05-07,6.431,usdcny
2021-05-10,6.4156,usdcny
2021-05-11,6.4285,usdcny
2021-05-12,6.4566,usdcny
2021-05-13,6.4506,usdcny
2021-05-14,6.4367,usdcny
2021-05-17,6.4388,usdcny
2021-05-18,6.425,usdcny
2021-05-19,6.4342,usdcny
2021-05-20,6.4339,usdcny
2021-05-21,6.4339,usdcny
2021-05-24,6.4177,usdcny
2021-05-25,6.41,usdcny
2021-05-26,6.3905,usdcny
2021-05-27,6.3824,usdcny
2021-05-28,6.3674,usdcny
2021-05-31,.,usdcny
2021-06-01,6.3796,usdcny
2021-06-02,6.3805,usdcny
2021-06-03,6.4036,usdcny
2021-06-04,6.3945,usdcny
2021-06-07,6.3963,usdcny
2021-06-08,6.4,usdcny
2021-06-09,6.3865,usdcny
2021-06-10,6.3929,usdcny
2021-06-11,6.3967,usdcny
2021-06-14,6.3979,usdcny
2021-06-15,6.4052,usdcny
2021-06-16,6.3969,usdcny
2021-06-17,6.4477,usdcny
2021-06-18,6.4525,usdcny
2021-06-21,6.4659,usdcny
2021-06-22,6.4811,usdcny
2021-06-23,6.4727,usdcny
2021-06-24,6.4701,usdcny
2021-06-25,6.4545,usdcny
2021-06-28,6.4555,usdcny
2021-06-29,6.4635,usdcny
2021-06-30,6.4566,usdcny
2021-07-01,6.4679,usdcny
2021-07-02,6.4721,usdcny
2021-07-05,.,usdcny
2021-07-06,6.4786,usdcny
2021-07-07,6.4718,usdcny
2021-07-08,6.4898,usdcny
2021-07-09,6.4788,usdcny
2021-07-12,6.4751,usdcny
2021-07-13,6.4685,usdcny
2021-07-14,6.4688,usdcny
2021-07-15,6.46,usdcny
2021-07-16,6.4785,usdcny
2021-07-19,6.4893,usdcny
2021-07-20,6.4845,usdcny
2021-07-21,6.4664,usdcny
2021-07-22,6.47,usdcny
2021-07-23,6.4808,usdcny
2021-07-26,6.4825,usdcny
2021-07-27,6.5104,usdcny
2021-07-28,6.4905,usdcny
2021-07-29,6.4562,usdcny
2021-07-30,6.4609,usdcny
2021-08-02,6.462,usdcny
2021-08-03,6.47,usdcny
2021-08-04,6.4655,usdcny
2021-08-05,6.4608,usdcny
2021-08-06,6.4825,usdcny
2021-08-09,6.4857,usdcny
2021-08-10,6.4852,usdcny
2021-08-11,6.4783,usdcny
2021-08-12,6.4782,usdcny
2021-08-13,6.4768,usdcny
2021-08-16,6.4742,usdcny
2021-08-17,6.4854,usdcny
2021-08-18,6.4841,usdcny
2021-08-19,6.4942,usdcny
2021-08-20,6.5012,usdcny
2021-08-23,6.4805,usdcny
2021-08-24,6.471,usdcny
2021-08-25,6.4756,usdcny
2021-08-26,6.4809,usdcny
2021-08-27,6.4711,usdcny
2021-08-30,6.4658,usdcny
2021-08-31,6.4604,usdcny
2021-09-01,6.4586,usdcny
2021-09-02,6.456,usdcny
2021-09-03,6.4528,usdcny
2021-09-06,.,usdcny
2021-09-07,6.4662,usdcny
2021-09-08,6.4612,usdcny
2021-09-09,6.4547,usdcny
2021-09-10,6.444,usdcny
2021-09-13,6.4511,usdcny
2021-09-14,6.4382,usdcny
2021-09-15,6.432,usdcny
2021-09-16,6.4566,usdcny
2021-09-17,6.4655,usdcny
2021-09-20,6.4651,usdcny
2021-09-21,6.4651,usdcny
2021-09-22,6.4611,usdcny
2021-09-23,6.459,usdcny
2021-09-24,6.466,usdcny
2021-09-27,6.456,usdcny
2021-09-28,6.4595,usdcny
2021-09-29,6.4702,usdcny
2021-09-30,6.4434,usdcny
2021-10-01,6.4434,usdcny
2021-10-04,6.4434,usdcny
2021-10-05,6.4434,usdcny
2021-10-06,6.4434,usdcny
2021-10-07,6.4434,usdcny
2021-10-08,6.4435,usdcny
2021-10-11,.,usdcny
2021-10-12,6.4485,usdcny
2021-10-13,6.4262,usdcny
2021-10-14,6.438,usdcny
2021-10-15,6.434,usdcny
2021-10-18,6.429,usdcny
2021-10-19,6.3822,usdcny
2021-10-20,6.3936,usdcny
2021-10-21,6.3925,usdcny
2021-10-22,6.3839,usdcny
2021-10-25,6.3856,usdcny
2021-10-26,6.382,usdcny
2021-10-27,6.3915,usdcny
2021-10-28,6.3917,usdcny
2021-10-29,6.405,usdcny
2021-11-01,6.3972,usdcny
2021-11-02,6.3995,usdcny
2021-11-03,6.4061,usdcny
2021-11-04,6.397,usdcny
2021-11-05,6.3961,usdcny
2021-11-08,6.3902,usdcny
2021-11-09,6.3916,usdcny
2021-11-10,6.3882,usdcny
2021-11-11,.,usdcny
2021-11-12,6.3787,usdcny
2021-11-15,6.3824,usdcny
2021-11-16,6.3919,usdcny
2021-11-17,6.3775,usdcny
2021-11-18,6.3851,usdcny
2021-11-19,6.3863,usdcny
2021-11-22,6.3842,usdcny
2021-11-23,6.391,usdcny
2021-11-24,6.3917,usdcny
2021-11-25,.,usdcny
2021-11-26,6.3924,usdcny
2021-11-29,6.3875,usdcny
2021-11-30,6.364,usdcny
2021-12-01,6.3641,usdcny
2021-12-02,6.3763,usdcny
2021-12-03,6.3758,usdcny
2021-12-06,6.3756,usdcny
2021-12-07,6.3657,usdcny
2021-12-08,6.3435,usdcny
2021-12-09,6.3772,usdcny
2021-12-10,6.3685,usdcny
2021-12-13,6.3659,usdcny
2021-12-14,6.3671,usdcny
2021-12-15,6.3673,usdcny
2021-12-16,6.3674,usdcny
2021-12-17,6.3748,usdcny
2021-12-20,6.3756,usdcny
2021-12-21,6.3716,usdcny
2021-12-22,6.3695,usdcny
2021-12-23,6.3696,usdcny
2021-12-24,.,usdcny
2021-12-27,6.3705,usdcny
2021-12-28,6.3684,usdcny
2021-12-29,6.368,usdcny
2021-12-30,6.3726,usdcny
2021-12-31,.,usdcny
2022-01-03,6.355,usdcny
2022-01-04,6.3721,usdcny
2022-01-05,6.364,usdcny
2022-01-06,6.3822,usdcny
2022-01-07,6.3769,usdcny
2022-01-10,6.3756,usdcny
2022-01-11,6.3735,usdcny
2022-01-12,6.358,usdcny
2022-01-13,6.3595,usdcny
2022-01-14,6.3524,usdcny
2022-01-17,.,usdcny
2022-01-18,6.3525,usdcny
2022-01-19,6.3447,usdcny
2022-01-20,6.3406,usdcny
2022-01-21,6.3385,usdcny
2022-01-24,6.3304,usdcny
2022-01-25,6.3257,usdcny
2022-01-26,6.3206,usdcny
2022-01-27,6.3677,usdcny
2022-01-28,6.3605,usdcny
2022-01-31,6.361,usdcny
2022-02-01,6.361,usdcny
2022-02-02,6.361,usdcny
2022-02-03,6.361,usdcny
2022-02-04,6.361,usdcny
2022-02-07,6.361,usdcny
2022-02-08,6.366,usdcny
2022-02-09,6.3619,usdcny
2022-02-10,6.3526,usdcny
2022-02-11,6.354,usdcny
2022-02-14,6.3567,usdcny
2022-02-15,6.3385,usdcny
2022-02-16,6.3366,usdcny
2022-02-17,6.3381,usdcny
2022-02-18,6.3251,usdcny
2022-02-21,.,usdcny
2022-02-22,6.326,usdcny
2022-02-23,6.3134,usdcny
2022-02-24,6.3283,usdcny
2022-02-25,6.3169,usdcny
2022-02-28,6.3084,usdcny
2022-03-01,6.3116,usdcny
2022-03-02,6.321,usdcny
2022-03-03,6.3195,usdcny
2022-03-04,6.3188,usdcny
2022-03-07,6.3194,usdcny
2022-03-08,6.3178,usdcny
2022-03-09,6.3174,usdcny
2022-03-10,6.3212,usdcny
2022-03-11,6.3389,usdcny
2022-03-14,6.3645,usdcny
2022-03-15,6.3696,usdcny
2022-03-16,6.351,usdcny
2022-03-17,6.3459,usdcny
2022-03-18,6.3609,usdcny
2022-03-21,6.3552,usdcny
2022-03-22,6.366,usdcny
2022-03-23,6.372,usdcny
2022-03-24,6.367,usdcny
2022-03-25,6.3658,usdcny
2022-03-28,6.3714,usdcny
2022-03-29,6.3635,usdcny
2022-03-30,6.347,usdcny
2022-03-31,6.3393,usdcny
2022-04-01,6.3625,usdcny
2022-04-04,6.3619,usdcny
2022-04-05,6.3619,usdcny
2022-04-06,6.359,usdcny
2022-04-07,6.36,usdcny
2022-04-08,6.3643,usdcny
2022-04-11,6.3692,usdcny
2022-04-12,6.3651,usdcny
2022-04-13,6.3678,usdcny
2022-04-14,6.3775,usdcny
2022-04-15,6.3705,usdcny
2022-04-18,6.363,usdcny
2022-04-19,6.393,usdcny
2022-04-20,6.4188,usdcny
2022-04-21,6.45,usdcny
2022-04-22,6.501,usdcny
2022-04-25,6.5585,usdcny
2022-04-26,6.5552,usdcny
2022-04-27,6.5595,usdcny
2022-04-28,6.6243,usdcny
2022-04-29,6.608,usdcny
2022-05-02,6.6079,usdcny
2022-05-03,6.6079,usdcny
2022-05-04,6.6079,usdcny
2022-05-05,6.6535,usdcny
2022-05-06,6.6651,usdcny
2022-05-09,6.7295,usdcny
2022-05-10,6.7343,usdcny
2022-05-11,6.7186,usdcny
2022-05-12,6.786,usdcny
2022-05-13,6.788,usdcny
2022-05-16,6.7852,usdcny
2022-05-17,6.7361,usdcny
2022-05-18,6.754,usdcny
2022-05-19,6.7109,usdcny
2022-05-20,6.6921,usdcny
2022-05-23,6.649,usdcny
2022-05-24,6.653,usdcny
2022-05-25,6.6916,usdcny
2022-05-26,6.738,usdcny
2022-05-27,6.698,usdcny
2022-05-30,.,usdcny
2022-05-31,6.6715,usdcny
2022-06-01,6.6858,usdcny
2022-06-02,6.6596,usdcny
2022-06-03,6.6595,usdcny
2022-06-06,6.6534,usdcny
2022-06-07,6.6675,usdcny
2022-06-08,6.6825,usdcny
2022-06-09,6.6915,usdcny
2022-06-10,6.7081,usdcny
2022-06-13,6.753,usdcny
2022-06-14,6.7395,usdcny
2022-06-15,6.7128,usdcny
2022-06-16,6.703,usdcny
2022-06-17,6.716,usdcny
2022-06-20,.,usdcny
2022-06-21,6.688,usdcny
2022-06-22,6.6983,usdcny
2022-06-23,6.698,usdcny
2022-06-24,6.6878,usdcny
2022-06-27,6.6899,usdcny
2022-06-28,6.707,usdcny
2022-06-29,6.6997,usdcny
2022-06-30,6.6981,usdcny
2022-07-01,6.7,usdcny
2022-07-04,.,usdcny
2022-07-05,6.7192,usdcny
2022-07-06,6.707,usdcny
2022-07-07,6.7005,usdcny
2022-07-08,6.6945,usdcny
2022-07-11,6.7175,usdcny
2022-07-12,6.7234,usdcny
2022-07-13,6.7175,usdcny
2022-07-14,6.7542,usdcny
2022-07-15,6.7565,usdcny
2022-07-18,6.742,usdcny
2022-07-19,6.743,usdcny
2022-07-20,6.754,usdcny
2022-07-21,6.7655,usdcny
2022-07-22,6.75,usdcny
2022-07-25,6.7499,usdcny
2022-07-26,6.7616,usdcny
2022-07-27,6.757,usdcny
2022-07-28,6.7465,usdcny
2022-07-29,6.7433,usdcny
2022-08-01,6.7674,usdcny
2022-08-02,6.7499,usdcny
2022-08-03,6.7565,usdcny
2022-08-04,6.7485,usdcny
2022-08-05,6.7607,usdcny
2022-08-08,6.7505,usdcny
2022-08-09,6.7525,usdcny
2022-08-10,6.723,usdcny
2022-08-11,6.7445,usdcny
2022-08-12,6.7425,usdcny
2022-08-15,6.7715,usdcny
2022-08-16,6.7875,usdcny
2022-08-17,6.7805,usdcny
2022-08-18,6.7855,usdcny
2022-08-19,6.8164,usdcny
2022-08-22,6.8476,usdcny
2022-08-23,6.8476,usdcny
2022-08-24,6.8581,usdcny
2022-08-25,6.8477,usdcny
2022-08-26,6.8715,usdcny
2022-08-29,6.9067,usdcny
2022-08-30,6.91,usdcny
2022-08-31,6.889,usdcny
2022-09-01,6.9066,usdcny
2022-09-02,6.8985,usdcny
2022-09-05,.,usdcny
2022-09-06,6.9532,usdcny
2022-09-07,6.965,usdcny
2022-09-08,6.9562,usdcny
2022-09-09,6.924,usdcny
2022-09-12,6.9265,usdcny
2022-09-13,6.9245,usdcny
2022-09-14,6.9612,usdcny
2022-09-15,6.9934,usdcny
2022-09-16,6.9799,usdcny
2022-09-19,7.005,usdcny
2022-09-20,7.0176,usdcny
2022-09-21,7.0479,usdcny
2022-09-22,7.0772,usdcny
2022-09-23,7.1266,usdcny
2022-09-26,7.1384,usdcny
2022-09-27,7.176,usdcny
2022-09-28,7.199,usdcny
2022-09-29,7.1196,usdcny
2022-09-30,7.1135,usdcny
2022-10-03,7.1103,usdcny
2022-10-04,7.1103,usdcny
2022-10-05,7.1103,usdcny
2022-10-06,7.1103,usdcny
2022-10-07,7.1103,usdcny
2022-10-10,.,usdcny
2022-10-11,7.1639,usdcny
2022-10-12,7.172,usdcny
2022-10-13,7.17,usdcny
2022-10-14,7.1895,usdcny
2022-10-17,7.1946,usdcny
2022-10-18,7.2001,usdcny
2022-10-19,7.228,usdcny
2022-10-20,7.2129,usdcny
2022-10-21,7.2399,usdcny
2022-10-24,7.2629,usdcny
2022-10-25,7.2688,usdcny
2022-10-26,7.171,usdcny
2022-10-27,7.2239,usdcny
2022-10-28,7.2499,usdcny
2022-10-31,7.3048,usdcny
2022-11-01,7.273,usdcny
2022-11-02,7.289,usdcny
2022-11-03,7.3,usdcny
2022-11-04,7.2996,usdcny
2022-11-07,7.2266,usdcny
2022-11-08,7.2485,usdcny
2022-11-09,7.2401,usdcny
2022-11-10,7.184,usdcny
2022-11-11,.,usdcny
2022-11-14,7.071,usdcny
2022-11-15,7.044,usdcny
2022-11-16,7.0964,usdcny
2022-11-17,7.1551,usdcny
2022-11-18,7.1192,usdcny
2022-11-21,7.164,usdcny
2022-11-22,7.1388,usdcny
2022-11-23,7.158,usdcny
2022-11-24,.,usdcny
2022-11-25,7.1642,usdcny
2022-11-28,7.2074,usdcny
2022-11-29,7.1568,usdcny
2022-11-30,7.0879,usdcny
2022-12-01,7.0424,usdcny
2022-12-02,7.019,usdcny
2022-12-05,6.961,usdcny
2022-12-06,6.9935,usdcny
2022-12-07,6.9702,usdcny
2022-12-08,6.9649,usdcny
2022-12-09,6.9559,usdcny
2022-12-12,6.9773,usdcny
2022-12-13,6.943,usdcny
2022-12-14,6.9498,usdcny
2022-12-15,6.9716,usdcny
2022-12-16,6.9708,usdcny
2022-12-19,6.9772,usdcny
2022-12-20,6.96,usdcny
2022-12-21,6.981,usdcny
2022-12-22,6.9829,usdcny
2022-12-23,6.988,usdcny
2022-12-26,.,usdcny
2022-12-27,6.96,usdcny
2022-12-28,6.9774,usdcny
2022-12-29,6.9625,usdcny
2022-12-30,6.8972,usdcny
2023-01-02,.,usdcny
2023-01-03,6.9135,usdcny
2023-01-04,6.8875,usdcny
2023-01-05,6.88,usdcny
2023-01-06,6.837,usdcny
2023-01-09,6.77,usdcny
2023-01-10,6.777,usdcny
2023-01-11,6.77,usdcny
2023-01-12,6.7365,usdcny
2023-01-13,6.701,usdcny
2023-01-16,.,usdcny
2023-01-17,6.7723,usdcny
2023-01-18,6.7534,usdcny
2023-01-19,6.7738,usdcny
2023-01-20,6.7825,usdcny
2023-01-23,6.7899,usdcny
2023-01-24,6.7899,usdcny
2023-01-25,6.7899,usdcny
2023-01-26,6.7899,usdcny
2023-01-27,6.7899,usdcny
2023-01-30,6.7501,usdcny
2023-01-31,6.754,usdcny
2023-02-01,6.7406,usdcny
2023-02-02,6.7266,usdcny
2023-02-03,6.7733,usdcny
2023-02-06,6.7918,usdcny
2023-02-07,6.791,usdcny
2023-02-08,6.789,usdcny
2023-02-09,6.7782,usdcny
2023-02-10,6.8106,usdcny
2023-02-13,6.8198,usdcny
2023-02-14,6.8255,usdcny
2023-02-15,6.851,usdcny
2023-02-16,6.859,usdcny
2023-02-17,6.8661,usdcny
2023-02-20,.,usdcny
2023-02-21,6.87,usdcny
2023-02-22,6.8908,usdcny
2023-02-23,6.9075,usdcny
2023-02-24,6.9545,usdcny
2023-02-27,6.945,usdcny
2023-02-28,6.9325,usdcny
2023-03-01,6.8656,usdcny
2023-03-02,6.9122,usdcny
2023-03-03,6.9048,usdcny
2023-03-06,6.9295,usdcny
2023-03-07,6.9605,usdcny
2023-03-08,6.9496,usdcny
2023-03-09,6.963,usdcny
2023-03-10,6.9025,usdcny
2023-03-13,6.8455,usdcny
2023-03-14,6.868,usdcny
2023-03-15,6.9005,usdcny
2023-03-16,6.8965,usdcny
2023-03-17,6.887,usdcny
2023-03-20,6.877,usdcny
2023-03-21,6.883,usdcny
2023-03-22,6.8802,usdcny
2023-03-23,6.8188,usdcny
2023-03-24,6.8675,usdcny
2023-03-27,6.8834,usdcny
2023-03-28,6.8725,usdcny
2023-03-29,6.8862,usdcny
2023-03-30,6.87,usdcny
2023-03-31,6.8676,usdcny
2023-04-03,6.8776,usdcny
2023-04-04,6.878,usdcny
2023-04-05,6.8781,usdcny
2023-04-06,6.875,usdcny
2023-04-07,6.875,usdcny
2023-04-10,6.8807,usdcny
2023-04-11,6.8866,usdcny
2023-04-12,6.873,usdcny
2023-04-13,6.8677,usdcny
2023-04-14,6.869,usdcny
2023-04-17,6.8786,usdcny
2023-04-18,6.8755,usdcny
2023-04-19,6.8851,usdcny
2023-04-20,6.8725,usdcny
2023-04-21,6.892,usdcny
2023-04-24,6.8958,usdcny
2023-04-25,6.932,usdcny
2023-04-26,6.9261,usdcny
2023-04-27,6.922,usdcny
2023-04-28,6.911,usdcny
2023-05-01,6.9164,usdcny
2023-05-02,6.9164,usdcny
2023-05-03,6.9164,usdcny
2023-05-04,6.9094,usdcny
2023-05-05,6.9101,usdcny
2023-05-08,6.9125,usdcny
2023-05-09,6.9201,usdcny
2023-05-10,6.9321,usdcny
2023-05-11,6.948,usdcny
2023-05-12,6.9575,usdcny
2023-05-15,6.952,usdcny
2023-05-16,6.9751,usdcny
2023-05-17,6.9981,usdcny
2023-05-18,7.0355,usdcny
2023-05-19,7.006,usdcny
2023-05-22,7.0351,usdcny
2023-05-23,7.049,usdcny
2023-05-24,7.0585,usdcny
2023-05-25,7.0775,usdcny
2023-05-26,7.063,usdcny
2023-05-29,.,usdcny
2023-05-30,7.0792,usdcny
2023-05-31,7.11,usdcny
2023-06-01,7.0934,usdcny
2023-06-02,7.0827,usdcny
2023-06-05,7.105,usdcny
2023-06-06,7.119,usdcny
2023-06-07,7.1287,usdcny
2023-06-08,7.1109,usdcny
2023-06-09,7.1273,usdcny
2023-06-12,7.1437,usdcny
2023-06-13,7.1585,usdcny
2023-06-14,7.148,usdcny
2023-06-15,7.13,usdcny
2023-06-16,7.125,usdcny
2023-06-19,.,usdcny
2023-06-20,7.1811,usdcny
2023-06-21,7.1779,usdcny
2023-06-22,7.1777,usdcny
2023-06-23,7.1777,usdcny
2023-06-26,7.2364,usdcny
2023-06-27,7.2193,usdcny
2023-06-28,7.2436,usdcny
2023-06-29,7.2515,usdcny
2023-06-30,7.2513,usdcny
2023-07-03,7.24,usdcny
2023-07-04,.,usdcny
2023-07-05,7.2465,usdcny
2023-07-06,7.25,usdcny
2023-07-07,7.2205,usdcny
2023-07-10,7.2315,usdcny
2023-07-11,7.209,usdcny
2023-07-12,7.1656,usdcny
2023-07-13,7.15,usdcny
2023-07-14,7.1403,usdcny
2023-07-17,7.1711,usdcny
2023-07-18,7.1786,usdcny
2023-07-19,7.226,usdcny
2023-07-20,7.1761,usdcny
2023-07-21,7.1861,usdcny
2023-07-24,7.1855,usdcny
2023-07-25,7.134,usdcny
2023-07-26,7.1503,usdcny
2023-07-27,7.173,usdcny
2023-07-28,7.1488,usdcny
2023-07-31,7.1426,usdcny
2023-08-01,7.1775,usdcny
2023-08-02,7.192,usdcny
2023-08-03,7.1651,usdcny
2023-08-04,7.1709,usdcny
2023-08-07,7.1895,usdcny
2023-08-08,7.216,usdcny
2023-08-09,7.2085,usdcny
2023-08-10,7.2165,usdcny
2023-08-11,7.2367,usdcny
2023-08-14,7.2585,usdcny
2023-08-15,7.2817,usdcny
2023-08-16,7.2985,usdcny
2023-08-17,7.291,usdcny
2023-08-18,7.28,usdcny
2023-08-21,7.2865,usdcny
2023-08-22,7.293,usdcny
2023-08-23,7.2771,usdcny
2023-08-24,7.2786,usdcny
2023-08-25,7.289,usdcny
2023-08-28,7.29,usdcny
2023-08-29,7.2796,usdcny
2023-08-30,7.2839,usdcny
2023-08-31,7.2582,usdcny
2023-09-01,7.2606,usdcny
2023-09-04,.,usdcny
2023-09-05,7.3018,usdcny
2023-09-06,7.316,usdcny
2023-09-07,7.3287,usdcny
2023-09-08,7.343,usdcny
2023-09-11,7.2882,usdcny
2023-09-12,7.2911,usdcny
2023-09-13,7.27,usdcny
2023-09-14,7.277,usdcny
2023-09-15,7.2744,usdcny
2023-09-18,7.2915,usdcny
2023-09-19,7.2964,usdcny
2023-09-20,7.287,usdcny
2023-09-21,7.3066,usdcny
2023-09-22,7.298,usdcny
2023-09-25,7.311,usdcny
2023-09-26,7.31,usdcny
2023-09-27,7.3105,usdcny
2023-09-28,7.301,usdcny
2023-09-29,7.296,usdcny
2023-10-02,7.296,usdcny
2023-10-03,7.296,usdcny
2023-10-04,7.296,usdcny
2023-10-05,7.296,usdcny
2023-10-06,7.296,usdcny
2023-10-09,.,usdcny
2023-10-10,7.2948,usdcny
2023-10-11,7.2992,usdcny
2023-10-12,7.3019,usdcny
2023-10-13,7.3049,usdcny
2023-10-16,7.3105,usdcny
2023-10-17,7.3105,usdcny
2023-10-18,7.3161,usdcny
2023-10-19,7.3126,usdcny
2023-10-20,7.3155,usdcny
2023-10-23,7.3158,usdcny
2023-10-24,7.309,usdcny
2023-10-25,7.3165,usdcny
2023-10-26,7.315,usdcny
2023-10-27,7.3171,usdcny
2023-10-30,7.3133,usdcny
2023-10-31,7.3166,usdcny
2023-11-01,7.3175,usdcny
2023-11-02,7.316,usdcny
2023-11-03,7.3005,usdcny
2023-11-06,7.2695,usdcny
2023-11-07,7.2788,usdcny
2023-11-08,7.28,usdcny
2023-11-09,7.2835,usdcny
2023-11-10,.,usdcny
2023-11-13,7.289,usdcny
2023-11-14,7.253,usdcny
2023-11-15,7.2466,usdcny
2023-11-16,7.2416,usdcny
2023-11-17,7.212,usdcny
2023-11-20,7.168,usdcny
2023-11-21,7.1352,usdcny
2023-11-22,7.155,usdcny
2023-11-23,.,usdcny
2023-11-24,7.1488,usdcny
2023-11-27,7.1528,usdcny
2023-11-28,7.138,usdcny
2023-11-29,7.13,usdcny
2023-11-30,7.136,usdcny
2023-12-01,7.1386,usdcny
2023-12-04,7.1424,usdcny
2023-12-05,7.1444,usdcny
2023-12-06,7.158,usdcny
2023-12-07,7.1515,usdcny
2023-12-08,7.1645,usdcny
2023-12-11,7.1765,usdcny
2023-12-12,7.1755,usdcny
2023-12-13,7.1725,usdcny
2023-12-14,7.1088,usdcny
2023-12-15,7.1179,usdcny
2023-12-18,7.1297,usdcny
2023-12-19,7.1287,usdcny
2023-12-20,7.1355,usdcny
2023-12-21,7.1381,usdcny
2023-12-22,7.1315,usdcny
2023-12-25,.,usdcny
2023-12-26,7.1432,usdcny
2023-12-27,7.1405,usdcny
2023-12-28,7.1065,usdcny
2023-12-29,7.0999,usdcny
2024-01-01,.,usdcny
2024-01-02,7.1426,usdcny
2024-01-03,7.1497,usdcny
2024-01-04,7.1589,usdcny
2024-01-05,7.145,usdcny
2024-01-08,7.154,usdcny
2024-01-09,7.1675,usdcny
2024-01-10,7.1711,usdcny
2024-01-11,7.167,usdcny
2024-01-12,7.1665,usdcny
2024-01-15,.,usdcny
2024-01-16,7.1874,usdcny
2024-01-17,7.196,usdcny
2024-01-18,7.1961,usdcny
2024-01-19,7.1931,usdcny
2024-01-22,7.192,usdcny
2024-01-23,7.172,usdcny
2024-01-24,7.158,usdcny
2024-01-25,7.169,usdcny
2024-01-26,7.1763,usdcny
2024-01-29,7.1798,usdcny
2024-01-30,7.1755,usdcny
2024-01-31,7.1673,usdcny
2024-02-01,7.1799,usdcny
2024-02-02,7.192,usdcny
2024-02-05,7.1982,usdcny
2024-02-06,7.1908,usdcny
2024-02-07,7.1943,usdcny
2024-02-08,7.1965,usdcny
2024-02-09,7.1929,usdcny
2024-02-12,7.1928,usdcny
2024-02-13,7.1928,usdcny
2024-02-14,7.1928,usdcny
2024-02-15,7.1928,usdcny
2024-02-16,7.1928,usdcny
2024-02-19,.,usdcny
2024-02-20,7.1905,usdcny
2024-02-21,7.1891,usdcny
2024-02-22,7.1944,usdcny
2024-02-23,7.197,usdcny
2024-02-26,7.1972,usdcny
2024-02-27,7.1977,usdcny
2024-02-28,7.1976,usdcny
2024-02-29,7.1977,usdcny
2024-03-01,7.196,usdcny
2024-03-04,7.1987,usdcny
2024-03-05,7.1965,usdcny
2024-03-06,7.1977,usdcny
2024-03-07,7.1925,usdcny
2024-03-08,7.1855,usdcny
2024-03-11,7.182,usdcny
2024-03-12,7.1804,usdcny
2024-03-13,7.1875,usdcny
2024-03-14,7.1932,usdcny
2024-03-15,7.1953,usdcny
2024-03-18,7.1981,usdcny
2024-03-19,7.1991,usdcny
2024-03-20,7.1992,usdcny
2024-03-21,7.1993,usdcny
2024-03-22,7.2289,usdcny
2024-03-25,7.2102,usdcny
2024-03-26,7.2176,usdcny
2024-03-27,7.227,usdcny
2024-03-28,7.2262,usdcny
2024-03-29,7.2203,usdcny
2024-04-01,7.2308,usdcny
2024-04-02,7.232,usdcny
2024-04-03,7.233,usdcny
2024-04-04,7.2339,usdcny
2024-04-05,7.2339,usdcny
2024-04-08,7.2305,usdcny
2024-04-09,7.2316,usdcny
2024-04-10,7.2341,usdcny
2024-04-11,7.2373,usdcny
2024-04-12,7.2374,usdcny
2024-04-15,7.2382,usdcny
2024-04-16,7.2383,usdcny
2024-04-17,7.2389,usdcny
2024-04-18,7.2382,usdcny
2024-04-19,7.2403,usdcny
2024-04-22,7.2403,usdcny
2024-04-23,7.2445,usdcny
2024-04-24,7.246,usdcny
2024-04-25,7.246,usdcny
2024-04-26,7.2464,usdcny
2024-04-29,7.2318,usdcny
2024-04-30,7.2401,usdcny
2024-05-01,7.2405,usdcny
2024-05-02,7.2405,usdcny
2024-05-03,7.2405,usdcny
2024-05-06,7.2071,usdcny
2024-05-07,7.2185,usdcny
2024-05-08,7.2185,usdcny
2024-05-09,7.2198,usdcny
2024-05-10,7.226,usdcny
2024-05-13,7.2325,usdcny
2024-05-14,7.2335,usdcny
2024-05-15,7.219,usdcny
2024-05-16,7.2181,usdcny
2024-05-17,7.2233,usdcny
2024-05-20,7.2344,usdcny
2024-05-21,7.2376,usdcny
2024-05-22,7.2405,usdcny
2024-05-23,7.2421,usdcny
2024-05-24,7.2425,usdcny
2024-05-27,.,usdcny
2024-05-28,7.2451,usdcny
2024-05-29,7.2494,usdcny
2024-05-30,7.2493,usdcny
2024-05-31,7.241,usdcny
2024-06-03,7.242,usdcny
2024-06-04,7.2393,usdcny
2024-06-05,7.2475,usdcny
2024-06-06,7.2451,usdcny
2024-06-07,7.2466,usdcny
2024-06-10,7.2475,usdcny
2024-06-11,7.2544,usdcny
2024-06-12,7.2544,usdcny
2024-06-13,7.2519,usdcny
2024-06-14,7.2557,usdcny
2024-06-17,7.2561,usdcny
2024-06-18,7.2543,usdcny
2024-06-19,.,usdcny
2024-06-20,7.2604,usdcny
2024-06-21,7.2609,usdcny
2024-06-24,7.2586,usdcny
2024-06-25,7.2629,usdcny
2024-06-26,7.2666,usdcny
2024-06-27,7.2688,usdcny
2024-06-28,7.2672,usdcny
2024-07-01,7.2683,usdcny
2024-07-02,7.2712,usdcny
2024-07-03,7.2699,usdcny
2024-07-04,.,usdcny
2024-07-05,7.268,usdcny
2024-07-08,7.2683,usdcny
2024-07-09,7.2725,usdcny
2024-07-10,7.2758,usdcny
2024-07-11,7.2573,usdcny
2024-07-12,7.2495,usdcny
2024-07-15,7.2592,usdcny
2024-07-16,7.2685,usdcny
2024-07-17,7.2607,usdcny
2024-07-18,7.26,usdcny
2024-07-19,7.2695,usdcny
2024-07-22,7.2736,usdcny
2024-07-23,7.2748,usdcny
2024-07-24,7.2622,usdcny
2024-07-25,7.231,usdcny
2024-07-26,7.2502,usdcny
2024-07-29,7.2597,usdcny
2024-07-30,7.2511,usdcny
2024-07-31,7.2193,usdcny
2024-08-01,7.2441,usdcny
2024-08-02,7.16,usdcny
2024-08-05,7.13,usdcny
2024-08-06,7.1563,usdcny
2024-08-07,7.176,usdcny
2024-08-08,7.1747,usdcny
2024-08-09,7.166,usdcny
2024-08-12,7.1744,usdcny
2024-08-13,7.1558,usdcny
2024-08-14,7.1382,usdcny
2024-08-15,7.1734,usdcny
2024-08-16,7.1644,usdcny
2024-08-19,7.1393,usdcny
2024-08-20,7.132,usdcny
2024-08-21,7.1344,usdcny
2024-08-22,7.144,usdcny
2024-08-23,7.1244,usdcny
2024-08-26,7.1212,usdcny
2024-08-27,7.1244,usdcny
2024-08-28,7.1245,usdcny
2024-08-29,7.0972,usdcny
2024-08-30,7.09,usdcny
2024-09-02,.,usdcny
2024-09-03,7.1209,usdcny
2024-09-04,7.1119,usdcny
2024-09-05,7.0921,usdcny
2024-09-06,7.0876,usdcny
2024-09-09,7.1133,usdcny
2024-09-10,7.1205,usdcny
2024-09-11,7.1192,usdcny
2024-09-12,7.1173,usdcny
2024-09-13,7.093,usdcny
2024-09-16,7.0958,usdcny
2024-09-17,7.0958,usdcny
2024-09-18,7.0812,usdcny
2024-09-19,7.0675,usdcny
2024-09-20,7.0505,usdcny
2024-09-23,7.0508,usdcny
2024-09-24,7.0318,usdcny
2024-09-25,7.0315,usdcny
2024-09-26,7.0106,usdcny
2024-09-27,7.0111,usdcny
2024-09-30,7.0176,usdcny
2024-10-01,7.0175,usdcny
2024-10-02,7.0175,usdcny
2024-10-03,7.0175,usdcny
2024-10-04,7.0175,usdcny
2024-10-07,7.0175,usdcny
2024-10-08,7.0595,usdcny
2024-10-09,7.0818,usdcny
2024-10-10,7.0794,usdcny
2024-10-11,7.0667,usdcny
2024-10-14,.,usdcny
2024-10-15,7.1192,usdcny
2024-10-16,7.1192,usdcny
2024-10-17,7.1216,usdcny
2024-10-18,7.1015,usdcny
2024-10-21,7.1189,usdcny
2024-10-22,7.123,usdcny
2024-10-23,7.1252,usdcny
2024-10-24,7.119,usdcny
2024-10-25,7.1199,usdcny
2024-10-28,7.1254,usdcny
2024-10-29,7.1301,usdcny
2024-10-30,7.1229,usdcny
2024-10-31,7.1178,usdcny
2024-11-01,7.1214,usdcny
2024-11-04,7.0995,usdcny
2024-11-05,7.1047,usdcny
2024-11-06,7.1782,usdcny
2024-11-07,7.1412,usdcny
2024-11-08,7.1785,usdcny
2024-11-11,.,usdcny
2024-11-12,7.232,usdcny
2024-11-13,7.2245,usdcny
2024-11-14,7.2272,usdcny
2024-11-15,7.2288,usdcny
2024-11-18,7.2364,usdcny
2024-11-19,7.2392,usdcny
2024-11-20,7.2459,usdcny
2024-11-21,7.2368,usdcny
2024-11-22,7.2455,usdcny
2024-11-25,7.2395,usdcny
2024-11-26,7.252,usdcny
2024-11-27,7.2458,usdcny
2024-11-28,.,usdcny
2024-11-29,7.2423,usdcny
2024-12-02,7.2714,usdcny
2024-12-03,7.2858,usdcny
2024-12-04,7.2632,usdcny
2024-12-05,7.2558,usdcny
2024-12-06,7.27,usdcny
2024-12-09,7.2604,usdcny
2024-12-10,7.25,usdcny
2024-12-11,7.2605,usdcny
2024-12-12,7.2685,usdcny
2024-12-13,7.2756,usdcny
2024-12-16,7.2836,usdcny
2024-12-17,7.2846,usdcny
2024-12-18,7.2864,usdcny
2024-12-19,7.2965,usdcny
2024-12-20,7.2953,usdcny
2024-12-23,7.2977,usdcny
2024-12-24,7.2946,usdcny
2024-12-25,.,usdcny
2024-12-26,7.2981,usdcny
2024-12-27,7.298,usdcny
2024-12-30,7.2993,usdcny
2024-12-31,7.2993,usdcny
2025-01-01,.,usdcny
2025-01-02,7.2994,usdcny
2025-01-03,7.3199,usdcny
2025-01-06,7.3223,usdcny
2025-01-07,7.3264,usdcny
2025-01-08,7.3316,usdcny
2025-01-09,7.3321,usdcny
2025-01-10,7.3326,usdcny
2025-01-13,7.3319,usdcny
2025-01-14,7.3311,usdcny
2025-01-15,7.3304,usdcny
2025-01-16,7.3316,usdcny
2025-01-17,7.3249,usdcny
2025-01-20,.,usdcny
2025-01-21,7.2712,usdcny
2025-01-22,7.2728,usdcny
2025-01-23,7.288,usdcny
2025-01-24,7.244,usdcny
2025-01-27,7.2507,usdcny
2025-01-28,7.2422,usdcny
2025-01-29,7.2422,usdcny
2025-01-30,7.2422,usdcny
2025-01-31,7.2422,usdcny
2025-02-03,7.2422,usdcny
2025-02-04,7.2422,usdcny
2025-02-05,7.272,usdcny
2025-02-06,7.2883,usdcny
2025-02-07,7.2943,usdcny
2025-02-10,7.3045,usdcny
2025-02-11,7.3072,usdcny
2025-02-12,7.3088,usdcny
2025-02-13,7.2888,usdcny
2025-02-14,7.253,usdcny
2025-02-17,.,usdcny
2025-02-18,7.2786,usdcny
2025-02-19,7.2833,usdcny
2025-02-20,7.2555,usdcny
2025-02-21,7.2501,usdcny
2025-02-24,7.2476,usdcny
2025-02-25,7.2512,usdcny
2025-02-26,7.2595,usdcny
2025-02-27,7.2853,usdcny
2025-02-28,7.2828,usdcny
2025-03-03,7.2843,usdcny
2025-03-04,7.2651,usdcny
2025-03-05,7.2506,usdcny
2025-03-06,7.2468,usdcny
2025-03-07,7.234,usdcny
2025-03-10,7.2591,usdcny
2025-03-11,7.2278,usdcny
2025-03-12,7.2372,usdcny
2025-03-13,7.2439,usdcny
2025-03-14,7.2377,usdcny
2025-03-17,7.2327,usdcny
2025-03-18,7.2273,usdcny
2025-03-19,7.23,usdcny
2025-03-20,7.2477,usdcny
2025-03-21,7.2486,usdcny
2025-03-24,7.2531,usdcny
2025-03-25,7.2569,usdcny
2025-03-26,7.2675,usdcny
2025-03-27,7.2645,usdcny
2025-03-28,7.2628,usdcny
2025-03-31,7.2567,usdcny
2025-04-01,7.2697,usdcny
2025-04-02,7.2675,usdcny
2025-04-03,7.2813,usdcny
2025-04-04,7.2803,usdcny
2025-04-07,7.3081,usdcny
2025-04-08,7.3388,usdcny
2025-04-09,7.3499,usdcny
2025-04-10,7.314,usdcny
2025-04-11,7.2915,usdcny
2025-04-14,7.3119,usdcny
2025-04-15,7.315,usdcny
2025-04-16,7.3053,usdcny
2025-04-17,7.299,usdcny
2025-04-18,7.2996,usdcny
2025-04-21,7.2914,usdcny
2025-04-22,7.3118,usdcny
2025-04-23,7.286,usdcny
2025-04-24,7.2879,usdcny
2025-04-25,7.2864,usdcny
2025-04-28,7.2942,usdcny
2025-04-29,7.269,usdcny
2025-04-30,7.2706,usdcny
2025-05-01,7.2706,usdcny
2025-05-02,7.2706,usdcny
2025-05-05,7.2706,usdcny
2025-05-06,7.2164,usdcny
2025-05-07,7.225,usdcny
2025-05-08,7.234,usdcny
2025-05-09,7.2364,usdcny
2025-05-12,7.2018,usdcny
2025-05-13,7.2057,usdcny
2025-05-14,7.208,usdcny
2025-05-15,7.2067,usdcny
2025-05-16,7.209,usdcny
2025-05-19,7.2144,usdcny
2025-05-20,7.2194,usdcny
2025-05-21,7.2019,usdcny
2025-05-22,7.2037,usdcny
2025-05-23,7.1798,usdcny
2025-05-26,.,usdcny
2025-05-27,7.195,usdcny
2025-05-28,7.1941,usdcny
2025-05-29,7.1855,usdcny
2025-05-30,7.1991,usdcny
2025-06-02,7.1975,usdcny
2025-06-03,7.1872,usdcny
2025-06-04,7.1844,usdcny
2025-06-05,7.175,usdcny
2025-06-06,7.1886,usdcny
2025-06-09,7.1802,usdcny
2025-06-10,7.187,usdcny
2025-06-11,7.1928,usdcny
2025-06-12,7.1726,usdcny
2025-06-13,7.181,usdcny
2025-06-16,7.179,usdcny
2025-06-17,7.1845,usdcny
2025-06-18,7.1888,usdcny
2025-06-19,.,usdcny
2025-06-20,7.1785,usdcny
2025-06-23,7.179,usdcny
2025-06-24,7.1713,usdcny
2025-06-25,7.1764,usdcny
2025-06-26,7.1675,usdcny
2025-06-27,7.1721,usdcny
2025-06-30,7.1636,usdcny
2025-07-01,7.1647,usdcny
2025-07-02,7.1649,usdcny
2025-07-03,7.1684,usdcny
2025-07-04,.,usdcny
2025-07-07,7.1744,usdcny
2025-07-08,7.1738,usdcny
2025-07-09,7.18,usdcny
2025-07-10,7.1748,usdcny
2025-07-11,7.1681,usdcny
2025-07-14,7.167,usdcny
2025-07-15,7.1729,usdcny
2025-07-16,7.1791,usdcny
2025-07-17,7.1832,usdcny
2025-07-18,7.1776,usdcny
2025-07-21,7.176,usdcny
2025-07-22,7.1748,usdcny
2025-07-23,7.1599,usdcny
2025-07-24,7.1541,usdcny
2025-07-25,7.1679,usdcny
2025-07-28,7.1778,usdcny
2025-07-29,7.1769,usdcny
2025-07-30,7.1934,usdcny
2025-07-31,7.2002,usdcny
2025-08-01,7.2116,usdcny
2025-08-04,7.178,usdcny
2025-08-05,7.1835,usdcny
2025-08-06,7.1822,usdcny
2025-08-07,7.1806,usdcny
2025-08-08,7.1839,usdcny
2025-08-11,7.1884,usdcny
2025-08-12,7.1785,usdcny
2025-08-13,7.1744,usdcny
2025-08-14,7.1795,usdcny
2025-08-15,7.1817,usdcny
2025-08-18,7.1847,usdcny
2025-08-19,7.1819,usdcny
2025-08-20,7.1757,usdcny
2025-08-21,7.1793,usdcny
2025-08-22,7.1651,usdcny
2025-08-25,7.151,usdcny
2025-08-26,7.152,usdcny
2025-08-27,7.1536,usdcny
2025-08-28,7.1306,usdcny
2025-08-29,7.1304,usdcny
2025-09-01,.,usdcny
2025-09-02,7.139,usdcny
2025-09-03,7.1415,usdcny
2025-09-04,7.1414,usdcny
2025-09-05,7.1323,usdcny
2025-09-08,7.1293,usdcny
2025-09-09,7.1209,usdcny
2025-09-10,7.1207,usdcny
2025-09-11,7.1184,usdcny
2025-09-12,7.1242,usdcny
2025-09-15,7.1186,usdcny
2025-09-16,7.1142,usdcny
2025-09-17,7.1033,usdcny
2025-09-18,7.1125,usdcny
2025-09-19,7.1142,usdcny
2025-09-22,7.114,usdcny
2025-09-23,7.1116,usdcny
2025-09-24,7.1315,usdcny
2025-09-25,7.1338,usdcny
2025-09-26,7.1328,usdcny
2025-09-29,7.1194,usdcny
2025-09-30,7.119,usdcny
2025-10-01,7.12,usdcny
2025-10-02,7.12,usdcny
2025-10-03,7.12,usdcny
2025-10-06,7.12,usdcny
2025-10-07,7.12,usdcny
2025-10-08,7.12,usdcny
2025-10-09,7.1275,usdcny
2025-10-10,7.134,usdcny
2025-10-13,.,usdcny
2025-10-14,7.1384,usdcny
2025-10-15,7.1262,usdcny
2025-10-16,7.123,usdcny
2025-10-17,7.1264,usdcny
2025-10-20,7.1195,usdcny
2025-10-21,7.1218,usdcny
2025-10-22,7.1257,usdcny
2025-10-23,7.1221,usdcny
2025-10-24,7.1211,usdcny
2025-10-27,7.1102,usdcny
2025-10-28,7.0988,usdcny
2025-10-29,7.098,usdcny
2025-10-30,7.1097,usdcny
2025-10-31,7.1169,usdcny
2025-11-03,7.1222,usdcny
2025-11-04,7.1295,usdcny
2025-11-05,7.126,usdcny
2025-11-06,7.1195,usdcny
2025-11-07,7.1219,usdcny
2025-11-10,7.1193,usdcny
2025-11-11,.,usdcny
2025-11-12,7.112,usdcny
2025-11-13,7.095,usdcny
2025-11-14,7.0992,usdcny
2025-11-17,7.1075,usdcny
2025-11-18,7.1074,usdcny
2025-11-19,7.1106,usdcny
2025-11-20,7.1098,usdcny
2025-11-21,7.1066,usdcny
2025-11-24,7.102,usdcny
2025-11-25,7.0845,usdcny
2025-11-26,7.0758,usdcny
2025-11-27,.,usdcny
2025-11-28,7.0751,usdcny
2025-12-01,7.0717,usdcny
2025-12-02,7.07,usdcny
2025-12-03,7.0636,usdcny
2025-12-04,7.0714,usdcny
2025-12-05,7.0696,usdcny
2025-12-08,7.071,usdcny
2025-12-09,7.0633,usdcny
2025-12-10,7.064,usdcny
2025-12-11,7.0579,usdcny
2025-12-12,7.0548,usdcny
2025-12-15,7.047,usdcny
2025-12-16,7.0417,usdcny
2025-12-17,7.0431,usdcny
2025-12-18,7.0404,usdcny
2025-12-19,7.0409,usdcny
2025-12-22,7.0367,usdcny
2025-12-23,7.028,usdcny
2025-12-24,7.0142,usdcny
2025-12-25,.,usdcny
2025-12-26,7.0063,usdcny
2025-12-29,7.0056,usdcny
2025-12-30,6.9961,usdcny
2025-12-31,6.9931,usdcny
2026-01-01,.,usdcny
2026-01-02,6.9877,usdcny
2026-01-05,6.988,usdcny
2026-01-06,6.9834,usdcny
2026-01-07,6.9965,usdcny
2026-01-08,6.9835,usdcny
2026-01-09,6.9772,usdcny
2026-01-12,6.9731,usdcny
2026-01-13,6.9775,usdcny
2026-01-14,6.973,usdcny
2026-01-15,6.966,usdcny
2026-01-16,6.9681,usdcny
2026-01-19,.,usdcny
2026-01-20,6.9599,usdcny
2026-01-21,6.9637,usdcny
2026-01-22,6.97,usdcny
2026-01-23,6.9631,usdcny
2026-01-26,6.9542,usdcny
2026-01-27,6.9545,usdcny
2026-01-28,6.9462,usdcny
2026-01-29,6.948,usdcny
2026-01-30,6.951,usdcny
2026-02-02,6.9463,usdcny
2026-02-03,6.9377,usdcny
2026-02-04,6.9415,usdcny
2026-02-05,6.9378,usdcny
2026-02-06,6.9388,usdcny
2026-02-09,6.92,usdcny
2026-02-10,6.9106,usdcny
2026-02-11,6.9125,usdcny
2026-02-12,6.901,usdcny
2026-02-13,6.908,usdcny
2026-02-16,.,usdcny
2026-02-17,6.9031,usdcny
2026-02-18,6.9031,usdcny
2026-02-19,6.9031,usdcny
2026-02-20,6.9031,usdcny
2026-02-23,6.9031,usdcny
2026-02-24,6.883,usdcny
2026-02-25,6.8692,usdcny
2026-02-26,6.8409,usdcny
2026-02-27,6.8579,usdcny
2026-03-02,6.8821,usdcny
2026-03-03,6.8996,usdcny
2026-03-04,6.8969,usdcny
2026-03-05,6.8912,usdcny
2026-03-06,6.8965,usdcny
2026-03-09,6.9066,usdcny
2026-03-10,6.8766,usdcny
2026-03-11,6.8655,usdcny
2026-03-12,6.8689,usdcny
2026-03-13,6.8961,usdcny
2026-03-16,6.8955,usdcny
2026-03-17,6.8863,usdcny
2026-03-18,6.8726,usdcny
2026-03-19,6.8998,usdcny
2026-03-20,6.8857,usdcny
2026-03-23,6.8807,usdcny
2026-03-24,6.8918,usdcny
2026-03-25,6.9011,usdcny
2026-03-26,6.9107,usdcny
2026-03-27,6.9116,usdcny
2026-03-30,6.9119,usdcny
2026-03-31,6.898,usdcny
2026-04-01,6.872,usdcny
2026-04-02,6.8856,usdcny
2026-04-03,6.8824,usdcny
2026-04-06,6.8778,usdcny
2026-04-07,6.8567,usdcny
2026-04-08,6.8287,usdcny
2026-04-09,6.8314,usdcny
2026-04-10,6.8278,usdcny
2026-04-13,6.8303,usdcny
2026-04-14,6.8157,usdcny
2026-04-15,6.818,usdcny
2026-04-16,6.8208,usdcny
2026-04-17,6.817,usdcny
2026-04-20,6.8172,usdcny
2026-04-21,6.8208,usdcny
2026-04-22,6.8275,usdcny
2026-04-23,6.826,usdcny
2026-04-24,6.8359,usdcny
2026-04-27,6.8228,usdcny
2026-04-28,6.8374,usdcny
2026-04-29,6.8375,usdcny
2026-04-30,6.8273,usdcny
2026-05-01,6.8276,usdcny
2026-05-04,6.83,usdcny
2026-05-05,6.8276,usdcny
2026-05-06,6.811,usdcny
2026-05-07,6.8014,usdcny
2026-05-08,6.8005,usdcny
2026-05-11,6.7948,usdcny
2026-05-12,6.792,usdcny
2026-05-13,6.7908,usdcny
2026-05-14,6.7851,usdcny
2026-05-15,6.8092,usdcny
2026-05-18,6.8,usdcny
2026-05-19,6.8145,usdcny
2026-05-20,6.8005,usdcny
2026-05-21,6.8025,usdcny
2026-05-22,6.7945,usdcny
2026-05-25,.,usdcny
2026-05-26,6.786,usdcny
2026-05-27,6.7788,usdcny
2026-05-28,6.7796,usdcny
2026-05-29,6.7662,usdcny
2026-06-01,6.765,usdcny
2026-06-02,6.7622,usdcny
2026-06-03,6.7692,usdcny
2026-06-04,6.7735,usdcny
2026-06-05,6.7655,usdcny
2026-06-08,6.7832,usdcny
2026-06-09,6.7722,usdcny
2026-06-10,6.7745,usdcny
2026-06-11,6.7756,usdcny
2026-06-12,6.7626,usdcny
2026-06-15,6.757,usdcny
2026-06-16,6.7562,usdcny
2026-06-17,6.7577,usdcny
2026-06-18,6.7686,usdcny
2026-06-19,.,usdcny
2026-06-22,6.7745,usdcny
2026-06-23,6.79,usdcny
2026-06-24,6.8106,usdcny
2026-06-25,6.7976,usdcny
2026-06-26,6.798,usdcny
2026-06-29,6.7936,usdcny
2026-06-30,6.7851,usdcny
2026-07-01,6.7942,usdcny
2026-07-02,6.7886,usdcny
2026-07-03,.,usdcny
2026-07-06,6.7958,usdcny
2026-07-07,6.7934,usdcny
2026-07-08,6.8025,usdcny
2026-07-09,6.7921,usdcny
2026-07-10,6.7766,usdcny
2026-07-13,6.7795,usdcny
2026-07-14,6.77,usdcny
2026-07-15,6.7682,usdcny
2026-07-16,6.7726,usdcny
2026-07-17,6.776,usdcny
2026-07-20,6.7668,usdcny
2026-07-21,6.7656,usdcny
2026-07-22,6.7725,usdcny
2026-07-23,6.7701,usdcny
2026-07-24,6.7719,usdcny
2026-07-27,6.7657,usdcny
2026-07-28,6.771,usdcny
2026-07-29,6.7661,usdcny
2026-07-30,6.755,usdcny
2026-07-31,6.7509,usdcny
2026-08-03,6.7563,usdcny
2026-08-04,6.7532,usdcny
2026-08-05,6.7483,usdcny
2026-08-06,6.7488,usdcny
2026-08-07,6.7474,usdcny
2026-08-10,6.7452,usdcny
2026-08-11,6.745,usdcny
2026-08-12,6.7433,usdcny
2026-08-13,6.7428,usdcny
2026-08-14,6.7412,usdcny
2026-08-17,6.7399,usdcny
2026-08-18,6.743,usdcny
2026-08-19,6.7295,usdcny
2026-08-20,6.7225,usdcny
2026-08-21,6.721,usdcny
2026-08-24,6.7219,usdcny
2026-08-25,6.7203,usdcny
2026-08-26,6.7225,usdcny
2026-08-27,6.7198,usdcny
2026-08-28,6.726,usdcny
2026-08-31,6.7197,usdcny
2026-09-01,6.7202,usdcny
2026-09-02,6.719,usdcny
2026-09-03,6.7181,usdcny
2026-09-04,6.7108,usdcny
2026-09-07,.,usdcny
2026-09-08,6.7105,usdcny
2026-09-09,6.7059,usdcny
2026-09-10,6.7061,usdcny
2026-09-11,6.708,usdcny
2026-09-14,6.7082,usdcny
2026-09-15,6.7112,usdcny
2026-09-16,6.706,usdcny
2026-09-17,6.7074,usdcny
2026-09-18,6.6975,usdcny
2026-09-21,6.6947,usdcny
2026-09-22,6.6996,usdcny
2026-09-23,6.7111,usdcny
2026-09-24,6.7128,usdcny
2026-09-25,6.711,usdcny
2010-01-01,78.87,cn_real_fx_index
2010-02-01,80.87,cn_real_fx_index
2010-03-01,79.7,cn_real_fx_index
2010-04-01,79.66,cn_real_fx_index
2010-05-01,81.68,cn_real_fx_index
2010-06-01,82.08,cn_real_fx_index
2010-07-01,81.18,cn_real_fx_index
2010-08-01,80.35,cn_real_fx_index
2010-09-01,80.33,cn_real_fx_index
2010-10-01,79.14,cn_real_fx_index
2010-11-01,80.68,cn_real_fx_index
2010-12-01,81.71,cn_real_fx_index
2011-01-01,81.99,cn_real_fx_index
2011-02-01,82.42,cn_real_fx_index
2011-03-01,81.13,cn_real_fx_index
2011-04-01,80.21,cn_real_fx_index
2011-05-01,80.34,cn_real_fx_index
2011-06-01,80.6,cn_real_fx_index
2011-07-01,80.86,cn_real_fx_index
2011-08-01,81.52,cn_real_fx_index
2011-09-01,84.12,cn_real_fx_index
2011-10-01,85.16,cn_real_fx_index
2011-11-01,85.72,cn_real_fx_index
2011-12-01,87.04,cn_real_fx_index
2012-01-01,88.27,cn_real_fx_index
2012-02-01,87.06,cn_real_fx_index
2012-03-01,87.26,cn_real_fx_index
2012-04-01,87.13,cn_real_fx_index
2012-05-01,87.87,cn_real_fx_index
2012-06-01,87.74,cn_real_fx_index
2012-07-01,87.67,cn_real_fx_index
2012-08-01,87.32,cn_real_fx_index
2012-09-01,86.63,cn_real_fx_index
2012-10-01,86.83,cn_real_fx_index
2012-11-01,88.35,cn_real_fx_index
2012-12-01,88.61,cn_real_fx_index
2013-01-01,89.85,cn_real_fx_index
2013-02-01,91.33,cn_real_fx_index
2013-03-01,91.61,cn_real_fx_index
2013-04-01,92.51,cn_real_fx_index
2013-05-01,93.3,cn_real_fx_index
2013-06-01,93.32,cn_real_fx_index
2013-07-01,94.11,cn_real_fx_index
2013-08-01,94.16,cn_real_fx_index
2013-09-01,94.43,cn_real_fx_index
2013-10-01,93.41,cn_real_fx_index
2013-11-01,94.56,cn_real_fx_index
2013-12-01,95.41,cn_real_fx_index
2014-01-01,97.23,cn_real_fx_index
2014-02-01,97.16,cn_real_fx_index
2014-03-01,94.28,cn_real_fx_index
2014-04-01,92.18,cn_real_fx_index
2014-05-01,91.67,cn_real_fx_index
2014-06-01,91.67,cn_real_fx_index
2014-07-01,92.19,cn_real_fx_index
2014-08-01,93.75,cn_real_fx_index
2014-09-01,96.0,cn_real_fx_index
2014-10-01,97.52,cn_real_fx_index
2014-11-01,99.67,cn_real_fx_index
2014-12-01,100.87,cn_real_fx_index
2015-01-01,102.57,cn_real_fx_index
2015-02-01,104.13,cn_real_fx_index
2015-03-01,104.98,cn_real_fx_index
2015-04-01,104.37,cn_real_fx_index
2015-05-01,103.01,cn_real_fx_index
2015-06-01,103.64,cn_real_fx_index
2015-07-01,105.26,cn_real_fx_index
2015-08-01,104.78,cn_real_fx_index
2015-09-01,104.72,cn_real_fx_index
2015-10-01,103.77,cn_real_fx_index
2015-11-01,105.4,cn_real_fx_index
2015-12-01,104.87,cn_real_fx_index
2016-01-01,104.47,cn_real_fx_index
2016-02-01,105.45,cn_real_fx_index
2016-03-01,103.66,cn_real_fx_index
2016-04-01,101.74,cn_real_fx_index
2016-05-01,100.94,cn_real_fx_index
2016-06-01,99.33,cn_real_fx_index
2016-07-01,98.34,cn_real_fx_index
2016-08-01,97.62,cn_real_fx_index
2016-09-01,97.96,cn_real_fx_index
2016-10-01,97.77,cn_real_fx_index
2016-11-01,98.32,cn_real_fx_index
2016-12-01,99.19,cn_real_fx_index
2017-01-01,99.59,cn_real_fx_index
2017-02-01,98.62,cn_real_fx_index
2017-03-01,97.28,cn_real_fx_index
2017-04-01,96.45,cn_real_fx_index
2017-05-01,95.7,cn_real_fx_index
2017-06-01,95.96,cn_real_fx_index
2017-07-01,96.06,cn_real_fx_index
2017-08-01,96.64,cn_real_fx_index
2017-09-01,97.94,cn_real_fx_index
2017-10-01,98.2,cn_real_fx_index
2017-11-01,98.1,cn_real_fx_index
2017-12-01,98.27,cn_real_fx_index
2018-01-01,99.17,cn_real_fx_index
2018-02-01,101.54,cn_real_fx_index
2018-03-01,100.03,cn_real_fx_index
2018-04-01,100.28,cn_real_fx_index
2018-05-01,100.91,cn_real_fx_index
2018-06-01,100.23,cn_real_fx_index
2018-07-01,97.34,cn_real_fx_index
2018-08-01,96.47,cn_real_fx_index
2018-09-01,97.02,cn_real_fx_index
2018-10-01,96.64,cn_real_fx_index
2018-11-01,96.6,cn_real_fx_index
2018-12-01,97.48,cn_real_fx_index
2019-01-01,98.3,cn_real_fx_index
2019-02-01,100.27,cn_real_fx_index
2019-03-01,100.14,cn_real_fx_index
2019-04-01,99.84,cn_real_fx_index
2019-05-01,98.37,cn_real_fx_index
2019-06-01,96.94,cn_real_fx_index
2019-07-01,97.57,cn_real_fx_index
2019-08-01,96.48,cn_real_fx_index
2019-09-01,96.62,cn_real_fx_index
2019-10-01,97.33,cn_real_fx_index
2019-11-01,98.72,cn_real_fx_index
2019-12-01,98.4,cn_real_fx_index
2020-01-01,100.32,cn_real_fx_index
2020-02-01,101.85,cn_real_fx_index
2020-03-01,101.37,cn_real_fx_index
2020-04-01,101.11,cn_real_fx_index
2020-05-01,99.36,cn_real_fx_index
2020-06-01,97.5,cn_real_fx_index
2020-07-01,98.1,cn_real_fx_index
2020-08-01,98.05,cn_real_fx_index
2020-09-01,99.98,cn_real_fx_index
2020-10-01,100.65,cn_real_fx_index
2020-11-01,100.91,cn_real_fx_index
2020-12-01,100.78,cn_real_fx_index
2021-01-01,101.71,cn_real_fx_index
2021-02-01,103.21,cn_real_fx_index
2021-03-01,103.06,cn_real_fx_index
2021-04-01,101.77,cn_real_fx_index
2021-05-01,101.54,cn_real_fx_index
2021-06-01,101.54,cn_real_fx_index
2021-07-01,102.48,cn_real_fx_index
2021-08-01,102.42,cn_real_fx_index
2021-09-01,102.49,cn_real_fx_index
2021-10-01,104.25,cn_real_fx_index
2021-11-01,105.47,cn_real_fx_index
2021-12-01,106.26,cn_real_fx_index
2022-01-01,105.31,cn_real_fx_index
2022-02-01,106.22,cn_real_fx_index
2022-03-01,107.3,cn_real_fx_index
2022-04-01,106.35,cn_real_fx_index
2022-05-01,102.84,cn_real_fx_index
2022-06-01,103.13,cn_real_fx_index
2022-07-01,105.23,cn_real_fx_index
2022-08-01,103.7,cn_real_fx_index
2022-09-01,103.34,cn_real_fx_index
2022-10-01,101.82,cn_real_fx_index
2022-11-01,98.6,cn_real_fx_index
2022-12-01,98.49,cn_real_fx_index
2023-01-01,98.78,cn_real_fx_index
2023-02-01,98.77,cn_real_fx_index
2023-03-01,97.65,cn_real_fx_index
2023-04-01,95.91,cn_real_fx_index
2023-05-01,94.71,cn_real_fx_index
2023-06-01,92.77,cn_real_fx_index
2023-07-01,91.96,cn_real_fx_index
2023-08-01,92.52,cn_real_fx_index
2023-09-01,93.31,cn_real_fx_index
2023-10-01,93.57,cn_real_fx_index
2023-11-01,92.58,cn_real_fx_index
2023-12-01,92.73,cn_real_fx_index
2024-01-01,92.32,cn_real_fx_index
2024-02-01,94.07,cn_real_fx_index
2024-03-01,92.65,cn_real_fx_index
2024-04-01,92.9,cn_real_fx_index
2024-05-01,92.13,cn_real_fx_index
2024-06-01,92.12,cn_real_fx_index
2024-07-01,92.23,cn_real_fx_index
2024-08-01,91.8,cn_real_fx_index
2024-09-01,91.67,cn_real_fx_index
2024-10-01,92.55,cn_real_fx_index
2024-11-01,92.16,cn_real_fx_index
2024-12-01,92.26,cn_real_fx_index
2025-01-01,92.64,cn_real_fx_index
2025-02-01,92.22,cn_real_fx_index
2025-03-01,90.55,cn_real_fx_index
2025-04-01,87.67,cn_real_fx_index
2025-05-01,86.85,cn_real_fx_index
2025-06-01,86.19,cn_real_fx_index
2025-07-01,86.38,cn_real_fx_index
2025-08-01,86.79,cn_real_fx_index
2025-09-01,87.22,cn_real_fx_index
2025-10-01,87.97,cn_real_fx_index
2025-11-01,88.81,cn_real_fx_index
2025-12-01,89.43,cn_real_fx_index
2026-01-01,89.52,cn_real_fx_index
2026-02-01,90.74,cn_real_fx_index
2026-03-01,91.5,cn_real_fx_index
2026-04-01,91.01,cn_real_fx_index
2026-05-01,90.84,cn_real_fx_index
2026-06-01,92.23,cn_real_fx_index
2026-07-01,92.72,cn_real_fx_index
2010-01,0.015,cn_cpi_yoy
2010-02,0.027000000000000027,cn_cpi_yoy
2010-03,0.024000000000000056,cn_cpi_yoy
2010-04,0.027999999999999973,cn_cpi_yoy
2010-05,0.030999999999999944,cn_cpi_yoy
2010-06,0.029000000000000057,cn_cpi_yoy
2010-07,0.032999999999999974,cn_cpi_yoy
2010-08,0.035,cn_cpi_yoy
2010-09,0.03599999999999994,cn_cpi_yoy
2010-10,0.04400000000000006,cn_cpi_yoy
2010-11,0.05099999999999994,cn_cpi_yoy
2010-12,0.045999999999999944,cn_cpi_yoy
2011-01,0.04900000000000006,cn_cpi_yoy
2011-02,0.04900000000000006,cn_cpi_yoy
2011-03,0.054000000000000055,cn_cpi_yoy
2011-04,0.05299999999999997,cn_cpi_yoy
2011-05,0.055,cn_cpi_yoy
2011-06,0.06400000000000006,cn_cpi_yoy
2011-07,0.065,cn_cpi_yoy
2011-08,0.06200000000000003,cn_cpi_yoy
2011-09,0.06099999999999994,cn_cpi_yoy
2011-10,0.055,cn_cpi_yoy
2011-11,0.04200000000000003,cn_cpi_yoy
2011-12,0.040999999999999946,cn_cpi_yoy
2012-01,0.045,cn_cpi_yoy
2012-02,0.03200000000000003,cn_cpi_yoy
2012-03,0.03599999999999994,cn_cpi_yoy
2012-04,0.03400000000000006,cn_cpi_yoy
2012-05,0.03,cn_cpi_yoy
2012-06,0.02200000000000003,cn_cpi_yoy
2012-07,0.01799999999999997,cn_cpi_yoy
2012-08,0.02,cn_cpi_yoy
2012-09,0.01900000000000006,cn_cpi_yoy
2012-10,0.01700000000000003,cn_cpi_yoy
2012-11,0.02,cn_cpi_yoy
2012-12,0.025,cn_cpi_yoy
2013-01,0.02,cn_cpi_yoy
2013-02,0.03200000000000003,cn_cpi_yoy
2013-03,0.020999999999999942,cn_cpi_yoy
2013-04,0.024000000000000056,cn_cpi_yoy
2013-05,0.020999999999999942,cn_cpi_yoy
2013-06,0.027000000000000027,cn_cpi_yoy
2013-07,0.027000000000000027,cn_cpi_yoy
2013-08,0.025999999999999943,cn_cpi_yoy
2013-09,0.030999999999999944,cn_cpi_yoy
2013-10,0.03200000000000003,cn_cpi_yoy
2013-11,0.03,cn_cpi_yoy
2013-12,0.025,cn_cpi_yoy
2014-01,0.025,cn_cpi_yoy
2014-02,0.02,cn_cpi_yoy
2014-03,0.024000000000000056,cn_cpi_yoy
2014-04,0.01799999999999997,cn_cpi_yoy
2014-05,0.025,cn_cpi_yoy
2014-06,0.022999999999999972,cn_cpi_yoy
2014-07,0.022999999999999972,cn_cpi_yoy
2014-08,0.02,cn_cpi_yoy
2014-09,0.015999999999999945,cn_cpi_yoy
2014-10,0.015999999999999945,cn_cpi_yoy
2014-11,0.014000000000000058,cn_cpi_yoy
2014-12,0.015,cn_cpi_yoy
2015-01,0.007999999999999972,cn_cpi_yoy
2015-02,0.014000000000000058,cn_cpi_yoy
2015-03,0.014000000000000058,cn_cpi_yoy
2015-04,0.015,cn_cpi_yoy
2015-05,0.012000000000000028,cn_cpi_yoy
2015-06,0.014000000000000058,cn_cpi_yoy
2015-07,0.015999999999999945,cn_cpi_yoy
2015-08,0.02,cn_cpi_yoy
2015-09,0.015999999999999945,cn_cpi_yoy
2015-10,0.012999999999999972,cn_cpi_yoy
2015-11,0.015,cn_cpi_yoy
2015-12,0.015999999999999945,cn_cpi_yoy
2016-01,0.01799999999999997,cn_cpi_yoy
2016-02,0.022999999999999972,cn_cpi_yoy
2016-03,0.022999999999999972,cn_cpi_yoy
2016-04,0.022999999999999972,cn_cpi_yoy
2016-05,0.02,cn_cpi_yoy
2016-06,0.01900000000000006,cn_cpi_yoy
2016-07,0.01799999999999997,cn_cpi_yoy
2016-08,0.012999999999999972,cn_cpi_yoy
2016-09,0.01900000000000006,cn_cpi_yoy
2016-10,0.020999999999999942,cn_cpi_yoy
2016-11,0.022999999999999972,cn_cpi_yoy
2016-12,0.020999999999999942,cn_cpi_yoy
2017-01,0.025,cn_cpi_yoy
2017-02,0.007999999999999972,cn_cpi_yoy
2017-03,0.009000000000000057,cn_cpi_yoy
2017-04,0.012000000000000028,cn_cpi_yoy
2017-05,0.015,cn_cpi_yoy
2017-06,0.015,cn_cpi_yoy
2017-07,0.014000000000000058,cn_cpi_yoy
2017-08,0.01799999999999997,cn_cpi_yoy
2017-09,0.015999999999999945,cn_cpi_yoy
2017-10,0.01900000000000006,cn_cpi_yoy
2017-11,0.01700000000000003,cn_cpi_yoy
2017-12,0.01799999999999997,cn_cpi_yoy
2018-01,0.015,cn_cpi_yoy
2018-02,0.029000000000000057,cn_cpi_yoy
2018-03,0.020999999999999942,cn_cpi_yoy
2018-04,0.01799999999999997,cn_cpi_yoy
2018-05,0.01799999999999997,cn_cpi_yoy
2018-06,0.01900000000000006,cn_cpi_yoy
2018-07,0.020999999999999942,cn_cpi_yoy
2018-08,0.022999999999999972,cn_cpi_yoy
2018-09,0.025,cn_cpi_yoy
2018-10,0.025,cn_cpi_yoy
2018-11,0.02200000000000003,cn_cpi_yoy
2018-12,0.01900000000000006,cn_cpi_yoy
2019-01,0.01700000000000003,cn_cpi_yoy
2019-02,0.015,cn_cpi_yoy
2019-03,0.022999999999999972,cn_cpi_yoy
2019-04,0.025,cn_cpi_yoy
2019-05,0.027000000000000027,cn_cpi_yoy
2019-06,0.027000000000000027,cn_cpi_yoy
2019-07,0.027999999999999973,cn_cpi_yoy
2019-08,0.027999999999999973,cn_cpi_yoy
2019-09,0.03,cn_cpi_yoy
2019-10,0.03799999999999997,cn_cpi_yoy
2019-11,0.045,cn_cpi_yoy
2019-12,0.045,cn_cpi_yoy
2020-01,0.054000000000000055,cn_cpi_yoy
2020-02,0.052000000000000025,cn_cpi_yoy
2020-03,0.04299999999999997,cn_cpi_yoy
2020-04,0.032999999999999974,cn_cpi_yoy
2020-05,0.024000000000000056,cn_cpi_yoy
2020-06,0.025,cn_cpi_yoy
2020-07,0.027000000000000027,cn_cpi_yoy
2020-08,0.024000000000000056,cn_cpi_yoy
2020-09,0.01700000000000003,cn_cpi_yoy
2020-10,0.005,cn_cpi_yoy
2020-11,-0.005,cn_cpi_yoy
2020-12,0.0020000000000000282,cn_cpi_yoy
2021-01,-0.0029999999999999714,cn_cpi_yoy
2021-02,-0.0020000000000000282,cn_cpi_yoy
2021-03,0.0040000000000000565,cn_cpi_yoy
2021-04,0.009000000000000057,cn_cpi_yoy
2021-05,0.012999999999999972,cn_cpi_yoy
2021-06,0.010999999999999944,cn_cpi_yoy
2021-07,0.01,cn_cpi_yoy
2021-08,0.007999999999999972,cn_cpi_yoy
2021-09,0.007000000000000029,cn_cpi_yoy
2021-10,0.015,cn_cpi_yoy
2021-11,0.022999999999999972,cn_cpi_yoy
2021-12,0.015,cn_cpi_yoy
2022-01,0.009000000000000057,cn_cpi_yoy
2022-02,0.009000000000000057,cn_cpi_yoy
2022-03,0.015,cn_cpi_yoy
2022-04,0.020999999999999942,cn_cpi_yoy
2022-05,0.020999999999999942,cn_cpi_yoy
2022-06,0.025,cn_cpi_yoy
2022-07,0.027000000000000027,cn_cpi_yoy
2022-08,0.025,cn_cpi_yoy
2022-09,0.027999999999999973,cn_cpi_yoy
2022-10,0.020999999999999942,cn_cpi_yoy
2022-11,0.015999999999999945,cn_cpi_yoy
2022-12,0.01799999999999997,cn_cpi_yoy
2023-01,0.020999999999999942,cn_cpi_yoy
2023-02,0.01,cn_cpi_yoy
2023-03,0.007000000000000029,cn_cpi_yoy
2023-04,0.0009999999999999432,cn_cpi_yoy
2023-05,0.0020000000000000282,cn_cpi_yoy
2023-06,0.0,cn_cpi_yoy
2023-07,-0.0029999999999999714,cn_cpi_yoy
2023-08,0.0009999999999999432,cn_cpi_yoy
2023-09,0.0,cn_cpi_yoy
2023-10,-0.0020000000000000282,cn_cpi_yoy
2023-11,-0.005,cn_cpi_yoy
2023-12,-0.0029999999999999714,cn_cpi_yoy
2024-01,-0.007999999999999972,cn_cpi_yoy
2024-02,0.007000000000000029,cn_cpi_yoy
2024-03,0.0009999999999999432,cn_cpi_yoy
2024-04,0.0029999999999999714,cn_cpi_yoy
2024-05,0.0029999999999999714,cn_cpi_yoy
2024-06,0.0020000000000000282,cn_cpi_yoy
2024-07,0.005,cn_cpi_yoy
2024-08,0.005999999999999943,cn_cpi_yoy
2024-09,0.0040000000000000565,cn_cpi_yoy
2024-10,0.0029999999999999714,cn_cpi_yoy
2024-11,0.0020000000000000282,cn_cpi_yoy
2024-12,0.0009999999999999432,cn_cpi_yoy
2025-01,0.005,cn_cpi_yoy
2025-02,-0.007000000000000029,cn_cpi_yoy
2025-03,-0.0009999999999999432,cn_cpi_yoy
2025-04,-0.0009999999999999432,cn_cpi_yoy
2025-05,-0.0009999999999999432,cn_cpi_yoy
2025-06,0.0009999999999999432,cn_cpi_yoy
2025-07,0.0,cn_cpi_yoy
2025-08,-0.0040000000000000565,cn_cpi_yoy
2025-09,-0.0029999999999999714,cn_cpi_yoy
2025-10,0.0020000000000000282,cn_cpi_yoy
2025-11,0.007000000000000029,cn_cpi_yoy
2025-12,0.007999999999999972,cn_cpi_yoy
2026-01,0.0020000000000000282,cn_cpi_yoy
2026-02,0.012999999999999972,cn_cpi_yoy
2026-03,0.01,cn_cpi_yoy
2026-04,0.012000000000000028,cn_cpi_yoy
2026-05,0.012000000000000028,cn_cpi_yoy
2026-06,0.01,cn_cpi_yoy
2026-07,0.005,cn_cpi_yoy
2026-08,0.007999999999999972,cn_cpi_yoy
2010-01,104.3,cn_ppi_yoy
2010-02,105.4,cn_ppi_yoy
2010-03,105.9,cn_ppi_yoy
2010-04,106.8,cn_ppi_yoy
2010-05,107.1,cn_ppi_yoy
2010-06,106.4,cn_ppi_yoy
2010-07,104.8,cn_ppi_yoy
2010-08,104.3,cn_ppi_yoy
2010-09,104.3,cn_ppi_yoy
2010-10,105.0,cn_ppi_yoy
2010-11,106.1,cn_ppi_yoy
2010-12,105.9,cn_ppi_yoy
2011-01,106.6,cn_ppi_yoy
2011-02,107.2,cn_ppi_yoy
2011-03,107.3,cn_ppi_yoy
2011-04,106.8,cn_ppi_yoy
2011-05,106.8,cn_ppi_yoy
2011-06,107.1,cn_ppi_yoy
2011-07,107.5,cn_ppi_yoy
2011-08,107.3,cn_ppi_yoy
2011-09,106.5,cn_ppi_yoy
2011-10,105.0,cn_ppi_yoy
2011-11,102.7,cn_ppi_yoy
2011-12,101.7,cn_ppi_yoy
2012-01,100.7,cn_ppi_yoy
2012-02,100.0,cn_ppi_yoy
2012-03,99.7,cn_ppi_yoy
2012-04,99.3,cn_ppi_yoy
2012-05,98.6,cn_ppi_yoy
2012-06,97.9,cn_ppi_yoy
2012-07,97.1,cn_ppi_yoy
2012-08,96.5,cn_ppi_yoy
2012-09,96.4,cn_ppi_yoy
2012-10,97.2,cn_ppi_yoy
2012-11,97.8,cn_ppi_yoy
2012-12,98.1,cn_ppi_yoy
2013-01,98.4,cn_ppi_yoy
2013-02,98.4,cn_ppi_yoy
2013-03,98.1,cn_ppi_yoy
2013-04,97.4,cn_ppi_yoy
2013-05,97.1,cn_ppi_yoy
2013-06,97.3,cn_ppi_yoy
2013-07,97.7,cn_ppi_yoy
2013-08,98.4,cn_ppi_yoy
2013-09,98.7,cn_ppi_yoy
2013-10,98.5,cn_ppi_yoy
2013-11,98.6,cn_ppi_yoy
2013-12,98.6,cn_ppi_yoy
2014-01,98.4,cn_ppi_yoy
2014-02,98.0,cn_ppi_yoy
2014-03,97.7,cn_ppi_yoy
2014-04,98.0,cn_ppi_yoy
2014-05,98.6,cn_ppi_yoy
2014-06,98.9,cn_ppi_yoy
2014-07,99.1,cn_ppi_yoy
2014-08,98.8,cn_ppi_yoy
2014-09,98.2,cn_ppi_yoy
2014-10,97.8,cn_ppi_yoy
2014-11,97.3,cn_ppi_yoy
2014-12,96.7,cn_ppi_yoy
2015-01,95.7,cn_ppi_yoy
2015-02,95.2,cn_ppi_yoy
2015-03,95.4,cn_ppi_yoy
2015-04,95.4,cn_ppi_yoy
2015-05,95.4,cn_ppi_yoy
2015-06,95.2,cn_ppi_yoy
2015-07,94.6,cn_ppi_yoy
2015-08,94.1,cn_ppi_yoy
2015-09,94.1,cn_ppi_yoy
2015-10,94.1,cn_ppi_yoy
2015-11,94.1,cn_ppi_yoy
2015-12,94.1,cn_ppi_yoy
2016-01,94.7,cn_ppi_yoy
2016-02,95.1,cn_ppi_yoy
2016-03,95.7,cn_ppi_yoy
2016-04,96.6,cn_ppi_yoy
2016-05,97.2,cn_ppi_yoy
2016-06,97.4,cn_ppi_yoy
2016-07,98.3,cn_ppi_yoy
2016-08,99.2,cn_ppi_yoy
2016-09,100.1,cn_ppi_yoy
2016-10,101.2,cn_ppi_yoy
2016-11,103.3,cn_ppi_yoy
2016-12,105.5,cn_ppi_yoy
2017-01,106.9,cn_ppi_yoy
2017-02,107.8,cn_ppi_yoy
2017-03,107.6,cn_ppi_yoy
2017-04,106.4,cn_ppi_yoy
2017-05,105.5,cn_ppi_yoy
2017-06,105.5,cn_ppi_yoy
2017-07,105.5,cn_ppi_yoy
2017-08,106.3,cn_ppi_yoy
2017-09,106.9,cn_ppi_yoy
2017-10,106.9,cn_ppi_yoy
2017-11,105.8,cn_ppi_yoy
2017-12,104.9,cn_ppi_yoy
2018-01,104.3,cn_ppi_yoy
2018-02,103.7,cn_ppi_yoy
2018-03,103.1,cn_ppi_yoy
2018-04,103.4,cn_ppi_yoy
2018-05,104.1,cn_ppi_yoy
2018-06,104.7,cn_ppi_yoy
2018-07,104.6,cn_ppi_yoy
2018-08,104.1,cn_ppi_yoy
2018-09,103.6,cn_ppi_yoy
2018-10,103.3,cn_ppi_yoy
2018-11,102.7,cn_ppi_yoy
2018-12,100.9,cn_ppi_yoy
2019-01,100.1,cn_ppi_yoy
2019-02,100.1,cn_ppi_yoy
2019-03,100.4,cn_ppi_yoy
2019-04,100.9,cn_ppi_yoy
2019-05,100.6,cn_ppi_yoy
2019-06,100.0,cn_ppi_yoy
2019-07,99.7,cn_ppi_yoy
2019-08,99.2,cn_ppi_yoy
2019-09,98.8,cn_ppi_yoy
2019-10,98.4,cn_ppi_yoy
2019-11,98.6,cn_ppi_yoy
2019-12,99.5,cn_ppi_yoy
2020-01,100.1,cn_ppi_yoy
2020-02,99.6,cn_ppi_yoy
2020-03,98.5,cn_ppi_yoy
2020-04,96.9,cn_ppi_yoy
2020-05,96.3,cn_ppi_yoy
2020-06,97.0,cn_ppi_yoy
2020-07,97.6,cn_ppi_yoy
2020-08,98.0,cn_ppi_yoy
2020-09,97.9,cn_ppi_yoy
2020-10,97.9,cn_ppi_yoy
2020-11,98.5,cn_ppi_yoy
2020-12,99.6,cn_ppi_yoy
2021-01,100.3,cn_ppi_yoy
2021-02,101.7,cn_ppi_yoy
2021-03,104.4,cn_ppi_yoy
2021-04,106.8,cn_ppi_yoy
2021-05,109.0,cn_ppi_yoy
2021-06,108.8,cn_ppi_yoy
2021-07,109.0,cn_ppi_yoy
2021-08,109.5,cn_ppi_yoy
2021-09,110.7,cn_ppi_yoy
2021-10,113.5,cn_ppi_yoy
2021-11,112.9,cn_ppi_yoy
2021-12,110.3,cn_ppi_yoy
2022-01,109.1,cn_ppi_yoy
2022-02,108.8,cn_ppi_yoy
2022-03,108.3,cn_ppi_yoy
2022-04,108.0,cn_ppi_yoy
2022-05,106.4,cn_ppi_yoy
2022-06,106.1,cn_ppi_yoy
2022-07,104.2,cn_ppi_yoy
2022-08,102.3,cn_ppi_yoy
2022-09,100.9,cn_ppi_yoy
2022-10,98.7,cn_ppi_yoy
2022-11,98.7,cn_ppi_yoy
2022-12,99.3,cn_ppi_yoy
2023-01,99.2,cn_ppi_yoy
2023-02,98.6,cn_ppi_yoy
2023-03,97.5,cn_ppi_yoy
2023-04,96.4,cn_ppi_yoy
2023-05,95.4,cn_ppi_yoy
2023-06,94.6,cn_ppi_yoy
2023-07,95.6,cn_ppi_yoy
2023-08,97.0,cn_ppi_yoy
2023-09,97.5,cn_ppi_yoy
2023-10,97.4,cn_ppi_yoy
2023-11,97.0,cn_ppi_yoy
2023-12,97.3,cn_ppi_yoy
2024-01,97.5,cn_ppi_yoy
2024-02,97.3,cn_ppi_yoy
2024-03,97.2,cn_ppi_yoy
2024-04,97.5,cn_ppi_yoy
2024-05,98.6,cn_ppi_yoy
2024-06,99.2,cn_ppi_yoy
2024-07,99.2,cn_ppi_yoy
2024-08,98.2,cn_ppi_yoy
2024-09,97.2,cn_ppi_yoy
2024-10,97.1,cn_ppi_yoy
2024-11,97.5,cn_ppi_yoy
2024-12,97.7,cn_ppi_yoy
2025-01,97.7,cn_ppi_yoy
2025-02,97.8,cn_ppi_yoy
2025-03,97.5,cn_ppi_yoy
2025-04,97.3,cn_ppi_yoy
2025-05,96.7,cn_ppi_yoy
2025-06,96.4,cn_ppi_yoy
2025-07,96.4,cn_ppi_yoy
2025-08,97.1,cn_ppi_yoy
2025-09,97.7,cn_ppi_yoy
2025-10,97.9,cn_ppi_yoy
2025-11,97.8,cn_ppi_yoy
2025-12,98.1,cn_ppi_yoy
2026-01,98.6,cn_ppi_yoy
2026-02,99.1,cn_ppi_yoy
2026-03,100.5,cn_ppi_yoy
2026-04,102.8,cn_ppi_yoy
2026-05,103.9,cn_ppi_yoy
2026-06,104.1,cn_ppi_yoy
2026-07,103.5,cn_ppi_yoy
2026-08,103.8,cn_ppi_yoy
2011Q1,100490.0,cn_real_gdp
2011Q2,112089.8,cn_real_gdp
2011Q3,117167.9,cn_real_gdp
2011Q4,129175.6,cn_real_gdp
2012Q1,108621.0,cn_real_gdp
2012Q2,120674.3,cn_real_gdp
2012Q3,126004.9,cn_real_gdp
2012Q4,139684.4,cn_real_gdp
2013Q1,117211.9,cn_real_gdp
2013Q2,129822.0,cn_real_gdp
2013Q3,136015.8,cn_real_gdp
2013Q4,150436.9,cn_real_gdp
2014Q1,126096.9,cn_real_gdp
2014Q2,139762.7,cn_real_gdp
2014Q3,145915.4,cn_real_gdp
2014Q4,161515.0,cn_real_gdp
2015Q1,134991.8,cn_real_gdp
2015Q2,149632.2,cn_real_gdp
2015Q3,156060.3,cn_real_gdp
2015Q4,172630.8,cn_real_gdp
2016Q1,165118.1,cn_real_gdp
2016Q2,183371.5,cn_real_gdp
2016Q3,192174.4,cn_real_gdp
2016Q4,209433.4,cn_real_gdp
2017Q1,176649.8,cn_real_gdp
2017Q2,196116.2,cn_real_gdp
2017Q3,205362.6,cn_real_gdp
2017Q4,223659.8,cn_real_gdp
2018Q1,188926.3,cn_real_gdp
2018Q2,209673.7,cn_real_gdp
2018Q3,219079.5,cn_real_gdp
2018Q4,238292.3,cn_real_gdp
2019Q1,201017.6,cn_real_gdp
2019Q2,222389.6,cn_real_gdp
2019Q3,232153.3,cn_real_gdp
2019Q4,252346.2,cn_real_gdp
2020Q1,187417.1,cn_real_gdp
2020Q2,229396.0,cn_real_gdp
2020Q3,243567.3,cn_real_gdp
2020Q4,268766.9,cn_real_gdp
2021Q1,251564.0,cn_real_gdp
2021Q2,273519.5,cn_real_gdp
2021Q3,285059.2,cn_real_gdp
2021Q4,313417.0,cn_real_gdp
2022Q1,263762.9,cn_real_gdp
2022Q2,275704.6,cn_real_gdp
2022Q3,296333.6,cn_real_gdp
2022Q4,322969.4,cn_real_gdp
2023Q1,276286.8,cn_real_gdp
2023Q2,293711.1,cn_real_gdp
2023Q3,311288.6,cn_real_gdp
2023Q4,340242.9,cn_real_gdp
2024Q1,290792.0,cn_real_gdp
2024Q2,307369.0,cn_real_gdp
2024Q3,325479.2,cn_real_gdp
2024Q4,358465.4,cn_real_gdp
2025Q1,306571.0,cn_real_gdp
2025Q2,323458.2,cn_real_gdp
2025Q3,341216.5,cn_real_gdp
2025Q4,374444.5,cn_real_gdp
2026Q1,335748.7,cn_real_gdp
2026Q2,351222.7,cn_real_gdp
2010Q1,112.2,cn_gdp_growth
2010Q2,110.7,cn_gdp_growth
2010Q3,109.9,cn_gdp_growth
2010Q4,109.9,cn_gdp_growth
2011Q1,110.1,cn_gdp_growth
2011Q2,109.9,cn_gdp_growth
2011Q3,109.3,cn_gdp_growth
2011Q4,108.7,cn_gdp_growth
2012Q1,108.1,cn_gdp_growth
2012Q2,107.7,cn_gdp_growth
2012Q3,107.5,cn_gdp_growth
2012Q4,108.1,cn_gdp_growth
2013Q1,107.9,cn_gdp_growth
2013Q2,107.6,cn_gdp_growth
2013Q3,107.9,cn_gdp_growth
2013Q4,107.7,cn_gdp_growth
2014Q1,107.6,cn_gdp_growth
2014Q2,107.7,cn_gdp_growth
2014Q3,107.3,cn_gdp_growth
2014Q4,107.4,cn_gdp_growth
2015Q1,107.1,cn_gdp_growth
2015Q2,107.1,cn_gdp_growth
2015Q3,107.0,cn_gdp_growth
2015Q4,106.9,cn_gdp_growth
2016Q1,106.8,cn_gdp_growth
2016Q2,106.7,cn_gdp_growth
2016Q3,106.7,cn_gdp_growth
2016Q4,106.8,cn_gdp_growth
2017Q1,107.0,cn_gdp_growth
2017Q2,107.0,cn_gdp_growth
2017Q3,106.9,cn_gdp_growth
2017Q4,106.8,cn_gdp_growth
2018Q1,106.9,cn_gdp_growth
2018Q2,106.9,cn_gdp_growth
2018Q3,106.7,cn_gdp_growth
2018Q4,106.5,cn_gdp_growth
2019Q1,106.4,cn_gdp_growth
2019Q2,106.1,cn_gdp_growth
2019Q3,106.0,cn_gdp_growth
2019Q4,105.9,cn_gdp_growth
2020Q1,93.2,cn_gdp_growth
2020Q2,103.2,cn_gdp_growth
2020Q3,104.9,cn_gdp_growth
2020Q4,106.5,cn_gdp_growth
2021Q1,118.9,cn_gdp_growth
2021Q2,108.1,cn_gdp_growth
2021Q3,105.5,cn_gdp_growth
2021Q4,104.5,cn_gdp_growth
2022Q1,104.8,cn_gdp_growth
2022Q2,100.8,cn_gdp_growth
2022Q3,104.0,cn_gdp_growth
2022Q4,103.0,cn_gdp_growth
2023Q1,104.7,cn_gdp_growth
2023Q2,106.5,cn_gdp_growth
2023Q3,105.0,cn_gdp_growth
2023Q4,105.3,cn_gdp_growth
2024Q1,105.3,cn_gdp_growth
2024Q2,104.7,cn_gdp_growth
2024Q3,104.6,cn_gdp_growth
2024Q4,105.4,cn_gdp_growth
2025Q1,105.4,cn_gdp_growth
2025Q2,105.2,cn_gdp_growth
2025Q3,104.8,cn_gdp_growth
2025Q4,104.5,cn_gdp_growth
2026Q1,105.0,cn_gdp_growth
2026Q2,104.3,cn_gdp_growth
2010-01,55.8,cn_pmi_manufacturing
2010-02,52.0,cn_pmi_manufacturing
2010-03,55.1,cn_pmi_manufacturing
2010-04,55.7,cn_pmi_manufacturing
2010-05,53.9,cn_pmi_manufacturing
2010-06,52.1,cn_pmi_manufacturing
2010-07,51.2,cn_pmi_manufacturing
2010-08,51.7,cn_pmi_manufacturing
2010-09,53.8,cn_pmi_manufacturing
2010-10,54.7,cn_pmi_manufacturing
2010-11,55.2,cn_pmi_manufacturing
2010-12,53.9,cn_pmi_manufacturing
2011-01,52.9,cn_pmi_manufacturing
2011-02,52.2,cn_pmi_manufacturing
2011-03,53.4,cn_pmi_manufacturing
2011-04,52.9,cn_pmi_manufacturing
2011-05,52.0,cn_pmi_manufacturing
2011-06,50.9,cn_pmi_manufacturing
2011-07,50.7,cn_pmi_manufacturing
2011-08,50.9,cn_pmi_manufacturing
2011-09,51.2,cn_pmi_manufacturing
2011-10,50.4,cn_pmi_manufacturing
2011-11,49.0,cn_pmi_manufacturing
2011-12,50.3,cn_pmi_manufacturing
2012-01,50.5,cn_pmi_manufacturing
2012-02,51.0,cn_pmi_manufacturing
2012-03,53.1,cn_pmi_manufacturing
2012-04,53.3,cn_pmi_manufacturing
2012-05,50.4,cn_pmi_manufacturing
2012-06,50.2,cn_pmi_manufacturing
2012-07,50.1,cn_pmi_manufacturing
2012-08,49.2,cn_pmi_manufacturing
2012-09,49.8,cn_pmi_manufacturing
2012-10,50.2,cn_pmi_manufacturing
2012-11,50.6,cn_pmi_manufacturing
2012-12,50.6,cn_pmi_manufacturing
2013-01,50.4,cn_pmi_manufacturing
2013-02,50.1,cn_pmi_manufacturing
2013-03,50.9,cn_pmi_manufacturing
2013-04,50.6,cn_pmi_manufacturing
2013-05,50.8,cn_pmi_manufacturing
2013-06,50.1,cn_pmi_manufacturing
2013-07,50.3,cn_pmi_manufacturing
2013-08,51.0,cn_pmi_manufacturing
2013-09,51.1,cn_pmi_manufacturing
2013-10,51.4,cn_pmi_manufacturing
2013-11,51.4,cn_pmi_manufacturing
2013-12,51.0,cn_pmi_manufacturing
2014-01,50.5,cn_pmi_manufacturing
2014-02,50.2,cn_pmi_manufacturing
2014-03,50.3,cn_pmi_manufacturing
2014-04,50.4,cn_pmi_manufacturing
2014-05,50.8,cn_pmi_manufacturing
2014-06,51.0,cn_pmi_manufacturing
2014-07,51.7,cn_pmi_manufacturing
2014-08,51.1,cn_pmi_manufacturing
2014-09,51.1,cn_pmi_manufacturing
2014-10,50.8,cn_pmi_manufacturing
2014-11,50.3,cn_pmi_manufacturing
2014-12,50.1,cn_pmi_manufacturing
2015-01,49.8,cn_pmi_manufacturing
2015-02,49.9,cn_pmi_manufacturing
2015-03,50.1,cn_pmi_manufacturing
2015-04,50.1,cn_pmi_manufacturing
2015-05,50.2,cn_pmi_manufacturing
2015-06,50.2,cn_pmi_manufacturing
2015-07,50.0,cn_pmi_manufacturing
2015-08,49.7,cn_pmi_manufacturing
2015-09,49.8,cn_pmi_manufacturing
2015-10,49.8,cn_pmi_manufacturing
2015-11,49.6,cn_pmi_manufacturing
2015-12,49.7,cn_pmi_manufacturing
2016-01,49.4,cn_pmi_manufacturing
2016-02,49.0,cn_pmi_manufacturing
2016-03,50.2,cn_pmi_manufacturing
2016-04,50.1,cn_pmi_manufacturing
2016-05,50.1,cn_pmi_manufacturing
2016-06,50.0,cn_pmi_manufacturing
2016-07,49.9,cn_pmi_manufacturing
2016-08,50.4,cn_pmi_manufacturing
2016-09,50.4,cn_pmi_manufacturing
2016-10,51.2,cn_pmi_manufacturing
2016-11,51.7,cn_pmi_manufacturing
2016-12,51.4,cn_pmi_manufacturing
2017-01,51.3,cn_pmi_manufacturing
2017-02,51.6,cn_pmi_manufacturing
2017-03,51.8,cn_pmi_manufacturing
2017-04,51.2,cn_pmi_manufacturing
2017-05,51.2,cn_pmi_manufacturing
2017-06,51.7,cn_pmi_manufacturing
2017-07,51.4,cn_pmi_manufacturing
2017-08,51.7,cn_pmi_manufacturing
2017-09,52.4,cn_pmi_manufacturing
2017-10,51.6,cn_pmi_manufacturing
2017-11,51.8,cn_pmi_manufacturing
2017-12,51.6,cn_pmi_manufacturing
2018-01,51.3,cn_pmi_manufacturing
2018-02,50.3,cn_pmi_manufacturing
2018-03,51.5,cn_pmi_manufacturing
2018-04,51.4,cn_pmi_manufacturing
2018-05,51.9,cn_pmi_manufacturing
2018-06,51.5,cn_pmi_manufacturing
2018-07,51.2,cn_pmi_manufacturing
2018-08,51.3,cn_pmi_manufacturing
2018-09,50.8,cn_pmi_manufacturing
2018-10,50.2,cn_pmi_manufacturing
2018-11,50.0,cn_pmi_manufacturing
2018-12,49.4,cn_pmi_manufacturing
2019-01,49.5,cn_pmi_manufacturing
2019-02,49.2,cn_pmi_manufacturing
2019-03,50.5,cn_pmi_manufacturing
2019-04,50.1,cn_pmi_manufacturing
2019-05,49.4,cn_pmi_manufacturing
2019-06,49.4,cn_pmi_manufacturing
2019-07,49.7,cn_pmi_manufacturing
2019-08,49.5,cn_pmi_manufacturing
2019-09,49.8,cn_pmi_manufacturing
2019-10,49.3,cn_pmi_manufacturing
2019-11,50.2,cn_pmi_manufacturing
2019-12,50.2,cn_pmi_manufacturing
2020-01,50.0,cn_pmi_manufacturing
2020-02,35.7,cn_pmi_manufacturing
2020-03,52.0,cn_pmi_manufacturing
2020-04,50.8,cn_pmi_manufacturing
2020-05,50.6,cn_pmi_manufacturing
2020-06,50.9,cn_pmi_manufacturing
2020-07,51.1,cn_pmi_manufacturing
2020-08,51.0,cn_pmi_manufacturing
2020-09,51.5,cn_pmi_manufacturing
2020-10,51.4,cn_pmi_manufacturing
2020-11,52.1,cn_pmi_manufacturing
2020-12,51.9,cn_pmi_manufacturing
2021-01,51.3,cn_pmi_manufacturing
2021-02,50.6,cn_pmi_manufacturing
2021-03,51.9,cn_pmi_manufacturing
2021-04,51.1,cn_pmi_manufacturing
2021-05,51.0,cn_pmi_manufacturing
2021-06,50.9,cn_pmi_manufacturing
2021-07,50.4,cn_pmi_manufacturing
2021-08,50.1,cn_pmi_manufacturing
2021-09,49.6,cn_pmi_manufacturing
2021-10,49.2,cn_pmi_manufacturing
2021-11,50.1,cn_pmi_manufacturing
2021-12,50.3,cn_pmi_manufacturing
2022-01,50.1,cn_pmi_manufacturing
2022-02,50.2,cn_pmi_manufacturing
2022-03,49.5,cn_pmi_manufacturing
2022-04,47.4,cn_pmi_manufacturing
2022-05,49.6,cn_pmi_manufacturing
2022-06,50.2,cn_pmi_manufacturing
2022-07,49.0,cn_pmi_manufacturing
2022-08,49.4,cn_pmi_manufacturing
2022-09,50.1,cn_pmi_manufacturing
2022-10,49.2,cn_pmi_manufacturing
2022-11,48.0,cn_pmi_manufacturing
2022-12,47.0,cn_pmi_manufacturing
2023-01,50.1,cn_pmi_manufacturing
2023-02,52.6,cn_pmi_manufacturing
2023-03,51.9,cn_pmi_manufacturing
2023-04,49.2,cn_pmi_manufacturing
2023-05,48.8,cn_pmi_manufacturing
2023-06,49.0,cn_pmi_manufacturing
2023-07,49.3,cn_pmi_manufacturing
2023-08,49.7,cn_pmi_manufacturing
2023-09,50.2,cn_pmi_manufacturing
2023-10,49.5,cn_pmi_manufacturing
2023-11,49.4,cn_pmi_manufacturing
2023-12,49.0,cn_pmi_manufacturing
2024-01,49.2,cn_pmi_manufacturing
2024-02,49.1,cn_pmi_manufacturing
2024-03,50.8,cn_pmi_manufacturing
2024-04,50.4,cn_pmi_manufacturing
2024-05,49.5,cn_pmi_manufacturing
2024-06,49.5,cn_pmi_manufacturing
2024-07,49.4,cn_pmi_manufacturing
2024-08,49.1,cn_pmi_manufacturing
2024-09,49.8,cn_pmi_manufacturing
2024-10,50.1,cn_pmi_manufacturing
2024-11,50.3,cn_pmi_manufacturing
2024-12,50.1,cn_pmi_manufacturing
2025-01,49.1,cn_pmi_manufacturing
2025-02,50.2,cn_pmi_manufacturing
2025-03,50.5,cn_pmi_manufacturing
2025-04,49.0,cn_pmi_manufacturing
2025-05,49.5,cn_pmi_manufacturing
2025-06,49.7,cn_pmi_manufacturing
2025-07,49.3,cn_pmi_manufacturing
2025-08,49.4,cn_pmi_manufacturing
2025-09,49.8,cn_pmi_manufacturing
2025-10,49.0,cn_pmi_manufacturing
2025-11,49.2,cn_pmi_manufacturing
2025-12,50.1,cn_pmi_manufacturing
2026-01,49.3,cn_pmi_manufacturing
2026-02,49.0,cn_pmi_manufacturing
2026-03,50.4,cn_pmi_manufacturing
2026-04,50.3,cn_pmi_manufacturing
2026-05,50.0,cn_pmi_manufacturing
2026-06,50.3,cn_pmi_manufacturing
2026-07,49.2,cn_pmi_manufacturing
2026-08,49.8,cn_pmi_manufacturing
2010-01,58.1,cn_pmi_services
2010-02,57.0,cn_pmi_services
2010-03,57.3,cn_pmi_services
2010-04,57.8,cn_pmi_services
2010-05,58.1,cn_pmi_services
2010-06,58.8,cn_pmi_services
2010-07,57.1,cn_pmi_services
2010-08,58.0,cn_pmi_services
2010-09,57.9,cn_pmi_services
2010-10,57.4,cn_pmi_services
2010-11,58.9,cn_pmi_services
2010-12,58.8,cn_pmi_services
2011-01,57.2,cn_pmi_services
2011-02,57.0,cn_pmi_services
2011-03,59.2,cn_pmi_services
2011-04,58.2,cn_pmi_services
2011-05,58.7,cn_pmi_services
2011-06,56.6,cn_pmi_services
2011-07,57.3,cn_pmi_services
2011-08,57.1,cn_pmi_services
2011-09,55.8,cn_pmi_services
2011-10,55.5,cn_pmi_services
2011-11,55.9,cn_pmi_services
2011-12,56.3,cn_pmi_services
2012-01,55.7,cn_pmi_services
2012-02,57.3,cn_pmi_services
2012-03,58.0,cn_pmi_services
2012-04,56.1,cn_pmi_services
2012-05,55.2,cn_pmi_services
2012-06,56.7,cn_pmi_services
2012-07,55.6,cn_pmi_services
2012-08,56.3,cn_pmi_services
2012-09,53.7,cn_pmi_services
2012-10,55.5,cn_pmi_services
2012-11,55.6,cn_pmi_services
2012-12,56.1,cn_pmi_services
2013-01,56.2,cn_pmi_services
2013-02,54.5,cn_pmi_services
2013-03,55.6,cn_pmi_services
2013-04,54.5,cn_pmi_services
2013-05,54.3,cn_pmi_services
2013-06,53.9,cn_pmi_services
2013-07,54.1,cn_pmi_services
2013-08,53.9,cn_pmi_services
2013-09,55.4,cn_pmi_services
2013-10,56.3,cn_pmi_services
2013-11,56.0,cn_pmi_services
2013-12,54.6,cn_pmi_services
2014-01,53.4,cn_pmi_services
2014-02,55.0,cn_pmi_services
2014-03,54.5,cn_pmi_services
2014-04,54.8,cn_pmi_services
2014-05,55.5,cn_pmi_services
2014-06,55.0,cn_pmi_services
2014-07,54.2,cn_pmi_services
2014-08,54.4,cn_pmi_services
2014-09,54.0,cn_pmi_services
2014-10,53.8,cn_pmi_services
2014-11,53.9,cn_pmi_services
2014-12,54.1,cn_pmi_services
2015-01,53.7,cn_pmi_services
2015-02,53.9,cn_pmi_services
2015-03,53.7,cn_pmi_services
2015-04,53.4,cn_pmi_services
2015-05,53.2,cn_pmi_services
2015-06,53.8,cn_pmi_services
2015-07,53.9,cn_pmi_services
2015-08,53.4,cn_pmi_services
2015-09,53.4,cn_pmi_services
2015-10,53.1,cn_pmi_services
2015-11,53.6,cn_pmi_services
2015-12,54.4,cn_pmi_services
2016-01,53.5,cn_pmi_services
2016-02,52.7,cn_pmi_services
2016-03,53.8,cn_pmi_services
2016-04,53.5,cn_pmi_services
2016-05,53.1,cn_pmi_services
2016-06,53.7,cn_pmi_services
2016-07,53.9,cn_pmi_services
2016-08,53.5,cn_pmi_services
2016-09,53.7,cn_pmi_services
2016-10,54.0,cn_pmi_services
2016-11,54.7,cn_pmi_services
2016-12,54.5,cn_pmi_services
2017-01,54.6,cn_pmi_services
2017-02,54.2,cn_pmi_services
2017-03,55.1,cn_pmi_services
2017-04,54.0,cn_pmi_services
2017-05,54.5,cn_pmi_services
2017-06,54.9,cn_pmi_services
2017-07,54.5,cn_pmi_services
2017-08,53.4,cn_pmi_services
2017-09,55.4,cn_pmi_services
2017-10,54.3,cn_pmi_services
2017-11,54.8,cn_pmi_services
2017-12,55.0,cn_pmi_services
2018-01,55.3,cn_pmi_services
2018-02,54.4,cn_pmi_services
2018-03,54.6,cn_pmi_services
2018-04,54.8,cn_pmi_services
2018-05,54.9,cn_pmi_services
2018-06,55.0,cn_pmi_services
2018-07,54.0,cn_pmi_services
2018-08,54.2,cn_pmi_services
2018-09,54.9,cn_pmi_services
2018-10,53.9,cn_pmi_services
2018-11,53.4,cn_pmi_services
2018-12,53.8,cn_pmi_services
2019-01,54.7,cn_pmi_services
2019-02,54.3,cn_pmi_services
2019-03,54.8,cn_pmi_services
2019-04,54.3,cn_pmi_services
2019-05,54.3,cn_pmi_services
2019-06,54.2,cn_pmi_services
2019-07,53.7,cn_pmi_services
2019-08,53.8,cn_pmi_services
2019-09,53.7,cn_pmi_services
2019-10,52.8,cn_pmi_services
2019-11,54.4,cn_pmi_services
2019-12,53.5,cn_pmi_services
2020-01,54.1,cn_pmi_services
2020-02,29.6,cn_pmi_services
2020-03,52.3,cn_pmi_services
2020-04,53.2,cn_pmi_services
2020-05,53.6,cn_pmi_services
2020-06,54.4,cn_pmi_services
2020-07,54.2,cn_pmi_services
2020-08,55.2,cn_pmi_services
2020-09,55.9,cn_pmi_services
2020-10,56.2,cn_pmi_services
2020-11,56.4,cn_pmi_services
2020-12,55.7,cn_pmi_services
2021-01,52.4,cn_pmi_services
2021-02,51.4,cn_pmi_services
2021-03,56.3,cn_pmi_services
2021-04,54.9,cn_pmi_services
2021-05,55.2,cn_pmi_services
2021-06,53.5,cn_pmi_services
2021-07,53.3,cn_pmi_services
2021-08,47.5,cn_pmi_services
2021-09,53.2,cn_pmi_services
2021-10,52.4,cn_pmi_services
2021-11,52.3,cn_pmi_services
2021-12,52.7,cn_pmi_services
2022-01,51.1,cn_pmi_services
2022-02,51.6,cn_pmi_services
2022-03,48.4,cn_pmi_services
2022-04,41.9,cn_pmi_services
2022-05,47.8,cn_pmi_services
2022-06,54.7,cn_pmi_services
2022-07,53.8,cn_pmi_services
2022-08,52.6,cn_pmi_services
2022-09,50.6,cn_pmi_services
2022-10,48.7,cn_pmi_services
2022-11,46.7,cn_pmi_services
2022-12,41.6,cn_pmi_services
2023-01,54.4,cn_pmi_services
2023-02,56.3,cn_pmi_services
2023-03,58.2,cn_pmi_services
2023-04,56.4,cn_pmi_services
2023-05,54.5,cn_pmi_services
2023-06,53.2,cn_pmi_services
2023-07,51.5,cn_pmi_services
2023-08,51.0,cn_pmi_services
2023-09,51.7,cn_pmi_services
2023-10,50.6,cn_pmi_services
2023-11,50.2,cn_pmi_services
2023-12,50.4,cn_pmi_services
2024-01,50.7,cn_pmi_services
2024-02,51.4,cn_pmi_services
2024-03,53.0,cn_pmi_services
2024-04,51.2,cn_pmi_services
2024-05,51.1,cn_pmi_services
2024-06,50.5,cn_pmi_services
2024-07,50.2,cn_pmi_services
2024-08,50.3,cn_pmi_services
2024-09,50.0,cn_pmi_services
2024-10,50.2,cn_pmi_services
2024-11,50.0,cn_pmi_services
2024-12,52.2,cn_pmi_services
2025-01,50.2,cn_pmi_services
2025-02,50.4,cn_pmi_services
2025-03,50.8,cn_pmi_services
2025-04,50.4,cn_pmi_services
2025-05,50.3,cn_pmi_services
2025-06,50.5,cn_pmi_services
2025-07,50.1,cn_pmi_services
2025-08,50.3,cn_pmi_services
2025-09,50.0,cn_pmi_services
2025-10,50.1,cn_pmi_services
2025-11,49.5,cn_pmi_services
2025-12,50.2,cn_pmi_services
2026-01,49.4,cn_pmi_services
2026-02,49.5,cn_pmi_services
2026-03,50.1,cn_pmi_services
2026-04,49.4,cn_pmi_services
2026-05,50.1,cn_pmi_services
2026-06,50.2,cn_pmi_services
2026-07,49.0,cn_pmi_services
2026-08,49.0,cn_pmi_services
2018-01,5.0,cn_unemployment
2018-02,5.0,cn_unemployment
2018-03,5.1,cn_unemployment
2018-04,4.9,cn_unemployment
2018-05,4.8,cn_unemployment
2018-06,4.8,cn_unemployment
2018-07,5.1,cn_unemployment
2018-08,5.0,cn_unemployment
2018-09,4.9,cn_unemployment
2018-10,4.9,cn_unemployment
2018-11,4.8,cn_unemployment
2018-12,4.9,cn_unemployment
2019-01,5.1,cn_unemployment
2019-02,5.3,cn_unemployment
2019-03,5.2,cn_unemployment
2019-04,5.0,cn_unemployment
2019-05,5.0,cn_unemployment
2019-06,5.1,cn_unemployment
2019-07,5.3,cn_unemployment
2019-08,5.2,cn_unemployment
2019-09,5.2,cn_unemployment
2019-10,5.1,cn_unemployment
2019-11,5.1,cn_unemployment
2019-12,5.2,cn_unemployment
2020-01,5.3,cn_unemployment
2020-02,6.2,cn_unemployment
2020-03,5.9,cn_unemployment
2020-04,6.0,cn_unemployment
2020-05,5.9,cn_unemployment
2020-06,5.7,cn_unemployment
2020-07,5.7,cn_unemployment
2020-08,5.6,cn_unemployment
2020-09,5.4,cn_unemployment
2020-10,5.3,cn_unemployment
2020-11,5.2,cn_unemployment
2020-12,5.2,cn_unemployment
2021-01,5.4,cn_unemployment
2021-02,5.5,cn_unemployment
2021-03,5.3,cn_unemployment
2021-04,5.1,cn_unemployment
2021-05,5.0,cn_unemployment
2021-06,5.0,cn_unemployment
2021-07,5.1,cn_unemployment
2021-08,5.1,cn_unemployment
2021-09,4.9,cn_unemployment
2021-10,4.9,cn_unemployment
2021-11,5.0,cn_unemployment
2021-12,5.1,cn_unemployment
2022-01,5.3,cn_unemployment
2022-02,5.5,cn_unemployment
2022-03,5.8,cn_unemployment
2022-04,6.1,cn_unemployment
2022-05,5.9,cn_unemployment
2022-06,5.5,cn_unemployment
2022-07,5.4,cn_unemployment
2022-08,5.3,cn_unemployment
2022-09,5.5,cn_unemployment
2022-10,5.5,cn_unemployment
2022-11,5.7,cn_unemployment
2022-12,5.5,cn_unemployment
2023-01,5.5,cn_unemployment
2023-02,5.6,cn_unemployment
2023-03,5.3,cn_unemployment
2023-04,5.2,cn_unemployment
2023-05,5.2,cn_unemployment
2023-06,5.2,cn_unemployment
2023-07,5.3,cn_unemployment
2023-08,5.2,cn_unemployment
2023-09,5.0,cn_unemployment
2023-10,5.0,cn_unemployment
2023-11,5.0,cn_unemployment
2023-12,5.1,cn_unemployment
2024-01,5.2,cn_unemployment
2024-02,5.3,cn_unemployment
2024-03,5.2,cn_unemployment
2024-04,5.0,cn_unemployment
2024-05,5.0,cn_unemployment
2024-06,5.0,cn_unemployment
2024-07,5.2,cn_unemployment
2024-08,5.3,cn_unemployment
2024-09,5.1,cn_unemployment
2024-10,5.0,cn_unemployment
2024-11,5.0,cn_unemployment
2024-12,5.1,cn_unemployment
2025-01,5.2,cn_unemployment
2025-02,5.4,cn_unemployment
2025-03,5.2,cn_unemployment
2025-04,5.1,cn_unemployment
2025-05,5.0,cn_unemployment
2025-06,5.0,cn_unemployment
2025-07,5.2,cn_unemployment
2025-08,5.3,cn_unemployment
2025-09,5.2,cn_unemployment
2025-10,5.1,cn_unemployment
2025-11,5.1,cn_unemployment
2025-12,5.1,cn_unemployment
2026-01,5.2,cn_unemployment
2026-02,5.3,cn_unemployment
2026-03,5.4,cn_unemployment
2026-04,5.2,cn_unemployment
2026-05,5.1,cn_unemployment
2026-06,5.0,cn_unemployment
2026-07,5.2,cn_unemployment
2026-08,5.3,cn_unemployment
2010-01,26.0,cn_m2_yoy
2010-02,25.5,cn_m2_yoy
2010-03,22.5,cn_m2_yoy
2010-04,21.5,cn_m2_yoy
2010-05,21.0,cn_m2_yoy
2010-06,18.5,cn_m2_yoy
2010-07,17.6,cn_m2_yoy
2010-08,19.2,cn_m2_yoy
2010-09,19.0,cn_m2_yoy
2010-10,19.3,cn_m2_yoy
2010-11,19.5,cn_m2_yoy
2010-12,19.7,cn_m2_yoy
2011-01,17.2,cn_m2_yoy
2011-02,15.7,cn_m2_yoy
2011-03,16.6,cn_m2_yoy
2011-04,15.3,cn_m2_yoy
2011-05,15.1,cn_m2_yoy
2011-06,15.9,cn_m2_yoy
2011-07,14.7,cn_m2_yoy
2011-08,13.6,cn_m2_yoy
2011-09,13.0,cn_m2_yoy
2011-10,12.9,cn_m2_yoy
2011-11,12.7,cn_m2_yoy
2011-12,13.6,cn_m2_yoy
2012-01,12.4,cn_m2_yoy
2012-02,13.0,cn_m2_yoy
2012-03,13.4,cn_m2_yoy
2012-04,12.8,cn_m2_yoy
2012-05,13.2,cn_m2_yoy
2012-06,13.6,cn_m2_yoy
2012-07,13.9,cn_m2_yoy
2012-08,13.5,cn_m2_yoy
2012-09,14.8,cn_m2_yoy
2012-10,14.1,cn_m2_yoy
2012-11,13.9,cn_m2_yoy
2012-12,13.8,cn_m2_yoy
2013-01,15.9,cn_m2_yoy
2013-02,15.2,cn_m2_yoy
2013-03,15.7,cn_m2_yoy
2013-04,16.1,cn_m2_yoy
2013-05,15.8,cn_m2_yoy
2013-06,14.0,cn_m2_yoy
2013-07,14.5,cn_m2_yoy
2013-08,14.7,cn_m2_yoy
2013-09,14.2,cn_m2_yoy
2013-10,14.3,cn_m2_yoy
2013-11,14.2,cn_m2_yoy
2013-12,13.6,cn_m2_yoy
2014-01,13.2,cn_m2_yoy
2014-02,13.3,cn_m2_yoy
2014-03,12.1,cn_m2_yoy
2014-04,13.2,cn_m2_yoy
2014-05,13.4,cn_m2_yoy
2014-06,14.7,cn_m2_yoy
2014-07,13.5,cn_m2_yoy
2014-08,12.8,cn_m2_yoy
2014-09,12.9,cn_m2_yoy
2014-10,12.6,cn_m2_yoy
2014-11,12.3,cn_m2_yoy
2014-12,12.2,cn_m2_yoy
2015-01,10.8,cn_m2_yoy
2015-02,12.5,cn_m2_yoy
2015-03,11.6,cn_m2_yoy
2015-04,10.1,cn_m2_yoy
2015-05,10.8,cn_m2_yoy
2015-06,11.8,cn_m2_yoy
2015-07,13.3,cn_m2_yoy
2015-08,13.3,cn_m2_yoy
2015-09,13.1,cn_m2_yoy
2015-10,13.5,cn_m2_yoy
2015-11,13.7,cn_m2_yoy
2015-12,13.3,cn_m2_yoy
2016-01,14.0,cn_m2_yoy
2016-02,13.3,cn_m2_yoy
2016-03,13.4,cn_m2_yoy
2016-04,12.8,cn_m2_yoy
2016-05,11.8,cn_m2_yoy
2016-06,11.8,cn_m2_yoy
2016-07,10.2,cn_m2_yoy
2016-08,11.4,cn_m2_yoy
2016-09,11.5,cn_m2_yoy
2016-10,11.6,cn_m2_yoy
2016-11,11.4,cn_m2_yoy
2016-12,11.3,cn_m2_yoy
2017-01,11.3,cn_m2_yoy
2017-02,11.1,cn_m2_yoy
2017-03,10.6,cn_m2_yoy
2017-04,10.5,cn_m2_yoy
2017-05,9.6,cn_m2_yoy
2017-06,9.4,cn_m2_yoy
2017-07,9.2,cn_m2_yoy
2017-08,8.9,cn_m2_yoy
2017-09,9.2,cn_m2_yoy
2017-10,8.8,cn_m2_yoy
2017-11,9.1,cn_m2_yoy
2017-12,8.2,cn_m2_yoy
2018-01,8.6,cn_m2_yoy
2018-02,8.8,cn_m2_yoy
2018-03,8.2,cn_m2_yoy
2018-04,8.3,cn_m2_yoy
2018-05,8.3,cn_m2_yoy
2018-06,8.0,cn_m2_yoy
2018-07,8.5,cn_m2_yoy
2018-08,8.2,cn_m2_yoy
2018-09,8.3,cn_m2_yoy
2018-10,8.0,cn_m2_yoy
2018-11,8.0,cn_m2_yoy
2018-12,8.1,cn_m2_yoy
2019-01,8.4,cn_m2_yoy
2019-02,8.0,cn_m2_yoy
2019-03,8.6,cn_m2_yoy
2019-04,8.5,cn_m2_yoy
2019-05,8.5,cn_m2_yoy
2019-06,8.5,cn_m2_yoy
2019-07,8.1,cn_m2_yoy
2019-08,8.2,cn_m2_yoy
2019-09,8.4,cn_m2_yoy
2019-10,8.4,cn_m2_yoy
2019-11,8.2,cn_m2_yoy
2019-12,8.7,cn_m2_yoy
2020-01,8.4,cn_m2_yoy
2020-02,8.8,cn_m2_yoy
2020-03,10.1,cn_m2_yoy
2020-04,11.1,cn_m2_yoy
2020-05,11.1,cn_m2_yoy
2020-06,11.1,cn_m2_yoy
2020-07,10.7,cn_m2_yoy
2020-08,10.4,cn_m2_yoy
2020-09,10.9,cn_m2_yoy
2020-10,10.5,cn_m2_yoy
2020-11,10.7,cn_m2_yoy
2020-12,10.1,cn_m2_yoy
2021-01,9.4,cn_m2_yoy
2021-02,10.1,cn_m2_yoy
2021-03,9.4,cn_m2_yoy
2021-04,8.1,cn_m2_yoy
2021-05,8.3,cn_m2_yoy
2021-06,8.6,cn_m2_yoy
2021-07,8.3,cn_m2_yoy
2021-08,8.2,cn_m2_yoy
2021-09,8.3,cn_m2_yoy
2021-10,8.7,cn_m2_yoy
2021-11,8.5,cn_m2_yoy
2021-12,9.0,cn_m2_yoy
2022-01,9.8,cn_m2_yoy
2022-02,9.2,cn_m2_yoy
2022-03,9.7,cn_m2_yoy
2022-04,10.5,cn_m2_yoy
2022-05,11.1,cn_m2_yoy
2022-06,11.4,cn_m2_yoy
2022-07,12.0,cn_m2_yoy
2022-08,12.2,cn_m2_yoy
2022-09,12.1,cn_m2_yoy
2022-10,11.8,cn_m2_yoy
2022-11,12.4,cn_m2_yoy
2022-12,11.8,cn_m2_yoy
2023-01,12.6,cn_m2_yoy
2023-02,12.9,cn_m2_yoy
2023-03,12.7,cn_m2_yoy
2023-04,12.4,cn_m2_yoy
2023-05,11.6,cn_m2_yoy
2023-06,11.3,cn_m2_yoy
2023-07,10.7,cn_m2_yoy
2023-08,10.6,cn_m2_yoy
2023-09,10.3,cn_m2_yoy
2023-10,10.3,cn_m2_yoy
2023-11,10.0,cn_m2_yoy
2023-12,9.7,cn_m2_yoy
2024-01,8.7,cn_m2_yoy
2024-02,8.7,cn_m2_yoy
2024-03,8.3,cn_m2_yoy
2024-04,7.2,cn_m2_yoy
2024-05,7.0,cn_m2_yoy
2024-06,6.2,cn_m2_yoy
2024-07,6.3,cn_m2_yoy
2024-08,6.3,cn_m2_yoy
2024-09,6.8,cn_m2_yoy
2024-10,7.5,cn_m2_yoy
2024-11,7.1,cn_m2_yoy
2024-12,7.3,cn_m2_yoy
2025-01,7.0,cn_m2_yoy
2025-02,7.0,cn_m2_yoy
2025-03,7.0,cn_m2_yoy
2025-04,8.0,cn_m2_yoy
2025-05,7.9,cn_m2_yoy
2025-06,8.3,cn_m2_yoy
2025-07,8.8,cn_m2_yoy
2025-08,8.8,cn_m2_yoy
2025-09,8.4,cn_m2_yoy
2025-10,8.2,cn_m2_yoy
2025-11,8.0,cn_m2_yoy
2025-12,8.5,cn_m2_yoy
2026-01,9.0,cn_m2_yoy
2026-02,9.0,cn_m2_yoy
2026-03,8.5,cn_m2_yoy
2026-04,8.6,cn_m2_yoy
2026-05,8.6,cn_m2_yoy
2026-06,8.0,cn_m2_yoy
2026-07,7.7,cn_m2_yoy
