date,value,name
2010-01,1.0,ez_hicp
2010-02,0.8,ez_hicp
2010-03,1.6,ez_hicp
2010-04,1.6,ez_hicp
2010-05,1.7,ez_hicp
2010-06,1.5,ez_hicp
2010-07,1.7,ez_hicp
2010-08,1.6,ez_hicp
2010-09,1.9,ez_hicp
2010-10,1.9,ez_hicp
2010-11,1.9,ez_hicp
2010-12,2.2,ez_hicp
2011-01,2.3,ez_hicp
2011-02,2.4,ez_hicp
2011-03,2.7,ez_hicp
2011-04,2.8,ez_hicp
2011-05,2.7,ez_hicp
2011-06,2.7,ez_hicp
2011-07,2.5,ez_hicp
2011-08,2.5,ez_hicp
2011-09,3.0,ez_hicp
2011-10,3.0,ez_hicp
2011-11,3.0,ez_hicp
2011-12,2.8,ez_hicp
2012-01,2.7,ez_hicp
2012-02,2.7,ez_hicp
2012-03,2.7,ez_hicp
2012-04,2.6,ez_hicp
2012-05,2.4,ez_hicp
2012-06,2.4,ez_hicp
2012-07,2.4,ez_hicp
2012-08,2.6,ez_hicp
2012-09,2.6,ez_hicp
2012-10,2.5,ez_hicp
2012-11,2.2,ez_hicp
2012-12,2.2,ez_hicp
2013-01,2.0,ez_hicp
2013-02,1.9,ez_hicp
2013-03,1.7,ez_hicp
2013-04,1.2,ez_hicp
2013-05,1.4,ez_hicp
2013-06,1.6,ez_hicp
2013-07,1.6,ez_hicp
2013-08,1.3,ez_hicp
2013-09,1.1,ez_hicp
2013-10,0.7,ez_hicp
2013-11,0.9,ez_hicp
2013-12,0.8,ez_hicp
2014-01,0.8,ez_hicp
2014-02,0.7,ez_hicp
2014-03,0.5,ez_hicp
2014-04,0.7,ez_hicp
2014-05,0.5,ez_hicp
2014-06,0.5,ez_hicp
2014-07,0.4,ez_hicp
2014-08,0.4,ez_hicp
2014-09,0.3,ez_hicp
2014-10,0.4,ez_hicp
2014-11,0.3,ez_hicp
2014-12,-0.2,ez_hicp
2015-01,-0.6,ez_hicp
2015-02,-0.3,ez_hicp
2015-03,-0.1,ez_hicp
2015-04,0.2,ez_hicp
2015-05,0.6,ez_hicp
2015-06,0.5,ez_hicp
2015-07,0.6,ez_hicp
2015-08,0.4,ez_hicp
2015-09,0.2,ez_hicp
2015-10,0.4,ez_hicp
2015-11,0.1,ez_hicp
2015-12,0.2,ez_hicp
2016-01,0.3,ez_hicp
2016-02,-0.1,ez_hicp
2016-03,0.0,ez_hicp
2016-04,-0.3,ez_hicp
2016-05,-0.1,ez_hicp
2016-06,0.1,ez_hicp
2016-07,0.2,ez_hicp
2016-08,0.2,ez_hicp
2016-09,0.4,ez_hicp
2016-10,0.5,ez_hicp
2016-11,0.6,ez_hicp
2016-12,1.1,ez_hicp
2017-01,1.7,ez_hicp
2017-02,2.0,ez_hicp
2017-03,1.5,ez_hicp
2017-04,1.9,ez_hicp
2017-05,1.4,ez_hicp
2017-06,1.3,ez_hicp
2017-07,1.3,ez_hicp
2017-08,1.5,ez_hicp
2017-09,1.6,ez_hicp
2017-10,1.4,ez_hicp
2017-11,1.5,ez_hicp
2017-12,1.3,ez_hicp
2018-01,1.3,ez_hicp
2018-02,1.1,ez_hicp
2018-03,1.4,ez_hicp
2018-04,1.2,ez_hicp
2018-05,2.0,ez_hicp
2018-06,2.0,ez_hicp
2018-07,2.2,ez_hicp
2018-08,2.1,ez_hicp
2018-09,2.1,ez_hicp
2018-10,2.3,ez_hicp
2018-11,1.9,ez_hicp
2018-12,1.5,ez_hicp
2019-01,1.4,ez_hicp
2019-02,1.5,ez_hicp
2019-03,1.4,ez_hicp
2019-04,1.7,ez_hicp
2019-05,1.2,ez_hicp
2019-06,1.3,ez_hicp
2019-07,1.0,ez_hicp
2019-08,1.0,ez_hicp
2019-09,0.8,ez_hicp
2019-10,0.7,ez_hicp
2019-11,1.0,ez_hicp
2019-12,1.3,ez_hicp
2020-01,1.4,ez_hicp
2020-02,1.2,ez_hicp
2020-03,0.7,ez_hicp
2020-04,0.3,ez_hicp
2020-05,0.1,ez_hicp
2020-06,0.3,ez_hicp
2020-07,0.4,ez_hicp
2020-08,-0.2,ez_hicp
2020-09,-0.3,ez_hicp
2020-10,-0.3,ez_hicp
2020-11,-0.3,ez_hicp
2020-12,-0.3,ez_hicp
2021-01,0.9,ez_hicp
2021-02,0.9,ez_hicp
2021-03,1.3,ez_hicp
2021-04,1.6,ez_hicp
2021-05,2.0,ez_hicp
2021-06,1.9,ez_hicp
2021-07,2.2,ez_hicp
2021-08,3.0,ez_hicp
2021-09,3.4,ez_hicp
2021-10,4.1,ez_hicp
2021-11,4.9,ez_hicp
2021-12,5.0,ez_hicp
2022-01,5.1,ez_hicp
2022-02,5.9,ez_hicp
2022-03,7.4,ez_hicp
2022-04,7.5,ez_hicp
2022-05,8.1,ez_hicp
2022-06,8.6,ez_hicp
2022-07,8.9,ez_hicp
2022-08,9.1,ez_hicp
2022-09,9.9,ez_hicp
2022-10,10.6,ez_hicp
2022-11,10.1,ez_hicp
2022-12,9.2,ez_hicp
2023-01,8.6,ez_hicp
2023-02,8.5,ez_hicp
2023-03,6.9,ez_hicp
2023-04,6.9,ez_hicp
2023-05,6.1,ez_hicp
2023-06,5.5,ez_hicp
2023-07,5.3,ez_hicp
2023-08,5.2,ez_hicp
2023-09,4.3,ez_hicp
2023-10,2.9,ez_hicp
2023-11,2.4,ez_hicp
2023-12,2.9,ez_hicp
2024-01,2.8,ez_hicp
2024-02,2.6,ez_hicp
2024-03,2.4,ez_hicp
2024-04,2.4,ez_hicp
2024-05,2.6,ez_hicp
2024-06,2.5,ez_hicp
2024-07,2.6,ez_hicp
2024-08,2.2,ez_hicp
2024-09,1.7,ez_hicp
2024-10,2.0,ez_hicp
2024-11,2.2,ez_hicp
2024-12,2.4,ez_hicp
2025-01,2.5,ez_hicp
2025-02,2.3,ez_hicp
2025-03,2.2,ez_hicp
2025-04,2.2,ez_hicp
2025-05,1.9,ez_hicp
2025-06,2.0,ez_hicp
2025-07,2.0,ez_hicp
2025-08,2.0,ez_hicp
2025-09,2.2,ez_hicp
2025-10,2.1,ez_hicp
2025-11,2.1,ez_hicp
2025-12,2.0,ez_hicp
2026-01,1.7,ez_hicp
2026-02,1.9,ez_hicp
2026-03,2.6,ez_hicp
2026-04,3.0,ez_hicp
2026-05,3.2,ez_hicp
2026-06,2.8,ez_hicp
2026-07,2.9,ez_hicp
2026-08,3.2,ez_hicp
2010-01,0.8,ez_core_hicp
2010-02,0.8,ez_core_hicp
2010-03,1.2,ez_core_hicp
2010-04,0.9,ez_core_hicp
2010-05,0.9,ez_core_hicp
2010-06,1.0,ez_core_hicp
2010-07,1.0,ez_core_hicp
2010-08,1.0,ez_core_hicp
2010-09,1.2,ez_core_hicp
2010-10,1.1,ez_core_hicp
2010-11,1.1,ez_core_hicp
2010-12,1.0,ez_core_hicp
2011-01,1.1,ez_core_hicp
2011-02,1.0,ez_core_hicp
2011-03,1.3,ez_core_hicp
2011-04,1.6,ez_core_hicp
2011-05,1.5,ez_core_hicp
2011-06,1.5,ez_core_hicp
2011-07,1.2,ez_core_hicp
2011-08,1.2,ez_core_hicp
2011-09,1.6,ez_core_hicp
2011-10,1.6,ez_core_hicp
2011-11,1.6,ez_core_hicp
2011-12,1.6,ez_core_hicp
2012-01,1.5,ez_core_hicp
2012-02,1.5,ez_core_hicp
2012-03,1.6,ez_core_hicp
2012-04,1.6,ez_core_hicp
2012-05,1.6,ez_core_hicp
2012-06,1.6,ez_core_hicp
2012-07,1.7,ez_core_hicp
2012-08,1.5,ez_core_hicp
2012-09,1.5,ez_core_hicp
2012-10,1.5,ez_core_hicp
2012-11,1.4,ez_core_hicp
2012-12,1.5,ez_core_hicp
2013-01,1.3,ez_core_hicp
2013-02,1.3,ez_core_hicp
2013-03,1.5,ez_core_hicp
2013-04,1.0,ez_core_hicp
2013-05,1.2,ez_core_hicp
2013-06,1.2,ez_core_hicp
2013-07,1.1,ez_core_hicp
2013-08,1.1,ez_core_hicp
2013-09,1.0,ez_core_hicp
2013-10,0.8,ez_core_hicp
2013-11,0.9,ez_core_hicp
2013-12,0.7,ez_core_hicp
2014-01,0.8,ez_core_hicp
2014-02,1.0,ez_core_hicp
2014-03,0.7,ez_core_hicp
2014-04,1.0,ez_core_hicp
2014-05,0.7,ez_core_hicp
2014-06,0.8,ez_core_hicp
2014-07,0.8,ez_core_hicp
2014-08,0.9,ez_core_hicp
2014-09,0.8,ez_core_hicp
2014-10,0.7,ez_core_hicp
2014-11,0.7,ez_core_hicp
2014-12,0.7,ez_core_hicp
2015-01,0.6,ez_core_hicp
2015-02,0.7,ez_core_hicp
2015-03,0.7,ez_core_hicp
2015-04,0.9,ez_core_hicp
2015-05,1.3,ez_core_hicp
2015-06,1.2,ez_core_hicp
2015-07,1.4,ez_core_hicp
2015-08,1.4,ez_core_hicp
2015-09,1.3,ez_core_hicp
2015-10,1.4,ez_core_hicp
2015-11,0.9,ez_core_hicp
2015-12,0.9,ez_core_hicp
2016-01,1.0,ez_core_hicp
2016-02,0.9,ez_core_hicp
2016-03,1.0,ez_core_hicp
2016-04,0.7,ez_core_hicp
2016-05,0.8,ez_core_hicp
2016-06,0.8,ez_core_hicp
2016-07,0.9,ez_core_hicp
2016-08,0.8,ez_core_hicp
2016-09,0.8,ez_core_hicp
2016-10,0.8,ez_core_hicp
2016-11,0.8,ez_core_hicp
2016-12,0.9,ez_core_hicp
2017-01,0.9,ez_core_hicp
2017-02,0.8,ez_core_hicp
2017-03,0.7,ez_core_hicp
2017-04,1.3,ez_core_hicp
2017-05,0.9,ez_core_hicp
2017-06,1.2,ez_core_hicp
2017-07,1.2,ez_core_hicp
2017-08,1.2,ez_core_hicp
2017-09,1.1,ez_core_hicp
2017-10,0.9,ez_core_hicp
2017-11,0.9,ez_core_hicp
2017-12,0.9,ez_core_hicp
2018-01,1.0,ez_core_hicp
2018-02,1.0,ez_core_hicp
2018-03,1.1,ez_core_hicp
2018-04,0.7,ez_core_hicp
2018-05,1.2,ez_core_hicp
2018-06,1.0,ez_core_hicp
2018-07,1.1,ez_core_hicp
2018-08,1.0,ez_core_hicp
2018-09,1.0,ez_core_hicp
2018-10,1.2,ez_core_hicp
2018-11,0.9,ez_core_hicp
2018-12,0.9,ez_core_hicp
2019-01,1.1,ez_core_hicp
2019-02,1.0,ez_core_hicp
2019-03,0.8,ez_core_hicp
2019-04,1.3,ez_core_hicp
2019-05,0.8,ez_core_hicp
2019-06,1.1,ez_core_hicp
2019-07,0.9,ez_core_hicp
2019-08,1.0,ez_core_hicp
2019-09,1.0,ez_core_hicp
2019-10,1.1,ez_core_hicp
2019-11,1.3,ez_core_hicp
2019-12,1.3,ez_core_hicp
2020-01,1.1,ez_core_hicp
2020-02,1.2,ez_core_hicp
2020-03,1.0,ez_core_hicp
2020-04,0.9,ez_core_hicp
2020-05,0.9,ez_core_hicp
2020-06,0.8,ez_core_hicp
2020-07,1.2,ez_core_hicp
2020-08,0.4,ez_core_hicp
2020-09,0.2,ez_core_hicp
2020-10,0.2,ez_core_hicp
2020-11,0.3,ez_core_hicp
2020-12,0.2,ez_core_hicp
2021-01,1.4,ez_core_hicp
2021-02,1.1,ez_core_hicp
2021-03,0.9,ez_core_hicp
2021-04,0.7,ez_core_hicp
2021-05,0.9,ez_core_hicp
2021-06,0.9,ez_core_hicp
2021-07,0.7,ez_core_hicp
2021-08,1.5,ez_core_hicp
2021-09,1.9,ez_core_hicp
2021-10,2.1,ez_core_hicp
2021-11,2.6,ez_core_hicp
2021-12,2.6,ez_core_hicp
2022-01,2.3,ez_core_hicp
2022-02,2.7,ez_core_hicp
2022-03,3.0,ez_core_hicp
2022-04,3.5,ez_core_hicp
2022-05,3.8,ez_core_hicp
2022-06,3.7,ez_core_hicp
2022-07,4.0,ez_core_hicp
2022-08,4.3,ez_core_hicp
2022-09,4.7,ez_core_hicp
2022-10,5.0,ez_core_hicp
2022-11,5.0,ez_core_hicp
2022-12,5.2,ez_core_hicp
2023-01,5.3,ez_core_hicp
2023-02,5.6,ez_core_hicp
2023-03,5.7,ez_core_hicp
2023-04,5.6,ez_core_hicp
2023-05,5.3,ez_core_hicp
2023-06,5.5,ez_core_hicp
2023-07,5.5,ez_core_hicp
2023-08,5.3,ez_core_hicp
2023-09,4.5,ez_core_hicp
2023-10,4.2,ez_core_hicp
2023-11,3.6,ez_core_hicp
2023-12,3.4,ez_core_hicp
2024-01,3.3,ez_core_hicp
2024-02,3.1,ez_core_hicp
2024-03,2.9,ez_core_hicp
2024-04,2.7,ez_core_hicp
2024-05,2.9,ez_core_hicp
2024-06,2.9,ez_core_hicp
2024-07,2.8,ez_core_hicp
2024-08,2.8,ez_core_hicp
2024-09,2.7,ez_core_hicp
2024-10,2.7,ez_core_hicp
2024-11,2.7,ez_core_hicp
2024-12,2.7,ez_core_hicp
2025-01,2.7,ez_core_hicp
2025-02,2.6,ez_core_hicp
2025-03,2.4,ez_core_hicp
2025-04,2.7,ez_core_hicp
2025-05,2.3,ez_core_hicp
2025-06,2.3,ez_core_hicp
2025-07,2.3,ez_core_hicp
2025-08,2.3,ez_core_hicp
2025-09,2.4,ez_core_hicp
2025-10,2.4,ez_core_hicp
2025-11,2.4,ez_core_hicp
2025-12,2.3,ez_core_hicp
2026-01,2.2,ez_core_hicp
2026-02,2.4,ez_core_hicp
2026-03,2.3,ez_core_hicp
2026-04,2.2,ez_core_hicp
2026-05,2.6,ez_core_hicp
2026-06,2.4,ez_core_hicp
2026-07,2.5,ez_core_hicp
2026-08,2.4,ez_core_hicp
2010-01,82.2,ez_ppi
2010-02,82.3,ez_ppi
2010-03,82.8,ez_ppi
2010-04,83.4,ez_ppi
2010-05,83.8,ez_ppi
2010-06,84.1,ez_ppi
2010-07,84.3,ez_ppi
2010-08,84.4,ez_ppi
2010-09,84.6,ez_ppi
2010-10,84.8,ez_ppi
2010-11,85.1,ez_ppi
2010-12,85.7,ez_ppi
2011-01,86.8,ez_ppi
2011-02,87.4,ez_ppi
2011-03,88.1,ez_ppi
2011-04,88.9,ez_ppi
2011-05,88.8,ez_ppi
2011-06,88.8,ez_ppi
2011-07,89.3,ez_ppi
2011-08,89.2,ez_ppi
2011-09,89.4,ez_ppi
2011-10,89.5,ez_ppi
2011-11,89.7,ez_ppi
2011-12,89.5,ez_ppi
2012-01,90.1,ez_ppi
2012-02,90.6,ez_ppi
2012-03,91.1,ez_ppi
2012-04,91.3,ez_ppi
2012-05,91.1,ez_ppi
2012-06,90.7,ez_ppi
2012-07,91.0,ez_ppi
2012-08,91.8,ez_ppi
2012-09,91.9,ez_ppi
2012-10,91.8,ez_ppi
2012-11,91.7,ez_ppi
2012-12,91.5,ez_ppi
2013-01,91.7,ez_ppi
2013-02,91.9,ez_ppi
2013-03,91.6,ez_ppi
2013-04,91.0,ez_ppi
2013-05,90.8,ez_ppi
2013-06,90.8,ez_ppi
2013-07,90.9,ez_ppi
2013-08,90.9,ez_ppi
2013-09,91.0,ez_ppi
2013-10,90.6,ez_ppi
2013-11,90.5,ez_ppi
2013-12,90.7,ez_ppi
2014-01,90.5,ez_ppi
2014-02,90.2,ez_ppi
2014-03,90.0,ez_ppi
2014-04,89.8,ez_ppi
2014-05,89.8,ez_ppi
2014-06,89.9,ez_ppi
2014-07,89.7,ez_ppi
2014-08,89.5,ez_ppi
2014-09,89.6,ez_ppi
2014-10,89.4,ez_ppi
2014-11,89.1,ez_ppi
2014-12,88.3,ez_ppi
2015-01,87.4,ez_ppi
2015-02,87.8,ez_ppi
2015-03,88.0,ez_ppi
2015-04,88.0,ez_ppi
2015-05,88.1,ez_ppi
2015-06,88.1,ez_ppi
2015-07,87.9,ez_ppi
2015-08,87.1,ez_ppi
2015-09,86.8,ez_ppi
2015-10,86.6,ez_ppi
2015-11,86.4,ez_ppi
2015-12,85.7,ez_ppi
2016-01,84.9,ez_ppi
2016-02,84.3,ez_ppi
2016-03,84.5,ez_ppi
2016-04,84.2,ez_ppi
2016-05,84.7,ez_ppi
2016-06,85.4,ez_ppi
2016-07,85.7,ez_ppi
2016-08,85.6,ez_ppi
2016-09,85.7,ez_ppi
2016-10,86.3,ez_ppi
2016-11,86.4,ez_ppi
2016-12,87.1,ez_ppi
2017-01,88.1,ez_ppi
2017-02,88.0,ez_ppi
2017-03,87.8,ez_ppi
2017-04,87.8,ez_ppi
2017-05,87.6,ez_ppi
2017-06,87.4,ez_ppi
2017-07,87.4,ez_ppi
2017-08,87.7,ez_ppi
2017-09,88.0,ez_ppi
2017-10,88.4,ez_ppi
2017-11,88.9,ez_ppi
2017-12,89.1,ez_ppi
2018-01,89.5,ez_ppi
2018-02,89.6,ez_ppi
2018-03,89.6,ez_ppi
2018-04,89.5,ez_ppi
2018-05,90.3,ez_ppi
2018-06,90.7,ez_ppi
2018-07,91.3,ez_ppi
2018-08,91.7,ez_ppi
2018-09,92.2,ez_ppi
2018-10,92.9,ez_ppi
2018-11,92.7,ez_ppi
2018-12,92.0,ez_ppi
2019-01,92.2,ez_ppi
2019-02,92.2,ez_ppi
2019-03,92.1,ez_ppi
2019-04,91.9,ez_ppi
2019-05,91.8,ez_ppi
2019-06,91.3,ez_ppi
2019-07,91.4,ez_ppi
2019-08,90.9,ez_ppi
2019-09,91.0,ez_ppi
2019-10,91.1,ez_ppi
2019-11,91.3,ez_ppi
2019-12,91.3,ez_ppi
2020-01,91.5,ez_ppi
2020-02,90.9,ez_ppi
2020-03,89.6,ez_ppi
2020-04,87.7,ez_ppi
2020-05,87.2,ez_ppi
2020-06,87.8,ez_ppi
2020-07,88.5,ez_ppi
2020-08,88.6,ez_ppi
2020-09,88.9,ez_ppi
2020-10,89.2,ez_ppi
2020-11,89.5,ez_ppi
2020-12,90.3,ez_ppi
2021-01,92.3,ez_ppi
2021-02,92.8,ez_ppi
2021-03,93.9,ez_ppi
2021-04,94.8,ez_ppi
2021-05,95.9,ez_ppi
2021-06,97.2,ez_ppi
2021-07,99.5,ez_ppi
2021-08,100.4,ez_ppi
2021-09,102.8,ez_ppi
2021-10,108.0,ez_ppi
2021-11,109.9,ez_ppi
2021-12,112.6,ez_ppi
2022-01,119.3,ez_ppi
2022-02,120.6,ez_ppi
2022-03,126.7,ez_ppi
2022-04,128.3,ez_ppi
2022-05,129.1,ez_ppi
2022-06,130.9,ez_ppi
2022-07,135.5,ez_ppi
2022-08,140.9,ez_ppi
2022-09,143.3,ez_ppi
2022-10,140.3,ez_ppi
2022-11,139.0,ez_ppi
2022-12,140.3,ez_ppi
2023-01,136.7,ez_ppi
2023-02,135.9,ez_ppi
2023-03,134.4,ez_ppi
2023-04,130.2,ez_ppi
2023-05,127.9,ez_ppi
2023-06,127.4,ez_ppi
2023-07,126.9,ez_ppi
2023-08,127.8,ez_ppi
2023-09,128.5,ez_ppi
2023-10,128.7,ez_ppi
2023-11,128.1,ez_ppi
2023-12,127.2,ez_ppi
2024-01,126.0,ez_ppi
2024-02,124.6,ez_ppi
2024-03,123.9,ez_ppi
2024-04,122.8,ez_ppi
2024-05,122.5,ez_ppi
2024-06,123.2,ez_ppi
2024-07,124.2,ez_ppi
2024-08,124.8,ez_ppi
2024-09,124.1,ez_ppi
2024-10,124.6,ez_ppi
2024-11,126.7,ez_ppi
2024-12,127.3,ez_ppi
2025-01,128.3,ez_ppi
2025-02,128.7,ez_ppi
2025-03,126.5,ez_ppi
2025-04,123.7,ez_ppi
2025-05,122.9,ez_ppi
2025-06,124.0,ez_ppi
2025-07,124.6,ez_ppi
2025-08,124.1,ez_ppi
2025-09,124.0,ez_ppi
2025-10,124.1,ez_ppi
2025-11,125.1,ez_ppi
2025-12,124.7,ez_ppi
2026-01,125.6,ez_ppi
2026-02,124.8,ez_ppi
2026-03,129.0,ez_ppi
2026-04,129.8,ez_ppi
2026-05,130.1,ez_ppi
2026-06,129.7,ez_ppi
2026-07,131.8,ez_ppi
2010-01,2713767.05132308,ez_real_gdp
2010-04,2739048.39106544,ez_real_gdp
2010-07,2750895.96927254,ez_real_gdp
2010-10,2766842.63624459,ez_real_gdp
2011-01,2793530.31293172,ez_real_gdp
2011-04,2793288.51725993,ez_real_gdp
2011-07,2793638.29006103,ez_real_gdp
2011-10,2785292.52714666,ez_real_gdp
2012-01,2778872.46653948,ez_real_gdp
2012-04,2768718.01983537,ez_real_gdp
2012-07,2764887.79962252,ez_real_gdp
2012-10,2752757.4033764,ez_real_gdp
2013-01,2744281.81068276,ez_real_gdp
2013-04,2761997.28117847,ez_real_gdp
2013-07,2769776.49371005,ez_real_gdp
2013-10,2775518.88260233,ez_real_gdp
2014-01,2789258.76587861,ez_real_gdp
2014-04,2795328.7398966,ez_real_gdp
2014-07,2808622.35875593,ez_real_gdp
2014-10,2819062.03177663,ez_real_gdp
2015-01,2841518.34096077,ez_real_gdp
2015-04,2852946.32972877,ez_real_gdp
2015-07,2864824.98435967,ez_real_gdp
2015-10,2878389.428749,ez_real_gdp
2016-01,2893244.41896097,ez_real_gdp
2016-04,2898143.18830244,ez_real_gdp
2016-07,2912016.88334977,ez_real_gdp
2016-10,2935448.5100221,ez_real_gdp
2017-01,2958252.2689724,ez_real_gdp
2017-04,2978094.02952397,ez_real_gdp
2017-07,3000436.66325338,ez_real_gdp
2017-10,3024637.53866144,ez_real_gdp
2018-01,3025453.14181953,ez_real_gdp
2018-04,3041241.12901884,ez_real_gdp
2018-07,3043918.58074311,ez_real_gdp
2018-10,3059887.2956915,ez_real_gdp
2019-01,3082307.14146633,ez_real_gdp
2019-04,3092660.07342542,ez_real_gdp
2019-07,3099291.68433246,ez_real_gdp
2019-10,3095509.73874802,ez_real_gdp
2020-01,2996366.162073,ez_real_gdp
2020-04,2662371.48654496,ez_real_gdp
2020-07,2969540.64072083,ez_real_gdp
2020-10,2978873.52878801,ez_real_gdp
2021-01,3003980.08759539,ez_real_gdp
2021-04,3068811.87962135,ez_real_gdp
2021-07,3124570.17864159,ez_real_gdp
2021-10,3147599.31940351,ez_real_gdp
2022-01,3170556.92922838,ez_real_gdp
2022-04,3200730.82790199,ez_real_gdp
2022-07,3217797.8958604,ez_real_gdp
2022-10,3215698.20050631,ez_real_gdp
2023-01,3211545.73032886,ez_real_gdp
2023-04,3218434.55335667,ez_real_gdp
2023-07,3222771.45428201,ez_real_gdp
2023-10,3223108.73696107,ez_real_gdp
2024-01,3234141.66758827,ez_real_gdp
2024-04,3240995.40994482,ez_real_gdp
2024-07,3257252.12177242,ez_real_gdp
2024-10,3266893.03240667,ez_real_gdp
2025-01,3285474.75596259,ez_real_gdp
2025-04,3285054.85385843,ez_real_gdp
2025-07,3295317.45435817,ez_real_gdp
2025-10,3301714.3375536,ez_real_gdp
2026-01,3301538.52071802,ez_real_gdp
2010-01,88.7,ez_industrial_prod
2010-02,88.2,ez_industrial_prod
2010-03,90.1,ez_industrial_prod
2010-04,90.3,ez_industrial_prod
2010-05,92.2,ez_industrial_prod
2010-06,92.2,ez_industrial_prod
2010-07,91.8,ez_industrial_prod
2010-08,92.8,ez_industrial_prod
2010-09,92.8,ez_industrial_prod
2010-10,93.6,ez_industrial_prod
2010-11,94.4,ez_industrial_prod
2010-12,95.2,ez_industrial_prod
2011-01,94.6,ez_industrial_prod
2011-02,95.6,ez_industrial_prod
2011-03,95.6,ez_industrial_prod
2011-04,95.3,ez_industrial_prod
2011-05,95.9,ez_industrial_prod
2011-06,94.4,ez_industrial_prod
2011-07,95.6,ez_industrial_prod
2011-08,95.6,ez_industrial_prod
2011-09,94.7,ez_industrial_prod
2011-10,94.4,ez_industrial_prod
2011-11,94.6,ez_industrial_prod
2011-12,94.0,ez_industrial_prod
2012-01,93.4,ez_industrial_prod
2012-02,94.1,ez_industrial_prod
2012-03,93.9,ez_industrial_prod
2012-04,93.2,ez_industrial_prod
2012-05,94.0,ez_industrial_prod
2012-06,93.3,ez_industrial_prod
2012-07,93.5,ez_industrial_prod
2012-08,94.2,ez_industrial_prod
2012-09,92.4,ez_industrial_prod
2012-10,91.6,ez_industrial_prod
2012-11,90.9,ez_industrial_prod
2012-12,91.5,ez_industrial_prod
2013-01,91.1,ez_industrial_prod
2013-02,91.3,ez_industrial_prod
2013-03,92.3,ez_industrial_prod
2013-04,92.4,ez_industrial_prod
2013-05,92.5,ez_industrial_prod
2013-06,92.7,ez_industrial_prod
2013-07,91.8,ez_industrial_prod
2013-08,92.3,ez_industrial_prod
2013-09,92.6,ez_industrial_prod
2013-10,92.1,ez_industrial_prod
2013-11,93.2,ez_industrial_prod
2013-12,93.1,ez_industrial_prod
2014-01,92.7,ez_industrial_prod
2014-02,93.4,ez_industrial_prod
2014-03,92.8,ez_industrial_prod
2014-04,94.3,ez_industrial_prod
2014-05,93.6,ez_industrial_prod
2014-06,93.0,ez_industrial_prod
2014-07,93.9,ez_industrial_prod
2014-08,92.1,ez_industrial_prod
2014-09,93.2,ez_industrial_prod
2014-10,93.0,ez_industrial_prod
2014-11,92.8,ez_industrial_prod
2014-12,94.0,ez_industrial_prod
2015-01,93.4,ez_industrial_prod
2015-02,95.7,ez_industrial_prod
2015-03,95.9,ez_industrial_prod
2015-04,95.2,ez_industrial_prod
2015-05,95.9,ez_industrial_prod
2015-06,96.1,ez_industrial_prod
2015-07,96.7,ez_industrial_prod
2015-08,95.4,ez_industrial_prod
2015-09,95.8,ez_industrial_prod
2015-10,96.1,ez_industrial_prod
2015-11,95.6,ez_industrial_prod
2015-12,95.5,ez_industrial_prod
2016-01,97.4,ez_industrial_prod
2016-02,96.0,ez_industrial_prod
2016-03,95.5,ez_industrial_prod
2016-04,96.9,ez_industrial_prod
2016-05,95.4,ez_industrial_prod
2016-06,96.3,ez_industrial_prod
2016-07,96.1,ez_industrial_prod
2016-08,96.2,ez_industrial_prod
2016-09,96.5,ez_industrial_prod
2016-10,97.2,ez_industrial_prod
2016-11,97.6,ez_industrial_prod
2016-12,97.1,ez_industrial_prod
2017-01,97.1,ez_industrial_prod
2017-02,97.8,ez_industrial_prod
2017-03,97.6,ez_industrial_prod
2017-04,98.4,ez_industrial_prod
2017-05,98.9,ez_industrial_prod
2017-06,98.8,ez_industrial_prod
2017-07,99.8,ez_industrial_prod
2017-08,100.7,ez_industrial_prod
2017-09,100.3,ez_industrial_prod
2017-10,100.3,ez_industrial_prod
2017-11,103.0,ez_industrial_prod
2017-12,102.9,ez_industrial_prod
2018-01,100.9,ez_industrial_prod
2018-02,100.0,ez_industrial_prod
2018-03,100.5,ez_industrial_prod
2018-04,100.1,ez_industrial_prod
2018-05,101.4,ez_industrial_prod
2018-06,101.3,ez_industrial_prod
2018-07,99.9,ez_industrial_prod
2018-08,101.2,ez_industrial_prod
2018-09,100.4,ez_industrial_prod
2018-10,100.7,ez_industrial_prod
2018-11,99.3,ez_industrial_prod
2018-12,99.5,ez_industrial_prod
2019-01,100.5,ez_industrial_prod
2019-02,99.9,ez_industrial_prod
2019-03,100.0,ez_industrial_prod
2019-04,99.9,ez_industrial_prod
2019-05,100.4,ez_industrial_prod
2019-06,99.2,ez_industrial_prod
2019-07,99.0,ez_industrial_prod
2019-08,99.5,ez_industrial_prod
2019-09,99.3,ez_industrial_prod
2019-10,100.0,ez_industrial_prod
2019-11,98.6,ez_industrial_prod
2019-12,96.8,ez_industrial_prod
2020-01,99.4,ez_industrial_prod
2020-02,98.7,ez_industrial_prod
2020-03,87.4,ez_industrial_prod
2020-04,71.2,ez_industrial_prod
2020-05,81.2,ez_industrial_prod
2020-06,88.8,ez_industrial_prod
2020-07,92.8,ez_industrial_prod
2020-08,93.6,ez_industrial_prod
2020-09,94.1,ez_industrial_prod
2020-10,96.8,ez_industrial_prod
2020-11,99.4,ez_industrial_prod
2020-12,98.6,ez_industrial_prod
2021-01,100.2,ez_industrial_prod
2021-02,98.8,ez_industrial_prod
2021-03,100.0,ez_industrial_prod
2021-04,100.8,ez_industrial_prod
2021-05,99.5,ez_industrial_prod
2021-06,99.9,ez_industrial_prod
2021-07,101.3,ez_industrial_prod
2021-08,99.0,ez_industrial_prod
2021-09,99.1,ez_industrial_prod
2021-10,99.3,ez_industrial_prod
2021-11,100.0,ez_industrial_prod
2021-12,102.0,ez_industrial_prod
2022-01,101.3,ez_industrial_prod
2022-02,101.9,ez_industrial_prod
2022-03,100.1,ez_industrial_prod
2022-04,100.3,ez_industrial_prod
2022-05,102.4,ez_industrial_prod
2022-06,102.2,ez_industrial_prod
2022-07,100.5,ez_industrial_prod
2022-08,102.6,ez_industrial_prod
2022-09,103.7,ez_industrial_prod
2022-10,102.7,ez_industrial_prod
2022-11,102.9,ez_industrial_prod
2022-12,100.9,ez_industrial_prod
2023-01,102.3,ez_industrial_prod
2023-02,103.4,ez_industrial_prod
2023-03,100.5,ez_industrial_prod
2023-04,100.7,ez_industrial_prod
2023-05,101.0,ez_industrial_prod
2023-06,101.8,ez_industrial_prod
2023-07,99.0,ez_industrial_prod
2023-08,98.6,ez_industrial_prod
2023-09,98.4,ez_industrial_prod
2023-10,97.9,ez_industrial_prod
2023-11,98.7,ez_industrial_prod
2023-12,98.6,ez_industrial_prod
2024-01,97.4,ez_industrial_prod
2024-02,97.6,ez_industrial_prod
2024-03,97.1,ez_industrial_prod
2024-04,97.6,ez_industrial_prod
2024-05,96.0,ez_industrial_prod
2024-06,97.7,ez_industrial_prod
2024-07,97.0,ez_industrial_prod
2024-08,97.5,ez_industrial_prod
2024-09,96.7,ez_industrial_prod
2024-10,96.9,ez_industrial_prod
2024-11,96.9,ez_industrial_prod
2024-12,96.5,ez_industrial_prod
2025-01,98.1,ez_industrial_prod
2025-02,98.9,ez_industrial_prod
2025-03,101.5,ez_industrial_prod
2025-04,98.0,ez_industrial_prod
2025-05,98.9,ez_industrial_prod
2025-06,98.6,ez_industrial_prod
2025-07,98.5,ez_industrial_prod
2025-08,98.3,ez_industrial_prod
2025-09,98.1,ez_industrial_prod
2025-10,98.4,ez_industrial_prod
2025-11,98.7,ez_industrial_prod
2025-12,98.4,ez_industrial_prod
2026-01,97.2,ez_industrial_prod
2026-02,97.6,ez_industrial_prod
2026-03,98.0,ez_industrial_prod
2026-04,98.3,ez_industrial_prod
2026-05,98.5,ez_industrial_prod
2026-06,98.4,ez_industrial_prod
2026-07,98.3,ez_industrial_prod
2010-01,87.7,ez_retail_sales
2010-02,88.0,ez_retail_sales
2010-03,88.9,ez_retail_sales
2010-04,87.6,ez_retail_sales
2010-05,88.4,ez_retail_sales
2010-06,88.4,ez_retail_sales
2010-07,88.5,ez_retail_sales
2010-08,88.1,ez_retail_sales
2010-09,88.3,ez_retail_sales
2010-10,88.3,ez_retail_sales
2010-11,88.3,ez_retail_sales
2010-12,88.4,ez_retail_sales
2011-01,88.1,ez_retail_sales
2011-02,88.9,ez_retail_sales
2011-03,87.6,ez_retail_sales
2011-04,88.5,ez_retail_sales
2011-05,87.1,ez_retail_sales
2011-06,87.8,ez_retail_sales
2011-07,87.9,ez_retail_sales
2011-08,87.7,ez_retail_sales
2011-09,87.5,ez_retail_sales
2011-10,87.8,ez_retail_sales
2011-11,87.3,ez_retail_sales
2011-12,87.2,ez_retail_sales
2012-01,87.5,ez_retail_sales
2012-02,86.9,ez_retail_sales
2012-03,87.6,ez_retail_sales
2012-04,85.9,ez_retail_sales
2012-05,86.7,ez_retail_sales
2012-06,87.0,ez_retail_sales
2012-07,86.8,ez_retail_sales
2012-08,86.7,ez_retail_sales
2012-09,86.0,ez_retail_sales
2012-10,85.7,ez_retail_sales
2012-11,85.4,ez_retail_sales
2012-12,85.8,ez_retail_sales
2013-01,85.6,ez_retail_sales
2013-02,85.5,ez_retail_sales
2013-03,85.5,ez_retail_sales
2013-04,85.5,ez_retail_sales
2013-05,86.3,ez_retail_sales
2013-06,85.7,ez_retail_sales
2013-07,86.1,ez_retail_sales
2013-08,86.3,ez_retail_sales
2013-09,86.1,ez_retail_sales
2013-10,85.9,ez_retail_sales
2013-11,86.8,ez_retail_sales
2013-12,86.2,ez_retail_sales
2014-01,86.3,ez_retail_sales
2014-02,86.4,ez_retail_sales
2014-03,86.8,ez_retail_sales
2014-04,86.8,ez_retail_sales
2014-05,86.5,ez_retail_sales
2014-06,86.9,ez_retail_sales
2014-07,86.3,ez_retail_sales
2014-08,87.3,ez_retail_sales
2014-09,86.9,ez_retail_sales
2014-10,87.3,ez_retail_sales
2014-11,87.6,ez_retail_sales
2014-12,88.3,ez_retail_sales
2015-01,88.2,ez_retail_sales
2015-02,88.0,ez_retail_sales
2015-03,88.0,ez_retail_sales
2015-04,88.4,ez_retail_sales
2015-05,89.0,ez_retail_sales
2015-06,88.9,ez_retail_sales
2015-07,89.4,ez_retail_sales
2015-08,89.1,ez_retail_sales
2015-09,89.0,ez_retail_sales
2015-10,88.9,ez_retail_sales
2015-11,88.2,ez_retail_sales
2015-12,89.6,ez_retail_sales
2016-01,89.6,ez_retail_sales
2016-02,89.8,ez_retail_sales
2016-03,89.3,ez_retail_sales
2016-04,89.4,ez_retail_sales
2016-05,89.7,ez_retail_sales
2016-06,89.6,ez_retail_sales
2016-07,90.2,ez_retail_sales
2016-08,90.3,ez_retail_sales
2016-09,90.1,ez_retail_sales
2016-10,91.4,ez_retail_sales
2016-11,90.3,ez_retail_sales
2016-12,90.7,ez_retail_sales
2017-01,91.0,ez_retail_sales
2017-02,91.1,ez_retail_sales
2017-03,91.9,ez_retail_sales
2017-04,91.8,ez_retail_sales
2017-05,92.2,ez_retail_sales
2017-06,92.4,ez_retail_sales
2017-07,92.6,ez_retail_sales
2017-08,91.9,ez_retail_sales
2017-09,93.4,ez_retail_sales
2017-10,91.7,ez_retail_sales
2017-11,93.3,ez_retail_sales
2017-12,93.4,ez_retail_sales
2018-01,92.8,ez_retail_sales
2018-02,93.0,ez_retail_sales
2018-03,93.2,ez_retail_sales
2018-04,93.9,ez_retail_sales
2018-05,94.0,ez_retail_sales
2018-06,93.8,ez_retail_sales
2018-07,93.9,ez_retail_sales
2018-08,93.9,ez_retail_sales
2018-09,93.9,ez_retail_sales
2018-10,94.3,ez_retail_sales
2018-11,94.5,ez_retail_sales
2018-12,94.3,ez_retail_sales
2019-01,95.3,ez_retail_sales
2019-02,95.6,ez_retail_sales
2019-03,95.2,ez_retail_sales
2019-04,96.0,ez_retail_sales
2019-05,95.1,ez_retail_sales
2019-06,96.4,ez_retail_sales
2019-07,96.2,ez_retail_sales
2019-08,96.4,ez_retail_sales
2019-09,96.4,ez_retail_sales
2019-10,96.1,ez_retail_sales
2019-11,96.5,ez_retail_sales
2019-12,96.8,ez_retail_sales
2020-01,97.5,ez_retail_sales
2020-02,98.2,ez_retail_sales
2020-03,86.8,ez_retail_sales
2020-04,77.5,ez_retail_sales
2020-05,92.4,ez_retail_sales
2020-06,97.2,ez_retail_sales
2020-07,96.9,ez_retail_sales
2020-08,100.4,ez_retail_sales
2020-09,98.9,ez_retail_sales
2020-10,100.3,ez_retail_sales
2020-11,93.8,ez_retail_sales
2020-12,98.1,ez_retail_sales
2021-01,92.6,ez_retail_sales
2021-02,96.3,ez_retail_sales
2021-03,99.0,ez_retail_sales
2021-04,96.4,ez_retail_sales
2021-05,100.8,ez_retail_sales
2021-06,102.9,ez_retail_sales
2021-07,101.2,ez_retail_sales
2021-08,101.9,ez_retail_sales
2021-09,101.5,ez_retail_sales
2021-10,102.8,ez_retail_sales
2021-11,102.7,ez_retail_sales
2021-12,102.0,ez_retail_sales
2022-01,101.9,ez_retail_sales
2022-02,102.6,ez_retail_sales
2022-03,102.3,ez_retail_sales
2022-04,102.0,ez_retail_sales
2022-05,102.1,ez_retail_sales
2022-06,101.2,ez_retail_sales
2022-07,101.0,ez_retail_sales
2022-08,101.0,ez_retail_sales
2022-09,102.1,ez_retail_sales
2022-10,100.5,ez_retail_sales
2022-11,100.4,ez_retail_sales
2022-12,99.9,ez_retail_sales
2023-01,100.0,ez_retail_sales
2023-02,99.8,ez_retail_sales
2023-03,99.0,ez_retail_sales
2023-04,99.1,ez_retail_sales
2023-05,99.6,ez_retail_sales
2023-06,100.1,ez_retail_sales
2023-07,99.9,ez_retail_sales
2023-08,98.9,ez_retail_sales
2023-09,98.9,ez_retail_sales
2023-10,99.3,ez_retail_sales
2023-11,99.8,ez_retail_sales
2023-12,99.4,ez_retail_sales
2024-01,99.5,ez_retail_sales
2024-02,100.0,ez_retail_sales
2024-03,100.2,ez_retail_sales
2024-04,100.2,ez_retail_sales
2024-05,100.5,ez_retail_sales
2024-06,99.6,ez_retail_sales
2024-07,100.4,ez_retail_sales
2024-08,101.6,ez_retail_sales
2024-09,102.1,ez_retail_sales
2024-10,101.6,ez_retail_sales
2024-11,101.7,ez_retail_sales
2024-12,101.7,ez_retail_sales
2025-01,102.0,ez_retail_sales
2025-02,102.4,ez_retail_sales
2025-03,102.4,ez_retail_sales
2025-04,103.3,ez_retail_sales
2025-05,102.7,ez_retail_sales
2025-06,103.5,ez_retail_sales
2025-07,103.4,ez_retail_sales
2025-08,103.4,ez_retail_sales
2025-09,103.5,ez_retail_sales
2025-10,103.9,ez_retail_sales
2025-11,104.0,ez_retail_sales
2025-12,104.0,ez_retail_sales
2026-01,104.2,ez_retail_sales
2026-02,103.8,ez_retail_sales
2026-03,104.7,ez_retail_sales
2026-04,104.3,ez_retail_sales
2026-05,104.6,ez_retail_sales
2026-06,104.8,ez_retail_sales
2026-07,104.2,ez_retail_sales
2010-01,10.2,ez_unemployment
2010-02,10.3,ez_unemployment
2010-03,10.3,ez_unemployment
2010-04,10.4,ez_unemployment
2010-05,10.4,ez_unemployment
2010-06,10.3,ez_unemployment
2010-07,10.3,ez_unemployment
2010-08,10.3,ez_unemployment
2010-09,10.2,ez_unemployment
2010-10,10.2,ez_unemployment
2010-11,10.2,ez_unemployment
2010-12,10.2,ez_unemployment
2011-01,10.1,ez_unemployment
2011-02,10.1,ez_unemployment
2011-03,10.1,ez_unemployment
2011-04,10.0,ez_unemployment
2011-05,10.1,ez_unemployment
2011-06,10.1,ez_unemployment
2011-07,10.2,ez_unemployment
2011-08,10.4,ez_unemployment
2011-09,10.4,ez_unemployment
2011-10,10.6,ez_unemployment
2011-11,10.7,ez_unemployment
2011-12,10.8,ez_unemployment
2012-01,10.9,ez_unemployment
2012-02,11.0,ez_unemployment
2012-03,11.2,ez_unemployment
2012-04,11.3,ez_unemployment
2012-05,11.4,ez_unemployment
2012-06,11.5,ez_unemployment
2012-07,11.6,ez_unemployment
2012-08,11.6,ez_unemployment
2012-09,11.7,ez_unemployment
2012-10,11.9,ez_unemployment
2012-11,12.0,ez_unemployment
2012-12,12.0,ez_unemployment
2013-01,12.2,ez_unemployment
2013-02,12.2,ez_unemployment
2013-03,12.2,ez_unemployment
2013-04,12.2,ez_unemployment
2013-05,12.2,ez_unemployment
2013-06,12.2,ez_unemployment
2013-07,12.1,ez_unemployment
2013-08,12.1,ez_unemployment
2013-09,12.1,ez_unemployment
2013-10,12.1,ez_unemployment
2013-11,12.1,ez_unemployment
2013-12,12.0,ez_unemployment
2014-01,12.0,ez_unemployment
2014-02,12.0,ez_unemployment
2014-03,11.9,ez_unemployment
2014-04,11.8,ez_unemployment
2014-05,11.8,ez_unemployment
2014-06,11.6,ez_unemployment
2014-07,11.7,ez_unemployment
2014-08,11.6,ez_unemployment
2014-09,11.6,ez_unemployment
2014-10,11.6,ez_unemployment
2014-11,11.6,ez_unemployment
2014-12,11.5,ez_unemployment
2015-01,11.4,ez_unemployment
2015-02,11.3,ez_unemployment
2015-03,11.3,ez_unemployment
2015-04,11.2,ez_unemployment
2015-05,11.2,ez_unemployment
2015-06,11.1,ez_unemployment
2015-07,10.9,ez_unemployment
2015-08,10.8,ez_unemployment
2015-09,10.7,ez_unemployment
2015-10,10.7,ez_unemployment
2015-11,10.6,ez_unemployment
2015-12,10.6,ez_unemployment
2016-01,10.5,ez_unemployment
2016-02,10.5,ez_unemployment
2016-03,10.4,ez_unemployment
2016-04,10.3,ez_unemployment
2016-05,10.2,ez_unemployment
2016-06,10.2,ez_unemployment
2016-07,10.0,ez_unemployment
2016-08,10.0,ez_unemployment
2016-09,9.9,ez_unemployment
2016-10,9.9,ez_unemployment
2016-11,9.9,ez_unemployment
2016-12,9.8,ez_unemployment
2017-01,9.7,ez_unemployment
2017-02,9.6,ez_unemployment
2017-03,9.5,ez_unemployment
2017-04,9.3,ez_unemployment
2017-05,9.3,ez_unemployment
2017-06,9.1,ez_unemployment
2017-07,9.1,ez_unemployment
2017-08,9.0,ez_unemployment
2017-09,8.9,ez_unemployment
2017-10,8.8,ez_unemployment
2017-11,8.8,ez_unemployment
2017-12,8.7,ez_unemployment
2018-01,8.7,ez_unemployment
2018-02,8.6,ez_unemployment
2018-03,8.5,ez_unemployment
2018-04,8.4,ez_unemployment
2018-05,8.3,ez_unemployment
2018-06,8.3,ez_unemployment
2018-07,8.1,ez_unemployment
2018-08,8.1,ez_unemployment
2018-09,8.0,ez_unemployment
2018-10,8.0,ez_unemployment
2018-11,7.9,ez_unemployment
2018-12,7.9,ez_unemployment
2019-01,7.9,ez_unemployment
2019-02,7.8,ez_unemployment
2019-03,7.7,ez_unemployment
2019-04,7.8,ez_unemployment
2019-05,7.6,ez_unemployment
2019-06,7.5,ez_unemployment
2019-07,7.5,ez_unemployment
2019-08,7.5,ez_unemployment
2019-09,7.5,ez_unemployment
2019-10,7.4,ez_unemployment
2019-11,7.5,ez_unemployment
2019-12,7.5,ez_unemployment
2020-01,7.5,ez_unemployment
2020-02,7.3,ez_unemployment
2020-03,7.2,ez_unemployment
2020-04,7.5,ez_unemployment
2020-05,7.7,ez_unemployment
2020-06,8.1,ez_unemployment
2020-07,8.5,ez_unemployment
2020-08,8.6,ez_unemployment
2020-09,8.6,ez_unemployment
2020-10,8.4,ez_unemployment
2020-11,8.2,ez_unemployment
2020-12,8.2,ez_unemployment
2021-01,8.3,ez_unemployment
2021-02,8.3,ez_unemployment
2021-03,8.2,ez_unemployment
2021-04,8.3,ez_unemployment
2021-05,8.1,ez_unemployment
2021-06,7.9,ez_unemployment
2021-07,7.7,ez_unemployment
2021-08,7.6,ez_unemployment
2021-09,7.4,ez_unemployment
2021-10,7.3,ez_unemployment
2021-11,7.2,ez_unemployment
2021-12,7.1,ez_unemployment
2022-01,7.0,ez_unemployment
2022-02,6.9,ez_unemployment
2022-03,6.9,ez_unemployment
2022-04,6.8,ez_unemployment
2022-05,6.8,ez_unemployment
2022-06,6.8,ez_unemployment
2022-07,6.7,ez_unemployment
2022-08,6.8,ez_unemployment
2022-09,6.7,ez_unemployment
2022-10,6.7,ez_unemployment
2022-11,6.7,ez_unemployment
2022-12,6.8,ez_unemployment
2023-01,6.7,ez_unemployment
2023-02,6.6,ez_unemployment
2023-03,6.6,ez_unemployment
2023-04,6.6,ez_unemployment
2023-05,6.5,ez_unemployment
2023-06,6.5,ez_unemployment
2023-07,6.6,ez_unemployment
2023-08,6.6,ez_unemployment
2023-09,6.6,ez_unemployment
2023-10,6.6,ez_unemployment
2023-11,6.6,ez_unemployment
2023-12,6.5,ez_unemployment
2024-01,6.6,ez_unemployment
2024-02,6.6,ez_unemployment
2024-03,6.5,ez_unemployment
2024-04,6.5,ez_unemployment
2024-05,6.4,ez_unemployment
2024-06,6.4,ez_unemployment
2024-07,6.4,ez_unemployment
2024-08,6.3,ez_unemployment
2024-09,6.3,ez_unemployment
2024-10,6.3,ez_unemployment
2024-11,6.2,ez_unemployment
2024-12,6.3,ez_unemployment
2025-01,6.3,ez_unemployment
2025-02,6.3,ez_unemployment
2025-03,6.4,ez_unemployment
2025-04,6.3,ez_unemployment
2025-05,6.4,ez_unemployment
2025-06,6.3,ez_unemployment
2025-07,6.3,ez_unemployment
2025-08,6.3,ez_unemployment
2025-09,6.4,ez_unemployment
2025-10,6.4,ez_unemployment
2025-11,6.4,ez_unemployment
2025-12,6.4,ez_unemployment
2026-01,6.4,ez_unemployment
2026-02,6.5,ez_unemployment
2026-03,6.5,ez_unemployment
2026-04,6.4,ez_unemployment
2026-05,6.4,ez_unemployment
2026-06,6.5,ez_unemployment
2026-07,6.5,ez_unemployment
2026-08,6.5,ez_unemployment
2010-01-01,0.25,ecb_rate
2010-01-02,0.25,ecb_rate
2010-01-03,0.25,ecb_rate
2010-01-04,0.25,ecb_rate
2010-01-05,0.25,ecb_rate
2010-01-06,0.25,ecb_rate
2010-01-07,0.25,ecb_rate
2010-01-08,0.25,ecb_rate
2010-01-09,0.25,ecb_rate
2010-01-10,0.25,ecb_rate
2010-01-11,0.25,ecb_rate
2010-01-12,0.25,ecb_rate
2010-01-13,0.25,ecb_rate
2010-01-14,0.25,ecb_rate
2010-01-15,0.25,ecb_rate
2010-01-16,0.25,ecb_rate
2010-01-17,0.25,ecb_rate
2010-01-18,0.25,ecb_rate
2010-01-19,0.25,ecb_rate
2010-01-20,0.25,ecb_rate
2010-01-21,0.25,ecb_rate
2010-01-22,0.25,ecb_rate
2010-01-23,0.25,ecb_rate
2010-01-24,0.25,ecb_rate
2010-01-25,0.25,ecb_rate
2010-01-26,0.25,ecb_rate
2010-01-27,0.25,ecb_rate
2010-01-28,0.25,ecb_rate
2010-01-29,0.25,ecb_rate
2010-01-30,0.25,ecb_rate
2010-01-31,0.25,ecb_rate
2010-02-01,0.25,ecb_rate
2010-02-02,0.25,ecb_rate
2010-02-03,0.25,ecb_rate
2010-02-04,0.25,ecb_rate
2010-02-05,0.25,ecb_rate
2010-02-06,0.25,ecb_rate
2010-02-07,0.25,ecb_rate
2010-02-08,0.25,ecb_rate
2010-02-09,0.25,ecb_rate
2010-02-10,0.25,ecb_rate
2010-02-11,0.25,ecb_rate
2010-02-12,0.25,ecb_rate
2010-02-13,0.25,ecb_rate
2010-02-14,0.25,ecb_rate
2010-02-15,0.25,ecb_rate
2010-02-16,0.25,ecb_rate
2010-02-17,0.25,ecb_rate
2010-02-18,0.25,ecb_rate
2010-02-19,0.25,ecb_rate
2010-02-20,0.25,ecb_rate
2010-02-21,0.25,ecb_rate
2010-02-22,0.25,ecb_rate
2010-02-23,0.25,ecb_rate
2010-02-24,0.25,ecb_rate
2010-02-25,0.25,ecb_rate
2010-02-26,0.25,ecb_rate
2010-02-27,0.25,ecb_rate
2010-02-28,0.25,ecb_rate
2010-03-01,0.25,ecb_rate
2010-03-02,0.25,ecb_rate
2010-03-03,0.25,ecb_rate
2010-03-04,0.25,ecb_rate
2010-03-05,0.25,ecb_rate
2010-03-06,0.25,ecb_rate
2010-03-07,0.25,ecb_rate
2010-03-08,0.25,ecb_rate
2010-03-09,0.25,ecb_rate
2010-03-10,0.25,ecb_rate
2010-03-11,0.25,ecb_rate
2010-03-12,0.25,ecb_rate
2010-03-13,0.25,ecb_rate
2010-03-14,0.25,ecb_rate
2010-03-15,0.25,ecb_rate
2010-03-16,0.25,ecb_rate
2010-03-17,0.25,ecb_rate
2010-03-18,0.25,ecb_rate
2010-03-19,0.25,ecb_rate
2010-03-20,0.25,ecb_rate
2010-03-21,0.25,ecb_rate
2010-03-22,0.25,ecb_rate
2010-03-23,0.25,ecb_rate
2010-03-24,0.25,ecb_rate
2010-03-25,0.25,ecb_rate
2010-03-26,0.25,ecb_rate
2010-03-27,0.25,ecb_rate
2010-03-28,0.25,ecb_rate
2010-03-29,0.25,ecb_rate
2010-03-30,0.25,ecb_rate
2010-03-31,0.25,ecb_rate
2010-04-01,0.25,ecb_rate
2010-04-02,0.25,ecb_rate
2010-04-03,0.25,ecb_rate
2010-04-04,0.25,ecb_rate
2010-04-05,0.25,ecb_rate
2010-04-06,0.25,ecb_rate
2010-04-07,0.25,ecb_rate
2010-04-08,0.25,ecb_rate
2010-04-09,0.25,ecb_rate
2010-04-10,0.25,ecb_rate
2010-04-11,0.25,ecb_rate
2010-04-12,0.25,ecb_rate
2010-04-13,0.25,ecb_rate
2010-04-14,0.25,ecb_rate
2010-04-15,0.25,ecb_rate
2010-04-16,0.25,ecb_rate
2010-04-17,0.25,ecb_rate
2010-04-18,0.25,ecb_rate
2010-04-19,0.25,ecb_rate
2010-04-20,0.25,ecb_rate
2010-04-21,0.25,ecb_rate
2010-04-22,0.25,ecb_rate
2010-04-23,0.25,ecb_rate
2010-04-24,0.25,ecb_rate
2010-04-25,0.25,ecb_rate
2010-04-26,0.25,ecb_rate
2010-04-27,0.25,ecb_rate
2010-04-28,0.25,ecb_rate
2010-04-29,0.25,ecb_rate
2010-04-30,0.25,ecb_rate
2010-05-01,0.25,ecb_rate
2010-05-02,0.25,ecb_rate
2010-05-03,0.25,ecb_rate
2010-05-04,0.25,ecb_rate
2010-05-05,0.25,ecb_rate
2010-05-06,0.25,ecb_rate
2010-05-07,0.25,ecb_rate
2010-05-08,0.25,ecb_rate
2010-05-09,0.25,ecb_rate
2010-05-10,0.25,ecb_rate
2010-05-11,0.25,ecb_rate
2010-05-12,0.25,ecb_rate
2010-05-13,0.25,ecb_rate
2010-05-14,0.25,ecb_rate
2010-05-15,0.25,ecb_rate
2010-05-16,0.25,ecb_rate
2010-05-17,0.25,ecb_rate
2010-05-18,0.25,ecb_rate
2010-05-19,0.25,ecb_rate
2010-05-20,0.25,ecb_rate
2010-05-21,0.25,ecb_rate
2010-05-22,0.25,ecb_rate
2010-05-23,0.25,ecb_rate
2010-05-24,0.25,ecb_rate
2010-05-25,0.25,ecb_rate
2010-05-26,0.25,ecb_rate
2010-05-27,0.25,ecb_rate
2010-05-28,0.25,ecb_rate
2010-05-29,0.25,ecb_rate
2010-05-30,0.25,ecb_rate
2010-05-31,0.25,ecb_rate
2010-06-01,0.25,ecb_rate
2010-06-02,0.25,ecb_rate
2010-06-03,0.25,ecb_rate
2010-06-04,0.25,ecb_rate
2010-06-05,0.25,ecb_rate
2010-06-06,0.25,ecb_rate
2010-06-07,0.25,ecb_rate
2010-06-08,0.25,ecb_rate
2010-06-09,0.25,ecb_rate
2010-06-10,0.25,ecb_rate
2010-06-11,0.25,ecb_rate
2010-06-12,0.25,ecb_rate
2010-06-13,0.25,ecb_rate
2010-06-14,0.25,ecb_rate
2010-06-15,0.25,ecb_rate
2010-06-16,0.25,ecb_rate
2010-06-17,0.25,ecb_rate
2010-06-18,0.25,ecb_rate
2010-06-19,0.25,ecb_rate
2010-06-20,0.25,ecb_rate
2010-06-21,0.25,ecb_rate
2010-06-22,0.25,ecb_rate
2010-06-23,0.25,ecb_rate
2010-06-24,0.25,ecb_rate
2010-06-25,0.25,ecb_rate
2010-06-26,0.25,ecb_rate
2010-06-27,0.25,ecb_rate
2010-06-28,0.25,ecb_rate
2010-06-29,0.25,ecb_rate
2010-06-30,0.25,ecb_rate
2010-07-01,0.25,ecb_rate
2010-07-02,0.25,ecb_rate
2010-07-03,0.25,ecb_rate
2010-07-04,0.25,ecb_rate
2010-07-05,0.25,ecb_rate
2010-07-06,0.25,ecb_rate
2010-07-07,0.25,ecb_rate
2010-07-08,0.25,ecb_rate
2010-07-09,0.25,ecb_rate
2010-07-10,0.25,ecb_rate
2010-07-11,0.25,ecb_rate
2010-07-12,0.25,ecb_rate
2010-07-13,0.25,ecb_rate
2010-07-14,0.25,ecb_rate
2010-07-15,0.25,ecb_rate
2010-07-16,0.25,ecb_rate
2010-07-17,0.25,ecb_rate
2010-07-18,0.25,ecb_rate
2010-07-19,0.25,ecb_rate
2010-07-20,0.25,ecb_rate
2010-07-21,0.25,ecb_rate
2010-07-22,0.25,ecb_rate
2010-07-23,0.25,ecb_rate
2010-07-24,0.25,ecb_rate
2010-07-25,0.25,ecb_rate
2010-07-26,0.25,ecb_rate
2010-07-27,0.25,ecb_rate
2010-07-28,0.25,ecb_rate
2010-07-29,0.25,ecb_rate
2010-07-30,0.25,ecb_rate
2010-07-31,0.25,ecb_rate
2010-08-01,0.25,ecb_rate
2010-08-02,0.25,ecb_rate
2010-08-03,0.25,ecb_rate
2010-08-04,0.25,ecb_rate
2010-08-05,0.25,ecb_rate
2010-08-06,0.25,ecb_rate
2010-08-07,0.25,ecb_rate
2010-08-08,0.25,ecb_rate
2010-08-09,0.25,ecb_rate
2010-08-10,0.25,ecb_rate
2010-08-11,0.25,ecb_rate
2010-08-12,0.25,ecb_rate
2010-08-13,0.25,ecb_rate
2010-08-14,0.25,ecb_rate
2010-08-15,0.25,ecb_rate
2010-08-16,0.25,ecb_rate
2010-08-17,0.25,ecb_rate
2010-08-18,0.25,ecb_rate
2010-08-19,0.25,ecb_rate
2010-08-20,0.25,ecb_rate
2010-08-21,0.25,ecb_rate
2010-08-22,0.25,ecb_rate
2010-08-23,0.25,ecb_rate
2010-08-24,0.25,ecb_rate
2010-08-25,0.25,ecb_rate
2010-08-26,0.25,ecb_rate
2010-08-27,0.25,ecb_rate
2010-08-28,0.25,ecb_rate
2010-08-29,0.25,ecb_rate
2010-08-30,0.25,ecb_rate
2010-08-31,0.25,ecb_rate
2010-09-01,0.25,ecb_rate
2010-09-02,0.25,ecb_rate
2010-09-03,0.25,ecb_rate
2010-09-04,0.25,ecb_rate
2010-09-05,0.25,ecb_rate
2010-09-06,0.25,ecb_rate
2010-09-07,0.25,ecb_rate
2010-09-08,0.25,ecb_rate
2010-09-09,0.25,ecb_rate
2010-09-10,0.25,ecb_rate
2010-09-11,0.25,ecb_rate
2010-09-12,0.25,ecb_rate
2010-09-13,0.25,ecb_rate
2010-09-14,0.25,ecb_rate
2010-09-15,0.25,ecb_rate
2010-09-16,0.25,ecb_rate
2010-09-17,0.25,ecb_rate
2010-09-18,0.25,ecb_rate
2010-09-19,0.25,ecb_rate
2010-09-20,0.25,ecb_rate
2010-09-21,0.25,ecb_rate
2010-09-22,0.25,ecb_rate
2010-09-23,0.25,ecb_rate
2010-09-24,0.25,ecb_rate
2010-09-25,0.25,ecb_rate
2010-09-26,0.25,ecb_rate
2010-09-27,0.25,ecb_rate
2010-09-28,0.25,ecb_rate
2010-09-29,0.25,ecb_rate
2010-09-30,0.25,ecb_rate
2010-10-01,0.25,ecb_rate
2010-10-02,0.25,ecb_rate
2010-10-03,0.25,ecb_rate
2010-10-04,0.25,ecb_rate
2010-10-05,0.25,ecb_rate
2010-10-06,0.25,ecb_rate
2010-10-07,0.25,ecb_rate
2010-10-08,0.25,ecb_rate
2010-10-09,0.25,ecb_rate
2010-10-10,0.25,ecb_rate
2010-10-11,0.25,ecb_rate
2010-10-12,0.25,ecb_rate
2010-10-13,0.25,ecb_rate
2010-10-14,0.25,ecb_rate
2010-10-15,0.25,ecb_rate
2010-10-16,0.25,ecb_rate
2010-10-17,0.25,ecb_rate
2010-10-18,0.25,ecb_rate
2010-10-19,0.25,ecb_rate
2010-10-20,0.25,ecb_rate
2010-10-21,0.25,ecb_rate
2010-10-22,0.25,ecb_rate
2010-10-23,0.25,ecb_rate
2010-10-24,0.25,ecb_rate
2010-10-25,0.25,ecb_rate
2010-10-26,0.25,ecb_rate
2010-10-27,0.25,ecb_rate
2010-10-28,0.25,ecb_rate
2010-10-29,0.25,ecb_rate
2010-10-30,0.25,ecb_rate
2010-10-31,0.25,ecb_rate
2010-11-01,0.25,ecb_rate
2010-11-02,0.25,ecb_rate
2010-11-03,0.25,ecb_rate
2010-11-04,0.25,ecb_rate
2010-11-05,0.25,ecb_rate
2010-11-06,0.25,ecb_rate
2010-11-07,0.25,ecb_rate
2010-11-08,0.25,ecb_rate
2010-11-09,0.25,ecb_rate
2010-11-10,0.25,ecb_rate
2010-11-11,0.25,ecb_rate
2010-11-12,0.25,ecb_rate
2010-11-13,0.25,ecb_rate
2010-11-14,0.25,ecb_rate
2010-11-15,0.25,ecb_rate
2010-11-16,0.25,ecb_rate
2010-11-17,0.25,ecb_rate
2010-11-18,0.25,ecb_rate
2010-11-19,0.25,ecb_rate
2010-11-20,0.25,ecb_rate
2010-11-21,0.25,ecb_rate
2010-11-22,0.25,ecb_rate
2010-11-23,0.25,ecb_rate
2010-11-24,0.25,ecb_rate
2010-11-25,0.25,ecb_rate
2010-11-26,0.25,ecb_rate
2010-11-27,0.25,ecb_rate
2010-11-28,0.25,ecb_rate
2010-11-29,0.25,ecb_rate
2010-11-30,0.25,ecb_rate
2010-12-01,0.25,ecb_rate
2010-12-02,0.25,ecb_rate
2010-12-03,0.25,ecb_rate
2010-12-04,0.25,ecb_rate
2010-12-05,0.25,ecb_rate
2010-12-06,0.25,ecb_rate
2010-12-07,0.25,ecb_rate
2010-12-08,0.25,ecb_rate
2010-12-09,0.25,ecb_rate
2010-12-10,0.25,ecb_rate
2010-12-11,0.25,ecb_rate
2010-12-12,0.25,ecb_rate
2010-12-13,0.25,ecb_rate
2010-12-14,0.25,ecb_rate
2010-12-15,0.25,ecb_rate
2010-12-16,0.25,ecb_rate
2010-12-17,0.25,ecb_rate
2010-12-18,0.25,ecb_rate
2010-12-19,0.25,ecb_rate
2010-12-20,0.25,ecb_rate
2010-12-21,0.25,ecb_rate
2010-12-22,0.25,ecb_rate
2010-12-23,0.25,ecb_rate
2010-12-24,0.25,ecb_rate
2010-12-25,0.25,ecb_rate
2010-12-26,0.25,ecb_rate
2010-12-27,0.25,ecb_rate
2010-12-28,0.25,ecb_rate
2010-12-29,0.25,ecb_rate
2010-12-30,0.25,ecb_rate
2010-12-31,0.25,ecb_rate
2011-01-01,0.25,ecb_rate
2011-01-02,0.25,ecb_rate
2011-01-03,0.25,ecb_rate
2011-01-04,0.25,ecb_rate
2011-01-05,0.25,ecb_rate
2011-01-06,0.25,ecb_rate
2011-01-07,0.25,ecb_rate
2011-01-08,0.25,ecb_rate
2011-01-09,0.25,ecb_rate
2011-01-10,0.25,ecb_rate
2011-01-11,0.25,ecb_rate
2011-01-12,0.25,ecb_rate
2011-01-13,0.25,ecb_rate
2011-01-14,0.25,ecb_rate
2011-01-15,0.25,ecb_rate
2011-01-16,0.25,ecb_rate
2011-01-17,0.25,ecb_rate
2011-01-18,0.25,ecb_rate
2011-01-19,0.25,ecb_rate
2011-01-20,0.25,ecb_rate
2011-01-21,0.25,ecb_rate
2011-01-22,0.25,ecb_rate
2011-01-23,0.25,ecb_rate
2011-01-24,0.25,ecb_rate
2011-01-25,0.25,ecb_rate
2011-01-26,0.25,ecb_rate
2011-01-27,0.25,ecb_rate
2011-01-28,0.25,ecb_rate
2011-01-29,0.25,ecb_rate
2011-01-30,0.25,ecb_rate
2011-01-31,0.25,ecb_rate
2011-02-01,0.25,ecb_rate
2011-02-02,0.25,ecb_rate
2011-02-03,0.25,ecb_rate
2011-02-04,0.25,ecb_rate
2011-02-05,0.25,ecb_rate
2011-02-06,0.25,ecb_rate
2011-02-07,0.25,ecb_rate
2011-02-08,0.25,ecb_rate
2011-02-09,0.25,ecb_rate
2011-02-10,0.25,ecb_rate
2011-02-11,0.25,ecb_rate
2011-02-12,0.25,ecb_rate
2011-02-13,0.25,ecb_rate
2011-02-14,0.25,ecb_rate
2011-02-15,0.25,ecb_rate
2011-02-16,0.25,ecb_rate
2011-02-17,0.25,ecb_rate
2011-02-18,0.25,ecb_rate
2011-02-19,0.25,ecb_rate
2011-02-20,0.25,ecb_rate
2011-02-21,0.25,ecb_rate
2011-02-22,0.25,ecb_rate
2011-02-23,0.25,ecb_rate
2011-02-24,0.25,ecb_rate
2011-02-25,0.25,ecb_rate
2011-02-26,0.25,ecb_rate
2011-02-27,0.25,ecb_rate
2011-02-28,0.25,ecb_rate
2011-03-01,0.25,ecb_rate
2011-03-02,0.25,ecb_rate
2011-03-03,0.25,ecb_rate
2011-03-04,0.25,ecb_rate
2011-03-05,0.25,ecb_rate
2011-03-06,0.25,ecb_rate
2011-03-07,0.25,ecb_rate
2011-03-08,0.25,ecb_rate
2011-03-09,0.25,ecb_rate
2011-03-10,0.25,ecb_rate
2011-03-11,0.25,ecb_rate
2011-03-12,0.25,ecb_rate
2011-03-13,0.25,ecb_rate
2011-03-14,0.25,ecb_rate
2011-03-15,0.25,ecb_rate
2011-03-16,0.25,ecb_rate
2011-03-17,0.25,ecb_rate
2011-03-18,0.25,ecb_rate
2011-03-19,0.25,ecb_rate
2011-03-20,0.25,ecb_rate
2011-03-21,0.25,ecb_rate
2011-03-22,0.25,ecb_rate
2011-03-23,0.25,ecb_rate
2011-03-24,0.25,ecb_rate
2011-03-25,0.25,ecb_rate
2011-03-26,0.25,ecb_rate
2011-03-27,0.25,ecb_rate
2011-03-28,0.25,ecb_rate
2011-03-29,0.25,ecb_rate
2011-03-30,0.25,ecb_rate
2011-03-31,0.25,ecb_rate
2011-04-01,0.25,ecb_rate
2011-04-02,0.25,ecb_rate
2011-04-03,0.25,ecb_rate
2011-04-04,0.25,ecb_rate
2011-04-05,0.25,ecb_rate
2011-04-06,0.25,ecb_rate
2011-04-07,0.25,ecb_rate
2011-04-08,0.25,ecb_rate
2011-04-09,0.25,ecb_rate
2011-04-10,0.25,ecb_rate
2011-04-11,0.25,ecb_rate
2011-04-12,0.25,ecb_rate
2011-04-13,0.5,ecb_rate
2011-04-14,0.5,ecb_rate
2011-04-15,0.5,ecb_rate
2011-04-16,0.5,ecb_rate
2011-04-17,0.5,ecb_rate
2011-04-18,0.5,ecb_rate
2011-04-19,0.5,ecb_rate
2011-04-20,0.5,ecb_rate
2011-04-21,0.5,ecb_rate
2011-04-22,0.5,ecb_rate
2011-04-23,0.5,ecb_rate
2011-04-24,0.5,ecb_rate
2011-04-25,0.5,ecb_rate
2011-04-26,0.5,ecb_rate
2011-04-27,0.5,ecb_rate
2011-04-28,0.5,ecb_rate
2011-04-29,0.5,ecb_rate
2011-04-30,0.5,ecb_rate
2011-05-01,0.5,ecb_rate
2011-05-02,0.5,ecb_rate
2011-05-03,0.5,ecb_rate
2011-05-04,0.5,ecb_rate
2011-05-05,0.5,ecb_rate
2011-05-06,0.5,ecb_rate
2011-05-07,0.5,ecb_rate
2011-05-08,0.5,ecb_rate
2011-05-09,0.5,ecb_rate
2011-05-10,0.5,ecb_rate
2011-05-11,0.5,ecb_rate
2011-05-12,0.5,ecb_rate
2011-05-13,0.5,ecb_rate
2011-05-14,0.5,ecb_rate
2011-05-15,0.5,ecb_rate
2011-05-16,0.5,ecb_rate
2011-05-17,0.5,ecb_rate
2011-05-18,0.5,ecb_rate
2011-05-19,0.5,ecb_rate
2011-05-20,0.5,ecb_rate
2011-05-21,0.5,ecb_rate
2011-05-22,0.5,ecb_rate
2011-05-23,0.5,ecb_rate
2011-05-24,0.5,ecb_rate
2011-05-25,0.5,ecb_rate
2011-05-26,0.5,ecb_rate
2011-05-27,0.5,ecb_rate
2011-05-28,0.5,ecb_rate
2011-05-29,0.5,ecb_rate
2011-05-30,0.5,ecb_rate
2011-05-31,0.5,ecb_rate
2011-06-01,0.5,ecb_rate
2011-06-02,0.5,ecb_rate
2011-06-03,0.5,ecb_rate
2011-06-04,0.5,ecb_rate
2011-06-05,0.5,ecb_rate
2011-06-06,0.5,ecb_rate
2011-06-07,0.5,ecb_rate
2011-06-08,0.5,ecb_rate
2011-06-09,0.5,ecb_rate
2011-06-10,0.5,ecb_rate
2011-06-11,0.5,ecb_rate
2011-06-12,0.5,ecb_rate
2011-06-13,0.5,ecb_rate
2011-06-14,0.5,ecb_rate
2011-06-15,0.5,ecb_rate
2011-06-16,0.5,ecb_rate
2011-06-17,0.5,ecb_rate
2011-06-18,0.5,ecb_rate
2011-06-19,0.5,ecb_rate
2011-06-20,0.5,ecb_rate
2011-06-21,0.5,ecb_rate
2011-06-22,0.5,ecb_rate
2011-06-23,0.5,ecb_rate
2011-06-24,0.5,ecb_rate
2011-06-25,0.5,ecb_rate
2011-06-26,0.5,ecb_rate
2011-06-27,0.5,ecb_rate
2011-06-28,0.5,ecb_rate
2011-06-29,0.5,ecb_rate
2011-06-30,0.5,ecb_rate
2011-07-01,0.5,ecb_rate
2011-07-02,0.5,ecb_rate
2011-07-03,0.5,ecb_rate
2011-07-04,0.5,ecb_rate
2011-07-05,0.5,ecb_rate
2011-07-06,0.5,ecb_rate
2011-07-07,0.5,ecb_rate
2011-07-08,0.5,ecb_rate
2011-07-09,0.5,ecb_rate
2011-07-10,0.5,ecb_rate
2011-07-11,0.5,ecb_rate
2011-07-12,0.5,ecb_rate
2011-07-13,0.75,ecb_rate
2011-07-14,0.75,ecb_rate
2011-07-15,0.75,ecb_rate
2011-07-16,0.75,ecb_rate
2011-07-17,0.75,ecb_rate
2011-07-18,0.75,ecb_rate
2011-07-19,0.75,ecb_rate
2011-07-20,0.75,ecb_rate
2011-07-21,0.75,ecb_rate
2011-07-22,0.75,ecb_rate
2011-07-23,0.75,ecb_rate
2011-07-24,0.75,ecb_rate
2011-07-25,0.75,ecb_rate
2011-07-26,0.75,ecb_rate
2011-07-27,0.75,ecb_rate
2011-07-28,0.75,ecb_rate
2011-07-29,0.75,ecb_rate
2011-07-30,0.75,ecb_rate
2011-07-31,0.75,ecb_rate
2011-08-01,0.75,ecb_rate
2011-08-02,0.75,ecb_rate
2011-08-03,0.75,ecb_rate
2011-08-04,0.75,ecb_rate
2011-08-05,0.75,ecb_rate
2011-08-06,0.75,ecb_rate
2011-08-07,0.75,ecb_rate
2011-08-08,0.75,ecb_rate
2011-08-09,0.75,ecb_rate
2011-08-10,0.75,ecb_rate
2011-08-11,0.75,ecb_rate
2011-08-12,0.75,ecb_rate
2011-08-13,0.75,ecb_rate
2011-08-14,0.75,ecb_rate
2011-08-15,0.75,ecb_rate
2011-08-16,0.75,ecb_rate
2011-08-17,0.75,ecb_rate
2011-08-18,0.75,ecb_rate
2011-08-19,0.75,ecb_rate
2011-08-20,0.75,ecb_rate
2011-08-21,0.75,ecb_rate
2011-08-22,0.75,ecb_rate
2011-08-23,0.75,ecb_rate
2011-08-24,0.75,ecb_rate
2011-08-25,0.75,ecb_rate
2011-08-26,0.75,ecb_rate
2011-08-27,0.75,ecb_rate
2011-08-28,0.75,ecb_rate
2011-08-29,0.75,ecb_rate
2011-08-30,0.75,ecb_rate
2011-08-31,0.75,ecb_rate
2011-09-01,0.75,ecb_rate
2011-09-02,0.75,ecb_rate
2011-09-03,0.75,ecb_rate
2011-09-04,0.75,ecb_rate
2011-09-05,0.75,ecb_rate
2011-09-06,0.75,ecb_rate
2011-09-07,0.75,ecb_rate
2011-09-08,0.75,ecb_rate
2011-09-09,0.75,ecb_rate
2011-09-10,0.75,ecb_rate
2011-09-11,0.75,ecb_rate
2011-09-12,0.75,ecb_rate
2011-09-13,0.75,ecb_rate
2011-09-14,0.75,ecb_rate
2011-09-15,0.75,ecb_rate
2011-09-16,0.75,ecb_rate
2011-09-17,0.75,ecb_rate
2011-09-18,0.75,ecb_rate
2011-09-19,0.75,ecb_rate
2011-09-20,0.75,ecb_rate
2011-09-21,0.75,ecb_rate
2011-09-22,0.75,ecb_rate
2011-09-23,0.75,ecb_rate
2011-09-24,0.75,ecb_rate
2011-09-25,0.75,ecb_rate
2011-09-26,0.75,ecb_rate
2011-09-27,0.75,ecb_rate
2011-09-28,0.75,ecb_rate
2011-09-29,0.75,ecb_rate
2011-09-30,0.75,ecb_rate
2011-10-01,0.75,ecb_rate
2011-10-02,0.75,ecb_rate
2011-10-03,0.75,ecb_rate
2011-10-04,0.75,ecb_rate
2011-10-05,0.75,ecb_rate
2011-10-06,0.75,ecb_rate
2011-10-07,0.75,ecb_rate
2011-10-08,0.75,ecb_rate
2011-10-09,0.75,ecb_rate
2011-10-10,0.75,ecb_rate
2011-10-11,0.75,ecb_rate
2011-10-12,0.75,ecb_rate
2011-10-13,0.75,ecb_rate
2011-10-14,0.75,ecb_rate
2011-10-15,0.75,ecb_rate
2011-10-16,0.75,ecb_rate
2011-10-17,0.75,ecb_rate
2011-10-18,0.75,ecb_rate
2011-10-19,0.75,ecb_rate
2011-10-20,0.75,ecb_rate
2011-10-21,0.75,ecb_rate
2011-10-22,0.75,ecb_rate
2011-10-23,0.75,ecb_rate
2011-10-24,0.75,ecb_rate
2011-10-25,0.75,ecb_rate
2011-10-26,0.75,ecb_rate
2011-10-27,0.75,ecb_rate
2011-10-28,0.75,ecb_rate
2011-10-29,0.75,ecb_rate
2011-10-30,0.75,ecb_rate
2011-10-31,0.75,ecb_rate
2011-11-01,0.75,ecb_rate
2011-11-02,0.75,ecb_rate
2011-11-03,0.75,ecb_rate
2011-11-04,0.75,ecb_rate
2011-11-05,0.75,ecb_rate
2011-11-06,0.75,ecb_rate
2011-11-07,0.75,ecb_rate
2011-11-08,0.75,ecb_rate
2011-11-09,0.5,ecb_rate
2011-11-10,0.5,ecb_rate
2011-11-11,0.5,ecb_rate
2011-11-12,0.5,ecb_rate
2011-11-13,0.5,ecb_rate
2011-11-14,0.5,ecb_rate
2011-11-15,0.5,ecb_rate
2011-11-16,0.5,ecb_rate
2011-11-17,0.5,ecb_rate
2011-11-18,0.5,ecb_rate
2011-11-19,0.5,ecb_rate
2011-11-20,0.5,ecb_rate
2011-11-21,0.5,ecb_rate
2011-11-22,0.5,ecb_rate
2011-11-23,0.5,ecb_rate
2011-11-24,0.5,ecb_rate
2011-11-25,0.5,ecb_rate
2011-11-26,0.5,ecb_rate
2011-11-27,0.5,ecb_rate
2011-11-28,0.5,ecb_rate
2011-11-29,0.5,ecb_rate
2011-11-30,0.5,ecb_rate
2011-12-01,0.5,ecb_rate
2011-12-02,0.5,ecb_rate
2011-12-03,0.5,ecb_rate
2011-12-04,0.5,ecb_rate
2011-12-05,0.5,ecb_rate
2011-12-06,0.5,ecb_rate
2011-12-07,0.5,ecb_rate
2011-12-08,0.5,ecb_rate
2011-12-09,0.5,ecb_rate
2011-12-10,0.5,ecb_rate
2011-12-11,0.5,ecb_rate
2011-12-12,0.5,ecb_rate
2011-12-13,0.5,ecb_rate
2011-12-14,0.25,ecb_rate
2011-12-15,0.25,ecb_rate
2011-12-16,0.25,ecb_rate
2011-12-17,0.25,ecb_rate
2011-12-18,0.25,ecb_rate
2011-12-19,0.25,ecb_rate
2011-12-20,0.25,ecb_rate
2011-12-21,0.25,ecb_rate
2011-12-22,0.25,ecb_rate
2011-12-23,0.25,ecb_rate
2011-12-24,0.25,ecb_rate
2011-12-25,0.25,ecb_rate
2011-12-26,0.25,ecb_rate
2011-12-27,0.25,ecb_rate
2011-12-28,0.25,ecb_rate
2011-12-29,0.25,ecb_rate
2011-12-30,0.25,ecb_rate
2011-12-31,0.25,ecb_rate
2012-01-01,0.25,ecb_rate
2012-01-02,0.25,ecb_rate
2012-01-03,0.25,ecb_rate
2012-01-04,0.25,ecb_rate
2012-01-05,0.25,ecb_rate
2012-01-06,0.25,ecb_rate
2012-01-07,0.25,ecb_rate
2012-01-08,0.25,ecb_rate
2012-01-09,0.25,ecb_rate
2012-01-10,0.25,ecb_rate
2012-01-11,0.25,ecb_rate
2012-01-12,0.25,ecb_rate
2012-01-13,0.25,ecb_rate
2012-01-14,0.25,ecb_rate
2012-01-15,0.25,ecb_rate
2012-01-16,0.25,ecb_rate
2012-01-17,0.25,ecb_rate
2012-01-18,0.25,ecb_rate
2012-01-19,0.25,ecb_rate
2012-01-20,0.25,ecb_rate
2012-01-21,0.25,ecb_rate
2012-01-22,0.25,ecb_rate
2012-01-23,0.25,ecb_rate
2012-01-24,0.25,ecb_rate
2012-01-25,0.25,ecb_rate
2012-01-26,0.25,ecb_rate
2012-01-27,0.25,ecb_rate
2012-01-28,0.25,ecb_rate
2012-01-29,0.25,ecb_rate
2012-01-30,0.25,ecb_rate
2012-01-31,0.25,ecb_rate
2012-02-01,0.25,ecb_rate
2012-02-02,0.25,ecb_rate
2012-02-03,0.25,ecb_rate
2012-02-04,0.25,ecb_rate
2012-02-05,0.25,ecb_rate
2012-02-06,0.25,ecb_rate
2012-02-07,0.25,ecb_rate
2012-02-08,0.25,ecb_rate
2012-02-09,0.25,ecb_rate
2012-02-10,0.25,ecb_rate
2012-02-11,0.25,ecb_rate
2012-02-12,0.25,ecb_rate
2012-02-13,0.25,ecb_rate
2012-02-14,0.25,ecb_rate
2012-02-15,0.25,ecb_rate
2012-02-16,0.25,ecb_rate
2012-02-17,0.25,ecb_rate
2012-02-18,0.25,ecb_rate
2012-02-19,0.25,ecb_rate
2012-02-20,0.25,ecb_rate
2012-02-21,0.25,ecb_rate
2012-02-22,0.25,ecb_rate
2012-02-23,0.25,ecb_rate
2012-02-24,0.25,ecb_rate
2012-02-25,0.25,ecb_rate
2012-02-26,0.25,ecb_rate
2012-02-27,0.25,ecb_rate
2012-02-28,0.25,ecb_rate
2012-02-29,0.25,ecb_rate
2012-03-01,0.25,ecb_rate
2012-03-02,0.25,ecb_rate
2012-03-03,0.25,ecb_rate
2012-03-04,0.25,ecb_rate
2012-03-05,0.25,ecb_rate
2012-03-06,0.25,ecb_rate
2012-03-07,0.25,ecb_rate
2012-03-08,0.25,ecb_rate
2012-03-09,0.25,ecb_rate
2012-03-10,0.25,ecb_rate
2012-03-11,0.25,ecb_rate
2012-03-12,0.25,ecb_rate
2012-03-13,0.25,ecb_rate
2012-03-14,0.25,ecb_rate
2012-03-15,0.25,ecb_rate
2012-03-16,0.25,ecb_rate
2012-03-17,0.25,ecb_rate
2012-03-18,0.25,ecb_rate
2012-03-19,0.25,ecb_rate
2012-03-20,0.25,ecb_rate
2012-03-21,0.25,ecb_rate
2012-03-22,0.25,ecb_rate
2012-03-23,0.25,ecb_rate
2012-03-24,0.25,ecb_rate
2012-03-25,0.25,ecb_rate
2012-03-26,0.25,ecb_rate
2012-03-27,0.25,ecb_rate
2012-03-28,0.25,ecb_rate
2012-03-29,0.25,ecb_rate
2012-03-30,0.25,ecb_rate
2012-03-31,0.25,ecb_rate
2012-04-01,0.25,ecb_rate
2012-04-02,0.25,ecb_rate
2012-04-03,0.25,ecb_rate
2012-04-04,0.25,ecb_rate
2012-04-05,0.25,ecb_rate
2012-04-06,0.25,ecb_rate
2012-04-07,0.25,ecb_rate
2012-04-08,0.25,ecb_rate
2012-04-09,0.25,ecb_rate
2012-04-10,0.25,ecb_rate
2012-04-11,0.25,ecb_rate
2012-04-12,0.25,ecb_rate
2012-04-13,0.25,ecb_rate
2012-04-14,0.25,ecb_rate
2012-04-15,0.25,ecb_rate
2012-04-16,0.25,ecb_rate
2012-04-17,0.25,ecb_rate
2012-04-18,0.25,ecb_rate
2012-04-19,0.25,ecb_rate
2012-04-20,0.25,ecb_rate
2012-04-21,0.25,ecb_rate
2012-04-22,0.25,ecb_rate
2012-04-23,0.25,ecb_rate
2012-04-24,0.25,ecb_rate
2012-04-25,0.25,ecb_rate
2012-04-26,0.25,ecb_rate
2012-04-27,0.25,ecb_rate
2012-04-28,0.25,ecb_rate
2012-04-29,0.25,ecb_rate
2012-04-30,0.25,ecb_rate
2012-05-01,0.25,ecb_rate
2012-05-02,0.25,ecb_rate
2012-05-03,0.25,ecb_rate
2012-05-04,0.25,ecb_rate
2012-05-05,0.25,ecb_rate
2012-05-06,0.25,ecb_rate
2012-05-07,0.25,ecb_rate
2012-05-08,0.25,ecb_rate
2012-05-09,0.25,ecb_rate
2012-05-10,0.25,ecb_rate
2012-05-11,0.25,ecb_rate
2012-05-12,0.25,ecb_rate
2012-05-13,0.25,ecb_rate
2012-05-14,0.25,ecb_rate
2012-05-15,0.25,ecb_rate
2012-05-16,0.25,ecb_rate
2012-05-17,0.25,ecb_rate
2012-05-18,0.25,ecb_rate
2012-05-19,0.25,ecb_rate
2012-05-20,0.25,ecb_rate
2012-05-21,0.25,ecb_rate
2012-05-22,0.25,ecb_rate
2012-05-23,0.25,ecb_rate
2012-05-24,0.25,ecb_rate
2012-05-25,0.25,ecb_rate
2012-05-26,0.25,ecb_rate
2012-05-27,0.25,ecb_rate
2012-05-28,0.25,ecb_rate
2012-05-29,0.25,ecb_rate
2012-05-30,0.25,ecb_rate
2012-05-31,0.25,ecb_rate
2012-06-01,0.25,ecb_rate
2012-06-02,0.25,ecb_rate
2012-06-03,0.25,ecb_rate
2012-06-04,0.25,ecb_rate
2012-06-05,0.25,ecb_rate
2012-06-06,0.25,ecb_rate
2012-06-07,0.25,ecb_rate
2012-06-08,0.25,ecb_rate
2012-06-09,0.25,ecb_rate
2012-06-10,0.25,ecb_rate
2012-06-11,0.25,ecb_rate
2012-06-12,0.25,ecb_rate
2012-06-13,0.25,ecb_rate
2012-06-14,0.25,ecb_rate
2012-06-15,0.25,ecb_rate
2012-06-16,0.25,ecb_rate
2012-06-17,0.25,ecb_rate
2012-06-18,0.25,ecb_rate
2012-06-19,0.25,ecb_rate
2012-06-20,0.25,ecb_rate
2012-06-21,0.25,ecb_rate
2012-06-22,0.25,ecb_rate
2012-06-23,0.25,ecb_rate
2012-06-24,0.25,ecb_rate
2012-06-25,0.25,ecb_rate
2012-06-26,0.25,ecb_rate
2012-06-27,0.25,ecb_rate
2012-06-28,0.25,ecb_rate
2012-06-29,0.25,ecb_rate
2012-06-30,0.25,ecb_rate
2012-07-01,0.25,ecb_rate
2012-07-02,0.25,ecb_rate
2012-07-03,0.25,ecb_rate
2012-07-04,0.25,ecb_rate
2012-07-05,0.25,ecb_rate
2012-07-06,0.25,ecb_rate
2012-07-07,0.25,ecb_rate
2012-07-08,0.25,ecb_rate
2012-07-09,0.25,ecb_rate
2012-07-10,0.25,ecb_rate
2012-07-11,0.0,ecb_rate
2012-07-12,0.0,ecb_rate
2012-07-13,0.0,ecb_rate
2012-07-14,0.0,ecb_rate
2012-07-15,0.0,ecb_rate
2012-07-16,0.0,ecb_rate
2012-07-17,0.0,ecb_rate
2012-07-18,0.0,ecb_rate
2012-07-19,0.0,ecb_rate
2012-07-20,0.0,ecb_rate
2012-07-21,0.0,ecb_rate
2012-07-22,0.0,ecb_rate
2012-07-23,0.0,ecb_rate
2012-07-24,0.0,ecb_rate
2012-07-25,0.0,ecb_rate
2012-07-26,0.0,ecb_rate
2012-07-27,0.0,ecb_rate
2012-07-28,0.0,ecb_rate
2012-07-29,0.0,ecb_rate
2012-07-30,0.0,ecb_rate
2012-07-31,0.0,ecb_rate
2012-08-01,0.0,ecb_rate
2012-08-02,0.0,ecb_rate
2012-08-03,0.0,ecb_rate
2012-08-04,0.0,ecb_rate
2012-08-05,0.0,ecb_rate
2012-08-06,0.0,ecb_rate
2012-08-07,0.0,ecb_rate
2012-08-08,0.0,ecb_rate
2012-08-09,0.0,ecb_rate
2012-08-10,0.0,ecb_rate
2012-08-11,0.0,ecb_rate
2012-08-12,0.0,ecb_rate
2012-08-13,0.0,ecb_rate
2012-08-14,0.0,ecb_rate
2012-08-15,0.0,ecb_rate
2012-08-16,0.0,ecb_rate
2012-08-17,0.0,ecb_rate
2012-08-18,0.0,ecb_rate
2012-08-19,0.0,ecb_rate
2012-08-20,0.0,ecb_rate
2012-08-21,0.0,ecb_rate
2012-08-22,0.0,ecb_rate
2012-08-23,0.0,ecb_rate
2012-08-24,0.0,ecb_rate
2012-08-25,0.0,ecb_rate
2012-08-26,0.0,ecb_rate
2012-08-27,0.0,ecb_rate
2012-08-28,0.0,ecb_rate
2012-08-29,0.0,ecb_rate
2012-08-30,0.0,ecb_rate
2012-08-31,0.0,ecb_rate
2012-09-01,0.0,ecb_rate
2012-09-02,0.0,ecb_rate
2012-09-03,0.0,ecb_rate
2012-09-04,0.0,ecb_rate
2012-09-05,0.0,ecb_rate
2012-09-06,0.0,ecb_rate
2012-09-07,0.0,ecb_rate
2012-09-08,0.0,ecb_rate
2012-09-09,0.0,ecb_rate
2012-09-10,0.0,ecb_rate
2012-09-11,0.0,ecb_rate
2012-09-12,0.0,ecb_rate
2012-09-13,0.0,ecb_rate
2012-09-14,0.0,ecb_rate
2012-09-15,0.0,ecb_rate
2012-09-16,0.0,ecb_rate
2012-09-17,0.0,ecb_rate
2012-09-18,0.0,ecb_rate
2012-09-19,0.0,ecb_rate
2012-09-20,0.0,ecb_rate
2012-09-21,0.0,ecb_rate
2012-09-22,0.0,ecb_rate
2012-09-23,0.0,ecb_rate
2012-09-24,0.0,ecb_rate
2012-09-25,0.0,ecb_rate
2012-09-26,0.0,ecb_rate
2012-09-27,0.0,ecb_rate
2012-09-28,0.0,ecb_rate
2012-09-29,0.0,ecb_rate
2012-09-30,0.0,ecb_rate
2012-10-01,0.0,ecb_rate
2012-10-02,0.0,ecb_rate
2012-10-03,0.0,ecb_rate
2012-10-04,0.0,ecb_rate
2012-10-05,0.0,ecb_rate
2012-10-06,0.0,ecb_rate
2012-10-07,0.0,ecb_rate
2012-10-08,0.0,ecb_rate
2012-10-09,0.0,ecb_rate
2012-10-10,0.0,ecb_rate
2012-10-11,0.0,ecb_rate
2012-10-12,0.0,ecb_rate
2012-10-13,0.0,ecb_rate
2012-10-14,0.0,ecb_rate
2012-10-15,0.0,ecb_rate
2012-10-16,0.0,ecb_rate
2012-10-17,0.0,ecb_rate
2012-10-18,0.0,ecb_rate
2012-10-19,0.0,ecb_rate
2012-10-20,0.0,ecb_rate
2012-10-21,0.0,ecb_rate
2012-10-22,0.0,ecb_rate
2012-10-23,0.0,ecb_rate
2012-10-24,0.0,ecb_rate
2012-10-25,0.0,ecb_rate
2012-10-26,0.0,ecb_rate
2012-10-27,0.0,ecb_rate
2012-10-28,0.0,ecb_rate
2012-10-29,0.0,ecb_rate
2012-10-30,0.0,ecb_rate
2012-10-31,0.0,ecb_rate
2012-11-01,0.0,ecb_rate
2012-11-02,0.0,ecb_rate
2012-11-03,0.0,ecb_rate
2012-11-04,0.0,ecb_rate
2012-11-05,0.0,ecb_rate
2012-11-06,0.0,ecb_rate
2012-11-07,0.0,ecb_rate
2012-11-08,0.0,ecb_rate
2012-11-09,0.0,ecb_rate
2012-11-10,0.0,ecb_rate
2012-11-11,0.0,ecb_rate
2012-11-12,0.0,ecb_rate
2012-11-13,0.0,ecb_rate
2012-11-14,0.0,ecb_rate
2012-11-15,0.0,ecb_rate
2012-11-16,0.0,ecb_rate
2012-11-17,0.0,ecb_rate
2012-11-18,0.0,ecb_rate
2012-11-19,0.0,ecb_rate
2012-11-20,0.0,ecb_rate
2012-11-21,0.0,ecb_rate
2012-11-22,0.0,ecb_rate
2012-11-23,0.0,ecb_rate
2012-11-24,0.0,ecb_rate
2012-11-25,0.0,ecb_rate
2012-11-26,0.0,ecb_rate
2012-11-27,0.0,ecb_rate
2012-11-28,0.0,ecb_rate
2012-11-29,0.0,ecb_rate
2012-11-30,0.0,ecb_rate
2012-12-01,0.0,ecb_rate
2012-12-02,0.0,ecb_rate
2012-12-03,0.0,ecb_rate
2012-12-04,0.0,ecb_rate
2012-12-05,0.0,ecb_rate
2012-12-06,0.0,ecb_rate
2012-12-07,0.0,ecb_rate
2012-12-08,0.0,ecb_rate
2012-12-09,0.0,ecb_rate
2012-12-10,0.0,ecb_rate
2012-12-11,0.0,ecb_rate
2012-12-12,0.0,ecb_rate
2012-12-13,0.0,ecb_rate
2012-12-14,0.0,ecb_rate
2012-12-15,0.0,ecb_rate
2012-12-16,0.0,ecb_rate
2012-12-17,0.0,ecb_rate
2012-12-18,0.0,ecb_rate
2012-12-19,0.0,ecb_rate
2012-12-20,0.0,ecb_rate
2012-12-21,0.0,ecb_rate
2012-12-22,0.0,ecb_rate
2012-12-23,0.0,ecb_rate
2012-12-24,0.0,ecb_rate
2012-12-25,0.0,ecb_rate
2012-12-26,0.0,ecb_rate
2012-12-27,0.0,ecb_rate
2012-12-28,0.0,ecb_rate
2012-12-29,0.0,ecb_rate
2012-12-30,0.0,ecb_rate
2012-12-31,0.0,ecb_rate
2013-01-01,0.0,ecb_rate
2013-01-02,0.0,ecb_rate
2013-01-03,0.0,ecb_rate
2013-01-04,0.0,ecb_rate
2013-01-05,0.0,ecb_rate
2013-01-06,0.0,ecb_rate
2013-01-07,0.0,ecb_rate
2013-01-08,0.0,ecb_rate
2013-01-09,0.0,ecb_rate
2013-01-10,0.0,ecb_rate
2013-01-11,0.0,ecb_rate
2013-01-12,0.0,ecb_rate
2013-01-13,0.0,ecb_rate
2013-01-14,0.0,ecb_rate
2013-01-15,0.0,ecb_rate
2013-01-16,0.0,ecb_rate
2013-01-17,0.0,ecb_rate
2013-01-18,0.0,ecb_rate
2013-01-19,0.0,ecb_rate
2013-01-20,0.0,ecb_rate
2013-01-21,0.0,ecb_rate
2013-01-22,0.0,ecb_rate
2013-01-23,0.0,ecb_rate
2013-01-24,0.0,ecb_rate
2013-01-25,0.0,ecb_rate
2013-01-26,0.0,ecb_rate
2013-01-27,0.0,ecb_rate
2013-01-28,0.0,ecb_rate
2013-01-29,0.0,ecb_rate
2013-01-30,0.0,ecb_rate
2013-01-31,0.0,ecb_rate
2013-02-01,0.0,ecb_rate
2013-02-02,0.0,ecb_rate
2013-02-03,0.0,ecb_rate
2013-02-04,0.0,ecb_rate
2013-02-05,0.0,ecb_rate
2013-02-06,0.0,ecb_rate
2013-02-07,0.0,ecb_rate
2013-02-08,0.0,ecb_rate
2013-02-09,0.0,ecb_rate
2013-02-10,0.0,ecb_rate
2013-02-11,0.0,ecb_rate
2013-02-12,0.0,ecb_rate
2013-02-13,0.0,ecb_rate
2013-02-14,0.0,ecb_rate
2013-02-15,0.0,ecb_rate
2013-02-16,0.0,ecb_rate
2013-02-17,0.0,ecb_rate
2013-02-18,0.0,ecb_rate
2013-02-19,0.0,ecb_rate
2013-02-20,0.0,ecb_rate
2013-02-21,0.0,ecb_rate
2013-02-22,0.0,ecb_rate
2013-02-23,0.0,ecb_rate
2013-02-24,0.0,ecb_rate
2013-02-25,0.0,ecb_rate
2013-02-26,0.0,ecb_rate
2013-02-27,0.0,ecb_rate
2013-02-28,0.0,ecb_rate
2013-03-01,0.0,ecb_rate
2013-03-02,0.0,ecb_rate
2013-03-03,0.0,ecb_rate
2013-03-04,0.0,ecb_rate
2013-03-05,0.0,ecb_rate
2013-03-06,0.0,ecb_rate
2013-03-07,0.0,ecb_rate
2013-03-08,0.0,ecb_rate
2013-03-09,0.0,ecb_rate
2013-03-10,0.0,ecb_rate
2013-03-11,0.0,ecb_rate
2013-03-12,0.0,ecb_rate
2013-03-13,0.0,ecb_rate
2013-03-14,0.0,ecb_rate
2013-03-15,0.0,ecb_rate
2013-03-16,0.0,ecb_rate
2013-03-17,0.0,ecb_rate
2013-03-18,0.0,ecb_rate
2013-03-19,0.0,ecb_rate
2013-03-20,0.0,ecb_rate
2013-03-21,0.0,ecb_rate
2013-03-22,0.0,ecb_rate
2013-03-23,0.0,ecb_rate
2013-03-24,0.0,ecb_rate
2013-03-25,0.0,ecb_rate
2013-03-26,0.0,ecb_rate
2013-03-27,0.0,ecb_rate
2013-03-28,0.0,ecb_rate
2013-03-29,0.0,ecb_rate
2013-03-30,0.0,ecb_rate
2013-03-31,0.0,ecb_rate
2013-04-01,0.0,ecb_rate
2013-04-02,0.0,ecb_rate
2013-04-03,0.0,ecb_rate
2013-04-04,0.0,ecb_rate
2013-04-05,0.0,ecb_rate
2013-04-06,0.0,ecb_rate
2013-04-07,0.0,ecb_rate
2013-04-08,0.0,ecb_rate
2013-04-09,0.0,ecb_rate
2013-04-10,0.0,ecb_rate
2013-04-11,0.0,ecb_rate
2013-04-12,0.0,ecb_rate
2013-04-13,0.0,ecb_rate
2013-04-14,0.0,ecb_rate
2013-04-15,0.0,ecb_rate
2013-04-16,0.0,ecb_rate
2013-04-17,0.0,ecb_rate
2013-04-18,0.0,ecb_rate
2013-04-19,0.0,ecb_rate
2013-04-20,0.0,ecb_rate
2013-04-21,0.0,ecb_rate
2013-04-22,0.0,ecb_rate
2013-04-23,0.0,ecb_rate
2013-04-24,0.0,ecb_rate
2013-04-25,0.0,ecb_rate
2013-04-26,0.0,ecb_rate
2013-04-27,0.0,ecb_rate
2013-04-28,0.0,ecb_rate
2013-04-29,0.0,ecb_rate
2013-04-30,0.0,ecb_rate
2013-05-01,0.0,ecb_rate
2013-05-02,0.0,ecb_rate
2013-05-03,0.0,ecb_rate
2013-05-04,0.0,ecb_rate
2013-05-05,0.0,ecb_rate
2013-05-06,0.0,ecb_rate
2013-05-07,0.0,ecb_rate
2013-05-08,0.0,ecb_rate
2013-05-09,0.0,ecb_rate
2013-05-10,0.0,ecb_rate
2013-05-11,0.0,ecb_rate
2013-05-12,0.0,ecb_rate
2013-05-13,0.0,ecb_rate
2013-05-14,0.0,ecb_rate
2013-05-15,0.0,ecb_rate
2013-05-16,0.0,ecb_rate
2013-05-17,0.0,ecb_rate
2013-05-18,0.0,ecb_rate
2013-05-19,0.0,ecb_rate
2013-05-20,0.0,ecb_rate
2013-05-21,0.0,ecb_rate
2013-05-22,0.0,ecb_rate
2013-05-23,0.0,ecb_rate
2013-05-24,0.0,ecb_rate
2013-05-25,0.0,ecb_rate
2013-05-26,0.0,ecb_rate
2013-05-27,0.0,ecb_rate
2013-05-28,0.0,ecb_rate
2013-05-29,0.0,ecb_rate
2013-05-30,0.0,ecb_rate
2013-05-31,0.0,ecb_rate
2013-06-01,0.0,ecb_rate
2013-06-02,0.0,ecb_rate
2013-06-03,0.0,ecb_rate
2013-06-04,0.0,ecb_rate
2013-06-05,0.0,ecb_rate
2013-06-06,0.0,ecb_rate
2013-06-07,0.0,ecb_rate
2013-06-08,0.0,ecb_rate
2013-06-09,0.0,ecb_rate
2013-06-10,0.0,ecb_rate
2013-06-11,0.0,ecb_rate
2013-06-12,0.0,ecb_rate
2013-06-13,0.0,ecb_rate
2013-06-14,0.0,ecb_rate
2013-06-15,0.0,ecb_rate
2013-06-16,0.0,ecb_rate
2013-06-17,0.0,ecb_rate
2013-06-18,0.0,ecb_rate
2013-06-19,0.0,ecb_rate
2013-06-20,0.0,ecb_rate
2013-06-21,0.0,ecb_rate
2013-06-22,0.0,ecb_rate
2013-06-23,0.0,ecb_rate
2013-06-24,0.0,ecb_rate
2013-06-25,0.0,ecb_rate
2013-06-26,0.0,ecb_rate
2013-06-27,0.0,ecb_rate
2013-06-28,0.0,ecb_rate
2013-06-29,0.0,ecb_rate
2013-06-30,0.0,ecb_rate
2013-07-01,0.0,ecb_rate
2013-07-02,0.0,ecb_rate
2013-07-03,0.0,ecb_rate
2013-07-04,0.0,ecb_rate
2013-07-05,0.0,ecb_rate
2013-07-06,0.0,ecb_rate
2013-07-07,0.0,ecb_rate
2013-07-08,0.0,ecb_rate
2013-07-09,0.0,ecb_rate
2013-07-10,0.0,ecb_rate
2013-07-11,0.0,ecb_rate
2013-07-12,0.0,ecb_rate
2013-07-13,0.0,ecb_rate
2013-07-14,0.0,ecb_rate
2013-07-15,0.0,ecb_rate
2013-07-16,0.0,ecb_rate
2013-07-17,0.0,ecb_rate
2013-07-18,0.0,ecb_rate
2013-07-19,0.0,ecb_rate
2013-07-20,0.0,ecb_rate
2013-07-21,0.0,ecb_rate
2013-07-22,0.0,ecb_rate
2013-07-23,0.0,ecb_rate
2013-07-24,0.0,ecb_rate
2013-07-25,0.0,ecb_rate
2013-07-26,0.0,ecb_rate
2013-07-27,0.0,ecb_rate
2013-07-28,0.0,ecb_rate
2013-07-29,0.0,ecb_rate
2013-07-30,0.0,ecb_rate
2013-07-31,0.0,ecb_rate
2013-08-01,0.0,ecb_rate
2013-08-02,0.0,ecb_rate
2013-08-03,0.0,ecb_rate
2013-08-04,0.0,ecb_rate
2013-08-05,0.0,ecb_rate
2013-08-06,0.0,ecb_rate
2013-08-07,0.0,ecb_rate
2013-08-08,0.0,ecb_rate
2013-08-09,0.0,ecb_rate
2013-08-10,0.0,ecb_rate
2013-08-11,0.0,ecb_rate
2013-08-12,0.0,ecb_rate
2013-08-13,0.0,ecb_rate
2013-08-14,0.0,ecb_rate
2013-08-15,0.0,ecb_rate
2013-08-16,0.0,ecb_rate
2013-08-17,0.0,ecb_rate
2013-08-18,0.0,ecb_rate
2013-08-19,0.0,ecb_rate
2013-08-20,0.0,ecb_rate
2013-08-21,0.0,ecb_rate
2013-08-22,0.0,ecb_rate
2013-08-23,0.0,ecb_rate
2013-08-24,0.0,ecb_rate
2013-08-25,0.0,ecb_rate
2013-08-26,0.0,ecb_rate
2013-08-27,0.0,ecb_rate
2013-08-28,0.0,ecb_rate
2013-08-29,0.0,ecb_rate
2013-08-30,0.0,ecb_rate
2013-08-31,0.0,ecb_rate
2013-09-01,0.0,ecb_rate
2013-09-02,0.0,ecb_rate
2013-09-03,0.0,ecb_rate
2013-09-04,0.0,ecb_rate
2013-09-05,0.0,ecb_rate
2013-09-06,0.0,ecb_rate
2013-09-07,0.0,ecb_rate
2013-09-08,0.0,ecb_rate
2013-09-09,0.0,ecb_rate
2013-09-10,0.0,ecb_rate
2013-09-11,0.0,ecb_rate
2013-09-12,0.0,ecb_rate
2013-09-13,0.0,ecb_rate
2013-09-14,0.0,ecb_rate
2013-09-15,0.0,ecb_rate
2013-09-16,0.0,ecb_rate
2013-09-17,0.0,ecb_rate
2013-09-18,0.0,ecb_rate
2013-09-19,0.0,ecb_rate
2013-09-20,0.0,ecb_rate
2013-09-21,0.0,ecb_rate
2013-09-22,0.0,ecb_rate
2013-09-23,0.0,ecb_rate
2013-09-24,0.0,ecb_rate
2013-09-25,0.0,ecb_rate
2013-09-26,0.0,ecb_rate
2013-09-27,0.0,ecb_rate
2013-09-28,0.0,ecb_rate
2013-09-29,0.0,ecb_rate
2013-09-30,0.0,ecb_rate
2013-10-01,0.0,ecb_rate
2013-10-02,0.0,ecb_rate
2013-10-03,0.0,ecb_rate
2013-10-04,0.0,ecb_rate
2013-10-05,0.0,ecb_rate
2013-10-06,0.0,ecb_rate
2013-10-07,0.0,ecb_rate
2013-10-08,0.0,ecb_rate
2013-10-09,0.0,ecb_rate
2013-10-10,0.0,ecb_rate
2013-10-11,0.0,ecb_rate
2013-10-12,0.0,ecb_rate
2013-10-13,0.0,ecb_rate
2013-10-14,0.0,ecb_rate
2013-10-15,0.0,ecb_rate
2013-10-16,0.0,ecb_rate
2013-10-17,0.0,ecb_rate
2013-10-18,0.0,ecb_rate
2013-10-19,0.0,ecb_rate
2013-10-20,0.0,ecb_rate
2013-10-21,0.0,ecb_rate
2013-10-22,0.0,ecb_rate
2013-10-23,0.0,ecb_rate
2013-10-24,0.0,ecb_rate
2013-10-25,0.0,ecb_rate
2013-10-26,0.0,ecb_rate
2013-10-27,0.0,ecb_rate
2013-10-28,0.0,ecb_rate
2013-10-29,0.0,ecb_rate
2013-10-30,0.0,ecb_rate
2013-10-31,0.0,ecb_rate
2013-11-01,0.0,ecb_rate
2013-11-02,0.0,ecb_rate
2013-11-03,0.0,ecb_rate
2013-11-04,0.0,ecb_rate
2013-11-05,0.0,ecb_rate
2013-11-06,0.0,ecb_rate
2013-11-07,0.0,ecb_rate
2013-11-08,0.0,ecb_rate
2013-11-09,0.0,ecb_rate
2013-11-10,0.0,ecb_rate
2013-11-11,0.0,ecb_rate
2013-11-12,0.0,ecb_rate
2013-11-13,0.0,ecb_rate
2013-11-14,0.0,ecb_rate
2013-11-15,0.0,ecb_rate
2013-11-16,0.0,ecb_rate
2013-11-17,0.0,ecb_rate
2013-11-18,0.0,ecb_rate
2013-11-19,0.0,ecb_rate
2013-11-20,0.0,ecb_rate
2013-11-21,0.0,ecb_rate
2013-11-22,0.0,ecb_rate
2013-11-23,0.0,ecb_rate
2013-11-24,0.0,ecb_rate
2013-11-25,0.0,ecb_rate
2013-11-26,0.0,ecb_rate
2013-11-27,0.0,ecb_rate
2013-11-28,0.0,ecb_rate
2013-11-29,0.0,ecb_rate
2013-11-30,0.0,ecb_rate
2013-12-01,0.0,ecb_rate
2013-12-02,0.0,ecb_rate
2013-12-03,0.0,ecb_rate
2013-12-04,0.0,ecb_rate
2013-12-05,0.0,ecb_rate
2013-12-06,0.0,ecb_rate
2013-12-07,0.0,ecb_rate
2013-12-08,0.0,ecb_rate
2013-12-09,0.0,ecb_rate
2013-12-10,0.0,ecb_rate
2013-12-11,0.0,ecb_rate
2013-12-12,0.0,ecb_rate
2013-12-13,0.0,ecb_rate
2013-12-14,0.0,ecb_rate
2013-12-15,0.0,ecb_rate
2013-12-16,0.0,ecb_rate
2013-12-17,0.0,ecb_rate
2013-12-18,0.0,ecb_rate
2013-12-19,0.0,ecb_rate
2013-12-20,0.0,ecb_rate
2013-12-21,0.0,ecb_rate
2013-12-22,0.0,ecb_rate
2013-12-23,0.0,ecb_rate
2013-12-24,0.0,ecb_rate
2013-12-25,0.0,ecb_rate
2013-12-26,0.0,ecb_rate
2013-12-27,0.0,ecb_rate
2013-12-28,0.0,ecb_rate
2013-12-29,0.0,ecb_rate
2013-12-30,0.0,ecb_rate
2013-12-31,0.0,ecb_rate
2014-01-01,0.0,ecb_rate
2014-01-02,0.0,ecb_rate
2014-01-03,0.0,ecb_rate
2014-01-04,0.0,ecb_rate
2014-01-05,0.0,ecb_rate
2014-01-06,0.0,ecb_rate
2014-01-07,0.0,ecb_rate
2014-01-08,0.0,ecb_rate
2014-01-09,0.0,ecb_rate
2014-01-10,0.0,ecb_rate
2014-01-11,0.0,ecb_rate
2014-01-12,0.0,ecb_rate
2014-01-13,0.0,ecb_rate
2014-01-14,0.0,ecb_rate
2014-01-15,0.0,ecb_rate
2014-01-16,0.0,ecb_rate
2014-01-17,0.0,ecb_rate
2014-01-18,0.0,ecb_rate
2014-01-19,0.0,ecb_rate
2014-01-20,0.0,ecb_rate
2014-01-21,0.0,ecb_rate
2014-01-22,0.0,ecb_rate
2014-01-23,0.0,ecb_rate
2014-01-24,0.0,ecb_rate
2014-01-25,0.0,ecb_rate
2014-01-26,0.0,ecb_rate
2014-01-27,0.0,ecb_rate
2014-01-28,0.0,ecb_rate
2014-01-29,0.0,ecb_rate
2014-01-30,0.0,ecb_rate
2014-01-31,0.0,ecb_rate
2014-02-01,0.0,ecb_rate
2014-02-02,0.0,ecb_rate
2014-02-03,0.0,ecb_rate
2014-02-04,0.0,ecb_rate
2014-02-05,0.0,ecb_rate
2014-02-06,0.0,ecb_rate
2014-02-07,0.0,ecb_rate
2014-02-08,0.0,ecb_rate
2014-02-09,0.0,ecb_rate
2014-02-10,0.0,ecb_rate
2014-02-11,0.0,ecb_rate
2014-02-12,0.0,ecb_rate
2014-02-13,0.0,ecb_rate
2014-02-14,0.0,ecb_rate
2014-02-15,0.0,ecb_rate
2014-02-16,0.0,ecb_rate
2014-02-17,0.0,ecb_rate
2014-02-18,0.0,ecb_rate
2014-02-19,0.0,ecb_rate
2014-02-20,0.0,ecb_rate
2014-02-21,0.0,ecb_rate
2014-02-22,0.0,ecb_rate
2014-02-23,0.0,ecb_rate
2014-02-24,0.0,ecb_rate
2014-02-25,0.0,ecb_rate
2014-02-26,0.0,ecb_rate
2014-02-27,0.0,ecb_rate
2014-02-28,0.0,ecb_rate
2014-03-01,0.0,ecb_rate
2014-03-02,0.0,ecb_rate
2014-03-03,0.0,ecb_rate
2014-03-04,0.0,ecb_rate
2014-03-05,0.0,ecb_rate
2014-03-06,0.0,ecb_rate
2014-03-07,0.0,ecb_rate
2014-03-08,0.0,ecb_rate
2014-03-09,0.0,ecb_rate
2014-03-10,0.0,ecb_rate
2014-03-11,0.0,ecb_rate
2014-03-12,0.0,ecb_rate
2014-03-13,0.0,ecb_rate
2014-03-14,0.0,ecb_rate
2014-03-15,0.0,ecb_rate
2014-03-16,0.0,ecb_rate
2014-03-17,0.0,ecb_rate
2014-03-18,0.0,ecb_rate
2014-03-19,0.0,ecb_rate
2014-03-20,0.0,ecb_rate
2014-03-21,0.0,ecb_rate
2014-03-22,0.0,ecb_rate
2014-03-23,0.0,ecb_rate
2014-03-24,0.0,ecb_rate
2014-03-25,0.0,ecb_rate
2014-03-26,0.0,ecb_rate
2014-03-27,0.0,ecb_rate
2014-03-28,0.0,ecb_rate
2014-03-29,0.0,ecb_rate
2014-03-30,0.0,ecb_rate
2014-03-31,0.0,ecb_rate
2014-04-01,0.0,ecb_rate
2014-04-02,0.0,ecb_rate
2014-04-03,0.0,ecb_rate
2014-04-04,0.0,ecb_rate
2014-04-05,0.0,ecb_rate
2014-04-06,0.0,ecb_rate
2014-04-07,0.0,ecb_rate
2014-04-08,0.0,ecb_rate
2014-04-09,0.0,ecb_rate
2014-04-10,0.0,ecb_rate
2014-04-11,0.0,ecb_rate
2014-04-12,0.0,ecb_rate
2014-04-13,0.0,ecb_rate
2014-04-14,0.0,ecb_rate
2014-04-15,0.0,ecb_rate
2014-04-16,0.0,ecb_rate
2014-04-17,0.0,ecb_rate
2014-04-18,0.0,ecb_rate
2014-04-19,0.0,ecb_rate
2014-04-20,0.0,ecb_rate
2014-04-21,0.0,ecb_rate
2014-04-22,0.0,ecb_rate
2014-04-23,0.0,ecb_rate
2014-04-24,0.0,ecb_rate
2014-04-25,0.0,ecb_rate
2014-04-26,0.0,ecb_rate
2014-04-27,0.0,ecb_rate
2014-04-28,0.0,ecb_rate
2014-04-29,0.0,ecb_rate
2014-04-30,0.0,ecb_rate
2014-05-01,0.0,ecb_rate
2014-05-02,0.0,ecb_rate
2014-05-03,0.0,ecb_rate
2014-05-04,0.0,ecb_rate
2014-05-05,0.0,ecb_rate
2014-05-06,0.0,ecb_rate
2014-05-07,0.0,ecb_rate
2014-05-08,0.0,ecb_rate
2014-05-09,0.0,ecb_rate
2014-05-10,0.0,ecb_rate
2014-05-11,0.0,ecb_rate
2014-05-12,0.0,ecb_rate
2014-05-13,0.0,ecb_rate
2014-05-14,0.0,ecb_rate
2014-05-15,0.0,ecb_rate
2014-05-16,0.0,ecb_rate
2014-05-17,0.0,ecb_rate
2014-05-18,0.0,ecb_rate
2014-05-19,0.0,ecb_rate
2014-05-20,0.0,ecb_rate
2014-05-21,0.0,ecb_rate
2014-05-22,0.0,ecb_rate
2014-05-23,0.0,ecb_rate
2014-05-24,0.0,ecb_rate
2014-05-25,0.0,ecb_rate
2014-05-26,0.0,ecb_rate
2014-05-27,0.0,ecb_rate
2014-05-28,0.0,ecb_rate
2014-05-29,0.0,ecb_rate
2014-05-30,0.0,ecb_rate
2014-05-31,0.0,ecb_rate
2014-06-01,0.0,ecb_rate
2014-06-02,0.0,ecb_rate
2014-06-03,0.0,ecb_rate
2014-06-04,0.0,ecb_rate
2014-06-05,0.0,ecb_rate
2014-06-06,0.0,ecb_rate
2014-06-07,0.0,ecb_rate
2014-06-08,0.0,ecb_rate
2014-06-09,0.0,ecb_rate
2014-06-10,0.0,ecb_rate
2014-06-11,-0.1,ecb_rate
2014-06-12,-0.1,ecb_rate
2014-06-13,-0.1,ecb_rate
2014-06-14,-0.1,ecb_rate
2014-06-15,-0.1,ecb_rate
2014-06-16,-0.1,ecb_rate
2014-06-17,-0.1,ecb_rate
2014-06-18,-0.1,ecb_rate
2014-06-19,-0.1,ecb_rate
2014-06-20,-0.1,ecb_rate
2014-06-21,-0.1,ecb_rate
2014-06-22,-0.1,ecb_rate
2014-06-23,-0.1,ecb_rate
2014-06-24,-0.1,ecb_rate
2014-06-25,-0.1,ecb_rate
2014-06-26,-0.1,ecb_rate
2014-06-27,-0.1,ecb_rate
2014-06-28,-0.1,ecb_rate
2014-06-29,-0.1,ecb_rate
2014-06-30,-0.1,ecb_rate
2014-07-01,-0.1,ecb_rate
2014-07-02,-0.1,ecb_rate
2014-07-03,-0.1,ecb_rate
2014-07-04,-0.1,ecb_rate
2014-07-05,-0.1,ecb_rate
2014-07-06,-0.1,ecb_rate
2014-07-07,-0.1,ecb_rate
2014-07-08,-0.1,ecb_rate
2014-07-09,-0.1,ecb_rate
2014-07-10,-0.1,ecb_rate
2014-07-11,-0.1,ecb_rate
2014-07-12,-0.1,ecb_rate
2014-07-13,-0.1,ecb_rate
2014-07-14,-0.1,ecb_rate
2014-07-15,-0.1,ecb_rate
2014-07-16,-0.1,ecb_rate
2014-07-17,-0.1,ecb_rate
2014-07-18,-0.1,ecb_rate
2014-07-19,-0.1,ecb_rate
2014-07-20,-0.1,ecb_rate
2014-07-21,-0.1,ecb_rate
2014-07-22,-0.1,ecb_rate
2014-07-23,-0.1,ecb_rate
2014-07-24,-0.1,ecb_rate
2014-07-25,-0.1,ecb_rate
2014-07-26,-0.1,ecb_rate
2014-07-27,-0.1,ecb_rate
2014-07-28,-0.1,ecb_rate
2014-07-29,-0.1,ecb_rate
2014-07-30,-0.1,ecb_rate
2014-07-31,-0.1,ecb_rate
2014-08-01,-0.1,ecb_rate
2014-08-02,-0.1,ecb_rate
2014-08-03,-0.1,ecb_rate
2014-08-04,-0.1,ecb_rate
2014-08-05,-0.1,ecb_rate
2014-08-06,-0.1,ecb_rate
2014-08-07,-0.1,ecb_rate
2014-08-08,-0.1,ecb_rate
2014-08-09,-0.1,ecb_rate
2014-08-10,-0.1,ecb_rate
2014-08-11,-0.1,ecb_rate
2014-08-12,-0.1,ecb_rate
2014-08-13,-0.1,ecb_rate
2014-08-14,-0.1,ecb_rate
2014-08-15,-0.1,ecb_rate
2014-08-16,-0.1,ecb_rate
2014-08-17,-0.1,ecb_rate
2014-08-18,-0.1,ecb_rate
2014-08-19,-0.1,ecb_rate
2014-08-20,-0.1,ecb_rate
2014-08-21,-0.1,ecb_rate
2014-08-22,-0.1,ecb_rate
2014-08-23,-0.1,ecb_rate
2014-08-24,-0.1,ecb_rate
2014-08-25,-0.1,ecb_rate
2014-08-26,-0.1,ecb_rate
2014-08-27,-0.1,ecb_rate
2014-08-28,-0.1,ecb_rate
2014-08-29,-0.1,ecb_rate
2014-08-30,-0.1,ecb_rate
2014-08-31,-0.1,ecb_rate
2014-09-01,-0.1,ecb_rate
2014-09-02,-0.1,ecb_rate
2014-09-03,-0.1,ecb_rate
2014-09-04,-0.1,ecb_rate
2014-09-05,-0.1,ecb_rate
2014-09-06,-0.1,ecb_rate
2014-09-07,-0.1,ecb_rate
2014-09-08,-0.1,ecb_rate
2014-09-09,-0.1,ecb_rate
2014-09-10,-0.2,ecb_rate
2014-09-11,-0.2,ecb_rate
2014-09-12,-0.2,ecb_rate
2014-09-13,-0.2,ecb_rate
2014-09-14,-0.2,ecb_rate
2014-09-15,-0.2,ecb_rate
2014-09-16,-0.2,ecb_rate
2014-09-17,-0.2,ecb_rate
2014-09-18,-0.2,ecb_rate
2014-09-19,-0.2,ecb_rate
2014-09-20,-0.2,ecb_rate
2014-09-21,-0.2,ecb_rate
2014-09-22,-0.2,ecb_rate
2014-09-23,-0.2,ecb_rate
2014-09-24,-0.2,ecb_rate
2014-09-25,-0.2,ecb_rate
2014-09-26,-0.2,ecb_rate
2014-09-27,-0.2,ecb_rate
2014-09-28,-0.2,ecb_rate
2014-09-29,-0.2,ecb_rate
2014-09-30,-0.2,ecb_rate
2014-10-01,-0.2,ecb_rate
2014-10-02,-0.2,ecb_rate
2014-10-03,-0.2,ecb_rate
2014-10-04,-0.2,ecb_rate
2014-10-05,-0.2,ecb_rate
2014-10-06,-0.2,ecb_rate
2014-10-07,-0.2,ecb_rate
2014-10-08,-0.2,ecb_rate
2014-10-09,-0.2,ecb_rate
2014-10-10,-0.2,ecb_rate
2014-10-11,-0.2,ecb_rate
2014-10-12,-0.2,ecb_rate
2014-10-13,-0.2,ecb_rate
2014-10-14,-0.2,ecb_rate
2014-10-15,-0.2,ecb_rate
2014-10-16,-0.2,ecb_rate
2014-10-17,-0.2,ecb_rate
2014-10-18,-0.2,ecb_rate
2014-10-19,-0.2,ecb_rate
2014-10-20,-0.2,ecb_rate
2014-10-21,-0.2,ecb_rate
2014-10-22,-0.2,ecb_rate
2014-10-23,-0.2,ecb_rate
2014-10-24,-0.2,ecb_rate
2014-10-25,-0.2,ecb_rate
2014-10-26,-0.2,ecb_rate
2014-10-27,-0.2,ecb_rate
2014-10-28,-0.2,ecb_rate
2014-10-29,-0.2,ecb_rate
2014-10-30,-0.2,ecb_rate
2014-10-31,-0.2,ecb_rate
2014-11-01,-0.2,ecb_rate
2014-11-02,-0.2,ecb_rate
2014-11-03,-0.2,ecb_rate
2014-11-04,-0.2,ecb_rate
2014-11-05,-0.2,ecb_rate
2014-11-06,-0.2,ecb_rate
2014-11-07,-0.2,ecb_rate
2014-11-08,-0.2,ecb_rate
2014-11-09,-0.2,ecb_rate
2014-11-10,-0.2,ecb_rate
2014-11-11,-0.2,ecb_rate
2014-11-12,-0.2,ecb_rate
2014-11-13,-0.2,ecb_rate
2014-11-14,-0.2,ecb_rate
2014-11-15,-0.2,ecb_rate
2014-11-16,-0.2,ecb_rate
2014-11-17,-0.2,ecb_rate
2014-11-18,-0.2,ecb_rate
2014-11-19,-0.2,ecb_rate
2014-11-20,-0.2,ecb_rate
2014-11-21,-0.2,ecb_rate
2014-11-22,-0.2,ecb_rate
2014-11-23,-0.2,ecb_rate
2014-11-24,-0.2,ecb_rate
2014-11-25,-0.2,ecb_rate
2014-11-26,-0.2,ecb_rate
2014-11-27,-0.2,ecb_rate
2014-11-28,-0.2,ecb_rate
2014-11-29,-0.2,ecb_rate
2014-11-30,-0.2,ecb_rate
2014-12-01,-0.2,ecb_rate
2014-12-02,-0.2,ecb_rate
2014-12-03,-0.2,ecb_rate
2014-12-04,-0.2,ecb_rate
2014-12-05,-0.2,ecb_rate
2014-12-06,-0.2,ecb_rate
2014-12-07,-0.2,ecb_rate
2014-12-08,-0.2,ecb_rate
2014-12-09,-0.2,ecb_rate
2014-12-10,-0.2,ecb_rate
2014-12-11,-0.2,ecb_rate
2014-12-12,-0.2,ecb_rate
2014-12-13,-0.2,ecb_rate
2014-12-14,-0.2,ecb_rate
2014-12-15,-0.2,ecb_rate
2014-12-16,-0.2,ecb_rate
2014-12-17,-0.2,ecb_rate
2014-12-18,-0.2,ecb_rate
2014-12-19,-0.2,ecb_rate
2014-12-20,-0.2,ecb_rate
2014-12-21,-0.2,ecb_rate
2014-12-22,-0.2,ecb_rate
2014-12-23,-0.2,ecb_rate
2014-12-24,-0.2,ecb_rate
2014-12-25,-0.2,ecb_rate
2014-12-26,-0.2,ecb_rate
2014-12-27,-0.2,ecb_rate
2014-12-28,-0.2,ecb_rate
2014-12-29,-0.2,ecb_rate
2014-12-30,-0.2,ecb_rate
2014-12-31,-0.2,ecb_rate
2015-01-01,-0.2,ecb_rate
2015-01-02,-0.2,ecb_rate
2015-01-03,-0.2,ecb_rate
2015-01-04,-0.2,ecb_rate
2015-01-05,-0.2,ecb_rate
2015-01-06,-0.2,ecb_rate
2015-01-07,-0.2,ecb_rate
2015-01-08,-0.2,ecb_rate
2015-01-09,-0.2,ecb_rate
2015-01-10,-0.2,ecb_rate
2015-01-11,-0.2,ecb_rate
2015-01-12,-0.2,ecb_rate
2015-01-13,-0.2,ecb_rate
2015-01-14,-0.2,ecb_rate
2015-01-15,-0.2,ecb_rate
2015-01-16,-0.2,ecb_rate
2015-01-17,-0.2,ecb_rate
2015-01-18,-0.2,ecb_rate
2015-01-19,-0.2,ecb_rate
2015-01-20,-0.2,ecb_rate
2015-01-21,-0.2,ecb_rate
2015-01-22,-0.2,ecb_rate
2015-01-23,-0.2,ecb_rate
2015-01-24,-0.2,ecb_rate
2015-01-25,-0.2,ecb_rate
2015-01-26,-0.2,ecb_rate
2015-01-27,-0.2,ecb_rate
2015-01-28,-0.2,ecb_rate
2015-01-29,-0.2,ecb_rate
2015-01-30,-0.2,ecb_rate
2015-01-31,-0.2,ecb_rate
2015-02-01,-0.2,ecb_rate
2015-02-02,-0.2,ecb_rate
2015-02-03,-0.2,ecb_rate
2015-02-04,-0.2,ecb_rate
2015-02-05,-0.2,ecb_rate
2015-02-06,-0.2,ecb_rate
2015-02-07,-0.2,ecb_rate
2015-02-08,-0.2,ecb_rate
2015-02-09,-0.2,ecb_rate
2015-02-10,-0.2,ecb_rate
2015-02-11,-0.2,ecb_rate
2015-02-12,-0.2,ecb_rate
2015-02-13,-0.2,ecb_rate
2015-02-14,-0.2,ecb_rate
2015-02-15,-0.2,ecb_rate
2015-02-16,-0.2,ecb_rate
2015-02-17,-0.2,ecb_rate
2015-02-18,-0.2,ecb_rate
2015-02-19,-0.2,ecb_rate
2015-02-20,-0.2,ecb_rate
2015-02-21,-0.2,ecb_rate
2015-02-22,-0.2,ecb_rate
2015-02-23,-0.2,ecb_rate
2015-02-24,-0.2,ecb_rate
2015-02-25,-0.2,ecb_rate
2015-02-26,-0.2,ecb_rate
2015-02-27,-0.2,ecb_rate
2015-02-28,-0.2,ecb_rate
2015-03-01,-0.2,ecb_rate
2015-03-02,-0.2,ecb_rate
2015-03-03,-0.2,ecb_rate
2015-03-04,-0.2,ecb_rate
2015-03-05,-0.2,ecb_rate
2015-03-06,-0.2,ecb_rate
2015-03-07,-0.2,ecb_rate
2015-03-08,-0.2,ecb_rate
2015-03-09,-0.2,ecb_rate
2015-03-10,-0.2,ecb_rate
2015-03-11,-0.2,ecb_rate
2015-03-12,-0.2,ecb_rate
2015-03-13,-0.2,ecb_rate
2015-03-14,-0.2,ecb_rate
2015-03-15,-0.2,ecb_rate
2015-03-16,-0.2,ecb_rate
2015-03-17,-0.2,ecb_rate
2015-03-18,-0.2,ecb_rate
2015-03-19,-0.2,ecb_rate
2015-03-20,-0.2,ecb_rate
2015-03-21,-0.2,ecb_rate
2015-03-22,-0.2,ecb_rate
2015-03-23,-0.2,ecb_rate
2015-03-24,-0.2,ecb_rate
2015-03-25,-0.2,ecb_rate
2015-03-26,-0.2,ecb_rate
2015-03-27,-0.2,ecb_rate
2015-03-28,-0.2,ecb_rate
2015-03-29,-0.2,ecb_rate
2015-03-30,-0.2,ecb_rate
2015-03-31,-0.2,ecb_rate
2015-04-01,-0.2,ecb_rate
2015-04-02,-0.2,ecb_rate
2015-04-03,-0.2,ecb_rate
2015-04-04,-0.2,ecb_rate
2015-04-05,-0.2,ecb_rate
2015-04-06,-0.2,ecb_rate
2015-04-07,-0.2,ecb_rate
2015-04-08,-0.2,ecb_rate
2015-04-09,-0.2,ecb_rate
2015-04-10,-0.2,ecb_rate
2015-04-11,-0.2,ecb_rate
2015-04-12,-0.2,ecb_rate
2015-04-13,-0.2,ecb_rate
2015-04-14,-0.2,ecb_rate
2015-04-15,-0.2,ecb_rate
2015-04-16,-0.2,ecb_rate
2015-04-17,-0.2,ecb_rate
2015-04-18,-0.2,ecb_rate
2015-04-19,-0.2,ecb_rate
2015-04-20,-0.2,ecb_rate
2015-04-21,-0.2,ecb_rate
2015-04-22,-0.2,ecb_rate
2015-04-23,-0.2,ecb_rate
2015-04-24,-0.2,ecb_rate
2015-04-25,-0.2,ecb_rate
2015-04-26,-0.2,ecb_rate
2015-04-27,-0.2,ecb_rate
2015-04-28,-0.2,ecb_rate
2015-04-29,-0.2,ecb_rate
2015-04-30,-0.2,ecb_rate
2015-05-01,-0.2,ecb_rate
2015-05-02,-0.2,ecb_rate
2015-05-03,-0.2,ecb_rate
2015-05-04,-0.2,ecb_rate
2015-05-05,-0.2,ecb_rate
2015-05-06,-0.2,ecb_rate
2015-05-07,-0.2,ecb_rate
2015-05-08,-0.2,ecb_rate
2015-05-09,-0.2,ecb_rate
2015-05-10,-0.2,ecb_rate
2015-05-11,-0.2,ecb_rate
2015-05-12,-0.2,ecb_rate
2015-05-13,-0.2,ecb_rate
2015-05-14,-0.2,ecb_rate
2015-05-15,-0.2,ecb_rate
2015-05-16,-0.2,ecb_rate
2015-05-17,-0.2,ecb_rate
2015-05-18,-0.2,ecb_rate
2015-05-19,-0.2,ecb_rate
2015-05-20,-0.2,ecb_rate
2015-05-21,-0.2,ecb_rate
2015-05-22,-0.2,ecb_rate
2015-05-23,-0.2,ecb_rate
2015-05-24,-0.2,ecb_rate
2015-05-25,-0.2,ecb_rate
2015-05-26,-0.2,ecb_rate
2015-05-27,-0.2,ecb_rate
2015-05-28,-0.2,ecb_rate
2015-05-29,-0.2,ecb_rate
2015-05-30,-0.2,ecb_rate
2015-05-31,-0.2,ecb_rate
2015-06-01,-0.2,ecb_rate
2015-06-02,-0.2,ecb_rate
2015-06-03,-0.2,ecb_rate
2015-06-04,-0.2,ecb_rate
2015-06-05,-0.2,ecb_rate
2015-06-06,-0.2,ecb_rate
2015-06-07,-0.2,ecb_rate
2015-06-08,-0.2,ecb_rate
2015-06-09,-0.2,ecb_rate
2015-06-10,-0.2,ecb_rate
2015-06-11,-0.2,ecb_rate
2015-06-12,-0.2,ecb_rate
2015-06-13,-0.2,ecb_rate
2015-06-14,-0.2,ecb_rate
2015-06-15,-0.2,ecb_rate
2015-06-16,-0.2,ecb_rate
2015-06-17,-0.2,ecb_rate
2015-06-18,-0.2,ecb_rate
2015-06-19,-0.2,ecb_rate
2015-06-20,-0.2,ecb_rate
2015-06-21,-0.2,ecb_rate
2015-06-22,-0.2,ecb_rate
2015-06-23,-0.2,ecb_rate
2015-06-24,-0.2,ecb_rate
2015-06-25,-0.2,ecb_rate
2015-06-26,-0.2,ecb_rate
2015-06-27,-0.2,ecb_rate
2015-06-28,-0.2,ecb_rate
2015-06-29,-0.2,ecb_rate
2015-06-30,-0.2,ecb_rate
2015-07-01,-0.2,ecb_rate
2015-07-02,-0.2,ecb_rate
2015-07-03,-0.2,ecb_rate
2015-07-04,-0.2,ecb_rate
2015-07-05,-0.2,ecb_rate
2015-07-06,-0.2,ecb_rate
2015-07-07,-0.2,ecb_rate
2015-07-08,-0.2,ecb_rate
2015-07-09,-0.2,ecb_rate
2015-07-10,-0.2,ecb_rate
2015-07-11,-0.2,ecb_rate
2015-07-12,-0.2,ecb_rate
2015-07-13,-0.2,ecb_rate
2015-07-14,-0.2,ecb_rate
2015-07-15,-0.2,ecb_rate
2015-07-16,-0.2,ecb_rate
2015-07-17,-0.2,ecb_rate
2015-07-18,-0.2,ecb_rate
2015-07-19,-0.2,ecb_rate
2015-07-20,-0.2,ecb_rate
2015-07-21,-0.2,ecb_rate
2015-07-22,-0.2,ecb_rate
2015-07-23,-0.2,ecb_rate
2015-07-24,-0.2,ecb_rate
2015-07-25,-0.2,ecb_rate
2015-07-26,-0.2,ecb_rate
2015-07-27,-0.2,ecb_rate
2015-07-28,-0.2,ecb_rate
2015-07-29,-0.2,ecb_rate
2015-07-30,-0.2,ecb_rate
2015-07-31,-0.2,ecb_rate
2015-08-01,-0.2,ecb_rate
2015-08-02,-0.2,ecb_rate
2015-08-03,-0.2,ecb_rate
2015-08-04,-0.2,ecb_rate
2015-08-05,-0.2,ecb_rate
2015-08-06,-0.2,ecb_rate
2015-08-07,-0.2,ecb_rate
2015-08-08,-0.2,ecb_rate
2015-08-09,-0.2,ecb_rate
2015-08-10,-0.2,ecb_rate
2015-08-11,-0.2,ecb_rate
2015-08-12,-0.2,ecb_rate
2015-08-13,-0.2,ecb_rate
2015-08-14,-0.2,ecb_rate
2015-08-15,-0.2,ecb_rate
2015-08-16,-0.2,ecb_rate
2015-08-17,-0.2,ecb_rate
2015-08-18,-0.2,ecb_rate
2015-08-19,-0.2,ecb_rate
2015-08-20,-0.2,ecb_rate
2015-08-21,-0.2,ecb_rate
2015-08-22,-0.2,ecb_rate
2015-08-23,-0.2,ecb_rate
2015-08-24,-0.2,ecb_rate
2015-08-25,-0.2,ecb_rate
2015-08-26,-0.2,ecb_rate
2015-08-27,-0.2,ecb_rate
2015-08-28,-0.2,ecb_rate
2015-08-29,-0.2,ecb_rate
2015-08-30,-0.2,ecb_rate
2015-08-31,-0.2,ecb_rate
2015-09-01,-0.2,ecb_rate
2015-09-02,-0.2,ecb_rate
2015-09-03,-0.2,ecb_rate
2015-09-04,-0.2,ecb_rate
2015-09-05,-0.2,ecb_rate
2015-09-06,-0.2,ecb_rate
2015-09-07,-0.2,ecb_rate
2015-09-08,-0.2,ecb_rate
2015-09-09,-0.2,ecb_rate
2015-09-10,-0.2,ecb_rate
2015-09-11,-0.2,ecb_rate
2015-09-12,-0.2,ecb_rate
2015-09-13,-0.2,ecb_rate
2015-09-14,-0.2,ecb_rate
2015-09-15,-0.2,ecb_rate
2015-09-16,-0.2,ecb_rate
2015-09-17,-0.2,ecb_rate
2015-09-18,-0.2,ecb_rate
2015-09-19,-0.2,ecb_rate
2015-09-20,-0.2,ecb_rate
2015-09-21,-0.2,ecb_rate
2015-09-22,-0.2,ecb_rate
2015-09-23,-0.2,ecb_rate
2015-09-24,-0.2,ecb_rate
2015-09-25,-0.2,ecb_rate
2015-09-26,-0.2,ecb_rate
2015-09-27,-0.2,ecb_rate
2015-09-28,-0.2,ecb_rate
2015-09-29,-0.2,ecb_rate
2015-09-30,-0.2,ecb_rate
2015-10-01,-0.2,ecb_rate
2015-10-02,-0.2,ecb_rate
2015-10-03,-0.2,ecb_rate
2015-10-04,-0.2,ecb_rate
2015-10-05,-0.2,ecb_rate
2015-10-06,-0.2,ecb_rate
2015-10-07,-0.2,ecb_rate
2015-10-08,-0.2,ecb_rate
2015-10-09,-0.2,ecb_rate
2015-10-10,-0.2,ecb_rate
2015-10-11,-0.2,ecb_rate
2015-10-12,-0.2,ecb_rate
2015-10-13,-0.2,ecb_rate
2015-10-14,-0.2,ecb_rate
2015-10-15,-0.2,ecb_rate
2015-10-16,-0.2,ecb_rate
2015-10-17,-0.2,ecb_rate
2015-10-18,-0.2,ecb_rate
2015-10-19,-0.2,ecb_rate
2015-10-20,-0.2,ecb_rate
2015-10-21,-0.2,ecb_rate
2015-10-22,-0.2,ecb_rate
2015-10-23,-0.2,ecb_rate
2015-10-24,-0.2,ecb_rate
2015-10-25,-0.2,ecb_rate
2015-10-26,-0.2,ecb_rate
2015-10-27,-0.2,ecb_rate
2015-10-28,-0.2,ecb_rate
2015-10-29,-0.2,ecb_rate
2015-10-30,-0.2,ecb_rate
2015-10-31,-0.2,ecb_rate
2015-11-01,-0.2,ecb_rate
2015-11-02,-0.2,ecb_rate
2015-11-03,-0.2,ecb_rate
2015-11-04,-0.2,ecb_rate
2015-11-05,-0.2,ecb_rate
2015-11-06,-0.2,ecb_rate
2015-11-07,-0.2,ecb_rate
2015-11-08,-0.2,ecb_rate
2015-11-09,-0.2,ecb_rate
2015-11-10,-0.2,ecb_rate
2015-11-11,-0.2,ecb_rate
2015-11-12,-0.2,ecb_rate
2015-11-13,-0.2,ecb_rate
2015-11-14,-0.2,ecb_rate
2015-11-15,-0.2,ecb_rate
2015-11-16,-0.2,ecb_rate
2015-11-17,-0.2,ecb_rate
2015-11-18,-0.2,ecb_rate
2015-11-19,-0.2,ecb_rate
2015-11-20,-0.2,ecb_rate
2015-11-21,-0.2,ecb_rate
2015-11-22,-0.2,ecb_rate
2015-11-23,-0.2,ecb_rate
2015-11-24,-0.2,ecb_rate
2015-11-25,-0.2,ecb_rate
2015-11-26,-0.2,ecb_rate
2015-11-27,-0.2,ecb_rate
2015-11-28,-0.2,ecb_rate
2015-11-29,-0.2,ecb_rate
2015-11-30,-0.2,ecb_rate
2015-12-01,-0.2,ecb_rate
2015-12-02,-0.2,ecb_rate
2015-12-03,-0.2,ecb_rate
2015-12-04,-0.2,ecb_rate
2015-12-05,-0.2,ecb_rate
2015-12-06,-0.2,ecb_rate
2015-12-07,-0.2,ecb_rate
2015-12-08,-0.2,ecb_rate
2015-12-09,-0.3,ecb_rate
2015-12-10,-0.3,ecb_rate
2015-12-11,-0.3,ecb_rate
2015-12-12,-0.3,ecb_rate
2015-12-13,-0.3,ecb_rate
2015-12-14,-0.3,ecb_rate
2015-12-15,-0.3,ecb_rate
2015-12-16,-0.3,ecb_rate
2015-12-17,-0.3,ecb_rate
2015-12-18,-0.3,ecb_rate
2015-12-19,-0.3,ecb_rate
2015-12-20,-0.3,ecb_rate
2015-12-21,-0.3,ecb_rate
2015-12-22,-0.3,ecb_rate
2015-12-23,-0.3,ecb_rate
2015-12-24,-0.3,ecb_rate
2015-12-25,-0.3,ecb_rate
2015-12-26,-0.3,ecb_rate
2015-12-27,-0.3,ecb_rate
2015-12-28,-0.3,ecb_rate
2015-12-29,-0.3,ecb_rate
2015-12-30,-0.3,ecb_rate
2015-12-31,-0.3,ecb_rate
2016-01-01,-0.3,ecb_rate
2016-01-02,-0.3,ecb_rate
2016-01-03,-0.3,ecb_rate
2016-01-04,-0.3,ecb_rate
2016-01-05,-0.3,ecb_rate
2016-01-06,-0.3,ecb_rate
2016-01-07,-0.3,ecb_rate
2016-01-08,-0.3,ecb_rate
2016-01-09,-0.3,ecb_rate
2016-01-10,-0.3,ecb_rate
2016-01-11,-0.3,ecb_rate
2016-01-12,-0.3,ecb_rate
2016-01-13,-0.3,ecb_rate
2016-01-14,-0.3,ecb_rate
2016-01-15,-0.3,ecb_rate
2016-01-16,-0.3,ecb_rate
2016-01-17,-0.3,ecb_rate
2016-01-18,-0.3,ecb_rate
2016-01-19,-0.3,ecb_rate
2016-01-20,-0.3,ecb_rate
2016-01-21,-0.3,ecb_rate
2016-01-22,-0.3,ecb_rate
2016-01-23,-0.3,ecb_rate
2016-01-24,-0.3,ecb_rate
2016-01-25,-0.3,ecb_rate
2016-01-26,-0.3,ecb_rate
2016-01-27,-0.3,ecb_rate
2016-01-28,-0.3,ecb_rate
2016-01-29,-0.3,ecb_rate
2016-01-30,-0.3,ecb_rate
2016-01-31,-0.3,ecb_rate
2016-02-01,-0.3,ecb_rate
2016-02-02,-0.3,ecb_rate
2016-02-03,-0.3,ecb_rate
2016-02-04,-0.3,ecb_rate
2016-02-05,-0.3,ecb_rate
2016-02-06,-0.3,ecb_rate
2016-02-07,-0.3,ecb_rate
2016-02-08,-0.3,ecb_rate
2016-02-09,-0.3,ecb_rate
2016-02-10,-0.3,ecb_rate
2016-02-11,-0.3,ecb_rate
2016-02-12,-0.3,ecb_rate
2016-02-13,-0.3,ecb_rate
2016-02-14,-0.3,ecb_rate
2016-02-15,-0.3,ecb_rate
2016-02-16,-0.3,ecb_rate
2016-02-17,-0.3,ecb_rate
2016-02-18,-0.3,ecb_rate
2016-02-19,-0.3,ecb_rate
2016-02-20,-0.3,ecb_rate
2016-02-21,-0.3,ecb_rate
2016-02-22,-0.3,ecb_rate
2016-02-23,-0.3,ecb_rate
2016-02-24,-0.3,ecb_rate
2016-02-25,-0.3,ecb_rate
2016-02-26,-0.3,ecb_rate
2016-02-27,-0.3,ecb_rate
2016-02-28,-0.3,ecb_rate
2016-02-29,-0.3,ecb_rate
2016-03-01,-0.3,ecb_rate
2016-03-02,-0.3,ecb_rate
2016-03-03,-0.3,ecb_rate
2016-03-04,-0.3,ecb_rate
2016-03-05,-0.3,ecb_rate
2016-03-06,-0.3,ecb_rate
2016-03-07,-0.3,ecb_rate
2016-03-08,-0.3,ecb_rate
2016-03-09,-0.3,ecb_rate
2016-03-10,-0.3,ecb_rate
2016-03-11,-0.3,ecb_rate
2016-03-12,-0.3,ecb_rate
2016-03-13,-0.3,ecb_rate
2016-03-14,-0.3,ecb_rate
2016-03-15,-0.3,ecb_rate
2016-03-16,-0.4,ecb_rate
2016-03-17,-0.4,ecb_rate
2016-03-18,-0.4,ecb_rate
2016-03-19,-0.4,ecb_rate
2016-03-20,-0.4,ecb_rate
2016-03-21,-0.4,ecb_rate
2016-03-22,-0.4,ecb_rate
2016-03-23,-0.4,ecb_rate
2016-03-24,-0.4,ecb_rate
2016-03-25,-0.4,ecb_rate
2016-03-26,-0.4,ecb_rate
2016-03-27,-0.4,ecb_rate
2016-03-28,-0.4,ecb_rate
2016-03-29,-0.4,ecb_rate
2016-03-30,-0.4,ecb_rate
2016-03-31,-0.4,ecb_rate
2016-04-01,-0.4,ecb_rate
2016-04-02,-0.4,ecb_rate
2016-04-03,-0.4,ecb_rate
2016-04-04,-0.4,ecb_rate
2016-04-05,-0.4,ecb_rate
2016-04-06,-0.4,ecb_rate
2016-04-07,-0.4,ecb_rate
2016-04-08,-0.4,ecb_rate
2016-04-09,-0.4,ecb_rate
2016-04-10,-0.4,ecb_rate
2016-04-11,-0.4,ecb_rate
2016-04-12,-0.4,ecb_rate
2016-04-13,-0.4,ecb_rate
2016-04-14,-0.4,ecb_rate
2016-04-15,-0.4,ecb_rate
2016-04-16,-0.4,ecb_rate
2016-04-17,-0.4,ecb_rate
2016-04-18,-0.4,ecb_rate
2016-04-19,-0.4,ecb_rate
2016-04-20,-0.4,ecb_rate
2016-04-21,-0.4,ecb_rate
2016-04-22,-0.4,ecb_rate
2016-04-23,-0.4,ecb_rate
2016-04-24,-0.4,ecb_rate
2016-04-25,-0.4,ecb_rate
2016-04-26,-0.4,ecb_rate
2016-04-27,-0.4,ecb_rate
2016-04-28,-0.4,ecb_rate
2016-04-29,-0.4,ecb_rate
2016-04-30,-0.4,ecb_rate
2016-05-01,-0.4,ecb_rate
2016-05-02,-0.4,ecb_rate
2016-05-03,-0.4,ecb_rate
2016-05-04,-0.4,ecb_rate
2016-05-05,-0.4,ecb_rate
2016-05-06,-0.4,ecb_rate
2016-05-07,-0.4,ecb_rate
2016-05-08,-0.4,ecb_rate
2016-05-09,-0.4,ecb_rate
2016-05-10,-0.4,ecb_rate
2016-05-11,-0.4,ecb_rate
2016-05-12,-0.4,ecb_rate
2016-05-13,-0.4,ecb_rate
2016-05-14,-0.4,ecb_rate
2016-05-15,-0.4,ecb_rate
2016-05-16,-0.4,ecb_rate
2016-05-17,-0.4,ecb_rate
2016-05-18,-0.4,ecb_rate
2016-05-19,-0.4,ecb_rate
2016-05-20,-0.4,ecb_rate
2016-05-21,-0.4,ecb_rate
2016-05-22,-0.4,ecb_rate
2016-05-23,-0.4,ecb_rate
2016-05-24,-0.4,ecb_rate
2016-05-25,-0.4,ecb_rate
2016-05-26,-0.4,ecb_rate
2016-05-27,-0.4,ecb_rate
2016-05-28,-0.4,ecb_rate
2016-05-29,-0.4,ecb_rate
2016-05-30,-0.4,ecb_rate
2016-05-31,-0.4,ecb_rate
2016-06-01,-0.4,ecb_rate
2016-06-02,-0.4,ecb_rate
2016-06-03,-0.4,ecb_rate
2016-06-04,-0.4,ecb_rate
2016-06-05,-0.4,ecb_rate
2016-06-06,-0.4,ecb_rate
2016-06-07,-0.4,ecb_rate
2016-06-08,-0.4,ecb_rate
2016-06-09,-0.4,ecb_rate
2016-06-10,-0.4,ecb_rate
2016-06-11,-0.4,ecb_rate
2016-06-12,-0.4,ecb_rate
2016-06-13,-0.4,ecb_rate
2016-06-14,-0.4,ecb_rate
2016-06-15,-0.4,ecb_rate
2016-06-16,-0.4,ecb_rate
2016-06-17,-0.4,ecb_rate
2016-06-18,-0.4,ecb_rate
2016-06-19,-0.4,ecb_rate
2016-06-20,-0.4,ecb_rate
2016-06-21,-0.4,ecb_rate
2016-06-22,-0.4,ecb_rate
2016-06-23,-0.4,ecb_rate
2016-06-24,-0.4,ecb_rate
2016-06-25,-0.4,ecb_rate
2016-06-26,-0.4,ecb_rate
2016-06-27,-0.4,ecb_rate
2016-06-28,-0.4,ecb_rate
2016-06-29,-0.4,ecb_rate
2016-06-30,-0.4,ecb_rate
2016-07-01,-0.4,ecb_rate
2016-07-02,-0.4,ecb_rate
2016-07-03,-0.4,ecb_rate
2016-07-04,-0.4,ecb_rate
2016-07-05,-0.4,ecb_rate
2016-07-06,-0.4,ecb_rate
2016-07-07,-0.4,ecb_rate
2016-07-08,-0.4,ecb_rate
2016-07-09,-0.4,ecb_rate
2016-07-10,-0.4,ecb_rate
2016-07-11,-0.4,ecb_rate
2016-07-12,-0.4,ecb_rate
2016-07-13,-0.4,ecb_rate
2016-07-14,-0.4,ecb_rate
2016-07-15,-0.4,ecb_rate
2016-07-16,-0.4,ecb_rate
2016-07-17,-0.4,ecb_rate
2016-07-18,-0.4,ecb_rate
2016-07-19,-0.4,ecb_rate
2016-07-20,-0.4,ecb_rate
2016-07-21,-0.4,ecb_rate
2016-07-22,-0.4,ecb_rate
2016-07-23,-0.4,ecb_rate
2016-07-24,-0.4,ecb_rate
2016-07-25,-0.4,ecb_rate
2016-07-26,-0.4,ecb_rate
2016-07-27,-0.4,ecb_rate
2016-07-28,-0.4,ecb_rate
2016-07-29,-0.4,ecb_rate
2016-07-30,-0.4,ecb_rate
2016-07-31,-0.4,ecb_rate
2016-08-01,-0.4,ecb_rate
2016-08-02,-0.4,ecb_rate
2016-08-03,-0.4,ecb_rate
2016-08-04,-0.4,ecb_rate
2016-08-05,-0.4,ecb_rate
2016-08-06,-0.4,ecb_rate
2016-08-07,-0.4,ecb_rate
2016-08-08,-0.4,ecb_rate
2016-08-09,-0.4,ecb_rate
2016-08-10,-0.4,ecb_rate
2016-08-11,-0.4,ecb_rate
2016-08-12,-0.4,ecb_rate
2016-08-13,-0.4,ecb_rate
2016-08-14,-0.4,ecb_rate
2016-08-15,-0.4,ecb_rate
2016-08-16,-0.4,ecb_rate
2016-08-17,-0.4,ecb_rate
2016-08-18,-0.4,ecb_rate
2016-08-19,-0.4,ecb_rate
2016-08-20,-0.4,ecb_rate
2016-08-21,-0.4,ecb_rate
2016-08-22,-0.4,ecb_rate
2016-08-23,-0.4,ecb_rate
2016-08-24,-0.4,ecb_rate
2016-08-25,-0.4,ecb_rate
2016-08-26,-0.4,ecb_rate
2016-08-27,-0.4,ecb_rate
2016-08-28,-0.4,ecb_rate
2016-08-29,-0.4,ecb_rate
2016-08-30,-0.4,ecb_rate
2016-08-31,-0.4,ecb_rate
2016-09-01,-0.4,ecb_rate
2016-09-02,-0.4,ecb_rate
2016-09-03,-0.4,ecb_rate
2016-09-04,-0.4,ecb_rate
2016-09-05,-0.4,ecb_rate
2016-09-06,-0.4,ecb_rate
2016-09-07,-0.4,ecb_rate
2016-09-08,-0.4,ecb_rate
2016-09-09,-0.4,ecb_rate
2016-09-10,-0.4,ecb_rate
2016-09-11,-0.4,ecb_rate
2016-09-12,-0.4,ecb_rate
2016-09-13,-0.4,ecb_rate
2016-09-14,-0.4,ecb_rate
2016-09-15,-0.4,ecb_rate
2016-09-16,-0.4,ecb_rate
2016-09-17,-0.4,ecb_rate
2016-09-18,-0.4,ecb_rate
2016-09-19,-0.4,ecb_rate
2016-09-20,-0.4,ecb_rate
2016-09-21,-0.4,ecb_rate
2016-09-22,-0.4,ecb_rate
2016-09-23,-0.4,ecb_rate
2016-09-24,-0.4,ecb_rate
2016-09-25,-0.4,ecb_rate
2016-09-26,-0.4,ecb_rate
2016-09-27,-0.4,ecb_rate
2016-09-28,-0.4,ecb_rate
2016-09-29,-0.4,ecb_rate
2016-09-30,-0.4,ecb_rate
2016-10-01,-0.4,ecb_rate
2016-10-02,-0.4,ecb_rate
2016-10-03,-0.4,ecb_rate
2016-10-04,-0.4,ecb_rate
2016-10-05,-0.4,ecb_rate
2016-10-06,-0.4,ecb_rate
2016-10-07,-0.4,ecb_rate
2016-10-08,-0.4,ecb_rate
2016-10-09,-0.4,ecb_rate
2016-10-10,-0.4,ecb_rate
2016-10-11,-0.4,ecb_rate
2016-10-12,-0.4,ecb_rate
2016-10-13,-0.4,ecb_rate
2016-10-14,-0.4,ecb_rate
2016-10-15,-0.4,ecb_rate
2016-10-16,-0.4,ecb_rate
2016-10-17,-0.4,ecb_rate
2016-10-18,-0.4,ecb_rate
2016-10-19,-0.4,ecb_rate
2016-10-20,-0.4,ecb_rate
2016-10-21,-0.4,ecb_rate
2016-10-22,-0.4,ecb_rate
2016-10-23,-0.4,ecb_rate
2016-10-24,-0.4,ecb_rate
2016-10-25,-0.4,ecb_rate
2016-10-26,-0.4,ecb_rate
2016-10-27,-0.4,ecb_rate
2016-10-28,-0.4,ecb_rate
2016-10-29,-0.4,ecb_rate
2016-10-30,-0.4,ecb_rate
2016-10-31,-0.4,ecb_rate
2016-11-01,-0.4,ecb_rate
2016-11-02,-0.4,ecb_rate
2016-11-03,-0.4,ecb_rate
2016-11-04,-0.4,ecb_rate
2016-11-05,-0.4,ecb_rate
2016-11-06,-0.4,ecb_rate
2016-11-07,-0.4,ecb_rate
2016-11-08,-0.4,ecb_rate
2016-11-09,-0.4,ecb_rate
2016-11-10,-0.4,ecb_rate
2016-11-11,-0.4,ecb_rate
2016-11-12,-0.4,ecb_rate
2016-11-13,-0.4,ecb_rate
2016-11-14,-0.4,ecb_rate
2016-11-15,-0.4,ecb_rate
2016-11-16,-0.4,ecb_rate
2016-11-17,-0.4,ecb_rate
2016-11-18,-0.4,ecb_rate
2016-11-19,-0.4,ecb_rate
2016-11-20,-0.4,ecb_rate
2016-11-21,-0.4,ecb_rate
2016-11-22,-0.4,ecb_rate
2016-11-23,-0.4,ecb_rate
2016-11-24,-0.4,ecb_rate
2016-11-25,-0.4,ecb_rate
2016-11-26,-0.4,ecb_rate
2016-11-27,-0.4,ecb_rate
2016-11-28,-0.4,ecb_rate
2016-11-29,-0.4,ecb_rate
2016-11-30,-0.4,ecb_rate
2016-12-01,-0.4,ecb_rate
2016-12-02,-0.4,ecb_rate
2016-12-03,-0.4,ecb_rate
2016-12-04,-0.4,ecb_rate
2016-12-05,-0.4,ecb_rate
2016-12-06,-0.4,ecb_rate
2016-12-07,-0.4,ecb_rate
2016-12-08,-0.4,ecb_rate
2016-12-09,-0.4,ecb_rate
2016-12-10,-0.4,ecb_rate
2016-12-11,-0.4,ecb_rate
2016-12-12,-0.4,ecb_rate
2016-12-13,-0.4,ecb_rate
2016-12-14,-0.4,ecb_rate
2016-12-15,-0.4,ecb_rate
2016-12-16,-0.4,ecb_rate
2016-12-17,-0.4,ecb_rate
2016-12-18,-0.4,ecb_rate
2016-12-19,-0.4,ecb_rate
2016-12-20,-0.4,ecb_rate
2016-12-21,-0.4,ecb_rate
2016-12-22,-0.4,ecb_rate
2016-12-23,-0.4,ecb_rate
2016-12-24,-0.4,ecb_rate
2016-12-25,-0.4,ecb_rate
2016-12-26,-0.4,ecb_rate
2016-12-27,-0.4,ecb_rate
2016-12-28,-0.4,ecb_rate
2016-12-29,-0.4,ecb_rate
2016-12-30,-0.4,ecb_rate
2016-12-31,-0.4,ecb_rate
2017-01-01,-0.4,ecb_rate
2017-01-02,-0.4,ecb_rate
2017-01-03,-0.4,ecb_rate
2017-01-04,-0.4,ecb_rate
2017-01-05,-0.4,ecb_rate
2017-01-06,-0.4,ecb_rate
2017-01-07,-0.4,ecb_rate
2017-01-08,-0.4,ecb_rate
2017-01-09,-0.4,ecb_rate
2017-01-10,-0.4,ecb_rate
2017-01-11,-0.4,ecb_rate
2017-01-12,-0.4,ecb_rate
2017-01-13,-0.4,ecb_rate
2017-01-14,-0.4,ecb_rate
2017-01-15,-0.4,ecb_rate
2017-01-16,-0.4,ecb_rate
2017-01-17,-0.4,ecb_rate
2017-01-18,-0.4,ecb_rate
2017-01-19,-0.4,ecb_rate
2017-01-20,-0.4,ecb_rate
2017-01-21,-0.4,ecb_rate
2017-01-22,-0.4,ecb_rate
2017-01-23,-0.4,ecb_rate
2017-01-24,-0.4,ecb_rate
2017-01-25,-0.4,ecb_rate
2017-01-26,-0.4,ecb_rate
2017-01-27,-0.4,ecb_rate
2017-01-28,-0.4,ecb_rate
2017-01-29,-0.4,ecb_rate
2017-01-30,-0.4,ecb_rate
2017-01-31,-0.4,ecb_rate
2017-02-01,-0.4,ecb_rate
2017-02-02,-0.4,ecb_rate
2017-02-03,-0.4,ecb_rate
2017-02-04,-0.4,ecb_rate
2017-02-05,-0.4,ecb_rate
2017-02-06,-0.4,ecb_rate
2017-02-07,-0.4,ecb_rate
2017-02-08,-0.4,ecb_rate
2017-02-09,-0.4,ecb_rate
2017-02-10,-0.4,ecb_rate
2017-02-11,-0.4,ecb_rate
2017-02-12,-0.4,ecb_rate
2017-02-13,-0.4,ecb_rate
2017-02-14,-0.4,ecb_rate
2017-02-15,-0.4,ecb_rate
2017-02-16,-0.4,ecb_rate
2017-02-17,-0.4,ecb_rate
2017-02-18,-0.4,ecb_rate
2017-02-19,-0.4,ecb_rate
2017-02-20,-0.4,ecb_rate
2017-02-21,-0.4,ecb_rate
2017-02-22,-0.4,ecb_rate
2017-02-23,-0.4,ecb_rate
2017-02-24,-0.4,ecb_rate
2017-02-25,-0.4,ecb_rate
2017-02-26,-0.4,ecb_rate
2017-02-27,-0.4,ecb_rate
2017-02-28,-0.4,ecb_rate
2017-03-01,-0.4,ecb_rate
2017-03-02,-0.4,ecb_rate
2017-03-03,-0.4,ecb_rate
2017-03-04,-0.4,ecb_rate
2017-03-05,-0.4,ecb_rate
2017-03-06,-0.4,ecb_rate
2017-03-07,-0.4,ecb_rate
2017-03-08,-0.4,ecb_rate
2017-03-09,-0.4,ecb_rate
2017-03-10,-0.4,ecb_rate
2017-03-11,-0.4,ecb_rate
2017-03-12,-0.4,ecb_rate
2017-03-13,-0.4,ecb_rate
2017-03-14,-0.4,ecb_rate
2017-03-15,-0.4,ecb_rate
2017-03-16,-0.4,ecb_rate
2017-03-17,-0.4,ecb_rate
2017-03-18,-0.4,ecb_rate
2017-03-19,-0.4,ecb_rate
2017-03-20,-0.4,ecb_rate
2017-03-21,-0.4,ecb_rate
2017-03-22,-0.4,ecb_rate
2017-03-23,-0.4,ecb_rate
2017-03-24,-0.4,ecb_rate
2017-03-25,-0.4,ecb_rate
2017-03-26,-0.4,ecb_rate
2017-03-27,-0.4,ecb_rate
2017-03-28,-0.4,ecb_rate
2017-03-29,-0.4,ecb_rate
2017-03-30,-0.4,ecb_rate
2017-03-31,-0.4,ecb_rate
2017-04-01,-0.4,ecb_rate
2017-04-02,-0.4,ecb_rate
2017-04-03,-0.4,ecb_rate
2017-04-04,-0.4,ecb_rate
2017-04-05,-0.4,ecb_rate
2017-04-06,-0.4,ecb_rate
2017-04-07,-0.4,ecb_rate
2017-04-08,-0.4,ecb_rate
2017-04-09,-0.4,ecb_rate
2017-04-10,-0.4,ecb_rate
2017-04-11,-0.4,ecb_rate
2017-04-12,-0.4,ecb_rate
2017-04-13,-0.4,ecb_rate
2017-04-14,-0.4,ecb_rate
2017-04-15,-0.4,ecb_rate
2017-04-16,-0.4,ecb_rate
2017-04-17,-0.4,ecb_rate
2017-04-18,-0.4,ecb_rate
2017-04-19,-0.4,ecb_rate
2017-04-20,-0.4,ecb_rate
2017-04-21,-0.4,ecb_rate
2017-04-22,-0.4,ecb_rate
2017-04-23,-0.4,ecb_rate
2017-04-24,-0.4,ecb_rate
2017-04-25,-0.4,ecb_rate
2017-04-26,-0.4,ecb_rate
2017-04-27,-0.4,ecb_rate
2017-04-28,-0.4,ecb_rate
2017-04-29,-0.4,ecb_rate
2017-04-30,-0.4,ecb_rate
2017-05-01,-0.4,ecb_rate
2017-05-02,-0.4,ecb_rate
2017-05-03,-0.4,ecb_rate
2017-05-04,-0.4,ecb_rate
2017-05-05,-0.4,ecb_rate
2017-05-06,-0.4,ecb_rate
2017-05-07,-0.4,ecb_rate
2017-05-08,-0.4,ecb_rate
2017-05-09,-0.4,ecb_rate
2017-05-10,-0.4,ecb_rate
2017-05-11,-0.4,ecb_rate
2017-05-12,-0.4,ecb_rate
2017-05-13,-0.4,ecb_rate
2017-05-14,-0.4,ecb_rate
2017-05-15,-0.4,ecb_rate
2017-05-16,-0.4,ecb_rate
2017-05-17,-0.4,ecb_rate
2017-05-18,-0.4,ecb_rate
2017-05-19,-0.4,ecb_rate
2017-05-20,-0.4,ecb_rate
2017-05-21,-0.4,ecb_rate
2017-05-22,-0.4,ecb_rate
2017-05-23,-0.4,ecb_rate
2017-05-24,-0.4,ecb_rate
2017-05-25,-0.4,ecb_rate
2017-05-26,-0.4,ecb_rate
2017-05-27,-0.4,ecb_rate
2017-05-28,-0.4,ecb_rate
2017-05-29,-0.4,ecb_rate
2017-05-30,-0.4,ecb_rate
2017-05-31,-0.4,ecb_rate
2017-06-01,-0.4,ecb_rate
2017-06-02,-0.4,ecb_rate
2017-06-03,-0.4,ecb_rate
2017-06-04,-0.4,ecb_rate
2017-06-05,-0.4,ecb_rate
2017-06-06,-0.4,ecb_rate
2017-06-07,-0.4,ecb_rate
2017-06-08,-0.4,ecb_rate
2017-06-09,-0.4,ecb_rate
2017-06-10,-0.4,ecb_rate
2017-06-11,-0.4,ecb_rate
2017-06-12,-0.4,ecb_rate
2017-06-13,-0.4,ecb_rate
2017-06-14,-0.4,ecb_rate
2017-06-15,-0.4,ecb_rate
2017-06-16,-0.4,ecb_rate
2017-06-17,-0.4,ecb_rate
2017-06-18,-0.4,ecb_rate
2017-06-19,-0.4,ecb_rate
2017-06-20,-0.4,ecb_rate
2017-06-21,-0.4,ecb_rate
2017-06-22,-0.4,ecb_rate
2017-06-23,-0.4,ecb_rate
2017-06-24,-0.4,ecb_rate
2017-06-25,-0.4,ecb_rate
2017-06-26,-0.4,ecb_rate
2017-06-27,-0.4,ecb_rate
2017-06-28,-0.4,ecb_rate
2017-06-29,-0.4,ecb_rate
2017-06-30,-0.4,ecb_rate
2017-07-01,-0.4,ecb_rate
2017-07-02,-0.4,ecb_rate
2017-07-03,-0.4,ecb_rate
2017-07-04,-0.4,ecb_rate
2017-07-05,-0.4,ecb_rate
2017-07-06,-0.4,ecb_rate
2017-07-07,-0.4,ecb_rate
2017-07-08,-0.4,ecb_rate
2017-07-09,-0.4,ecb_rate
2017-07-10,-0.4,ecb_rate
2017-07-11,-0.4,ecb_rate
2017-07-12,-0.4,ecb_rate
2017-07-13,-0.4,ecb_rate
2017-07-14,-0.4,ecb_rate
2017-07-15,-0.4,ecb_rate
2017-07-16,-0.4,ecb_rate
2017-07-17,-0.4,ecb_rate
2017-07-18,-0.4,ecb_rate
2017-07-19,-0.4,ecb_rate
2017-07-20,-0.4,ecb_rate
2017-07-21,-0.4,ecb_rate
2017-07-22,-0.4,ecb_rate
2017-07-23,-0.4,ecb_rate
2017-07-24,-0.4,ecb_rate
2017-07-25,-0.4,ecb_rate
2017-07-26,-0.4,ecb_rate
2017-07-27,-0.4,ecb_rate
2017-07-28,-0.4,ecb_rate
2017-07-29,-0.4,ecb_rate
2017-07-30,-0.4,ecb_rate
2017-07-31,-0.4,ecb_rate
2017-08-01,-0.4,ecb_rate
2017-08-02,-0.4,ecb_rate
2017-08-03,-0.4,ecb_rate
2017-08-04,-0.4,ecb_rate
2017-08-05,-0.4,ecb_rate
2017-08-06,-0.4,ecb_rate
2017-08-07,-0.4,ecb_rate
2017-08-08,-0.4,ecb_rate
2017-08-09,-0.4,ecb_rate
2017-08-10,-0.4,ecb_rate
2017-08-11,-0.4,ecb_rate
2017-08-12,-0.4,ecb_rate
2017-08-13,-0.4,ecb_rate
2017-08-14,-0.4,ecb_rate
2017-08-15,-0.4,ecb_rate
2017-08-16,-0.4,ecb_rate
2017-08-17,-0.4,ecb_rate
2017-08-18,-0.4,ecb_rate
2017-08-19,-0.4,ecb_rate
2017-08-20,-0.4,ecb_rate
2017-08-21,-0.4,ecb_rate
2017-08-22,-0.4,ecb_rate
2017-08-23,-0.4,ecb_rate
2017-08-24,-0.4,ecb_rate
2017-08-25,-0.4,ecb_rate
2017-08-26,-0.4,ecb_rate
2017-08-27,-0.4,ecb_rate
2017-08-28,-0.4,ecb_rate
2017-08-29,-0.4,ecb_rate
2017-08-30,-0.4,ecb_rate
2017-08-31,-0.4,ecb_rate
2017-09-01,-0.4,ecb_rate
2017-09-02,-0.4,ecb_rate
2017-09-03,-0.4,ecb_rate
2017-09-04,-0.4,ecb_rate
2017-09-05,-0.4,ecb_rate
2017-09-06,-0.4,ecb_rate
2017-09-07,-0.4,ecb_rate
2017-09-08,-0.4,ecb_rate
2017-09-09,-0.4,ecb_rate
2017-09-10,-0.4,ecb_rate
2017-09-11,-0.4,ecb_rate
2017-09-12,-0.4,ecb_rate
2017-09-13,-0.4,ecb_rate
2017-09-14,-0.4,ecb_rate
2017-09-15,-0.4,ecb_rate
2017-09-16,-0.4,ecb_rate
2017-09-17,-0.4,ecb_rate
2017-09-18,-0.4,ecb_rate
2017-09-19,-0.4,ecb_rate
2017-09-20,-0.4,ecb_rate
2017-09-21,-0.4,ecb_rate
2017-09-22,-0.4,ecb_rate
2017-09-23,-0.4,ecb_rate
2017-09-24,-0.4,ecb_rate
2017-09-25,-0.4,ecb_rate
2017-09-26,-0.4,ecb_rate
2017-09-27,-0.4,ecb_rate
2017-09-28,-0.4,ecb_rate
2017-09-29,-0.4,ecb_rate
2017-09-30,-0.4,ecb_rate
2017-10-01,-0.4,ecb_rate
2017-10-02,-0.4,ecb_rate
2017-10-03,-0.4,ecb_rate
2017-10-04,-0.4,ecb_rate
2017-10-05,-0.4,ecb_rate
2017-10-06,-0.4,ecb_rate
2017-10-07,-0.4,ecb_rate
2017-10-08,-0.4,ecb_rate
2017-10-09,-0.4,ecb_rate
2017-10-10,-0.4,ecb_rate
2017-10-11,-0.4,ecb_rate
2017-10-12,-0.4,ecb_rate
2017-10-13,-0.4,ecb_rate
2017-10-14,-0.4,ecb_rate
2017-10-15,-0.4,ecb_rate
2017-10-16,-0.4,ecb_rate
2017-10-17,-0.4,ecb_rate
2017-10-18,-0.4,ecb_rate
2017-10-19,-0.4,ecb_rate
2017-10-20,-0.4,ecb_rate
2017-10-21,-0.4,ecb_rate
2017-10-22,-0.4,ecb_rate
2017-10-23,-0.4,ecb_rate
2017-10-24,-0.4,ecb_rate
2017-10-25,-0.4,ecb_rate
2017-10-26,-0.4,ecb_rate
2017-10-27,-0.4,ecb_rate
2017-10-28,-0.4,ecb_rate
2017-10-29,-0.4,ecb_rate
2017-10-30,-0.4,ecb_rate
2017-10-31,-0.4,ecb_rate
2017-11-01,-0.4,ecb_rate
2017-11-02,-0.4,ecb_rate
2017-11-03,-0.4,ecb_rate
2017-11-04,-0.4,ecb_rate
2017-11-05,-0.4,ecb_rate
2017-11-06,-0.4,ecb_rate
2017-11-07,-0.4,ecb_rate
2017-11-08,-0.4,ecb_rate
2017-11-09,-0.4,ecb_rate
2017-11-10,-0.4,ecb_rate
2017-11-11,-0.4,ecb_rate
2017-11-12,-0.4,ecb_rate
2017-11-13,-0.4,ecb_rate
2017-11-14,-0.4,ecb_rate
2017-11-15,-0.4,ecb_rate
2017-11-16,-0.4,ecb_rate
2017-11-17,-0.4,ecb_rate
2017-11-18,-0.4,ecb_rate
2017-11-19,-0.4,ecb_rate
2017-11-20,-0.4,ecb_rate
2017-11-21,-0.4,ecb_rate
2017-11-22,-0.4,ecb_rate
2017-11-23,-0.4,ecb_rate
2017-11-24,-0.4,ecb_rate
2017-11-25,-0.4,ecb_rate
2017-11-26,-0.4,ecb_rate
2017-11-27,-0.4,ecb_rate
2017-11-28,-0.4,ecb_rate
2017-11-29,-0.4,ecb_rate
2017-11-30,-0.4,ecb_rate
2017-12-01,-0.4,ecb_rate
2017-12-02,-0.4,ecb_rate
2017-12-03,-0.4,ecb_rate
2017-12-04,-0.4,ecb_rate
2017-12-05,-0.4,ecb_rate
2017-12-06,-0.4,ecb_rate
2017-12-07,-0.4,ecb_rate
2017-12-08,-0.4,ecb_rate
2017-12-09,-0.4,ecb_rate
2017-12-10,-0.4,ecb_rate
2017-12-11,-0.4,ecb_rate
2017-12-12,-0.4,ecb_rate
2017-12-13,-0.4,ecb_rate
2017-12-14,-0.4,ecb_rate
2017-12-15,-0.4,ecb_rate
2017-12-16,-0.4,ecb_rate
2017-12-17,-0.4,ecb_rate
2017-12-18,-0.4,ecb_rate
2017-12-19,-0.4,ecb_rate
2017-12-20,-0.4,ecb_rate
2017-12-21,-0.4,ecb_rate
2017-12-22,-0.4,ecb_rate
2017-12-23,-0.4,ecb_rate
2017-12-24,-0.4,ecb_rate
2017-12-25,-0.4,ecb_rate
2017-12-26,-0.4,ecb_rate
2017-12-27,-0.4,ecb_rate
2017-12-28,-0.4,ecb_rate
2017-12-29,-0.4,ecb_rate
2017-12-30,-0.4,ecb_rate
2017-12-31,-0.4,ecb_rate
2018-01-01,-0.4,ecb_rate
2018-01-02,-0.4,ecb_rate
2018-01-03,-0.4,ecb_rate
2018-01-04,-0.4,ecb_rate
2018-01-05,-0.4,ecb_rate
2018-01-06,-0.4,ecb_rate
2018-01-07,-0.4,ecb_rate
2018-01-08,-0.4,ecb_rate
2018-01-09,-0.4,ecb_rate
2018-01-10,-0.4,ecb_rate
2018-01-11,-0.4,ecb_rate
2018-01-12,-0.4,ecb_rate
2018-01-13,-0.4,ecb_rate
2018-01-14,-0.4,ecb_rate
2018-01-15,-0.4,ecb_rate
2018-01-16,-0.4,ecb_rate
2018-01-17,-0.4,ecb_rate
2018-01-18,-0.4,ecb_rate
2018-01-19,-0.4,ecb_rate
2018-01-20,-0.4,ecb_rate
2018-01-21,-0.4,ecb_rate
2018-01-22,-0.4,ecb_rate
2018-01-23,-0.4,ecb_rate
2018-01-24,-0.4,ecb_rate
2018-01-25,-0.4,ecb_rate
2018-01-26,-0.4,ecb_rate
2018-01-27,-0.4,ecb_rate
2018-01-28,-0.4,ecb_rate
2018-01-29,-0.4,ecb_rate
2018-01-30,-0.4,ecb_rate
2018-01-31,-0.4,ecb_rate
2018-02-01,-0.4,ecb_rate
2018-02-02,-0.4,ecb_rate
2018-02-03,-0.4,ecb_rate
2018-02-04,-0.4,ecb_rate
2018-02-05,-0.4,ecb_rate
2018-02-06,-0.4,ecb_rate
2018-02-07,-0.4,ecb_rate
2018-02-08,-0.4,ecb_rate
2018-02-09,-0.4,ecb_rate
2018-02-10,-0.4,ecb_rate
2018-02-11,-0.4,ecb_rate
2018-02-12,-0.4,ecb_rate
2018-02-13,-0.4,ecb_rate
2018-02-14,-0.4,ecb_rate
2018-02-15,-0.4,ecb_rate
2018-02-16,-0.4,ecb_rate
2018-02-17,-0.4,ecb_rate
2018-02-18,-0.4,ecb_rate
2018-02-19,-0.4,ecb_rate
2018-02-20,-0.4,ecb_rate
2018-02-21,-0.4,ecb_rate
2018-02-22,-0.4,ecb_rate
2018-02-23,-0.4,ecb_rate
2018-02-24,-0.4,ecb_rate
2018-02-25,-0.4,ecb_rate
2018-02-26,-0.4,ecb_rate
2018-02-27,-0.4,ecb_rate
2018-02-28,-0.4,ecb_rate
2018-03-01,-0.4,ecb_rate
2018-03-02,-0.4,ecb_rate
2018-03-03,-0.4,ecb_rate
2018-03-04,-0.4,ecb_rate
2018-03-05,-0.4,ecb_rate
2018-03-06,-0.4,ecb_rate
2018-03-07,-0.4,ecb_rate
2018-03-08,-0.4,ecb_rate
2018-03-09,-0.4,ecb_rate
2018-03-10,-0.4,ecb_rate
2018-03-11,-0.4,ecb_rate
2018-03-12,-0.4,ecb_rate
2018-03-13,-0.4,ecb_rate
2018-03-14,-0.4,ecb_rate
2018-03-15,-0.4,ecb_rate
2018-03-16,-0.4,ecb_rate
2018-03-17,-0.4,ecb_rate
2018-03-18,-0.4,ecb_rate
2018-03-19,-0.4,ecb_rate
2018-03-20,-0.4,ecb_rate
2018-03-21,-0.4,ecb_rate
2018-03-22,-0.4,ecb_rate
2018-03-23,-0.4,ecb_rate
2018-03-24,-0.4,ecb_rate
2018-03-25,-0.4,ecb_rate
2018-03-26,-0.4,ecb_rate
2018-03-27,-0.4,ecb_rate
2018-03-28,-0.4,ecb_rate
2018-03-29,-0.4,ecb_rate
2018-03-30,-0.4,ecb_rate
2018-03-31,-0.4,ecb_rate
2018-04-01,-0.4,ecb_rate
2018-04-02,-0.4,ecb_rate
2018-04-03,-0.4,ecb_rate
2018-04-04,-0.4,ecb_rate
2018-04-05,-0.4,ecb_rate
2018-04-06,-0.4,ecb_rate
2018-04-07,-0.4,ecb_rate
2018-04-08,-0.4,ecb_rate
2018-04-09,-0.4,ecb_rate
2018-04-10,-0.4,ecb_rate
2018-04-11,-0.4,ecb_rate
2018-04-12,-0.4,ecb_rate
2018-04-13,-0.4,ecb_rate
2018-04-14,-0.4,ecb_rate
2018-04-15,-0.4,ecb_rate
2018-04-16,-0.4,ecb_rate
2018-04-17,-0.4,ecb_rate
2018-04-18,-0.4,ecb_rate
2018-04-19,-0.4,ecb_rate
2018-04-20,-0.4,ecb_rate
2018-04-21,-0.4,ecb_rate
2018-04-22,-0.4,ecb_rate
2018-04-23,-0.4,ecb_rate
2018-04-24,-0.4,ecb_rate
2018-04-25,-0.4,ecb_rate
2018-04-26,-0.4,ecb_rate
2018-04-27,-0.4,ecb_rate
2018-04-28,-0.4,ecb_rate
2018-04-29,-0.4,ecb_rate
2018-04-30,-0.4,ecb_rate
2018-05-01,-0.4,ecb_rate
2018-05-02,-0.4,ecb_rate
2018-05-03,-0.4,ecb_rate
2018-05-04,-0.4,ecb_rate
2018-05-05,-0.4,ecb_rate
2018-05-06,-0.4,ecb_rate
2018-05-07,-0.4,ecb_rate
2018-05-08,-0.4,ecb_rate
2018-05-09,-0.4,ecb_rate
2018-05-10,-0.4,ecb_rate
2018-05-11,-0.4,ecb_rate
2018-05-12,-0.4,ecb_rate
2018-05-13,-0.4,ecb_rate
2018-05-14,-0.4,ecb_rate
2018-05-15,-0.4,ecb_rate
2018-05-16,-0.4,ecb_rate
2018-05-17,-0.4,ecb_rate
2018-05-18,-0.4,ecb_rate
2018-05-19,-0.4,ecb_rate
2018-05-20,-0.4,ecb_rate
2018-05-21,-0.4,ecb_rate
2018-05-22,-0.4,ecb_rate
2018-05-23,-0.4,ecb_rate
2018-05-24,-0.4,ecb_rate
2018-05-25,-0.4,ecb_rate
2018-05-26,-0.4,ecb_rate
2018-05-27,-0.4,ecb_rate
2018-05-28,-0.4,ecb_rate
2018-05-29,-0.4,ecb_rate
2018-05-30,-0.4,ecb_rate
2018-05-31,-0.4,ecb_rate
2018-06-01,-0.4,ecb_rate
2018-06-02,-0.4,ecb_rate
2018-06-03,-0.4,ecb_rate
2018-06-04,-0.4,ecb_rate
2018-06-05,-0.4,ecb_rate
2018-06-06,-0.4,ecb_rate
2018-06-07,-0.4,ecb_rate
2018-06-08,-0.4,ecb_rate
2018-06-09,-0.4,ecb_rate
2018-06-10,-0.4,ecb_rate
2018-06-11,-0.4,ecb_rate
2018-06-12,-0.4,ecb_rate
2018-06-13,-0.4,ecb_rate
2018-06-14,-0.4,ecb_rate
2018-06-15,-0.4,ecb_rate
2018-06-16,-0.4,ecb_rate
2018-06-17,-0.4,ecb_rate
2018-06-18,-0.4,ecb_rate
2018-06-19,-0.4,ecb_rate
2018-06-20,-0.4,ecb_rate
2018-06-21,-0.4,ecb_rate
2018-06-22,-0.4,ecb_rate
2018-06-23,-0.4,ecb_rate
2018-06-24,-0.4,ecb_rate
2018-06-25,-0.4,ecb_rate
2018-06-26,-0.4,ecb_rate
2018-06-27,-0.4,ecb_rate
2018-06-28,-0.4,ecb_rate
2018-06-29,-0.4,ecb_rate
2018-06-30,-0.4,ecb_rate
2018-07-01,-0.4,ecb_rate
2018-07-02,-0.4,ecb_rate
2018-07-03,-0.4,ecb_rate
2018-07-04,-0.4,ecb_rate
2018-07-05,-0.4,ecb_rate
2018-07-06,-0.4,ecb_rate
2018-07-07,-0.4,ecb_rate
2018-07-08,-0.4,ecb_rate
2018-07-09,-0.4,ecb_rate
2018-07-10,-0.4,ecb_rate
2018-07-11,-0.4,ecb_rate
2018-07-12,-0.4,ecb_rate
2018-07-13,-0.4,ecb_rate
2018-07-14,-0.4,ecb_rate
2018-07-15,-0.4,ecb_rate
2018-07-16,-0.4,ecb_rate
2018-07-17,-0.4,ecb_rate
2018-07-18,-0.4,ecb_rate
2018-07-19,-0.4,ecb_rate
2018-07-20,-0.4,ecb_rate
2018-07-21,-0.4,ecb_rate
2018-07-22,-0.4,ecb_rate
2018-07-23,-0.4,ecb_rate
2018-07-24,-0.4,ecb_rate
2018-07-25,-0.4,ecb_rate
2018-07-26,-0.4,ecb_rate
2018-07-27,-0.4,ecb_rate
2018-07-28,-0.4,ecb_rate
2018-07-29,-0.4,ecb_rate
2018-07-30,-0.4,ecb_rate
2018-07-31,-0.4,ecb_rate
2018-08-01,-0.4,ecb_rate
2018-08-02,-0.4,ecb_rate
2018-08-03,-0.4,ecb_rate
2018-08-04,-0.4,ecb_rate
2018-08-05,-0.4,ecb_rate
2018-08-06,-0.4,ecb_rate
2018-08-07,-0.4,ecb_rate
2018-08-08,-0.4,ecb_rate
2018-08-09,-0.4,ecb_rate
2018-08-10,-0.4,ecb_rate
2018-08-11,-0.4,ecb_rate
2018-08-12,-0.4,ecb_rate
2018-08-13,-0.4,ecb_rate
2018-08-14,-0.4,ecb_rate
2018-08-15,-0.4,ecb_rate
2018-08-16,-0.4,ecb_rate
2018-08-17,-0.4,ecb_rate
2018-08-18,-0.4,ecb_rate
2018-08-19,-0.4,ecb_rate
2018-08-20,-0.4,ecb_rate
2018-08-21,-0.4,ecb_rate
2018-08-22,-0.4,ecb_rate
2018-08-23,-0.4,ecb_rate
2018-08-24,-0.4,ecb_rate
2018-08-25,-0.4,ecb_rate
2018-08-26,-0.4,ecb_rate
2018-08-27,-0.4,ecb_rate
2018-08-28,-0.4,ecb_rate
2018-08-29,-0.4,ecb_rate
2018-08-30,-0.4,ecb_rate
2018-08-31,-0.4,ecb_rate
2018-09-01,-0.4,ecb_rate
2018-09-02,-0.4,ecb_rate
2018-09-03,-0.4,ecb_rate
2018-09-04,-0.4,ecb_rate
2018-09-05,-0.4,ecb_rate
2018-09-06,-0.4,ecb_rate
2018-09-07,-0.4,ecb_rate
2018-09-08,-0.4,ecb_rate
2018-09-09,-0.4,ecb_rate
2018-09-10,-0.4,ecb_rate
2018-09-11,-0.4,ecb_rate
2018-09-12,-0.4,ecb_rate
2018-09-13,-0.4,ecb_rate
2018-09-14,-0.4,ecb_rate
2018-09-15,-0.4,ecb_rate
2018-09-16,-0.4,ecb_rate
2018-09-17,-0.4,ecb_rate
2018-09-18,-0.4,ecb_rate
2018-09-19,-0.4,ecb_rate
2018-09-20,-0.4,ecb_rate
2018-09-21,-0.4,ecb_rate
2018-09-22,-0.4,ecb_rate
2018-09-23,-0.4,ecb_rate
2018-09-24,-0.4,ecb_rate
2018-09-25,-0.4,ecb_rate
2018-09-26,-0.4,ecb_rate
2018-09-27,-0.4,ecb_rate
2018-09-28,-0.4,ecb_rate
2018-09-29,-0.4,ecb_rate
2018-09-30,-0.4,ecb_rate
2018-10-01,-0.4,ecb_rate
2018-10-02,-0.4,ecb_rate
2018-10-03,-0.4,ecb_rate
2018-10-04,-0.4,ecb_rate
2018-10-05,-0.4,ecb_rate
2018-10-06,-0.4,ecb_rate
2018-10-07,-0.4,ecb_rate
2018-10-08,-0.4,ecb_rate
2018-10-09,-0.4,ecb_rate
2018-10-10,-0.4,ecb_rate
2018-10-11,-0.4,ecb_rate
2018-10-12,-0.4,ecb_rate
2018-10-13,-0.4,ecb_rate
2018-10-14,-0.4,ecb_rate
2018-10-15,-0.4,ecb_rate
2018-10-16,-0.4,ecb_rate
2018-10-17,-0.4,ecb_rate
2018-10-18,-0.4,ecb_rate
2018-10-19,-0.4,ecb_rate
2018-10-20,-0.4,ecb_rate
2018-10-21,-0.4,ecb_rate
2018-10-22,-0.4,ecb_rate
2018-10-23,-0.4,ecb_rate
2018-10-24,-0.4,ecb_rate
2018-10-25,-0.4,ecb_rate
2018-10-26,-0.4,ecb_rate
2018-10-27,-0.4,ecb_rate
2018-10-28,-0.4,ecb_rate
2018-10-29,-0.4,ecb_rate
2018-10-30,-0.4,ecb_rate
2018-10-31,-0.4,ecb_rate
2018-11-01,-0.4,ecb_rate
2018-11-02,-0.4,ecb_rate
2018-11-03,-0.4,ecb_rate
2018-11-04,-0.4,ecb_rate
2018-11-05,-0.4,ecb_rate
2018-11-06,-0.4,ecb_rate
2018-11-07,-0.4,ecb_rate
2018-11-08,-0.4,ecb_rate
2018-11-09,-0.4,ecb_rate
2018-11-10,-0.4,ecb_rate
2018-11-11,-0.4,ecb_rate
2018-11-12,-0.4,ecb_rate
2018-11-13,-0.4,ecb_rate
2018-11-14,-0.4,ecb_rate
2018-11-15,-0.4,ecb_rate
2018-11-16,-0.4,ecb_rate
2018-11-17,-0.4,ecb_rate
2018-11-18,-0.4,ecb_rate
2018-11-19,-0.4,ecb_rate
2018-11-20,-0.4,ecb_rate
2018-11-21,-0.4,ecb_rate
2018-11-22,-0.4,ecb_rate
2018-11-23,-0.4,ecb_rate
2018-11-24,-0.4,ecb_rate
2018-11-25,-0.4,ecb_rate
2018-11-26,-0.4,ecb_rate
2018-11-27,-0.4,ecb_rate
2018-11-28,-0.4,ecb_rate
2018-11-29,-0.4,ecb_rate
2018-11-30,-0.4,ecb_rate
2018-12-01,-0.4,ecb_rate
2018-12-02,-0.4,ecb_rate
2018-12-03,-0.4,ecb_rate
2018-12-04,-0.4,ecb_rate
2018-12-05,-0.4,ecb_rate
2018-12-06,-0.4,ecb_rate
2018-12-07,-0.4,ecb_rate
2018-12-08,-0.4,ecb_rate
2018-12-09,-0.4,ecb_rate
2018-12-10,-0.4,ecb_rate
2018-12-11,-0.4,ecb_rate
2018-12-12,-0.4,ecb_rate
2018-12-13,-0.4,ecb_rate
2018-12-14,-0.4,ecb_rate
2018-12-15,-0.4,ecb_rate
2018-12-16,-0.4,ecb_rate
2018-12-17,-0.4,ecb_rate
2018-12-18,-0.4,ecb_rate
2018-12-19,-0.4,ecb_rate
2018-12-20,-0.4,ecb_rate
2018-12-21,-0.4,ecb_rate
2018-12-22,-0.4,ecb_rate
2018-12-23,-0.4,ecb_rate
2018-12-24,-0.4,ecb_rate
2018-12-25,-0.4,ecb_rate
2018-12-26,-0.4,ecb_rate
2018-12-27,-0.4,ecb_rate
2018-12-28,-0.4,ecb_rate
2018-12-29,-0.4,ecb_rate
2018-12-30,-0.4,ecb_rate
2018-12-31,-0.4,ecb_rate
2019-01-01,-0.4,ecb_rate
2019-01-02,-0.4,ecb_rate
2019-01-03,-0.4,ecb_rate
2019-01-04,-0.4,ecb_rate
2019-01-05,-0.4,ecb_rate
2019-01-06,-0.4,ecb_rate
2019-01-07,-0.4,ecb_rate
2019-01-08,-0.4,ecb_rate
2019-01-09,-0.4,ecb_rate
2019-01-10,-0.4,ecb_rate
2019-01-11,-0.4,ecb_rate
2019-01-12,-0.4,ecb_rate
2019-01-13,-0.4,ecb_rate
2019-01-14,-0.4,ecb_rate
2019-01-15,-0.4,ecb_rate
2019-01-16,-0.4,ecb_rate
2019-01-17,-0.4,ecb_rate
2019-01-18,-0.4,ecb_rate
2019-01-19,-0.4,ecb_rate
2019-01-20,-0.4,ecb_rate
2019-01-21,-0.4,ecb_rate
2019-01-22,-0.4,ecb_rate
2019-01-23,-0.4,ecb_rate
2019-01-24,-0.4,ecb_rate
2019-01-25,-0.4,ecb_rate
2019-01-26,-0.4,ecb_rate
2019-01-27,-0.4,ecb_rate
2019-01-28,-0.4,ecb_rate
2019-01-29,-0.4,ecb_rate
2019-01-30,-0.4,ecb_rate
2019-01-31,-0.4,ecb_rate
2019-02-01,-0.4,ecb_rate
2019-02-02,-0.4,ecb_rate
2019-02-03,-0.4,ecb_rate
2019-02-04,-0.4,ecb_rate
2019-02-05,-0.4,ecb_rate
2019-02-06,-0.4,ecb_rate
2019-02-07,-0.4,ecb_rate
2019-02-08,-0.4,ecb_rate
2019-02-09,-0.4,ecb_rate
2019-02-10,-0.4,ecb_rate
2019-02-11,-0.4,ecb_rate
2019-02-12,-0.4,ecb_rate
2019-02-13,-0.4,ecb_rate
2019-02-14,-0.4,ecb_rate
2019-02-15,-0.4,ecb_rate
2019-02-16,-0.4,ecb_rate
2019-02-17,-0.4,ecb_rate
2019-02-18,-0.4,ecb_rate
2019-02-19,-0.4,ecb_rate
2019-02-20,-0.4,ecb_rate
2019-02-21,-0.4,ecb_rate
2019-02-22,-0.4,ecb_rate
2019-02-23,-0.4,ecb_rate
2019-02-24,-0.4,ecb_rate
2019-02-25,-0.4,ecb_rate
2019-02-26,-0.4,ecb_rate
2019-02-27,-0.4,ecb_rate
2019-02-28,-0.4,ecb_rate
2019-03-01,-0.4,ecb_rate
2019-03-02,-0.4,ecb_rate
2019-03-03,-0.4,ecb_rate
2019-03-04,-0.4,ecb_rate
2019-03-05,-0.4,ecb_rate
2019-03-06,-0.4,ecb_rate
2019-03-07,-0.4,ecb_rate
2019-03-08,-0.4,ecb_rate
2019-03-09,-0.4,ecb_rate
2019-03-10,-0.4,ecb_rate
2019-03-11,-0.4,ecb_rate
2019-03-12,-0.4,ecb_rate
2019-03-13,-0.4,ecb_rate
2019-03-14,-0.4,ecb_rate
2019-03-15,-0.4,ecb_rate
2019-03-16,-0.4,ecb_rate
2019-03-17,-0.4,ecb_rate
2019-03-18,-0.4,ecb_rate
2019-03-19,-0.4,ecb_rate
2019-03-20,-0.4,ecb_rate
2019-03-21,-0.4,ecb_rate
2019-03-22,-0.4,ecb_rate
2019-03-23,-0.4,ecb_rate
2019-03-24,-0.4,ecb_rate
2019-03-25,-0.4,ecb_rate
2019-03-26,-0.4,ecb_rate
2019-03-27,-0.4,ecb_rate
2019-03-28,-0.4,ecb_rate
2019-03-29,-0.4,ecb_rate
2019-03-30,-0.4,ecb_rate
2019-03-31,-0.4,ecb_rate
2019-04-01,-0.4,ecb_rate
2019-04-02,-0.4,ecb_rate
2019-04-03,-0.4,ecb_rate
2019-04-04,-0.4,ecb_rate
2019-04-05,-0.4,ecb_rate
2019-04-06,-0.4,ecb_rate
2019-04-07,-0.4,ecb_rate
2019-04-08,-0.4,ecb_rate
2019-04-09,-0.4,ecb_rate
2019-04-10,-0.4,ecb_rate
2019-04-11,-0.4,ecb_rate
2019-04-12,-0.4,ecb_rate
2019-04-13,-0.4,ecb_rate
2019-04-14,-0.4,ecb_rate
2019-04-15,-0.4,ecb_rate
2019-04-16,-0.4,ecb_rate
2019-04-17,-0.4,ecb_rate
2019-04-18,-0.4,ecb_rate
2019-04-19,-0.4,ecb_rate
2019-04-20,-0.4,ecb_rate
2019-04-21,-0.4,ecb_rate
2019-04-22,-0.4,ecb_rate
2019-04-23,-0.4,ecb_rate
2019-04-24,-0.4,ecb_rate
2019-04-25,-0.4,ecb_rate
2019-04-26,-0.4,ecb_rate
2019-04-27,-0.4,ecb_rate
2019-04-28,-0.4,ecb_rate
2019-04-29,-0.4,ecb_rate
2019-04-30,-0.4,ecb_rate
2019-05-01,-0.4,ecb_rate
2019-05-02,-0.4,ecb_rate
2019-05-03,-0.4,ecb_rate
2019-05-04,-0.4,ecb_rate
2019-05-05,-0.4,ecb_rate
2019-05-06,-0.4,ecb_rate
2019-05-07,-0.4,ecb_rate
2019-05-08,-0.4,ecb_rate
2019-05-09,-0.4,ecb_rate
2019-05-10,-0.4,ecb_rate
2019-05-11,-0.4,ecb_rate
2019-05-12,-0.4,ecb_rate
2019-05-13,-0.4,ecb_rate
2019-05-14,-0.4,ecb_rate
2019-05-15,-0.4,ecb_rate
2019-05-16,-0.4,ecb_rate
2019-05-17,-0.4,ecb_rate
2019-05-18,-0.4,ecb_rate
2019-05-19,-0.4,ecb_rate
2019-05-20,-0.4,ecb_rate
2019-05-21,-0.4,ecb_rate
2019-05-22,-0.4,ecb_rate
2019-05-23,-0.4,ecb_rate
2019-05-24,-0.4,ecb_rate
2019-05-25,-0.4,ecb_rate
2019-05-26,-0.4,ecb_rate
2019-05-27,-0.4,ecb_rate
2019-05-28,-0.4,ecb_rate
2019-05-29,-0.4,ecb_rate
2019-05-30,-0.4,ecb_rate
2019-05-31,-0.4,ecb_rate
2019-06-01,-0.4,ecb_rate
2019-06-02,-0.4,ecb_rate
2019-06-03,-0.4,ecb_rate
2019-06-04,-0.4,ecb_rate
2019-06-05,-0.4,ecb_rate
2019-06-06,-0.4,ecb_rate
2019-06-07,-0.4,ecb_rate
2019-06-08,-0.4,ecb_rate
2019-06-09,-0.4,ecb_rate
2019-06-10,-0.4,ecb_rate
2019-06-11,-0.4,ecb_rate
2019-06-12,-0.4,ecb_rate
2019-06-13,-0.4,ecb_rate
2019-06-14,-0.4,ecb_rate
2019-06-15,-0.4,ecb_rate
2019-06-16,-0.4,ecb_rate
2019-06-17,-0.4,ecb_rate
2019-06-18,-0.4,ecb_rate
2019-06-19,-0.4,ecb_rate
2019-06-20,-0.4,ecb_rate
2019-06-21,-0.4,ecb_rate
2019-06-22,-0.4,ecb_rate
2019-06-23,-0.4,ecb_rate
2019-06-24,-0.4,ecb_rate
2019-06-25,-0.4,ecb_rate
2019-06-26,-0.4,ecb_rate
2019-06-27,-0.4,ecb_rate
2019-06-28,-0.4,ecb_rate
2019-06-29,-0.4,ecb_rate
2019-06-30,-0.4,ecb_rate
2019-07-01,-0.4,ecb_rate
2019-07-02,-0.4,ecb_rate
2019-07-03,-0.4,ecb_rate
2019-07-04,-0.4,ecb_rate
2019-07-05,-0.4,ecb_rate
2019-07-06,-0.4,ecb_rate
2019-07-07,-0.4,ecb_rate
2019-07-08,-0.4,ecb_rate
2019-07-09,-0.4,ecb_rate
2019-07-10,-0.4,ecb_rate
2019-07-11,-0.4,ecb_rate
2019-07-12,-0.4,ecb_rate
2019-07-13,-0.4,ecb_rate
2019-07-14,-0.4,ecb_rate
2019-07-15,-0.4,ecb_rate
2019-07-16,-0.4,ecb_rate
2019-07-17,-0.4,ecb_rate
2019-07-18,-0.4,ecb_rate
2019-07-19,-0.4,ecb_rate
2019-07-20,-0.4,ecb_rate
2019-07-21,-0.4,ecb_rate
2019-07-22,-0.4,ecb_rate
2019-07-23,-0.4,ecb_rate
2019-07-24,-0.4,ecb_rate
2019-07-25,-0.4,ecb_rate
2019-07-26,-0.4,ecb_rate
2019-07-27,-0.4,ecb_rate
2019-07-28,-0.4,ecb_rate
2019-07-29,-0.4,ecb_rate
2019-07-30,-0.4,ecb_rate
2019-07-31,-0.4,ecb_rate
2019-08-01,-0.4,ecb_rate
2019-08-02,-0.4,ecb_rate
2019-08-03,-0.4,ecb_rate
2019-08-04,-0.4,ecb_rate
2019-08-05,-0.4,ecb_rate
2019-08-06,-0.4,ecb_rate
2019-08-07,-0.4,ecb_rate
2019-08-08,-0.4,ecb_rate
2019-08-09,-0.4,ecb_rate
2019-08-10,-0.4,ecb_rate
2019-08-11,-0.4,ecb_rate
2019-08-12,-0.4,ecb_rate
2019-08-13,-0.4,ecb_rate
2019-08-14,-0.4,ecb_rate
2019-08-15,-0.4,ecb_rate
2019-08-16,-0.4,ecb_rate
2019-08-17,-0.4,ecb_rate
2019-08-18,-0.4,ecb_rate
2019-08-19,-0.4,ecb_rate
2019-08-20,-0.4,ecb_rate
2019-08-21,-0.4,ecb_rate
2019-08-22,-0.4,ecb_rate
2019-08-23,-0.4,ecb_rate
2019-08-24,-0.4,ecb_rate
2019-08-25,-0.4,ecb_rate
2019-08-26,-0.4,ecb_rate
2019-08-27,-0.4,ecb_rate
2019-08-28,-0.4,ecb_rate
2019-08-29,-0.4,ecb_rate
2019-08-30,-0.4,ecb_rate
2019-08-31,-0.4,ecb_rate
2019-09-01,-0.4,ecb_rate
2019-09-02,-0.4,ecb_rate
2019-09-03,-0.4,ecb_rate
2019-09-04,-0.4,ecb_rate
2019-09-05,-0.4,ecb_rate
2019-09-06,-0.4,ecb_rate
2019-09-07,-0.4,ecb_rate
2019-09-08,-0.4,ecb_rate
2019-09-09,-0.4,ecb_rate
2019-09-10,-0.4,ecb_rate
2019-09-11,-0.4,ecb_rate
2019-09-12,-0.4,ecb_rate
2019-09-13,-0.4,ecb_rate
2019-09-14,-0.4,ecb_rate
2019-09-15,-0.4,ecb_rate
2019-09-16,-0.4,ecb_rate
2019-09-17,-0.4,ecb_rate
2019-09-18,-0.5,ecb_rate
2019-09-19,-0.5,ecb_rate
2019-09-20,-0.5,ecb_rate
2019-09-21,-0.5,ecb_rate
2019-09-22,-0.5,ecb_rate
2019-09-23,-0.5,ecb_rate
2019-09-24,-0.5,ecb_rate
2019-09-25,-0.5,ecb_rate
2019-09-26,-0.5,ecb_rate
2019-09-27,-0.5,ecb_rate
2019-09-28,-0.5,ecb_rate
2019-09-29,-0.5,ecb_rate
2019-09-30,-0.5,ecb_rate
2019-10-01,-0.5,ecb_rate
2019-10-02,-0.5,ecb_rate
2019-10-03,-0.5,ecb_rate
2019-10-04,-0.5,ecb_rate
2019-10-05,-0.5,ecb_rate
2019-10-06,-0.5,ecb_rate
2019-10-07,-0.5,ecb_rate
2019-10-08,-0.5,ecb_rate
2019-10-09,-0.5,ecb_rate
2019-10-10,-0.5,ecb_rate
2019-10-11,-0.5,ecb_rate
2019-10-12,-0.5,ecb_rate
2019-10-13,-0.5,ecb_rate
2019-10-14,-0.5,ecb_rate
2019-10-15,-0.5,ecb_rate
2019-10-16,-0.5,ecb_rate
2019-10-17,-0.5,ecb_rate
2019-10-18,-0.5,ecb_rate
2019-10-19,-0.5,ecb_rate
2019-10-20,-0.5,ecb_rate
2019-10-21,-0.5,ecb_rate
2019-10-22,-0.5,ecb_rate
2019-10-23,-0.5,ecb_rate
2019-10-24,-0.5,ecb_rate
2019-10-25,-0.5,ecb_rate
2019-10-26,-0.5,ecb_rate
2019-10-27,-0.5,ecb_rate
2019-10-28,-0.5,ecb_rate
2019-10-29,-0.5,ecb_rate
2019-10-30,-0.5,ecb_rate
2019-10-31,-0.5,ecb_rate
2019-11-01,-0.5,ecb_rate
2019-11-02,-0.5,ecb_rate
2019-11-03,-0.5,ecb_rate
2019-11-04,-0.5,ecb_rate
2019-11-05,-0.5,ecb_rate
2019-11-06,-0.5,ecb_rate
2019-11-07,-0.5,ecb_rate
2019-11-08,-0.5,ecb_rate
2019-11-09,-0.5,ecb_rate
2019-11-10,-0.5,ecb_rate
2019-11-11,-0.5,ecb_rate
2019-11-12,-0.5,ecb_rate
2019-11-13,-0.5,ecb_rate
2019-11-14,-0.5,ecb_rate
2019-11-15,-0.5,ecb_rate
2019-11-16,-0.5,ecb_rate
2019-11-17,-0.5,ecb_rate
2019-11-18,-0.5,ecb_rate
2019-11-19,-0.5,ecb_rate
2019-11-20,-0.5,ecb_rate
2019-11-21,-0.5,ecb_rate
2019-11-22,-0.5,ecb_rate
2019-11-23,-0.5,ecb_rate
2019-11-24,-0.5,ecb_rate
2019-11-25,-0.5,ecb_rate
2019-11-26,-0.5,ecb_rate
2019-11-27,-0.5,ecb_rate
2019-11-28,-0.5,ecb_rate
2019-11-29,-0.5,ecb_rate
2019-11-30,-0.5,ecb_rate
2019-12-01,-0.5,ecb_rate
2019-12-02,-0.5,ecb_rate
2019-12-03,-0.5,ecb_rate
2019-12-04,-0.5,ecb_rate
2019-12-05,-0.5,ecb_rate
2019-12-06,-0.5,ecb_rate
2019-12-07,-0.5,ecb_rate
2019-12-08,-0.5,ecb_rate
2019-12-09,-0.5,ecb_rate
2019-12-10,-0.5,ecb_rate
2019-12-11,-0.5,ecb_rate
2019-12-12,-0.5,ecb_rate
2019-12-13,-0.5,ecb_rate
2019-12-14,-0.5,ecb_rate
2019-12-15,-0.5,ecb_rate
2019-12-16,-0.5,ecb_rate
2019-12-17,-0.5,ecb_rate
2019-12-18,-0.5,ecb_rate
2019-12-19,-0.5,ecb_rate
2019-12-20,-0.5,ecb_rate
2019-12-21,-0.5,ecb_rate
2019-12-22,-0.5,ecb_rate
2019-12-23,-0.5,ecb_rate
2019-12-24,-0.5,ecb_rate
2019-12-25,-0.5,ecb_rate
2019-12-26,-0.5,ecb_rate
2019-12-27,-0.5,ecb_rate
2019-12-28,-0.5,ecb_rate
2019-12-29,-0.5,ecb_rate
2019-12-30,-0.5,ecb_rate
2019-12-31,-0.5,ecb_rate
2020-01-01,-0.5,ecb_rate
2020-01-02,-0.5,ecb_rate
2020-01-03,-0.5,ecb_rate
2020-01-04,-0.5,ecb_rate
2020-01-05,-0.5,ecb_rate
2020-01-06,-0.5,ecb_rate
2020-01-07,-0.5,ecb_rate
2020-01-08,-0.5,ecb_rate
2020-01-09,-0.5,ecb_rate
2020-01-10,-0.5,ecb_rate
2020-01-11,-0.5,ecb_rate
2020-01-12,-0.5,ecb_rate
2020-01-13,-0.5,ecb_rate
2020-01-14,-0.5,ecb_rate
2020-01-15,-0.5,ecb_rate
2020-01-16,-0.5,ecb_rate
2020-01-17,-0.5,ecb_rate
2020-01-18,-0.5,ecb_rate
2020-01-19,-0.5,ecb_rate
2020-01-20,-0.5,ecb_rate
2020-01-21,-0.5,ecb_rate
2020-01-22,-0.5,ecb_rate
2020-01-23,-0.5,ecb_rate
2020-01-24,-0.5,ecb_rate
2020-01-25,-0.5,ecb_rate
2020-01-26,-0.5,ecb_rate
2020-01-27,-0.5,ecb_rate
2020-01-28,-0.5,ecb_rate
2020-01-29,-0.5,ecb_rate
2020-01-30,-0.5,ecb_rate
2020-01-31,-0.5,ecb_rate
2020-02-01,-0.5,ecb_rate
2020-02-02,-0.5,ecb_rate
2020-02-03,-0.5,ecb_rate
2020-02-04,-0.5,ecb_rate
2020-02-05,-0.5,ecb_rate
2020-02-06,-0.5,ecb_rate
2020-02-07,-0.5,ecb_rate
2020-02-08,-0.5,ecb_rate
2020-02-09,-0.5,ecb_rate
2020-02-10,-0.5,ecb_rate
2020-02-11,-0.5,ecb_rate
2020-02-12,-0.5,ecb_rate
2020-02-13,-0.5,ecb_rate
2020-02-14,-0.5,ecb_rate
2020-02-15,-0.5,ecb_rate
2020-02-16,-0.5,ecb_rate
2020-02-17,-0.5,ecb_rate
2020-02-18,-0.5,ecb_rate
2020-02-19,-0.5,ecb_rate
2020-02-20,-0.5,ecb_rate
2020-02-21,-0.5,ecb_rate
2020-02-22,-0.5,ecb_rate
2020-02-23,-0.5,ecb_rate
2020-02-24,-0.5,ecb_rate
2020-02-25,-0.5,ecb_rate
2020-02-26,-0.5,ecb_rate
2020-02-27,-0.5,ecb_rate
2020-02-28,-0.5,ecb_rate
2020-02-29,-0.5,ecb_rate
2020-03-01,-0.5,ecb_rate
2020-03-02,-0.5,ecb_rate
2020-03-03,-0.5,ecb_rate
2020-03-04,-0.5,ecb_rate
2020-03-05,-0.5,ecb_rate
2020-03-06,-0.5,ecb_rate
2020-03-07,-0.5,ecb_rate
2020-03-08,-0.5,ecb_rate
2020-03-09,-0.5,ecb_rate
2020-03-10,-0.5,ecb_rate
2020-03-11,-0.5,ecb_rate
2020-03-12,-0.5,ecb_rate
2020-03-13,-0.5,ecb_rate
2020-03-14,-0.5,ecb_rate
2020-03-15,-0.5,ecb_rate
2020-03-16,-0.5,ecb_rate
2020-03-17,-0.5,ecb_rate
2020-03-18,-0.5,ecb_rate
2020-03-19,-0.5,ecb_rate
2020-03-20,-0.5,ecb_rate
2020-03-21,-0.5,ecb_rate
2020-03-22,-0.5,ecb_rate
2020-03-23,-0.5,ecb_rate
2020-03-24,-0.5,ecb_rate
2020-03-25,-0.5,ecb_rate
2020-03-26,-0.5,ecb_rate
2020-03-27,-0.5,ecb_rate
2020-03-28,-0.5,ecb_rate
2020-03-29,-0.5,ecb_rate
2020-03-30,-0.5,ecb_rate
2020-03-31,-0.5,ecb_rate
2020-04-01,-0.5,ecb_rate
2020-04-02,-0.5,ecb_rate
2020-04-03,-0.5,ecb_rate
2020-04-04,-0.5,ecb_rate
2020-04-05,-0.5,ecb_rate
2020-04-06,-0.5,ecb_rate
2020-04-07,-0.5,ecb_rate
2020-04-08,-0.5,ecb_rate
2020-04-09,-0.5,ecb_rate
2020-04-10,-0.5,ecb_rate
2020-04-11,-0.5,ecb_rate
2020-04-12,-0.5,ecb_rate
2020-04-13,-0.5,ecb_rate
2020-04-14,-0.5,ecb_rate
2020-04-15,-0.5,ecb_rate
2020-04-16,-0.5,ecb_rate
2020-04-17,-0.5,ecb_rate
2020-04-18,-0.5,ecb_rate
2020-04-19,-0.5,ecb_rate
2020-04-20,-0.5,ecb_rate
2020-04-21,-0.5,ecb_rate
2020-04-22,-0.5,ecb_rate
2020-04-23,-0.5,ecb_rate
2020-04-24,-0.5,ecb_rate
2020-04-25,-0.5,ecb_rate
2020-04-26,-0.5,ecb_rate
2020-04-27,-0.5,ecb_rate
2020-04-28,-0.5,ecb_rate
2020-04-29,-0.5,ecb_rate
2020-04-30,-0.5,ecb_rate
2020-05-01,-0.5,ecb_rate
2020-05-02,-0.5,ecb_rate
2020-05-03,-0.5,ecb_rate
2020-05-04,-0.5,ecb_rate
2020-05-05,-0.5,ecb_rate
2020-05-06,-0.5,ecb_rate
2020-05-07,-0.5,ecb_rate
2020-05-08,-0.5,ecb_rate
2020-05-09,-0.5,ecb_rate
2020-05-10,-0.5,ecb_rate
2020-05-11,-0.5,ecb_rate
2020-05-12,-0.5,ecb_rate
2020-05-13,-0.5,ecb_rate
2020-05-14,-0.5,ecb_rate
2020-05-15,-0.5,ecb_rate
2020-05-16,-0.5,ecb_rate
2020-05-17,-0.5,ecb_rate
2020-05-18,-0.5,ecb_rate
2020-05-19,-0.5,ecb_rate
2020-05-20,-0.5,ecb_rate
2020-05-21,-0.5,ecb_rate
2020-05-22,-0.5,ecb_rate
2020-05-23,-0.5,ecb_rate
2020-05-24,-0.5,ecb_rate
2020-05-25,-0.5,ecb_rate
2020-05-26,-0.5,ecb_rate
2020-05-27,-0.5,ecb_rate
2020-05-28,-0.5,ecb_rate
2020-05-29,-0.5,ecb_rate
2020-05-30,-0.5,ecb_rate
2020-05-31,-0.5,ecb_rate
2020-06-01,-0.5,ecb_rate
2020-06-02,-0.5,ecb_rate
2020-06-03,-0.5,ecb_rate
2020-06-04,-0.5,ecb_rate
2020-06-05,-0.5,ecb_rate
2020-06-06,-0.5,ecb_rate
2020-06-07,-0.5,ecb_rate
2020-06-08,-0.5,ecb_rate
2020-06-09,-0.5,ecb_rate
2020-06-10,-0.5,ecb_rate
2020-06-11,-0.5,ecb_rate
2020-06-12,-0.5,ecb_rate
2020-06-13,-0.5,ecb_rate
2020-06-14,-0.5,ecb_rate
2020-06-15,-0.5,ecb_rate
2020-06-16,-0.5,ecb_rate
2020-06-17,-0.5,ecb_rate
2020-06-18,-0.5,ecb_rate
2020-06-19,-0.5,ecb_rate
2020-06-20,-0.5,ecb_rate
2020-06-21,-0.5,ecb_rate
2020-06-22,-0.5,ecb_rate
2020-06-23,-0.5,ecb_rate
2020-06-24,-0.5,ecb_rate
2020-06-25,-0.5,ecb_rate
2020-06-26,-0.5,ecb_rate
2020-06-27,-0.5,ecb_rate
2020-06-28,-0.5,ecb_rate
2020-06-29,-0.5,ecb_rate
2020-06-30,-0.5,ecb_rate
2020-07-01,-0.5,ecb_rate
2020-07-02,-0.5,ecb_rate
2020-07-03,-0.5,ecb_rate
2020-07-04,-0.5,ecb_rate
2020-07-05,-0.5,ecb_rate
2020-07-06,-0.5,ecb_rate
2020-07-07,-0.5,ecb_rate
2020-07-08,-0.5,ecb_rate
2020-07-09,-0.5,ecb_rate
2020-07-10,-0.5,ecb_rate
2020-07-11,-0.5,ecb_rate
2020-07-12,-0.5,ecb_rate
2020-07-13,-0.5,ecb_rate
2020-07-14,-0.5,ecb_rate
2020-07-15,-0.5,ecb_rate
2020-07-16,-0.5,ecb_rate
2020-07-17,-0.5,ecb_rate
2020-07-18,-0.5,ecb_rate
2020-07-19,-0.5,ecb_rate
2020-07-20,-0.5,ecb_rate
2020-07-21,-0.5,ecb_rate
2020-07-22,-0.5,ecb_rate
2020-07-23,-0.5,ecb_rate
2020-07-24,-0.5,ecb_rate
2020-07-25,-0.5,ecb_rate
2020-07-26,-0.5,ecb_rate
2020-07-27,-0.5,ecb_rate
2020-07-28,-0.5,ecb_rate
2020-07-29,-0.5,ecb_rate
2020-07-30,-0.5,ecb_rate
2020-07-31,-0.5,ecb_rate
2020-08-01,-0.5,ecb_rate
2020-08-02,-0.5,ecb_rate
2020-08-03,-0.5,ecb_rate
2020-08-04,-0.5,ecb_rate
2020-08-05,-0.5,ecb_rate
2020-08-06,-0.5,ecb_rate
2020-08-07,-0.5,ecb_rate
2020-08-08,-0.5,ecb_rate
2020-08-09,-0.5,ecb_rate
2020-08-10,-0.5,ecb_rate
2020-08-11,-0.5,ecb_rate
2020-08-12,-0.5,ecb_rate
2020-08-13,-0.5,ecb_rate
2020-08-14,-0.5,ecb_rate
2020-08-15,-0.5,ecb_rate
2020-08-16,-0.5,ecb_rate
2020-08-17,-0.5,ecb_rate
2020-08-18,-0.5,ecb_rate
2020-08-19,-0.5,ecb_rate
2020-08-20,-0.5,ecb_rate
2020-08-21,-0.5,ecb_rate
2020-08-22,-0.5,ecb_rate
2020-08-23,-0.5,ecb_rate
2020-08-24,-0.5,ecb_rate
2020-08-25,-0.5,ecb_rate
2020-08-26,-0.5,ecb_rate
2020-08-27,-0.5,ecb_rate
2020-08-28,-0.5,ecb_rate
2020-08-29,-0.5,ecb_rate
2020-08-30,-0.5,ecb_rate
2020-08-31,-0.5,ecb_rate
2020-09-01,-0.5,ecb_rate
2020-09-02,-0.5,ecb_rate
2020-09-03,-0.5,ecb_rate
2020-09-04,-0.5,ecb_rate
2020-09-05,-0.5,ecb_rate
2020-09-06,-0.5,ecb_rate
2020-09-07,-0.5,ecb_rate
2020-09-08,-0.5,ecb_rate
2020-09-09,-0.5,ecb_rate
2020-09-10,-0.5,ecb_rate
2020-09-11,-0.5,ecb_rate
2020-09-12,-0.5,ecb_rate
2020-09-13,-0.5,ecb_rate
2020-09-14,-0.5,ecb_rate
2020-09-15,-0.5,ecb_rate
2020-09-16,-0.5,ecb_rate
2020-09-17,-0.5,ecb_rate
2020-09-18,-0.5,ecb_rate
2020-09-19,-0.5,ecb_rate
2020-09-20,-0.5,ecb_rate
2020-09-21,-0.5,ecb_rate
2020-09-22,-0.5,ecb_rate
2020-09-23,-0.5,ecb_rate
2020-09-24,-0.5,ecb_rate
2020-09-25,-0.5,ecb_rate
2020-09-26,-0.5,ecb_rate
2020-09-27,-0.5,ecb_rate
2020-09-28,-0.5,ecb_rate
2020-09-29,-0.5,ecb_rate
2020-09-30,-0.5,ecb_rate
2020-10-01,-0.5,ecb_rate
2020-10-02,-0.5,ecb_rate
2020-10-03,-0.5,ecb_rate
2020-10-04,-0.5,ecb_rate
2020-10-05,-0.5,ecb_rate
2020-10-06,-0.5,ecb_rate
2020-10-07,-0.5,ecb_rate
2020-10-08,-0.5,ecb_rate
2020-10-09,-0.5,ecb_rate
2020-10-10,-0.5,ecb_rate
2020-10-11,-0.5,ecb_rate
2020-10-12,-0.5,ecb_rate
2020-10-13,-0.5,ecb_rate
2020-10-14,-0.5,ecb_rate
2020-10-15,-0.5,ecb_rate
2020-10-16,-0.5,ecb_rate
2020-10-17,-0.5,ecb_rate
2020-10-18,-0.5,ecb_rate
2020-10-19,-0.5,ecb_rate
2020-10-20,-0.5,ecb_rate
2020-10-21,-0.5,ecb_rate
2020-10-22,-0.5,ecb_rate
2020-10-23,-0.5,ecb_rate
2020-10-24,-0.5,ecb_rate
2020-10-25,-0.5,ecb_rate
2020-10-26,-0.5,ecb_rate
2020-10-27,-0.5,ecb_rate
2020-10-28,-0.5,ecb_rate
2020-10-29,-0.5,ecb_rate
2020-10-30,-0.5,ecb_rate
2020-10-31,-0.5,ecb_rate
2020-11-01,-0.5,ecb_rate
2020-11-02,-0.5,ecb_rate
2020-11-03,-0.5,ecb_rate
2020-11-04,-0.5,ecb_rate
2020-11-05,-0.5,ecb_rate
2020-11-06,-0.5,ecb_rate
2020-11-07,-0.5,ecb_rate
2020-11-08,-0.5,ecb_rate
2020-11-09,-0.5,ecb_rate
2020-11-10,-0.5,ecb_rate
2020-11-11,-0.5,ecb_rate
2020-11-12,-0.5,ecb_rate
2020-11-13,-0.5,ecb_rate
2020-11-14,-0.5,ecb_rate
2020-11-15,-0.5,ecb_rate
2020-11-16,-0.5,ecb_rate
2020-11-17,-0.5,ecb_rate
2020-11-18,-0.5,ecb_rate
2020-11-19,-0.5,ecb_rate
2020-11-20,-0.5,ecb_rate
2020-11-21,-0.5,ecb_rate
2020-11-22,-0.5,ecb_rate
2020-11-23,-0.5,ecb_rate
2020-11-24,-0.5,ecb_rate
2020-11-25,-0.5,ecb_rate
2020-11-26,-0.5,ecb_rate
2020-11-27,-0.5,ecb_rate
2020-11-28,-0.5,ecb_rate
2020-11-29,-0.5,ecb_rate
2020-11-30,-0.5,ecb_rate
2020-12-01,-0.5,ecb_rate
2020-12-02,-0.5,ecb_rate
2020-12-03,-0.5,ecb_rate
2020-12-04,-0.5,ecb_rate
2020-12-05,-0.5,ecb_rate
2020-12-06,-0.5,ecb_rate
2020-12-07,-0.5,ecb_rate
2020-12-08,-0.5,ecb_rate
2020-12-09,-0.5,ecb_rate
2020-12-10,-0.5,ecb_rate
2020-12-11,-0.5,ecb_rate
2020-12-12,-0.5,ecb_rate
2020-12-13,-0.5,ecb_rate
2020-12-14,-0.5,ecb_rate
2020-12-15,-0.5,ecb_rate
2020-12-16,-0.5,ecb_rate
2020-12-17,-0.5,ecb_rate
2020-12-18,-0.5,ecb_rate
2020-12-19,-0.5,ecb_rate
2020-12-20,-0.5,ecb_rate
2020-12-21,-0.5,ecb_rate
2020-12-22,-0.5,ecb_rate
2020-12-23,-0.5,ecb_rate
2020-12-24,-0.5,ecb_rate
2020-12-25,-0.5,ecb_rate
2020-12-26,-0.5,ecb_rate
2020-12-27,-0.5,ecb_rate
2020-12-28,-0.5,ecb_rate
2020-12-29,-0.5,ecb_rate
2020-12-30,-0.5,ecb_rate
2020-12-31,-0.5,ecb_rate
2021-01-01,-0.5,ecb_rate
2021-01-02,-0.5,ecb_rate
2021-01-03,-0.5,ecb_rate
2021-01-04,-0.5,ecb_rate
2021-01-05,-0.5,ecb_rate
2021-01-06,-0.5,ecb_rate
2021-01-07,-0.5,ecb_rate
2021-01-08,-0.5,ecb_rate
2021-01-09,-0.5,ecb_rate
2021-01-10,-0.5,ecb_rate
2021-01-11,-0.5,ecb_rate
2021-01-12,-0.5,ecb_rate
2021-01-13,-0.5,ecb_rate
2021-01-14,-0.5,ecb_rate
2021-01-15,-0.5,ecb_rate
2021-01-16,-0.5,ecb_rate
2021-01-17,-0.5,ecb_rate
2021-01-18,-0.5,ecb_rate
2021-01-19,-0.5,ecb_rate
2021-01-20,-0.5,ecb_rate
2021-01-21,-0.5,ecb_rate
2021-01-22,-0.5,ecb_rate
2021-01-23,-0.5,ecb_rate
2021-01-24,-0.5,ecb_rate
2021-01-25,-0.5,ecb_rate
2021-01-26,-0.5,ecb_rate
2021-01-27,-0.5,ecb_rate
2021-01-28,-0.5,ecb_rate
2021-01-29,-0.5,ecb_rate
2021-01-30,-0.5,ecb_rate
2021-01-31,-0.5,ecb_rate
2021-02-01,-0.5,ecb_rate
2021-02-02,-0.5,ecb_rate
2021-02-03,-0.5,ecb_rate
2021-02-04,-0.5,ecb_rate
2021-02-05,-0.5,ecb_rate
2021-02-06,-0.5,ecb_rate
2021-02-07,-0.5,ecb_rate
2021-02-08,-0.5,ecb_rate
2021-02-09,-0.5,ecb_rate
2021-02-10,-0.5,ecb_rate
2021-02-11,-0.5,ecb_rate
2021-02-12,-0.5,ecb_rate
2021-02-13,-0.5,ecb_rate
2021-02-14,-0.5,ecb_rate
2021-02-15,-0.5,ecb_rate
2021-02-16,-0.5,ecb_rate
2021-02-17,-0.5,ecb_rate
2021-02-18,-0.5,ecb_rate
2021-02-19,-0.5,ecb_rate
2021-02-20,-0.5,ecb_rate
2021-02-21,-0.5,ecb_rate
2021-02-22,-0.5,ecb_rate
2021-02-23,-0.5,ecb_rate
2021-02-24,-0.5,ecb_rate
2021-02-25,-0.5,ecb_rate
2021-02-26,-0.5,ecb_rate
2021-02-27,-0.5,ecb_rate
2021-02-28,-0.5,ecb_rate
2021-03-01,-0.5,ecb_rate
2021-03-02,-0.5,ecb_rate
2021-03-03,-0.5,ecb_rate
2021-03-04,-0.5,ecb_rate
2021-03-05,-0.5,ecb_rate
2021-03-06,-0.5,ecb_rate
2021-03-07,-0.5,ecb_rate
2021-03-08,-0.5,ecb_rate
2021-03-09,-0.5,ecb_rate
2021-03-10,-0.5,ecb_rate
2021-03-11,-0.5,ecb_rate
2021-03-12,-0.5,ecb_rate
2021-03-13,-0.5,ecb_rate
2021-03-14,-0.5,ecb_rate
2021-03-15,-0.5,ecb_rate
2021-03-16,-0.5,ecb_rate
2021-03-17,-0.5,ecb_rate
2021-03-18,-0.5,ecb_rate
2021-03-19,-0.5,ecb_rate
2021-03-20,-0.5,ecb_rate
2021-03-21,-0.5,ecb_rate
2021-03-22,-0.5,ecb_rate
2021-03-23,-0.5,ecb_rate
2021-03-24,-0.5,ecb_rate
2021-03-25,-0.5,ecb_rate
2021-03-26,-0.5,ecb_rate
2021-03-27,-0.5,ecb_rate
2021-03-28,-0.5,ecb_rate
2021-03-29,-0.5,ecb_rate
2021-03-30,-0.5,ecb_rate
2021-03-31,-0.5,ecb_rate
2021-04-01,-0.5,ecb_rate
2021-04-02,-0.5,ecb_rate
2021-04-03,-0.5,ecb_rate
2021-04-04,-0.5,ecb_rate
2021-04-05,-0.5,ecb_rate
2021-04-06,-0.5,ecb_rate
2021-04-07,-0.5,ecb_rate
2021-04-08,-0.5,ecb_rate
2021-04-09,-0.5,ecb_rate
2021-04-10,-0.5,ecb_rate
2021-04-11,-0.5,ecb_rate
2021-04-12,-0.5,ecb_rate
2021-04-13,-0.5,ecb_rate
2021-04-14,-0.5,ecb_rate
2021-04-15,-0.5,ecb_rate
2021-04-16,-0.5,ecb_rate
2021-04-17,-0.5,ecb_rate
2021-04-18,-0.5,ecb_rate
2021-04-19,-0.5,ecb_rate
2021-04-20,-0.5,ecb_rate
2021-04-21,-0.5,ecb_rate
2021-04-22,-0.5,ecb_rate
2021-04-23,-0.5,ecb_rate
2021-04-24,-0.5,ecb_rate
2021-04-25,-0.5,ecb_rate
2021-04-26,-0.5,ecb_rate
2021-04-27,-0.5,ecb_rate
2021-04-28,-0.5,ecb_rate
2021-04-29,-0.5,ecb_rate
2021-04-30,-0.5,ecb_rate
2021-05-01,-0.5,ecb_rate
2021-05-02,-0.5,ecb_rate
2021-05-03,-0.5,ecb_rate
2021-05-04,-0.5,ecb_rate
2021-05-05,-0.5,ecb_rate
2021-05-06,-0.5,ecb_rate
2021-05-07,-0.5,ecb_rate
2021-05-08,-0.5,ecb_rate
2021-05-09,-0.5,ecb_rate
2021-05-10,-0.5,ecb_rate
2021-05-11,-0.5,ecb_rate
2021-05-12,-0.5,ecb_rate
2021-05-13,-0.5,ecb_rate
2021-05-14,-0.5,ecb_rate
2021-05-15,-0.5,ecb_rate
2021-05-16,-0.5,ecb_rate
2021-05-17,-0.5,ecb_rate
2021-05-18,-0.5,ecb_rate
2021-05-19,-0.5,ecb_rate
2021-05-20,-0.5,ecb_rate
2021-05-21,-0.5,ecb_rate
2021-05-22,-0.5,ecb_rate
2021-05-23,-0.5,ecb_rate
2021-05-24,-0.5,ecb_rate
2021-05-25,-0.5,ecb_rate
2021-05-26,-0.5,ecb_rate
2021-05-27,-0.5,ecb_rate
2021-05-28,-0.5,ecb_rate
2021-05-29,-0.5,ecb_rate
2021-05-30,-0.5,ecb_rate
2021-05-31,-0.5,ecb_rate
2021-06-01,-0.5,ecb_rate
2021-06-02,-0.5,ecb_rate
2021-06-03,-0.5,ecb_rate
2021-06-04,-0.5,ecb_rate
2021-06-05,-0.5,ecb_rate
2021-06-06,-0.5,ecb_rate
2021-06-07,-0.5,ecb_rate
2021-06-08,-0.5,ecb_rate
2021-06-09,-0.5,ecb_rate
2021-06-10,-0.5,ecb_rate
2021-06-11,-0.5,ecb_rate
2021-06-12,-0.5,ecb_rate
2021-06-13,-0.5,ecb_rate
2021-06-14,-0.5,ecb_rate
2021-06-15,-0.5,ecb_rate
2021-06-16,-0.5,ecb_rate
2021-06-17,-0.5,ecb_rate
2021-06-18,-0.5,ecb_rate
2021-06-19,-0.5,ecb_rate
2021-06-20,-0.5,ecb_rate
2021-06-21,-0.5,ecb_rate
2021-06-22,-0.5,ecb_rate
2021-06-23,-0.5,ecb_rate
2021-06-24,-0.5,ecb_rate
2021-06-25,-0.5,ecb_rate
2021-06-26,-0.5,ecb_rate
2021-06-27,-0.5,ecb_rate
2021-06-28,-0.5,ecb_rate
2021-06-29,-0.5,ecb_rate
2021-06-30,-0.5,ecb_rate
2021-07-01,-0.5,ecb_rate
2021-07-02,-0.5,ecb_rate
2021-07-03,-0.5,ecb_rate
2021-07-04,-0.5,ecb_rate
2021-07-05,-0.5,ecb_rate
2021-07-06,-0.5,ecb_rate
2021-07-07,-0.5,ecb_rate
2021-07-08,-0.5,ecb_rate
2021-07-09,-0.5,ecb_rate
2021-07-10,-0.5,ecb_rate
2021-07-11,-0.5,ecb_rate
2021-07-12,-0.5,ecb_rate
2021-07-13,-0.5,ecb_rate
2021-07-14,-0.5,ecb_rate
2021-07-15,-0.5,ecb_rate
2021-07-16,-0.5,ecb_rate
2021-07-17,-0.5,ecb_rate
2021-07-18,-0.5,ecb_rate
2021-07-19,-0.5,ecb_rate
2021-07-20,-0.5,ecb_rate
2021-07-21,-0.5,ecb_rate
2021-07-22,-0.5,ecb_rate
2021-07-23,-0.5,ecb_rate
2021-07-24,-0.5,ecb_rate
2021-07-25,-0.5,ecb_rate
2021-07-26,-0.5,ecb_rate
2021-07-27,-0.5,ecb_rate
2021-07-28,-0.5,ecb_rate
2021-07-29,-0.5,ecb_rate
2021-07-30,-0.5,ecb_rate
2021-07-31,-0.5,ecb_rate
2021-08-01,-0.5,ecb_rate
2021-08-02,-0.5,ecb_rate
2021-08-03,-0.5,ecb_rate
2021-08-04,-0.5,ecb_rate
2021-08-05,-0.5,ecb_rate
2021-08-06,-0.5,ecb_rate
2021-08-07,-0.5,ecb_rate
2021-08-08,-0.5,ecb_rate
2021-08-09,-0.5,ecb_rate
2021-08-10,-0.5,ecb_rate
2021-08-11,-0.5,ecb_rate
2021-08-12,-0.5,ecb_rate
2021-08-13,-0.5,ecb_rate
2021-08-14,-0.5,ecb_rate
2021-08-15,-0.5,ecb_rate
2021-08-16,-0.5,ecb_rate
2021-08-17,-0.5,ecb_rate
2021-08-18,-0.5,ecb_rate
2021-08-19,-0.5,ecb_rate
2021-08-20,-0.5,ecb_rate
2021-08-21,-0.5,ecb_rate
2021-08-22,-0.5,ecb_rate
2021-08-23,-0.5,ecb_rate
2021-08-24,-0.5,ecb_rate
2021-08-25,-0.5,ecb_rate
2021-08-26,-0.5,ecb_rate
2021-08-27,-0.5,ecb_rate
2021-08-28,-0.5,ecb_rate
2021-08-29,-0.5,ecb_rate
2021-08-30,-0.5,ecb_rate
2021-08-31,-0.5,ecb_rate
2021-09-01,-0.5,ecb_rate
2021-09-02,-0.5,ecb_rate
2021-09-03,-0.5,ecb_rate
2021-09-04,-0.5,ecb_rate
2021-09-05,-0.5,ecb_rate
2021-09-06,-0.5,ecb_rate
2021-09-07,-0.5,ecb_rate
2021-09-08,-0.5,ecb_rate
2021-09-09,-0.5,ecb_rate
2021-09-10,-0.5,ecb_rate
2021-09-11,-0.5,ecb_rate
2021-09-12,-0.5,ecb_rate
2021-09-13,-0.5,ecb_rate
2021-09-14,-0.5,ecb_rate
2021-09-15,-0.5,ecb_rate
2021-09-16,-0.5,ecb_rate
2021-09-17,-0.5,ecb_rate
2021-09-18,-0.5,ecb_rate
2021-09-19,-0.5,ecb_rate
2021-09-20,-0.5,ecb_rate
2021-09-21,-0.5,ecb_rate
2021-09-22,-0.5,ecb_rate
2021-09-23,-0.5,ecb_rate
2021-09-24,-0.5,ecb_rate
2021-09-25,-0.5,ecb_rate
2021-09-26,-0.5,ecb_rate
2021-09-27,-0.5,ecb_rate
2021-09-28,-0.5,ecb_rate
2021-09-29,-0.5,ecb_rate
2021-09-30,-0.5,ecb_rate
2021-10-01,-0.5,ecb_rate
2021-10-02,-0.5,ecb_rate
2021-10-03,-0.5,ecb_rate
2021-10-04,-0.5,ecb_rate
2021-10-05,-0.5,ecb_rate
2021-10-06,-0.5,ecb_rate
2021-10-07,-0.5,ecb_rate
2021-10-08,-0.5,ecb_rate
2021-10-09,-0.5,ecb_rate
2021-10-10,-0.5,ecb_rate
2021-10-11,-0.5,ecb_rate
2021-10-12,-0.5,ecb_rate
2021-10-13,-0.5,ecb_rate
2021-10-14,-0.5,ecb_rate
2021-10-15,-0.5,ecb_rate
2021-10-16,-0.5,ecb_rate
2021-10-17,-0.5,ecb_rate
2021-10-18,-0.5,ecb_rate
2021-10-19,-0.5,ecb_rate
2021-10-20,-0.5,ecb_rate
2021-10-21,-0.5,ecb_rate
2021-10-22,-0.5,ecb_rate
2021-10-23,-0.5,ecb_rate
2021-10-24,-0.5,ecb_rate
2021-10-25,-0.5,ecb_rate
2021-10-26,-0.5,ecb_rate
2021-10-27,-0.5,ecb_rate
2021-10-28,-0.5,ecb_rate
2021-10-29,-0.5,ecb_rate
2021-10-30,-0.5,ecb_rate
2021-10-31,-0.5,ecb_rate
2021-11-01,-0.5,ecb_rate
2021-11-02,-0.5,ecb_rate
2021-11-03,-0.5,ecb_rate
2021-11-04,-0.5,ecb_rate
2021-11-05,-0.5,ecb_rate
2021-11-06,-0.5,ecb_rate
2021-11-07,-0.5,ecb_rate
2021-11-08,-0.5,ecb_rate
2021-11-09,-0.5,ecb_rate
2021-11-10,-0.5,ecb_rate
2021-11-11,-0.5,ecb_rate
2021-11-12,-0.5,ecb_rate
2021-11-13,-0.5,ecb_rate
2021-11-14,-0.5,ecb_rate
2021-11-15,-0.5,ecb_rate
2021-11-16,-0.5,ecb_rate
2021-11-17,-0.5,ecb_rate
2021-11-18,-0.5,ecb_rate
2021-11-19,-0.5,ecb_rate
2021-11-20,-0.5,ecb_rate
2021-11-21,-0.5,ecb_rate
2021-11-22,-0.5,ecb_rate
2021-11-23,-0.5,ecb_rate
2021-11-24,-0.5,ecb_rate
2021-11-25,-0.5,ecb_rate
2021-11-26,-0.5,ecb_rate
2021-11-27,-0.5,ecb_rate
2021-11-28,-0.5,ecb_rate
2021-11-29,-0.5,ecb_rate
2021-11-30,-0.5,ecb_rate
2021-12-01,-0.5,ecb_rate
2021-12-02,-0.5,ecb_rate
2021-12-03,-0.5,ecb_rate
2021-12-04,-0.5,ecb_rate
2021-12-05,-0.5,ecb_rate
2021-12-06,-0.5,ecb_rate
2021-12-07,-0.5,ecb_rate
2021-12-08,-0.5,ecb_rate
2021-12-09,-0.5,ecb_rate
2021-12-10,-0.5,ecb_rate
2021-12-11,-0.5,ecb_rate
2021-12-12,-0.5,ecb_rate
2021-12-13,-0.5,ecb_rate
2021-12-14,-0.5,ecb_rate
2021-12-15,-0.5,ecb_rate
2021-12-16,-0.5,ecb_rate
2021-12-17,-0.5,ecb_rate
2021-12-18,-0.5,ecb_rate
2021-12-19,-0.5,ecb_rate
2021-12-20,-0.5,ecb_rate
2021-12-21,-0.5,ecb_rate
2021-12-22,-0.5,ecb_rate
2021-12-23,-0.5,ecb_rate
2021-12-24,-0.5,ecb_rate
2021-12-25,-0.5,ecb_rate
2021-12-26,-0.5,ecb_rate
2021-12-27,-0.5,ecb_rate
2021-12-28,-0.5,ecb_rate
2021-12-29,-0.5,ecb_rate
2021-12-30,-0.5,ecb_rate
2021-12-31,-0.5,ecb_rate
2022-01-01,-0.5,ecb_rate
2022-01-02,-0.5,ecb_rate
2022-01-03,-0.5,ecb_rate
2022-01-04,-0.5,ecb_rate
2022-01-05,-0.5,ecb_rate
2022-01-06,-0.5,ecb_rate
2022-01-07,-0.5,ecb_rate
2022-01-08,-0.5,ecb_rate
2022-01-09,-0.5,ecb_rate
2022-01-10,-0.5,ecb_rate
2022-01-11,-0.5,ecb_rate
2022-01-12,-0.5,ecb_rate
2022-01-13,-0.5,ecb_rate
2022-01-14,-0.5,ecb_rate
2022-01-15,-0.5,ecb_rate
2022-01-16,-0.5,ecb_rate
2022-01-17,-0.5,ecb_rate
2022-01-18,-0.5,ecb_rate
2022-01-19,-0.5,ecb_rate
2022-01-20,-0.5,ecb_rate
2022-01-21,-0.5,ecb_rate
2022-01-22,-0.5,ecb_rate
2022-01-23,-0.5,ecb_rate
2022-01-24,-0.5,ecb_rate
2022-01-25,-0.5,ecb_rate
2022-01-26,-0.5,ecb_rate
2022-01-27,-0.5,ecb_rate
2022-01-28,-0.5,ecb_rate
2022-01-29,-0.5,ecb_rate
2022-01-30,-0.5,ecb_rate
2022-01-31,-0.5,ecb_rate
2022-02-01,-0.5,ecb_rate
2022-02-02,-0.5,ecb_rate
2022-02-03,-0.5,ecb_rate
2022-02-04,-0.5,ecb_rate
2022-02-05,-0.5,ecb_rate
2022-02-06,-0.5,ecb_rate
2022-02-07,-0.5,ecb_rate
2022-02-08,-0.5,ecb_rate
2022-02-09,-0.5,ecb_rate
2022-02-10,-0.5,ecb_rate
2022-02-11,-0.5,ecb_rate
2022-02-12,-0.5,ecb_rate
2022-02-13,-0.5,ecb_rate
2022-02-14,-0.5,ecb_rate
2022-02-15,-0.5,ecb_rate
2022-02-16,-0.5,ecb_rate
2022-02-17,-0.5,ecb_rate
2022-02-18,-0.5,ecb_rate
2022-02-19,-0.5,ecb_rate
2022-02-20,-0.5,ecb_rate
2022-02-21,-0.5,ecb_rate
2022-02-22,-0.5,ecb_rate
2022-02-23,-0.5,ecb_rate
2022-02-24,-0.5,ecb_rate
2022-02-25,-0.5,ecb_rate
2022-02-26,-0.5,ecb_rate
2022-02-27,-0.5,ecb_rate
2022-02-28,-0.5,ecb_rate
2022-03-01,-0.5,ecb_rate
2022-03-02,-0.5,ecb_rate
2022-03-03,-0.5,ecb_rate
2022-03-04,-0.5,ecb_rate
2022-03-05,-0.5,ecb_rate
2022-03-06,-0.5,ecb_rate
2022-03-07,-0.5,ecb_rate
2022-03-08,-0.5,ecb_rate
2022-03-09,-0.5,ecb_rate
2022-03-10,-0.5,ecb_rate
2022-03-11,-0.5,ecb_rate
2022-03-12,-0.5,ecb_rate
2022-03-13,-0.5,ecb_rate
2022-03-14,-0.5,ecb_rate
2022-03-15,-0.5,ecb_rate
2022-03-16,-0.5,ecb_rate
2022-03-17,-0.5,ecb_rate
2022-03-18,-0.5,ecb_rate
2022-03-19,-0.5,ecb_rate
2022-03-20,-0.5,ecb_rate
2022-03-21,-0.5,ecb_rate
2022-03-22,-0.5,ecb_rate
2022-03-23,-0.5,ecb_rate
2022-03-24,-0.5,ecb_rate
2022-03-25,-0.5,ecb_rate
2022-03-26,-0.5,ecb_rate
2022-03-27,-0.5,ecb_rate
2022-03-28,-0.5,ecb_rate
2022-03-29,-0.5,ecb_rate
2022-03-30,-0.5,ecb_rate
2022-03-31,-0.5,ecb_rate
2022-04-01,-0.5,ecb_rate
2022-04-02,-0.5,ecb_rate
2022-04-03,-0.5,ecb_rate
2022-04-04,-0.5,ecb_rate
2022-04-05,-0.5,ecb_rate
2022-04-06,-0.5,ecb_rate
2022-04-07,-0.5,ecb_rate
2022-04-08,-0.5,ecb_rate
2022-04-09,-0.5,ecb_rate
2022-04-10,-0.5,ecb_rate
2022-04-11,-0.5,ecb_rate
2022-04-12,-0.5,ecb_rate
2022-04-13,-0.5,ecb_rate
2022-04-14,-0.5,ecb_rate
2022-04-15,-0.5,ecb_rate
2022-04-16,-0.5,ecb_rate
2022-04-17,-0.5,ecb_rate
2022-04-18,-0.5,ecb_rate
2022-04-19,-0.5,ecb_rate
2022-04-20,-0.5,ecb_rate
2022-04-21,-0.5,ecb_rate
2022-04-22,-0.5,ecb_rate
2022-04-23,-0.5,ecb_rate
2022-04-24,-0.5,ecb_rate
2022-04-25,-0.5,ecb_rate
2022-04-26,-0.5,ecb_rate
2022-04-27,-0.5,ecb_rate
2022-04-28,-0.5,ecb_rate
2022-04-29,-0.5,ecb_rate
2022-04-30,-0.5,ecb_rate
2022-05-01,-0.5,ecb_rate
2022-05-02,-0.5,ecb_rate
2022-05-03,-0.5,ecb_rate
2022-05-04,-0.5,ecb_rate
2022-05-05,-0.5,ecb_rate
2022-05-06,-0.5,ecb_rate
2022-05-07,-0.5,ecb_rate
2022-05-08,-0.5,ecb_rate
2022-05-09,-0.5,ecb_rate
2022-05-10,-0.5,ecb_rate
2022-05-11,-0.5,ecb_rate
2022-05-12,-0.5,ecb_rate
2022-05-13,-0.5,ecb_rate
2022-05-14,-0.5,ecb_rate
2022-05-15,-0.5,ecb_rate
2022-05-16,-0.5,ecb_rate
2022-05-17,-0.5,ecb_rate
2022-05-18,-0.5,ecb_rate
2022-05-19,-0.5,ecb_rate
2022-05-20,-0.5,ecb_rate
2022-05-21,-0.5,ecb_rate
2022-05-22,-0.5,ecb_rate
2022-05-23,-0.5,ecb_rate
2022-05-24,-0.5,ecb_rate
2022-05-25,-0.5,ecb_rate
2022-05-26,-0.5,ecb_rate
2022-05-27,-0.5,ecb_rate
2022-05-28,-0.5,ecb_rate
2022-05-29,-0.5,ecb_rate
2022-05-30,-0.5,ecb_rate
2022-05-31,-0.5,ecb_rate
2022-06-01,-0.5,ecb_rate
2022-06-02,-0.5,ecb_rate
2022-06-03,-0.5,ecb_rate
2022-06-04,-0.5,ecb_rate
2022-06-05,-0.5,ecb_rate
2022-06-06,-0.5,ecb_rate
2022-06-07,-0.5,ecb_rate
2022-06-08,-0.5,ecb_rate
2022-06-09,-0.5,ecb_rate
2022-06-10,-0.5,ecb_rate
2022-06-11,-0.5,ecb_rate
2022-06-12,-0.5,ecb_rate
2022-06-13,-0.5,ecb_rate
2022-06-14,-0.5,ecb_rate
2022-06-15,-0.5,ecb_rate
2022-06-16,-0.5,ecb_rate
2022-06-17,-0.5,ecb_rate
2022-06-18,-0.5,ecb_rate
2022-06-19,-0.5,ecb_rate
2022-06-20,-0.5,ecb_rate
2022-06-21,-0.5,ecb_rate
2022-06-22,-0.5,ecb_rate
2022-06-23,-0.5,ecb_rate
2022-06-24,-0.5,ecb_rate
2022-06-25,-0.5,ecb_rate
2022-06-26,-0.5,ecb_rate
2022-06-27,-0.5,ecb_rate
2022-06-28,-0.5,ecb_rate
2022-06-29,-0.5,ecb_rate
2022-06-30,-0.5,ecb_rate
2022-07-01,-0.5,ecb_rate
2022-07-02,-0.5,ecb_rate
2022-07-03,-0.5,ecb_rate
2022-07-04,-0.5,ecb_rate
2022-07-05,-0.5,ecb_rate
2022-07-06,-0.5,ecb_rate
2022-07-07,-0.5,ecb_rate
2022-07-08,-0.5,ecb_rate
2022-07-09,-0.5,ecb_rate
2022-07-10,-0.5,ecb_rate
2022-07-11,-0.5,ecb_rate
2022-07-12,-0.5,ecb_rate
2022-07-13,-0.5,ecb_rate
2022-07-14,-0.5,ecb_rate
2022-07-15,-0.5,ecb_rate
2022-07-16,-0.5,ecb_rate
2022-07-17,-0.5,ecb_rate
2022-07-18,-0.5,ecb_rate
2022-07-19,-0.5,ecb_rate
2022-07-20,-0.5,ecb_rate
2022-07-21,-0.5,ecb_rate
2022-07-22,-0.5,ecb_rate
2022-07-23,-0.5,ecb_rate
2022-07-24,-0.5,ecb_rate
2022-07-25,-0.5,ecb_rate
2022-07-26,-0.5,ecb_rate
2022-07-27,0.0,ecb_rate
2022-07-28,0.0,ecb_rate
2022-07-29,0.0,ecb_rate
2022-07-30,0.0,ecb_rate
2022-07-31,0.0,ecb_rate
2022-08-01,0.0,ecb_rate
2022-08-02,0.0,ecb_rate
2022-08-03,0.0,ecb_rate
2022-08-04,0.0,ecb_rate
2022-08-05,0.0,ecb_rate
2022-08-06,0.0,ecb_rate
2022-08-07,0.0,ecb_rate
2022-08-08,0.0,ecb_rate
2022-08-09,0.0,ecb_rate
2022-08-10,0.0,ecb_rate
2022-08-11,0.0,ecb_rate
2022-08-12,0.0,ecb_rate
2022-08-13,0.0,ecb_rate
2022-08-14,0.0,ecb_rate
2022-08-15,0.0,ecb_rate
2022-08-16,0.0,ecb_rate
2022-08-17,0.0,ecb_rate
2022-08-18,0.0,ecb_rate
2022-08-19,0.0,ecb_rate
2022-08-20,0.0,ecb_rate
2022-08-21,0.0,ecb_rate
2022-08-22,0.0,ecb_rate
2022-08-23,0.0,ecb_rate
2022-08-24,0.0,ecb_rate
2022-08-25,0.0,ecb_rate
2022-08-26,0.0,ecb_rate
2022-08-27,0.0,ecb_rate
2022-08-28,0.0,ecb_rate
2022-08-29,0.0,ecb_rate
2022-08-30,0.0,ecb_rate
2022-08-31,0.0,ecb_rate
2022-09-01,0.0,ecb_rate
2022-09-02,0.0,ecb_rate
2022-09-03,0.0,ecb_rate
2022-09-04,0.0,ecb_rate
2022-09-05,0.0,ecb_rate
2022-09-06,0.0,ecb_rate
2022-09-07,0.0,ecb_rate
2022-09-08,0.0,ecb_rate
2022-09-09,0.0,ecb_rate
2022-09-10,0.0,ecb_rate
2022-09-11,0.0,ecb_rate
2022-09-12,0.0,ecb_rate
2022-09-13,0.0,ecb_rate
2022-09-14,0.75,ecb_rate
2022-09-15,0.75,ecb_rate
2022-09-16,0.75,ecb_rate
2022-09-17,0.75,ecb_rate
2022-09-18,0.75,ecb_rate
2022-09-19,0.75,ecb_rate
2022-09-20,0.75,ecb_rate
2022-09-21,0.75,ecb_rate
2022-09-22,0.75,ecb_rate
2022-09-23,0.75,ecb_rate
2022-09-24,0.75,ecb_rate
2022-09-25,0.75,ecb_rate
2022-09-26,0.75,ecb_rate
2022-09-27,0.75,ecb_rate
2022-09-28,0.75,ecb_rate
2022-09-29,0.75,ecb_rate
2022-09-30,0.75,ecb_rate
2022-10-01,0.75,ecb_rate
2022-10-02,0.75,ecb_rate
2022-10-03,0.75,ecb_rate
2022-10-04,0.75,ecb_rate
2022-10-05,0.75,ecb_rate
2022-10-06,0.75,ecb_rate
2022-10-07,0.75,ecb_rate
2022-10-08,0.75,ecb_rate
2022-10-09,0.75,ecb_rate
2022-10-10,0.75,ecb_rate
2022-10-11,0.75,ecb_rate
2022-10-12,0.75,ecb_rate
2022-10-13,0.75,ecb_rate
2022-10-14,0.75,ecb_rate
2022-10-15,0.75,ecb_rate
2022-10-16,0.75,ecb_rate
2022-10-17,0.75,ecb_rate
2022-10-18,0.75,ecb_rate
2022-10-19,0.75,ecb_rate
2022-10-20,0.75,ecb_rate
2022-10-21,0.75,ecb_rate
2022-10-22,0.75,ecb_rate
2022-10-23,0.75,ecb_rate
2022-10-24,0.75,ecb_rate
2022-10-25,0.75,ecb_rate
2022-10-26,0.75,ecb_rate
2022-10-27,0.75,ecb_rate
2022-10-28,0.75,ecb_rate
2022-10-29,0.75,ecb_rate
2022-10-30,0.75,ecb_rate
2022-10-31,0.75,ecb_rate
2022-11-01,0.75,ecb_rate
2022-11-02,1.5,ecb_rate
2022-11-03,1.5,ecb_rate
2022-11-04,1.5,ecb_rate
2022-11-05,1.5,ecb_rate
2022-11-06,1.5,ecb_rate
2022-11-07,1.5,ecb_rate
2022-11-08,1.5,ecb_rate
2022-11-09,1.5,ecb_rate
2022-11-10,1.5,ecb_rate
2022-11-11,1.5,ecb_rate
2022-11-12,1.5,ecb_rate
2022-11-13,1.5,ecb_rate
2022-11-14,1.5,ecb_rate
2022-11-15,1.5,ecb_rate
2022-11-16,1.5,ecb_rate
2022-11-17,1.5,ecb_rate
2022-11-18,1.5,ecb_rate
2022-11-19,1.5,ecb_rate
2022-11-20,1.5,ecb_rate
2022-11-21,1.5,ecb_rate
2022-11-22,1.5,ecb_rate
2022-11-23,1.5,ecb_rate
2022-11-24,1.5,ecb_rate
2022-11-25,1.5,ecb_rate
2022-11-26,1.5,ecb_rate
2022-11-27,1.5,ecb_rate
2022-11-28,1.5,ecb_rate
2022-11-29,1.5,ecb_rate
2022-11-30,1.5,ecb_rate
2022-12-01,1.5,ecb_rate
2022-12-02,1.5,ecb_rate
2022-12-03,1.5,ecb_rate
2022-12-04,1.5,ecb_rate
2022-12-05,1.5,ecb_rate
2022-12-06,1.5,ecb_rate
2022-12-07,1.5,ecb_rate
2022-12-08,1.5,ecb_rate
2022-12-09,1.5,ecb_rate
2022-12-10,1.5,ecb_rate
2022-12-11,1.5,ecb_rate
2022-12-12,1.5,ecb_rate
2022-12-13,1.5,ecb_rate
2022-12-14,1.5,ecb_rate
2022-12-15,1.5,ecb_rate
2022-12-16,1.5,ecb_rate
2022-12-17,1.5,ecb_rate
2022-12-18,1.5,ecb_rate
2022-12-19,1.5,ecb_rate
2022-12-20,1.5,ecb_rate
2022-12-21,2.0,ecb_rate
2022-12-22,2.0,ecb_rate
2022-12-23,2.0,ecb_rate
2022-12-24,2.0,ecb_rate
2022-12-25,2.0,ecb_rate
2022-12-26,2.0,ecb_rate
2022-12-27,2.0,ecb_rate
2022-12-28,2.0,ecb_rate
2022-12-29,2.0,ecb_rate
2022-12-30,2.0,ecb_rate
2022-12-31,2.0,ecb_rate
2023-01-01,2.0,ecb_rate
2023-01-02,2.0,ecb_rate
2023-01-03,2.0,ecb_rate
2023-01-04,2.0,ecb_rate
2023-01-05,2.0,ecb_rate
2023-01-06,2.0,ecb_rate
2023-01-07,2.0,ecb_rate
2023-01-08,2.0,ecb_rate
2023-01-09,2.0,ecb_rate
2023-01-10,2.0,ecb_rate
2023-01-11,2.0,ecb_rate
2023-01-12,2.0,ecb_rate
2023-01-13,2.0,ecb_rate
2023-01-14,2.0,ecb_rate
2023-01-15,2.0,ecb_rate
2023-01-16,2.0,ecb_rate
2023-01-17,2.0,ecb_rate
2023-01-18,2.0,ecb_rate
2023-01-19,2.0,ecb_rate
2023-01-20,2.0,ecb_rate
2023-01-21,2.0,ecb_rate
2023-01-22,2.0,ecb_rate
2023-01-23,2.0,ecb_rate
2023-01-24,2.0,ecb_rate
2023-01-25,2.0,ecb_rate
2023-01-26,2.0,ecb_rate
2023-01-27,2.0,ecb_rate
2023-01-28,2.0,ecb_rate
2023-01-29,2.0,ecb_rate
2023-01-30,2.0,ecb_rate
2023-01-31,2.0,ecb_rate
2023-02-01,2.0,ecb_rate
2023-02-02,2.0,ecb_rate
2023-02-03,2.0,ecb_rate
2023-02-04,2.0,ecb_rate
2023-02-05,2.0,ecb_rate
2023-02-06,2.0,ecb_rate
2023-02-07,2.0,ecb_rate
2023-02-08,2.5,ecb_rate
2023-02-09,2.5,ecb_rate
2023-02-10,2.5,ecb_rate
2023-02-11,2.5,ecb_rate
2023-02-12,2.5,ecb_rate
2023-02-13,2.5,ecb_rate
2023-02-14,2.5,ecb_rate
2023-02-15,2.5,ecb_rate
2023-02-16,2.5,ecb_rate
2023-02-17,2.5,ecb_rate
2023-02-18,2.5,ecb_rate
2023-02-19,2.5,ecb_rate
2023-02-20,2.5,ecb_rate
2023-02-21,2.5,ecb_rate
2023-02-22,2.5,ecb_rate
2023-02-23,2.5,ecb_rate
2023-02-24,2.5,ecb_rate
2023-02-25,2.5,ecb_rate
2023-02-26,2.5,ecb_rate
2023-02-27,2.5,ecb_rate
2023-02-28,2.5,ecb_rate
2023-03-01,2.5,ecb_rate
2023-03-02,2.5,ecb_rate
2023-03-03,2.5,ecb_rate
2023-03-04,2.5,ecb_rate
2023-03-05,2.5,ecb_rate
2023-03-06,2.5,ecb_rate
2023-03-07,2.5,ecb_rate
2023-03-08,2.5,ecb_rate
2023-03-09,2.5,ecb_rate
2023-03-10,2.5,ecb_rate
2023-03-11,2.5,ecb_rate
2023-03-12,2.5,ecb_rate
2023-03-13,2.5,ecb_rate
2023-03-14,2.5,ecb_rate
2023-03-15,2.5,ecb_rate
2023-03-16,2.5,ecb_rate
2023-03-17,2.5,ecb_rate
2023-03-18,2.5,ecb_rate
2023-03-19,2.5,ecb_rate
2023-03-20,2.5,ecb_rate
2023-03-21,2.5,ecb_rate
2023-03-22,3.0,ecb_rate
2023-03-23,3.0,ecb_rate
2023-03-24,3.0,ecb_rate
2023-03-25,3.0,ecb_rate
2023-03-26,3.0,ecb_rate
2023-03-27,3.0,ecb_rate
2023-03-28,3.0,ecb_rate
2023-03-29,3.0,ecb_rate
2023-03-30,3.0,ecb_rate
2023-03-31,3.0,ecb_rate
2023-04-01,3.0,ecb_rate
2023-04-02,3.0,ecb_rate
2023-04-03,3.0,ecb_rate
2023-04-04,3.0,ecb_rate
2023-04-05,3.0,ecb_rate
2023-04-06,3.0,ecb_rate
2023-04-07,3.0,ecb_rate
2023-04-08,3.0,ecb_rate
2023-04-09,3.0,ecb_rate
2023-04-10,3.0,ecb_rate
2023-04-11,3.0,ecb_rate
2023-04-12,3.0,ecb_rate
2023-04-13,3.0,ecb_rate
2023-04-14,3.0,ecb_rate
2023-04-15,3.0,ecb_rate
2023-04-16,3.0,ecb_rate
2023-04-17,3.0,ecb_rate
2023-04-18,3.0,ecb_rate
2023-04-19,3.0,ecb_rate
2023-04-20,3.0,ecb_rate
2023-04-21,3.0,ecb_rate
2023-04-22,3.0,ecb_rate
2023-04-23,3.0,ecb_rate
2023-04-24,3.0,ecb_rate
2023-04-25,3.0,ecb_rate
2023-04-26,3.0,ecb_rate
2023-04-27,3.0,ecb_rate
2023-04-28,3.0,ecb_rate
2023-04-29,3.0,ecb_rate
2023-04-30,3.0,ecb_rate
2023-05-01,3.0,ecb_rate
2023-05-02,3.0,ecb_rate
2023-05-03,3.0,ecb_rate
2023-05-04,3.0,ecb_rate
2023-05-05,3.0,ecb_rate
2023-05-06,3.0,ecb_rate
2023-05-07,3.0,ecb_rate
2023-05-08,3.0,ecb_rate
2023-05-09,3.0,ecb_rate
2023-05-10,3.25,ecb_rate
2023-05-11,3.25,ecb_rate
2023-05-12,3.25,ecb_rate
2023-05-13,3.25,ecb_rate
2023-05-14,3.25,ecb_rate
2023-05-15,3.25,ecb_rate
2023-05-16,3.25,ecb_rate
2023-05-17,3.25,ecb_rate
2023-05-18,3.25,ecb_rate
2023-05-19,3.25,ecb_rate
2023-05-20,3.25,ecb_rate
2023-05-21,3.25,ecb_rate
2023-05-22,3.25,ecb_rate
2023-05-23,3.25,ecb_rate
2023-05-24,3.25,ecb_rate
2023-05-25,3.25,ecb_rate
2023-05-26,3.25,ecb_rate
2023-05-27,3.25,ecb_rate
2023-05-28,3.25,ecb_rate
2023-05-29,3.25,ecb_rate
2023-05-30,3.25,ecb_rate
2023-05-31,3.25,ecb_rate
2023-06-01,3.25,ecb_rate
2023-06-02,3.25,ecb_rate
2023-06-03,3.25,ecb_rate
2023-06-04,3.25,ecb_rate
2023-06-05,3.25,ecb_rate
2023-06-06,3.25,ecb_rate
2023-06-07,3.25,ecb_rate
2023-06-08,3.25,ecb_rate
2023-06-09,3.25,ecb_rate
2023-06-10,3.25,ecb_rate
2023-06-11,3.25,ecb_rate
2023-06-12,3.25,ecb_rate
2023-06-13,3.25,ecb_rate
2023-06-14,3.25,ecb_rate
2023-06-15,3.25,ecb_rate
2023-06-16,3.25,ecb_rate
2023-06-17,3.25,ecb_rate
2023-06-18,3.25,ecb_rate
2023-06-19,3.25,ecb_rate
2023-06-20,3.25,ecb_rate
2023-06-21,3.5,ecb_rate
2023-06-22,3.5,ecb_rate
2023-06-23,3.5,ecb_rate
2023-06-24,3.5,ecb_rate
2023-06-25,3.5,ecb_rate
2023-06-26,3.5,ecb_rate
2023-06-27,3.5,ecb_rate
2023-06-28,3.5,ecb_rate
2023-06-29,3.5,ecb_rate
2023-06-30,3.5,ecb_rate
2023-07-01,3.5,ecb_rate
2023-07-02,3.5,ecb_rate
2023-07-03,3.5,ecb_rate
2023-07-04,3.5,ecb_rate
2023-07-05,3.5,ecb_rate
2023-07-06,3.5,ecb_rate
2023-07-07,3.5,ecb_rate
2023-07-08,3.5,ecb_rate
2023-07-09,3.5,ecb_rate
2023-07-10,3.5,ecb_rate
2023-07-11,3.5,ecb_rate
2023-07-12,3.5,ecb_rate
2023-07-13,3.5,ecb_rate
2023-07-14,3.5,ecb_rate
2023-07-15,3.5,ecb_rate
2023-07-16,3.5,ecb_rate
2023-07-17,3.5,ecb_rate
2023-07-18,3.5,ecb_rate
2023-07-19,3.5,ecb_rate
2023-07-20,3.5,ecb_rate
2023-07-21,3.5,ecb_rate
2023-07-22,3.5,ecb_rate
2023-07-23,3.5,ecb_rate
2023-07-24,3.5,ecb_rate
2023-07-25,3.5,ecb_rate
2023-07-26,3.5,ecb_rate
2023-07-27,3.5,ecb_rate
2023-07-28,3.5,ecb_rate
2023-07-29,3.5,ecb_rate
2023-07-30,3.5,ecb_rate
2023-07-31,3.5,ecb_rate
2023-08-01,3.5,ecb_rate
2023-08-02,3.75,ecb_rate
2023-08-03,3.75,ecb_rate
2023-08-04,3.75,ecb_rate
2023-08-05,3.75,ecb_rate
2023-08-06,3.75,ecb_rate
2023-08-07,3.75,ecb_rate
2023-08-08,3.75,ecb_rate
2023-08-09,3.75,ecb_rate
2023-08-10,3.75,ecb_rate
2023-08-11,3.75,ecb_rate
2023-08-12,3.75,ecb_rate
2023-08-13,3.75,ecb_rate
2023-08-14,3.75,ecb_rate
2023-08-15,3.75,ecb_rate
2023-08-16,3.75,ecb_rate
2023-08-17,3.75,ecb_rate
2023-08-18,3.75,ecb_rate
2023-08-19,3.75,ecb_rate
2023-08-20,3.75,ecb_rate
2023-08-21,3.75,ecb_rate
2023-08-22,3.75,ecb_rate
2023-08-23,3.75,ecb_rate
2023-08-24,3.75,ecb_rate
2023-08-25,3.75,ecb_rate
2023-08-26,3.75,ecb_rate
2023-08-27,3.75,ecb_rate
2023-08-28,3.75,ecb_rate
2023-08-29,3.75,ecb_rate
2023-08-30,3.75,ecb_rate
2023-08-31,3.75,ecb_rate
2023-09-01,3.75,ecb_rate
2023-09-02,3.75,ecb_rate
2023-09-03,3.75,ecb_rate
2023-09-04,3.75,ecb_rate
2023-09-05,3.75,ecb_rate
2023-09-06,3.75,ecb_rate
2023-09-07,3.75,ecb_rate
2023-09-08,3.75,ecb_rate
2023-09-09,3.75,ecb_rate
2023-09-10,3.75,ecb_rate
2023-09-11,3.75,ecb_rate
2023-09-12,3.75,ecb_rate
2023-09-13,3.75,ecb_rate
2023-09-14,3.75,ecb_rate
2023-09-15,3.75,ecb_rate
2023-09-16,3.75,ecb_rate
2023-09-17,3.75,ecb_rate
2023-09-18,3.75,ecb_rate
2023-09-19,3.75,ecb_rate
2023-09-20,4.0,ecb_rate
2023-09-21,4.0,ecb_rate
2023-09-22,4.0,ecb_rate
2023-09-23,4.0,ecb_rate
2023-09-24,4.0,ecb_rate
2023-09-25,4.0,ecb_rate
2023-09-26,4.0,ecb_rate
2023-09-27,4.0,ecb_rate
2023-09-28,4.0,ecb_rate
2023-09-29,4.0,ecb_rate
2023-09-30,4.0,ecb_rate
2023-10-01,4.0,ecb_rate
2023-10-02,4.0,ecb_rate
2023-10-03,4.0,ecb_rate
2023-10-04,4.0,ecb_rate
2023-10-05,4.0,ecb_rate
2023-10-06,4.0,ecb_rate
2023-10-07,4.0,ecb_rate
2023-10-08,4.0,ecb_rate
2023-10-09,4.0,ecb_rate
2023-10-10,4.0,ecb_rate
2023-10-11,4.0,ecb_rate
2023-10-12,4.0,ecb_rate
2023-10-13,4.0,ecb_rate
2023-10-14,4.0,ecb_rate
2023-10-15,4.0,ecb_rate
2023-10-16,4.0,ecb_rate
2023-10-17,4.0,ecb_rate
2023-10-18,4.0,ecb_rate
2023-10-19,4.0,ecb_rate
2023-10-20,4.0,ecb_rate
2023-10-21,4.0,ecb_rate
2023-10-22,4.0,ecb_rate
2023-10-23,4.0,ecb_rate
2023-10-24,4.0,ecb_rate
2023-10-25,4.0,ecb_rate
2023-10-26,4.0,ecb_rate
2023-10-27,4.0,ecb_rate
2023-10-28,4.0,ecb_rate
2023-10-29,4.0,ecb_rate
2023-10-30,4.0,ecb_rate
2023-10-31,4.0,ecb_rate
2023-11-01,4.0,ecb_rate
2023-11-02,4.0,ecb_rate
2023-11-03,4.0,ecb_rate
2023-11-04,4.0,ecb_rate
2023-11-05,4.0,ecb_rate
2023-11-06,4.0,ecb_rate
2023-11-07,4.0,ecb_rate
2023-11-08,4.0,ecb_rate
2023-11-09,4.0,ecb_rate
2023-11-10,4.0,ecb_rate
2023-11-11,4.0,ecb_rate
2023-11-12,4.0,ecb_rate
2023-11-13,4.0,ecb_rate
2023-11-14,4.0,ecb_rate
2023-11-15,4.0,ecb_rate
2023-11-16,4.0,ecb_rate
2023-11-17,4.0,ecb_rate
2023-11-18,4.0,ecb_rate
2023-11-19,4.0,ecb_rate
2023-11-20,4.0,ecb_rate
2023-11-21,4.0,ecb_rate
2023-11-22,4.0,ecb_rate
2023-11-23,4.0,ecb_rate
2023-11-24,4.0,ecb_rate
2023-11-25,4.0,ecb_rate
2023-11-26,4.0,ecb_rate
2023-11-27,4.0,ecb_rate
2023-11-28,4.0,ecb_rate
2023-11-29,4.0,ecb_rate
2023-11-30,4.0,ecb_rate
2023-12-01,4.0,ecb_rate
2023-12-02,4.0,ecb_rate
2023-12-03,4.0,ecb_rate
2023-12-04,4.0,ecb_rate
2023-12-05,4.0,ecb_rate
2023-12-06,4.0,ecb_rate
2023-12-07,4.0,ecb_rate
2023-12-08,4.0,ecb_rate
2023-12-09,4.0,ecb_rate
2023-12-10,4.0,ecb_rate
2023-12-11,4.0,ecb_rate
2023-12-12,4.0,ecb_rate
2023-12-13,4.0,ecb_rate
2023-12-14,4.0,ecb_rate
2023-12-15,4.0,ecb_rate
2023-12-16,4.0,ecb_rate
2023-12-17,4.0,ecb_rate
2023-12-18,4.0,ecb_rate
2023-12-19,4.0,ecb_rate
2023-12-20,4.0,ecb_rate
2023-12-21,4.0,ecb_rate
2023-12-22,4.0,ecb_rate
2023-12-23,4.0,ecb_rate
2023-12-24,4.0,ecb_rate
2023-12-25,4.0,ecb_rate
2023-12-26,4.0,ecb_rate
2023-12-27,4.0,ecb_rate
2023-12-28,4.0,ecb_rate
2023-12-29,4.0,ecb_rate
2023-12-30,4.0,ecb_rate
2023-12-31,4.0,ecb_rate
2024-01-01,4.0,ecb_rate
2024-01-02,4.0,ecb_rate
2024-01-03,4.0,ecb_rate
2024-01-04,4.0,ecb_rate
2024-01-05,4.0,ecb_rate
2024-01-06,4.0,ecb_rate
2024-01-07,4.0,ecb_rate
2024-01-08,4.0,ecb_rate
2024-01-09,4.0,ecb_rate
2024-01-10,4.0,ecb_rate
2024-01-11,4.0,ecb_rate
2024-01-12,4.0,ecb_rate
2024-01-13,4.0,ecb_rate
2024-01-14,4.0,ecb_rate
2024-01-15,4.0,ecb_rate
2024-01-16,4.0,ecb_rate
2024-01-17,4.0,ecb_rate
2024-01-18,4.0,ecb_rate
2024-01-19,4.0,ecb_rate
2024-01-20,4.0,ecb_rate
2024-01-21,4.0,ecb_rate
2024-01-22,4.0,ecb_rate
2024-01-23,4.0,ecb_rate
2024-01-24,4.0,ecb_rate
2024-01-25,4.0,ecb_rate
2024-01-26,4.0,ecb_rate
2024-01-27,4.0,ecb_rate
2024-01-28,4.0,ecb_rate
2024-01-29,4.0,ecb_rate
2024-01-30,4.0,ecb_rate
2024-01-31,4.0,ecb_rate
2024-02-01,4.0,ecb_rate
2024-02-02,4.0,ecb_rate
2024-02-03,4.0,ecb_rate
2024-02-04,4.0,ecb_rate
2024-02-05,4.0,ecb_rate
2024-02-06,4.0,ecb_rate
2024-02-07,4.0,ecb_rate
2024-02-08,4.0,ecb_rate
2024-02-09,4.0,ecb_rate
2024-02-10,4.0,ecb_rate
2024-02-11,4.0,ecb_rate
2024-02-12,4.0,ecb_rate
2024-02-13,4.0,ecb_rate
2024-02-14,4.0,ecb_rate
2024-02-15,4.0,ecb_rate
2024-02-16,4.0,ecb_rate
2024-02-17,4.0,ecb_rate
2024-02-18,4.0,ecb_rate
2024-02-19,4.0,ecb_rate
2024-02-20,4.0,ecb_rate
2024-02-21,4.0,ecb_rate
2024-02-22,4.0,ecb_rate
2024-02-23,4.0,ecb_rate
2024-02-24,4.0,ecb_rate
2024-02-25,4.0,ecb_rate
2024-02-26,4.0,ecb_rate
2024-02-27,4.0,ecb_rate
2024-02-28,4.0,ecb_rate
2024-02-29,4.0,ecb_rate
2024-03-01,4.0,ecb_rate
2024-03-02,4.0,ecb_rate
2024-03-03,4.0,ecb_rate
2024-03-04,4.0,ecb_rate
2024-03-05,4.0,ecb_rate
2024-03-06,4.0,ecb_rate
2024-03-07,4.0,ecb_rate
2024-03-08,4.0,ecb_rate
2024-03-09,4.0,ecb_rate
2024-03-10,4.0,ecb_rate
2024-03-11,4.0,ecb_rate
2024-03-12,4.0,ecb_rate
2024-03-13,4.0,ecb_rate
2024-03-14,4.0,ecb_rate
2024-03-15,4.0,ecb_rate
2024-03-16,4.0,ecb_rate
2024-03-17,4.0,ecb_rate
2024-03-18,4.0,ecb_rate
2024-03-19,4.0,ecb_rate
2024-03-20,4.0,ecb_rate
2024-03-21,4.0,ecb_rate
2024-03-22,4.0,ecb_rate
2024-03-23,4.0,ecb_rate
2024-03-24,4.0,ecb_rate
2024-03-25,4.0,ecb_rate
2024-03-26,4.0,ecb_rate
2024-03-27,4.0,ecb_rate
2024-03-28,4.0,ecb_rate
2024-03-29,4.0,ecb_rate
2024-03-30,4.0,ecb_rate
2024-03-31,4.0,ecb_rate
2024-04-01,4.0,ecb_rate
2024-04-02,4.0,ecb_rate
2024-04-03,4.0,ecb_rate
2024-04-04,4.0,ecb_rate
2024-04-05,4.0,ecb_rate
2024-04-06,4.0,ecb_rate
2024-04-07,4.0,ecb_rate
2024-04-08,4.0,ecb_rate
2024-04-09,4.0,ecb_rate
2024-04-10,4.0,ecb_rate
2024-04-11,4.0,ecb_rate
2024-04-12,4.0,ecb_rate
2024-04-13,4.0,ecb_rate
2024-04-14,4.0,ecb_rate
2024-04-15,4.0,ecb_rate
2024-04-16,4.0,ecb_rate
2024-04-17,4.0,ecb_rate
2024-04-18,4.0,ecb_rate
2024-04-19,4.0,ecb_rate
2024-04-20,4.0,ecb_rate
2024-04-21,4.0,ecb_rate
2024-04-22,4.0,ecb_rate
2024-04-23,4.0,ecb_rate
2024-04-24,4.0,ecb_rate
2024-04-25,4.0,ecb_rate
2024-04-26,4.0,ecb_rate
2024-04-27,4.0,ecb_rate
2024-04-28,4.0,ecb_rate
2024-04-29,4.0,ecb_rate
2024-04-30,4.0,ecb_rate
2024-05-01,4.0,ecb_rate
2024-05-02,4.0,ecb_rate
2024-05-03,4.0,ecb_rate
2024-05-04,4.0,ecb_rate
2024-05-05,4.0,ecb_rate
2024-05-06,4.0,ecb_rate
2024-05-07,4.0,ecb_rate
2024-05-08,4.0,ecb_rate
2024-05-09,4.0,ecb_rate
2024-05-10,4.0,ecb_rate
2024-05-11,4.0,ecb_rate
2024-05-12,4.0,ecb_rate
2024-05-13,4.0,ecb_rate
2024-05-14,4.0,ecb_rate
2024-05-15,4.0,ecb_rate
2024-05-16,4.0,ecb_rate
2024-05-17,4.0,ecb_rate
2024-05-18,4.0,ecb_rate
2024-05-19,4.0,ecb_rate
2024-05-20,4.0,ecb_rate
2024-05-21,4.0,ecb_rate
2024-05-22,4.0,ecb_rate
2024-05-23,4.0,ecb_rate
2024-05-24,4.0,ecb_rate
2024-05-25,4.0,ecb_rate
2024-05-26,4.0,ecb_rate
2024-05-27,4.0,ecb_rate
2024-05-28,4.0,ecb_rate
2024-05-29,4.0,ecb_rate
2024-05-30,4.0,ecb_rate
2024-05-31,4.0,ecb_rate
2024-06-01,4.0,ecb_rate
2024-06-02,4.0,ecb_rate
2024-06-03,4.0,ecb_rate
2024-06-04,4.0,ecb_rate
2024-06-05,4.0,ecb_rate
2024-06-06,4.0,ecb_rate
2024-06-07,4.0,ecb_rate
2024-06-08,4.0,ecb_rate
2024-06-09,4.0,ecb_rate
2024-06-10,4.0,ecb_rate
2024-06-11,4.0,ecb_rate
2024-06-12,3.75,ecb_rate
2024-06-13,3.75,ecb_rate
2024-06-14,3.75,ecb_rate
2024-06-15,3.75,ecb_rate
2024-06-16,3.75,ecb_rate
2024-06-17,3.75,ecb_rate
2024-06-18,3.75,ecb_rate
2024-06-19,3.75,ecb_rate
2024-06-20,3.75,ecb_rate
2024-06-21,3.75,ecb_rate
2024-06-22,3.75,ecb_rate
2024-06-23,3.75,ecb_rate
2024-06-24,3.75,ecb_rate
2024-06-25,3.75,ecb_rate
2024-06-26,3.75,ecb_rate
2024-06-27,3.75,ecb_rate
2024-06-28,3.75,ecb_rate
2024-06-29,3.75,ecb_rate
2024-06-30,3.75,ecb_rate
2024-07-01,3.75,ecb_rate
2024-07-02,3.75,ecb_rate
2024-07-03,3.75,ecb_rate
2024-07-04,3.75,ecb_rate
2024-07-05,3.75,ecb_rate
2024-07-06,3.75,ecb_rate
2024-07-07,3.75,ecb_rate
2024-07-08,3.75,ecb_rate
2024-07-09,3.75,ecb_rate
2024-07-10,3.75,ecb_rate
2024-07-11,3.75,ecb_rate
2024-07-12,3.75,ecb_rate
2024-07-13,3.75,ecb_rate
2024-07-14,3.75,ecb_rate
2024-07-15,3.75,ecb_rate
2024-07-16,3.75,ecb_rate
2024-07-17,3.75,ecb_rate
2024-07-18,3.75,ecb_rate
2024-07-19,3.75,ecb_rate
2024-07-20,3.75,ecb_rate
2024-07-21,3.75,ecb_rate
2024-07-22,3.75,ecb_rate
2024-07-23,3.75,ecb_rate
2024-07-24,3.75,ecb_rate
2024-07-25,3.75,ecb_rate
2024-07-26,3.75,ecb_rate
2024-07-27,3.75,ecb_rate
2024-07-28,3.75,ecb_rate
2024-07-29,3.75,ecb_rate
2024-07-30,3.75,ecb_rate
2024-07-31,3.75,ecb_rate
2024-08-01,3.75,ecb_rate
2024-08-02,3.75,ecb_rate
2024-08-03,3.75,ecb_rate
2024-08-04,3.75,ecb_rate
2024-08-05,3.75,ecb_rate
2024-08-06,3.75,ecb_rate
2024-08-07,3.75,ecb_rate
2024-08-08,3.75,ecb_rate
2024-08-09,3.75,ecb_rate
2024-08-10,3.75,ecb_rate
2024-08-11,3.75,ecb_rate
2024-08-12,3.75,ecb_rate
2024-08-13,3.75,ecb_rate
2024-08-14,3.75,ecb_rate
2024-08-15,3.75,ecb_rate
2024-08-16,3.75,ecb_rate
2024-08-17,3.75,ecb_rate
2024-08-18,3.75,ecb_rate
2024-08-19,3.75,ecb_rate
2024-08-20,3.75,ecb_rate
2024-08-21,3.75,ecb_rate
2024-08-22,3.75,ecb_rate
2024-08-23,3.75,ecb_rate
2024-08-24,3.75,ecb_rate
2024-08-25,3.75,ecb_rate
2024-08-26,3.75,ecb_rate
2024-08-27,3.75,ecb_rate
2024-08-28,3.75,ecb_rate
2024-08-29,3.75,ecb_rate
2024-08-30,3.75,ecb_rate
2024-08-31,3.75,ecb_rate
2024-09-01,3.75,ecb_rate
2024-09-02,3.75,ecb_rate
2024-09-03,3.75,ecb_rate
2024-09-04,3.75,ecb_rate
2024-09-05,3.75,ecb_rate
2024-09-06,3.75,ecb_rate
2024-09-07,3.75,ecb_rate
2024-09-08,3.75,ecb_rate
2024-09-09,3.75,ecb_rate
2024-09-10,3.75,ecb_rate
2024-09-11,3.75,ecb_rate
2024-09-12,3.75,ecb_rate
2024-09-13,3.75,ecb_rate
2024-09-14,3.75,ecb_rate
2024-09-15,3.75,ecb_rate
2024-09-16,3.75,ecb_rate
2024-09-17,3.75,ecb_rate
2024-09-18,3.5,ecb_rate
2024-09-19,3.5,ecb_rate
2024-09-20,3.5,ecb_rate
2024-09-21,3.5,ecb_rate
2024-09-22,3.5,ecb_rate
2024-09-23,3.5,ecb_rate
2024-09-24,3.5,ecb_rate
2024-09-25,3.5,ecb_rate
2024-09-26,3.5,ecb_rate
2024-09-27,3.5,ecb_rate
2024-09-28,3.5,ecb_rate
2024-09-29,3.5,ecb_rate
2024-09-30,3.5,ecb_rate
2024-10-01,3.5,ecb_rate
2024-10-02,3.5,ecb_rate
2024-10-03,3.5,ecb_rate
2024-10-04,3.5,ecb_rate
2024-10-05,3.5,ecb_rate
2024-10-06,3.5,ecb_rate
2024-10-07,3.5,ecb_rate
2024-10-08,3.5,ecb_rate
2024-10-09,3.5,ecb_rate
2024-10-10,3.5,ecb_rate
2024-10-11,3.5,ecb_rate
2024-10-12,3.5,ecb_rate
2024-10-13,3.5,ecb_rate
2024-10-14,3.5,ecb_rate
2024-10-15,3.5,ecb_rate
2024-10-16,3.5,ecb_rate
2024-10-17,3.5,ecb_rate
2024-10-18,3.5,ecb_rate
2024-10-19,3.5,ecb_rate
2024-10-20,3.5,ecb_rate
2024-10-21,3.5,ecb_rate
2024-10-22,3.5,ecb_rate
2024-10-23,3.25,ecb_rate
2024-10-24,3.25,ecb_rate
2024-10-25,3.25,ecb_rate
2024-10-26,3.25,ecb_rate
2024-10-27,3.25,ecb_rate
2024-10-28,3.25,ecb_rate
2024-10-29,3.25,ecb_rate
2024-10-30,3.25,ecb_rate
2024-10-31,3.25,ecb_rate
2024-11-01,3.25,ecb_rate
2024-11-02,3.25,ecb_rate
2024-11-03,3.25,ecb_rate
2024-11-04,3.25,ecb_rate
2024-11-05,3.25,ecb_rate
2024-11-06,3.25,ecb_rate
2024-11-07,3.25,ecb_rate
2024-11-08,3.25,ecb_rate
2024-11-09,3.25,ecb_rate
2024-11-10,3.25,ecb_rate
2024-11-11,3.25,ecb_rate
2024-11-12,3.25,ecb_rate
2024-11-13,3.25,ecb_rate
2024-11-14,3.25,ecb_rate
2024-11-15,3.25,ecb_rate
2024-11-16,3.25,ecb_rate
2024-11-17,3.25,ecb_rate
2024-11-18,3.25,ecb_rate
2024-11-19,3.25,ecb_rate
2024-11-20,3.25,ecb_rate
2024-11-21,3.25,ecb_rate
2024-11-22,3.25,ecb_rate
2024-11-23,3.25,ecb_rate
2024-11-24,3.25,ecb_rate
2024-11-25,3.25,ecb_rate
2024-11-26,3.25,ecb_rate
2024-11-27,3.25,ecb_rate
2024-11-28,3.25,ecb_rate
2024-11-29,3.25,ecb_rate
2024-11-30,3.25,ecb_rate
2024-12-01,3.25,ecb_rate
2024-12-02,3.25,ecb_rate
2024-12-03,3.25,ecb_rate
2024-12-04,3.25,ecb_rate
2024-12-05,3.25,ecb_rate
2024-12-06,3.25,ecb_rate
2024-12-07,3.25,ecb_rate
2024-12-08,3.25,ecb_rate
2024-12-09,3.25,ecb_rate
2024-12-10,3.25,ecb_rate
2024-12-11,3.25,ecb_rate
2024-12-12,3.25,ecb_rate
2024-12-13,3.25,ecb_rate
2024-12-14,3.25,ecb_rate
2024-12-15,3.25,ecb_rate
2024-12-16,3.25,ecb_rate
2024-12-17,3.25,ecb_rate
2024-12-18,3.0,ecb_rate
2024-12-19,3.0,ecb_rate
2024-12-20,3.0,ecb_rate
2024-12-21,3.0,ecb_rate
2024-12-22,3.0,ecb_rate
2024-12-23,3.0,ecb_rate
2024-12-24,3.0,ecb_rate
2024-12-25,3.0,ecb_rate
2024-12-26,3.0,ecb_rate
2024-12-27,3.0,ecb_rate
2024-12-28,3.0,ecb_rate
2024-12-29,3.0,ecb_rate
2024-12-30,3.0,ecb_rate
2024-12-31,3.0,ecb_rate
2025-01-01,3.0,ecb_rate
2025-01-02,3.0,ecb_rate
2025-01-03,3.0,ecb_rate
2025-01-04,3.0,ecb_rate
2025-01-05,3.0,ecb_rate
2025-01-06,3.0,ecb_rate
2025-01-07,3.0,ecb_rate
2025-01-08,3.0,ecb_rate
2025-01-09,3.0,ecb_rate
2025-01-10,3.0,ecb_rate
2025-01-11,3.0,ecb_rate
2025-01-12,3.0,ecb_rate
2025-01-13,3.0,ecb_rate
2025-01-14,3.0,ecb_rate
2025-01-15,3.0,ecb_rate
2025-01-16,3.0,ecb_rate
2025-01-17,3.0,ecb_rate
2025-01-18,3.0,ecb_rate
2025-01-19,3.0,ecb_rate
2025-01-20,3.0,ecb_rate
2025-01-21,3.0,ecb_rate
2025-01-22,3.0,ecb_rate
2025-01-23,3.0,ecb_rate
2025-01-24,3.0,ecb_rate
2025-01-25,3.0,ecb_rate
2025-01-26,3.0,ecb_rate
2025-01-27,3.0,ecb_rate
2025-01-28,3.0,ecb_rate
2025-01-29,3.0,ecb_rate
2025-01-30,3.0,ecb_rate
2025-01-31,3.0,ecb_rate
2025-02-01,3.0,ecb_rate
2025-02-02,3.0,ecb_rate
2025-02-03,3.0,ecb_rate
2025-02-04,3.0,ecb_rate
2025-02-05,2.75,ecb_rate
2025-02-06,2.75,ecb_rate
2025-02-07,2.75,ecb_rate
2025-02-08,2.75,ecb_rate
2025-02-09,2.75,ecb_rate
2025-02-10,2.75,ecb_rate
2025-02-11,2.75,ecb_rate
2025-02-12,2.75,ecb_rate
2025-02-13,2.75,ecb_rate
2025-02-14,2.75,ecb_rate
2025-02-15,2.75,ecb_rate
2025-02-16,2.75,ecb_rate
2025-02-17,2.75,ecb_rate
2025-02-18,2.75,ecb_rate
2025-02-19,2.75,ecb_rate
2025-02-20,2.75,ecb_rate
2025-02-21,2.75,ecb_rate
2025-02-22,2.75,ecb_rate
2025-02-23,2.75,ecb_rate
2025-02-24,2.75,ecb_rate
2025-02-25,2.75,ecb_rate
2025-02-26,2.75,ecb_rate
2025-02-27,2.75,ecb_rate
2025-02-28,2.75,ecb_rate
2025-03-01,2.75,ecb_rate
2025-03-02,2.75,ecb_rate
2025-03-03,2.75,ecb_rate
2025-03-04,2.75,ecb_rate
2025-03-05,2.75,ecb_rate
2025-03-06,2.75,ecb_rate
2025-03-07,2.75,ecb_rate
2025-03-08,2.75,ecb_rate
2025-03-09,2.75,ecb_rate
2025-03-10,2.75,ecb_rate
2025-03-11,2.75,ecb_rate
2025-03-12,2.5,ecb_rate
2025-03-13,2.5,ecb_rate
2025-03-14,2.5,ecb_rate
2025-03-15,2.5,ecb_rate
2025-03-16,2.5,ecb_rate
2025-03-17,2.5,ecb_rate
2025-03-18,2.5,ecb_rate
2025-03-19,2.5,ecb_rate
2025-03-20,2.5,ecb_rate
2025-03-21,2.5,ecb_rate
2025-03-22,2.5,ecb_rate
2025-03-23,2.5,ecb_rate
2025-03-24,2.5,ecb_rate
2025-03-25,2.5,ecb_rate
2025-03-26,2.5,ecb_rate
2025-03-27,2.5,ecb_rate
2025-03-28,2.5,ecb_rate
2025-03-29,2.5,ecb_rate
2025-03-30,2.5,ecb_rate
2025-03-31,2.5,ecb_rate
2025-04-01,2.5,ecb_rate
2025-04-02,2.5,ecb_rate
2025-04-03,2.5,ecb_rate
2025-04-04,2.5,ecb_rate
2025-04-05,2.5,ecb_rate
2025-04-06,2.5,ecb_rate
2025-04-07,2.5,ecb_rate
2025-04-08,2.5,ecb_rate
2025-04-09,2.5,ecb_rate
2025-04-10,2.5,ecb_rate
2025-04-11,2.5,ecb_rate
2025-04-12,2.5,ecb_rate
2025-04-13,2.5,ecb_rate
2025-04-14,2.5,ecb_rate
2025-04-15,2.5,ecb_rate
2025-04-16,2.5,ecb_rate
2025-04-17,2.5,ecb_rate
2025-04-18,2.5,ecb_rate
2025-04-19,2.5,ecb_rate
2025-04-20,2.5,ecb_rate
2025-04-21,2.5,ecb_rate
2025-04-22,2.5,ecb_rate
2025-04-23,2.25,ecb_rate
2025-04-24,2.25,ecb_rate
2025-04-25,2.25,ecb_rate
2025-04-26,2.25,ecb_rate
2025-04-27,2.25,ecb_rate
2025-04-28,2.25,ecb_rate
2025-04-29,2.25,ecb_rate
2025-04-30,2.25,ecb_rate
2025-05-01,2.25,ecb_rate
2025-05-02,2.25,ecb_rate
2025-05-03,2.25,ecb_rate
2025-05-04,2.25,ecb_rate
2025-05-05,2.25,ecb_rate
2025-05-06,2.25,ecb_rate
2025-05-07,2.25,ecb_rate
2025-05-08,2.25,ecb_rate
2025-05-09,2.25,ecb_rate
2025-05-10,2.25,ecb_rate
2025-05-11,2.25,ecb_rate
2025-05-12,2.25,ecb_rate
2025-05-13,2.25,ecb_rate
2025-05-14,2.25,ecb_rate
2025-05-15,2.25,ecb_rate
2025-05-16,2.25,ecb_rate
2025-05-17,2.25,ecb_rate
2025-05-18,2.25,ecb_rate
2025-05-19,2.25,ecb_rate
2025-05-20,2.25,ecb_rate
2025-05-21,2.25,ecb_rate
2025-05-22,2.25,ecb_rate
2025-05-23,2.25,ecb_rate
2025-05-24,2.25,ecb_rate
2025-05-25,2.25,ecb_rate
2025-05-26,2.25,ecb_rate
2025-05-27,2.25,ecb_rate
2025-05-28,2.25,ecb_rate
2025-05-29,2.25,ecb_rate
2025-05-30,2.25,ecb_rate
2025-05-31,2.25,ecb_rate
2025-06-01,2.25,ecb_rate
2025-06-02,2.25,ecb_rate
2025-06-03,2.25,ecb_rate
2025-06-04,2.25,ecb_rate
2025-06-05,2.25,ecb_rate
2025-06-06,2.25,ecb_rate
2025-06-07,2.25,ecb_rate
2025-06-08,2.25,ecb_rate
2025-06-09,2.25,ecb_rate
2025-06-10,2.25,ecb_rate
2025-06-11,2.0,ecb_rate
2025-06-12,2.0,ecb_rate
2025-06-13,2.0,ecb_rate
2025-06-14,2.0,ecb_rate
2025-06-15,2.0,ecb_rate
2025-06-16,2.0,ecb_rate
2025-06-17,2.0,ecb_rate
2025-06-18,2.0,ecb_rate
2025-06-19,2.0,ecb_rate
2025-06-20,2.0,ecb_rate
2025-06-21,2.0,ecb_rate
2025-06-22,2.0,ecb_rate
2025-06-23,2.0,ecb_rate
2025-06-24,2.0,ecb_rate
2025-06-25,2.0,ecb_rate
2025-06-26,2.0,ecb_rate
2025-06-27,2.0,ecb_rate
2025-06-28,2.0,ecb_rate
2025-06-29,2.0,ecb_rate
2025-06-30,2.0,ecb_rate
2025-07-01,2.0,ecb_rate
2025-07-02,2.0,ecb_rate
2025-07-03,2.0,ecb_rate
2025-07-04,2.0,ecb_rate
2025-07-05,2.0,ecb_rate
2025-07-06,2.0,ecb_rate
2025-07-07,2.0,ecb_rate
2025-07-08,2.0,ecb_rate
2025-07-09,2.0,ecb_rate
2025-07-10,2.0,ecb_rate
2025-07-11,2.0,ecb_rate
2025-07-12,2.0,ecb_rate
2025-07-13,2.0,ecb_rate
2025-07-14,2.0,ecb_rate
2025-07-15,2.0,ecb_rate
2025-07-16,2.0,ecb_rate
2025-07-17,2.0,ecb_rate
2025-07-18,2.0,ecb_rate
2025-07-19,2.0,ecb_rate
2025-07-20,2.0,ecb_rate
2025-07-21,2.0,ecb_rate
2025-07-22,2.0,ecb_rate
2025-07-23,2.0,ecb_rate
2025-07-24,2.0,ecb_rate
2025-07-25,2.0,ecb_rate
2025-07-26,2.0,ecb_rate
2025-07-27,2.0,ecb_rate
2025-07-28,2.0,ecb_rate
2025-07-29,2.0,ecb_rate
2025-07-30,2.0,ecb_rate
2025-07-31,2.0,ecb_rate
2025-08-01,2.0,ecb_rate
2025-08-02,2.0,ecb_rate
2025-08-03,2.0,ecb_rate
2025-08-04,2.0,ecb_rate
2025-08-05,2.0,ecb_rate
2025-08-06,2.0,ecb_rate
2025-08-07,2.0,ecb_rate
2025-08-08,2.0,ecb_rate
2025-08-09,2.0,ecb_rate
2025-08-10,2.0,ecb_rate
2025-08-11,2.0,ecb_rate
2025-08-12,2.0,ecb_rate
2025-08-13,2.0,ecb_rate
2025-08-14,2.0,ecb_rate
2025-08-15,2.0,ecb_rate
2025-08-16,2.0,ecb_rate
2025-08-17,2.0,ecb_rate
2025-08-18,2.0,ecb_rate
2025-08-19,2.0,ecb_rate
2025-08-20,2.0,ecb_rate
2025-08-21,2.0,ecb_rate
2025-08-22,2.0,ecb_rate
2025-08-23,2.0,ecb_rate
2025-08-24,2.0,ecb_rate
2025-08-25,2.0,ecb_rate
2025-08-26,2.0,ecb_rate
2025-08-27,2.0,ecb_rate
2025-08-28,2.0,ecb_rate
2025-08-29,2.0,ecb_rate
2025-08-30,2.0,ecb_rate
2025-08-31,2.0,ecb_rate
2025-09-01,2.0,ecb_rate
2025-09-02,2.0,ecb_rate
2025-09-03,2.0,ecb_rate
2025-09-04,2.0,ecb_rate
2025-09-05,2.0,ecb_rate
2025-09-06,2.0,ecb_rate
2025-09-07,2.0,ecb_rate
2025-09-08,2.0,ecb_rate
2025-09-09,2.0,ecb_rate
2025-09-10,2.0,ecb_rate
2025-09-11,2.0,ecb_rate
2025-09-12,2.0,ecb_rate
2025-09-13,2.0,ecb_rate
2025-09-14,2.0,ecb_rate
2025-09-15,2.0,ecb_rate
2025-09-16,2.0,ecb_rate
2025-09-17,2.0,ecb_rate
2025-09-18,2.0,ecb_rate
2025-09-19,2.0,ecb_rate
2025-09-20,2.0,ecb_rate
2025-09-21,2.0,ecb_rate
2025-09-22,2.0,ecb_rate
2025-09-23,2.0,ecb_rate
2025-09-24,2.0,ecb_rate
2025-09-25,2.0,ecb_rate
2025-09-26,2.0,ecb_rate
2025-09-27,2.0,ecb_rate
2025-09-28,2.0,ecb_rate
2025-09-29,2.0,ecb_rate
2025-09-30,2.0,ecb_rate
2025-10-01,2.0,ecb_rate
2025-10-02,2.0,ecb_rate
2025-10-03,2.0,ecb_rate
2025-10-04,2.0,ecb_rate
2025-10-05,2.0,ecb_rate
2025-10-06,2.0,ecb_rate
2025-10-07,2.0,ecb_rate
2025-10-08,2.0,ecb_rate
2025-10-09,2.0,ecb_rate
2025-10-10,2.0,ecb_rate
2025-10-11,2.0,ecb_rate
2025-10-12,2.0,ecb_rate
2025-10-13,2.0,ecb_rate
2025-10-14,2.0,ecb_rate
2025-10-15,2.0,ecb_rate
2025-10-16,2.0,ecb_rate
2025-10-17,2.0,ecb_rate
2025-10-18,2.0,ecb_rate
2025-10-19,2.0,ecb_rate
2025-10-20,2.0,ecb_rate
2025-10-21,2.0,ecb_rate
2025-10-22,2.0,ecb_rate
2025-10-23,2.0,ecb_rate
2025-10-24,2.0,ecb_rate
2025-10-25,2.0,ecb_rate
2025-10-26,2.0,ecb_rate
2025-10-27,2.0,ecb_rate
2025-10-28,2.0,ecb_rate
2025-10-29,2.0,ecb_rate
2025-10-30,2.0,ecb_rate
2025-10-31,2.0,ecb_rate
2025-11-01,2.0,ecb_rate
2025-11-02,2.0,ecb_rate
2025-11-03,2.0,ecb_rate
2025-11-04,2.0,ecb_rate
2025-11-05,2.0,ecb_rate
2025-11-06,2.0,ecb_rate
2025-11-07,2.0,ecb_rate
2025-11-08,2.0,ecb_rate
2025-11-09,2.0,ecb_rate
2025-11-10,2.0,ecb_rate
2025-11-11,2.0,ecb_rate
2025-11-12,2.0,ecb_rate
2025-11-13,2.0,ecb_rate
2025-11-14,2.0,ecb_rate
2025-11-15,2.0,ecb_rate
2025-11-16,2.0,ecb_rate
2025-11-17,2.0,ecb_rate
2025-11-18,2.0,ecb_rate
2025-11-19,2.0,ecb_rate
2025-11-20,2.0,ecb_rate
2025-11-21,2.0,ecb_rate
2025-11-22,2.0,ecb_rate
2025-11-23,2.0,ecb_rate
2025-11-24,2.0,ecb_rate
2025-11-25,2.0,ecb_rate
2025-11-26,2.0,ecb_rate
2025-11-27,2.0,ecb_rate
2025-11-28,2.0,ecb_rate
2025-11-29,2.0,ecb_rate
2025-11-30,2.0,ecb_rate
2025-12-01,2.0,ecb_rate
2025-12-02,2.0,ecb_rate
2025-12-03,2.0,ecb_rate
2025-12-04,2.0,ecb_rate
2025-12-05,2.0,ecb_rate
2025-12-06,2.0,ecb_rate
2025-12-07,2.0,ecb_rate
2025-12-08,2.0,ecb_rate
2025-12-09,2.0,ecb_rate
2025-12-10,2.0,ecb_rate
2025-12-11,2.0,ecb_rate
2025-12-12,2.0,ecb_rate
2025-12-13,2.0,ecb_rate
2025-12-14,2.0,ecb_rate
2025-12-15,2.0,ecb_rate
2025-12-16,2.0,ecb_rate
2025-12-17,2.0,ecb_rate
2025-12-18,2.0,ecb_rate
2025-12-19,2.0,ecb_rate
2025-12-20,2.0,ecb_rate
2025-12-21,2.0,ecb_rate
2025-12-22,2.0,ecb_rate
2025-12-23,2.0,ecb_rate
2025-12-24,2.0,ecb_rate
2025-12-25,2.0,ecb_rate
2025-12-26,2.0,ecb_rate
2025-12-27,2.0,ecb_rate
2025-12-28,2.0,ecb_rate
2025-12-29,2.0,ecb_rate
2025-12-30,2.0,ecb_rate
2025-12-31,2.0,ecb_rate
2026-01-01,2.0,ecb_rate
2026-01-02,2.0,ecb_rate
2026-01-03,2.0,ecb_rate
2026-01-04,2.0,ecb_rate
2026-01-05,2.0,ecb_rate
2026-01-06,2.0,ecb_rate
2026-01-07,2.0,ecb_rate
2026-01-08,2.0,ecb_rate
2026-01-09,2.0,ecb_rate
2026-01-10,2.0,ecb_rate
2026-01-11,2.0,ecb_rate
2026-01-12,2.0,ecb_rate
2026-01-13,2.0,ecb_rate
2026-01-14,2.0,ecb_rate
2026-01-15,2.0,ecb_rate
2026-01-16,2.0,ecb_rate
2026-01-17,2.0,ecb_rate
2026-01-18,2.0,ecb_rate
2026-01-19,2.0,ecb_rate
2026-01-20,2.0,ecb_rate
2026-01-21,2.0,ecb_rate
2026-01-22,2.0,ecb_rate
2026-01-23,2.0,ecb_rate
2026-01-24,2.0,ecb_rate
2026-01-25,2.0,ecb_rate
2026-01-26,2.0,ecb_rate
2026-01-27,2.0,ecb_rate
2026-01-28,2.0,ecb_rate
2026-01-29,2.0,ecb_rate
2026-01-30,2.0,ecb_rate
2026-01-31,2.0,ecb_rate
2026-02-01,2.0,ecb_rate
2026-02-02,2.0,ecb_rate
2026-02-03,2.0,ecb_rate
2026-02-04,2.0,ecb_rate
2026-02-05,2.0,ecb_rate
2026-02-06,2.0,ecb_rate
2026-02-07,2.0,ecb_rate
2026-02-08,2.0,ecb_rate
2026-02-09,2.0,ecb_rate
2026-02-10,2.0,ecb_rate
2026-02-11,2.0,ecb_rate
2026-02-12,2.0,ecb_rate
2026-02-13,2.0,ecb_rate
2026-02-14,2.0,ecb_rate
2026-02-15,2.0,ecb_rate
2026-02-16,2.0,ecb_rate
2026-02-17,2.0,ecb_rate
2026-02-18,2.0,ecb_rate
2026-02-19,2.0,ecb_rate
2026-02-20,2.0,ecb_rate
2026-02-21,2.0,ecb_rate
2026-02-22,2.0,ecb_rate
2026-02-23,2.0,ecb_rate
2026-02-24,2.0,ecb_rate
2026-02-25,2.0,ecb_rate
2026-02-26,2.0,ecb_rate
2026-02-27,2.0,ecb_rate
2026-02-28,2.0,ecb_rate
2026-03-01,2.0,ecb_rate
2026-03-02,2.0,ecb_rate
2026-03-03,2.0,ecb_rate
2026-03-04,2.0,ecb_rate
2026-03-05,2.0,ecb_rate
2026-03-06,2.0,ecb_rate
2026-03-07,2.0,ecb_rate
2026-03-08,2.0,ecb_rate
2026-03-09,2.0,ecb_rate
2026-03-10,2.0,ecb_rate
2026-03-11,2.0,ecb_rate
2026-03-12,2.0,ecb_rate
2026-03-13,2.0,ecb_rate
2026-03-14,2.0,ecb_rate
2026-03-15,2.0,ecb_rate
2026-03-16,2.0,ecb_rate
2026-03-17,2.0,ecb_rate
2026-03-18,2.0,ecb_rate
2026-03-19,2.0,ecb_rate
2026-03-20,2.0,ecb_rate
2026-03-21,2.0,ecb_rate
2026-03-22,2.0,ecb_rate
2026-03-23,2.0,ecb_rate
2026-03-24,2.0,ecb_rate
2026-03-25,2.0,ecb_rate
2026-03-26,2.0,ecb_rate
2026-03-27,2.0,ecb_rate
2026-03-28,2.0,ecb_rate
2026-03-29,2.0,ecb_rate
2026-03-30,2.0,ecb_rate
2026-03-31,2.0,ecb_rate
2026-04-01,2.0,ecb_rate
2026-04-02,2.0,ecb_rate
2026-04-03,2.0,ecb_rate
2026-04-04,2.0,ecb_rate
2026-04-05,2.0,ecb_rate
2026-04-06,2.0,ecb_rate
2026-04-07,2.0,ecb_rate
2026-04-08,2.0,ecb_rate
2026-04-09,2.0,ecb_rate
2026-04-10,2.0,ecb_rate
2026-04-11,2.0,ecb_rate
2026-04-12,2.0,ecb_rate
2026-04-13,2.0,ecb_rate
2026-04-14,2.0,ecb_rate
2026-04-15,2.0,ecb_rate
2026-04-16,2.0,ecb_rate
2026-04-17,2.0,ecb_rate
2026-04-18,2.0,ecb_rate
2026-04-19,2.0,ecb_rate
2026-04-20,2.0,ecb_rate
2026-04-21,2.0,ecb_rate
2026-04-22,2.0,ecb_rate
2026-04-23,2.0,ecb_rate
2026-04-24,2.0,ecb_rate
2026-04-25,2.0,ecb_rate
2026-04-26,2.0,ecb_rate
2026-04-27,2.0,ecb_rate
2026-04-28,2.0,ecb_rate
2026-04-29,2.0,ecb_rate
2026-04-30,2.0,ecb_rate
2026-05-01,2.0,ecb_rate
2026-05-02,2.0,ecb_rate
2026-05-03,2.0,ecb_rate
2026-05-04,2.0,ecb_rate
2026-05-05,2.0,ecb_rate
2026-05-06,2.0,ecb_rate
2026-05-07,2.0,ecb_rate
2026-05-08,2.0,ecb_rate
2026-05-09,2.0,ecb_rate
2026-05-10,2.0,ecb_rate
2026-05-11,2.0,ecb_rate
2026-05-12,2.0,ecb_rate
2026-05-13,2.0,ecb_rate
2026-05-14,2.0,ecb_rate
2026-05-15,2.0,ecb_rate
2026-05-16,2.0,ecb_rate
2026-05-17,2.0,ecb_rate
2026-05-18,2.0,ecb_rate
2026-05-19,2.0,ecb_rate
2026-05-20,2.0,ecb_rate
2026-05-21,2.0,ecb_rate
2026-05-22,2.0,ecb_rate
2026-05-23,2.0,ecb_rate
2026-05-24,2.0,ecb_rate
2026-05-25,2.0,ecb_rate
2026-05-26,2.0,ecb_rate
2026-05-27,2.0,ecb_rate
2026-05-28,2.0,ecb_rate
2026-05-29,2.0,ecb_rate
2026-05-30,2.0,ecb_rate
2026-05-31,2.0,ecb_rate
2026-06-01,2.0,ecb_rate
2026-06-02,2.0,ecb_rate
2026-06-03,2.0,ecb_rate
2026-06-04,2.0,ecb_rate
2026-06-05,2.0,ecb_rate
2026-06-06,2.0,ecb_rate
2026-06-07,2.0,ecb_rate
2026-06-08,2.0,ecb_rate
2026-06-09,2.0,ecb_rate
2026-06-10,2.0,ecb_rate
2026-06-11,2.0,ecb_rate
2026-06-12,2.0,ecb_rate
2026-06-13,2.0,ecb_rate
2026-06-14,2.0,ecb_rate
2026-06-15,2.0,ecb_rate
2026-06-16,2.0,ecb_rate
2026-06-17,2.25,ecb_rate
2026-06-18,2.25,ecb_rate
2026-06-19,2.25,ecb_rate
2026-06-20,2.25,ecb_rate
2026-06-21,2.25,ecb_rate
2026-06-22,2.25,ecb_rate
2026-06-23,2.25,ecb_rate
2026-06-24,2.25,ecb_rate
2026-06-25,2.25,ecb_rate
2026-06-26,2.25,ecb_rate
2026-06-27,2.25,ecb_rate
2026-06-28,2.25,ecb_rate
2026-06-29,2.25,ecb_rate
2026-06-30,2.25,ecb_rate
2026-07-01,2.25,ecb_rate
2026-07-02,2.25,ecb_rate
2026-07-03,2.25,ecb_rate
2026-07-04,2.25,ecb_rate
2026-07-05,2.25,ecb_rate
2026-07-06,2.25,ecb_rate
2026-07-07,2.25,ecb_rate
2026-07-08,2.25,ecb_rate
2026-07-09,2.25,ecb_rate
2026-07-10,2.25,ecb_rate
2026-07-11,2.25,ecb_rate
2026-07-12,2.25,ecb_rate
2026-07-13,2.25,ecb_rate
2026-07-14,2.25,ecb_rate
2026-07-15,2.25,ecb_rate
2026-07-16,2.25,ecb_rate
2026-07-17,2.25,ecb_rate
2026-07-18,2.25,ecb_rate
2026-07-19,2.25,ecb_rate
2026-07-20,2.25,ecb_rate
2026-07-21,2.25,ecb_rate
2026-07-22,2.25,ecb_rate
2026-07-23,2.25,ecb_rate
2026-07-24,2.25,ecb_rate
2026-07-25,2.25,ecb_rate
2026-07-26,2.25,ecb_rate
2026-07-27,2.25,ecb_rate
2026-07-28,2.25,ecb_rate
2026-07-29,2.25,ecb_rate
2026-07-30,2.25,ecb_rate
2026-07-31,2.25,ecb_rate
2026-08-01,2.25,ecb_rate
2026-08-02,2.25,ecb_rate
2026-08-03,2.25,ecb_rate
2026-08-04,2.25,ecb_rate
2026-08-05,2.25,ecb_rate
2026-08-06,2.25,ecb_rate
2026-08-07,2.25,ecb_rate
2026-08-08,2.25,ecb_rate
2026-08-09,2.25,ecb_rate
2026-08-10,2.25,ecb_rate
2026-08-11,2.25,ecb_rate
2026-08-12,2.25,ecb_rate
2026-08-13,2.25,ecb_rate
2026-08-14,2.25,ecb_rate
2026-08-15,2.25,ecb_rate
2026-08-16,2.25,ecb_rate
2026-08-17,2.25,ecb_rate
2026-08-18,2.25,ecb_rate
2026-08-19,2.25,ecb_rate
2026-08-20,2.25,ecb_rate
2026-08-21,2.25,ecb_rate
2026-08-22,2.25,ecb_rate
2026-08-23,2.25,ecb_rate
2026-08-24,2.25,ecb_rate
2026-08-25,2.25,ecb_rate
2026-08-26,2.25,ecb_rate
2026-08-27,2.25,ecb_rate
2026-08-28,2.25,ecb_rate
2026-08-29,2.25,ecb_rate
2026-08-30,2.25,ecb_rate
2026-08-31,2.25,ecb_rate
2026-09-01,2.25,ecb_rate
2026-09-02,2.25,ecb_rate
2026-09-03,2.25,ecb_rate
2026-09-04,2.25,ecb_rate
2026-09-05,2.25,ecb_rate
2026-09-06,2.25,ecb_rate
2026-09-07,2.25,ecb_rate
2026-09-08,2.25,ecb_rate
2026-09-09,2.25,ecb_rate
2026-09-10,2.25,ecb_rate
2026-09-11,2.25,ecb_rate
2026-09-12,2.25,ecb_rate
2026-09-13,2.25,ecb_rate
2026-09-14,2.25,ecb_rate
2026-09-15,2.25,ecb_rate
2026-09-16,2.5,ecb_rate
2026-09-17,2.5,ecb_rate
2026-09-18,2.5,ecb_rate
2026-09-19,2.5,ecb_rate
2026-09-20,2.5,ecb_rate
2026-09-21,2.5,ecb_rate
2026-09-22,2.5,ecb_rate
2026-09-23,2.5,ecb_rate
2026-09-24,2.5,ecb_rate
2026-09-25,2.5,ecb_rate
2026-09-26,2.5,ecb_rate
2026-09-27,2.5,ecb_rate
2026-09-28,2.5,ecb_rate
2026-09-29,2.5,ecb_rate
2026-09-30,2.5,ecb_rate
2026-10-01,2.5,ecb_rate
2010-01-04,1.445750382301465,ez_2y_yield
2010-01-05,1.4086188706949705,ez_2y_yield
2010-01-06,1.4020826371085937,ez_2y_yield
2010-01-07,1.3828672715324446,ez_2y_yield
2010-01-08,1.350297608901346,ez_2y_yield
2010-01-11,1.3188378222776906,ez_2y_yield
2010-01-12,1.312689384042881,ez_2y_yield
2010-01-13,1.3155748721799956,ez_2y_yield
2010-01-14,1.3037890365896556,ez_2y_yield
2010-01-15,1.2610600957648936,ez_2y_yield
2010-01-18,1.282256771634284,ez_2y_yield
2010-01-19,1.305395157829723,ez_2y_yield
2010-01-20,1.2791481637695603,ez_2y_yield
2010-01-21,1.2800295741924848,ez_2y_yield
2010-01-22,1.2150696633421465,ez_2y_yield
2010-01-25,1.2399394876104064,ez_2y_yield
2010-01-26,1.231758815468551,ez_2y_yield
2010-01-27,1.2358262873115429,ez_2y_yield
2010-01-28,1.2475131330929412,ez_2y_yield
2010-01-29,1.247835725828413,ez_2y_yield
2010-02-01,1.2589080176881176,ez_2y_yield
2010-02-02,1.2895384474444165,ez_2y_yield
2010-02-03,1.3031671302327543,ez_2y_yield
2010-02-04,1.288193751553741,ez_2y_yield
2010-02-05,1.2458527285907994,ez_2y_yield
2010-02-08,1.1974330166820848,ez_2y_yield
2010-02-09,1.2009196849373756,ez_2y_yield
2010-02-10,1.19849564807719,ez_2y_yield
2010-02-11,1.228503529963204,ez_2y_yield
2010-02-12,1.181848244099982,ez_2y_yield
2010-02-15,1.1799983832022545,ez_2y_yield
2010-02-16,1.187939206656123,ez_2y_yield
2010-02-17,1.144834300589771,ez_2y_yield
2010-02-18,1.1455584130613994,ez_2y_yield
2010-02-19,1.1807974159447814,ez_2y_yield
2010-02-22,1.1754675039377396,ez_2y_yield
2010-02-23,1.0803152247317542,ez_2y_yield
2010-02-24,1.0949768212197273,ez_2y_yield
2010-02-25,1.0458154460215503,ez_2y_yield
2010-02-26,1.0247537961082038,ez_2y_yield
2010-03-01,1.0430014068847655,ez_2y_yield
2010-03-02,1.0294662496046152,ez_2y_yield
2010-03-03,1.071947885264941,ez_2y_yield
2010-03-04,1.058625827564359,ez_2y_yield
2010-03-05,1.0852605495858616,ez_2y_yield
2010-03-08,1.0730176516175671,ez_2y_yield
2010-03-09,1.0511781795409956,ez_2y_yield
2010-03-10,1.0765120803052957,ez_2y_yield
2010-03-11,1.1040372075033138,ez_2y_yield
2010-03-12,1.1412232337883852,ez_2y_yield
2010-03-15,1.1189829254640282,ez_2y_yield
2010-03-16,1.1076894633670082,ez_2y_yield
2010-03-17,1.0407365910074842,ez_2y_yield
2010-03-18,1.072960757014453,ez_2y_yield
2010-03-19,1.0848673333447865,ez_2y_yield
2010-03-22,1.070457067815641,ez_2y_yield
2010-03-23,1.0474185047586655,ez_2y_yield
2010-03-24,1.0693782015384594,ez_2y_yield
2010-03-25,1.0682095933896187,ez_2y_yield
2010-03-26,1.0859947599848532,ez_2y_yield
2010-03-29,1.0618389307835463,ez_2y_yield
2010-03-30,1.072229148495592,ez_2y_yield
2010-03-31,1.052205346378655,ez_2y_yield
2010-04-01,1.0600457367244298,ez_2y_yield
2010-04-06,1.0779342318612513,ez_2y_yield
2010-04-07,1.0647264178683935,ez_2y_yield
2010-04-08,1.0341264639625392,ez_2y_yield
2010-04-09,1.089685681272145,ez_2y_yield
2010-04-12,1.1060533487335733,ez_2y_yield
2010-04-13,1.0674425222747732,ez_2y_yield
2010-04-14,1.0609273578366811,ez_2y_yield
2010-04-15,1.056532073355336,ez_2y_yield
2010-04-16,1.017764634050193,ez_2y_yield
2010-04-19,1.000345663520423,ez_2y_yield
2010-04-20,1.0281759171237796,ez_2y_yield
2010-04-21,1.0299177073214856,ez_2y_yield
2010-04-22,1.0583355569179695,ez_2y_yield
2010-04-23,1.0590752616289325,ez_2y_yield
2010-04-26,1.0942932722671688,ez_2y_yield
2010-04-27,1.0818434706876778,ez_2y_yield
2010-04-28,1.0839866339333493,ez_2y_yield
2010-04-29,1.065499328479545,ez_2y_yield
2010-04-30,1.0114874126529525,ez_2y_yield
2010-05-03,1.0202138921398358,ez_2y_yield
2010-05-04,0.9822672871531488,ez_2y_yield
2010-05-05,0.8623749489737376,ez_2y_yield
2010-05-06,0.8017168710298794,ez_2y_yield
2010-05-07,0.7411237578761241,ez_2y_yield
2010-05-10,0.8173862124323876,ez_2y_yield
2010-05-11,0.826316461079752,ez_2y_yield
2010-05-12,0.8146509675595959,ez_2y_yield
2010-05-13,0.8149994325246701,ez_2y_yield
2010-05-14,0.7585432710872233,ez_2y_yield
2010-05-17,0.8190142702286023,ez_2y_yield
2010-05-18,0.8752493858117021,ez_2y_yield
2010-05-19,0.8605219815022913,ez_2y_yield
2010-05-20,0.823527582688188,ez_2y_yield
2010-05-21,0.8329076688256707,ez_2y_yield
2010-05-24,0.8265452252062986,ez_2y_yield
2010-05-25,0.8379967703195128,ez_2y_yield
2010-05-26,0.8939709252638386,ez_2y_yield
2010-05-27,0.9339568432679386,ez_2y_yield
2010-05-28,0.5774976198012052,ez_2y_yield
2010-05-31,0.5660740246458493,ez_2y_yield
2010-06-01,0.5609460536667172,ez_2y_yield
2010-06-02,0.5690801835975128,ez_2y_yield
2010-06-03,0.6017866605945734,ez_2y_yield
2010-06-04,0.5804960317777108,ez_2y_yield
2010-06-07,0.5908007123652737,ez_2y_yield
2010-06-08,0.5796932975005862,ez_2y_yield
2010-06-09,0.5626673356248979,ez_2y_yield
2010-06-10,0.5802606875744245,ez_2y_yield
2010-06-11,0.545571693895941,ez_2y_yield
2010-06-14,0.5700470138303131,ez_2y_yield
2010-06-15,0.6048937441916222,ez_2y_yield
2010-06-16,0.5952646911488579,ez_2y_yield
2010-06-17,0.6177452932034289,ez_2y_yield
2010-06-18,0.6567241044581649,ez_2y_yield
2010-06-21,0.7003969353219284,ez_2y_yield
2010-06-22,0.6881577636941771,ez_2y_yield
2010-06-23,0.6941932170339511,ez_2y_yield
2010-06-24,0.6587237519966562,ez_2y_yield
2010-06-25,0.6890579211137156,ez_2y_yield
2010-06-28,0.6910238738456693,ez_2y_yield
2010-06-29,0.6545374802051667,ez_2y_yield
2010-06-30,0.6931339475492422,ez_2y_yield
2010-07-01,0.7272795680542454,ez_2y_yield
2010-07-02,0.726503118335402,ez_2y_yield
2010-07-05,0.6892848187245066,ez_2y_yield
2010-07-06,0.7264110406789157,ez_2y_yield
2010-07-07,0.7076872105954382,ez_2y_yield
2010-07-08,0.7747291998088117,ez_2y_yield
2010-07-09,0.8006564898064337,ez_2y_yield
2010-07-12,0.7611721351590837,ez_2y_yield
2010-07-13,0.7662556534490175,ez_2y_yield
2010-07-14,0.8180246701319913,ez_2y_yield
2010-07-15,0.846244907235477,ez_2y_yield
2010-07-16,0.8365375803303128,ez_2y_yield
2010-07-19,0.8918873497899447,ez_2y_yield
2010-07-20,0.8424413777234694,ez_2y_yield
2010-07-21,0.8028954740758181,ez_2y_yield
2010-07-22,0.790024387302888,ez_2y_yield
2010-07-23,0.8082109123099253,ez_2y_yield
2010-07-26,0.8589280429305566,ez_2y_yield
2010-07-27,0.9293910477012872,ez_2y_yield
2010-07-28,0.8984183266140255,ez_2y_yield
2010-07-29,0.9052170980767228,ez_2y_yield
2010-07-30,0.8718460158303822,ez_2y_yield
2010-08-02,0.8920488239601094,ez_2y_yield
2010-08-03,0.8165024050176861,ez_2y_yield
2010-08-04,0.816198168857514,ez_2y_yield
2010-08-05,0.8232689495354306,ez_2y_yield
2010-08-06,0.8255562108902437,ez_2y_yield
2010-08-09,0.7989643361021372,ez_2y_yield
2010-08-10,0.7921923376357269,ez_2y_yield
2010-08-11,0.7055474055572986,ez_2y_yield
2010-08-12,0.6808865902311803,ez_2y_yield
2010-08-13,0.680176235984082,ez_2y_yield
2010-08-16,0.6618383356500919,ez_2y_yield
2010-08-17,0.6862256088818275,ez_2y_yield
2010-08-18,0.6650712172844644,ez_2y_yield
2010-08-19,0.6629964114659244,ez_2y_yield
2010-08-20,0.6351193303345752,ez_2y_yield
2010-08-23,0.6424503742430945,ez_2y_yield
2010-08-24,0.5816196474586919,ez_2y_yield
2010-08-25,0.6074341108383785,ez_2y_yield
2010-08-26,0.6311078119585909,ez_2y_yield
2010-08-27,0.6368475375822524,ez_2y_yield
2010-08-30,0.6167223353350599,ez_2y_yield
2010-08-31,0.6238669481373098,ez_2y_yield
2010-09-01,0.6478878017547554,ez_2y_yield
2010-09-02,0.6437164800549824,ez_2y_yield
2010-09-03,0.6744914024483162,ez_2y_yield
2010-09-06,0.6686786481742517,ez_2y_yield
2010-09-07,0.6219829552948553,ez_2y_yield
2010-09-08,0.6723399802390451,ez_2y_yield
2010-09-09,0.720436578453197,ez_2y_yield
2010-09-10,0.7554651844057481,ez_2y_yield
2010-09-13,0.7803908617217679,ez_2y_yield
2010-09-14,0.7604303493657558,ez_2y_yield
2010-09-15,0.7922779204288712,ez_2y_yield
2010-09-16,0.8570688323569902,ez_2y_yield
2010-09-17,0.8189263665105146,ez_2y_yield
2010-09-20,0.8468793124856098,ez_2y_yield
2010-09-21,0.8508820661617238,ez_2y_yield
2010-09-22,0.821946784599797,ez_2y_yield
2010-09-23,0.759001778971198,ez_2y_yield
2010-09-24,0.7742141581724353,ez_2y_yield
2010-09-27,0.7732356899317783,ez_2y_yield
2010-09-28,0.7802909817425077,ez_2y_yield
2010-09-29,0.837414674176352,ez_2y_yield
2010-09-30,0.8993213420614998,ez_2y_yield
2010-10-01,0.9292960561209652,ez_2y_yield
2010-10-04,0.8756241975951959,ez_2y_yield
2010-10-05,0.8646727400838192,ez_2y_yield
2010-10-06,0.835726863515837,ez_2y_yield
2010-10-07,0.855028381358661,ez_2y_yield
2010-10-08,0.8619759866010623,ez_2y_yield
2010-10-11,0.843770051186733,ez_2y_yield
2010-10-12,0.8154666322674067,ez_2y_yield
2010-10-13,0.8262047280419162,ez_2y_yield
2010-10-14,0.8375186700826469,ez_2y_yield
2010-10-15,0.8579904358470165,ez_2y_yield
2010-10-18,0.9305297874700424,ez_2y_yield
2010-10-19,0.9589729056487328,ez_2y_yield
2010-10-20,0.9968416346883412,ez_2y_yield
2010-10-21,1.0204166624127613,ez_2y_yield
2010-10-22,1.0510683359087292,ez_2y_yield
2010-10-25,1.0265555468420535,ez_2y_yield
2010-10-26,1.080951325735253,ez_2y_yield
2010-10-27,1.100520274054166,ez_2y_yield
2010-10-28,1.088469481754902,ez_2y_yield
2010-10-29,1.0622926331387073,ez_2y_yield
2010-11-01,1.060206738224588,ez_2y_yield
2010-11-02,1.0598566352112373,ez_2y_yield
2010-11-03,1.0392865482834193,ez_2y_yield
2010-11-04,1.0279130334090183,ez_2y_yield
2010-11-05,0.9984822307343464,ez_2y_yield
2010-11-08,1.000930788276455,ez_2y_yield
2010-11-09,0.9992374781512184,ez_2y_yield
2010-11-10,1.006728868976064,ez_2y_yield
2010-11-11,0.9901973248293948,ez_2y_yield
2010-11-12,1.0379072207373985,ez_2y_yield
2010-11-15,1.0790308076406383,ez_2y_yield
2010-11-16,1.0644043532270593,ez_2y_yield
2010-11-17,1.068007708591178,ez_2y_yield
2010-11-18,1.1001675990073183,ez_2y_yield
2010-11-19,1.1173002044429452,ez_2y_yield
2010-11-22,1.072033001742664,ez_2y_yield
2010-11-23,0.9892369889822205,ez_2y_yield
2010-11-24,0.999629446370606,ez_2y_yield
2010-11-25,1.0184900423827474,ez_2y_yield
2010-11-26,1.0162773168834516,ez_2y_yield
2010-11-29,0.9992761574148794,ez_2y_yield
2010-11-30,0.9853636444557368,ez_2y_yield
2010-12-01,0.9962801845186664,ez_2y_yield
2010-12-02,0.954148561089041,ez_2y_yield
2010-12-03,0.9602289338198332,ez_2y_yield
2010-12-06,0.9119056285552134,ez_2y_yield
2010-12-07,0.938903995308184,ez_2y_yield
2010-12-08,1.0071608330017665,ez_2y_yield
2010-12-09,1.059150684253269,ez_2y_yield
2010-12-10,1.0841755027803848,ez_2y_yield
2010-12-13,1.0965954990989129,ez_2y_yield
2010-12-14,1.0860566056230647,ez_2y_yield
2010-12-15,1.0921314166216656,ez_2y_yield
2010-12-16,1.1113209385406708,ez_2y_yield
2010-12-17,1.1012216243753443,ez_2y_yield
2010-12-20,1.0758047302195122,ez_2y_yield
2010-12-21,1.0873115688045631,ez_2y_yield
2010-12-22,1.022103316486249,ez_2y_yield
2010-12-23,0.98780528107608,ez_2y_yield
2010-12-24,0.9853774754330388,ez_2y_yield
2010-12-27,1.0068919546740085,ez_2y_yield
2010-12-28,0.9385299180330892,ez_2y_yield
2010-12-29,0.9540148573541424,ez_2y_yield
2010-12-30,0.932226222150604,ez_2y_yield
2010-12-31,0.9286900958709948,ez_2y_yield
2011-01-03,0.9023597218375276,ez_2y_yield
2011-01-04,0.9155394309418649,ez_2y_yield
2011-01-05,0.9485338373372728,ez_2y_yield
2011-01-06,0.9810233793605811,ez_2y_yield
2011-01-07,0.9550413257360512,ez_2y_yield
2011-01-10,0.9472239154310148,ez_2y_yield
2011-01-11,0.945509807401264,ez_2y_yield
2011-01-12,1.0277471069025472,ez_2y_yield
2011-01-13,1.1240949679981938,ez_2y_yield
2011-01-14,1.1819352031737338,ez_2y_yield
2011-01-17,1.1910427315754808,ez_2y_yield
2011-01-18,1.25445925501167,ez_2y_yield
2011-01-19,1.2211322905810684,ez_2y_yield
2011-01-20,1.314482754212425,ez_2y_yield
2011-01-21,1.3586012379190362,ez_2y_yield
2011-01-24,1.3506951299256904,ez_2y_yield
2011-01-25,1.3457308198063076,ez_2y_yield
2011-01-26,1.388238571191843,ez_2y_yield
2011-01-27,1.4060806704959743,ez_2y_yield
2011-01-28,1.5021814735566863,ez_2y_yield
2011-01-31,1.4815746164577306,ez_2y_yield
2011-02-01,1.4796454720798158,ez_2y_yield
2011-02-02,1.4928003052072931,ez_2y_yield
2011-02-03,1.4564847536419654,ez_2y_yield
2011-02-04,1.480573595793527,ez_2y_yield
2011-02-07,1.4749775450134026,ez_2y_yield
2011-02-08,1.502813546218753,ez_2y_yield
2011-02-09,1.5267497424919432,ez_2y_yield
2011-02-10,1.542959013332596,ez_2y_yield
2011-02-11,1.5033275816061344,ez_2y_yield
2011-02-14,1.5125437595682367,ez_2y_yield
2011-02-15,1.5223838715579885,ez_2y_yield
2011-02-16,1.4828638305583453,ez_2y_yield
2011-02-17,1.445935618564536,ez_2y_yield
2011-02-18,1.4850045025897576,ez_2y_yield
2011-02-21,1.48575231477966,ez_2y_yield
2011-02-22,1.5296359469292395,ez_2y_yield
2011-02-23,1.5382565152116303,ez_2y_yield
2011-02-24,1.5152105856262288,ez_2y_yield
2011-02-25,1.5319145335135134,ez_2y_yield
2011-02-28,1.5279470555864516,ez_2y_yield
2011-03-01,1.544762114534315,ez_2y_yield
2011-03-02,1.5343903169307236,ez_2y_yield
2011-03-03,1.7237760780702396,ez_2y_yield
2011-03-04,1.7378690823633345,ez_2y_yield
2011-03-07,1.7486467879978391,ez_2y_yield
2011-03-08,1.720362764872995,ez_2y_yield
2011-03-09,1.7214230346008823,ez_2y_yield
2011-03-10,1.6884689047611987,ez_2y_yield
2011-03-11,1.6542024807274331,ez_2y_yield
2011-03-14,1.6406249201723089,ez_2y_yield
2011-03-15,1.5537466266774604,ez_2y_yield
2011-03-16,1.518872742316954,ez_2y_yield
2011-03-17,1.5734863257239318,ez_2y_yield
2011-03-18,1.6115645061802302,ez_2y_yield
2011-03-21,1.7012925191721755,ez_2y_yield
2011-03-22,1.704393559407935,ez_2y_yield
2011-03-23,1.6866731477576506,ez_2y_yield
2011-03-24,1.6930454984131995,ez_2y_yield
2011-03-25,1.7190619253468475,ez_2y_yield
2011-03-28,1.7549238407854095,ez_2y_yield
2011-03-29,1.7603796120392206,ez_2y_yield
2011-03-30,1.7704255172825571,ez_2y_yield
2011-03-31,1.7909984054775985,ez_2y_yield
2011-04-01,1.8303352438779108,ez_2y_yield
2011-04-04,1.8200142088601237,ez_2y_yield
2011-04-05,1.8129744862753483,ez_2y_yield
2011-04-06,1.8372293633540744,ez_2y_yield
2011-04-07,1.848074018777877,ez_2y_yield
2011-04-08,1.92210172594778,ez_2y_yield
2011-04-11,1.917167695222388,ez_2y_yield
2011-04-12,1.8672389152106503,ez_2y_yield
2011-04-13,1.8960698561975864,ez_2y_yield
2011-04-14,1.8624526531125964,ez_2y_yield
2011-04-15,1.8780602156443704,ez_2y_yield
2011-04-18,1.807506157997428,ez_2y_yield
2011-04-19,1.847987936017556,ez_2y_yield
2011-04-20,1.85991202772538,ez_2y_yield
2011-04-21,1.824893105388012,ez_2y_yield
2011-04-26,1.8115302169793708,ez_2y_yield
2011-04-27,1.850832725296784,ez_2y_yield
2011-04-28,1.84365284569326,ez_2y_yield
2011-04-29,1.858867387985832,ez_2y_yield
2011-05-02,1.8711125329630804,ez_2y_yield
2011-05-03,1.88725073290046,ez_2y_yield
2011-05-04,1.966887951411034,ez_2y_yield
2011-05-05,1.8398074510161595,ez_2y_yield
2011-05-06,1.827166409126098,ez_2y_yield
2011-05-09,1.7788639513083009,ez_2y_yield
2011-05-10,1.779040234557293,ez_2y_yield
2011-05-11,1.7879269231868649,ez_2y_yield
2011-05-12,1.7494716364744105,ez_2y_yield
2011-05-13,1.769183957527665,ez_2y_yield
2011-05-16,1.7920365434851433,ez_2y_yield
2011-05-17,1.7846151851709655,ez_2y_yield
2011-05-18,1.7902570280080885,ez_2y_yield
2011-05-19,1.8366529077135116,ez_2y_yield
2011-05-20,1.777187524497822,ez_2y_yield
2011-05-23,1.7270333056284053,ez_2y_yield
2011-05-24,1.7352979229567742,ez_2y_yield
2011-05-25,1.6818058249048633,ez_2y_yield
2011-05-26,1.6616691507598793,ez_2y_yield
2011-05-27,1.6279755964783549,ez_2y_yield
2011-05-30,1.6318658483846729,ez_2y_yield
2011-05-31,1.6715277336245942,ez_2y_yield
2011-06-01,1.6553804903256706,ez_2y_yield
2011-06-02,1.66127499247834,ez_2y_yield
2011-06-03,1.6740538747769471,ez_2y_yield
2011-06-06,1.7076123264017284,ez_2y_yield
2011-06-07,1.7391058893625728,ez_2y_yield
2011-06-08,1.7241839613247514,ez_2y_yield
2011-06-09,1.672534279254529,ez_2y_yield
2011-06-10,1.635468308375538,ez_2y_yield
2011-06-13,1.6174726452908947,ez_2y_yield
2011-06-14,1.6539556503608313,ez_2y_yield
2011-06-15,1.6235764682657068,ez_2y_yield
2011-06-16,1.5594926841211512,ez_2y_yield
2011-06-17,1.593208456737111,ez_2y_yield
2011-06-20,1.6101553540896971,ez_2y_yield
2011-06-21,1.6073466623874677,ez_2y_yield
2011-06-22,1.5896738466620643,ez_2y_yield
2011-06-23,1.486159885085634,ez_2y_yield
2011-06-24,1.4863638632051803,ez_2y_yield
2011-06-27,1.4883666904766275,ez_2y_yield
2011-06-28,1.570028462839714,ez_2y_yield
2011-06-29,1.6035915186665275,ez_2y_yield
2011-06-30,1.6536397986912832,ez_2y_yield
2011-07-01,1.704345863917965,ez_2y_yield
2011-07-04,1.7166663225214196,ez_2y_yield
2011-07-05,1.7096076770038102,ez_2y_yield
2011-07-06,1.6483062641979545,ez_2y_yield
2011-07-07,1.671505400082383,ez_2y_yield
2011-07-08,1.5821329857571402,ez_2y_yield
2011-07-11,1.465165436920005,ez_2y_yield
2011-07-12,1.448153780328181,ez_2y_yield
2011-07-13,1.4015933173290942,ez_2y_yield
2011-07-14,1.4125732322731324,ez_2y_yield
2011-07-15,1.3477030886893682,ez_2y_yield
2011-07-18,1.331866243207807,ez_2y_yield
2011-07-19,1.374186574067431,ez_2y_yield
2011-07-20,1.3927849898440503,ez_2y_yield
2011-07-21,1.503713095987106,ez_2y_yield
2011-07-22,1.482426589640711,ez_2y_yield
2011-07-25,1.4697954389499743,ez_2y_yield
2011-07-26,1.4583741711818206,ez_2y_yield
2011-07-27,1.376122724447802,ez_2y_yield
2011-07-28,1.3707509460407332,ez_2y_yield
2011-07-29,1.3197972515383596,ez_2y_yield
2011-08-01,1.297536210307116,ez_2y_yield
2011-08-02,1.2436368050795965,ez_2y_yield
2011-08-03,1.2363827641025031,ez_2y_yield
2011-08-04,1.14870522258095,ez_2y_yield
2011-08-05,1.0212401908472144,ez_2y_yield
2011-08-08,0.9300490317071852,ez_2y_yield
2011-08-09,0.9200394797784064,ez_2y_yield
2011-08-10,0.7705422678752025,ez_2y_yield
2011-08-11,0.7755912258202056,ez_2y_yield
2011-08-12,0.8520739501072265,ez_2y_yield
2011-08-15,0.8829993482773735,ez_2y_yield
2011-08-16,0.8800989945518662,ez_2y_yield
2011-08-17,0.8746762741931968,ez_2y_yield
2011-08-18,0.708004347713399,ez_2y_yield
2011-08-19,0.7945711859656006,ez_2y_yield
2011-08-22,0.8280856132493726,ez_2y_yield
2011-08-23,0.7910065787250684,ez_2y_yield
2011-08-24,0.8580940853160381,ez_2y_yield
2011-08-25,0.8251646885571404,ez_2y_yield
2011-08-26,0.7669905659288756,ez_2y_yield
2011-08-29,0.9099913662558912,ez_2y_yield
2011-08-30,0.815388252313858,ez_2y_yield
2011-08-31,0.8594407727240168,ez_2y_yield
2011-09-01,0.854494823411678,ez_2y_yield
2011-09-02,0.7362420187231538,ez_2y_yield
2011-09-05,0.6584679220285281,ez_2y_yield
2011-09-06,0.6634122803768139,ez_2y_yield
2011-09-07,0.6765648323743052,ez_2y_yield
2011-09-08,0.6130942044361072,ez_2y_yield
2011-09-09,0.5577893802855027,ez_2y_yield
2011-09-12,0.5873322641040406,ez_2y_yield
2011-09-13,0.6761421556307141,ez_2y_yield
2011-09-14,0.7212099341057328,ez_2y_yield
2011-09-15,0.8289232484643849,ez_2y_yield
2011-09-16,0.7517730710429193,ez_2y_yield
2011-09-19,0.6608027648407,ez_2y_yield
2011-09-20,0.6610356307582927,ez_2y_yield
2011-09-21,0.6681877502882847,ez_2y_yield
2011-09-22,0.6556422866712757,ez_2y_yield
2011-09-23,0.6219613545512498,ez_2y_yield
2011-09-26,0.6286600130152616,ez_2y_yield
2011-09-27,0.7781274225421048,ez_2y_yield
2011-09-28,0.7826625792982571,ez_2y_yield
2011-09-29,0.7859982743407885,ez_2y_yield
2011-09-30,0.7458998687388385,ez_2y_yield
2011-10-03,0.7144812796552028,ez_2y_yield
2011-10-04,0.6586477916383147,ez_2y_yield
2011-10-05,0.7308238350207672,ez_2y_yield
2011-10-06,0.7818015318810915,ez_2y_yield
2011-10-07,0.8196152225820095,ez_2y_yield
2011-10-10,0.8477528979948554,ez_2y_yield
2011-10-11,0.8423279560106921,ez_2y_yield
2011-10-12,0.8876465509365947,ez_2y_yield
2011-10-13,0.8470781576604779,ez_2y_yield
2011-10-14,0.8809419701125075,ez_2y_yield
2011-10-17,0.8070155812369069,ez_2y_yield
2011-10-18,0.838507746834629,ez_2y_yield
2011-10-19,0.86405000222838,ez_2y_yield
2011-10-20,0.9227476564864744,ez_2y_yield
2011-10-21,0.9249860752248832,ez_2y_yield
2011-10-24,0.89090384362722,ez_2y_yield
2011-10-25,0.8600583817987613,ez_2y_yield
2011-10-26,0.7803082284231773,ez_2y_yield
2011-10-27,0.859690221260278,ez_2y_yield
2011-10-28,0.8654956837164804,ez_2y_yield
2011-10-31,0.8090178255587928,ez_2y_yield
2011-11-01,0.707845702098665,ez_2y_yield
2011-11-02,0.7452982281241083,ez_2y_yield
2011-11-03,0.6907732762295868,ez_2y_yield
2011-11-04,0.6855013333162897,ez_2y_yield
2011-11-07,0.7024431016172913,ez_2y_yield
2011-11-08,0.7120750760643029,ez_2y_yield
2011-11-09,0.7103392476296964,ez_2y_yield
2011-11-10,0.786682469532511,ez_2y_yield
2011-11-11,0.8357139988048069,ez_2y_yield
2011-11-14,0.8431943681693967,ez_2y_yield
2011-11-15,0.92894683298542,ez_2y_yield
2011-11-16,0.969680507128852,ez_2y_yield
2011-11-17,0.964948288982132,ez_2y_yield
2011-11-18,0.9813113235873188,ez_2y_yield
2011-11-21,0.9342657702919004,ez_2y_yield
2011-11-22,0.9511970315056796,ez_2y_yield
2011-11-23,1.0267463277610336,ez_2y_yield
2011-11-24,1.0655430977701457,ez_2y_yield
2011-11-25,1.0722131482763533,ez_2y_yield
2011-11-28,0.986949397201971,ez_2y_yield
2011-11-29,0.9534337063399712,ez_2y_yield
2011-11-30,0.7427330006655184,ez_2y_yield
2011-12-01,0.6798030353485647,ez_2y_yield
2011-12-02,0.6800655007851826,ez_2y_yield
2011-12-05,0.6753305400846963,ez_2y_yield
2011-12-06,0.7053988119314052,ez_2y_yield
2011-12-07,0.6661526068572456,ez_2y_yield
2011-12-08,0.6464795011276747,ez_2y_yield
2011-12-09,0.666454971280259,ez_2y_yield
2011-12-12,0.6371075408724041,ez_2y_yield
2011-12-13,0.6516521971744917,ez_2y_yield
2011-12-14,0.6227447498876815,ez_2y_yield
2011-12-15,0.5285656496411982,ez_2y_yield
2011-12-16,0.4554167998626681,ez_2y_yield
2011-12-19,0.5132696823515015,ez_2y_yield
2011-12-20,0.5120142958145746,ez_2y_yield
2011-12-21,0.5131010981106401,ez_2y_yield
2011-12-22,0.515062613985265,ez_2y_yield
2011-12-23,0.4649620604018265,ez_2y_yield
2011-12-27,0.4234593579820909,ez_2y_yield
2011-12-28,0.4150197066131567,ez_2y_yield
2011-12-29,0.3909528516566973,ez_2y_yield
2011-12-30,0.4062171579213949,ez_2y_yield
2012-01-02,0.473965556310765,ez_2y_yield
2012-01-03,0.4602450963680429,ez_2y_yield
2012-01-04,0.4615639828484366,ez_2y_yield
2012-01-05,0.5126434052915063,ez_2y_yield
2012-01-06,0.5358372984830833,ez_2y_yield
2012-01-09,0.527176238733172,ez_2y_yield
2012-01-10,0.5340984782910163,ez_2y_yield
2012-01-11,0.4673290891655781,ez_2y_yield
2012-01-12,0.4052069912686731,ez_2y_yield
2012-01-13,0.4220590251669975,ez_2y_yield
2012-01-16,0.4104929715823195,ez_2y_yield
2012-01-17,0.4516065666049409,ez_2y_yield
2012-01-18,0.4689353930754625,ez_2y_yield
2012-01-19,0.4754336655662303,ez_2y_yield
2012-01-20,0.4867367870460894,ez_2y_yield
2012-01-23,0.4966302716538264,ez_2y_yield
2012-01-24,0.5086142549806936,ez_2y_yield
2012-01-25,0.4920991701621175,ez_2y_yield
2012-01-26,0.471317655680199,ez_2y_yield
2012-01-27,0.4606197464727035,ez_2y_yield
2012-01-30,0.4657829582047634,ez_2y_yield
2012-01-31,0.4498906654590446,ez_2y_yield
2012-02-01,0.4233339201368062,ez_2y_yield
2012-02-02,0.3940914377319844,ez_2y_yield
2012-02-03,0.3993153047690225,ez_2y_yield
2012-02-06,0.3819687691110416,ez_2y_yield
2012-02-07,0.3975814827309696,ez_2y_yield
2012-02-08,0.4167944066620501,ez_2y_yield
2012-02-09,0.4321859253094526,ez_2y_yield
2012-02-10,0.4187912251943713,ez_2y_yield
2012-02-13,0.4214992258767562,ez_2y_yield
2012-02-14,0.4316900896451558,ez_2y_yield
2012-02-15,0.4296381806779061,ez_2y_yield
2012-02-16,0.4527999240639149,ez_2y_yield
2012-02-17,0.471360713430955,ez_2y_yield
2012-02-20,0.4789465131862656,ez_2y_yield
2012-02-21,0.4784328818608743,ez_2y_yield
2012-02-22,0.4660537581169843,ez_2y_yield
2012-02-23,0.4477894803275477,ez_2y_yield
2012-02-24,0.4300836454499044,ez_2y_yield
2012-02-27,0.400480961128578,ez_2y_yield
2012-02-28,0.389421136456848,ez_2y_yield
2012-02-29,0.3727058498823243,ez_2y_yield
2012-03-01,0.3647945621720172,ez_2y_yield
2012-03-02,0.3362836149828734,ez_2y_yield
2012-03-05,0.3414298896040293,ez_2y_yield
2012-03-06,0.3446257187327255,ez_2y_yield
2012-03-07,0.3387607012399689,ez_2y_yield
2012-03-08,0.323014445986387,ez_2y_yield
2012-03-09,0.3382687534298361,ez_2y_yield
2012-03-12,0.3357116783419895,ez_2y_yield
2012-03-13,0.356695023854507,ez_2y_yield
2012-03-14,0.3916602304917616,ez_2y_yield
2012-03-15,0.4285827820875676,ez_2y_yield
2012-03-16,0.5014380360253732,ez_2y_yield
2012-03-19,0.4865940857538078,ez_2y_yield
2012-03-20,0.4892191885924934,ez_2y_yield
2012-03-21,0.4659379152825207,ez_2y_yield
2012-03-22,0.4443077977859424,ez_2y_yield
2012-03-23,0.4154143957653824,ez_2y_yield
2012-03-26,0.408979188941907,ez_2y_yield
2012-03-27,0.4131385443144664,ez_2y_yield
2012-03-28,0.3928663100435092,ez_2y_yield
2012-03-29,0.3871826430048419,ez_2y_yield
2012-03-30,0.3925908927875978,ez_2y_yield
2012-04-02,0.3676337596146108,ez_2y_yield
2012-04-03,0.3757082000942127,ez_2y_yield
2012-04-04,0.3693711021046093,ez_2y_yield
2012-04-05,0.362300041395625,ez_2y_yield
2012-04-10,0.3526638861451605,ez_2y_yield
2012-04-11,0.356461579862934,ez_2y_yield
2012-04-12,0.3392878296790211,ez_2y_yield
2012-04-13,0.3335392206732885,ez_2y_yield
2012-04-16,0.3609292460585207,ez_2y_yield
2012-04-17,0.3746268743337744,ez_2y_yield
2012-04-18,0.3704888593173097,ez_2y_yield
2012-04-19,0.4050052074423789,ez_2y_yield
2012-04-20,0.4041683845250929,ez_2y_yield
2012-04-23,0.4129624917222672,ez_2y_yield
2012-04-24,0.3959189923511461,ez_2y_yield
2012-04-25,0.3722353806187177,ez_2y_yield
2012-04-26,0.3416511401684579,ez_2y_yield
2012-04-27,0.3397193263822853,ez_2y_yield
2012-04-30,0.3185770747288687,ez_2y_yield
2012-05-02,0.2955928385536275,ez_2y_yield
2012-05-03,0.3003595585282239,ez_2y_yield
2012-05-04,0.2709537769822221,ez_2y_yield
2012-05-07,0.2569229143406737,ez_2y_yield
2012-05-08,0.2627630913526273,ez_2y_yield
2012-05-09,0.2849625818619845,ez_2y_yield
2012-05-10,0.2760797266245207,ez_2y_yield
2012-05-11,0.2700408664861795,ez_2y_yield
2012-05-14,0.267993528923574,ez_2y_yield
2012-05-15,0.2823386715484455,ez_2y_yield
2012-05-16,0.2881349937891082,ez_2y_yield
2012-05-17,0.2487734227891982,ez_2y_yield
2012-05-18,0.2623686982437805,ez_2y_yield
2012-05-21,0.2536838777392045,ez_2y_yield
2012-05-22,0.2474953477283845,ez_2y_yield
2012-05-23,0.2222526891008982,ez_2y_yield
2012-05-24,0.201082852322183,ez_2y_yield
2012-05-25,0.1936454377682634,ez_2y_yield
2012-05-28,0.1798333641094425,ez_2y_yield
2012-05-29,0.1886153356311073,ez_2y_yield
2012-05-30,0.187194095381332,ez_2y_yield
2012-05-31,0.1688157885086862,ez_2y_yield
2012-06-01,0.1367296664267048,ez_2y_yield
2012-06-04,0.1582545342489094,ez_2y_yield
2012-06-05,0.1551449941591149,ez_2y_yield
2012-06-06,0.2083894909325208,ez_2y_yield
2012-06-07,0.2446951683444771,ez_2y_yield
2012-06-08,0.2155859509521409,ez_2y_yield
2012-06-11,0.2392396186408873,ez_2y_yield
2012-06-12,0.2842529802418774,ez_2y_yield
2012-06-13,0.2896599695977055,ez_2y_yield
2012-06-14,0.2770488102780888,ez_2y_yield
2012-06-15,0.2392111034683965,ez_2y_yield
2012-06-18,0.2224563729728395,ez_2y_yield
2012-06-19,0.2500387119369085,ez_2y_yield
2012-06-20,0.3034819488199085,ez_2y_yield
2012-06-21,0.2722970532177582,ez_2y_yield
2012-06-22,0.2773716705985531,ez_2y_yield
2012-06-25,0.2395513963606799,ez_2y_yield
2012-06-26,0.2564566622308657,ez_2y_yield
2012-06-27,0.2610777912117052,ez_2y_yield
2012-06-28,0.2547525517764022,ez_2y_yield
2012-06-29,0.2686377686610068,ez_2y_yield
2012-07-02,0.2389824127543791,ez_2y_yield
2012-07-03,0.2023949787112053,ez_2y_yield
2012-07-04,0.1948259746154068,ez_2y_yield
2012-07-05,0.1274285940771173,ez_2y_yield
2012-07-06,0.0458600105088846,ez_2y_yield
2012-07-09,0.0395124840382816,ez_2y_yield
2012-07-10,0.0433428151455697,ez_2y_yield
2012-07-11,0.0129058678901277,ez_2y_yield
2012-07-12,0.0048448056535166,ez_2y_yield
2012-07-13,-0.0109128751157232,ez_2y_yield
2012-07-16,-0.022951784440881,ez_2y_yield
2012-07-17,-0.0174567287903348,ez_2y_yield
2012-07-18,-0.0168494769355502,ez_2y_yield
2012-07-19,-0.0141112724159269,ez_2y_yield
2012-07-20,-0.0288546553993827,ez_2y_yield
2012-07-23,0.0150636948094193,ez_2y_yield
2012-07-24,0.0466652750956422,ez_2y_yield
2012-07-25,0.0617709667301937,ez_2y_yield
2012-07-26,0.0324602341009843,ez_2y_yield
2012-07-27,0.0363776679769163,ez_2y_yield
2012-07-30,-0.0065599489404801,ez_2y_yield
2012-07-31,-0.022894358090622,ez_2y_yield
2012-08-01,-0.0398076024842444,ez_2y_yield
2012-08-02,-0.0350628033450277,ez_2y_yield
2012-08-03,-0.0034084472596687,ez_2y_yield
2012-08-06,-0.0187505475627975,ez_2y_yield
2012-08-07,0.0036421176549437,ez_2y_yield
2012-08-08,-0.0162495181268411,ez_2y_yield
2012-08-09,-0.0130949172491856,ez_2y_yield
2012-08-10,-0.0329149041660548,ez_2y_yield
2012-08-13,-0.0121551985642103,ez_2y_yield
2012-08-14,0.0049792965949482,ez_2y_yield
2012-08-15,0.0182891989370519,ez_2y_yield
2012-08-16,0.0079510697005176,ez_2y_yield
2012-08-17,0.0160347352678904,ez_2y_yield
2012-08-20,0.0210908685657438,ez_2y_yield
2012-08-21,0.0298354244457064,ez_2y_yield
2012-08-22,0.0320889710392151,ez_2y_yield
2012-08-23,0.0170244808949577,ez_2y_yield
2012-08-24,0.0050561308437666,ez_2y_yield
2012-08-27,0.0119609230455886,ez_2y_yield
2012-08-28,0.0202344723216558,ez_2y_yield
2012-08-29,0.0302696856999649,ez_2y_yield
2012-08-30,0.0081525628641339,ez_2y_yield
2012-08-31,0.0148515904850805,ez_2y_yield
2012-09-03,0.0229980887051999,ez_2y_yield
2012-09-04,0.022505228090651,ez_2y_yield
2012-09-05,0.014185294279942,ez_2y_yield
2012-09-06,0.0667503228589541,ez_2y_yield
2012-09-07,0.0753608194304868,ez_2y_yield
2012-09-10,0.0867802551609524,ez_2y_yield
2012-09-11,0.0830751021707678,ez_2y_yield
2012-09-12,0.0981413778766295,ez_2y_yield
2012-09-13,0.0835780756576616,ez_2y_yield
2012-09-14,0.1286321856546672,ez_2y_yield
2012-09-17,0.1306946651162266,ez_2y_yield
2012-09-18,0.1121868379405417,ez_2y_yield
2012-09-19,0.1074807729130555,ez_2y_yield
2012-09-20,0.0983666441428483,ez_2y_yield
2012-09-21,0.0988582327149534,ez_2y_yield
2012-09-24,0.0985597942818024,ez_2y_yield
2012-09-25,0.0976056769539779,ez_2y_yield
2012-09-26,0.0841163808451956,ez_2y_yield
2012-09-27,0.07976346980863,ez_2y_yield
2012-09-28,0.0713007962426099,ez_2y_yield
2012-10-01,0.089371173291072,ez_2y_yield
2012-10-02,0.0845828862699273,ez_2y_yield
2012-10-03,0.0774495090247398,ez_2y_yield
2012-10-04,0.0791003271203587,ez_2y_yield
2012-10-05,0.0879043015327121,ez_2y_yield
2012-10-08,0.0717320575112987,ez_2y_yield
2012-10-09,0.0759725258816232,ez_2y_yield
2012-10-10,0.0639468608606477,ez_2y_yield
2012-10-11,0.0747471470931078,ez_2y_yield
2012-10-12,0.0611775371252889,ez_2y_yield
2012-10-15,0.0621474469884599,ez_2y_yield
2012-10-16,0.0899619182612867,ez_2y_yield
2012-10-17,0.1126570379316103,ez_2y_yield
2012-10-18,0.1288380641491833,ez_2y_yield
2012-10-19,0.1287202969641163,ez_2y_yield
2012-10-22,0.147915870176122,ez_2y_yield
2012-10-23,0.1348646585913955,ez_2y_yield
2012-10-24,0.1203902346709688,ez_2y_yield
2012-10-25,0.1181411389286846,ez_2y_yield
2012-10-26,0.0960084200166413,ez_2y_yield
2012-10-29,0.0879155302482881,ez_2y_yield
2012-10-30,0.0771323368520624,ez_2y_yield
2012-10-31,0.085641221772831,ez_2y_yield
2012-11-01,0.0820305055929511,ez_2y_yield
2012-11-02,0.0665004505332778,ez_2y_yield
2012-11-05,0.0594114734050679,ez_2y_yield
2012-11-06,0.0510212565706851,ez_2y_yield
2012-11-07,0.0189759423556563,ez_2y_yield
2012-11-08,0.0218686054258729,ez_2y_yield
2012-11-09,0.0150359133431834,ez_2y_yield
2012-11-12,0.0172854201446006,ez_2y_yield
2012-11-13,0.0120803187557574,ez_2y_yield
2012-11-14,0.0269083246597414,ez_2y_yield
2012-11-15,0.0184752867509843,ez_2y_yield
2012-11-16,0.0127345193458712,ez_2y_yield
2012-11-19,0.021899002743539,ez_2y_yield
2012-11-20,0.0420100810069623,ez_2y_yield
2012-11-21,0.0606925182331359,ez_2y_yield
2012-11-22,0.057291204805062,ez_2y_yield
2012-11-23,0.050509762161897,ez_2y_yield
2012-11-26,0.0453161635883985,ez_2y_yield
2012-11-27,0.0566913894513425,ez_2y_yield
2012-11-28,0.0264400333851093,ez_2y_yield
2012-11-29,0.039257108109068,ez_2y_yield
2012-11-30,0.0364797140971484,ez_2y_yield
2012-12-03,0.0472007257762343,ez_2y_yield
2012-12-04,0.0504432236316265,ez_2y_yield
2012-12-05,0.0293709536772355,ez_2y_yield
2012-12-06,0.0087066678641432,ez_2y_yield
2012-12-07,-0.0304089250847567,ez_2y_yield
2012-12-10,-0.0321375695101431,ez_2y_yield
2012-12-11,-0.025953295594181,ez_2y_yield
2012-12-12,-0.0253739283371294,ez_2y_yield
2012-12-13,-0.026086211516394,ez_2y_yield
2012-12-14,-0.0249597005375652,ez_2y_yield
2012-12-17,-0.0055362090904891,ez_2y_yield
2012-12-18,0.0091410691613309,ez_2y_yield
2012-12-19,0.0198436156563643,ez_2y_yield
2012-12-20,0.0078688362378205,ez_2y_yield
2012-12-21,0.0047949337682573,ez_2y_yield
2012-12-24,-0.0012962017913817,ez_2y_yield
2012-12-27,0.0047158787235659,ez_2y_yield
2012-12-28,-0.0104175273747038,ez_2y_yield
2012-12-31,-0.0130237684373786,ez_2y_yield
2013-01-02,0.027952111825142,ez_2y_yield
2013-01-03,0.0547676608729297,ez_2y_yield
2013-01-04,0.098205372676003,ez_2y_yield
2013-01-07,0.0978278120842492,ez_2y_yield
2013-01-08,0.0836874430702701,ez_2y_yield
2013-01-09,0.0740492001656627,ez_2y_yield
2013-01-10,0.1055643121106686,ez_2y_yield
2013-01-11,0.1319494153951619,ez_2y_yield
2013-01-14,0.1312905682224849,ez_2y_yield
2013-01-15,0.1350511711398438,ez_2y_yield
2013-01-16,0.1357079397052087,ez_2y_yield
2013-01-17,0.1971506784726044,ez_2y_yield
2013-01-18,0.2069915177820003,ez_2y_yield
2013-01-21,0.200438539936933,ez_2y_yield
2013-01-22,0.1864453789194287,ez_2y_yield
2013-01-23,0.1744197167353887,ez_2y_yield
2013-01-24,0.173073549985919,ez_2y_yield
2013-01-25,0.2742903082637027,ez_2y_yield
2013-01-28,0.3279453544698656,ez_2y_yield
2013-01-29,0.2993718721381295,ez_2y_yield
2013-01-30,0.3339817640896507,ez_2y_yield
2013-01-31,0.3152915375658032,ez_2y_yield
2013-02-01,0.2615271127350991,ez_2y_yield
2013-02-04,0.2577726221131127,ez_2y_yield
2013-02-05,0.2751855869857831,ez_2y_yield
2013-02-06,0.2642325444689879,ez_2y_yield
2013-02-07,0.224765720330323,ez_2y_yield
2013-02-08,0.218822785910703,ez_2y_yield
2013-02-11,0.2169748789756869,ez_2y_yield
2013-02-12,0.2347398728592096,ez_2y_yield
2013-02-13,0.2492650171773109,ez_2y_yield
2013-02-14,0.2192795214408383,ez_2y_yield
2013-02-15,0.2161113737674176,ez_2y_yield
2013-02-18,0.2136248955877908,ez_2y_yield
2013-02-19,0.2162630927697435,ez_2y_yield
2013-02-20,0.2329190789031745,ez_2y_yield
2013-02-21,0.2040633078959079,ez_2y_yield
2013-02-22,0.1654057059208047,ez_2y_yield
2013-02-25,0.1914101375764887,ez_2y_yield
2013-02-26,0.1301622050646953,ez_2y_yield
2013-02-27,0.1020543962529307,ez_2y_yield
2013-02-28,0.1023372457842355,ez_2y_yield
2013-03-01,0.081328518377298,ez_2y_yield
2013-03-04,0.0848603072323541,ez_2y_yield
2013-03-05,0.0978331671887611,ez_2y_yield
2013-03-06,0.0919894678126445,ez_2y_yield
2013-03-07,0.1241055031007878,ez_2y_yield
2013-03-08,0.1366065254396016,ez_2y_yield
2013-03-11,0.1215589272276504,ez_2y_yield
2013-03-12,0.1149138093502286,ez_2y_yield
2013-03-13,0.1109933178173041,ez_2y_yield
2013-03-14,0.1118020218650164,ez_2y_yield
2013-03-15,0.100354712583067,ez_2y_yield
2013-03-18,0.0781277259574984,ez_2y_yield
2013-03-19,0.0729814242973865,ez_2y_yield
2013-03-20,0.0808717210739033,ez_2y_yield
2013-03-21,0.084993643680959,ez_2y_yield
2013-03-22,0.0925643460593144,ez_2y_yield
2013-03-25,0.080152844200489,ez_2y_yield
2013-03-26,0.0851504517847967,ez_2y_yield
2013-03-27,0.0637544366635114,ez_2y_yield
2013-03-28,0.0665872863952619,ez_2y_yield
2013-04-02,0.0879838440623514,ez_2y_yield
2013-04-03,0.0759599211116164,ez_2y_yield
2013-04-04,0.0575649166259202,ez_2y_yield
2013-04-05,0.0523479491477063,ez_2y_yield
2013-04-08,0.0585547612555683,ez_2y_yield
2013-04-09,0.0746798868560709,ez_2y_yield
2013-04-10,0.0966012953090924,ez_2y_yield
2013-04-11,0.087317697224043,ez_2y_yield
2013-04-12,0.0766081281668698,ez_2y_yield
2013-04-15,0.0773429019402645,ez_2y_yield
2013-04-16,0.080937684945535,ez_2y_yield
2013-04-17,0.0700559584230151,ez_2y_yield
2013-04-18,0.060249803375795,ez_2y_yield
2013-04-19,0.0760057707043135,ez_2y_yield
2013-04-22,0.0540156731464569,ez_2y_yield
2013-04-23,0.0594065207813967,ez_2y_yield
2013-04-24,0.0471932215814878,ez_2y_yield
2013-04-25,0.0532393824671197,ez_2y_yield
2013-04-26,0.0479047663329015,ez_2y_yield
2013-04-29,0.0423920716144703,ez_2y_yield
2013-04-30,0.0428256217003126,ez_2y_yield
2013-05-02,0.0216280699387345,ez_2y_yield
2013-05-03,0.0226878285772214,ez_2y_yield
2013-05-06,0.0390413986150814,ez_2y_yield
2013-05-07,0.051806291057113,ez_2y_yield
2013-05-08,0.0514750494028346,ez_2y_yield
2013-05-09,0.0403572135238392,ez_2y_yield
2013-05-10,0.0699005322730799,ez_2y_yield
2013-05-13,0.065094669776053,ez_2y_yield
2013-05-14,0.0630670596013236,ez_2y_yield
2013-05-15,0.0622383040592002,ez_2y_yield
2013-05-16,0.041985659704097,ez_2y_yield
2013-05-17,0.0279512921523701,ez_2y_yield
2013-05-20,0.0378095328426097,ez_2y_yield
2013-05-21,0.0579248063091908,ez_2y_yield
2013-05-22,0.0401850717152498,ez_2y_yield
2013-05-23,0.0573620007299129,ez_2y_yield
2013-05-24,0.0752098141847956,ez_2y_yield
2013-05-27,0.0791229766822079,ez_2y_yield
2013-05-28,0.0813334871680209,ez_2y_yield
2013-05-29,0.1252781776061948,ez_2y_yield
2013-05-30,0.1378510406283708,ez_2y_yield
2013-05-31,0.1278335009536828,ez_2y_yield
2013-06-03,0.1488621685745279,ez_2y_yield
2013-06-04,0.158832789100503,ez_2y_yield
2013-06-05,0.1558095864344855,ez_2y_yield
2013-06-06,0.2025777790295122,ez_2y_yield
2013-06-07,0.2134486281554188,ez_2y_yield
2013-06-10,0.2292713486318676,ez_2y_yield
2013-06-11,0.2811996152240046,ez_2y_yield
2013-06-12,0.2590111344102679,ez_2y_yield
2013-06-13,0.2241357006171429,ez_2y_yield
2013-06-14,0.1965227718054123,ez_2y_yield
2013-06-17,0.1921459087835604,ez_2y_yield
2013-06-18,0.2217903844943327,ez_2y_yield
2013-06-19,0.2153270955688095,ez_2y_yield
2013-06-20,0.3166024741197075,ez_2y_yield
2013-06-21,0.3302874728296237,ez_2y_yield
2013-06-24,0.4125432812806329,ez_2y_yield
2013-06-25,0.3727712617871148,ez_2y_yield
2013-06-26,0.3124204089903672,ez_2y_yield
2013-06-27,0.2787013921775694,ez_2y_yield
2013-06-28,0.2995856986837757,ez_2y_yield
2013-07-01,0.2771933312113437,ez_2y_yield
2013-07-02,0.248376189470389,ez_2y_yield
2013-07-03,0.2450717996689269,ez_2y_yield
2013-07-04,0.1835125109952686,ez_2y_yield
2013-07-05,0.1926575799821632,ez_2y_yield
2013-07-08,0.1558341450514153,ez_2y_yield
2013-07-09,0.1504488443298886,ez_2y_yield
2013-07-10,0.154571511171266,ez_2y_yield
2013-07-11,0.1727886209496776,ez_2y_yield
2013-07-12,0.1555360821788802,ez_2y_yield
2013-07-15,0.1341544193672907,ez_2y_yield
2013-07-16,0.1217680661650537,ez_2y_yield
2013-07-17,0.1104451445241077,ez_2y_yield
2013-07-18,0.1030118954163898,ez_2y_yield
2013-07-19,0.093335160389639,ez_2y_yield
2013-07-22,0.1105500801905057,ez_2y_yield
2013-07-23,0.1592138372495912,ez_2y_yield
2013-07-24,0.1815801744712843,ez_2y_yield
2013-07-25,0.1780292343782483,ez_2y_yield
2013-07-26,0.1754975779734859,ez_2y_yield
2013-07-29,0.1801948431840543,ez_2y_yield
2013-07-30,0.1766707083223262,ez_2y_yield
2013-07-31,0.1845091969484911,ez_2y_yield
2013-08-01,0.1847222585528207,ez_2y_yield
2013-08-02,0.1758203821205777,ez_2y_yield
2013-08-05,0.1812642470785141,ez_2y_yield
2013-08-06,0.1946178822372344,ez_2y_yield
2013-08-07,0.1941656576465971,ez_2y_yield
2013-08-08,0.1927641461900631,ez_2y_yield
2013-08-09,0.1915237453950338,ez_2y_yield
2013-08-12,0.1899554837866346,ez_2y_yield
2013-08-13,0.2377063533499388,ez_2y_yield
2013-08-14,0.2451887954747609,ez_2y_yield
2013-08-15,0.2637292522677437,ez_2y_yield
2013-08-16,0.250979489158313,ez_2y_yield
2013-08-19,0.2701363795902893,ez_2y_yield
2013-08-20,0.2544150478066531,ez_2y_yield
2013-08-21,0.2712726774633949,ez_2y_yield
2013-08-22,0.2739923487433273,ez_2y_yield
2013-08-23,0.3208533958845132,ez_2y_yield
2013-08-26,0.2807134782494498,ez_2y_yield
2013-08-27,0.2720560712355855,ez_2y_yield
2013-08-28,0.2759354908311997,ez_2y_yield
2013-08-29,0.268217176407747,ez_2y_yield
2013-08-30,0.2727822960707846,ez_2y_yield
2013-09-02,0.2906189133475063,ez_2y_yield
2013-09-03,0.2894088801644279,ez_2y_yield
2013-09-04,0.299443307086217,ez_2y_yield
2013-09-05,0.3533788970112552,ez_2y_yield
2013-09-06,0.2973915331011283,ez_2y_yield
2013-09-09,0.2996166729265836,ez_2y_yield
2013-09-10,0.327256662502184,ez_2y_yield
2013-09-11,0.3016324215569881,ez_2y_yield
2013-09-12,0.2736557179583503,ez_2y_yield
2013-09-13,0.2790740752924878,ez_2y_yield
2013-09-16,0.2639610326516042,ez_2y_yield
2013-09-17,0.2736660620503444,ez_2y_yield
2013-09-18,0.2879263320140524,ez_2y_yield
2013-09-19,0.2411584383465137,ez_2y_yield
2013-09-20,0.2569191924984459,ez_2y_yield
2013-09-23,0.2351542109673823,ez_2y_yield
2013-09-24,0.2219595253045341,ez_2y_yield
2013-09-25,0.2354831449091885,ez_2y_yield
2013-09-26,0.2346666756139739,ez_2y_yield
2013-09-27,0.2104915848129795,ez_2y_yield
2013-09-30,0.219325764165057,ez_2y_yield
2013-10-01,0.2132588616350794,ez_2y_yield
2013-10-02,0.2123663669138658,ez_2y_yield
2013-10-03,0.2161506580607479,ez_2y_yield
2013-10-04,0.2189390134565747,ez_2y_yield
2013-10-07,0.2030730798711344,ez_2y_yield
2013-10-08,0.222744945327026,ez_2y_yield
2013-10-09,0.2216549635709324,ez_2y_yield
2013-10-10,0.2310383370312898,ez_2y_yield
2013-10-11,0.2220445309277834,ez_2y_yield
2013-10-14,0.2213240546501254,ez_2y_yield
2013-10-15,0.2291317898843758,ez_2y_yield
2013-10-16,0.2623143676516357,ez_2y_yield
2013-10-17,0.2286105102928632,ez_2y_yield
2013-10-18,0.2087903111484799,ez_2y_yield
2013-10-21,0.2147330354931389,ez_2y_yield
2013-10-22,0.1936556173645445,ez_2y_yield
2013-10-23,0.1878319402775443,ez_2y_yield
2013-10-24,0.1955266283998344,ez_2y_yield
2013-10-25,0.212379801880759,ez_2y_yield
2013-10-28,0.210344333785251,ez_2y_yield
2013-10-29,0.2099352281476489,ez_2y_yield
2013-10-30,0.1856831357148278,ez_2y_yield
2013-10-31,0.148712521112095,ez_2y_yield
2013-11-01,0.1388034668993945,ez_2y_yield
2013-11-04,0.1358649543742487,ez_2y_yield
2013-11-05,0.1774067975877322,ez_2y_yield
2013-11-06,0.1749262969602423,ez_2y_yield
2013-11-07,0.1136431034026683,ez_2y_yield
2013-11-08,0.1426435636319123,ez_2y_yield
2013-11-11,0.1404817155207971,ez_2y_yield
2013-11-12,0.1317226116017713,ez_2y_yield
2013-11-13,0.1123485227659246,ez_2y_yield
2013-11-14,0.1180882577405255,ez_2y_yield
2013-11-15,0.1262480072273284,ez_2y_yield
2013-11-18,0.1219137777018675,ez_2y_yield
2013-11-19,0.1285453443494111,ez_2y_yield
2013-11-20,0.1335583287206168,ez_2y_yield
2013-11-21,0.1369851944341791,ez_2y_yield
2013-11-22,0.1515011872938361,ez_2y_yield
2013-11-25,0.1473285604093517,ez_2y_yield
2013-11-26,0.1408993428195031,ez_2y_yield
2013-11-27,0.1449526780929506,ez_2y_yield
2013-11-28,0.1413852602534868,ez_2y_yield
2013-11-29,0.1425077566575052,ez_2y_yield
2013-12-02,0.1517112918867278,ez_2y_yield
2013-12-03,0.1502850902175305,ez_2y_yield
2013-12-04,0.171137437668595,ez_2y_yield
2013-12-05,0.2125215597453187,ez_2y_yield
2013-12-06,0.2256740092133995,ez_2y_yield
2013-12-09,0.2261715397388553,ez_2y_yield
2013-12-10,0.226637693830042,ez_2y_yield
2013-12-11,0.2400453333779308,ez_2y_yield
2013-12-12,0.2604608161469102,ez_2y_yield
2013-12-13,0.261790556709045,ez_2y_yield
2013-12-16,0.2602428243761689,ez_2y_yield
2013-12-17,0.2504815644959386,ez_2y_yield
2013-12-18,0.2531631371111982,ez_2y_yield
2013-12-19,0.2574269176333685,ez_2y_yield
2013-12-20,0.2601366284257311,ez_2y_yield
2013-12-23,0.2519541118329451,ez_2y_yield
2013-12-24,0.250463398178808,ez_2y_yield
2013-12-27,0.2720007568628118,ez_2y_yield
2013-12-30,0.2540546121730385,ez_2y_yield
2013-12-31,0.2482694912188021,ez_2y_yield
2014-01-02,0.2541735149590778,ez_2y_yield
2014-01-03,0.2493429255966885,ez_2y_yield
2014-01-06,0.240272391043641,ez_2y_yield
2014-01-07,0.2436146136617489,ez_2y_yield
2014-01-08,0.2461059738793487,ez_2y_yield
2014-01-09,0.247340866454957,ez_2y_yield
2014-01-10,0.2214768746335282,ez_2y_yield
2014-01-13,0.2150492669731596,ez_2y_yield
2014-01-14,0.2282490342670691,ez_2y_yield
2014-01-15,0.2465700728848006,ez_2y_yield
2014-01-16,0.2220829823394234,ez_2y_yield
2014-01-17,0.2061207199541916,ez_2y_yield
2014-01-20,0.2003644847578876,ez_2y_yield
2014-01-21,0.1983559609182785,ez_2y_yield
2014-01-22,0.2078992409172833,ez_2y_yield
2014-01-23,0.1987189960530395,ez_2y_yield
2014-01-24,0.1730981676970806,ez_2y_yield
2014-01-27,0.1834622723055656,ez_2y_yield
2014-01-28,0.1789498579464474,ez_2y_yield
2014-01-29,0.1643540454413079,ez_2y_yield
2014-01-30,0.1403023580507452,ez_2y_yield
2014-01-31,0.1075917425352668,ez_2y_yield
2014-02-03,0.1059171707134249,ez_2y_yield
2014-02-04,0.1076109028482834,ez_2y_yield
2014-02-05,0.1096821592033574,ez_2y_yield
2014-02-06,0.1542773659145728,ez_2y_yield
2014-02-07,0.1238674107544679,ez_2y_yield
2014-02-10,0.1340463076509741,ez_2y_yield
2014-02-11,0.1360091442200328,ez_2y_yield
2014-02-12,0.1296222900001251,ez_2y_yield
2014-02-13,0.1156591401488973,ez_2y_yield
2014-02-14,0.1275318077119447,ez_2y_yield
2014-02-17,0.1273280413545761,ez_2y_yield
2014-02-18,0.1295156211938821,ez_2y_yield
2014-02-19,0.1204131042185121,ez_2y_yield
2014-02-20,0.1330460353127875,ez_2y_yield
2014-02-21,0.1290578422176054,ez_2y_yield
2014-02-24,0.1412346984224464,ez_2y_yield
2014-02-25,0.1386314577582292,ez_2y_yield
2014-02-26,0.115010379158579,ez_2y_yield
2014-02-27,0.0961266176767847,ez_2y_yield
2014-02-28,0.1554750532464797,ez_2y_yield
2014-03-03,0.1335660669356491,ez_2y_yield
2014-03-04,0.1237309061048206,ez_2y_yield
2014-03-05,0.1319035076904682,ez_2y_yield
2014-03-06,0.1739469783626015,ez_2y_yield
2014-03-07,0.1914344404242554,ez_2y_yield
2014-03-10,0.1781051231361123,ez_2y_yield
2014-03-11,0.179734509217146,ez_2y_yield
2014-03-12,0.1662084306515603,ez_2y_yield
2014-03-13,0.1605218081213162,ez_2y_yield
2014-03-14,0.1493733532375447,ez_2y_yield
2014-03-17,0.1618114824798788,ez_2y_yield
2014-03-18,0.1678601943924151,ez_2y_yield
2014-03-19,0.1792655713644539,ez_2y_yield
2014-03-20,0.2237131706092068,ez_2y_yield
2014-03-21,0.2207849223799232,ez_2y_yield
2014-03-24,0.2032457105493983,ez_2y_yield
2014-03-25,0.1818032652959815,ez_2y_yield
2014-03-26,0.1630278402725231,ez_2y_yield
2014-03-27,0.141661418454793,ez_2y_yield
2014-03-28,0.1518692874135343,ez_2y_yield
2014-03-31,0.1717926110965528,ez_2y_yield
2014-04-01,0.1773126315198685,ez_2y_yield
2014-04-02,0.1898221416696195,ez_2y_yield
2014-04-03,0.1892768692139976,ez_2y_yield
2014-04-04,0.1684693596151061,ez_2y_yield
2014-04-07,0.1575481446568631,ez_2y_yield
2014-04-08,0.1715860462640943,ez_2y_yield
2014-04-09,0.187303455486417,ez_2y_yield
2014-04-10,0.1685462312404611,ez_2y_yield
2014-04-11,0.1594431031206973,ez_2y_yield
2014-04-14,0.1599222177366051,ez_2y_yield
2014-04-15,0.1535168912205171,ez_2y_yield
2014-04-16,0.1464901078468501,ez_2y_yield
2014-04-17,0.1653160616415463,ez_2y_yield
2014-04-22,0.1846907685482341,ez_2y_yield
2014-04-23,0.1924935320662086,ez_2y_yield
2014-04-24,0.1896396999170324,ez_2y_yield
2014-04-25,0.1835522530291196,ez_2y_yield
2014-04-28,0.1953905932829509,ez_2y_yield
2014-04-29,0.1739222055400282,ez_2y_yield
2014-04-30,0.1575993413145648,ez_2y_yield
2014-05-02,0.1475326018555391,ez_2y_yield
2014-05-05,0.1386184565922317,ez_2y_yield
2014-05-06,0.155778652546207,ez_2y_yield
2014-05-07,0.1667285653820251,ez_2y_yield
2014-05-08,0.1368925954844972,ez_2y_yield
2014-05-09,0.1261004379288532,ez_2y_yield
2014-05-12,0.1344186171047665,ez_2y_yield
2014-05-13,0.1075221882258912,ez_2y_yield
2014-05-14,0.0867069864965626,ez_2y_yield
2014-05-15,0.0663519556758545,ez_2y_yield
2014-05-16,0.0828256233602084,ez_2y_yield
2014-05-19,0.0790554411868345,ez_2y_yield
2014-05-20,0.0786626876573737,ez_2y_yield
2014-05-21,0.0880553684102158,ez_2y_yield
2014-05-22,0.0721075593980926,ez_2y_yield
2014-05-23,0.0683052993764987,ez_2y_yield
2014-05-26,0.0604421950302782,ez_2y_yield
2014-05-27,0.0520424230520202,ez_2y_yield
2014-05-28,0.0445448971522388,ez_2y_yield
2014-05-29,0.0508309574071206,ez_2y_yield
2014-05-30,0.0638350763972521,ez_2y_yield
2014-06-02,0.0509106008221325,ez_2y_yield
2014-06-03,0.0684268854270615,ez_2y_yield
2014-06-04,0.0569611914026433,ez_2y_yield
2014-06-05,0.0487144499024352,ez_2y_yield
2014-06-06,0.020977410784865,ez_2y_yield
2014-06-09,0.0350881077151656,ez_2y_yield
2014-06-10,0.042803845899225,ez_2y_yield
2014-06-11,0.0299748481679009,ez_2y_yield
2014-06-12,0.0169525883356693,ez_2y_yield
2014-06-13,0.0127356189521408,ez_2y_yield
2014-06-16,0.0096981057443938,ez_2y_yield
2014-06-17,0.0228198145952891,ez_2y_yield
2014-06-18,0.0198297853704163,ez_2y_yield
2014-06-19,0.0075921940126608,ez_2y_yield
2014-06-20,0.0228791299088975,ez_2y_yield
2014-06-23,0.0108687561492319,ez_2y_yield
2014-06-24,0.0152369102731069,ez_2y_yield
2014-06-25,0.0037925193007604,ez_2y_yield
2014-06-26,0.0021943269757711,ez_2y_yield
2014-06-27,0.015370152214988,ez_2y_yield
2014-06-30,0.016415252528116,ez_2y_yield
2014-07-01,0.0012467245288907,ez_2y_yield
2014-07-02,0.0096847532671517,ez_2y_yield
2014-07-03,0.002060123826741,ez_2y_yield
2014-07-04,-0.0074855369309672,ez_2y_yield
2014-07-07,-0.0036564196774606,ez_2y_yield
2014-07-08,-0.010569212085508,ez_2y_yield
2014-07-09,-0.0068372771341631,ez_2y_yield
2014-07-10,-0.0120032424632645,ez_2y_yield
2014-07-11,-0.0103150380198155,ez_2y_yield
2014-07-14,-0.0037722716389505,ez_2y_yield
2014-07-15,-0.0128010304999683,ez_2y_yield
2014-07-16,-0.0074118336128865,ez_2y_yield
2014-07-17,-0.0108531271572203,ez_2y_yield
2014-07-18,-0.0056607479640464,ez_2y_yield
2014-07-21,-0.0038723973420666,ez_2y_yield
2014-07-22,0.0024982995032023,ez_2y_yield
2014-07-23,-0.002230724028029,ez_2y_yield
2014-07-24,0.0027256470098158,ez_2y_yield
2014-07-25,-0.0061203340424174,ez_2y_yield
2014-07-28,-0.0019713981644229,ez_2y_yield
2014-07-29,-0.0047377499964609,ez_2y_yield
2014-07-30,0.00233109462823,ez_2y_yield
2014-07-31,0.0056386898885172,ez_2y_yield
2014-08-01,-0.005863682096113,ez_2y_yield
2014-08-04,-0.0051649296774027,ez_2y_yield
2014-08-05,0.0049305195408004,ez_2y_yield
2014-08-06,-0.0151303640202717,ez_2y_yield
2014-08-07,-0.012322050897807,ez_2y_yield
2014-08-08,-0.0151757737490565,ez_2y_yield
2014-08-11,-0.0187197727669747,ez_2y_yield
2014-08-12,-0.0167397583543484,ez_2y_yield
2014-08-13,-0.0217928831441058,ez_2y_yield
2014-08-14,-0.0233872667110248,ez_2y_yield
2014-08-15,-0.0238665211122826,ez_2y_yield
2014-08-18,-0.0244165351673837,ez_2y_yield
2014-08-19,-0.0291691302302425,ez_2y_yield
2014-08-20,-0.0351419806886768,ez_2y_yield
2014-08-21,-0.0304699696645283,ez_2y_yield
2014-08-22,-0.0231021924326402,ez_2y_yield
2014-08-25,-0.0616782062488852,ez_2y_yield
2014-08-26,-0.0458402576226575,ez_2y_yield
2014-08-27,-0.0565417743537386,ez_2y_yield
2014-08-28,-0.0456866587391115,ez_2y_yield
2014-08-29,-0.0473967107675532,ez_2y_yield
2014-09-01,-0.0615991438754828,ez_2y_yield
2014-09-02,-0.0536016685010647,ez_2y_yield
2014-09-03,-0.0475523967673496,ez_2y_yield
2014-09-04,-0.0978001663553964,ez_2y_yield
2014-09-05,-0.1039730634904638,ez_2y_yield
2014-09-08,-0.1046675991114423,ez_2y_yield
2014-09-09,-0.097539630445246,ez_2y_yield
2014-09-10,-0.0902472404855374,ez_2y_yield
2014-09-11,-0.0911994986267723,ez_2y_yield
2014-09-12,-0.0725965913227399,ez_2y_yield
2014-09-15,-0.0870099932571002,ez_2y_yield
2014-09-16,-0.0777497029410723,ez_2y_yield
2014-09-17,-0.0900588688259178,ez_2y_yield
2014-09-18,-0.0669291348569229,ez_2y_yield
2014-09-19,-0.0837295255921461,ez_2y_yield
2014-09-22,-0.0889171022880508,ez_2y_yield
2014-09-23,-0.0676634389948822,ez_2y_yield
2014-09-24,-0.0769941681516268,ez_2y_yield
2014-09-25,-0.0901707520006849,ez_2y_yield
2014-09-26,-0.0942846850941911,ez_2y_yield
2014-09-29,-0.0922217562804594,ez_2y_yield
2014-09-30,-0.0965022800761432,ez_2y_yield
2014-10-01,-0.1059627800261151,ez_2y_yield
2014-10-02,-0.0966497354415407,ez_2y_yield
2014-10-03,-0.0779789095431975,ez_2y_yield
2014-10-06,-0.086584127544727,ez_2y_yield
2014-10-07,-0.0877690283081604,ez_2y_yield
2014-10-08,-0.0869696347226067,ez_2y_yield
2014-10-09,-0.099361839274533,ez_2y_yield
2014-10-10,-0.0856488895963658,ez_2y_yield
2014-10-13,-0.0715204288284803,ez_2y_yield
2014-10-14,-0.0846027622470901,ez_2y_yield
2014-10-15,-0.0946436037744784,ez_2y_yield
2014-10-16,-0.0719161520790945,ez_2y_yield
2014-10-17,-0.0626273708252416,ez_2y_yield
2014-10-20,-0.0730473158596121,ez_2y_yield
2014-10-21,-0.0657296646366396,ez_2y_yield
2014-10-22,-0.0636410780250762,ez_2y_yield
2014-10-23,-0.065295882048276,ez_2y_yield
2014-10-24,-0.0652286989699124,ez_2y_yield
2014-10-27,-0.0595127840021336,ez_2y_yield
2014-10-28,-0.0639671087545257,ez_2y_yield
2014-10-29,-0.0605834357779087,ez_2y_yield
2014-10-30,-0.0779384077526401,ez_2y_yield
2014-10-31,-0.0826690687449698,ez_2y_yield
2014-11-03,-0.0786524595747577,ez_2y_yield
2014-11-04,-0.0776693318663475,ez_2y_yield
2014-11-05,-0.0821962963296334,ez_2y_yield
2014-11-06,-0.0872766534648827,ez_2y_yield
2014-11-07,-0.0886650127680819,ez_2y_yield
2014-11-10,-0.0831299309479853,ez_2y_yield
2014-11-11,-0.080708330029743,ez_2y_yield
2014-11-12,-0.0840209364572466,ez_2y_yield
2014-11-13,-0.0815239638960556,ez_2y_yield
2014-11-14,-0.0834741019077225,ez_2y_yield
2014-11-17,-0.0730568064581378,ez_2y_yield
2014-11-18,-0.0752249968063596,ez_2y_yield
2014-11-19,-0.0458306275497291,ez_2y_yield
2014-11-20,-0.0558231583775308,ez_2y_yield
2014-11-21,-0.0679493513680351,ez_2y_yield
2014-11-24,-0.0704477347813306,ez_2y_yield
2014-11-25,-0.0726130962495035,ez_2y_yield
2014-11-26,-0.0709917761949028,ez_2y_yield
2014-11-27,-0.0748038326726319,ez_2y_yield
2014-11-28,-0.0667006797005105,ez_2y_yield
2014-12-01,-0.0585325333820647,ez_2y_yield
2014-12-02,-0.0514599609062331,ez_2y_yield
2014-12-03,-0.0617956699173101,ez_2y_yield
2014-12-04,-0.0610599386427632,ez_2y_yield
2014-12-05,-0.056357774284768,ez_2y_yield
2014-12-08,-0.0638372157580215,ez_2y_yield
2014-12-09,-0.0615561461388685,ez_2y_yield
2014-12-10,-0.0601446429641279,ez_2y_yield
2014-12-11,-0.0616723782355475,ez_2y_yield
2014-12-12,-0.06673375497685,ez_2y_yield
2014-12-15,-0.0648555882157948,ez_2y_yield
2014-12-16,-0.0697392670211427,ez_2y_yield
2014-12-17,-0.0748951113534874,ez_2y_yield
2014-12-18,-0.080096370326252,ez_2y_yield
2014-12-19,-0.0873057683319236,ez_2y_yield
2014-12-22,-0.0901097248538951,ez_2y_yield
2014-12-23,-0.0932660807162206,ez_2y_yield
2014-12-24,-0.0957752260596063,ez_2y_yield
2014-12-29,-0.1035949295957125,ez_2y_yield
2014-12-30,-0.1136337042352924,ez_2y_yield
2014-12-31,-0.1162599667172621,ez_2y_yield
2015-01-02,-0.1159417169391758,ez_2y_yield
2015-01-05,-0.1136904946764816,ez_2y_yield
2015-01-06,-0.1076053677063701,ez_2y_yield
2015-01-07,-0.1167920912234565,ez_2y_yield
2015-01-08,-0.1182212538996978,ez_2y_yield
2015-01-09,-0.1264501051782476,ez_2y_yield
2015-01-12,-0.1279719574150135,ez_2y_yield
2015-01-13,-0.1310157509565424,ez_2y_yield
2015-01-14,-0.1356224659371396,ez_2y_yield
2015-01-15,-0.1612619141350202,ez_2y_yield
2015-01-16,-0.1646247357850478,ez_2y_yield
2015-01-19,-0.1674097951036328,ez_2y_yield
2015-01-20,-0.1502237123274383,ez_2y_yield
2015-01-21,-0.1122389197494431,ez_2y_yield
2015-01-22,-0.1534603599926254,ez_2y_yield
2015-01-23,-0.1431751844696015,ez_2y_yield
2015-01-26,-0.1231669908270289,ez_2y_yield
2015-01-27,-0.1180745230679589,ez_2y_yield
2015-01-28,-0.1272113072234366,ez_2y_yield
2015-01-29,-0.145216604205804,ez_2y_yield
2015-01-30,-0.1420980107298464,ez_2y_yield
2015-02-02,-0.1542298879030115,ez_2y_yield
2015-02-03,-0.1593573289183394,ez_2y_yield
2015-02-04,-0.1709638050429393,ez_2y_yield
2015-02-05,-0.1685579383922515,ez_2y_yield
2015-02-06,-0.1779871963982288,ez_2y_yield
2015-02-09,-0.170895123023629,ez_2y_yield
2015-02-10,-0.1763123241047375,ez_2y_yield
2015-02-11,-0.1735606690941047,ez_2y_yield
2015-02-12,-0.1819430883312873,ez_2y_yield
2015-02-13,-0.1874567646667271,ez_2y_yield
2015-02-16,-0.1885987868444323,ez_2y_yield
2015-02-17,-0.1775887671017317,ez_2y_yield
2015-02-18,-0.1855126001225484,ez_2y_yield
2015-02-19,-0.1851740109489035,ez_2y_yield
2015-02-20,-0.1889554971223837,ez_2y_yield
2015-02-23,-0.1827884203536802,ez_2y_yield
2015-02-24,-0.1747800252721574,ez_2y_yield
2015-02-25,-0.1885157880819123,ez_2y_yield
2015-02-26,-0.2067671927064989,ez_2y_yield
2015-02-27,-0.2010120048677314,ez_2y_yield
2015-03-02,-0.1860227618669232,ez_2y_yield
2015-03-03,-0.1815655884101954,ez_2y_yield
2015-03-04,-0.1744663742214082,ez_2y_yield
2015-03-05,-0.1774210298950514,ez_2y_yield
2015-03-06,-0.1861277071337647,ez_2y_yield
2015-03-09,-0.1919520379084163,ez_2y_yield
2015-03-10,-0.2108014720431157,ez_2y_yield
2015-03-11,-0.2067221939761641,ez_2y_yield
2015-03-12,-0.2122770537875463,ez_2y_yield
2015-03-13,-0.2104870986177632,ez_2y_yield
2015-03-16,-0.2009054681345352,ez_2y_yield
2015-03-17,-0.1781305760359247,ez_2y_yield
2015-03-18,-0.2051128307749669,ez_2y_yield
2015-03-19,-0.2126192576172207,ez_2y_yield
2015-03-20,-0.2143199236104517,ez_2y_yield
2015-03-23,-0.1972612535228263,ez_2y_yield
2015-03-24,-0.1956491082270998,ez_2y_yield
2015-03-25,-0.201750693500046,ez_2y_yield
2015-03-26,-0.2241479472175986,ez_2y_yield
2015-03-27,-0.2238468568540319,ez_2y_yield
2015-03-30,-0.2166273895230797,ez_2y_yield
2015-03-31,-0.2243697700188303,ez_2y_yield
2015-04-01,-0.2309630186338053,ez_2y_yield
2015-04-02,-0.2271598415518857,ez_2y_yield
2015-04-07,-0.2276459526367769,ez_2y_yield
2015-04-08,-0.2562334065087719,ez_2y_yield
2015-04-09,-0.2429611973163681,ez_2y_yield
2015-04-10,-0.2418979200363386,ez_2y_yield
2015-04-13,-0.2387911957662684,ez_2y_yield
2015-04-14,-0.2377004472117725,ez_2y_yield
2015-04-15,-0.2389721289170749,ez_2y_yield
2015-04-16,-0.2426191488612529,ez_2y_yield
2015-04-17,-0.23919360764877,ez_2y_yield
2015-04-20,-0.227710009294351,ez_2y_yield
2015-04-21,-0.233015221016145,ez_2y_yield
2015-04-22,-0.2221565955152651,ez_2y_yield
2015-04-23,-0.2533728477419401,ez_2y_yield
2015-04-24,-0.2480600827247552,ez_2y_yield
2015-04-27,-0.246189207626944,ez_2y_yield
2015-04-28,-0.2583175905191692,ez_2y_yield
2015-04-29,-0.2297789128412901,ez_2y_yield
2015-04-30,-0.2066047888869402,ez_2y_yield
2015-05-04,-0.2000631283330729,ez_2y_yield
2015-05-05,-0.200934016722603,ez_2y_yield
2015-05-06,-0.204930267634277,ez_2y_yield
2015-05-07,-0.2045708562871209,ez_2y_yield
2015-05-08,-0.2119405329840011,ez_2y_yield
2015-05-11,-0.2072730527196868,ez_2y_yield
2015-05-12,-0.1932700030890772,ez_2y_yield
2015-05-13,-0.1914572585854959,ez_2y_yield
2015-05-14,-0.1850300078831688,ez_2y_yield
2015-05-15,-0.1924563173386315,ez_2y_yield
2015-05-18,-0.192069556397382,ez_2y_yield
2015-05-19,-0.2029762934947017,ez_2y_yield
2015-05-20,-0.2103386826286259,ez_2y_yield
2015-05-21,-0.2182421499845954,ez_2y_yield
2015-05-22,-0.2129426469731725,ez_2y_yield
2015-05-25,-0.2124344000671345,ez_2y_yield
2015-05-26,-0.2203318969332559,ez_2y_yield
2015-05-27,-0.2164861509024296,ez_2y_yield
2015-05-28,-0.227272843818453,ez_2y_yield
2015-05-29,-0.2268033169818473,ez_2y_yield
2015-06-01,-0.2282004532156978,ez_2y_yield
2015-06-02,-0.2000370288833297,ez_2y_yield
2015-06-03,-0.1755933361055766,ez_2y_yield
2015-06-04,-0.1980051506648352,ez_2y_yield
2015-06-05,-0.1860264093005172,ez_2y_yield
2015-06-08,-0.1818876893625096,ez_2y_yield
2015-06-09,-0.1633009483921341,ez_2y_yield
2015-06-10,-0.1791834578301598,ez_2y_yield
2015-06-11,-0.1866227197991656,ez_2y_yield
2015-06-12,-0.196859631080672,ez_2y_yield
2015-06-15,-0.190340665764805,ez_2y_yield
2015-06-16,-0.1963852631315004,ez_2y_yield
2015-06-17,-0.1940205685838985,ez_2y_yield
2015-06-18,-0.2065563302692641,ez_2y_yield
2015-06-19,-0.2062361148384213,ez_2y_yield
2015-06-22,-0.1935208746153482,ez_2y_yield
2015-06-23,-0.2023818526341718,ez_2y_yield
2015-06-24,-0.208747654689172,ez_2y_yield
2015-06-25,-0.210862013615269,ez_2y_yield
2015-06-26,-0.2095391441907286,ez_2y_yield
2015-06-29,-0.2150425071665971,ez_2y_yield
2015-06-30,-0.2282906410996241,ez_2y_yield
2015-07-01,-0.2334664815093523,ez_2y_yield
2015-07-02,-0.2554172114077973,ez_2y_yield
2015-07-03,-0.266919610787713,ez_2y_yield
2015-07-06,-0.2668487583900072,ez_2y_yield
2015-07-07,-0.2683120059607122,ez_2y_yield
2015-07-08,-0.2666777612899154,ez_2y_yield
2015-07-09,-0.2636724543351212,ez_2y_yield
2015-07-10,-0.2265040359021097,ez_2y_yield
2015-07-13,-0.2260332907121121,ez_2y_yield
2015-07-14,-0.2349619220356733,ez_2y_yield
2015-07-15,-0.2516386919765743,ez_2y_yield
2015-07-16,-0.2326919861351117,ez_2y_yield
2015-07-17,-0.2426821390429585,ez_2y_yield
2015-07-20,-0.2381686853804745,ez_2y_yield
2015-07-21,-0.2355860987549496,ez_2y_yield
2015-07-22,-0.2388041216162029,ez_2y_yield
2015-07-23,-0.2397407641785272,ez_2y_yield
2015-07-24,-0.2490858411671821,ez_2y_yield
2015-07-27,-0.2464628863016578,ez_2y_yield
2015-07-28,-0.2478856934584599,ez_2y_yield
2015-07-29,-0.2515054625339772,ez_2y_yield
2015-07-30,-0.2623903068150588,ez_2y_yield
2015-07-31,-0.2559746368224578,ez_2y_yield
2015-08-03,-0.2582786657904565,ez_2y_yield
2015-08-04,-0.2592443215851514,ez_2y_yield
2015-08-05,-0.2484276642423579,ez_2y_yield
2015-08-06,-0.2553208382848175,ez_2y_yield
2015-08-07,-0.2732564055479578,ez_2y_yield
2015-08-10,-0.2718277392941759,ez_2y_yield
2015-08-11,-0.2750638225251469,ez_2y_yield
2015-08-12,-0.2808004620790525,ez_2y_yield
2015-08-13,-0.2739934136366648,ez_2y_yield
2015-08-14,-0.2702203431280827,ez_2y_yield
2015-08-17,-0.2659437424844122,ez_2y_yield
2015-08-18,-0.2516881716010013,ez_2y_yield
2015-08-19,-0.2492054413369659,ez_2y_yield
2015-08-20,-0.2641433179850962,ez_2y_yield
2015-08-21,-0.2579606270131471,ez_2y_yield
2015-08-24,-0.2597144344129025,ez_2y_yield
2015-08-25,-0.2345069280257201,ez_2y_yield
2015-08-26,-0.2284324642895721,ez_2y_yield
2015-08-27,-0.2295354805476319,ez_2y_yield
2015-08-28,-0.2301201681300648,ez_2y_yield
2015-08-31,-0.218853389635659,ez_2y_yield
2015-09-01,-0.2088921795318707,ez_2y_yield
2015-09-02,-0.2162792822187533,ez_2y_yield
2015-09-03,-0.2454451802612651,ez_2y_yield
2015-09-04,-0.2493959051507062,ez_2y_yield
2015-09-07,-0.2463184749770848,ez_2y_yield
2015-09-08,-0.2385557811337095,ez_2y_yield
2015-09-09,-0.2431834387265121,ez_2y_yield
2015-09-10,-0.2457873294970887,ez_2y_yield
2015-09-11,-0.2505472149715135,ez_2y_yield
2015-09-14,-0.2522012645267337,ez_2y_yield
2015-09-15,-0.2443341510800907,ez_2y_yield
2015-09-16,-0.2379263315794346,ez_2y_yield
2015-09-17,-0.2200187229861716,ez_2y_yield
2015-09-18,-0.2527291689283564,ez_2y_yield
2015-09-21,-0.2440196560044414,ez_2y_yield
2015-09-22,-0.271899768858967,ez_2y_yield
2015-09-23,-0.2633803344938412,ez_2y_yield
2015-09-24,-0.2573197604401349,ez_2y_yield
2015-09-25,-0.2523846658624924,ez_2y_yield
2015-09-28,-0.262562906200078,ez_2y_yield
2015-09-29,-0.2716460658344157,ez_2y_yield
2015-09-30,-0.2369035150266789,ez_2y_yield
2015-10-01,-0.2663562227013738,ez_2y_yield
2015-10-02,-0.2768160387868628,ez_2y_yield
2015-10-05,-0.2627378284744459,ez_2y_yield
2015-10-06,-0.2466176015391381,ez_2y_yield
2015-10-07,-0.2488159294456062,ez_2y_yield
2015-10-08,-0.257908100017179,ez_2y_yield
2015-10-09,-0.2538149709180519,ez_2y_yield
2015-10-12,-0.2607401494524639,ez_2y_yield
2015-10-13,-0.2578514340226023,ez_2y_yield
2015-10-14,-0.2622569927354279,ez_2y_yield
2015-10-15,-0.2719218459659513,ez_2y_yield
2015-10-16,-0.2700408159782688,ez_2y_yield
2015-10-19,-0.2703072973190021,ez_2y_yield
2015-10-20,-0.2430973657142363,ez_2y_yield
2015-10-21,-0.256546390994993,ez_2y_yield
2015-10-22,-0.339282607056278,ez_2y_yield
2015-10-23,-0.3195918155510844,ez_2y_yield
2015-10-26,-0.3271515088476295,ez_2y_yield
2015-10-27,-0.3393779121967633,ez_2y_yield
2015-10-28,-0.3370569823714104,ez_2y_yield
2015-10-29,-0.3255687237708908,ez_2y_yield
2015-10-30,-0.3134306329592951,ez_2y_yield
2015-11-02,-0.3011078925995116,ez_2y_yield
2015-11-03,-0.3092907731140997,ez_2y_yield
2015-11-04,-0.3212483298691939,ez_2y_yield
2015-11-05,-0.3148318953690836,ez_2y_yield
2015-11-06,-0.2923013308047464,ez_2y_yield
2015-11-09,-0.3102295651204398,ez_2y_yield
2015-11-10,-0.337890101900097,ez_2y_yield
2015-11-11,-0.3442071457022342,ez_2y_yield
2015-11-12,-0.3465440863992342,ez_2y_yield
2015-11-13,-0.3590512165161508,ez_2y_yield
2015-11-16,-0.3603345109024154,ez_2y_yield
2015-11-17,-0.3666338683490435,ez_2y_yield
2015-11-18,-0.3652064627187199,ez_2y_yield
2015-11-19,-0.3640835804573328,ez_2y_yield
2015-11-20,-0.3778022516955648,ez_2y_yield
2015-11-23,-0.3803247858083995,ez_2y_yield
2015-11-24,-0.3692845430685398,ez_2y_yield
2015-11-25,-0.4034745285444003,ez_2y_yield
2015-11-26,-0.4024209114362218,ez_2y_yield
2015-11-27,-0.4084282689489589,ez_2y_yield
2015-11-30,-0.4029375934540686,ez_2y_yield
2015-12-01,-0.4151533267784195,ez_2y_yield
2015-12-02,-0.4238947049376405,ez_2y_yield
2015-12-03,-0.3107490979157594,ez_2y_yield
2015-12-04,-0.2898968517119593,ez_2y_yield
2015-12-07,-0.3013985001624606,ez_2y_yield
2015-12-08,-0.3107648158997618,ez_2y_yield
2015-12-09,-0.3231682646421721,ez_2y_yield
2015-12-10,-0.3355199236130941,ez_2y_yield
2015-12-11,-0.3515328543086333,ez_2y_yield
2015-12-14,-0.3374421919074004,ez_2y_yield
2015-12-15,-0.3331874519814715,ez_2y_yield
2015-12-16,-0.335827803423995,ez_2y_yield
2015-12-17,-0.3466937161796881,ez_2y_yield
2015-12-18,-0.3597672803075467,ez_2y_yield
2015-12-21,-0.3640305244257931,ez_2y_yield
2015-12-22,-0.3474814447387437,ez_2y_yield
2015-12-23,-0.3395482924225463,ez_2y_yield
2015-12-28,-0.3395235966541774,ez_2y_yield
2015-12-29,-0.3330933020074171,ez_2y_yield
2015-12-30,-0.3462793725268485,ez_2y_yield
2016-01-04,-0.3665054273992991,ez_2y_yield
2016-01-05,-0.3753815263722542,ez_2y_yield
2016-01-06,-0.386431902166759,ez_2y_yield
2016-01-07,-0.3846199368024878,ez_2y_yield
2016-01-08,-0.3932920890135101,ez_2y_yield
2016-01-11,-0.3848407865944878,ez_2y_yield
2016-01-12,-0.3759553399233164,ez_2y_yield
2016-01-13,-0.383544619910019,ez_2y_yield
2016-01-14,-0.3927776239134743,ez_2y_yield
2016-01-15,-0.3953311055147646,ez_2y_yield
2016-01-18,-0.3901011001073016,ez_2y_yield
2016-01-19,-0.3817129452273011,ez_2y_yield
2016-01-20,-0.4000462522212711,ez_2y_yield
2016-01-21,-0.440355356567105,ez_2y_yield
2016-01-22,-0.4335734587356485,ez_2y_yield
2016-01-25,-0.4309698092067409,ez_2y_yield
2016-01-26,-0.4409029947348681,ez_2y_yield
2016-01-27,-0.4281538124661717,ez_2y_yield
2016-01-28,-0.4358156486621043,ez_2y_yield
2016-01-29,-0.4661021702851506,ez_2y_yield
2016-02-01,-0.4537572371646048,ez_2y_yield
2016-02-02,-0.4621372559289272,ez_2y_yield
2016-02-03,-0.4685358892794129,ez_2y_yield
2016-02-04,-0.4713468540548042,ez_2y_yield
2016-02-05,-0.4719466723785555,ez_2y_yield
2016-02-08,-0.4936818509244407,ez_2y_yield
2016-02-09,-0.4926171345341155,ez_2y_yield
2016-02-10,-0.4934598243074708,ez_2y_yield
2016-02-11,-0.5085326176533576,ez_2y_yield
2016-02-12,-0.4978669940923081,ez_2y_yield
2016-02-15,-0.4919851594606443,ez_2y_yield
2016-02-16,-0.4850931935000266,ez_2y_yield
2016-02-17,-0.4855414334916066,ez_2y_yield
2016-02-18,-0.4921240964040727,ez_2y_yield
2016-02-19,-0.5033983518023968,ez_2y_yield
2016-02-22,-0.5047193538657204,ez_2y_yield
2016-02-23,-0.4897095113223528,ez_2y_yield
2016-02-24,-0.499815126844731,ez_2y_yield
2016-02-25,-0.5034167979053024,ez_2y_yield
2016-02-26,-0.5200343755168992,ez_2y_yield
2016-02-29,-0.5356489751050475,ez_2y_yield
2016-03-01,-0.5346495724235156,ez_2y_yield
2016-03-02,-0.5242208515373328,ez_2y_yield
2016-03-03,-0.5464682441460171,ez_2y_yield
2016-03-04,-0.5303135145160294,ez_2y_yield
2016-03-07,-0.521627209723416,ez_2y_yield
2016-03-08,-0.5440898626954027,ez_2y_yield
2016-03-09,-0.5174358211491041,ez_2y_yield
2016-03-10,-0.5145390299961488,ez_2y_yield
2016-03-11,-0.4580612509924933,ez_2y_yield
2016-03-14,-0.4615943454177369,ez_2y_yield
2016-03-15,-0.4503382127007063,ez_2y_yield
2016-03-16,-0.4555384064560908,ez_2y_yield
2016-03-17,-0.4658045281798131,ez_2y_yield
2016-03-18,-0.4810107254449249,ez_2y_yield
2016-03-21,-0.475869113295106,ez_2y_yield
2016-03-22,-0.4807904351438905,ez_2y_yield
2016-03-23,-0.4828451188003777,ez_2y_yield
2016-03-24,-0.4841943637289869,ez_2y_yield
2016-03-29,-0.4971309158504207,ez_2y_yield
2016-03-30,-0.4898750814466135,ez_2y_yield
2016-03-31,-0.4904551380587385,ez_2y_yield
2016-04-01,-0.4910320002159452,ez_2y_yield
2016-04-04,-0.4817720703171373,ez_2y_yield
2016-04-05,-0.493525104431443,ez_2y_yield
2016-04-06,-0.4810990205211145,ez_2y_yield
2016-04-07,-0.503008250674136,ez_2y_yield
2016-04-08,-0.5065399004788673,ez_2y_yield
2016-04-11,-0.5030699903519061,ez_2y_yield
2016-04-12,-0.506718494249293,ez_2y_yield
2016-04-13,-0.5079610628156558,ez_2y_yield
2016-04-14,-0.5013686073112589,ez_2y_yield
2016-04-15,-0.5148788033244784,ez_2y_yield
2016-04-18,-0.5059509973949958,ez_2y_yield
2016-04-19,-0.5097153708671964,ez_2y_yield
2016-04-20,-0.5083897206151331,ez_2y_yield
2016-04-21,-0.4947556758609434,ez_2y_yield
2016-04-22,-0.4956804457562203,ez_2y_yield
2016-04-25,-0.4966422345391441,ez_2y_yield
2016-04-26,-0.4903056239766952,ez_2y_yield
2016-04-27,-0.4916760076465265,ez_2y_yield
2016-04-28,-0.5024612185860039,ez_2y_yield
2016-04-29,-0.5024367071229285,ez_2y_yield
2016-05-02,-0.4920232008417931,ez_2y_yield
2016-05-03,-0.5137137199148838,ez_2y_yield
2016-05-04,-0.5131077379910756,ez_2y_yield
2016-05-05,-0.5272480022322288,ez_2y_yield
2016-05-06,-0.5313993619148887,ez_2y_yield
2016-05-09,-0.5306091888960514,ez_2y_yield
2016-05-10,-0.5278352861141742,ez_2y_yield
2016-05-11,-0.5310315452067593,ez_2y_yield
2016-05-12,-0.5356264412634619,ez_2y_yield
2016-05-13,-0.5328394602687903,ez_2y_yield
2016-05-16,-0.5300966500595052,ez_2y_yield
2016-05-17,-0.5292399141432229,ez_2y_yield
2016-05-18,-0.5256699144400327,ez_2y_yield
2016-05-19,-0.5263922306341104,ez_2y_yield
2016-05-20,-0.5237914049151096,ez_2y_yield
2016-05-23,-0.5242486095121834,ez_2y_yield
2016-05-24,-0.5264285163856997,ez_2y_yield
2016-05-25,-0.5367448751853288,ez_2y_yield
2016-05-26,-0.5404244512651246,ez_2y_yield
2016-05-27,-0.5418359231201775,ez_2y_yield
2016-05-30,-0.5303685695230418,ez_2y_yield
2016-05-31,-0.5254433705933028,ez_2y_yield
2016-06-01,-0.5407720036540709,ez_2y_yield
2016-06-02,-0.536377272587913,ez_2y_yield
2016-06-03,-0.549558650981524,ez_2y_yield
2016-06-06,-0.557753467030274,ez_2y_yield
2016-06-07,-0.55381735905324,ez_2y_yield
2016-06-08,-0.5536256500052579,ez_2y_yield
2016-06-09,-0.5627771275088973,ez_2y_yield
2016-06-10,-0.5638358134706216,ez_2y_yield
2016-06-13,-0.5572569867817996,ez_2y_yield
2016-06-14,-0.5834278612943815,ez_2y_yield
2016-06-15,-0.5926883302677055,ez_2y_yield
2016-06-16,-0.6042915572665621,ez_2y_yield
2016-06-17,-0.6071444282841783,ez_2y_yield
2016-06-20,-0.5920622314807407,ez_2y_yield
2016-06-21,-0.5948912212276736,ez_2y_yield
2016-06-22,-0.5880203918010172,ez_2y_yield
2016-06-23,-0.5787020366839126,ez_2y_yield
2016-06-24,-0.6609153406995811,ez_2y_yield
2016-06-27,-0.6538958459647999,ez_2y_yield
2016-06-28,-0.6510635395449369,ez_2y_yield
2016-06-29,-0.6586551404377134,ez_2y_yield
2016-06-30,-0.6609447949233811,ez_2y_yield
2016-07-01,-0.6624122274277164,ez_2y_yield
2016-07-04,-0.670603642691999,ez_2y_yield
2016-07-05,-0.6794336473104918,ez_2y_yield
2016-07-06,-0.6943759723719176,ez_2y_yield
2016-07-07,-0.6924999137866767,ez_2y_yield
2016-07-08,-0.6989374873134402,ez_2y_yield
2016-07-11,-0.6974204352197781,ez_2y_yield
2016-07-12,-0.6803150915887661,ez_2y_yield
2016-07-13,-0.6887036162706339,ez_2y_yield
2016-07-14,-0.6732482791569057,ez_2y_yield
2016-07-15,-0.6698337843273543,ez_2y_yield
2016-07-18,-0.6727876809601403,ez_2y_yield
2016-07-19,-0.6628779827609343,ez_2y_yield
2016-07-20,-0.6503627600622153,ez_2y_yield
2016-07-21,-0.6421905251339513,ez_2y_yield
2016-07-22,-0.6421943131982442,ez_2y_yield
2016-07-25,-0.6386635725054512,ez_2y_yield
2016-07-26,-0.6372741351974329,ez_2y_yield
2016-07-27,-0.649851686447064,ez_2y_yield
2016-07-28,-0.646781163784647,ez_2y_yield
2016-07-29,-0.6532821141232463,ez_2y_yield
2016-08-01,-0.6500928240134591,ez_2y_yield
2016-08-02,-0.6365865391266756,ez_2y_yield
2016-08-03,-0.6342446810831244,ez_2y_yield
2016-08-04,-0.6496641019468421,ez_2y_yield
2016-08-05,-0.6536273124392098,ez_2y_yield
2016-08-08,-0.6522922004469391,ez_2y_yield
2016-08-09,-0.6556834647013332,ez_2y_yield
2016-08-10,-0.6644386922797696,ez_2y_yield
2016-08-11,-0.6641990788521488,ez_2y_yield
2016-08-12,-0.6619079013333562,ez_2y_yield
2016-08-15,-0.6439503562590003,ez_2y_yield
2016-08-16,-0.6417337325884587,ez_2y_yield
2016-08-17,-0.6461065522724851,ez_2y_yield
2016-08-18,-0.6507581921760859,ez_2y_yield
2016-08-19,-0.6415643576607724,ez_2y_yield
2016-08-22,-0.6516948367836761,ez_2y_yield
2016-08-23,-0.6522142973538569,ez_2y_yield
2016-08-24,-0.649624281719166,ez_2y_yield
2016-08-25,-0.6422940389610345,ez_2y_yield
2016-08-26,-0.6407491335888471,ez_2y_yield
2016-08-29,-0.644183166649531,ez_2y_yield
2016-08-30,-0.6485674383724378,ez_2y_yield
2016-08-31,-0.6527914235767716,ez_2y_yield
2016-09-01,-0.6471059011554274,ez_2y_yield
2016-09-02,-0.6557528142814091,ez_2y_yield
2016-09-05,-0.6565403917215455,ez_2y_yield
2016-09-06,-0.674031655159951,ez_2y_yield
2016-09-07,-0.6875109298048265,ez_2y_yield
2016-09-08,-0.6640109294850696,ez_2y_yield
2016-09-09,-0.6507076544593997,ez_2y_yield
2016-09-12,-0.643232465522602,ez_2y_yield
2016-09-13,-0.6425776372344636,ez_2y_yield
2016-09-14,-0.6590481108366331,ez_2y_yield
2016-09-15,-0.6564382717051118,ez_2y_yield
2016-09-16,-0.664504168247575,ez_2y_yield
2016-09-19,-0.6609658230670212,ez_2y_yield
2016-09-20,-0.6694116939841024,ez_2y_yield
2016-09-21,-0.6681860055833031,ez_2y_yield
2016-09-22,-0.6822984144645581,ez_2y_yield
2016-09-23,-0.687223056837464,ez_2y_yield
2016-09-26,-0.6957096931962274,ez_2y_yield
2016-09-27,-0.7205943365916183,ez_2y_yield
2016-09-28,-0.7258134720783356,ez_2y_yield
2016-09-29,-0.7203597138866451,ez_2y_yield
2016-09-30,-0.7197846188872381,ez_2y_yield
2016-10-03,-0.7156544803140741,ez_2y_yield
2016-10-04,-0.7174527414999319,ez_2y_yield
2016-10-05,-0.7093548690091929,ez_2y_yield
2016-10-06,-0.7031509682518169,ez_2y_yield
2016-10-07,-0.706597431400052,ez_2y_yield
2016-10-10,-0.695485465366191,ez_2y_yield
2016-10-11,-0.691527779023767,ez_2y_yield
2016-10-12,-0.6915697548976358,ez_2y_yield
2016-10-13,-0.6988370672175064,ez_2y_yield
2016-10-14,-0.6973447773321304,ez_2y_yield
2016-10-17,-0.6944750821078376,ez_2y_yield
2016-10-18,-0.7076693260262203,ez_2y_yield
2016-10-19,-0.7040522038450092,ez_2y_yield
2016-10-20,-0.7081551731138709,ez_2y_yield
2016-10-21,-0.6994689532118197,ez_2y_yield
2016-10-24,-0.6972122649129755,ez_2y_yield
2016-10-25,-0.6947690295808528,ez_2y_yield
2016-10-26,-0.6790019742784144,ez_2y_yield
2016-10-27,-0.6688664074947273,ez_2y_yield
2016-10-28,-0.6653667918461434,ez_2y_yield
2016-10-31,-0.6629803169261805,ez_2y_yield
2016-11-01,-0.6475454835193584,ez_2y_yield
2016-11-02,-0.6631184170969004,ez_2y_yield
2016-11-03,-0.6735995280682472,ez_2y_yield
2016-11-04,-0.6891673915738252,ez_2y_yield
2016-11-07,-0.6806284562241189,ez_2y_yield
2016-11-08,-0.6798056226614557,ez_2y_yield
2016-11-09,-0.6977241472657165,ez_2y_yield
2016-11-10,-0.6685426835553541,ez_2y_yield
2016-11-11,-0.6570324399554854,ez_2y_yield
2016-11-14,-0.6538070509001983,ez_2y_yield
2016-11-15,-0.6692183650718859,ez_2y_yield
2016-11-16,-0.6679589606131167,ez_2y_yield
2016-11-17,-0.6737146476780875,ez_2y_yield
2016-11-18,-0.698246164791307,ez_2y_yield
2016-11-21,-0.7066063366200623,ez_2y_yield
2016-11-22,-0.7483185639955732,ez_2y_yield
2016-11-23,-0.7186396891929281,ez_2y_yield
2016-11-24,-0.7592772761545308,ez_2y_yield
2016-11-25,-0.775099033982614,ez_2y_yield
2016-11-28,-0.7858398017334745,ez_2y_yield
2016-11-29,-0.7799167720645501,ez_2y_yield
2016-11-30,-0.7791404456553979,ez_2y_yield
2016-12-01,-0.7724161910996514,ez_2y_yield
2016-12-02,-0.7561872370416554,ez_2y_yield
2016-12-05,-0.7332628116584026,ez_2y_yield
2016-12-06,-0.7280016893689427,ez_2y_yield
2016-12-07,-0.7145498301492923,ez_2y_yield
2016-12-08,-0.720715106995522,ez_2y_yield
2016-12-09,-0.7790583505233455,ez_2y_yield
2016-12-12,-0.7660997047938514,ez_2y_yield
2016-12-13,-0.756701277912601,ez_2y_yield
2016-12-14,-0.7589732836867444,ez_2y_yield
2016-12-15,-0.7798733009101593,ez_2y_yield
2016-12-16,-0.8023620972778533,ez_2y_yield
2016-12-19,-0.8020961600495555,ez_2y_yield
2016-12-20,-0.8021165211760279,ez_2y_yield
2016-12-21,-0.7981067804568953,ez_2y_yield
2016-12-22,-0.8091624505208079,ez_2y_yield
2016-12-23,-0.8132278638262234,ez_2y_yield
2016-12-27,-0.8218313382605946,ez_2y_yield
2016-12-28,-0.8315431519420957,ez_2y_yield
2016-12-29,-0.8038552902505653,ez_2y_yield
2016-12-30,-0.8000982626405939,ez_2y_yield
2017-01-02,-0.8181670896921829,ez_2y_yield
2017-01-03,-0.7987262447253185,ez_2y_yield
2017-01-04,-0.796285835508109,ez_2y_yield
2017-01-05,-0.7652190708344948,ez_2y_yield
2017-01-06,-0.7393404161948007,ez_2y_yield
2017-01-09,-0.7525120315583012,ez_2y_yield
2017-01-10,-0.7596324357319775,ez_2y_yield
2017-01-11,-0.7419533435486549,ez_2y_yield
2017-01-12,-0.7451465108175364,ez_2y_yield
2017-01-13,-0.7506443323557175,ez_2y_yield
2017-01-16,-0.7565141688465564,ez_2y_yield
2017-01-17,-0.7625813638965355,ez_2y_yield
2017-01-18,-0.737065805358665,ez_2y_yield
2017-01-19,-0.7333933734327163,ez_2y_yield
2017-01-20,-0.7097726064369283,ez_2y_yield
2017-01-23,-0.6855649827730188,ez_2y_yield
2017-01-24,-0.685996877326958,ez_2y_yield
2017-01-25,-0.6653688800020543,ez_2y_yield
2017-01-26,-0.6712029991276816,ez_2y_yield
2017-01-27,-0.672522497480518,ez_2y_yield
2017-01-30,-0.677531441817492,ez_2y_yield
2017-01-31,-0.6920974197856666,ez_2y_yield
2017-02-01,-0.7146369609704131,ez_2y_yield
2017-02-02,-0.7505927552112399,ez_2y_yield
2017-02-03,-0.7588422284229477,ez_2y_yield
2017-02-06,-0.7777718685984447,ez_2y_yield
2017-02-07,-0.7822619182723862,ez_2y_yield
2017-02-08,-0.8131281606106309,ez_2y_yield
2017-02-09,-0.8053079347424195,ez_2y_yield
2017-02-10,-0.7931039360966139,ez_2y_yield
2017-02-13,-0.8020430442656616,ez_2y_yield
2017-02-14,-0.8041668456169067,ez_2y_yield
2017-02-15,-0.7959800892380877,ez_2y_yield
2017-02-16,-0.7884900718255752,ez_2y_yield
2017-02-17,-0.816393799380029,ez_2y_yield
2017-02-20,-0.8400944040936063,ez_2y_yield
2017-02-21,-0.8469779787736988,ez_2y_yield
2017-02-22,-0.8960195704154796,ez_2y_yield
2017-02-23,-0.8982817730464179,ez_2y_yield
2017-02-24,-0.930352620503653,ez_2y_yield
2017-02-27,-0.9177140263756982,ez_2y_yield
2017-02-28,-0.8952173566631316,ez_2y_yield
2017-03-01,-0.858238491163811,ez_2y_yield
2017-03-02,-0.8591896552341876,ez_2y_yield
2017-03-03,-0.8345048895204883,ez_2y_yield
2017-03-06,-0.8342528240896661,ez_2y_yield
2017-03-07,-0.8760784543091953,ez_2y_yield
2017-03-08,-0.8562834172676519,ez_2y_yield
2017-03-09,-0.8525922698015567,ez_2y_yield
2017-03-10,-0.8460082687163366,ez_2y_yield
2017-03-13,-0.8183605500553632,ez_2y_yield
2017-03-14,-0.8067374517648407,ez_2y_yield
2017-03-15,-0.8214102776950005,ez_2y_yield
2017-03-16,-0.7950855603332143,ez_2y_yield
2017-03-17,-0.7881153749701673,ez_2y_yield
2017-03-20,-0.7709211107769978,ez_2y_yield
2017-03-21,-0.735123021518203,ez_2y_yield
2017-03-22,-0.771164167529363,ez_2y_yield
2017-03-23,-0.7583462619413535,ez_2y_yield
2017-03-24,-0.7370195780931019,ez_2y_yield
2017-03-27,-0.7149242528069428,ez_2y_yield
2017-03-28,-0.7179055957654068,ez_2y_yield
2017-03-29,-0.7612406832210281,ez_2y_yield
2017-03-30,-0.7436793606031067,ez_2y_yield
2017-03-31,-0.7283535794793483,ez_2y_yield
2017-04-03,-0.7873725092199209,ez_2y_yield
2017-04-04,-0.8082878916815699,ez_2y_yield
2017-04-05,-0.8052422419393412,ez_2y_yield
2017-04-06,-0.7964778087425497,ez_2y_yield
2017-04-07,-0.8155957220479637,ez_2y_yield
2017-04-10,-0.8326779504899378,ez_2y_yield
2017-04-11,-0.8434475701797961,ez_2y_yield
2017-04-12,-0.8420067405528631,ez_2y_yield
2017-04-13,-0.8572238046867451,ez_2y_yield
2017-04-18,-0.8461778135959754,ez_2y_yield
2017-04-19,-0.8057916346824627,ez_2y_yield
2017-04-20,-0.7858766049869113,ez_2y_yield
2017-04-21,-0.7857265720098505,ez_2y_yield
2017-04-24,-0.6992764493428401,ez_2y_yield
2017-04-25,-0.7018313864199337,ez_2y_yield
2017-04-26,-0.7062749360115932,ez_2y_yield
2017-04-27,-0.7268340139093548,ez_2y_yield
2017-04-28,-0.7320803590402449,ez_2y_yield
2017-05-02,-0.7383887936898423,ez_2y_yield
2017-05-03,-0.7323488098328292,ez_2y_yield
2017-05-04,-0.7207511610100701,ez_2y_yield
2017-05-05,-0.6977623405115079,ez_2y_yield
2017-05-08,-0.68914782305741,ez_2y_yield
2017-05-09,-0.6756781996966628,ez_2y_yield
2017-05-10,-0.6880337256432947,ez_2y_yield
2017-05-11,-0.6724458729226326,ez_2y_yield
2017-05-12,-0.6886235556510507,ez_2y_yield
2017-05-15,-0.6748691147678381,ez_2y_yield
2017-05-16,-0.662512507396138,ez_2y_yield
2017-05-17,-0.6883640253095722,ez_2y_yield
2017-05-18,-0.6941479229733769,ez_2y_yield
2017-05-19,-0.679065299362259,ez_2y_yield
2017-05-22,-0.6754649506161332,ez_2y_yield
2017-05-23,-0.6626976395150592,ez_2y_yield
2017-05-24,-0.6798279837873018,ez_2y_yield
2017-05-25,-0.6938281072316945,ez_2y_yield
2017-05-26,-0.7041108110412706,ez_2y_yield
2017-05-29,-0.7289786695733911,ez_2y_yield
2017-05-30,-0.7357365401249103,ez_2y_yield
2017-05-31,-0.7359024097670401,ez_2y_yield
2017-06-01,-0.7329104343205337,ez_2y_yield
2017-06-02,-0.7480126616172376,ez_2y_yield
2017-06-05,-0.731554756714436,ez_2y_yield
2017-06-06,-0.7499016623670762,ez_2y_yield
2017-06-07,-0.7559794884731783,ez_2y_yield
2017-06-08,-0.746443367553991,ez_2y_yield
2017-06-09,-0.754912508617716,ez_2y_yield
2017-06-12,-0.7515382195343854,ez_2y_yield
2017-06-13,-0.7212299234350379,ez_2y_yield
2017-06-14,-0.7163713027236174,ez_2y_yield
2017-06-15,-0.6591979497150158,ez_2y_yield
2017-06-16,-0.6830524726628502,ez_2y_yield
2017-06-19,-0.6696802639782211,ez_2y_yield
2017-06-20,-0.6718376793094594,ez_2y_yield
2017-06-21,-0.6599404815177126,ez_2y_yield
2017-06-22,-0.6651717008279006,ez_2y_yield
2017-06-23,-0.65032843183561,ez_2y_yield
2017-06-26,-0.6557621455971772,ez_2y_yield
2017-06-27,-0.610612879172467,ez_2y_yield
2017-06-28,-0.6107385664629907,ez_2y_yield
2017-06-29,-0.5982272964863675,ez_2y_yield
2017-06-30,-0.5860358511646915,ez_2y_yield
2017-07-03,-0.6063645902190862,ez_2y_yield
2017-07-04,-0.6157263751251545,ez_2y_yield
2017-07-05,-0.6023523562677431,ez_2y_yield
2017-07-06,-0.5923981635402251,ez_2y_yield
2017-07-07,-0.606108602539706,ez_2y_yield
2017-07-10,-0.6168116260072152,ez_2y_yield
2017-07-11,-0.6064346718529503,ez_2y_yield
2017-07-12,-0.6190180632922981,ez_2y_yield
2017-07-13,-0.6253842576283519,ez_2y_yield
2017-07-14,-0.6325131195366183,ez_2y_yield
2017-07-17,-0.6323908836858951,ez_2y_yield
2017-07-18,-0.6392138720623652,ez_2y_yield
2017-07-19,-0.6402525016168976,ez_2y_yield
2017-07-20,-0.6436986689765849,ez_2y_yield
2017-07-21,-0.6437726489582252,ez_2y_yield
2017-07-24,-0.6556850816749629,ez_2y_yield
2017-07-25,-0.6475712765100603,ez_2y_yield
2017-07-26,-0.6528243823934616,ez_2y_yield
2017-07-27,-0.664467069663166,ez_2y_yield
2017-07-28,-0.658818577416131,ez_2y_yield
2017-07-31,-0.6677879301542609,ez_2y_yield
2017-08-01,-0.6708553997478397,ez_2y_yield
2017-08-02,-0.6821703054825203,ez_2y_yield
2017-08-03,-0.6764010134952034,ez_2y_yield
2017-08-04,-0.6729454984207317,ez_2y_yield
2017-08-07,-0.6753310028481394,ez_2y_yield
2017-08-08,-0.6670214425523993,ez_2y_yield
2017-08-09,-0.6814680212885964,ez_2y_yield
2017-08-10,-0.6801208922186017,ez_2y_yield
2017-08-11,-0.7031796004310147,ez_2y_yield
2017-08-14,-0.7055315635241621,ez_2y_yield
2017-08-15,-0.6890506176624234,ez_2y_yield
2017-08-16,-0.6884724269699971,ez_2y_yield
2017-08-17,-0.6805273178986448,ez_2y_yield
2017-08-18,-0.7000984391392837,ez_2y_yield
2017-08-21,-0.7020942395337286,ez_2y_yield
2017-08-22,-0.7032135755090767,ez_2y_yield
2017-08-23,-0.7185161811870229,ez_2y_yield
2017-08-24,-0.7229737250576296,ez_2y_yield
2017-08-25,-0.7114144011382173,ez_2y_yield
2017-08-28,-0.7332824075870761,ez_2y_yield
2017-08-29,-0.742497940722588,ez_2y_yield
2017-08-30,-0.7244493855285317,ez_2y_yield
2017-08-31,-0.7341663992199683,ez_2y_yield
2017-09-01,-0.7264870387794229,ez_2y_yield
2017-09-04,-0.7413051187851529,ez_2y_yield
2017-09-05,-0.759554124330533,ez_2y_yield
2017-09-06,-0.7471465701505293,ez_2y_yield
2017-09-07,-0.7604467254267897,ez_2y_yield
2017-09-08,-0.7633127457827316,ez_2y_yield
2017-09-11,-0.7604673544174894,ez_2y_yield
2017-09-12,-0.7399262933260928,ez_2y_yield
2017-09-13,-0.7299451431121495,ez_2y_yield
2017-09-14,-0.7206202211901234,ez_2y_yield
2017-09-15,-0.7056445173470882,ez_2y_yield
2017-09-18,-0.699522557437696,ez_2y_yield
2017-09-19,-0.696656984425676,ez_2y_yield
2017-09-20,-0.6986707373204375,ez_2y_yield
2017-09-21,-0.6957818218409795,ez_2y_yield
2017-09-22,-0.691673029154046,ez_2y_yield
2017-09-25,-0.6778882429689128,ez_2y_yield
2017-09-26,-0.7190046396221828,ez_2y_yield
2017-09-27,-0.7024221582565922,ez_2y_yield
2017-09-28,-0.7101638978835298,ez_2y_yield
2017-09-29,-0.6999581196698683,ez_2y_yield
2017-10-02,-0.7155326883760775,ez_2y_yield
2017-10-03,-0.7122918772976821,ez_2y_yield
2017-10-04,-0.7163426843514076,ez_2y_yield
2017-10-05,-0.7033956093803466,ez_2y_yield
2017-10-06,-0.6824731304138671,ez_2y_yield
2017-10-09,-0.7063305132387336,ez_2y_yield
2017-10-10,-0.70152675313693,ez_2y_yield
2017-10-11,-0.6953399454251183,ez_2y_yield
2017-10-12,-0.7124039816193077,ez_2y_yield
2017-10-13,-0.7286280098888733,ez_2y_yield
2017-10-16,-0.7462403070737462,ez_2y_yield
2017-10-17,-0.7417228057703538,ez_2y_yield
2017-10-18,-0.73042909406528,ez_2y_yield
2017-10-19,-0.737267316936185,ez_2y_yield
2017-10-20,-0.7184527558678964,ez_2y_yield
2017-10-23,-0.7300149644696567,ez_2y_yield
2017-10-24,-0.705378641506881,ez_2y_yield
2017-10-25,-0.6973443201031024,ez_2y_yield
2017-10-26,-0.7292970915131098,ez_2y_yield
2017-10-27,-0.7485892550545188,ez_2y_yield
2017-10-30,-0.7574911601902539,ez_2y_yield
2017-10-31,-0.744982685394139,ez_2y_yield
2017-11-01,-0.751392239768693,ez_2y_yield
2017-11-02,-0.7437468896640738,ez_2y_yield
2017-11-03,-0.756691930637797,ez_2y_yield
2017-11-06,-0.7455083994131231,ez_2y_yield
2017-11-07,-0.762951060536615,ez_2y_yield
2017-11-08,-0.7658246034695289,ez_2y_yield
2017-11-09,-0.7460245445267688,ez_2y_yield
2017-11-10,-0.7476946647973985,ez_2y_yield
2017-11-13,-0.7407622829979061,ez_2y_yield
2017-11-14,-0.7331121895200834,ez_2y_yield
2017-11-15,-0.7490579389949721,ez_2y_yield
2017-11-16,-0.7371355963390904,ez_2y_yield
2017-11-17,-0.7377633952978107,ez_2y_yield
2017-11-20,-0.7402381427402762,ez_2y_yield
2017-11-21,-0.739479472011026,ez_2y_yield
2017-11-22,-0.718180875602509,ez_2y_yield
2017-11-23,-0.7157607499590934,ez_2y_yield
2017-11-24,-0.7118833481682696,ez_2y_yield
2017-11-27,-0.7128897828242948,ez_2y_yield
2017-11-28,-0.7223276691038363,ez_2y_yield
2017-11-29,-0.7053485898847152,ez_2y_yield
2017-11-30,-0.7021452827025936,ez_2y_yield
2017-12-01,-0.7155631335293915,ez_2y_yield
2017-12-04,-0.7215488853837471,ez_2y_yield
2017-12-05,-0.7326212614239145,ez_2y_yield
2017-12-06,-0.7551588157729876,ez_2y_yield
2017-12-07,-0.767450613558939,ez_2y_yield
2017-12-08,-0.7623042108258975,ez_2y_yield
2017-12-11,-0.7478797616125608,ez_2y_yield
2017-12-12,-0.743906845655637,ez_2y_yield
2017-12-13,-0.7469175968417172,ez_2y_yield
2017-12-14,-0.738588411901115,ez_2y_yield
2017-12-15,-0.7382827626242525,ez_2y_yield
2017-12-18,-0.7240255516569718,ez_2y_yield
2017-12-19,-0.7105696042059124,ez_2y_yield
2017-12-20,-0.6913950787301859,ez_2y_yield
2017-12-21,-0.6699112092740309,ez_2y_yield
2017-12-22,-0.6649866952696035,ez_2y_yield
2017-12-27,-0.6731523010616778,ez_2y_yield
2017-12-28,-0.637618189823689,ez_2y_yield
2017-12-29,-0.6352172241188692,ez_2y_yield
2018-01-02,-0.6184492733985723,ez_2y_yield
2018-01-03,-0.6258495135872177,ez_2y_yield
2018-01-04,-0.6092078650348185,ez_2y_yield
2018-01-05,-0.610466326997031,ez_2y_yield
2018-01-08,-0.6202436117552228,ez_2y_yield
2018-01-09,-0.6158303015402957,ez_2y_yield
2018-01-10,-0.6151396804484026,ez_2y_yield
2018-01-11,-0.5646616875077592,ez_2y_yield
2018-01-12,-0.5597776646191157,ez_2y_yield
2018-01-15,-0.5778057363459306,ez_2y_yield
2018-01-16,-0.5749339861922129,ez_2y_yield
2018-01-17,-0.5706399095357986,ez_2y_yield
2018-01-18,-0.5762719550166233,ez_2y_yield
2018-01-19,-0.5854912862391126,ez_2y_yield
2018-01-22,-0.5915804785073462,ez_2y_yield
2018-01-23,-0.5833259436548168,ez_2y_yield
2018-01-24,-0.5807932699295382,ez_2y_yield
2018-01-25,-0.5451433564393389,ez_2y_yield
2018-01-26,-0.5387041960601016,ez_2y_yield
2018-01-29,-0.5075764573764943,ez_2y_yield
2018-01-30,-0.5176578097556845,ez_2y_yield
2018-01-31,-0.5247320548608307,ez_2y_yield
2018-02-01,-0.5327598288112059,ez_2y_yield
2018-02-02,-0.521751105664789,ez_2y_yield
2018-02-05,-0.543226240574679,ez_2y_yield
2018-02-06,-0.547235753362938,ez_2y_yield
2018-02-07,-0.5448470227649107,ez_2y_yield
2018-02-08,-0.5146026909352956,ez_2y_yield
2018-02-09,-0.5456359457166666,ez_2y_yield
2018-02-12,-0.5592832426489274,ez_2y_yield
2018-02-13,-0.5624755786788898,ez_2y_yield
2018-02-14,-0.5479182527473743,ez_2y_yield
2018-02-15,-0.5396199499448961,ez_2y_yield
2018-02-16,-0.5552945117676398,ez_2y_yield
2018-02-19,-0.5495560353561562,ez_2y_yield
2018-02-20,-0.556576740817512,ez_2y_yield
2018-02-21,-0.5484844626377612,ez_2y_yield
2018-02-22,-0.5560946036786856,ez_2y_yield
2018-02-23,-0.5701424029787718,ez_2y_yield
2018-02-26,-0.5725897805717945,ez_2y_yield
2018-02-27,-0.5642931916123333,ez_2y_yield
2018-02-28,-0.572716156433839,ez_2y_yield
2018-03-01,-0.5817057429596186,ez_2y_yield
2018-03-02,-0.5804957664433212,ez_2y_yield
2018-03-05,-0.5803534240144961,ez_2y_yield
2018-03-06,-0.5622852014496118,ez_2y_yield
2018-03-07,-0.5585202152058821,ez_2y_yield
2018-03-08,-0.5671559401157857,ez_2y_yield
2018-03-09,-0.5715420545818306,ez_2y_yield
2018-03-12,-0.5800019062003967,ez_2y_yield
2018-03-13,-0.5890634617310768,ez_2y_yield
2018-03-14,-0.5793483600312781,ez_2y_yield
2018-03-15,-0.5862981806561312,ez_2y_yield
2018-03-16,-0.591061555091895,ez_2y_yield
2018-03-19,-0.5854879794608339,ez_2y_yield
2018-03-20,-0.5876399456870267,ez_2y_yield
2018-03-21,-0.5867594890438408,ez_2y_yield
2018-03-22,-0.614247893129682,ez_2y_yield
2018-03-23,-0.6017288877753648,ez_2y_yield
2018-03-26,-0.5983788171555,ez_2y_yield
2018-03-27,-0.6073070106820992,ez_2y_yield
2018-03-28,-0.6083209264391796,ez_2y_yield
2018-03-29,-0.609956169598294,ez_2y_yield
2018-04-03,-0.6016023872693204,ez_2y_yield
2018-04-04,-0.6032334389107241,ez_2y_yield
2018-04-05,-0.5873391172779057,ez_2y_yield
2018-04-06,-0.5904540552122226,ez_2y_yield
2018-04-09,-0.5836820000940577,ez_2y_yield
2018-04-10,-0.5702934950496834,ez_2y_yield
2018-04-11,-0.5714193834071057,ez_2y_yield
2018-04-12,-0.5755119500336336,ez_2y_yield
2018-04-13,-0.5807393396290177,ez_2y_yield
2018-04-16,-0.5792179391803032,ez_2y_yield
2018-04-17,-0.5853195319813924,ez_2y_yield
2018-04-18,-0.5753764775743457,ez_2y_yield
2018-04-19,-0.556253014385411,ez_2y_yield
2018-04-20,-0.5570122067315166,ez_2y_yield
2018-04-23,-0.5498127375869091,ez_2y_yield
2018-04-24,-0.5458236716106368,ez_2y_yield
2018-04-25,-0.5505285972836571,ez_2y_yield
2018-04-26,-0.5530571321939126,ez_2y_yield
2018-04-27,-0.571883621723801,ez_2y_yield
2018-04-30,-0.5709839086652089,ez_2y_yield
2018-05-02,-0.5717191943072839,ez_2y_yield
2018-05-03,-0.5778050843609961,ez_2y_yield
2018-05-04,-0.5725845064516379,ez_2y_yield
2018-05-07,-0.5769564920763957,ez_2y_yield
2018-05-08,-0.5715153182288937,ez_2y_yield
2018-05-09,-0.5645516371075718,ez_2y_yield
2018-05-10,-0.5793114878060175,ez_2y_yield
2018-05-11,-0.5679627449180273,ez_2y_yield
2018-05-14,-0.5470994881826616,ez_2y_yield
2018-05-15,-0.5379548794872218,ez_2y_yield
2018-05-16,-0.5581990429113333,ez_2y_yield
2018-05-17,-0.5595473370335631,ez_2y_yield
2018-05-18,-0.5640119899574643,ez_2y_yield
2018-05-21,-0.5909289594640343,ez_2y_yield
2018-05-22,-0.5874825958606325,ez_2y_yield
2018-05-23,-0.6045871736800219,ez_2y_yield
2018-05-24,-0.6162522611573111,ez_2y_yield
2018-05-25,-0.652919977306734,ez_2y_yield
2018-05-28,-0.6925742478333854,ez_2y_yield
2018-05-29,-0.7060217742182573,ez_2y_yield
2018-05-30,-0.704692734567586,ez_2y_yield
2018-05-31,-0.6913572167228086,ez_2y_yield
2018-06-01,-0.6366566110034633,ez_2y_yield
2018-06-04,-0.6318401252723831,ez_2y_yield
2018-06-05,-0.6563043077504824,ez_2y_yield
2018-06-06,-0.6225627072227509,ez_2y_yield
2018-06-07,-0.6179630992906064,ez_2y_yield
2018-06-08,-0.659559588167423,ez_2y_yield
2018-06-11,-0.6234215982829872,ez_2y_yield
2018-06-12,-0.6083517892430201,ez_2y_yield
2018-06-13,-0.6121423826484209,ez_2y_yield
2018-06-14,-0.6339709690008899,ez_2y_yield
2018-06-15,-0.6442975094533487,ez_2y_yield
2018-06-18,-0.6479226792752373,ez_2y_yield
2018-06-19,-0.6616324852662947,ez_2y_yield
2018-06-20,-0.6630035381399217,ez_2y_yield
2018-06-21,-0.6857809034324696,ez_2y_yield
2018-06-22,-0.6927997127879078,ez_2y_yield
2018-06-25,-0.6862412487397576,ez_2y_yield
2018-06-26,-0.6928244295043928,ez_2y_yield
2018-06-27,-0.6871671533591153,ez_2y_yield
2018-06-28,-0.6946496105669633,ez_2y_yield
2018-06-29,-0.682019234848231,ez_2y_yield
2018-07-02,-0.6966512530881479,ez_2y_yield
2018-07-03,-0.6813203491243645,ez_2y_yield
2018-07-04,-0.6718174626355884,ez_2y_yield
2018-07-05,-0.6660347230530146,ez_2y_yield
2018-07-06,-0.673036848684081,ez_2y_yield
2018-07-09,-0.6566104998315749,ez_2y_yield
2018-07-10,-0.6524142834464843,ez_2y_yield
2018-07-11,-0.6467465672300445,ez_2y_yield
2018-07-12,-0.655334751555313,ez_2y_yield
2018-07-13,-0.6618555300797784,ez_2y_yield
2018-07-16,-0.650205693134212,ez_2y_yield
2018-07-17,-0.6527641140919949,ez_2y_yield
2018-07-18,-0.6527274226924966,ez_2y_yield
2018-07-19,-0.6547338028622907,ez_2y_yield
2018-07-20,-0.6452680474940049,ez_2y_yield
2018-07-23,-0.6318103241985362,ez_2y_yield
2018-07-24,-0.6318903230625184,ez_2y_yield
2018-07-25,-0.6271391784464617,ez_2y_yield
2018-07-26,-0.6314733313781504,ez_2y_yield
2018-07-27,-0.6283917353300756,ez_2y_yield
2018-07-30,-0.6057251019936878,ez_2y_yield
2018-07-31,-0.5930745643892292,ez_2y_yield
2018-08-01,-0.578957669965229,ez_2y_yield
2018-08-02,-0.5881901903912095,ez_2y_yield
2018-08-03,-0.6141770125733528,ez_2y_yield
2018-08-06,-0.6123697411858489,ez_2y_yield
2018-08-07,-0.6109920554088202,ez_2y_yield
2018-08-08,-0.613145263544622,ez_2y_yield
2018-08-09,-0.6331357353538092,ez_2y_yield
2018-08-10,-0.6573601351896077,ez_2y_yield
2018-08-13,-0.6609658761325345,ez_2y_yield
2018-08-14,-0.6547490261678375,ez_2y_yield
2018-08-15,-0.6619919479459782,ez_2y_yield
2018-08-16,-0.6580970738561627,ez_2y_yield
2018-08-17,-0.6614776800260342,ez_2y_yield
2018-08-20,-0.6625850716289747,ez_2y_yield
2018-08-21,-0.6438010338448379,ez_2y_yield
2018-08-22,-0.6324920242080339,ez_2y_yield
2018-08-23,-0.6246828570218801,ez_2y_yield
2018-08-24,-0.6169822173052131,ez_2y_yield
2018-08-27,-0.6102311458994647,ez_2y_yield
2018-08-28,-0.6043309385367692,ez_2y_yield
2018-08-29,-0.5944592993412714,ez_2y_yield
2018-08-30,-0.6236487301149181,ez_2y_yield
2018-08-31,-0.6269550761316642,ez_2y_yield
2018-09-03,-0.629976479303914,ez_2y_yield
2018-09-04,-0.6108075097067847,ez_2y_yield
2018-09-05,-0.5853458554141948,ez_2y_yield
2018-09-06,-0.5929825361389325,ez_2y_yield
2018-09-07,-0.5826719640489433,ez_2y_yield
2018-09-10,-0.5722089711839828,ez_2y_yield
2018-09-11,-0.561004628760049,ez_2y_yield
2018-09-12,-0.5725057998482903,ez_2y_yield
2018-09-13,-0.5679983741827668,ez_2y_yield
2018-09-14,-0.5605720978127957,ez_2y_yield
2018-09-17,-0.5514205114784421,ez_2y_yield
2018-09-18,-0.5480354212514795,ez_2y_yield
2018-09-19,-0.5453190145078155,ez_2y_yield
2018-09-20,-0.5463463582445698,ez_2y_yield
2018-09-21,-0.5571499695156126,ez_2y_yield
2018-09-24,-0.5290102733464952,ez_2y_yield
2018-09-25,-0.5211293884071297,ez_2y_yield
2018-09-26,-0.5157521617244587,ez_2y_yield
2018-09-27,-0.5171137323607828,ez_2y_yield
2018-09-28,-0.5451433434200164,ez_2y_yield
2018-10-01,-0.5466704212058655,ez_2y_yield
2018-10-02,-0.5704635753485761,ez_2y_yield
2018-10-03,-0.5572971496887638,ez_2y_yield
2018-10-04,-0.5297809212467302,ez_2y_yield
2018-10-05,-0.5300351284536937,ez_2y_yield
2018-10-08,-0.5500029298457063,ez_2y_yield
2018-10-09,-0.5508205539154529,ez_2y_yield
2018-10-10,-0.534916618210934,ez_2y_yield
2018-10-11,-0.5539960487259332,ez_2y_yield
2018-10-12,-0.5687641720501739,ez_2y_yield
2018-10-15,-0.5833541936704076,ez_2y_yield
2018-10-16,-0.5852766797722095,ez_2y_yield
2018-10-17,-0.5947330359118119,ez_2y_yield
2018-10-18,-0.6061157247970304,ez_2y_yield
2018-10-19,-0.6247621572754296,ez_2y_yield
2018-10-22,-0.6096870309051292,ez_2y_yield
2018-10-23,-0.619352158791024,ez_2y_yield
2018-10-24,-0.6341105563889098,ez_2y_yield
2018-10-25,-0.6350254888267433,ez_2y_yield
2018-10-26,-0.6481863012177884,ez_2y_yield
2018-10-29,-0.6344201329319574,ez_2y_yield
2018-10-30,-0.6438386102317661,ez_2y_yield
2018-10-31,-0.6299003250758028,ez_2y_yield
2018-11-01,-0.6266445653498973,ez_2y_yield
2018-11-02,-0.6241776021057177,ez_2y_yield
2018-11-05,-0.6213209064226781,ez_2y_yield
2018-11-06,-0.6182093225577026,ez_2y_yield
2018-11-07,-0.5962768519598081,ez_2y_yield
2018-11-08,-0.5985169949965838,ez_2y_yield
2018-11-09,-0.6106086090793141,ez_2y_yield
2018-11-12,-0.6206777931295688,ez_2y_yield
2018-11-13,-0.6130013629351634,ez_2y_yield
2018-11-14,-0.6117279331919923,ez_2y_yield
2018-11-15,-0.6371934039544875,ez_2y_yield
2018-11-16,-0.6331055645632961,ez_2y_yield
2018-11-19,-0.6191972026062453,ez_2y_yield
2018-11-20,-0.6307478425139985,ez_2y_yield
2018-11-21,-0.6206905403776748,ez_2y_yield
2018-11-22,-0.6150929514665568,ez_2y_yield
2018-11-23,-0.6247578415630235,ez_2y_yield
2018-11-26,-0.6116244687822103,ez_2y_yield
2018-11-27,-0.624315731971878,ez_2y_yield
2018-11-28,-0.6209453830514065,ez_2y_yield
2018-11-29,-0.6346030542044003,ez_2y_yield
2018-11-30,-0.6361893579852991,ez_2y_yield
2018-12-03,-0.6340272104831399,ez_2y_yield
2018-12-04,-0.6435197543158413,ez_2y_yield
2018-12-05,-0.644105177996507,ez_2y_yield
2018-12-06,-0.6593980870196914,ez_2y_yield
2018-12-07,-0.6348795403011307,ez_2y_yield
2018-12-10,-0.6109071935660184,ez_2y_yield
2018-12-11,-0.6346566482785274,ez_2y_yield
2018-12-12,-0.6178571174571239,ez_2y_yield
2018-12-13,-0.6284936718746907,ez_2y_yield
2018-12-14,-0.6441758730400409,ez_2y_yield
2018-12-17,-0.6459667389600536,ez_2y_yield
2018-12-18,-0.6482181008316523,ez_2y_yield
2018-12-19,-0.6410470086646924,ez_2y_yield
2018-12-20,-0.6411363859472017,ez_2y_yield
2018-12-21,-0.6503375628094847,ez_2y_yield
2018-12-27,-0.6574296853226222,ez_2y_yield
2018-12-28,-0.6582477614142714,ez_2y_yield
2019-01-02,-0.6696859306575575,ez_2y_yield
2019-01-03,-0.6550761563498511,ez_2y_yield
2019-01-04,-0.6349525512673866,ez_2y_yield
2019-01-07,-0.6210712528190978,ez_2y_yield
2019-01-08,-0.6101836216718608,ez_2y_yield
2019-01-09,-0.6082947462457859,ez_2y_yield
2019-01-10,-0.6188518735302635,ez_2y_yield
2019-01-11,-0.6194097620120438,ez_2y_yield
2019-01-14,-0.6226261163658182,ez_2y_yield
2019-01-15,-0.6336027071066317,ez_2y_yield
2019-01-16,-0.6230697436777972,ez_2y_yield
2019-01-17,-0.6143232553539337,ez_2y_yield
2019-01-18,-0.613590144100681,ez_2y_yield
2019-01-21,-0.6073630554484319,ez_2y_yield
2019-01-22,-0.6105981297848508,ez_2y_yield
2019-01-23,-0.6079165653292922,ez_2y_yield
2019-01-24,-0.6023392609377192,ez_2y_yield
2019-01-25,-0.601070274898146,ez_2y_yield
2019-01-28,-0.5952243820277361,ez_2y_yield
2019-01-29,-0.5861937996465953,ez_2y_yield
2019-01-30,-0.5781267653727178,ez_2y_yield
2019-01-31,-0.5821824089825123,ez_2y_yield
2019-02-01,-0.5921860987815881,ez_2y_yield
2019-02-04,-0.5841666235759129,ez_2y_yield
2019-02-05,-0.5793725945467001,ez_2y_yield
2019-02-06,-0.5629819355965702,ez_2y_yield
2019-02-07,-0.5821738291663858,ez_2y_yield
2019-02-08,-0.5855405727967122,ez_2y_yield
2019-02-11,-0.573459333790034,ez_2y_yield
2019-02-12,-0.5699058679892293,ez_2y_yield
2019-02-13,-0.5612781598970478,ez_2y_yield
2019-02-14,-0.5687409542526516,ez_2y_yield
2019-02-15,-0.5658124695924203,ez_2y_yield
2019-02-18,-0.5690430417543038,ez_2y_yield
2019-02-19,-0.578161372798073,ez_2y_yield
2019-02-20,-0.5771470192903712,ez_2y_yield
2019-02-21,-0.5618157659136149,ez_2y_yield
2019-02-22,-0.5726652988338716,ez_2y_yield
2019-02-25,-0.5596982557421413,ez_2y_yield
2019-02-26,-0.5590257924509894,ez_2y_yield
2019-02-27,-0.5475179026440604,ez_2y_yield
2019-02-28,-0.5375636107662469,ez_2y_yield
2019-03-01,-0.5281549818304465,ez_2y_yield
2019-03-04,-0.5293991956781183,ez_2y_yield
2019-03-05,-0.5352326889352756,ez_2y_yield
2019-03-06,-0.5397265467853938,ez_2y_yield
2019-03-07,-0.5657996321784897,ez_2y_yield
2019-03-08,-0.5576015844075011,ez_2y_yield
2019-03-11,-0.5593234469016841,ez_2y_yield
2019-03-12,-0.561621327692805,ez_2y_yield
2019-03-13,-0.5616213276928064,ez_2y_yield
2019-03-14,-0.5587616361413779,ez_2y_yield
2019-03-15,-0.5528089609832247,ez_2y_yield
2019-03-18,-0.5482613798499969,ez_2y_yield
2019-03-19,-0.5403502936584386,ez_2y_yield
2019-03-20,-0.5414183288135965,ez_2y_yield
2019-03-21,-0.5566675169529183,ez_2y_yield
2019-03-22,-0.5797742010773383,ez_2y_yield
2019-03-25,-0.5810348851975733,ez_2y_yield
2019-03-26,-0.5744096676841375,ez_2y_yield
2019-03-27,-0.6336362484205966,ez_2y_yield
2019-03-28,-0.60881203630281,ez_2y_yield
2019-03-29,-0.6201085047184351,ez_2y_yield
2019-04-01,-0.6139492555569634,ez_2y_yield
2019-04-02,-0.621512317049774,ez_2y_yield
2019-04-03,-0.6019632851818493,ez_2y_yield
2019-04-04,-0.6002265099541892,ez_2y_yield
2019-04-05,-0.5931159299003705,ez_2y_yield
2019-04-08,-0.5932649584687408,ez_2y_yield
2019-04-09,-0.5902739541121611,ez_2y_yield
2019-04-10,-0.6076042713492416,ez_2y_yield
2019-04-11,-0.6042465766231917,ez_2y_yield
2019-04-12,-0.5805791328098193,ez_2y_yield
2019-04-15,-0.5770669927346144,ez_2y_yield
2019-04-16,-0.5842043868016122,ez_2y_yield
2019-04-17,-0.5839549638138495,ez_2y_yield
2019-04-18,-0.5878664128337632,ez_2y_yield
2019-04-23,-0.5904133871070396,ez_2y_yield
2019-04-24,-0.6041421139434373,ez_2y_yield
2019-04-25,-0.6082967786443816,ez_2y_yield
2019-04-26,-0.6100129958848033,ez_2y_yield
2019-04-29,-0.5964239875759829,ez_2y_yield
2019-04-30,-0.5937872516143656,ez_2y_yield
2019-05-02,-0.6000873403312013,ez_2y_yield
2019-05-03,-0.6028842045558651,ez_2y_yield
2019-05-06,-0.6005925396898464,ez_2y_yield
2019-05-07,-0.6171764733071079,ez_2y_yield
2019-05-08,-0.6301406076350231,ez_2y_yield
2019-05-09,-0.6421989520516163,ez_2y_yield
2019-05-10,-0.6284218376719939,ez_2y_yield
2019-05-13,-0.6372164634621154,ez_2y_yield
2019-05-14,-0.6491186024216993,ez_2y_yield
2019-05-15,-0.6673523159222938,ez_2y_yield
2019-05-16,-0.6460994567228195,ez_2y_yield
2019-05-17,-0.6435465505444342,ez_2y_yield
2019-05-20,-0.6415190254485661,ez_2y_yield
2019-05-21,-0.6325419084004626,ez_2y_yield
2019-05-22,-0.6300315355357142,ez_2y_yield
2019-05-23,-0.644911171010798,ez_2y_yield
2019-05-24,-0.6418244069969896,ez_2y_yield
2019-05-27,-0.6526119193943036,ez_2y_yield
2019-05-28,-0.6538724293326363,ez_2y_yield
2019-05-29,-0.6589632586906573,ez_2y_yield
2019-05-30,-0.6581493656620232,ez_2y_yield
2019-05-31,-0.6869487790477953,ez_2y_yield
2019-06-03,-0.667744133849427,ez_2y_yield
2019-06-04,-0.6636206038230048,ez_2y_yield
2019-06-05,-0.6789673458475405,ez_2y_yield
2019-06-06,-0.6556330284016649,ez_2y_yield
2019-06-07,-0.6753562063710934,ez_2y_yield
2019-06-10,-0.6677216345315791,ez_2y_yield
2019-06-11,-0.6726396598228512,ez_2y_yield
2019-06-12,-0.6767997131658738,ez_2y_yield
2019-06-13,-0.6771850818141538,ez_2y_yield
2019-06-14,-0.6909511889344255,ez_2y_yield
2019-06-17,-0.6861968373592258,ez_2y_yield
2019-06-18,-0.7513282858665682,ez_2y_yield
2019-06-19,-0.7325850418517139,ez_2y_yield
2019-06-20,-0.7502258130218227,ez_2y_yield
2019-06-21,-0.730615147065802,ez_2y_yield
2019-06-24,-0.7344230257871969,ez_2y_yield
2019-06-25,-0.7418314167036799,ez_2y_yield
2019-06-26,-0.7391389710948935,ez_2y_yield
2019-06-27,-0.7327475266939798,ez_2y_yield
2019-06-28,-0.7454175604950399,ez_2y_yield
2019-07-01,-0.7547355156908018,ez_2y_yield
2019-07-02,-0.7659637314981933,ez_2y_yield
2019-07-03,-0.7594465380483784,ez_2y_yield
2019-07-04,-0.7615317014728036,ez_2y_yield
2019-07-05,-0.7496887024846921,ez_2y_yield
2019-07-08,-0.7537460779182013,ez_2y_yield
2019-07-09,-0.7425618028663559,ez_2y_yield
2019-07-10,-0.7354994723079602,ez_2y_yield
2019-07-11,-0.7346504795854418,ez_2y_yield
2019-07-12,-0.7394963071486664,ez_2y_yield
2019-07-15,-0.7454693392032277,ez_2y_yield
2019-07-16,-0.7497546605014906,ez_2y_yield
2019-07-17,-0.7659429269211433,ez_2y_yield
2019-07-18,-0.7678624129190514,ez_2y_yield
2019-07-19,-0.783085288170112,ez_2y_yield
2019-07-22,-0.7918250690954336,ez_2y_yield
2019-07-23,-0.7968590379065397,ez_2y_yield
2019-07-24,-0.7968210860509282,ez_2y_yield
2019-07-25,-0.774022497114065,ez_2y_yield
2019-07-26,-0.7732641794652628,ez_2y_yield
2019-07-29,-0.7849729329031381,ez_2y_yield
2019-07-30,-0.7764827989718261,ez_2y_yield
2019-07-31,-0.793812569790453,ez_2y_yield
2019-08-01,-0.7942923763353744,ez_2y_yield
2019-08-02,-0.8046557741769287,ez_2y_yield
2019-08-05,-0.8265067536357802,ez_2y_yield
2019-08-06,-0.8337863947965345,ez_2y_yield
2019-08-07,-0.8749885468596319,ez_2y_yield
2019-08-08,-0.8693430437286427,ez_2y_yield
2019-08-09,-0.8837306213328278,ez_2y_yield
2019-08-12,-0.8930121348809403,ez_2y_yield
2019-08-13,-0.8829760411957253,ez_2y_yield
2019-08-14,-0.8895514990202948,ez_2y_yield
2019-08-15,-0.9112549679728984,ez_2y_yield
2019-08-16,-0.9233985204038322,ez_2y_yield
2019-08-19,-0.9198765383693944,ez_2y_yield
2019-08-20,-0.9336762119452442,ez_2y_yield
2019-08-21,-0.9172898449955555,ez_2y_yield
2019-08-22,-0.8866665054327787,ez_2y_yield
2019-08-23,-0.9063060981700016,ez_2y_yield
2019-08-26,-0.9080950831648344,ez_2y_yield
2019-08-27,-0.9082361719830448,ez_2y_yield
2019-08-28,-0.9171996584278236,ez_2y_yield
2019-08-29,-0.9289429480154778,ez_2y_yield
2019-08-30,-0.929722253152978,ez_2y_yield
2019-09-02,-0.939790864671418,ez_2y_yield
2019-09-03,-0.919734134055394,ez_2y_yield
2019-09-04,-0.9117660578706808,ez_2y_yield
2019-09-05,-0.896788555859112,ez_2y_yield
2019-09-06,-0.8925224468590356,ez_2y_yield
2019-09-09,-0.8739493652758625,ez_2y_yield
2019-09-10,-0.866242826033917,ez_2y_yield
2019-09-11,-0.8641644733314164,ez_2y_yield
2019-09-12,-0.7856719125011047,ez_2y_yield
2019-09-13,-0.7562898890602785,ez_2y_yield
2019-09-16,-0.7572722837819343,ez_2y_yield
2019-09-17,-0.7510507801912754,ez_2y_yield
2019-09-18,-0.7647269014829745,ez_2y_yield
2019-09-19,-0.7431638861604459,ez_2y_yield
2019-09-20,-0.7485352443119453,ez_2y_yield
2019-09-23,-0.7694007196870327,ez_2y_yield
2019-09-24,-0.7688752505711265,ez_2y_yield
2019-09-25,-0.7692103101581722,ez_2y_yield
2019-09-26,-0.7805072195703793,ez_2y_yield
2019-09-27,-0.7995267563221717,ez_2y_yield
2019-09-30,-0.8056211899408283,ez_2y_yield
2019-10-01,-0.7908502089447293,ez_2y_yield
2019-10-02,-0.7977470724138405,ez_2y_yield
2019-10-03,-0.8089466329546409,ez_2y_yield
2019-10-04,-0.8054539697497898,ez_2y_yield
2019-10-07,-0.8026056136446131,ez_2y_yield
2019-10-08,-0.8153982141973222,ez_2y_yield
2019-10-09,-0.79568940013993,ez_2y_yield
2019-10-10,-0.7433487035419826,ez_2y_yield
2019-10-11,-0.7365868934982363,ez_2y_yield
2019-10-14,-0.7294032806181376,ez_2y_yield
2019-10-15,-0.7188253751634717,ez_2y_yield
2019-10-16,-0.700096586960687,ez_2y_yield
2019-10-17,-0.6954869015318756,ez_2y_yield
2019-10-18,-0.688731026668131,ez_2y_yield
2019-10-21,-0.6885392435502777,ez_2y_yield
2019-10-22,-0.6870855340117163,ez_2y_yield
2019-10-23,-0.6892220858086979,ez_2y_yield
2019-10-24,-0.6957795420716368,ez_2y_yield
2019-10-25,-0.6896229144774986,ez_2y_yield
2019-10-28,-0.6757013588316405,ez_2y_yield
2019-10-29,-0.6705850708257928,ez_2y_yield
2019-10-30,-0.663673282193824,ez_2y_yield
2019-10-31,-0.6935057375135303,ez_2y_yield
2019-11-01,-0.6943884298448246,ez_2y_yield
2019-11-04,-0.6838892992027494,ez_2y_yield
2019-11-05,-0.6684360365112432,ez_2y_yield
2019-11-06,-0.6520705963560758,ez_2y_yield
2019-11-07,-0.6444771707563213,ez_2y_yield
2019-11-08,-0.639568231114851,ez_2y_yield
2019-11-11,-0.6326553811899371,ez_2y_yield
2019-11-12,-0.6421888344386075,ez_2y_yield
2019-11-13,-0.6508297236343275,ez_2y_yield
2019-11-14,-0.6634103828386069,ez_2y_yield
2019-11-15,-0.6658398740645128,ez_2y_yield
2019-11-18,-0.6598604158383816,ez_2y_yield
2019-11-19,-0.6576599099355032,ez_2y_yield
2019-11-20,-0.6663496258436856,ez_2y_yield
2019-11-21,-0.659114962768844,ez_2y_yield
2019-11-22,-0.6534085838875634,ez_2y_yield
2019-11-25,-0.6590246526423176,ez_2y_yield
2019-11-26,-0.6618538463010482,ez_2y_yield
2019-11-27,-0.656612184574175,ez_2y_yield
2019-11-28,-0.6581720303034269,ez_2y_yield
2019-11-29,-0.6469481468626892,ez_2y_yield
2019-12-02,-0.6348347399855161,ez_2y_yield
2019-12-03,-0.6585722948169708,ez_2y_yield
2019-12-04,-0.6623989149549878,ez_2y_yield
2019-12-05,-0.639008102096422,ez_2y_yield
2019-12-06,-0.6483586454217605,ez_2y_yield
2019-12-09,-0.6539890539904865,ez_2y_yield
2019-12-10,-0.6606419318015728,ez_2y_yield
2019-12-11,-0.6646086953768018,ez_2y_yield
2019-12-12,-0.6567774680092646,ez_2y_yield
2019-12-13,-0.6450026729331788,ez_2y_yield
2019-12-16,-0.6527907450943649,ez_2y_yield
2019-12-17,-0.6573393547190531,ez_2y_yield
2019-12-18,-0.6525160695004875,ez_2y_yield
2019-12-19,-0.6457612611659065,ez_2y_yield
2019-12-20,-0.6482873831644915,ez_2y_yield
2019-12-23,-0.6588257442690719,ez_2y_yield
2019-12-27,-0.6525141428086135,ez_2y_yield
2019-12-30,-0.6183938631328096,ez_2y_yield
2020-01-02,-0.6221803698032793,ez_2y_yield
2020-01-03,-0.6383653293695475,ez_2y_yield
2020-01-06,-0.6510860521593411,ez_2y_yield
2020-01-07,-0.6505532481170522,ez_2y_yield
2020-01-08,-0.6411880962933689,ez_2y_yield
2020-01-09,-0.6147477149325238,ez_2y_yield
2020-01-10,-0.6072432136451567,ez_2y_yield
2020-01-13,-0.5963014988721551,ez_2y_yield
2020-01-14,-0.5965589246791683,ez_2y_yield
2020-01-15,-0.6072709181834575,ez_2y_yield
2020-01-16,-0.6072732513273458,ez_2y_yield
2020-01-17,-0.6070145348750962,ez_2y_yield
2020-01-20,-0.6016910254530634,ez_2y_yield
2020-01-21,-0.5939891079141244,ez_2y_yield
2020-01-22,-0.6065684002724598,ez_2y_yield
2020-01-23,-0.6241419985009498,ez_2y_yield
2020-01-24,-0.6229442013081781,ez_2y_yield
2020-01-27,-0.6435231090442168,ez_2y_yield
2020-01-28,-0.6436538235766602,ez_2y_yield
2020-01-29,-0.6541296067031421,ez_2y_yield
2020-01-30,-0.6676917210795912,ez_2y_yield
2020-01-31,-0.6798593217539244,ez_2y_yield
2020-02-03,-0.6906003411458501,ez_2y_yield
2020-02-04,-0.6558862861675152,ez_2y_yield
2020-02-05,-0.647463688502329,ez_2y_yield
2020-02-06,-0.6346901988929821,ez_2y_yield
2020-02-07,-0.6511721804718329,ez_2y_yield
2020-02-10,-0.6469573872707652,ez_2y_yield
2020-02-11,-0.651099247761572,ez_2y_yield
2020-02-12,-0.6459643682086207,ez_2y_yield
2020-02-13,-0.6475079488225117,ez_2y_yield
2020-02-14,-0.6600926043809632,ez_2y_yield
2020-02-17,-0.6583096943690774,ez_2y_yield
2020-02-18,-0.6482447810286645,ez_2y_yield
2020-02-19,-0.6484782267427902,ez_2y_yield
2020-02-20,-0.6490679272752273,ez_2y_yield
2020-02-21,-0.6462501480417564,ez_2y_yield
2020-02-24,-0.6820501428721668,ez_2y_yield
2020-02-25,-0.6956320790141417,ez_2y_yield
2020-02-26,-0.7011596309382404,ez_2y_yield
2020-02-27,-0.749303372629412,ez_2y_yield
2020-02-28,-0.7861478169195122,ez_2y_yield
2020-03-02,-0.8215655385193132,ez_2y_yield
2020-03-03,-0.7838295142001317,ez_2y_yield
2020-03-04,-0.8230179240736515,ez_2y_yield
2020-03-05,-0.8476439465657775,ez_2y_yield
2020-03-06,-0.8666062985750864,ez_2y_yield
2020-03-09,-0.965892055861969,ez_2y_yield
2020-03-10,-0.922700962705394,ez_2y_yield
2020-03-11,-0.9329277246060133,ez_2y_yield
2020-03-12,-0.970606922563824,ez_2y_yield
2020-03-13,-0.8904430244853283,ez_2y_yield
2020-03-16,-0.8795889964768757,ez_2y_yield
2020-03-17,-0.8658485462104912,ez_2y_yield
2020-03-18,-0.7806965930970904,ez_2y_yield
2020-03-19,-0.6634403533860915,ez_2y_yield
2020-03-20,-0.6730640480236776,ez_2y_yield
2020-03-23,-0.693319650247664,ez_2y_yield
2020-03-24,-0.6334731439789434,ez_2y_yield
2020-03-25,-0.5993216209389316,ez_2y_yield
2020-03-26,-0.6317141147442435,ez_2y_yield
2020-03-27,-0.7038356498954514,ez_2y_yield
2020-03-30,-0.7174471893752639,ez_2y_yield
2020-03-31,-0.7059234486470767,ez_2y_yield
2020-04-01,-0.665138699425512,ez_2y_yield
2020-04-02,-0.6550555449894486,ez_2y_yield
2020-04-03,-0.6712101764223846,ez_2y_yield
2020-04-06,-0.6552170503534307,ez_2y_yield
2020-04-07,-0.6369650402703493,ez_2y_yield
2020-04-08,-0.6138826232155159,ez_2y_yield
2020-04-09,-0.6173872304145536,ez_2y_yield
2020-04-14,-0.6430845078796787,ez_2y_yield
2020-04-15,-0.6794089942236203,ez_2y_yield
2020-04-16,-0.6599298182853839,ez_2y_yield
2020-04-17,-0.6723165964832725,ez_2y_yield
2020-04-20,-0.6669710606973567,ez_2y_yield
2020-04-21,-0.6617669205882204,ez_2y_yield
2020-04-22,-0.650390677601651,ez_2y_yield
2020-04-23,-0.6676112189220427,ez_2y_yield
2020-04-24,-0.6682177948354715,ez_2y_yield
2020-04-27,-0.6416350624830867,ez_2y_yield
2020-04-28,-0.6541156860866337,ez_2y_yield
2020-04-29,-0.6790565189826618,ez_2y_yield
2020-04-30,-0.7058396567979206,ez_2y_yield
2020-05-04,-0.7092814585835292,ez_2y_yield
2020-05-05,-0.7527758897815877,ez_2y_yield
2020-05-06,-0.719573123700052,ez_2y_yield
2020-05-07,-0.7150154073900183,ez_2y_yield
2020-05-08,-0.7466045888742747,ez_2y_yield
2020-05-11,-0.7121788490017025,ez_2y_yield
2020-05-12,-0.6826620179294967,ez_2y_yield
2020-05-13,-0.6975558077060944,ez_2y_yield
2020-05-14,-0.7078179430104155,ez_2y_yield
2020-05-15,-0.7105097153222082,ez_2y_yield
2020-05-18,-0.6913245072891558,ez_2y_yield
2020-05-19,-0.6449528129106095,ez_2y_yield
2020-05-20,-0.6475184191636343,ez_2y_yield
2020-05-21,-0.6610860130870044,ez_2y_yield
2020-05-22,-0.6552363031244828,ez_2y_yield
2020-05-25,-0.6513080173611852,ez_2y_yield
2020-05-26,-0.6171328118959343,ez_2y_yield
2020-05-27,-0.6143435370732875,ez_2y_yield
2020-05-28,-0.6172633936910596,ez_2y_yield
2020-05-29,-0.6337230426563956,ez_2y_yield
2020-06-01,-0.636926342500955,ez_2y_yield
2020-06-02,-0.6513272615767693,ez_2y_yield
2020-06-03,-0.6273690668711129,ez_2y_yield
2020-06-04,-0.6180316230037084,ez_2y_yield
2020-06-05,-0.5984499871525037,ez_2y_yield
2020-06-08,-0.6128359099966412,ez_2y_yield
2020-06-09,-0.6151070036826876,ez_2y_yield
2020-06-10,-0.6147581696238213,ez_2y_yield
2020-06-11,-0.6478117604524893,ez_2y_yield
2020-06-12,-0.6616308323007627,ez_2y_yield
2020-06-15,-0.6664748502730378,ez_2y_yield
2020-06-16,-0.6501666319103525,ez_2y_yield
2020-06-17,-0.6562934664673015,ez_2y_yield
2020-06-18,-0.6602239852784004,ez_2y_yield
2020-06-19,-0.6688961946656087,ez_2y_yield
2020-06-22,-0.6903409395805253,ez_2y_yield
2020-06-23,-0.6572914915588717,ez_2y_yield
2020-06-24,-0.6553657173748944,ez_2y_yield
2020-06-25,-0.6889523960585144,ez_2y_yield
2020-06-26,-0.6960943723733961,ez_2y_yield
2020-06-29,-0.6934760210081872,ez_2y_yield
2020-06-30,-0.6942297983987724,ez_2y_yield
2020-07-01,-0.6584992734458543,ez_2y_yield
2020-07-02,-0.6747187033441113,ez_2y_yield
2020-07-03,-0.6827828420219215,ez_2y_yield
2020-07-06,-0.6779290664820081,ez_2y_yield
2020-07-07,-0.6731331202297737,ez_2y_yield
2020-07-08,-0.6728094094578125,ez_2y_yield
2020-07-09,-0.6770666968528376,ez_2y_yield
2020-07-10,-0.6963104976438417,ez_2y_yield
2020-07-13,-0.6635464906987121,ez_2y_yield
2020-07-14,-0.6685730411318072,ez_2y_yield
2020-07-15,-0.671516638463522,ez_2y_yield
2020-07-16,-0.675547954251309,ez_2y_yield
2020-07-17,-0.6759281047052594,ez_2y_yield
2020-07-20,-0.6758834454521039,ez_2y_yield
2020-07-21,-0.6694610728333728,ez_2y_yield
2020-07-22,-0.6975974188849956,ez_2y_yield
2020-07-23,-0.6803464039477767,ez_2y_yield
2020-07-24,-0.6668192375330984,ez_2y_yield
2020-07-27,-0.6819841002242155,ez_2y_yield
2020-07-28,-0.6986608397616418,ez_2y_yield
2020-07-29,-0.6936667462740904,ez_2y_yield
2020-07-30,-0.7141933390597379,ez_2y_yield
2020-07-31,-0.7097444067189911,ez_2y_yield
2020-08-03,-0.7069000697945236,ez_2y_yield
2020-08-04,-0.7204382253910993,ez_2y_yield
2020-08-05,-0.7035286924436002,ez_2y_yield
2020-08-06,-0.7086619960564051,ez_2y_yield
2020-08-07,-0.7023407019846868,ez_2y_yield
2020-08-10,-0.7096670453421101,ez_2y_yield
2020-08-11,-0.6907066614492665,ez_2y_yield
2020-08-12,-0.6835634223700748,ez_2y_yield
2020-08-13,-0.6557476684377557,ez_2y_yield
2020-08-14,-0.6615559944976579,ez_2y_yield
2020-08-17,-0.6700849628487395,ez_2y_yield
2020-08-18,-0.6764247452921381,ez_2y_yield
2020-08-19,-0.6860944725252001,ez_2y_yield
2020-08-20,-0.6949218318372963,ez_2y_yield
2020-08-21,-0.695657779501436,ez_2y_yield
2020-08-24,-0.6886536875812794,ez_2y_yield
2020-08-25,-0.6587081357356639,ez_2y_yield
2020-08-26,-0.6536152799640225,ez_2y_yield
2020-08-27,-0.6663003729000545,ez_2y_yield
2020-08-28,-0.6766281646341272,ez_2y_yield
2020-08-31,-0.6632123237944327,ez_2y_yield
2020-09-01,-0.6730447631906848,ez_2y_yield
2020-09-02,-0.6908161699978574,ez_2y_yield
2020-09-03,-0.7023198837018443,ez_2y_yield
2020-09-04,-0.6971325409071865,ez_2y_yield
2020-09-07,-0.6932453054227774,ez_2y_yield
2020-09-08,-0.7061839973069444,ez_2y_yield
2020-09-09,-0.6883831453323834,ez_2y_yield
2020-09-10,-0.6734190916740923,ez_2y_yield
2020-09-11,-0.6867271057710385,ez_2y_yield
2020-09-14,-0.6993147118871432,ez_2y_yield
2020-09-15,-0.6893081639340832,ez_2y_yield
2020-09-16,-0.6925687769256501,ez_2y_yield
2020-09-17,-0.6950089271802438,ez_2y_yield
2020-09-18,-0.697591278074245,ez_2y_yield
2020-09-21,-0.7156354765967787,ez_2y_yield
2020-09-22,-0.7070263420946312,ez_2y_yield
2020-09-23,-0.7063736602813764,ez_2y_yield
2020-09-24,-0.7115182035786951,ez_2y_yield
2020-09-25,-0.7067599440102943,ez_2y_yield
2020-09-28,-0.696150785703308,ez_2y_yield
2020-09-29,-0.690446026952444,ez_2y_yield
2020-09-30,-0.6921246168744761,ez_2y_yield
2020-10-01,-0.6887157551400662,ez_2y_yield
2020-10-02,-0.7067746747247261,ez_2y_yield
2020-10-05,-0.7054195357254387,ez_2y_yield
2020-10-06,-0.7100388401972095,ez_2y_yield
2020-10-07,-0.7019875406924472,ez_2y_yield
2020-10-08,-0.7107742524282807,ez_2y_yield
2020-10-09,-0.7302197510565054,ez_2y_yield
2020-10-12,-0.7322134698874851,ez_2y_yield
2020-10-13,-0.743718257612342,ez_2y_yield
2020-10-14,-0.751626703919682,ez_2y_yield
2020-10-15,-0.773528045369551,ez_2y_yield
2020-10-16,-0.7803508864852851,ez_2y_yield
2020-10-19,-0.7825839639081602,ez_2y_yield
2020-10-20,-0.7850874671091104,ez_2y_yield
2020-10-21,-0.7758851605865535,ez_2y_yield
2020-10-22,-0.7756552065739117,ez_2y_yield
2020-10-23,-0.7601686577485949,ez_2y_yield
2020-10-26,-0.7567698810945278,ez_2y_yield
2020-10-27,-0.7708681554496883,ez_2y_yield
2020-10-28,-0.7943203358755464,ez_2y_yield
2020-10-29,-0.80504037784128,ez_2y_yield
2020-10-30,-0.8008034978971357,ez_2y_yield
2020-11-02,-0.8054736234685094,ez_2y_yield
2020-11-03,-0.7994413028228724,ez_2y_yield
2020-11-04,-0.8057136727021157,ez_2y_yield
2020-11-05,-0.7930464989380024,ez_2y_yield
2020-11-06,-0.7880797655559721,ez_2y_yield
2020-11-09,-0.7465241242931913,ez_2y_yield
2020-11-10,-0.7300985466098062,ez_2y_yield
2020-11-11,-0.733034870688483,ez_2y_yield
2020-11-12,-0.7372659569746034,ez_2y_yield
2020-11-13,-0.749401561496517,ez_2y_yield
2020-11-16,-0.7474879750544052,ez_2y_yield
2020-11-17,-0.7423284693877119,ez_2y_yield
2020-11-18,-0.7440414497289098,ez_2y_yield
2020-11-19,-0.7444025300446278,ez_2y_yield
2020-11-20,-0.7596681481204786,ez_2y_yield
2020-11-23,-0.7626826268025471,ez_2y_yield
2020-11-24,-0.7645298227871775,ez_2y_yield
2020-11-25,-0.7596652389051024,ez_2y_yield
2020-11-26,-0.7626370414464843,ez_2y_yield
2020-11-27,-0.7617949438589022,ez_2y_yield
2020-11-30,-0.7521799828321072,ez_2y_yield
2020-12-01,-0.7370835011639971,ez_2y_yield
2020-12-02,-0.7320714788885962,ez_2y_yield
2020-12-03,-0.7488252382529592,ez_2y_yield
2020-12-04,-0.757104528119632,ez_2y_yield
2020-12-07,-0.7768755045591593,ez_2y_yield
2020-12-08,-0.7883969369893653,ez_2y_yield
2020-12-09,-0.7931897989571532,ez_2y_yield
2020-12-10,-0.7888186029013537,ez_2y_yield
2020-12-11,-0.8057528242707397,ez_2y_yield
2020-12-14,-0.7899959302693511,ez_2y_yield
2020-12-15,-0.7899227791623034,ez_2y_yield
2020-12-16,-0.7588096560766533,ez_2y_yield
2020-12-17,-0.7666777777195573,ez_2y_yield
2020-12-18,-0.7578680392703783,ez_2y_yield
2020-12-21,-0.767790808723678,ez_2y_yield
2020-12-22,-0.7651329987554898,ez_2y_yield
2020-12-23,-0.7451138523536369,ez_2y_yield
2020-12-28,-0.7607145936435282,ez_2y_yield
2020-12-29,-0.7662432882365278,ez_2y_yield
2020-12-30,-0.7668552891848657,ez_2y_yield
2021-01-04,-0.7422394441399152,ez_2y_yield
2021-01-05,-0.7456423623157782,ez_2y_yield
2021-01-06,-0.7348771089019743,ez_2y_yield
2021-01-07,-0.7427578696020181,ez_2y_yield
2021-01-08,-0.7455574290583582,ez_2y_yield
2021-01-11,-0.7329546122070121,ez_2y_yield
2021-01-12,-0.7233943040983397,ez_2y_yield
2021-01-13,-0.7308742014281062,ez_2y_yield
2021-01-14,-0.7526998030332808,ez_2y_yield
2021-01-15,-0.7446876313381345,ez_2y_yield
2021-01-18,-0.7379967843328563,ez_2y_yield
2021-01-19,-0.7319806833671101,ez_2y_yield
2021-01-20,-0.7353937463970546,ez_2y_yield
2021-01-21,-0.7264983768377415,ez_2y_yield
2021-01-22,-0.7322325991152114,ez_2y_yield
2021-01-25,-0.7473031319762802,ez_2y_yield
2021-01-26,-0.7483315433446636,ez_2y_yield
2021-01-27,-0.7587020519042351,ez_2y_yield
2021-01-28,-0.7606500372131193,ez_2y_yield
2021-01-29,-0.7531842013786023,ez_2y_yield
2021-02-01,-0.7442385932230553,ez_2y_yield
2021-02-02,-0.7348878390152893,ez_2y_yield
2021-02-03,-0.7293314927043273,ez_2y_yield
2021-02-04,-0.7218316035840808,ez_2y_yield
2021-02-05,-0.7257777707833111,ez_2y_yield
2021-02-08,-0.7232050986792229,ez_2y_yield
2021-02-09,-0.7249517101563305,ez_2y_yield
2021-02-10,-0.7294806093539137,ez_2y_yield
2021-02-11,-0.7388284026215386,ez_2y_yield
2021-02-12,-0.7272253572387539,ez_2y_yield
2021-02-15,-0.7156542064911571,ez_2y_yield
2021-02-16,-0.7135362140709551,ez_2y_yield
2021-02-17,-0.710528011852297,ez_2y_yield
2021-02-18,-0.6969385365043188,ez_2y_yield
2021-02-19,-0.6998427108397194,ez_2y_yield
2021-02-22,-0.7052711762255905,ez_2y_yield
2021-02-23,-0.6987419029727815,ez_2y_yield
2021-02-24,-0.694219232187862,ez_2y_yield
2021-02-25,-0.6687169702088356,ez_2y_yield
2021-02-26,-0.6666728489905649,ez_2y_yield
2021-03-01,-0.7057485428150709,ez_2y_yield
2021-03-02,-0.7048713615158655,ez_2y_yield
2021-03-03,-0.7006932664966667,ez_2y_yield
2021-03-04,-0.706431353310335,ez_2y_yield
2021-03-05,-0.699934851527928,ez_2y_yield
2021-03-08,-0.695112845113318,ez_2y_yield
2021-03-09,-0.7030933783724569,ez_2y_yield
2021-03-10,-0.6946252913217204,ez_2y_yield
2021-03-11,-0.7061148334143348,ez_2y_yield
2021-03-12,-0.69881274728571,ez_2y_yield
2021-03-15,-0.7107793190902008,ez_2y_yield
2021-03-16,-0.7188370507015471,ez_2y_yield
2021-03-17,-0.7114903339865102,ez_2y_yield
2021-03-18,-0.7061214287039854,ez_2y_yield
2021-03-19,-0.7192259415197968,ez_2y_yield
2021-03-22,-0.7285539909807512,ez_2y_yield
2021-03-23,-0.7361175091270953,ez_2y_yield
2021-03-24,-0.7380452675540978,ez_2y_yield
2021-03-25,-0.7475971077974899,ez_2y_yield
2021-03-26,-0.7446467063569162,ez_2y_yield
2021-03-29,-0.7419210841683452,ez_2y_yield
2021-03-30,-0.7116457151088644,ez_2y_yield
2021-03-31,-0.7218383025045352,ez_2y_yield
2021-04-01,-0.7351040088646468,ez_2y_yield
2021-04-06,-0.7295479763020196,ez_2y_yield
2021-04-07,-0.7359563137227567,ez_2y_yield
2021-04-08,-0.7441287853895631,ez_2y_yield
2021-04-09,-0.7230008683670881,ez_2y_yield
2021-04-12,-0.7285855777413879,ez_2y_yield
2021-04-13,-0.7280082829898502,ez_2y_yield
2021-04-14,-0.723509506194471,ez_2y_yield
2021-04-15,-0.7237446225488942,ez_2y_yield
2021-04-16,-0.7244369445405097,ez_2y_yield
2021-04-19,-0.702425126686308,ez_2y_yield
2021-04-20,-0.7089520307639328,ez_2y_yield
2021-04-21,-0.7188459139666592,ez_2y_yield
2021-04-22,-0.7174951081828183,ez_2y_yield
2021-04-23,-0.7161519393624745,ez_2y_yield
2021-04-26,-0.7144762985788389,ez_2y_yield
2021-04-27,-0.7143457268612363,ez_2y_yield
2021-04-28,-0.710662420411257,ez_2y_yield
2021-04-29,-0.6957146059585582,ez_2y_yield
2021-04-30,-0.7046917694532093,ez_2y_yield
2021-05-03,-0.703688586478338,ez_2y_yield
2021-05-04,-0.7157312980522623,ez_2y_yield
2021-05-05,-0.7148311349423206,ez_2y_yield
2021-05-06,-0.717496654021955,ez_2y_yield
2021-05-07,-0.7124529378611264,ez_2y_yield
2021-05-10,-0.7103027281080596,ez_2y_yield
2021-05-11,-0.6947408312320396,ez_2y_yield
2021-05-12,-0.6811335779388028,ez_2y_yield
2021-05-13,-0.6783972290018521,ez_2y_yield
2021-05-14,-0.675530282453942,ez_2y_yield
2021-05-17,-0.6716553080918322,ez_2y_yield
2021-05-18,-0.6738621824869879,ez_2y_yield
2021-05-19,-0.6773940143272392,ez_2y_yield
2021-05-20,-0.6697850970383399,ez_2y_yield
2021-05-21,-0.6812941980176412,ez_2y_yield
2021-05-24,-0.678837356995694,ez_2y_yield
2021-05-25,-0.6912817136223088,ez_2y_yield
2021-05-26,-0.702084447086821,ez_2y_yield
2021-05-27,-0.6939145552232271,ez_2y_yield
2021-05-28,-0.698541340121489,ez_2y_yield
2021-05-31,-0.6935810688240931,ez_2y_yield
2021-06-01,-0.6958247265916453,ez_2y_yield
2021-06-02,-0.704789031314917,ez_2y_yield
2021-06-03,-0.7046650890332393,ez_2y_yield
2021-06-04,-0.7121918928032871,ez_2y_yield
2021-06-07,-0.7077222363758577,ez_2y_yield
2021-06-08,-0.7088261248071954,ez_2y_yield
2021-06-09,-0.7259153206945892,ez_2y_yield
2021-06-10,-0.7213565619919637,ez_2y_yield
2021-06-11,-0.7254201057063727,ez_2y_yield
2021-06-14,-0.719710533902524,ez_2y_yield
2021-06-15,-0.7144775363760896,ez_2y_yield
2021-06-16,-0.7169604049320211,ez_2y_yield
2021-06-17,-0.7071526445436853,ez_2y_yield
2021-06-18,-0.704005557819039,ez_2y_yield
2021-06-21,-0.6882652226017199,ez_2y_yield
2021-06-22,-0.6916945045152081,ez_2y_yield
2021-06-23,-0.6963474035699209,ez_2y_yield
2021-06-24,-0.6975785065062854,ez_2y_yield
2021-06-25,-0.6903543421324105,ez_2y_yield
2021-06-28,-0.6926208447854767,ez_2y_yield
2021-06-29,-0.6915549458226322,ez_2y_yield
2021-06-30,-0.6975142228883702,ez_2y_yield
2021-07-01,-0.7051665737873147,ez_2y_yield
2021-07-02,-0.7118871514456897,ez_2y_yield
2021-07-05,-0.7041627841966973,ez_2y_yield
2021-07-06,-0.7150367268257831,ez_2y_yield
2021-07-07,-0.7246165740793096,ez_2y_yield
2021-07-08,-0.7311877311064714,ez_2y_yield
2021-07-09,-0.7218079162157296,ez_2y_yield
2021-07-12,-0.7205715462822535,ez_2y_yield
2021-07-13,-0.7178384880520152,ez_2y_yield
2021-07-14,-0.7215853209086713,ez_2y_yield
2021-07-15,-0.7310942023705036,ez_2y_yield
2021-07-16,-0.7369927435850301,ez_2y_yield
2021-07-19,-0.739063183118831,ez_2y_yield
2021-07-20,-0.7664669255325203,ez_2y_yield
2021-07-21,-0.763884906546648,ez_2y_yield
2021-07-22,-0.7689008862518654,ez_2y_yield
2021-07-23,-0.7747967285703887,ez_2y_yield
2021-07-26,-0.7771063595863219,ez_2y_yield
2021-07-27,-0.7923405478388634,ez_2y_yield
2021-07-28,-0.8001788723696266,ez_2y_yield
2021-07-29,-0.8002441383034964,ez_2y_yield
2021-07-30,-0.803462493440618,ez_2y_yield
2021-08-02,-0.8073620982997873,ez_2y_yield
2021-08-03,-0.8173601293124746,ez_2y_yield
2021-08-04,-0.8219306018635972,ez_2y_yield
2021-08-05,-0.8263499844486377,ez_2y_yield
2021-08-06,-0.802592480076969,ez_2y_yield
2021-08-09,-0.799762347164197,ez_2y_yield
2021-08-10,-0.7989362832154403,ez_2y_yield
2021-08-11,-0.7905221279810342,ez_2y_yield
2021-08-12,-0.7905877030814996,ez_2y_yield
2021-08-13,-0.7862938428774973,ez_2y_yield
2021-08-16,-0.7902665669077913,ez_2y_yield
2021-08-17,-0.7900480548947515,ez_2y_yield
2021-08-18,-0.793723179344918,ez_2y_yield
2021-08-19,-0.79183616417973,ez_2y_yield
2021-08-20,-0.7960151546551062,ez_2y_yield
2021-08-23,-0.7940994190893744,ez_2y_yield
2021-08-24,-0.7896935209390508,ez_2y_yield
2021-08-25,-0.7824657141663569,ez_2y_yield
2021-08-26,-0.7752687412144037,ez_2y_yield
2021-08-27,-0.7723546007914206,ez_2y_yield
2021-08-30,-0.7751859443485756,ez_2y_yield
2021-08-31,-0.7652988842901691,ez_2y_yield
2021-09-01,-0.7647790566397767,ez_2y_yield
2021-09-02,-0.7693184055061459,ez_2y_yield
2021-09-03,-0.7600206032738288,ez_2y_yield
2021-09-06,-0.7602533513244918,ez_2y_yield
2021-09-07,-0.7457248689891807,ez_2y_yield
2021-09-08,-0.7406805964332168,ez_2y_yield
2021-09-09,-0.7544410981945318,ez_2y_yield
2021-09-10,-0.7504663276541699,ez_2y_yield
2021-09-13,-0.7526492760982915,ez_2y_yield
2021-09-14,-0.7558236026865965,ez_2y_yield
2021-09-15,-0.7483624846221291,ez_2y_yield
2021-09-16,-0.7451800822588832,ez_2y_yield
2021-09-17,-0.7385584218867942,ez_2y_yield
2021-09-20,-0.7587669192190343,ez_2y_yield
2021-09-21,-0.7598248127680034,ez_2y_yield
2021-09-22,-0.753264230809602,ez_2y_yield
2021-09-23,-0.7364293694205342,ez_2y_yield
2021-09-24,-0.7235101398658355,ez_2y_yield
2021-09-27,-0.7231632600328715,ez_2y_yield
2021-09-28,-0.7139845543304291,ez_2y_yield
2021-09-29,-0.7270764135142707,ez_2y_yield
2021-09-30,-0.7205593344489154,ez_2y_yield
2021-10-01,-0.7405819279765105,ez_2y_yield
2021-10-04,-0.7358192666038468,ez_2y_yield
2021-10-05,-0.7373154832039166,ez_2y_yield
2021-10-06,-0.7288828921281862,ez_2y_yield
2021-10-07,-0.7365661190874833,ez_2y_yield
2021-10-08,-0.7279963923448021,ez_2y_yield
2021-10-11,-0.7115130776491747,ez_2y_yield
2021-10-12,-0.7002512420270901,ez_2y_yield
2021-10-13,-0.6993801393907397,ez_2y_yield
2021-10-14,-0.7152465809094655,ez_2y_yield
2021-10-15,-0.7063158942470058,ez_2y_yield
2021-10-18,-0.6747413381272667,ez_2y_yield
2021-10-19,-0.6482065625887967,ez_2y_yield
2021-10-20,-0.6792518114238382,ez_2y_yield
2021-10-21,-0.6670748661422958,ez_2y_yield
2021-10-22,-0.6539529747519657,ez_2y_yield
2021-10-25,-0.673690917616621,ez_2y_yield
2021-10-26,-0.678387108637974,ez_2y_yield
2021-10-27,-0.6844507927586461,ez_2y_yield
2021-10-28,-0.6567131604234899,ez_2y_yield
2021-10-29,-0.6204530610444323,ez_2y_yield
2021-11-01,-0.6268713299752195,ez_2y_yield
2021-11-02,-0.694802224707137,ez_2y_yield
2021-11-03,-0.6875023296438476,ez_2y_yield
2021-11-04,-0.7610705963060755,ez_2y_yield
2021-11-05,-0.7678611814891549,ez_2y_yield
2021-11-08,-0.7699792844479969,ez_2y_yield
2021-11-09,-0.7839397339261898,ez_2y_yield
2021-11-10,-0.7741501294737438,ez_2y_yield
2021-11-11,-0.7588925586573714,ez_2y_yield
2021-11-12,-0.79376272801374,ez_2y_yield
2021-11-15,-0.7783003925566612,ez_2y_yield
2021-11-16,-0.7989809301312487,ez_2y_yield
2021-11-17,-0.7954490169719501,ez_2y_yield
2021-11-18,-0.8053769728093692,ez_2y_yield
2021-11-19,-0.8352859173976488,ez_2y_yield
2021-11-22,-0.8266478396747017,ez_2y_yield
2021-11-23,-0.8066083178652383,ez_2y_yield
2021-11-24,-0.8137260172293082,ez_2y_yield
2021-11-25,-0.7937782644770848,ez_2y_yield
2021-11-26,-0.8236519019145954,ez_2y_yield
2021-11-29,-0.8007803859707749,ez_2y_yield
2021-11-30,-0.815302296062935,ez_2y_yield
2021-12-01,-0.7706538701269614,ez_2y_yield
2021-12-02,-0.7970025266751781,ez_2y_yield
2021-12-03,-0.7777108271390292,ez_2y_yield
2021-12-06,-0.7801502046549125,ez_2y_yield
2021-12-07,-0.754293113426014,ez_2y_yield
2021-12-08,-0.7338073859538166,ez_2y_yield
2021-12-09,-0.7488531122231881,ez_2y_yield
2021-12-10,-0.738370332543218,ez_2y_yield
2021-12-13,-0.7294249648180999,ez_2y_yield
2021-12-15,-0.7188150970830582,ez_2y_yield
2021-12-16,-0.7273367449934716,ez_2y_yield
2021-12-17,-0.7485385643052411,ez_2y_yield
2021-12-20,-0.7525318798806149,ez_2y_yield
2021-12-21,-0.7359855489969354,ez_2y_yield
2021-12-22,-0.7231278751523309,ez_2y_yield
2021-12-23,-0.7059900726584725,ez_2y_yield
2021-12-24,-0.7093807846341704,ez_2y_yield
2021-12-27,-0.6975704336495276,ez_2y_yield
2021-12-28,-0.6924155424668954,ez_2y_yield
2021-12-29,-0.6908961536381781,ez_2y_yield
2021-12-30,-0.6769596447303683,ez_2y_yield
2021-12-31,-0.6791412595704998,ez_2y_yield
2022-01-03,-0.6559376363513905,ez_2y_yield
2022-01-04,-0.6638086099788518,ez_2y_yield
2022-01-05,-0.6475092857009637,ez_2y_yield
2022-01-06,-0.6312339595900811,ez_2y_yield
2022-01-07,-0.6250582636624391,ez_2y_yield
2022-01-10,-0.6135119868152241,ez_2y_yield
2022-01-11,-0.6066184538571995,ez_2y_yield
2022-01-12,-0.62531946325656,ez_2y_yield
2022-01-13,-0.6248821468324515,ez_2y_yield
2022-01-14,-0.6235704044869905,ez_2y_yield
2022-01-17,-0.602419054430118,ez_2y_yield
2022-01-18,-0.6091201808607027,ez_2y_yield
2022-01-19,-0.6046993836195562,ez_2y_yield
2022-01-20,-0.6159522652135672,ez_2y_yield
2022-01-21,-0.6414681604292305,ez_2y_yield
2022-01-24,-0.6679475437076472,ez_2y_yield
2022-01-25,-0.6759778570166484,ez_2y_yield
2022-01-26,-0.6603936121848029,ez_2y_yield
2022-01-27,-0.6361883070775249,ez_2y_yield
2022-01-28,-0.6226717661571399,ez_2y_yield
2022-01-31,-0.5723570248265979,ez_2y_yield
2022-02-01,-0.5669112734354598,ez_2y_yield
2022-02-02,-0.5529669060560485,ez_2y_yield
2022-02-03,-0.4645218830392759,ez_2y_yield
2022-02-04,-0.3622726529045721,ez_2y_yield
2022-02-07,-0.3527596155932522,ez_2y_yield
2022-02-08,-0.365077130763598,ez_2y_yield
2022-02-09,-0.4123902532709222,ez_2y_yield
2022-02-10,-0.396698395106084,ez_2y_yield
2022-02-11,-0.3828441414670824,ez_2y_yield
2022-02-14,-0.4279352906222389,ez_2y_yield
2022-02-15,-0.4013934968713242,ez_2y_yield
2022-02-16,-0.4308901631136352,ez_2y_yield
2022-02-17,-0.4602262721458929,ez_2y_yield
2022-02-18,-0.5043540215882567,ez_2y_yield
2022-02-21,-0.5051736215441771,ez_2y_yield
2022-02-22,-0.4204507238064412,ez_2y_yield
2022-02-23,-0.4055933888167344,ez_2y_yield
2022-02-24,-0.4694515593699333,ez_2y_yield
2022-02-25,-0.4437749480296711,ez_2y_yield
2022-02-28,-0.5354174156368479,ez_2y_yield
2022-03-01,-0.6965438763221039,ez_2y_yield
2022-03-02,-0.6395848138375584,ez_2y_yield
2022-03-03,-0.5785847097316048,ez_2y_yield
2022-03-04,-0.7239300362136691,ez_2y_yield
2022-03-07,-0.6800927184720482,ez_2y_yield
2022-03-08,-0.6115725485694394,ez_2y_yield
2022-03-09,-0.5363091734110639,ez_2y_yield
2022-03-10,-0.4584350707006255,ez_2y_yield
2022-03-11,-0.419282412037874,ez_2y_yield
2022-03-14,-0.3906481102744199,ez_2y_yield
2022-03-15,-0.4377377466646663,ez_2y_yield
2022-03-16,-0.4145261895389907,ez_2y_yield
2022-03-17,-0.3920460641525141,ez_2y_yield
2022-03-18,-0.4079214777089608,ez_2y_yield
2022-03-21,-0.3695621731778926,ez_2y_yield
2022-03-22,-0.2940145162542533,ez_2y_yield
2022-03-23,-0.3092066847639731,ez_2y_yield
2022-03-24,-0.2676303768150232,ez_2y_yield
2022-03-25,-0.2104403926610665,ez_2y_yield
2022-03-28,-0.1562310508688047,ez_2y_yield
2022-03-29,-0.0952709192134473,ez_2y_yield
2022-03-30,0.0026723205705239,ez_2y_yield
2022-03-31,-0.0860211316812611,ez_2y_yield
2022-04-01,-0.073710986535096,ez_2y_yield
2022-04-04,-0.1206523183830432,ez_2y_yield
2022-04-05,-0.0881039062184485,ez_2y_yield
2022-04-06,-0.0504010465983206,ez_2y_yield
2022-04-07,-0.0248235337778313,ez_2y_yield
2022-04-08,0.0002118141201652,ez_2y_yield
2022-04-11,0.0924968811126158,ez_2y_yield
2022-04-12,0.0425049816843396,ez_2y_yield
2022-04-13,0.0333275134807315,ez_2y_yield
2022-04-14,-0.0050763138180855,ez_2y_yield
2022-04-19,0.0326801585745299,ez_2y_yield
2022-04-20,0.0191201643846334,ez_2y_yield
2022-04-21,0.1113868881802422,ez_2y_yield
2022-04-22,0.2271535268389248,ez_2y_yield
2022-04-25,0.129554306960502,ez_2y_yield
2022-04-26,0.1133224484371844,ez_2y_yield
2022-04-27,0.0595690481821526,ez_2y_yield
2022-04-28,0.1433436300236419,ez_2y_yield
2022-04-29,0.2135319527189509,ez_2y_yield
2022-05-02,0.1837790842289686,ez_2y_yield
2022-05-03,0.1832622380517965,ez_2y_yield
2022-05-04,0.2522903406876478,ez_2y_yield
2022-05-05,0.2256145394788817,ez_2y_yield
2022-05-06,0.3034313573916782,ez_2y_yield
2022-05-09,0.2224448579596809,ez_2y_yield
2022-05-10,0.1459363740167569,ez_2y_yield
2022-05-11,0.1285399082983644,ez_2y_yield
2022-05-12,0.0199708637280027,ez_2y_yield
2022-05-13,0.098476436729582,ez_2y_yield
2022-05-16,0.095722798602015,ez_2y_yield
2022-05-17,0.2332090002313305,ez_2y_yield
2022-05-18,0.3009662686947734,ez_2y_yield
2022-05-19,0.2310551635921518,ez_2y_yield
2022-05-20,0.2043525727801238,ez_2y_yield
2022-05-23,0.222211310998305,ez_2y_yield
2022-05-24,0.2481674748256792,ez_2y_yield
2022-05-25,0.1828944249145099,ez_2y_yield
2022-05-26,0.138385089835455,ez_2y_yield
2022-05-27,0.1698534526565822,ez_2y_yield
2022-05-30,0.2800903120292579,ez_2y_yield
2022-05-31,0.3577958329266786,ez_2y_yield
2022-06-01,0.3255372202075079,ez_2y_yield
2022-06-02,0.4658892760065525,ez_2y_yield
2022-06-03,0.4967912223999766,ez_2y_yield
2022-06-06,0.5317709717792423,ez_2y_yield
2022-06-07,0.521797901802723,ez_2y_yield
2022-06-08,0.6079255148787319,ez_2y_yield
2022-06-09,0.7529191688977015,ez_2y_yield
2022-06-10,0.8736798606327709,ez_2y_yield
2022-06-13,1.0517982973762572,ez_2y_yield
2022-06-14,1.107925929014396,ez_2y_yield
2022-06-15,1.0673652802534512,ez_2y_yield
2022-06-16,1.1474280494847655,ez_2y_yield
2022-06-17,1.075471824739418,ez_2y_yield
2022-06-20,1.1034486636097345,ez_2y_yield
2022-06-21,1.0812423879450916,ez_2y_yield
2022-06-22,0.9802818496975902,ez_2y_yield
2022-06-23,0.782891247822028,ez_2y_yield
2022-06-24,0.8394502349136217,ez_2y_yield
2022-06-27,0.8496721081427552,ez_2y_yield
2022-06-28,0.9224681847355996,ez_2y_yield
2022-06-29,0.8995320097198638,ez_2y_yield
2022-06-30,0.6429685731460477,ez_2y_yield
2022-07-01,0.5038708023308338,ez_2y_yield
2022-07-04,0.6098044569218812,ez_2y_yield
2022-07-05,0.4374668734716946,ez_2y_yield
2022-07-06,0.3569876804532379,ez_2y_yield
2022-07-07,0.4927924924942291,ez_2y_yield
2022-07-08,0.4718698969210767,ez_2y_yield
2022-07-11,0.4038580007337751,ez_2y_yield
2022-07-12,0.293818994727552,ez_2y_yield
2022-07-13,0.3857500826295407,ez_2y_yield
2022-07-14,0.5023355094984915,ez_2y_yield
2022-07-15,0.445794826058272,ez_2y_yield
2022-07-18,0.4887826033157134,ez_2y_yield
2022-07-19,0.5716304530668107,ez_2y_yield
2022-07-20,0.5409764075454857,ez_2y_yield
2022-07-21,0.5829219344370368,ez_2y_yield
2022-07-22,0.3877630066190698,ez_2y_yield
2022-07-25,0.4241851904738203,ez_2y_yield
2022-07-26,0.3092699120763464,ez_2y_yield
2022-07-27,0.351422958683389,ez_2y_yield
2022-07-28,0.2279899572195516,ez_2y_yield
2022-07-29,0.2543910607748882,ez_2y_yield
2022-08-01,0.206210462690846,ez_2y_yield
2022-08-02,0.2346754247057516,ez_2y_yield
2022-08-03,0.3457380873305089,ez_2y_yield
2022-08-04,0.3159630846369179,ez_2y_yield
2022-08-05,0.430584908970558,ez_2y_yield
2022-08-08,0.3925202181585741,ez_2y_yield
2022-08-09,0.4593522948865773,ez_2y_yield
2022-08-10,0.4009288006593223,ez_2y_yield
2022-08-11,0.4297783408322031,ez_2y_yield
2022-08-12,0.4472355062487843,ez_2y_yield
2022-08-15,0.4368989823936386,ez_2y_yield
2022-08-16,0.4741722948702058,ez_2y_yield
2022-08-17,0.6364130651496627,ez_2y_yield
2022-08-18,0.667685743619475,ez_2y_yield
2022-08-19,0.7322906271220644,ez_2y_yield
2022-08-22,0.7977765397950236,ez_2y_yield
2022-08-23,0.824596071427095,ez_2y_yield
2022-08-24,0.8442686900836867,ez_2y_yield
2022-08-25,0.7731331466604079,ez_2y_yield
2022-08-26,0.8822836426417826,ez_2y_yield
2022-08-29,0.9687377921993434,ez_2y_yield
2022-08-30,0.9910933484952588,ez_2y_yield
2022-08-31,1.0755895221438925,ez_2y_yield
2022-09-01,1.071420116302356,ez_2y_yield
2022-09-02,0.978366094840494,ez_2y_yield
2022-09-05,1.006273521657424,ez_2y_yield
2022-09-06,1.001828262410104,ez_2y_yield
2022-09-07,0.8827529867824424,ez_2y_yield
2022-09-08,1.0085898110864164,ez_2y_yield
2022-09-09,1.1944739168797565,ez_2y_yield
2022-09-12,1.2029409655619787,ez_2y_yield
2022-09-13,1.2885520518595577,ez_2y_yield
2022-09-14,1.3030152924592215,ez_2y_yield
2022-09-15,1.3754707982924606,ez_2y_yield
2022-09-16,1.4520247492905076,ez_2y_yield
2022-09-19,1.4609124317361897,ez_2y_yield
2022-09-20,1.6138090171454076,ez_2y_yield
2022-09-21,1.62103824867088,ez_2y_yield
2022-09-22,1.747941824640474,ez_2y_yield
2022-09-23,1.8146768785320344,ez_2y_yield
2022-09-26,1.868977705683478,ez_2y_yield
2022-09-27,1.8867192043588563,ez_2y_yield
2022-09-28,1.778489176985148,ez_2y_yield
2022-09-29,1.7967836028619484,ez_2y_yield
2022-09-30,1.6662186292632288,ez_2y_yield
2022-10-03,1.6021755567912894,ez_2y_yield
2022-10-04,1.4885984061504232,ez_2y_yield
2022-10-05,1.55954502423572,ez_2y_yield
2022-10-06,1.7044343200207606,ez_2y_yield
2022-10-07,1.795358400889012,ez_2y_yield
2022-10-10,1.7649356967305192,ez_2y_yield
2022-10-11,1.8418460361551316,ez_2y_yield
2022-10-12,1.808553386016209,ez_2y_yield
2022-10-13,1.8664951735060964,ez_2y_yield
2022-10-14,1.8322400829438272,ez_2y_yield
2022-10-17,1.8506720095265785,ez_2y_yield
2022-10-18,1.9037067953834337,ez_2y_yield
2022-10-19,2.038661790069524,ez_2y_yield
2022-10-20,2.095670331544454,ez_2y_yield
2022-10-21,2.058615316587561,ez_2y_yield
2022-10-24,1.992367967609861,ez_2y_yield
2022-10-25,1.9410446671701629,ez_2y_yield
2022-10-26,1.940309370631436,ez_2y_yield
2022-10-27,1.8644542593872964,ez_2y_yield
2022-10-28,1.8698075731858244,ez_2y_yield
2022-10-31,1.9202924618193091,ez_2y_yield
2022-11-01,1.8869579955011613,ez_2y_yield
2022-11-02,1.8972637618865544,ez_2y_yield
2022-11-03,1.9661528533413088,ez_2y_yield
2022-11-04,2.0325129604837144,ez_2y_yield
2022-11-07,2.103372136231835,ez_2y_yield
2022-11-08,2.130112955056374,ez_2y_yield
2022-11-09,2.130112955056365,ez_2y_yield
2022-11-10,1.9723529416909635,ez_2y_yield
2022-11-11,2.1101425624250028,ez_2y_yield
2022-11-14,2.087091098942852,ez_2y_yield
2022-11-15,2.1014146577584576,ez_2y_yield
2022-11-16,2.084008661499306,ez_2y_yield
2022-11-17,2.0612989488610167,ez_2y_yield
2022-11-18,2.018950084966263,ez_2y_yield
2022-11-21,2.0047775559055783,ez_2y_yield
2022-11-22,2.0457049057857546,ez_2y_yield
2022-11-23,2.0584494834149383,ez_2y_yield
2022-11-24,2.004722711900357,ez_2y_yield
2022-11-25,2.095491886377564,ez_2y_yield
2022-11-28,2.078470592703055,ez_2y_yield
2022-11-29,2.000685294735888,ez_2y_yield
2022-11-30,2.0378229449647427,ez_2y_yield
2022-12-01,1.922140242759317,ez_2y_yield
2022-12-02,1.957771136629288,ez_2y_yield
2022-12-05,1.990850016047067,ez_2y_yield
2022-12-06,1.9406936410728115,ez_2y_yield
2022-12-07,1.906255100980616,ez_2y_yield
2022-12-08,1.929789257221064,ez_2y_yield
2022-12-09,2.031453341217061,ez_2y_yield
2022-12-12,2.035024669781803,ez_2y_yield
2022-12-13,1.9767289639652827,ez_2y_yield
2022-12-14,1.9879907657421152,ez_2y_yield
2022-12-15,2.15306390863348,ez_2y_yield
2022-12-16,2.353045986264086,ez_2y_yield
2022-12-19,2.317665015367384,ez_2y_yield
2022-12-20,2.3842690999251674,ez_2y_yield
2022-12-21,2.3820105554882285,ez_2y_yield
2022-12-22,2.4496776493245087,ez_2y_yield
2022-12-23,2.4879402870114675,ez_2y_yield
2022-12-27,2.4920564331104176,ez_2y_yield
2022-12-28,2.4961170374074646,ez_2y_yield
2022-12-29,2.511002322187056,ez_2y_yield
2022-12-30,2.565336451215762,ez_2y_yield
2023-01-02,2.5829542998750057,ez_2y_yield
2023-01-03,2.546283778786453,ez_2y_yield
2023-01-04,2.483008964506129,ez_2y_yield
2023-01-05,2.5383481512088126,ez_2y_yield
2023-01-06,2.51956357950473,ez_2y_yield
2023-01-09,2.4683140364569285,ez_2y_yield
2023-01-10,2.516520986693499,ez_2y_yield
2023-01-11,2.490685499222022,ez_2y_yield
2023-01-12,2.4353470700411144,ez_2y_yield
2023-01-13,2.417843795472366,ez_2y_yield
2023-01-16,2.433451054475837,ez_2y_yield
2023-01-17,2.418051341047806,ez_2y_yield
2023-01-18,2.284162711099747,ez_2y_yield
2023-01-19,2.3732918577247277,ez_2y_yield
2023-01-20,2.4418335055022475,ez_2y_yield
2023-01-23,2.45094911579032,ez_2y_yield
2023-01-24,2.468910902801844,ez_2y_yield
2023-01-25,2.383698149213637,ez_2y_yield
2023-01-26,2.430065262899688,ez_2y_yield
2023-01-27,2.471055684076287,ez_2y_yield
2023-01-30,2.543510404967572,ez_2y_yield
2023-01-31,2.5071773696943893,ez_2y_yield
2023-02-01,2.523092110729766,ez_2y_yield
2023-02-02,2.4115555678889424,ez_2y_yield
2023-02-03,2.4148278319108263,ez_2y_yield
2023-02-06,2.4683538902568105,ez_2y_yield
2023-02-07,2.4972408966526087,ez_2y_yield
2023-02-08,2.5893589029066173,ez_2y_yield
2023-02-09,2.5508368316472145,ez_2y_yield
2023-02-10,2.6244977897457047,ez_2y_yield
2023-02-13,2.675666502704129,ez_2y_yield
2023-02-14,2.7505892299672565,ez_2y_yield
2023-02-15,2.7467068493087465,ez_2y_yield
2023-02-16,2.7819962242555727,ez_2y_yield
2023-02-17,2.753165841778893,ez_2y_yield
2023-02-20,2.756359997525653,ez_2y_yield
2023-02-21,2.8502222654765177,ez_2y_yield
2023-02-22,2.820118609068605,ez_2y_yield
2023-02-23,2.812225332855386,ez_2y_yield
2023-02-24,2.9392259172414485,ez_2y_yield
2023-02-27,2.955940428720977,ez_2y_yield
2023-02-28,3.0819028976254854,ez_2y_yield
2023-03-01,3.107496639510386,ez_2y_yield
2023-03-02,3.092462369186412,ez_2y_yield
2023-03-03,3.1235908566897423,ez_2y_yield
2023-03-06,3.21255737471705,ez_2y_yield
2023-03-07,3.165240311941172,ez_2y_yield
2023-03-08,3.1939231086350777,ez_2y_yield
2023-03-09,3.1669737211522246,ez_2y_yield
2023-03-10,2.9391974219533576,ez_2y_yield
2023-03-13,2.582924545124204,ez_2y_yield
2023-03-14,2.850468326166118,ez_2y_yield
2023-03-15,2.4157954055747446,ez_2y_yield
2023-03-16,2.4729174732066603,ez_2y_yield
2023-03-17,2.369973346543386,ez_2y_yield
2023-03-20,2.2723030397636004,ez_2y_yield
2023-03-21,2.455111966123495,ez_2y_yield
2023-03-22,2.637997598353074,ez_2y_yield
2023-03-23,2.4841834609511038,ez_2y_yield
2023-03-24,2.3040471855891558,ez_2y_yield
2023-03-27,2.4779187277228067,ez_2y_yield
2023-03-28,2.485753086842742,ez_2y_yield
2023-03-29,2.54143094329267,ez_2y_yield
2023-03-30,2.665786479413865,ez_2y_yield
2023-03-31,2.6178698624258403,ez_2y_yield
2023-04-03,2.6273474139960062,ez_2y_yield
2023-04-04,2.6356119444608197,ez_2y_yield
2023-04-05,2.501501831047471,ez_2y_yield
2023-04-06,2.4693855880900277,ez_2y_yield
2023-04-11,2.621938679621374,ez_2y_yield
2023-04-12,2.6898515579233964,ez_2y_yield
2023-04-13,2.6758730124022394,ez_2y_yield
2023-04-14,2.7721003136868423,ez_2y_yield
2023-04-17,2.794299125300649,ez_2y_yield
2023-04-18,2.8027190806913023,ez_2y_yield
2023-04-19,2.876840210382918,ez_2y_yield
2023-04-20,2.8369815110996783,ez_2y_yield
2023-04-21,2.8448744048913435,ez_2y_yield
2023-04-24,2.873230652667898,ez_2y_yield
2023-04-25,2.765111287626422,ez_2y_yield
2023-04-26,2.6950072587995644,ez_2y_yield
2023-04-27,2.7512450355515217,ez_2y_yield
2023-04-28,2.6848043965691053,ez_2y_yield
2023-05-02,2.6927415498791043,ez_2y_yield
2023-05-03,2.563151661274414,ez_2y_yield
2023-05-04,2.5553335300283497,ez_2y_yield
2023-05-05,2.5031414451536937,ez_2y_yield
2023-05-08,2.5678561174972647,ez_2y_yield
2023-05-09,2.572856405963255,ez_2y_yield
2023-05-10,2.51295480231844,ez_2y_yield
2023-05-11,2.46253122937565,ez_2y_yield
2023-05-12,2.5155727016596314,ez_2y_yield
2023-05-15,2.5446029134814303,ez_2y_yield
2023-05-16,2.561432719568333,ez_2y_yield
2023-05-17,2.6000707891195223,ez_2y_yield
2023-05-18,2.67928689239477,ez_2y_yield
2023-05-19,2.7471737737,ez_2y_yield
2023-05-22,2.7279288532,ez_2y_yield
2023-05-23,2.7872740983,ez_2y_yield
2023-05-24,2.7467516756,ez_2y_yield
2023-05-25,2.8093492376,ez_2y_yield
2023-05-26,2.8494210987,ez_2y_yield
2023-05-29,2.8356765135,ez_2y_yield
2023-05-30,2.7775186808,ez_2y_yield
2023-05-31,2.6441031237,ez_2y_yield
2023-06-01,2.621862071,ez_2y_yield
2023-06-02,2.7101764811,ez_2y_yield
2023-06-05,2.8103150572,ez_2y_yield
2023-06-06,2.7772506474,ez_2y_yield
2023-06-07,2.814904492,ez_2y_yield
2023-06-08,2.8156737674,ez_2y_yield
2023-06-09,2.851706748,ez_2y_yield
2023-06-12,2.8282479493,ez_2y_yield
2023-06-13,2.879761289,ez_2y_yield
2023-06-14,2.9274793648,ez_2y_yield
2023-06-15,2.9810342345,ez_2y_yield
2023-06-16,3.0461809705,ez_2y_yield
2023-06-19,3.0491716145,ez_2y_yield
2023-06-20,3.0586385717,ez_2y_yield
2023-06-21,3.0874790329,ez_2y_yield
2023-06-22,3.1331520191,ez_2y_yield
2023-06-23,3.0262011384,ez_2y_yield
2023-06-26,3.0240954207,ez_2y_yield
2023-06-27,3.0181871169,ez_2y_yield
2023-06-28,3.0438746421,ez_2y_yield
2023-06-29,3.0941406989,ez_2y_yield
2023-06-30,3.1194082381,ez_2y_yield
2023-07-03,3.1278154899,ez_2y_yield
2023-07-04,3.1379404893,ez_2y_yield
2023-07-05,3.1022951761,ez_2y_yield
2023-07-06,3.2281563247,ez_2y_yield
2023-07-07,3.1791189338,ez_2y_yield
2023-07-10,3.1796892627,ez_2y_yield
2023-07-11,3.2061389059,ez_2y_yield
2023-07-12,3.1939926581,ez_2y_yield
2023-07-13,3.0970746443,ez_2y_yield
2023-07-14,3.0844499382,ez_2y_yield
2023-07-17,3.1144875226,ez_2y_yield
2023-07-18,2.9994428532,ez_2y_yield
2023-07-19,3.0135869229,ez_2y_yield
2023-07-20,3.1096135054,ez_2y_yield
2023-07-21,3.0692936148,ez_2y_yield
2023-07-24,3.0134729353,ez_2y_yield
2023-07-25,3.0261300338,ez_2y_yield
2023-07-26,3.1032051396,ez_2y_yield
2023-07-27,3.0132001128,ez_2y_yield
2023-07-28,3.0319643724,ez_2y_yield
2023-07-31,3.0155475324,ez_2y_yield
2023-08-01,3.0373738202,ez_2y_yield
2023-08-02,2.9597561893,ez_2y_yield
2023-08-03,2.9364916411,ez_2y_yield
2023-08-04,2.9998271575,ez_2y_yield
2023-08-07,2.9500983445,ez_2y_yield
2023-08-08,2.8769242493,ez_2y_yield
2023-08-09,2.9263636467,ez_2y_yield
2023-08-10,2.9381063931,ez_2y_yield
2023-08-11,2.968814151,ez_2y_yield
2023-08-14,3.0002788884,ez_2y_yield
2023-08-15,3.0593355164,ez_2y_yield
2023-08-16,3.0305812298,ez_2y_yield
2023-08-17,3.0497014785,ez_2y_yield
2023-08-18,2.963525779,ez_2y_yield
2023-08-21,3.0394879713,ez_2y_yield
2023-08-22,3.0446173245,ez_2y_yield
2023-08-23,2.934804265,ez_2y_yield
2023-08-24,2.9513054486,ez_2y_yield
2023-08-25,2.9918215004,ez_2y_yield
2023-08-28,3.0095787621,ez_2y_yield
2023-08-29,3.0461419089,ez_2y_yield
2023-08-30,3.0078964075,ez_2y_yield
2023-08-31,2.9548772685,ez_2y_yield
2023-09-01,2.9158876556,ez_2y_yield
2023-09-04,2.96216615,ez_2y_yield
2023-09-05,2.9756205578,ez_2y_yield
2023-09-06,3.0172667986,ez_2y_yield
2023-09-07,3.0539134053,ez_2y_yield
2023-09-08,3.0298050404,ez_2y_yield
2023-09-11,3.0247079348,ez_2y_yield
2023-09-12,3.0456917307,ez_2y_yield
2023-09-13,3.0857729928,ez_2y_yield
2023-09-14,3.0858386268,ez_2y_yield
2023-09-15,3.1408985551,ez_2y_yield
2023-09-18,3.1933303353,ez_2y_yield
2023-09-19,3.2157679102,ez_2y_yield
2023-09-20,3.1974932651,ez_2y_yield
2023-09-21,3.2096075111,ez_2y_yield
2023-09-22,3.1857524853,ez_2y_yield
2023-09-25,3.1999134289,ez_2y_yield
2023-09-26,3.1883778339,ez_2y_yield
2023-09-27,3.1735727157,ez_2y_yield
2023-09-28,3.2565522841,ez_2y_yield
2023-09-29,3.1572218833,ez_2y_yield
2023-10-02,3.1711296866,ez_2y_yield
2023-10-03,3.1649616523,ez_2y_yield
2023-10-04,3.1955840764,ez_2y_yield
2023-10-05,3.1187784649,ez_2y_yield
2023-10-06,3.1028853198,ez_2y_yield
2023-10-09,3.0521526217,ez_2y_yield
2023-10-10,3.0514113255,ez_2y_yield
2023-10-11,3.0614074113,ez_2y_yield
2023-10-12,3.0935073995,ez_2y_yield
2023-10-13,3.0527420436,ez_2y_yield
2023-10-16,3.08895947,ez_2y_yield
2023-10-17,3.1621624987,ez_2y_yield
2023-10-18,3.1703723649,ez_2y_yield
2023-10-19,3.200917778,ez_2y_yield
2023-10-20,3.1165339022,ez_2y_yield
2023-10-23,3.1484631297,ez_2y_yield
2023-10-24,3.0950318402,ez_2y_yield
2023-10-25,3.1016687815,ez_2y_yield
2023-10-26,3.0572836914,ez_2y_yield
2023-10-27,3.0392520295,ez_2y_yield
2023-10-30,3.0290351186,ez_2y_yield
2023-10-31,2.9879266452,ez_2y_yield
2023-11-01,2.9764181668,ez_2y_yield
2023-11-02,2.9532301252,ez_2y_yield
2023-11-03,2.9533432273,ez_2y_yield
2023-11-06,3.0049265289,ez_2y_yield
2023-11-07,3.0134784955,ez_2y_yield
2023-11-08,2.9855487514,ez_2y_yield
2023-11-09,3.0000366509,ez_2y_yield
2023-11-10,3.0472267959,ez_2y_yield
2023-11-13,3.0713345527,ez_2y_yield
2023-11-14,3.0162404941,ez_2y_yield
2023-11-15,2.9767360733,ez_2y_yield
2023-11-16,2.9380674081,ez_2y_yield
2023-11-17,2.9253266084,ez_2y_yield
2023-11-20,2.9716816978,ez_2y_yield
2023-11-21,2.9623133778,ez_2y_yield
2023-11-22,2.9477727578,ez_2y_yield
2023-11-23,2.9941343536,ez_2y_yield
2023-11-24,3.0207169197,ez_2y_yield
2023-11-27,2.9748875466,ez_2y_yield
2023-11-28,2.9113210465,ez_2y_yield
2023-11-29,2.7922998704,ez_2y_yield
2023-11-30,2.8061242815,ez_2y_yield
2023-12-01,2.7018369649,ez_2y_yield
2023-12-04,2.6382268674,ez_2y_yield
2023-12-05,2.6304272202,ez_2y_yield
2023-12-06,2.6400281518,ez_2y_yield
2023-12-07,2.6109618289,ez_2y_yield
2023-12-08,2.6870166383,ez_2y_yield
2023-12-11,2.6808021842,ez_2y_yield
2023-12-12,2.6846527347,ez_2y_yield
2023-12-13,2.6676521659,ez_2y_yield
2023-12-14,2.5793904722,ez_2y_yield
2023-12-15,2.5667243104,ez_2y_yield
2023-12-18,2.5722233274,ez_2y_yield
2023-12-19,2.5350216439,ez_2y_yield
2023-12-20,2.5144620976,ez_2y_yield
2023-12-21,2.4790505151,ez_2y_yield
2023-12-22,2.4243853894,ez_2y_yield
2023-12-27,2.424210111,ez_2y_yield
2023-12-28,2.4143239472,ez_2y_yield
2023-12-29,2.4363455063,ez_2y_yield
2024-01-02,2.4381982119,ez_2y_yield
2024-01-03,2.4464644861,ez_2y_yield
2024-01-04,2.4951679082,ez_2y_yield
2024-01-05,2.57754173,ez_2y_yield
2024-01-08,2.5624614331,ez_2y_yield
2024-01-09,2.5599655325,ez_2y_yield
2024-01-10,2.5780494152,ez_2y_yield
2024-01-11,2.5647437386,ez_2y_yield
2024-01-12,2.5251907164,ez_2y_yield
2024-01-15,2.5544563312,ez_2y_yield
2024-01-16,2.5579114471,ez_2y_yield
2024-01-17,2.6661449844,ez_2y_yield
2024-01-18,2.6768131019,ez_2y_yield
2024-01-19,2.6601461212,ez_2y_yield
2024-01-22,2.6444992404,ez_2y_yield
2024-01-23,2.6721226703,ez_2y_yield
2024-01-24,2.663037387,ez_2y_yield
2024-01-25,2.5950024031,ez_2y_yield
2024-01-26,2.5873884106,ez_2y_yield
2024-01-29,2.530533517,ez_2y_yield
2024-01-30,2.5229616619,ez_2y_yield
2024-01-31,2.4737329487,ez_2y_yield
2024-02-01,2.4718578156,ez_2y_yield
2024-02-02,2.5665608501,ez_2y_yield
2024-02-05,2.6225322873,ez_2y_yield
2024-02-06,2.6304437348,ez_2y_yield
2024-02-07,2.6142635533,ez_2y_yield
2024-02-08,2.6703657991,ez_2y_yield
2024-02-09,2.7200920439,ez_2y_yield
2024-02-12,2.7150454203,ez_2y_yield
2024-02-13,2.7570764919,ez_2y_yield
2024-02-14,2.7822301815,ez_2y_yield
2024-02-15,2.7610694685,ez_2y_yield
2024-02-16,2.8339608318,ez_2y_yield
2024-02-19,2.836763829,ez_2y_yield
2024-02-20,2.7955100414,ez_2y_yield
2024-02-21,2.8245174859,ez_2y_yield
2024-02-22,2.8704212885,ez_2y_yield
2024-02-23,2.8509066911,ez_2y_yield
2024-02-26,2.9029634891,ez_2y_yield
2024-02-27,2.9063723664,ez_2y_yield
2024-02-28,2.9113834927,ez_2y_yield
2024-02-29,2.9012443273,ez_2y_yield
2024-03-01,2.8997453122,ez_2y_yield
2024-03-04,2.8804907504,ez_2y_yield
2024-03-05,2.8523626568,ez_2y_yield
2024-03-06,2.8473304056,ez_2y_yield
2024-03-07,2.8529528524,ez_2y_yield
2024-03-08,2.7745423427,ez_2y_yield
2024-03-11,2.8039501177,ez_2y_yield
2024-03-12,2.842023547,ez_2y_yield
2024-03-13,2.8389592329,ez_2y_yield
2024-03-14,2.8719249526,ez_2y_yield
2024-03-15,2.9044036442,ez_2y_yield
2024-03-18,2.9015674337,ez_2y_yield
2024-03-19,2.8799697964,ez_2y_yield
2024-03-20,2.8888368353,ez_2y_yield
2024-03-21,2.8619899929,ez_2y_yield
2024-03-22,2.8142077684,ez_2y_yield
2024-03-25,2.8436140029,ez_2y_yield
2024-03-26,2.8446520188,ez_2y_yield
2024-03-27,2.7940012216,ez_2y_yield
2024-03-28,2.7981962094,ez_2y_yield
2024-04-02,2.8169937607,ez_2y_yield
2024-04-03,2.8340042643,ez_2y_yield
2024-04-04,2.8021367279,ez_2y_yield
2024-04-05,2.8304301161,ez_2y_yield
2024-04-08,2.8453378402,ez_2y_yield
2024-04-09,2.844529147,ez_2y_yield
2024-04-10,2.890368268,ez_2y_yield
2024-04-11,2.900117997,ez_2y_yield
2024-04-12,2.8092030862,ez_2y_yield
2024-04-15,2.8315737776,ez_2y_yield
2024-04-16,2.8579131238,ez_2y_yield
2024-04-17,2.8689112024,ez_2y_yield
2024-04-18,2.8823985611,ez_2y_yield
2024-04-19,2.920971954,ez_2y_yield
2024-04-22,2.8859431272,ez_2y_yield
2024-04-23,2.8798383983,ez_2y_yield
2024-04-24,2.9343412144,ez_2y_yield
2024-04-25,2.9873046997,ez_2y_yield
2024-04-26,2.9516982017,ez_2y_yield
2024-04-29,2.9228527419,ez_2y_yield
2024-04-30,2.9967567161,ez_2y_yield
2024-05-02,2.9691102147,ez_2y_yield
2024-05-03,2.9053014011,ez_2y_yield
2024-05-06,2.909517873,ez_2y_yield
2024-05-07,2.8988787532,ez_2y_yield
2024-05-08,2.915182553,ez_2y_yield
2024-05-09,2.9257582575,ez_2y_yield
2024-05-10,2.9442451164,ez_2y_yield
2024-05-13,2.9305148009,ez_2y_yield
2024-05-14,2.9395315903,ez_2y_yield
2024-05-15,2.8943669893,ez_2y_yield
2024-05-16,2.8959022268,ez_2y_yield
2024-05-17,2.9387147944,ez_2y_yield
2024-05-20,2.9329042182,ez_2y_yield
2024-05-21,2.91930996,ez_2y_yield
2024-05-22,2.9535232779,ez_2y_yield
2024-05-23,3.0028329815,ez_2y_yield
2024-05-24,3.0330994089,ez_2y_yield
2024-05-27,2.9737393125,ez_2y_yield
2024-05-28,2.9725027088,ez_2y_yield
2024-05-29,3.0272376639,ez_2y_yield
2024-05-30,3.0169714126,ez_2y_yield
2024-05-31,3.0193484923,ez_2y_yield
2024-06-03,2.9779859652,ez_2y_yield
2024-06-04,2.9277644372,ez_2y_yield
2024-06-05,2.935561114,ez_2y_yield
2024-06-06,2.9664368423,ez_2y_yield
2024-06-07,3.0231188867,ez_2y_yield
2024-06-10,3.0191670638,ez_2y_yield
2024-06-11,2.9634554635,ez_2y_yield
2024-06-12,2.9281543851,ez_2y_yield
2024-06-13,2.8987005515,ez_2y_yield
2024-06-14,2.7627458678,ez_2y_yield
2024-06-17,2.7914537869,ez_2y_yield
2024-06-18,2.7938622283,ez_2y_yield
2024-06-19,2.8108394712,ez_2y_yield
2024-06-20,2.8161233418,ez_2y_yield
2024-06-21,2.7675013428,ez_2y_yield
2024-06-24,2.8073327872,ez_2y_yield
2024-06-25,2.7992322474,ez_2y_yield
2024-06-26,2.8076536727,ez_2y_yield
2024-06-27,2.809586269,ez_2y_yield
2024-06-28,2.7993707466,ez_2y_yield
2024-07-01,2.8738448081,ez_2y_yield
2024-07-02,2.8849534405,ez_2y_yield
2024-07-03,2.9017080189,ez_2y_yield
2024-07-04,2.8941333562,ez_2y_yield
2024-07-05,2.8742369158,ez_2y_yield
2024-07-08,2.843711286,ez_2y_yield
2024-07-09,2.8615695202,ez_2y_yield
2024-07-10,2.8584445118,ez_2y_yield
2024-07-11,2.7946898478,ez_2y_yield
2024-07-12,2.8310235521,ez_2y_yield
2024-07-15,2.7754653648,ez_2y_yield
2024-07-16,2.7614783971,ez_2y_yield
2024-07-17,2.7626279177,ez_2y_yield
2024-07-18,2.7456871835,ez_2y_yield
2024-07-19,2.7681083283,ez_2y_yield
2024-07-22,2.7666766314,ez_2y_yield
2024-07-23,2.7539063343,ez_2y_yield
2024-07-24,2.721389585,ez_2y_yield
2024-07-25,2.7027505058,ez_2y_yield
2024-07-26,2.6906245201,ez_2y_yield
2024-07-29,2.6688958534,ez_2y_yield
2024-07-30,2.6109896462,ez_2y_yield
2024-07-31,2.5822152139,ez_2y_yield
2024-08-01,2.5606727906,ez_2y_yield
2024-08-02,2.4705683801,ez_2y_yield
2024-08-05,2.3095484768,ez_2y_yield
2024-08-06,2.3366425227,ez_2y_yield
2024-08-07,2.4235840543,ez_2y_yield
2024-08-08,2.4313380332,ez_2y_yield
2024-08-09,2.4002093268,ez_2y_yield
2024-08-12,2.4018433469,ez_2y_yield
2024-08-13,2.3682264916,ez_2y_yield
2024-08-14,2.3650988634,ez_2y_yield
2024-08-15,2.4398204079,ez_2y_yield
2024-08-16,2.4216635162,ez_2y_yield
2024-08-19,2.4232229273,ez_2y_yield
2024-08-20,2.3907306734,ez_2y_yield
2024-08-21,2.3497079812,ez_2y_yield
2024-08-22,2.3542595388,ez_2y_yield
2024-08-23,2.381168929,ez_2y_yield
2024-08-26,2.369541087,ez_2y_yield
2024-08-27,2.3926134933,ez_2y_yield
2024-08-28,2.3545063473,ez_2y_yield
2024-08-29,2.3180484558,ez_2y_yield
2024-08-30,2.3591456102,ez_2y_yield
2024-09-02,2.3984183282,ez_2y_yield
2024-09-03,2.381162134,ez_2y_yield
2024-09-04,2.3375777023,ez_2y_yield
2024-09-05,2.2623239828,ez_2y_yield
2024-09-06,2.2812464132,ez_2y_yield
2024-09-09,2.2272159765,ez_2y_yield
2024-09-10,2.2133271902,ez_2y_yield
2024-09-11,2.1390237934,ez_2y_yield
2024-09-12,2.1754847132,ez_2y_yield
2024-09-13,2.1629372456,ez_2y_yield
2024-09-16,2.1777910624,ez_2y_yield
2024-09-17,2.1607422865,ez_2y_yield
2024-09-18,2.2050798971,ez_2y_yield
2024-09-19,2.1915578525,ez_2y_yield
2024-09-20,2.2099509708,ez_2y_yield
2024-09-23,2.1511405872,ez_2y_yield
2024-09-24,2.0943300472,ez_2y_yield
2024-09-25,2.0974194602,ez_2y_yield
2024-09-26,2.0416181686,ez_2y_yield
2024-09-27,2.0119940033,ez_2y_yield
2024-09-30,2.0342844512,ez_2y_yield
2024-10-01,1.9456250509,ez_2y_yield
2024-10-02,2.0007264821,ez_2y_yield
2024-10-03,2.0212892241,ez_2y_yield
2024-10-04,2.1022005749,ez_2y_yield
2024-10-07,2.1576127679,ez_2y_yield
2024-10-08,2.1763718703,ez_2y_yield
2024-10-09,2.1768275104,ez_2y_yield
2024-10-10,2.1884832799,ez_2y_yield
2024-10-11,2.1920214757,ez_2y_yield
2024-10-14,2.1784237067,ez_2y_yield
2024-10-15,2.1480490822,ez_2y_yield
2024-10-16,2.1075010731,ez_2y_yield
2024-10-17,2.1011632395,ez_2y_yield
2024-10-18,2.0328800201,ez_2y_yield
2024-10-21,2.1254694639,ez_2y_yield
2024-10-22,2.1273525065,ez_2y_yield
2024-10-23,2.0778460531,ez_2y_yield
2024-10-24,2.0604909137,ez_2y_yield
2024-10-25,2.0891054524,ez_2y_yield
2024-10-28,2.047174035,ez_2y_yield
2024-10-29,2.0905380679,ez_2y_yield
2024-10-30,2.1631326224,ez_2y_yield
2024-10-31,2.2433129773,ez_2y_yield
2024-11-01,2.1952562375,ez_2y_yield
2024-11-04,2.2221182741,ez_2y_yield
2024-11-05,2.2263637944,ez_2y_yield
2024-11-06,2.1549863148,ez_2y_yield
2024-11-07,2.1580280616,ez_2y_yield
2024-11-08,2.1485568177,ez_2y_yield
2024-11-11,2.0986940577,ez_2y_yield
2024-11-12,2.0692720316,ez_2y_yield
2024-11-13,2.0985880386,ez_2y_yield
2024-11-14,2.0649425177,ez_2y_yield
2024-11-15,2.087979243,ez_2y_yield
2024-11-18,2.1396008737,ez_2y_yield
2024-11-19,2.100254494,ez_2y_yield
2024-11-20,2.1028413895,ez_2y_yield
2024-11-21,2.0626525434,ez_2y_yield
2024-11-22,1.9917460703,ez_2y_yield
2024-11-25,1.9688081202,ez_2y_yield
2024-11-26,2.0073401995,ez_2y_yield
2024-11-27,1.9921060501,ez_2y_yield
2024-11-28,1.971644599,ez_2y_yield
2024-11-29,1.9120084184,ez_2y_yield
2024-12-02,1.8564459333,ez_2y_yield
2024-12-03,1.8753282922,ez_2y_yield
2024-12-04,1.9043105134,ez_2y_yield
2024-12-05,1.9630802353,ez_2y_yield
2024-12-06,1.9622855999,ez_2y_yield
2024-12-09,1.9488705956,ez_2y_yield
2024-12-10,1.9444423681,ez_2y_yield
2024-12-11,1.9140376769,ez_2y_yield
2024-12-12,1.9672665227,ez_2y_yield
2024-12-13,1.9997336276,ez_2y_yield
2024-12-16,2.000605868,ez_2y_yield
2024-12-17,1.9851802289,ez_2y_yield
2024-12-18,1.9759524375,ez_2y_yield
2024-12-19,2.0137551282,ez_2y_yield
2024-12-20,1.960729092,ez_2y_yield
2024-12-23,1.9977993063,ez_2y_yield
2024-12-24,2.0031476754,ez_2y_yield
2024-12-27,2.0076965659,ez_2y_yield
2024-12-30,2.0111511629,ez_2y_yield
2025-01-02,2.0076200899,ez_2y_yield
2025-01-03,2.0886587479,ez_2y_yield
2025-01-06,2.1595698444,ez_2y_yield
2025-01-07,2.103299616,ez_2y_yield
2025-01-08,2.1490938371,ez_2y_yield
2025-01-09,2.1646834993,ez_2y_yield
2025-01-10,2.2202151764,ez_2y_yield
2025-01-13,2.2442257115,ez_2y_yield
2025-01-14,2.2686086924,ez_2y_yield
2025-01-15,2.2012399722,ez_2y_yield
2025-01-16,2.235734602,ez_2y_yield
2025-01-17,2.2064343832,ez_2y_yield
2025-01-20,2.2057366848,ez_2y_yield
2025-01-21,2.1747840711,ez_2y_yield
2025-01-22,2.1747840711,ez_2y_yield
2025-01-23,2.1875774122,ez_2y_yield
2025-01-24,2.2401136815,ez_2y_yield
2025-01-27,2.2016690685,ez_2y_yield
2025-01-28,2.2021654345,ez_2y_yield
2025-01-29,2.1948520403,ez_2y_yield
2025-01-30,2.1240844937,ez_2y_yield
2025-01-31,2.0552152666,ez_2y_yield
2025-02-03,1.9872366835,ez_2y_yield
2025-02-04,1.9974569542,ez_2y_yield
2025-02-05,1.9988268412,ez_2y_yield
2025-02-06,2.0061366048,ez_2y_yield
2025-02-07,2.0135594267,ez_2y_yield
2025-02-10,1.9758389315,ez_2y_yield
2025-02-11,2.0216543109,ez_2y_yield
2025-02-12,2.0731938112,ez_2y_yield
2025-02-13,2.0349752962,ez_2y_yield
2025-02-14,2.0624994984,ez_2y_yield
2025-02-17,2.0773110811,ez_2y_yield
2025-02-18,2.0741708107,ez_2y_yield
2025-02-19,2.1285716169,ez_2y_yield
2025-02-20,2.1062244707,ez_2y_yield
2025-02-21,2.0427070281,ez_2y_yield
2025-02-24,2.026742961,ez_2y_yield
2025-02-25,2.015339264,ez_2y_yield
2025-02-26,2.0144299849,ez_2y_yield
2025-02-27,1.992752704,ez_2y_yield
2025-02-28,1.974536006,ez_2y_yield
2025-03-03,2.0318952758,ez_2y_yield
2025-03-04,1.9743120874,ez_2y_yield
2025-03-05,2.1420782115,ez_2y_yield
2025-03-06,2.2259304935,ez_2y_yield
2025-03-07,2.180223707,ez_2y_yield
2025-03-10,2.1478681152,ez_2y_yield
2025-03-11,2.1484797044,ez_2y_yield
2025-03-12,2.1770756347,ez_2y_yield
2025-03-13,2.1416020912,ez_2y_yield
2025-03-14,2.1719678102,ez_2y_yield
2025-03-17,2.1424126111,ez_2y_yield
2025-03-18,2.1649719311,ez_2y_yield
2025-03-19,2.1373179128,ez_2y_yield
2025-03-20,2.1097935149,ez_2y_yield
2025-03-21,2.1078266368,ez_2y_yield
2025-03-24,2.1035268227,ez_2y_yield
2025-03-25,2.1131294674,ez_2y_yield
2025-03-26,2.0864188814,ez_2y_yield
2025-03-27,2.0491543401,ez_2y_yield
2025-03-28,2.0213322345,ez_2y_yield
2025-03-31,1.9946853961,ez_2y_yield
2025-04-01,1.9946997438,ez_2y_yield
2025-04-02,1.9895064102,ez_2y_yield
2025-04-03,1.9439000041,ez_2y_yield
2025-04-04,1.8215221075,ez_2y_yield
2025-04-07,1.7878631774,ez_2y_yield
2025-04-08,1.9048767912,ez_2y_yield
2025-04-09,1.7508397125,ez_2y_yield
2025-04-10,1.8313708594,ez_2y_yield
2025-04-11,1.7300159396,ez_2y_yield
2025-04-14,1.7391264376,ez_2y_yield
2025-04-15,1.7747438536,ez_2y_yield
2025-04-16,1.7290503897,ez_2y_yield
2025-04-17,1.7046384892,ez_2y_yield
2025-04-22,1.6718726322,ez_2y_yield
2025-04-23,1.7433495911,ez_2y_yield
2025-04-24,1.6777609946,ez_2y_yield
2025-04-25,1.715780973,ez_2y_yield
2025-04-28,1.7363224447,ez_2y_yield
2025-04-29,1.745149545,ez_2y_yield
2025-04-30,1.6995058817,ez_2y_yield
2025-05-02,1.7503686787,ez_2y_yield
2025-05-05,1.7418307971,ez_2y_yield
2025-05-06,1.7671821893,ez_2y_yield
2025-05-07,1.7320107645,ez_2y_yield
2025-05-08,1.7413589325,ez_2y_yield
2025-05-09,1.773598502,ez_2y_yield
2025-05-12,1.8797796809,ez_2y_yield
2025-05-13,1.8788957042,ez_2y_yield
2025-05-14,1.8873503967,ez_2y_yield
2025-05-15,1.8674987143,ez_2y_yield
2025-05-16,1.8362162012,ez_2y_yield
2025-05-19,1.8145949522,ez_2y_yield
2025-05-20,1.8402949154,ez_2y_yield
2025-05-21,1.8425789682,ez_2y_yield
2025-05-22,1.8221230663,ez_2y_yield
2025-05-23,1.7386811942,ez_2y_yield
2025-05-26,1.7792641337,ez_2y_yield
2025-05-27,1.7746946262,ez_2y_yield
2025-05-28,1.7958959811,ez_2y_yield
2025-05-29,1.7724631081,ez_2y_yield
2025-05-30,1.780577865,ez_2y_yield
2025-06-02,1.8072703241,ez_2y_yield
2025-06-03,1.7609713344,ez_2y_yield
2025-06-04,1.7934058136,ez_2y_yield
2025-06-05,1.8250862266,ez_2y_yield
2025-06-06,1.8622240107,ez_2y_yield
2025-06-09,1.8561998473,ez_2y_yield
2025-06-10,1.8336509094,ez_2y_yield
2025-06-11,1.8054730197,ez_2y_yield
2025-06-12,1.7980167692,ez_2y_yield
2025-06-13,1.8343448481,ez_2y_yield
2025-06-16,1.8311404697,ez_2y_yield
2025-06-17,1.8499896246,ez_2y_yield
2025-06-18,1.8339061542,ez_2y_yield
2025-06-19,1.8271326556,ez_2y_yield
2025-06-20,1.836071063,ez_2y_yield
2025-06-23,1.8549831431,ez_2y_yield
2025-06-24,1.8486111052,ez_2y_yield
2025-06-25,1.8509723862,ez_2y_yield
2025-06-26,1.816880051,ez_2y_yield
2025-06-27,1.8455372589,ez_2y_yield
2025-06-30,1.8448999837,ez_2y_yield
2025-07-01,1.8239814624,ez_2y_yield
2025-07-02,1.8483808664,ez_2y_yield
2025-07-03,1.8348212146,ez_2y_yield
2025-07-04,1.8059469442,ez_2y_yield
2025-07-07,1.83026981,ez_2y_yield
2025-07-08,1.8665369634,ez_2y_yield
2025-07-09,1.8470333959,ez_2y_yield
2025-07-10,1.8672876318,ez_2y_yield
2025-07-11,1.903209113,ez_2y_yield
2025-07-14,1.8699459982,ez_2y_yield
2025-07-15,1.8413199979,ez_2y_yield
2025-07-16,1.8309948522,ez_2y_yield
2025-07-17,1.827158467,ez_2y_yield
2025-07-18,1.8421399825,ez_2y_yield
2025-07-21,1.8098318192,ez_2y_yield
2025-07-22,1.7986465081,ez_2y_yield
2025-07-23,1.7905376433,ez_2y_yield
2025-07-24,1.8858153399,ez_2y_yield
2025-07-25,1.9267637335,ez_2y_yield
2025-07-28,1.8843251375,ez_2y_yield
2025-07-29,1.9076732152,ez_2y_yield
2025-07-30,1.9284117853,ez_2y_yield
2025-07-31,1.9362248244,ez_2y_yield
2025-08-01,1.8822516117,ez_2y_yield
2025-08-04,1.8777986574,ez_2y_yield
2025-08-05,1.8794618579,ez_2y_yield
2025-08-06,1.8796763767,ez_2y_yield
2025-08-07,1.8910557398,ez_2y_yield
2025-08-08,1.9353984474,ez_2y_yield
2025-08-11,1.9399036004,ez_2y_yield
2025-08-12,1.9512619362,ez_2y_yield
2025-08-13,1.9143562536,ez_2y_yield
2025-08-14,1.9217794248,ez_2y_yield
2025-08-15,1.9296540424,ez_2y_yield
2025-08-18,1.9361723298,ez_2y_yield
2025-08-19,1.9299063054,ez_2y_yield
2025-08-20,1.9028262007,ez_2y_yield
2025-08-21,1.9395964645,ez_2y_yield
2025-08-22,1.9473188478,ez_2y_yield
2025-08-25,1.9578977321,ez_2y_yield
2025-08-26,1.9200470906,ez_2y_yield
2025-08-27,1.9044242003,ez_2y_yield
2025-08-28,1.914518753,ez_2y_yield
2025-08-29,1.9213686405,ez_2y_yield
2025-09-01,1.928922292,ez_2y_yield
2025-09-02,1.9547879495,ez_2y_yield
2025-09-03,1.9325486542,ez_2y_yield
2025-09-04,1.9264749155,ez_2y_yield
2025-09-05,1.9033183028,ez_2y_yield
2025-09-08,1.895973612,ez_2y_yield
2025-09-09,1.9051122605,ez_2y_yield
2025-09-10,1.9141822433,ez_2y_yield
2025-09-11,1.9532167861,ez_2y_yield
2025-09-12,1.9790847728,ez_2y_yield
2025-09-15,1.9720407965,ez_2y_yield
2025-09-16,1.9778896988,ez_2y_yield
2025-09-17,1.9643942273,ez_2y_yield
2025-09-18,1.9780242937,ez_2y_yield
2025-09-19,1.9896402238,ez_2y_yield
2025-09-22,1.9852879818,ez_2y_yield
2025-09-23,1.9956466397,ez_2y_yield
2025-09-24,1.9873716479,ez_2y_yield
2025-09-25,2.0094562374,ez_2y_yield
2025-09-26,1.9994178834,ez_2y_yield
2025-09-29,1.9956701695,ez_2y_yield
2025-09-30,1.9908238068,ez_2y_yield
2025-10-01,1.9761886629,ez_2y_yield
2025-10-02,1.9917023576,ez_2y_yield
2025-10-03,1.9939644259,ez_2y_yield
2025-10-06,1.98083288,ez_2y_yield
2025-10-07,1.9857003252,ez_2y_yield
2025-10-08,1.9630022754,ez_2y_yield
2025-10-09,1.9726228378,ez_2y_yield
2025-10-10,1.9587396731,ez_2y_yield
2025-10-13,1.9306945555,ez_2y_yield
2025-10-14,1.9168815171,ez_2y_yield
2025-10-15,1.9001731195,ez_2y_yield
2025-10-16,1.9037734982,ez_2y_yield
2025-10-17,1.8984483024,ez_2y_yield
2025-10-20,1.8984182214,ez_2y_yield
2025-10-21,1.8885775465,ez_2y_yield
2025-10-22,1.8988944421,ez_2y_yield
2025-10-23,1.9077101748,ez_2y_yield
2025-10-24,1.9492572548,ez_2y_yield
2025-10-27,1.9525802229,ez_2y_yield
2025-10-28,1.9502180776,ez_2y_yield
2025-10-29,1.9449959952,ez_2y_yield
2025-10-30,1.966546382,ez_2y_yield
2025-10-31,1.9496455975,ez_2y_yield
2025-11-03,1.9601849719,ez_2y_yield
2025-11-04,1.9545242785,ez_2y_yield
2025-11-05,1.9539552601,ez_2y_yield
2025-11-06,1.9634247745,ez_2y_yield
2025-11-07,1.9723170296,ez_2y_yield
2025-11-10,1.9713384534,ez_2y_yield
2025-11-11,1.9708878517,ez_2y_yield
2025-11-12,1.9757924828,ez_2y_yield
2025-11-13,1.9946614329,ez_2y_yield
2025-11-14,1.9897807117,ez_2y_yield
2025-11-17,2.001966068,ez_2y_yield
2025-11-18,1.9800858891,ez_2y_yield
2025-11-19,1.9897453776,ez_2y_yield
2025-11-20,2.0067656218,ez_2y_yield
2025-11-21,1.9777959808,ez_2y_yield
2025-11-24,1.9981241414,ez_2y_yield
2025-11-25,1.9924426405,ez_2y_yield
2025-11-26,1.9959402407,ez_2y_yield
2025-11-27,1.9992870109,ez_2y_yield
2025-11-28,2.0086159249,ez_2y_yield
2025-12-01,2.0361617384,ez_2y_yield
2025-12-02,2.0262999062,ez_2y_yield
2025-12-03,2.0245242654,ez_2y_yield
2025-12-04,2.0453654549,ez_2y_yield
2025-12-05,2.052909768,ez_2y_yield
2025-12-08,2.1127957698,ez_2y_yield
2025-12-09,2.1151576926,ez_2y_yield
2025-12-10,2.1334987566,ez_2y_yield
2025-12-11,2.1223183223,ez_2y_yield
2025-12-12,2.1260062539,ez_2y_yield
2025-12-15,2.1145348663,ez_2y_yield
2025-12-16,2.1131495875,ez_2y_yield
2025-12-17,2.1027460322,ez_2y_yield
2025-12-18,2.100313418,ez_2y_yield
2025-12-19,2.1198446236,ez_2y_yield
2025-12-22,2.1227241736,ez_2y_yield
2025-12-23,2.1201323564,ez_2y_yield
2025-12-24,2.1214520268,ez_2y_yield
2025-12-29,2.0890805136,ez_2y_yield
2025-12-30,2.1004409369,ez_2y_yield
2025-12-31,2.108454926,ez_2y_yield
2026-01-02,2.1097118774,ez_2y_yield
2026-01-05,2.1166888082,ez_2y_yield
2026-01-06,2.0811808209,ez_2y_yield
2026-01-07,2.0676284816,ez_2y_yield
2026-01-08,2.0789036096,ez_2y_yield
2026-01-09,2.0896572574,ez_2y_yield
2026-01-12,2.0774595775,ez_2y_yield
2026-01-13,2.0777781125,ez_2y_yield
2026-01-14,2.0614395345,ez_2y_yield
2026-01-15,2.0696657104,ez_2y_yield
2026-01-16,2.0876313209,ez_2y_yield
2026-01-19,2.0600532983,ez_2y_yield
2026-01-20,2.0547042686,ez_2y_yield
2026-01-21,2.0537035653,ez_2y_yield
2026-01-22,2.0855734238,ez_2y_yield
2026-01-23,2.1048870037,ez_2y_yield
2026-01-26,2.0873579681,ez_2y_yield
2026-01-27,2.0805342608,ez_2y_yield
2026-01-28,2.0530366858,ez_2y_yield
2026-01-29,2.036202589,ez_2y_yield
2026-01-30,2.0495671759,ez_2y_yield
2026-02-02,2.0631603149,ez_2y_yield
2026-02-03,2.0813185732,ez_2y_yield
2026-02-04,2.0624879741,ez_2y_yield
2026-02-05,2.0587574086,ez_2y_yield
2026-02-06,2.043146305,ez_2y_yield
2026-02-09,2.032594875,ez_2y_yield
2026-02-10,2.0294694015,ez_2y_yield
2026-02-11,2.0353981842,ez_2y_yield
2026-02-12,2.0269946228,ez_2y_yield
2026-02-13,1.9972761628,ez_2y_yield
2026-02-16,2.0047470579,ez_2y_yield
2026-02-17,2.0029126282,ez_2y_yield
2026-02-18,2.0125980441,ez_2y_yield
2026-02-19,2.0165098289,ez_2y_yield
2026-02-20,2.0134776273,ez_2y_yield
2026-02-23,2.0077993115,ez_2y_yield
2026-02-24,2.0065503018,ez_2y_yield
2026-02-25,2.0088303801,ez_2y_yield
2026-02-26,2.0032308997,ez_2y_yield
2026-02-27,1.9805043076,ez_2y_yield
2026-03-02,2.030707584,ez_2y_yield
2026-03-03,2.133731533,ez_2y_yield
2026-03-04,2.098893153,ez_2y_yield
2026-03-05,2.1676114472,ez_2y_yield
2026-03-06,2.2233174688,ez_2y_yield
2026-03-09,2.2505716678,ez_2y_yield
2026-03-10,2.1757420376,ez_2y_yield
2026-03-11,2.3138180443,ez_2y_yield
2026-03-12,2.3517295137,ez_2y_yield
2026-03-13,2.3632504207,ez_2y_yield
2026-03-16,2.340172575,ez_2y_yield
2026-03-17,2.3318529669,ez_2y_yield
2026-03-18,2.4052936167,ez_2y_yield
2026-03-19,2.4681846638,ez_2y_yield
2026-03-20,2.5854170099,ez_2y_yield
2026-03-23,2.5182150027,ez_2y_yield
2026-03-24,2.5894585133,ez_2y_yield
2026-03-25,2.5571657133,ez_2y_yield
2026-03-26,2.6236868951,ez_2y_yield
2026-03-27,2.6447072056,ez_2y_yield
2026-03-30,2.6005623576,ez_2y_yield
2026-03-31,2.5889838861,ez_2y_yield
2026-04-01,2.5482024884,ez_2y_yield
2026-04-02,2.5948155184,ez_2y_yield
2026-04-07,2.6592217899,ez_2y_yield
2026-04-08,2.4414899676,ez_2y_yield
2026-04-09,2.5237103254,ez_2y_yield
2026-04-10,2.5310621219,ez_2y_yield
2026-04-13,2.5855339022,ez_2y_yield
2026-04-14,2.5445231091,ez_2y_yield
2026-04-15,2.4953056634,ez_2y_yield
2026-04-16,2.4885726292,ez_2y_yield
2026-04-17,2.4099992558,ez_2y_yield
2026-04-20,2.4209588043,ez_2y_yield
2026-04-21,2.4560076038,ez_2y_yield
2026-04-22,2.4912944573,ez_2y_yield
2026-04-23,2.5376409998,ez_2y_yield
2026-04-24,2.5420491489,ez_2y_yield
2026-04-27,2.530043291,ez_2y_yield
2026-04-28,2.601788104,ez_2y_yield
2026-04-29,2.665172473,ez_2y_yield
2026-04-30,2.6058943243,ez_2y_yield
2026-05-04,2.6404350044,ez_2y_yield
2026-05-05,2.6390993225,ez_2y_yield
2026-05-06,2.5384893356,ez_2y_yield
2026-05-07,2.5130682789,ez_2y_yield
2026-05-08,2.5402702863,ez_2y_yield
2026-05-11,2.5923630642,ez_2y_yield
2026-05-12,2.6582573787,ez_2y_yield
2026-05-13,2.6562503742,ez_2y_yield
2026-05-14,2.6059369849,ez_2y_yield
2026-05-15,2.6867609973,ez_2y_yield
2026-05-18,2.6399098709,ez_2y_yield
2026-05-19,2.6893209753,ez_2y_yield
2026-05-20,2.6729796871,ez_2y_yield
2026-05-21,2.6286870284,ez_2y_yield
2026-05-22,2.5735265749,ez_2y_yield
2026-05-25,2.4784887624,ez_2y_yield
2026-05-26,2.5304227883,ez_2y_yield
2026-05-27,2.5242753911,ez_2y_yield
2026-05-28,2.5253148055,ez_2y_yield
2026-05-29,2.5006714674,ez_2y_yield
2026-06-01,2.5777190557,ez_2y_yield
2026-06-02,2.5557837052,ez_2y_yield
2026-06-03,2.5889111082,ez_2y_yield
2026-06-04,2.5816369773,ez_2y_yield
2026-06-05,2.6015235946,ez_2y_yield
2026-06-08,2.623581458,ez_2y_yield
2026-06-09,2.6189683991,ez_2y_yield
2026-06-10,2.6354295416,ez_2y_yield
2026-06-11,2.6089401632,ez_2y_yield
2026-06-12,2.5775819706,ez_2y_yield
2026-06-15,2.5184709728,ez_2y_yield
2026-06-16,2.5154495371,ez_2y_yield
2026-06-17,2.5267491655,ez_2y_yield
2026-06-18,2.5543756811,ez_2y_yield
2026-06-19,2.5758917711,ez_2y_yield
2026-06-22,2.5451244434,ez_2y_yield
2026-06-23,2.5038709417,ez_2y_yield
2026-06-24,2.4861849189,ez_2y_yield
2026-06-25,2.4756991249,ez_2y_yield
2026-06-26,2.4528794927,ez_2y_yield
2026-06-29,2.476732268,ez_2y_yield
2026-06-30,2.4760833371,ez_2y_yield
2026-07-01,2.4738910102,ez_2y_yield
2026-07-02,2.4543322029,ez_2y_yield
2026-07-03,2.4707016791,ez_2y_yield
2026-07-06,2.484644142,ez_2y_yield
2026-07-07,2.5291403048,ez_2y_yield
2026-07-08,2.6192816299,ez_2y_yield
2026-07-09,2.6146246593,ez_2y_yield
2026-07-10,2.5992991792,ez_2y_yield
2026-07-13,2.6446073262,ez_2y_yield
2026-07-14,2.6874859602,ez_2y_yield
2026-07-15,2.6761872416,ez_2y_yield
2026-07-16,2.6989120043,ez_2y_yield
2026-07-17,2.6977042564,ez_2y_yield
2026-07-20,2.7099382231,ez_2y_yield
2026-07-21,2.7373771255,ez_2y_yield
2026-07-22,2.7617110552,ez_2y_yield
2026-07-23,2.8005546841,ez_2y_yield
2026-07-24,2.7719528205,ez_2y_yield
2026-07-27,2.7295925773,ez_2y_yield
2026-07-28,2.7075644189,ez_2y_yield
2026-07-29,2.7319809842,ez_2y_yield
2026-07-30,2.7130737913,ez_2y_yield
2026-07-31,2.7607858384,ez_2y_yield
2026-08-03,2.7020530741,ez_2y_yield
2026-08-04,2.662325091,ez_2y_yield
2026-08-05,2.6703142615,ez_2y_yield
2026-08-06,2.6725142222,ez_2y_yield
2026-08-07,2.6658514849,ez_2y_yield
2026-08-10,2.7207716313,ez_2y_yield
2026-08-11,2.7087020959,ez_2y_yield
2026-08-12,2.700507465,ez_2y_yield
2026-08-13,2.6909507954,ez_2y_yield
2026-08-14,2.7276488205,ez_2y_yield
2026-08-17,2.7360418851,ez_2y_yield
2026-08-18,2.7804608813,ez_2y_yield
2026-08-19,2.7807523845,ez_2y_yield
2026-08-20,2.7913954426,ez_2y_yield
2026-08-21,2.7610795861,ez_2y_yield
2026-08-24,2.7963537279,ez_2y_yield
2026-08-25,2.7504426576,ez_2y_yield
2026-08-26,2.7553758658,ez_2y_yield
2026-08-27,2.785058112,ez_2y_yield
2026-08-28,2.8053784303,ez_2y_yield
2026-08-31,2.8560179314,ez_2y_yield
2026-09-01,2.876001251,ez_2y_yield
2026-09-02,2.9132061618,ez_2y_yield
2026-09-03,2.8856641467,ez_2y_yield
2026-09-04,2.8766374271,ez_2y_yield
2026-09-07,2.9133072339,ez_2y_yield
2026-09-08,2.9197540673,ez_2y_yield
2026-09-09,2.9762925282,ez_2y_yield
2026-09-10,3.100596328,ez_2y_yield
2026-09-11,3.1275687541,ez_2y_yield
2026-09-14,3.2277796081,ez_2y_yield
2026-09-15,3.1878043845,ez_2y_yield
2026-09-16,3.1657762564,ez_2y_yield
2026-09-17,3.1481938332,ez_2y_yield
2026-09-18,3.2152124072,ez_2y_yield
2026-09-21,3.1476088412,ez_2y_yield
2026-09-22,3.135563132,ez_2y_yield
2026-09-23,3.2183173377,ez_2y_yield
2026-09-24,3.2294000719,ez_2y_yield
2026-09-25,3.251066966,ez_2y_yield
2026-09-28,3.2330297411,ez_2y_yield
2026-09-29,3.2105877756,ez_2y_yield
2026-09-30,3.1591707336,ez_2y_yield
2010-01-04,3.768964512093833,ez_10y_yield
2010-01-05,3.743664026352557,ez_10y_yield
2010-01-06,3.7655147292828217,ez_10y_yield
2010-01-07,3.729893304684448,ez_10y_yield
2010-01-08,3.716696718170182,ez_10y_yield
2010-01-11,3.692294432948031,ez_10y_yield
2010-01-12,3.67095642971694,ez_10y_yield
2010-01-13,3.683623681321169,ez_10y_yield
2010-01-14,3.701897720014316,ez_10y_yield
2010-01-15,3.6695487268602185,ez_10y_yield
2010-01-18,3.652735795941563,ez_10y_yield
2010-01-19,3.683727393840197,ez_10y_yield
2010-01-20,3.649621787579776,ez_10y_yield
2010-01-21,3.664270153340595,ez_10y_yield
2010-01-22,3.6517281707216256,ez_10y_yield
2010-01-25,3.64431519119195,ez_10y_yield
2010-01-26,3.6262094239248057,ez_10y_yield
2010-01-27,3.599463195586871,ez_10y_yield
2010-01-28,3.623067525471054,ez_10y_yield
2010-01-29,3.663042992534393,ez_10y_yield
2010-02-01,3.594381758820893,ez_10y_yield
2010-02-02,3.5941443246598066,ez_10y_yield
2010-02-03,3.6027835104311503,ez_10y_yield
2010-02-04,3.56955369889806,ez_10y_yield
2010-02-05,3.531149486149904,ez_10y_yield
2010-02-08,3.5424050759693517,ez_10y_yield
2010-02-09,3.556734275721149,ez_10y_yield
2010-02-10,3.562545556403041,ez_10y_yield
2010-02-11,3.57939810431241,ez_10y_yield
2010-02-12,3.5706567700739438,ez_10y_yield
2010-02-15,3.585059185385989,ez_10y_yield
2010-02-16,3.582726527269677,ez_10y_yield
2010-02-17,3.581546880014669,ez_10y_yield
2010-02-18,3.5994022755730715,ez_10y_yield
2010-02-19,3.6378448831691967,ez_10y_yield
2010-02-22,3.644548234074773,ez_10y_yield
2010-02-23,3.556063381516027,ez_10y_yield
2010-02-24,3.523808395512991,ez_10y_yield
2010-02-25,3.503209763046967,ez_10y_yield
2010-02-26,3.487951488602823,ez_10y_yield
2010-03-01,3.496082444596948,ez_10y_yield
2010-03-02,3.494549271836881,ez_10y_yield
2010-03-03,3.529489130634636,ez_10y_yield
2010-03-04,3.519362516302563,ez_10y_yield
2010-03-05,3.5428683633696583,ez_10y_yield
2010-03-08,3.5404398969532176,ez_10y_yield
2010-03-09,3.499186590633005,ez_10y_yield
2010-03-10,3.5222884179680767,ez_10y_yield
2010-03-11,3.531555958830724,ez_10y_yield
2010-03-12,3.5606726340969086,ez_10y_yield
2010-03-15,3.519990622604632,ez_10y_yield
2010-03-16,3.505543687370656,ez_10y_yield
2010-03-17,3.476980435185097,ez_10y_yield
2010-03-18,3.495363251761503,ez_10y_yield
2010-03-19,3.4994517372737426,ez_10y_yield
2010-03-22,3.4639284949386333,ez_10y_yield
2010-03-23,3.442893455849055,ez_10y_yield
2010-03-24,3.474561353909679,ez_10y_yield
2010-03-25,3.501446887270838,ez_10y_yield
2010-03-26,3.533527330533789,ez_10y_yield
2010-03-29,3.4954701409060545,ez_10y_yield
2010-03-30,3.509152404784366,ez_10y_yield
2010-03-31,3.462696597710875,ez_10y_yield
2010-04-01,3.477214355897218,ez_10y_yield
2010-04-06,3.506911430116017,ez_10y_yield
2010-04-07,3.4898646024326494,ez_10y_yield
2010-04-08,3.4800145958330817,ez_10y_yield
2010-04-09,3.526909109361464,ez_10y_yield
2010-04-12,3.523134300345329,ez_10y_yield
2010-04-13,3.502078462751066,ez_10y_yield
2010-04-14,3.505544810884359,ez_10y_yield
2010-04-15,3.51469836042658,ez_10y_yield
2010-04-16,3.479743930265641,ez_10y_yield
2010-04-19,3.475499552291652,ez_10y_yield
2010-04-20,3.4757686414569147,ez_10y_yield
2010-04-21,3.466689959974371,ez_10y_yield
2010-04-22,3.426440907160579,ez_10y_yield
2010-04-23,3.463312873059219,ez_10y_yield
2010-04-26,3.422589286457677,ez_10y_yield
2010-04-27,3.436979055881711,ez_10y_yield
2010-04-28,3.40932704241194,ez_10y_yield
2010-04-29,3.429632382168071,ez_10y_yield
2010-04-30,3.3965316590279984,ez_10y_yield
2010-05-03,3.4131874740017607,ez_10y_yield
2010-05-04,3.3408767526377496,ez_10y_yield
2010-05-05,3.262176040147996,ez_10y_yield
2010-05-06,3.3051727506621607,ez_10y_yield
2010-05-07,3.273198801324482,ez_10y_yield
2010-05-10,3.3781668364474395,ez_10y_yield
2010-05-11,3.3499422920632647,ez_10y_yield
2010-05-12,3.353292829027859,ez_10y_yield
2010-05-13,3.3303253442894607,ez_10y_yield
2010-05-14,3.257722430267978,ez_10y_yield
2010-05-17,3.2802959573968726,ez_10y_yield
2010-05-18,3.2124259896101632,ez_10y_yield
2010-05-19,3.184363586399559,ez_10y_yield
2010-05-20,3.090359284221961,ez_10y_yield
2010-05-21,3.058975295550954,ez_10y_yield
2010-05-24,3.0381255161958847,ez_10y_yield
2010-05-25,2.9732189752073963,ez_10y_yield
2010-05-26,3.0453144845703477,ez_10y_yield
2010-05-27,3.0758757874207663,ez_10y_yield
2010-05-28,3.0263884455078944,ez_10y_yield
2010-05-31,2.9953051025877926,ez_10y_yield
2010-06-01,2.9861379937122634,ez_10y_yield
2010-06-02,3.01397687829048,ez_10y_yield
2010-06-03,3.097095542541138,ez_10y_yield
2010-06-04,3.063379114006467,ez_10y_yield
2010-06-07,3.115851961163877,ez_10y_yield
2010-06-08,3.096379554249233,ez_10y_yield
2010-06-09,3.0817233630546075,ez_10y_yield
2010-06-10,3.1040035377402093,ez_10y_yield
2010-06-11,3.0628745161300466,ez_10y_yield
2010-06-14,3.0783966252759463,ez_10y_yield
2010-06-15,3.116275569828656,ez_10y_yield
2010-06-16,3.1115573173347326,ez_10y_yield
2010-06-17,3.118426595052517,ez_10y_yield
2010-06-18,3.1406864555314544,ez_10y_yield
2010-06-21,3.154394247163825,ez_10y_yield
2010-06-22,3.115596273907754,ez_10y_yield
2010-06-23,3.094371873180153,ez_10y_yield
2010-06-24,3.0663557345625243,ez_10y_yield
2010-06-25,3.083002267889305,ez_10y_yield
2010-06-28,3.061272594070815,ez_10y_yield
2010-06-29,3.0178260282122973,ez_10y_yield
2010-06-30,3.0252571441338065,ez_10y_yield
2010-07-01,3.0103281003698945,ez_10y_yield
2010-07-02,3.001697273671884,ez_10y_yield
2010-07-05,2.948422457088925,ez_10y_yield
2010-07-06,2.987056639889357,ez_10y_yield
2010-07-07,2.981678166169317,ez_10y_yield
2010-07-08,3.001709409116132,ez_10y_yield
2010-07-09,2.9776730043353825,ez_10y_yield
2010-07-12,2.952714875213524,ez_10y_yield
2010-07-13,2.9670910326145385,ez_10y_yield
2010-07-14,2.966473379742629,ez_10y_yield
2010-07-15,3.0159958974222305,ez_10y_yield
2010-07-16,2.9876360969004514,ez_10y_yield
2010-07-19,3.012057381374601,ez_10y_yield
2010-07-20,2.987988132373672,ez_10y_yield
2010-07-21,2.9960509395240824,ez_10y_yield
2010-07-22,3.029114987689981,ez_10y_yield
2010-07-23,3.0264266827240487,ez_10y_yield
2010-07-26,3.055137438980106,ez_10y_yield
2010-07-27,3.0795220314542924,ez_10y_yield
2010-07-28,3.056110334699952,ez_10y_yield
2010-07-29,3.0467052143478472,ez_10y_yield
2010-07-30,3.0084905652229503,ez_10y_yield
2010-08-02,3.0417234676773064,ez_10y_yield
2010-08-03,2.959832924163781,ez_10y_yield
2010-08-04,2.932113986917623,ez_10y_yield
2010-08-05,2.8912919567381774,ez_10y_yield
2010-08-06,2.8404789169875917,ez_10y_yield
2010-08-09,2.8318136872877995,ez_10y_yield
2010-08-10,2.86560386283937,ez_10y_yield
2010-08-11,2.7820411899832584,ez_10y_yield
2010-08-12,2.765534065986313,ez_10y_yield
2010-08-13,2.7700845782457755,ez_10y_yield
2010-08-16,2.696130364064467,ez_10y_yield
2010-08-17,2.7139009953184976,ez_10y_yield
2010-08-18,2.661282357664877,ez_10y_yield
2010-08-19,2.6585367342559474,ez_10y_yield
2010-08-20,2.6240314645354896,ez_10y_yield
2010-08-23,2.6295569496165987,ez_10y_yield
2010-08-24,2.519969253479397,ez_10y_yield
2010-08-25,2.4706770145111605,ez_10y_yield
2010-08-26,2.502184989057412,ez_10y_yield
2010-08-27,2.474864966295835,ez_10y_yield
2010-08-30,2.4952627341936835,ez_10y_yield
2010-08-31,2.477798602833772,ez_10y_yield
2010-09-01,2.559180086830344,ez_10y_yield
2010-09-02,2.609945430810394,ez_10y_yield
2010-09-03,2.678106131744692,ez_10y_yield
2010-09-06,2.661996388956643,ez_10y_yield
2010-09-07,2.6015872171205108,ez_10y_yield
2010-09-08,2.6249506954016244,ez_10y_yield
2010-09-09,2.64094122464967,ez_10y_yield
2010-09-10,2.6941073429725577,ez_10y_yield
2010-09-13,2.741565335836478,ez_10y_yield
2010-09-14,2.688946159119653,ez_10y_yield
2010-09-15,2.736581105178834,ez_10y_yield
2010-09-16,2.8313153104183137,ez_10y_yield
2010-09-17,2.764496089631371,ez_10y_yield
2010-09-20,2.79997886995544,ez_10y_yield
2010-09-21,2.8017888725225704,ez_10y_yield
2010-09-22,2.7235974782655634,ez_10y_yield
2010-09-23,2.671896078067763,ez_10y_yield
2010-09-24,2.699660662715381,ez_10y_yield
2010-09-27,2.6488761337608686,ez_10y_yield
2010-09-28,2.620714332518577,ez_10y_yield
2010-09-29,2.6275402309387776,ez_10y_yield
2010-09-30,2.672248877981948,ez_10y_yield
2010-10-01,2.718026042995945,ez_10y_yield
2010-10-04,2.634602480456645,ez_10y_yield
2010-10-05,2.6406410229024706,ez_10y_yield
2010-10-06,2.6141132695673823,ez_10y_yield
2010-10-07,2.6403523897874863,ez_10y_yield
2010-10-08,2.654106701577112,ez_10y_yield
2010-10-11,2.645886394842655,ez_10y_yield
2010-10-12,2.608402247913233,ez_10y_yield
2010-10-13,2.6508217328628194,ez_10y_yield
2010-10-14,2.6692126296300143,ez_10y_yield
2010-10-15,2.721554705817039,ez_10y_yield
2010-10-18,2.7398229295432883,ez_10y_yield
2010-10-19,2.7591406893090955,ez_10y_yield
2010-10-20,2.7713099387502216,ez_10y_yield
2010-10-21,2.8022070289561207,ez_10y_yield
2010-10-22,2.803992308272997,ez_10y_yield
2010-10-25,2.7899569811399774,ez_10y_yield
2010-10-26,2.827147911119041,ez_10y_yield
2010-10-27,2.8930706535251502,ez_10y_yield
2010-10-28,2.866247417478082,ez_10y_yield
2010-10-29,2.857753989039494,ez_10y_yield
2010-11-01,2.8274732367366826,ez_10y_yield
2010-11-02,2.802472346133754,ez_10y_yield
2010-11-03,2.748030850578046,ez_10y_yield
2010-11-04,2.7703056691537022,ez_10y_yield
2010-11-05,2.78634599210364,ez_10y_yield
2010-11-08,2.7575423983445293,ez_10y_yield
2010-11-09,2.7653157381961324,ez_10y_yield
2010-11-10,2.7800152106488,ez_10y_yield
2010-11-11,2.822179569384806,ez_10y_yield
2010-11-12,2.870527546711105,ez_10y_yield
2010-11-15,2.916759461244457,ez_10y_yield
2010-11-16,2.9411441840365566,ez_10y_yield
2010-11-17,2.9673446881396237,ez_10y_yield
2010-11-18,3.046897624762728,ez_10y_yield
2010-11-19,3.0522593350171148,ez_10y_yield
2010-11-22,3.015623979421077,ez_10y_yield
2010-11-23,2.937894170696816,ez_10y_yield
2010-11-24,3.032738899374186,ez_10y_yield
2010-11-25,3.0678954915172727,ez_10y_yield
2010-11-26,3.093907692502812,ez_10y_yield
2010-11-29,3.119901599134129,ez_10y_yield
2010-11-30,3.1078742653447176,ez_10y_yield
2010-12-01,3.167470835082808,ez_10y_yield
2010-12-02,3.2026650592135306,ez_10y_yield
2010-12-03,3.275398311743743,ez_10y_yield
2010-12-06,3.241743086182308,ez_10y_yield
2010-12-07,3.3111820933458764,ez_10y_yield
2010-12-08,3.358331842183089,ez_10y_yield
2010-12-09,3.292268258472226,ez_10y_yield
2010-12-10,3.308169339774073,ez_10y_yield
2010-12-13,3.323311759731876,ez_10y_yield
2010-12-14,3.364121943107937,ez_10y_yield
2010-12-15,3.3802662781292745,ez_10y_yield
2010-12-16,3.41772291968024,ez_10y_yield
2010-12-17,3.387730857873935,ez_10y_yield
2010-12-20,3.3212645872926982,ez_10y_yield
2010-12-21,3.3215774909549136,ez_10y_yield
2010-12-22,3.306916766196516,ez_10y_yield
2010-12-23,3.3296925252082,ez_10y_yield
2010-12-24,3.331849881375613,ez_10y_yield
2010-12-27,3.3878056256534865,ez_10y_yield
2010-12-28,3.3286905605653123,ez_10y_yield
2010-12-29,3.3964765609435057,ez_10y_yield
2010-12-30,3.3585782951891208,ez_10y_yield
2010-12-31,3.3617030593052064,ez_10y_yield
2011-01-03,3.352626529767983,ez_10y_yield
2011-01-04,3.3076644746295223,ez_10y_yield
2011-01-05,3.3086887768754734,ez_10y_yield
2011-01-06,3.3658449837342963,ez_10y_yield
2011-01-07,3.3287315343342225,ez_10y_yield
2011-01-10,3.274024143797895,ez_10y_yield
2011-01-11,3.295761428694896,ez_10y_yield
2011-01-12,3.3948316306279622,ez_10y_yield
2011-01-13,3.403501972498753,ez_10y_yield
2011-01-14,3.3594743643324305,ez_10y_yield
2011-01-17,3.380504830066495,ez_10y_yield
2011-01-18,3.441884034458022,ez_10y_yield
2011-01-19,3.433533194483849,ez_10y_yield
2011-01-20,3.488671879922132,ez_10y_yield
2011-01-21,3.497469889821637,ez_10y_yield
2011-01-24,3.457467272679274,ez_10y_yield
2011-01-25,3.4617871938322398,ez_10y_yield
2011-01-26,3.4979337070896213,ez_10y_yield
2011-01-27,3.506198740997648,ez_10y_yield
2011-01-28,3.512766701514753,ez_10y_yield
2011-01-31,3.4930134843137086,ez_10y_yield
2011-02-01,3.556806742957721,ez_10y_yield
2011-02-02,3.5216539006590697,ez_10y_yield
2011-02-03,3.565725603501517,ez_10y_yield
2011-02-04,3.557552271925087,ez_10y_yield
2011-02-07,3.590875383482084,ez_10y_yield
2011-02-08,3.584330301214096,ez_10y_yield
2011-02-09,3.607554803184215,ez_10y_yield
2011-02-10,3.61417831425184,ez_10y_yield
2011-02-11,3.5862645969643703,ez_10y_yield
2011-02-14,3.6151502589086055,ez_10y_yield
2011-02-15,3.626191860903405,ez_10y_yield
2011-02-16,3.558696864597976,ez_10y_yield
2011-02-17,3.534896142605806,ez_10y_yield
2011-02-18,3.5525328040583264,ez_10y_yield
2011-02-21,3.5099563975611927,ez_10y_yield
2011-02-22,3.4815900882312936,ez_10y_yield
2011-02-23,3.449843811694638,ez_10y_yield
2011-02-24,3.456339720551889,ez_10y_yield
2011-02-25,3.473882997866356,ez_10y_yield
2011-02-28,3.4899100215096217,ez_10y_yield
2011-03-01,3.528405163688565,ez_10y_yield
2011-03-02,3.520356003346635,ez_10y_yield
2011-03-03,3.613423970051636,ez_10y_yield
2011-03-04,3.5891662747843407,ez_10y_yield
2011-03-07,3.613674503882304,ez_10y_yield
2011-03-08,3.58845594451643,ez_10y_yield
2011-03-09,3.598113765608394,ez_10y_yield
2011-03-10,3.5518675759697715,ez_10y_yield
2011-03-11,3.5189553737544763,ez_10y_yield
2011-03-14,3.508703595069444,ez_10y_yield
2011-03-15,3.437158186369485,ez_10y_yield
2011-03-16,3.3987165742448653,ez_10y_yield
2011-03-17,3.4647756060965444,ez_10y_yield
2011-03-18,3.4841900116337747,ez_10y_yield
2011-03-21,3.5287628896796166,ez_10y_yield
2011-03-22,3.542542520762418,ez_10y_yield
2011-03-23,3.53827999835242,ez_10y_yield
2011-03-24,3.562080534653602,ez_10y_yield
2011-03-25,3.5743248646830987,ez_10y_yield
2011-03-28,3.615080200813633,ez_10y_yield
2011-03-29,3.612572771815585,ez_10y_yield
2011-03-30,3.655605134083904,ez_10y_yield
2011-03-31,3.657760973674792,ez_10y_yield
2011-04-01,3.6877090975384736,ez_10y_yield
2011-04-04,3.672499275991956,ez_10y_yield
2011-04-05,3.6650105303019433,ez_10y_yield
2011-04-06,3.701148583677381,ez_10y_yield
2011-04-07,3.708893043621472,ez_10y_yield
2011-04-08,3.745221864467061,ez_10y_yield
2011-04-11,3.743542411036755,ez_10y_yield
2011-04-12,3.714134015891318,ez_10y_yield
2011-04-13,3.728591739359711,ez_10y_yield
2011-04-14,3.683585096813695,ez_10y_yield
2011-04-15,3.673592354177377,ez_10y_yield
2011-04-18,3.611014193995364,ez_10y_yield
2011-04-19,3.5938986809191307,ez_10y_yield
2011-04-20,3.5979293080116825,ez_10y_yield
2011-04-21,3.581578804804189,ez_10y_yield
2011-04-26,3.5775954359764297,ez_10y_yield
2011-04-27,3.606680649389704,ez_10y_yield
2011-04-28,3.5681423251043456,ez_10y_yield
2011-04-29,3.554150347968199,ez_10y_yield
2011-05-02,3.554107197873479,ez_10y_yield
2011-05-03,3.5507735092700665,ez_10y_yield
2011-05-04,3.57941357823081,ez_10y_yield
2011-05-05,3.5481741306022663,ez_10y_yield
2011-05-06,3.476685324804892,ez_10y_yield
2011-05-09,3.4137177416934232,ez_10y_yield
2011-05-10,3.432822594207056,ez_10y_yield
2011-05-11,3.452352252802351,ez_10y_yield
2011-05-12,3.424644820661014,ez_10y_yield
2011-05-13,3.4126449774154715,ez_10y_yield
2011-05-16,3.433674525590732,ez_10y_yield
2011-05-17,3.4269152457968515,ez_10y_yield
2011-05-18,3.4157433009765628,ez_10y_yield
2011-05-19,3.471468790256426,ez_10y_yield
2011-05-20,3.3971407734385566,ez_10y_yield
2011-05-23,3.36587976514078,ez_10y_yield
2011-05-24,3.3913016475387203,ez_10y_yield
2011-05-25,3.372815997345148,ez_10y_yield
2011-05-26,3.3344352233295687,ez_10y_yield
2011-05-27,3.317806266914625,ez_10y_yield
2011-05-30,3.3146862768277034,ez_10y_yield
2011-05-31,3.3653766392164908,ez_10y_yield
2011-06-01,3.336355037183929,ez_10y_yield
2011-06-02,3.316883787621567,ez_10y_yield
2011-06-03,3.3193125856276566,ez_10y_yield
2011-06-06,3.3497802275419595,ez_10y_yield
2011-06-07,3.3925476572375244,ez_10y_yield
2011-06-08,3.385040812108337,ez_10y_yield
2011-06-09,3.3620417985085367,ez_10y_yield
2011-06-10,3.3202139329121847,ez_10y_yield
2011-06-13,3.3235463403431167,ez_10y_yield
2011-06-14,3.364325983879336,ez_10y_yield
2011-06-15,3.3588974739936006,ez_10y_yield
2011-06-16,3.3398572062316854,ez_10y_yield
2011-06-17,3.3524481928692107,ez_10y_yield
2011-06-20,3.369973935915982,ez_10y_yield
2011-06-21,3.3716192944633603,ez_10y_yield
2011-06-22,3.370797526850426,ez_10y_yield
2011-06-23,3.30376126113093,ez_10y_yield
2011-06-24,3.296271121967665,ez_10y_yield
2011-06-27,3.3241626753358045,ez_10y_yield
2011-06-28,3.358786297316974,ez_10y_yield
2011-06-29,3.395220599719492,ez_10y_yield
2011-06-30,3.407358435187134,ez_10y_yield
2011-07-01,3.4211931806216542,ez_10y_yield
2011-07-04,3.4057493406510133,ez_10y_yield
2011-07-05,3.4039917923647103,ez_10y_yield
2011-07-06,3.3483112972092157,ez_10y_yield
2011-07-07,3.391809948868968,ez_10y_yield
2011-07-08,3.29818002748906,ez_10y_yield
2011-07-11,3.18571455382249,ez_10y_yield
2011-07-12,3.216700051207861,ez_10y_yield
2011-07-13,3.211943155210256,ez_10y_yield
2011-07-14,3.248653108034415,ez_10y_yield
2011-07-15,3.1708012248645985,ez_10y_yield
2011-07-18,3.146939463817376,ez_10y_yield
2011-07-19,3.1820635771437846,ez_10y_yield
2011-07-20,3.204100514200173,ez_10y_yield
2011-07-21,3.2876947860266434,ez_10y_yield
2011-07-22,3.256351862894803,ez_10y_yield
2011-07-25,3.238654936089443,ez_10y_yield
2011-07-26,3.2033347866414656,ez_10y_yield
2011-07-27,3.101424119562343,ez_10y_yield
2011-07-28,3.1169035528186777,ez_10y_yield
2011-07-29,3.0573861969368465,ez_10y_yield
2011-08-01,3.028684331091652,ez_10y_yield
2011-08-02,2.992576781114616,ez_10y_yield
2011-08-03,3.0055930620812705,ez_10y_yield
2011-08-04,2.95550205862492,ez_10y_yield
2011-08-05,2.971545670153492,ez_10y_yield
2011-08-08,2.950513307144167,ez_10y_yield
2011-08-09,2.936188664926423,ez_10y_yield
2011-08-10,2.843153147547401,ez_10y_yield
2011-08-11,2.8315369589882105,ez_10y_yield
2011-08-12,2.8703887475359684,ez_10y_yield
2011-08-15,2.859597493920334,ez_10y_yield
2011-08-16,2.8629081853705864,ez_10y_yield
2011-08-17,2.8088963076490314,ez_10y_yield
2011-08-18,2.6459465379189195,ez_10y_yield
2011-08-19,2.6746716984814896,ez_10y_yield
2011-08-22,2.7047357697625287,ez_10y_yield
2011-08-23,2.6651202646946164,ez_10y_yield
2011-08-24,2.746259152096652,ez_10y_yield
2011-08-25,2.744611541823807,ez_10y_yield
2011-08-26,2.680314841231658,ez_10y_yield
2011-08-29,2.7800042954813837,ez_10y_yield
2011-08-30,2.703088919607317,ez_10y_yield
2011-08-31,2.7634438559681804,ez_10y_yield
2011-09-01,2.7720303104134825,ez_10y_yield
2011-09-02,2.65732372689636,ez_10y_yield
2011-09-05,2.559797291202257,ez_10y_yield
2011-09-06,2.558978341182348,ez_10y_yield
2011-09-07,2.5830093596091945,ez_10y_yield
2011-09-08,2.451649536358169,ez_10y_yield
2011-09-09,2.421592275255704,ez_10y_yield
2011-09-12,2.337531480347573,ez_10y_yield
2011-09-13,2.436511842333579,ez_10y_yield
2011-09-14,2.4832352973389047,ez_10y_yield
2011-09-15,2.605162506053592,ez_10y_yield
2011-09-16,2.4935124248105254,ez_10y_yield
2011-09-19,2.400034594192705,ez_10y_yield
2011-09-20,2.4063949880742657,ez_10y_yield
2011-09-21,2.4284657555892477,ez_10y_yield
2011-09-22,2.3742250960631788,ez_10y_yield
2011-09-23,2.3488948771943656,ez_10y_yield
2011-09-26,2.3919109700352097,ez_10y_yield
2011-09-27,2.5648540715346666,ez_10y_yield
2011-09-28,2.5600317953207714,ez_10y_yield
2011-09-29,2.5727451527335004,ez_10y_yield
2011-09-30,2.483376235288464,ez_10y_yield
2011-10-03,2.4390284283668606,ez_10y_yield
2011-10-04,2.355655775812332,ez_10y_yield
2011-10-05,2.4807952042003647,ez_10y_yield
2011-10-06,2.5074115671373898,ez_10y_yield
2011-10-07,2.609591261294299,ez_10y_yield
2011-10-10,2.6797736537008623,ez_10y_yield
2011-10-11,2.6973346721519684,ez_10y_yield
2011-10-12,2.7865540884546025,ez_10y_yield
2011-10-13,2.743568479125142,ez_10y_yield
2011-10-14,2.8585165868671307,ez_10y_yield
2011-10-17,2.764965336893396,ez_10y_yield
2011-10-18,2.755677438534565,ez_10y_yield
2011-10-19,2.811344988239871,ez_10y_yield
2011-10-20,2.8151982187230065,ez_10y_yield
2011-10-21,2.8480206186057475,ez_10y_yield
2011-10-24,2.834689775840521,ez_10y_yield
2011-10-25,2.813860033598403,ez_10y_yield
2011-10-26,2.7630986656455314,ez_10y_yield
2011-10-27,2.8333912548407127,ez_10y_yield
2011-10-28,2.870758877952651,ez_10y_yield
2011-10-31,2.788549161763497,ez_10y_yield
2011-11-01,2.604445434821534,ez_10y_yield
2011-11-02,2.680756769447854,ez_10y_yield
2011-11-03,2.751796622565512,ez_10y_yield
2011-11-04,2.6748324620760977,ez_10y_yield
2011-11-07,2.677436887521772,ez_10y_yield
2011-11-08,2.683286417378267,ez_10y_yield
2011-11-09,2.624485575918439,ez_10y_yield
2011-11-10,2.737207476945062,ez_10y_yield
2011-11-11,2.824112960045869,ez_10y_yield
2011-11-14,2.825435539757484,ez_10y_yield
2011-11-15,2.9206056663823383,ez_10y_yield
2011-11-16,2.956954033008862,ez_10y_yield
2011-11-17,2.9654333740584136,ez_10y_yield
2011-11-18,2.977028027251985,ez_10y_yield
2011-11-21,2.903875800931167,ez_10y_yield
2011-11-22,2.9730147444469277,ez_10y_yield
2011-11-23,3.07976836244861,ez_10y_yield
2011-11-24,3.1202274092807976,ez_10y_yield
2011-11-25,3.185549447034418,ez_10y_yield
2011-11-28,3.1675655078546185,ez_10y_yield
2011-11-29,3.167156887212822,ez_10y_yield
2011-11-30,3.0719470274410456,ez_10y_yield
2011-12-01,2.982076535554413,ez_10y_yield
2011-12-02,2.931845359318383,ez_10y_yield
2011-12-05,2.8986213490809334,ez_10y_yield
2011-12-06,2.943699972332874,ez_10y_yield
2011-12-07,2.8727512181815777,ez_10y_yield
2011-12-08,2.88816481834536,ez_10y_yield
2011-12-09,2.861055562470485,ez_10y_yield
2011-12-12,2.8229765597115177,ez_10y_yield
2011-12-13,2.8304557014211422,ez_10y_yield
2011-12-14,2.7225499790623875,ez_10y_yield
2011-12-15,2.6741874725190007,ez_10y_yield
2011-12-16,2.6363220561631997,ez_10y_yield
2011-12-19,2.6551714751992264,ez_10y_yield
2011-12-20,2.707247794917621,ez_10y_yield
2011-12-21,2.687009852251011,ez_10y_yield
2011-12-22,2.69236384415695,ez_10y_yield
2011-12-23,2.6750281477763225,ez_10y_yield
2011-12-27,2.6545914405040687,ez_10y_yield
2011-12-28,2.6485286001934503,ez_10y_yield
2011-12-29,2.633834230900446,ez_10y_yield
2011-12-30,2.645128365970277,ez_10y_yield
2012-01-02,2.717862093031807,ez_10y_yield
2012-01-03,2.744521728129592,ez_10y_yield
2012-01-04,2.776690634944683,ez_10y_yield
2012-01-05,2.78480656967472,ez_10y_yield
2012-01-06,2.7883705571734554,ez_10y_yield
2012-01-09,2.7574891602406115,ez_10y_yield
2012-01-10,2.746026993076695,ez_10y_yield
2012-01-11,2.690638655320921,ez_10y_yield
2012-01-12,2.6078540511167656,ez_10y_yield
2012-01-13,2.5799323606690834,ez_10y_yield
2012-01-16,2.5794131046257225,ez_10y_yield
2012-01-17,2.5953420806070016,ez_10y_yield
2012-01-18,2.6215146826563283,ez_10y_yield
2012-01-19,2.6585532410304733,ez_10y_yield
2012-01-20,2.70438271039598,ez_10y_yield
2012-01-23,2.76579323528114,ez_10y_yield
2012-01-24,2.8119814220663555,ez_10y_yield
2012-01-25,2.7922131495889357,ez_10y_yield
2012-01-26,2.7194178824944704,ez_10y_yield
2012-01-27,2.6759279617330693,ez_10y_yield
2012-01-30,2.634369803312692,ez_10y_yield
2012-01-31,2.665751627507825,ez_10y_yield
2012-02-01,2.633599499938887,ez_10y_yield
2012-02-02,2.6277577500760736,ez_10y_yield
2012-02-03,2.6498135872554265,ez_10y_yield
2012-02-06,2.6376911404853183,ez_10y_yield
2012-02-07,2.6654100412666004,ez_10y_yield
2012-02-08,2.6773996281761967,ez_10y_yield
2012-02-09,2.6823732513822254,ez_10y_yield
2012-02-10,2.659373010782689,ez_10y_yield
2012-02-13,2.6312298548039976,ez_10y_yield
2012-02-14,2.6417401472122464,ez_10y_yield
2012-02-15,2.6361321458929847,ez_10y_yield
2012-02-16,2.64455468219062,ez_10y_yield
2012-02-17,2.681880829672181,ez_10y_yield
2012-02-20,2.6804156685713982,ez_10y_yield
2012-02-21,2.6952940619948675,ez_10y_yield
2012-02-22,2.674352202800809,ez_10y_yield
2012-02-23,2.6344749002093364,ez_10y_yield
2012-02-24,2.630551326850612,ez_10y_yield
2012-02-27,2.600287931937721,ez_10y_yield
2012-02-28,2.592481495137046,ez_10y_yield
2012-02-29,2.590987566225758,ez_10y_yield
2012-03-01,2.5615032711472328,ez_10y_yield
2012-03-02,2.532225203422728,ez_10y_yield
2012-03-05,2.5574380448407315,ez_10y_yield
2012-03-06,2.565187374435494,ez_10y_yield
2012-03-07,2.5521427240099204,ez_10y_yield
2012-03-08,2.536555002296775,ez_10y_yield
2012-03-09,2.5373064300163923,ez_10y_yield
2012-03-12,2.5275655348769925,ez_10y_yield
2012-03-13,2.5620654604672666,ez_10y_yield
2012-03-14,2.6290455275011446,ez_10y_yield
2012-03-15,2.675380957257725,ez_10y_yield
2012-03-16,2.7646803649572007,ez_10y_yield
2012-03-19,2.733106361484901,ez_10y_yield
2012-03-20,2.746433139573836,ez_10y_yield
2012-03-21,2.7115337390040475,ez_10y_yield
2012-03-22,2.690367352162947,ez_10y_yield
2012-03-23,2.6437066843915917,ez_10y_yield
2012-03-26,2.672746380010075,ez_10y_yield
2012-03-27,2.6693254061263785,ez_10y_yield
2012-03-28,2.663937932037024,ez_10y_yield
2012-03-29,2.637661978109766,ez_10y_yield
2012-03-30,2.599159047720721,ez_10y_yield
2012-04-02,2.5681356121319627,ez_10y_yield
2012-04-03,2.584466026960404,ez_10y_yield
2012-04-04,2.587506138682122,ez_10y_yield
2012-04-05,2.6030251279535337,ez_10y_yield
2012-04-10,2.578627446491521,ez_10y_yield
2012-04-11,2.565909843599732,ez_10y_yield
2012-04-12,2.5217971864425754,ez_10y_yield
2012-04-13,2.515501259071657,ez_10y_yield
2012-04-16,2.542797662181626,ez_10y_yield
2012-04-17,2.5543408572655286,ez_10y_yield
2012-04-18,2.5419764621385035,ez_10y_yield
2012-04-19,2.5501010254251453,ez_10y_yield
2012-04-20,2.600919560278496,ez_10y_yield
2012-04-23,2.589308734104515,ez_10y_yield
2012-04-24,2.568783717660483,ez_10y_yield
2012-04-25,2.555326701520088,ez_10y_yield
2012-04-26,2.5511223670239653,ez_10y_yield
2012-04-27,2.5015951438904587,ez_10y_yield
2012-04-30,2.4710951007504747,ez_10y_yield
2012-05-02,2.4526398095428803,ez_10y_yield
2012-05-03,2.437547225519639,ez_10y_yield
2012-05-04,2.3957294095856447,ez_10y_yield
2012-05-07,2.369283266581035,ez_10y_yield
2012-05-08,2.3295144695999968,ez_10y_yield
2012-05-09,2.3529011438214216,ez_10y_yield
2012-05-10,2.345025857380266,ez_10y_yield
2012-05-11,2.295206461299484,ez_10y_yield
2012-05-14,2.2319950655618213,ez_10y_yield
2012-05-15,2.258494490906342,ez_10y_yield
2012-05-16,2.282477021712946,ez_10y_yield
2012-05-17,2.238954777135339,ez_10y_yield
2012-05-18,2.223842312422965,ez_10y_yield
2012-05-21,2.2326231796777245,ez_10y_yield
2012-05-22,2.230200647215032,ez_10y_yield
2012-05-23,2.1693351159392917,ez_10y_yield
2012-05-24,2.070716103331642,ez_10y_yield
2012-05-25,2.0531305471501677,ez_10y_yield
2012-05-28,2.057175598411469,ez_10y_yield
2012-05-29,2.0454600953438646,ez_10y_yield
2012-05-30,2.0032349449728377,ez_10y_yield
2012-05-31,1.887070048749857,ez_10y_yield
2012-06-01,1.7643269681171851,ez_10y_yield
2012-06-04,1.839347640208894,ez_10y_yield
2012-06-05,1.8418369101132024,ez_10y_yield
2012-06-06,1.945173785227712,ez_10y_yield
2012-06-07,2.080571952035114,ez_10y_yield
2012-06-08,2.031280180671714,ez_10y_yield
2012-06-11,2.075625751579791,ez_10y_yield
2012-06-12,2.1787557110727764,ez_10y_yield
2012-06-13,2.222763170072655,ez_10y_yield
2012-06-14,2.2117702300127995,ez_10y_yield
2012-06-15,2.154030010038835,ez_10y_yield
2012-06-18,2.139526608835416,ez_10y_yield
2012-06-19,2.2138302280588134,ez_10y_yield
2012-06-20,2.292738173177847,ez_10y_yield
2012-06-21,2.238722716987676,ez_10y_yield
2012-06-22,2.246035692390356,ez_10y_yield
2012-06-25,2.184347782537981,ez_10y_yield
2012-06-26,2.230781818043341,ez_10y_yield
2012-06-27,2.252352331208645,ez_10y_yield
2012-06-28,2.2440212040039063,ez_10y_yield
2012-06-29,2.3157381116667404,ez_10y_yield
2012-07-02,2.2484231186863246,ez_10y_yield
2012-07-03,2.2087471685475126,ez_10y_yield
2012-07-04,2.1662094860669194,ez_10y_yield
2012-07-05,2.1072562239761847,ez_10y_yield
2012-07-06,2.003005279445192,ez_10y_yield
2012-07-09,2.014189132363997,ez_10y_yield
2012-07-10,2.0089099878406023,ez_10y_yield
2012-07-11,1.949220047807657,ez_10y_yield
2012-07-12,1.922705039265056,ez_10y_yield
2012-07-13,1.906849993546083,ez_10y_yield
2012-07-16,1.8627423318169152,ez_10y_yield
2012-07-17,1.8369547363347856,ez_10y_yield
2012-07-18,1.8222266606946835,ez_10y_yield
2012-07-19,1.8148893658651,ez_10y_yield
2012-07-20,1.7686139235203902,ez_10y_yield
2012-07-23,1.8188432998623,ez_10y_yield
2012-07-24,1.9211489858392932,ez_10y_yield
2012-07-25,1.9451192054667832,ez_10y_yield
2012-07-26,1.9267196743711252,ez_10y_yield
2012-07-27,1.964219059742864,ez_10y_yield
2012-07-30,1.9477680113084317,ez_10y_yield
2012-07-31,1.8714631615426764,ez_10y_yield
2012-08-01,1.8964561206172887,ez_10y_yield
2012-08-02,1.8292068083635569,ez_10y_yield
2012-08-03,1.8445073416963675,ez_10y_yield
2012-08-06,1.902704616763724,ez_10y_yield
2012-08-07,1.9589184706114529,ez_10y_yield
2012-08-08,1.9144032236906647,ez_10y_yield
2012-08-09,1.9055433701369493,ez_10y_yield
2012-08-10,1.8497605761535567,ez_10y_yield
2012-08-13,1.9285527138409888,ez_10y_yield
2012-08-14,1.9301778761388133,ez_10y_yield
2012-08-15,1.98905677590687,ez_10y_yield
2012-08-16,1.984607915504899,ez_10y_yield
2012-08-17,1.9943856403831168,ez_10y_yield
2012-08-20,1.9902303195856528,ez_10y_yield
2012-08-21,2.021034967578066,ez_10y_yield
2012-08-22,1.9670699871561383,ez_10y_yield
2012-08-23,1.901171788639627,ez_10y_yield
2012-08-24,1.8494080607701056,ez_10y_yield
2012-08-27,1.8697312168339524,ez_10y_yield
2012-08-28,1.870432846329923,ez_10y_yield
2012-08-29,1.91678588164699,ez_10y_yield
2012-08-30,1.895506325514677,ez_10y_yield
2012-08-31,1.9144413984542303,ez_10y_yield
2012-09-03,1.9092277661428945,ez_10y_yield
2012-09-04,1.9478988418147267,ez_10y_yield
2012-09-05,1.967705468661688,ez_10y_yield
2012-09-06,2.0333913516099864,ez_10y_yield
2012-09-07,2.022050771511624,ez_10y_yield
2012-09-10,2.0471043986853443,ez_10y_yield
2012-09-11,2.024343228396053,ez_10y_yield
2012-09-12,2.082241613626256,ez_10y_yield
2012-09-13,2.0098484367156484,ez_10y_yield
2012-09-14,2.119991533908986,ez_10y_yield
2012-09-17,2.11700488242845,ez_10y_yield
2012-09-18,2.0759587894569425,ez_10y_yield
2012-09-19,2.076310887840874,ez_10y_yield
2012-09-20,2.0666561420492364,ez_10y_yield
2012-09-21,2.0739367776844126,ez_10y_yield
2012-09-24,2.0603825256904718,ez_10y_yield
2012-09-25,2.0436021195220606,ez_10y_yield
2012-09-26,1.9709385895459937,ez_10y_yield
2012-09-27,1.958805443959852,ez_10y_yield
2012-09-28,1.9401481093651816,ez_10y_yield
2012-10-01,1.9691375447354416,ez_10y_yield
2012-10-02,1.9664867746660333,ez_10y_yield
2012-10-03,1.9537969260897248,ez_10y_yield
2012-10-04,1.975094333706882,ez_10y_yield
2012-10-05,2.011333230616128,ez_10y_yield
2012-10-08,1.985941834231122,ez_10y_yield
2012-10-09,1.9797832231262535,ez_10y_yield
2012-10-10,1.9560957559046424,ez_10y_yield
2012-10-11,1.9518700128544648,ez_10y_yield
2012-10-12,1.9204984467629016,ez_10y_yield
2012-10-15,1.9066766724795012,ez_10y_yield
2012-10-16,1.9774057366370847,ez_10y_yield
2012-10-17,2.038483056259511,ez_10y_yield
2012-10-18,2.034867649046152,ez_10y_yield
2012-10-19,2.0139654235304096,ez_10y_yield
2012-10-22,2.013750822278157,ez_10y_yield
2012-10-23,1.9971612670013796,ez_10y_yield
2012-10-24,2.000837089703264,ez_10y_yield
2012-10-25,2.027863062972308,ez_10y_yield
2012-10-26,1.9760154955937432,ez_10y_yield
2012-10-29,1.9492536216657024,ez_10y_yield
2012-10-30,1.9435547330416965,ez_10y_yield
2012-10-31,1.9495004378536132,ez_10y_yield
2012-11-01,1.94677042831493,ez_10y_yield
2012-11-02,1.9267809038196504,ez_10y_yield
2012-11-05,1.9118116198469544,ez_10y_yield
2012-11-06,1.908256661146308,ez_10y_yield
2012-11-07,1.8614410616983044,ez_10y_yield
2012-11-08,1.857334056738205,ez_10y_yield
2012-11-09,1.82396344001714,ez_10y_yield
2012-11-12,1.8228446905703304,ez_10y_yield
2012-11-13,1.7982249997905546,ez_10y_yield
2012-11-14,1.8221110244660883,ez_10y_yield
2012-11-15,1.8178719228603375,ez_10y_yield
2012-11-16,1.8093339785667988,ez_10y_yield
2012-11-19,1.821385553043972,ez_10y_yield
2012-11-20,1.8651820179379204,ez_10y_yield
2012-11-21,1.9044841676579451,ez_10y_yield
2012-11-22,1.9067268166211644,ez_10y_yield
2012-11-23,1.9025469061349616,ez_10y_yield
2012-11-26,1.8823076018657725,ez_10y_yield
2012-11-27,1.8803094616457596,ez_10y_yield
2012-11-28,1.7915201530268678,ez_10y_yield
2012-11-29,1.8081324998578896,ez_10y_yield
2012-11-30,1.7951046854980277,ez_10y_yield
2012-12-03,1.8278441608233216,ez_10y_yield
2012-12-04,1.8130636730804608,ez_10y_yield
2012-12-05,1.7702411428687848,ez_10y_yield
2012-12-06,1.757008734242989,ez_10y_yield
2012-12-07,1.7324827223234085,ez_10y_yield
2012-12-10,1.727098289671302,ez_10y_yield
2012-12-11,1.7531064053173742,ez_10y_yield
2012-12-12,1.7464816641307648,ez_10y_yield
2012-12-13,1.747274820060861,ez_10y_yield
2012-12-14,1.7475507284392533,ez_10y_yield
2012-12-17,1.776869539341785,ez_10y_yield
2012-12-18,1.798782587552779,ez_10y_yield
2012-12-19,1.817864755958624,ez_10y_yield
2012-12-20,1.7864166001515187,ez_10y_yield
2012-12-21,1.7709726372446903,ez_10y_yield
2012-12-24,1.7737553566304012,ez_10y_yield
2012-12-27,1.7504626403437582,ez_10y_yield
2012-12-28,1.7220305467467796,ez_10y_yield
2012-12-31,1.722533077541371,ez_10y_yield
2013-01-02,1.833627879033208,ez_10y_yield
2013-01-03,1.8792772877031725,ez_10y_yield
2013-01-04,1.9280530295428624,ez_10y_yield
2013-01-07,1.9095087184386768,ez_10y_yield
2013-01-08,1.88008565245498,ez_10y_yield
2013-01-09,1.8756041321210084,ez_10y_yield
2013-01-10,1.939365291917321,ez_10y_yield
2013-01-11,1.9630211100919557,ez_10y_yield
2013-01-14,1.9173175423575928,ez_10y_yield
2013-01-15,1.901236649188468,ez_10y_yield
2013-01-16,1.8974683388829288,ez_10y_yield
2013-01-17,1.9449945435065752,ez_10y_yield
2013-01-18,1.9080902373864996,ez_10y_yield
2013-01-21,1.910708922479956,ez_10y_yield
2013-01-22,1.9072436217433089,ez_10y_yield
2013-01-23,1.8899967259851147,ez_10y_yield
2013-01-24,1.896120566623643,ez_10y_yield
2013-01-25,1.9572621582296543,ez_10y_yield
2013-01-28,2.0146692095763514,ez_10y_yield
2013-01-29,2.001327926392076,ez_10y_yield
2013-01-30,2.0440110395767253,ez_10y_yield
2013-01-31,2.020654870829002,ez_10y_yield
2013-02-01,1.9788875958657952,ez_10y_yield
2013-02-04,1.9915398798921515,ez_10y_yield
2013-02-05,2.012044051513241,ez_10y_yield
2013-02-06,1.992288040410961,ez_10y_yield
2013-02-07,1.984445382639013,ez_10y_yield
2013-02-08,1.9751323424415013,ez_10y_yield
2013-02-11,1.9723907329258203,ez_10y_yield
2013-02-12,2.000951804502429,ez_10y_yield
2013-02-13,2.040446313515781,ez_10y_yield
2013-02-14,2.016153442518399,ez_10y_yield
2013-02-15,2.0096133687981927,ez_10y_yield
2013-02-18,2.007630320791942,ez_10y_yield
2013-02-19,2.010240126742043,ez_10y_yield
2013-02-20,2.032460768497197,ez_10y_yield
2013-02-21,1.9784714066195856,ez_10y_yield
2013-02-22,1.9623393393086364,ez_10y_yield
2013-02-25,2.005284706020417,ez_10y_yield
2013-02-26,1.9187277022707525,ez_10y_yield
2013-02-27,1.866287048045992,ez_10y_yield
2013-02-28,1.880491865980316,ez_10y_yield
2013-03-01,1.839016492465116,ez_10y_yield
2013-03-04,1.833209182631376,ez_10y_yield
2013-03-05,1.847686586375996,ez_10y_yield
2013-03-06,1.8609528384719851,ez_10y_yield
2013-03-07,1.8809094349848072,ez_10y_yield
2013-03-08,1.8909965413286312,ez_10y_yield
2013-03-11,1.882907074847246,ez_10y_yield
2013-03-12,1.8730124024365848,ez_10y_yield
2013-03-13,1.8669795071525872,ez_10y_yield
2013-03-14,1.8689002583661385,ez_10y_yield
2013-03-15,1.8523477601351708,ez_10y_yield
2013-03-18,1.8056299119231145,ez_10y_yield
2013-03-19,1.7875147168699854,ez_10y_yield
2013-03-20,1.8034286941664712,ez_10y_yield
2013-03-21,1.767636174087464,ez_10y_yield
2013-03-22,1.7835623556160751,ez_10y_yield
2013-03-25,1.7743225480874338,ez_10y_yield
2013-03-26,1.8005745256312131,ez_10y_yield
2013-03-27,1.7434870059792855,ez_10y_yield
2013-03-28,1.759226275777391,ez_10y_yield
2013-04-02,1.7794430679596678,ez_10y_yield
2013-04-03,1.7483066126755098,ez_10y_yield
2013-04-04,1.6956412543080417,ez_10y_yield
2013-04-05,1.5777762548099448,ez_10y_yield
2013-04-08,1.5813291014992643,ez_10y_yield
2013-04-09,1.630293636202052,ez_10y_yield
2013-04-10,1.6978214988558218,ez_10y_yield
2013-04-11,1.6859256112696643,ez_10y_yield
2013-04-12,1.6640555676266375,ez_10y_yield
2013-04-15,1.6484405531428488,ez_10y_yield
2013-04-16,1.6481027233863657,ez_10y_yield
2013-04-17,1.6424021493121366,ez_10y_yield
2013-04-18,1.6152878602750027,ez_10y_yield
2013-04-19,1.6427139887837183,ez_10y_yield
2013-04-22,1.5975772192010649,ez_10y_yield
2013-04-23,1.599395410892372,ez_10y_yield
2013-04-24,1.5969466413182474,ez_10y_yield
2013-04-25,1.6001556169648703,ez_10y_yield
2013-04-26,1.5872192115660662,ez_10y_yield
2013-04-29,1.5711890618488624,ez_10y_yield
2013-04-30,1.550317933457273,ez_10y_yield
2013-05-02,1.541744908603384,ez_10y_yield
2013-05-03,1.5896571500669587,ez_10y_yield
2013-05-06,1.600352228864045,ez_10y_yield
2013-05-07,1.6294725494058095,ez_10y_yield
2013-05-08,1.624058576967764,ez_10y_yield
2013-05-09,1.61755761957048,ez_10y_yield
2013-05-10,1.7052506727004602,ez_10y_yield
2013-05-13,1.7118539561104482,ez_10y_yield
2013-05-14,1.706611444478848,ez_10y_yield
2013-05-15,1.709355898127261,ez_10y_yield
2013-05-16,1.668485904152197,ez_10y_yield
2013-05-17,1.6559200256725417,ez_10y_yield
2013-05-20,1.664960330801943,ez_10y_yield
2013-05-21,1.7384643148472545,ez_10y_yield
2013-05-22,1.673613596599596,ez_10y_yield
2013-05-23,1.7097994485165469,ez_10y_yield
2013-05-24,1.7278609179887263,ez_10y_yield
2013-05-27,1.758165652527424,ez_10y_yield
2013-05-28,1.7919554949711003,ez_10y_yield
2013-05-29,1.838245246095151,ez_10y_yield
2013-05-30,1.8304045973714995,ez_10y_yield
2013-05-31,1.8427562019166928,ez_10y_yield
2013-06-03,1.8644767362086432,ez_10y_yield
2013-06-04,1.876348884962332,ez_10y_yield
2013-06-05,1.8441609086937636,ez_10y_yield
2013-06-06,1.8922524602094184,ez_10y_yield
2013-06-07,1.8752191260045104,ez_10y_yield
2013-06-10,1.90130499605635,ez_10y_yield
2013-06-11,1.9803495786525824,ez_10y_yield
2013-06-12,1.960546541491976,ez_10y_yield
2013-06-13,1.91048017985839,ez_10y_yield
2013-06-14,1.8486556295399772,ez_10y_yield
2013-06-17,1.848999556860222,ez_10y_yield
2013-06-18,1.89406534558002,ez_10y_yield
2013-06-19,1.8783533675708828,ez_10y_yield
2013-06-20,2.027820297501423,ez_10y_yield
2013-06-21,2.0837924544444126,ez_10y_yield
2013-06-24,2.23953352409053,ez_10y_yield
2013-06-25,2.2215791264529123,ez_10y_yield
2013-06-26,2.152379110846164,ez_10y_yield
2013-06-27,2.0808710732984226,ez_10y_yield
2013-06-28,2.1372549798737515,ez_10y_yield
2013-07-01,2.1040176196420277,ez_10y_yield
2013-07-02,2.07896897103421,ez_10y_yield
2013-07-03,2.051910070141247,ez_10y_yield
2013-07-04,2.016617655275684,ez_10y_yield
2013-07-05,2.1042583338053875,ez_10y_yield
2013-07-08,2.073012082313202,ez_10y_yield
2013-07-09,2.038408347862667,ez_10y_yield
2013-07-10,2.0458994360105534,ez_10y_yield
2013-07-11,2.021893961981185,ez_10y_yield
2013-07-12,1.961218638093344,ez_10y_yield
2013-07-15,1.8492398502905851,ez_10y_yield
2013-07-16,1.84631543748303,ez_10y_yield
2013-07-17,1.831635251651284,ez_10y_yield
2013-07-18,1.8163979712195812,ez_10y_yield
2013-07-19,1.8008814243378284,ez_10y_yield
2013-07-22,1.7950670759240488,ez_10y_yield
2013-07-23,1.8418109892919643,ez_10y_yield
2013-07-24,1.899139224835083,ez_10y_yield
2013-07-25,1.9393666536810776,ez_10y_yield
2013-07-26,1.9343258079165395,ez_10y_yield
2013-07-29,1.9473289795233253,ez_10y_yield
2013-07-30,1.9392408006906356,ez_10y_yield
2013-07-31,1.9549500564761644,ez_10y_yield
2013-08-01,1.939327407730718,ez_10y_yield
2013-08-02,1.9278097700935897,ez_10y_yield
2013-08-05,1.9533121659944408,ez_10y_yield
2013-08-06,1.96687607858076,ez_10y_yield
2013-08-07,1.96411282026632,ez_10y_yield
2013-08-08,1.9564549594360336,ez_10y_yield
2013-08-09,1.9487362783092808,ez_10y_yield
2013-08-12,1.9577478764103216,ez_10y_yield
2013-08-13,2.050765531966986,ez_10y_yield
2013-08-14,2.0780258381014924,ez_10y_yield
2013-08-15,2.1461025205995226,ez_10y_yield
2013-08-16,2.1312694378047974,ez_10y_yield
2013-08-19,2.182755240194731,ez_10y_yield
2013-08-20,2.14111744295726,ez_10y_yield
2013-08-21,2.183528872967142,ez_10y_yield
2013-08-22,2.198780493680059,ez_10y_yield
2013-08-23,2.247823286408747,ez_10y_yield
2013-08-26,2.1796669253484584,ez_10y_yield
2013-08-27,2.1487107675126165,ez_10y_yield
2013-08-28,2.1582887868738414,ez_10y_yield
2013-08-29,2.1593430202725576,ez_10y_yield
2013-08-30,2.1735758852227374,ez_10y_yield
2013-09-02,2.2045144373542715,ez_10y_yield
2013-09-03,2.217619760169488,ez_10y_yield
2013-09-04,2.2257630613061803,ez_10y_yield
2013-09-05,2.3387281368853774,ez_10y_yield
2013-09-06,2.2505444743392404,ez_10y_yield
2013-09-09,2.2644764737615697,ez_10y_yield
2013-09-10,2.350572304078276,ez_10y_yield
2013-09-11,2.305142204135535,ez_10y_yield
2013-09-12,2.240910613430379,ez_10y_yield
2013-09-13,2.2266177230966315,ez_10y_yield
2013-09-16,2.18754728834827,ez_10y_yield
2013-09-17,2.2172955941914285,ez_10y_yield
2013-09-18,2.250093116033428,ez_10y_yield
2013-09-19,2.183883296542283,ez_10y_yield
2013-09-20,2.219703296603952,ez_10y_yield
2013-09-23,2.190090492146401,ez_10y_yield
2013-09-24,2.1251801487181643,ez_10y_yield
2013-09-25,2.10187531710488,ez_10y_yield
2013-09-26,2.097885659622513,ez_10y_yield
2013-09-27,2.053247784075221,ez_10y_yield
2013-09-30,2.05493861415187,ez_10y_yield
2013-10-01,2.057780520780621,ez_10y_yield
2013-10-02,2.0640562461286995,ez_10y_yield
2013-10-03,2.085932560739278,ez_10y_yield
2013-10-04,2.109535513762135,ez_10y_yield
2013-10-07,2.0751206112735003,ez_10y_yield
2013-10-08,2.0925635632529183,ez_10y_yield
2013-10-09,2.084218409155028,ez_10y_yield
2013-10-10,2.140919819897052,ez_10y_yield
2013-10-11,2.135646084305161,ez_10y_yield
2013-10-14,2.140927238617448,ez_10y_yield
2013-10-15,2.158785800252902,ez_10y_yield
2013-10-16,2.211399610720906,ez_10y_yield
2013-10-17,2.1660649781445294,ez_10y_yield
2013-10-18,2.114630415346678,ez_10y_yield
2013-10-21,2.116398037799133,ez_10y_yield
2013-10-22,2.0704294248187374,ez_10y_yield
2013-10-23,2.0456972105062965,ez_10y_yield
2013-10-24,2.0283619485823623,ez_10y_yield
2013-10-25,2.03576699471346,ez_10y_yield
2013-10-28,2.01982151994755,ez_10y_yield
2013-10-29,2.0193030818196407,ez_10y_yield
2013-10-30,1.985577109531687,ez_10y_yield
2013-10-31,1.95182874131826,ez_10y_yield
2013-11-01,1.9568501362605213,ez_10y_yield
2013-11-04,1.9429381076082288,ez_10y_yield
2013-11-05,2.0057958755259517,ez_10y_yield
2013-11-06,2.0161495737138155,ez_10y_yield
2013-11-07,1.961857306186861,ez_10y_yield
2013-11-08,2.027700367893818,ez_10y_yield
2013-11-11,2.020458973633036,ez_10y_yield
2013-11-12,2.0603634438570197,ez_10y_yield
2013-11-13,2.0278165290617167,ez_10y_yield
2013-11-14,1.9936665518216392,ez_10y_yield
2013-11-15,1.9950225180852907,ez_10y_yield
2013-11-18,1.9792581003537988,ez_10y_yield
2013-11-19,1.9902545808076368,ez_10y_yield
2013-11-20,2.0073959737987077,ez_10y_yield
2013-11-21,2.0494018126606424,ez_10y_yield
2013-11-22,2.026575585582779,ez_10y_yield
2013-11-25,1.9920628231163988,ez_10y_yield
2013-11-26,1.98678282553574,ez_10y_yield
2013-11-27,1.993419097354029,ez_10y_yield
2013-11-28,1.9842442670491307,ez_10y_yield
2013-11-29,1.9865840246800035,ez_10y_yield
2013-12-02,2.0214893203253936,ez_10y_yield
2013-12-03,2.014172017683342,ez_10y_yield
2013-12-04,2.060604804983911,ez_10y_yield
2013-12-05,2.1144592491603884,ez_10y_yield
2013-12-06,2.128213352268011,ez_10y_yield
2013-12-09,2.1084115849323,ez_10y_yield
2013-12-10,2.099612506696359,ez_10y_yield
2013-12-11,2.1030387088243687,ez_10y_yield
2013-12-12,2.112674213278771,ez_10y_yield
2013-12-13,2.110884111367945,ez_10y_yield
2013-12-16,2.107390216867243,ez_10y_yield
2013-12-17,2.1065094242838187,ez_10y_yield
2013-12-18,2.114220832439024,ez_10y_yield
2013-12-19,2.152465221064221,ez_10y_yield
2013-12-20,2.160389274607043,ez_10y_yield
2013-12-23,2.1619615616489227,ez_10y_yield
2013-12-24,2.163011022875501,ez_10y_yield
2013-12-27,2.2355284534334388,ez_10y_yield
2013-12-30,2.238369004886181,ez_10y_yield
2013-12-31,2.24087957425051,ez_10y_yield
2014-01-02,2.2420753092057195,ez_10y_yield
2014-01-03,2.2354038797721776,ez_10y_yield
2014-01-06,2.1999538136355303,ez_10y_yield
2014-01-07,2.17897837881284,ez_10y_yield
2014-01-08,2.1791118887773697,ez_10y_yield
2014-01-09,2.1981300792117384,ez_10y_yield
2014-01-10,2.160339147312209,ez_10y_yield
2014-01-13,2.1285552373750365,ez_10y_yield
2014-01-14,2.119306219995868,ez_10y_yield
2014-01-15,2.141214731986639,ez_10y_yield
2014-01-16,2.089287618711957,ez_10y_yield
2014-01-17,2.0737142001826028,ez_10y_yield
2014-01-20,2.0399887755738,ez_10y_yield
2014-01-21,2.045722927601144,ez_10y_yield
2014-01-22,2.0709524256959035,ez_10y_yield
2014-01-23,2.025131071983414,ez_10y_yield
2014-01-24,1.9816667579379248,ez_10y_yield
2014-01-27,1.9819430231244783,ez_10y_yield
2014-01-28,1.9888725290340383,ez_10y_yield
2014-01-29,1.9617511873666311,ez_10y_yield
2014-01-30,1.943330384112988,ez_10y_yield
2014-01-31,1.8946035594776944,ez_10y_yield
2014-02-03,1.8797787851643548,ez_10y_yield
2014-02-04,1.8837892981197388,ez_10y_yield
2014-02-05,1.8795152156429813,ez_10y_yield
2014-02-06,1.931766243962901,ez_10y_yield
2014-02-07,1.9055995282713107,ez_10y_yield
2014-02-10,1.9163319932493923,ez_10y_yield
2014-02-11,1.930820204064113,ez_10y_yield
2014-02-12,1.940885565225628,ez_10y_yield
2014-02-13,1.9150269551523875,ez_10y_yield
2014-02-14,1.92813180813402,ez_10y_yield
2014-02-17,1.932889819748488,ez_10y_yield
2014-02-18,1.9203570494749025,ez_10y_yield
2014-02-19,1.9031235163909652,ez_10y_yield
2014-02-20,1.9299264254268456,ez_10y_yield
2014-02-21,1.911847509768151,ez_10y_yield
2014-02-24,1.932414266572429,ez_10y_yield
2014-02-25,1.904460210765457,ez_10y_yield
2014-02-26,1.8614862295483663,ez_10y_yield
2014-02-27,1.805590718081981,ez_10y_yield
2014-02-28,1.880141761770952,ez_10y_yield
2014-03-03,1.817980950704956,ez_10y_yield
2014-03-04,1.8380411734413995,ez_10y_yield
2014-03-05,1.852389886416388,ez_10y_yield
2014-03-06,1.8917862025604928,ez_10y_yield
2014-03-07,1.901123257820924,ez_10y_yield
2014-03-10,1.862491213801806,ez_10y_yield
2014-03-11,1.8954635245252789,ez_10y_yield
2014-03-12,1.8419437170416817,ez_10y_yield
2014-03-13,1.816360916001834,ez_10y_yield
2014-03-14,1.7861076787800627,ez_10y_yield
2014-03-17,1.800762380925789,ez_10y_yield
2014-03-18,1.8136094410044823,ez_10y_yield
2014-03-19,1.8422771446505903,ez_10y_yield
2014-03-20,1.900637883402326,ez_10y_yield
2014-03-21,1.8715373395694133,ez_10y_yield
2014-03-24,1.8368971407169248,ez_10y_yield
2014-03-25,1.822855329258644,ez_10y_yield
2014-03-26,1.8022560977257385,ez_10y_yield
2014-03-27,1.781713600951032,ez_10y_yield
2014-03-28,1.7949424893059929,ez_10y_yield
2014-03-31,1.82211901094795,ez_10y_yield
2014-04-01,1.8265109773435064,ez_10y_yield
2014-04-02,1.8572526399556253,ez_10y_yield
2014-04-03,1.855390566280564,ez_10y_yield
2014-04-04,1.80466909714076,ez_10y_yield
2014-04-07,1.7837502005554835,ez_10y_yield
2014-04-08,1.808494562719976,ez_10y_yield
2014-04-09,1.8251003572158933,ez_10y_yield
2014-04-10,1.7796300300934869,ez_10y_yield
2014-04-11,1.7453720340186871,ez_10y_yield
2014-04-14,1.7516170914933475,ez_10y_yield
2014-04-15,1.7431947785703548,ez_10y_yield
2014-04-16,1.7177186304522696,ez_10y_yield
2014-04-17,1.735096596257491,ez_10y_yield
2014-04-22,1.7711666080674204,ez_10y_yield
2014-04-23,1.7676579229953375,ez_10y_yield
2014-04-24,1.7478380249987344,ez_10y_yield
2014-04-25,1.7176068815134018,ez_10y_yield
2014-04-28,1.7369607909571698,ez_10y_yield
2014-04-29,1.7504005068821034,ez_10y_yield
2014-04-30,1.7207650749501475,ez_10y_yield
2014-05-02,1.70646586395618,ez_10y_yield
2014-05-05,1.6910798723493787,ez_10y_yield
2014-05-06,1.6975652096159577,ez_10y_yield
2014-05-07,1.7221118267258415,ez_10y_yield
2014-05-08,1.6897069650115624,ez_10y_yield
2014-05-09,1.6886336865676128,ez_10y_yield
2014-05-12,1.699017528904287,ez_10y_yield
2014-05-13,1.6639283696397325,ez_10y_yield
2014-05-14,1.6066237220726176,ez_10y_yield
2014-05-15,1.560762808091133,ez_10y_yield
2014-05-16,1.5743479705135952,ez_10y_yield
2014-05-19,1.582525943154632,ez_10y_yield
2014-05-20,1.6088589173728316,ez_10y_yield
2014-05-21,1.631967796496319,ez_10y_yield
2014-05-22,1.597501152231399,ez_10y_yield
2014-05-23,1.601933395486734,ez_10y_yield
2014-05-26,1.5920306952066383,ez_10y_yield
2014-05-27,1.5744188267215682,ez_10y_yield
2014-05-28,1.5268182294777777,ez_10y_yield
2014-05-29,1.5279022335334842,ez_10y_yield
2014-05-30,1.5579182957339173,ez_10y_yield
2014-06-02,1.5566696571781842,ez_10y_yield
2014-06-03,1.6186152888736025,ez_10y_yield
2014-06-04,1.6336505787452884,ez_10y_yield
2014-06-05,1.6325384483376544,ez_10y_yield
2014-06-06,1.524617407080329,ez_10y_yield
2014-06-09,1.538821926369505,ez_10y_yield
2014-06-10,1.5755892318455178,ez_10y_yield
2014-06-11,1.5765670259511655,ez_10y_yield
2014-06-12,1.5825663023934444,ez_10y_yield
2014-06-13,1.569257989507742,ez_10y_yield
2014-06-16,1.539643637068192,ez_10y_yield
2014-06-17,1.582299833104699,ez_10y_yield
2014-06-18,1.5650273238049612,ez_10y_yield
2014-06-19,1.4913509214242833,ez_10y_yield
2014-06-20,1.5371233147902448,ez_10y_yield
2014-06-23,1.507952398029663,ez_10y_yield
2014-06-24,1.5115429945883596,ez_10y_yield
2014-06-25,1.4571361123607467,ez_10y_yield
2014-06-26,1.4272626723159636,ez_10y_yield
2014-06-27,1.438229715174855,ez_10y_yield
2014-06-30,1.4384625015574244,ez_10y_yield
2014-07-01,1.426294507540974,ez_10y_yield
2014-07-02,1.4544865134180691,ez_10y_yield
2014-07-03,1.4796767850486257,ez_10y_yield
2014-07-04,1.4299192745866582,ez_10y_yield
2014-07-07,1.4344417718009286,ez_10y_yield
2014-07-08,1.3952326586079593,ez_10y_yield
2014-07-09,1.3918794648192323,ez_10y_yield
2014-07-10,1.3596561715392097,ez_10y_yield
2014-07-11,1.3674112491775716,ez_10y_yield
2014-07-14,1.3780740160870248,ez_10y_yield
2014-07-15,1.3492298973430534,ez_10y_yield
2014-07-16,1.3558060700718997,ez_10y_yield
2014-07-17,1.330168346418314,ez_10y_yield
2014-07-18,1.3081392119845532,ez_10y_yield
2014-07-21,1.3027795500651491,ez_10y_yield
2014-07-22,1.3250154346632694,ez_10y_yield
2014-07-23,1.2953232851633754,ez_10y_yield
2014-07-24,1.335353888002632,ez_10y_yield
2014-07-25,1.305730563173069,ez_10y_yield
2014-07-28,1.289875814604715,ez_10y_yield
2014-07-29,1.265896764493971,ez_10y_yield
2014-07-30,1.292014354821779,ez_10y_yield
2014-07-31,1.3383150598159546,ez_10y_yield
2014-08-01,1.3161079313859876,ez_10y_yield
2014-08-04,1.2829435166897225,ez_10y_yield
2014-08-05,1.3197571582826706,ez_10y_yield
2014-08-06,1.2585548258860024,ez_10y_yield
2014-08-07,1.2426236631009902,ez_10y_yield
2014-08-08,1.2028518091371714,ez_10y_yield
2014-08-11,1.2128423929446122,ez_10y_yield
2014-08-12,1.217148505269388,ez_10y_yield
2014-08-13,1.205989544001466,ez_10y_yield
2014-08-14,1.1708204779011495,ez_10y_yield
2014-08-15,1.1610304524953188,ez_10y_yield
2014-08-18,1.1776764896112404,ez_10y_yield
2014-08-19,1.1614864090874055,ez_10y_yield
2014-08-20,1.1395832998503463,ez_10y_yield
2014-08-21,1.1385819522363745,ez_10y_yield
2014-08-22,1.1319033945637127,ez_10y_yield
2014-08-25,1.0898974136782744,ez_10y_yield
2014-08-26,1.0776148299754027,ez_10y_yield
2014-08-27,1.0254248367602958,ez_10y_yield
2014-08-28,1.014555724838201,ez_10y_yield
2014-08-29,1.031518088310999,ez_10y_yield
2014-09-01,1.036369343857085,ez_10y_yield
2014-09-02,1.0893376769506116,ez_10y_yield
2014-09-03,1.1108025148485527,ez_10y_yield
2014-09-04,1.1020269731542784,ez_10y_yield
2014-09-05,1.0756352727097385,ez_10y_yield
2014-09-08,1.0685966470249912,ez_10y_yield
2014-09-09,1.1477794352284958,ez_10y_yield
2014-09-10,1.1666263261361085,ez_10y_yield
2014-09-11,1.158128645689871,ez_10y_yield
2014-09-12,1.208048068381892,ez_10y_yield
2014-09-15,1.1743108728672071,ez_10y_yield
2014-09-16,1.186040300732083,ez_10y_yield
2014-09-17,1.1807327268441066,ez_10y_yield
2014-09-18,1.2223096652225136,ez_10y_yield
2014-09-19,1.171464804817071,ez_10y_yield
2014-09-22,1.1427299190927505,ez_10y_yield
2014-09-23,1.134184165371125,ez_10y_yield
2014-09-24,1.1116881672622592,ez_10y_yield
2014-09-25,1.0931487493427516,ez_10y_yield
2014-09-26,1.090567785758111,ez_10y_yield
2014-09-29,1.0716565596591892,ez_10y_yield
2014-09-30,1.0588503966798832,ez_10y_yield
2014-10-01,1.0133252352582742,ez_10y_yield
2014-10-02,1.036362244994086,ez_10y_yield
2014-10-03,1.0558025179447936,ez_10y_yield
2014-10-06,1.0376328492622626,ez_10y_yield
2014-10-07,1.0342258843341048,ez_10y_yield
2014-10-08,1.0158985889269134,ez_10y_yield
2014-10-09,1.008132100447897,ez_10y_yield
2014-10-10,1.0107210422806858,ez_10y_yield
2014-10-13,1.0241736335972442,ez_10y_yield
2014-10-14,0.971663804059192,ez_10y_yield
2014-10-15,0.8932278292893239,ez_10y_yield
2014-10-16,0.9314082597330008,ez_10y_yield
2014-10-17,1.0078728141550553,ez_10y_yield
2014-10-20,0.9859708821443504,ez_10y_yield
2014-10-21,1.009128872444375,ez_10y_yield
2014-10-22,1.0110278834301545,ez_10y_yield
2014-10-23,1.0197349589463274,ez_10y_yield
2014-10-24,1.0194974546254445,ez_10y_yield
2014-10-27,1.0080712260432954,ez_10y_yield
2014-10-28,1.013627995225856,ez_10y_yield
2014-10-29,1.0145639393776582,ez_10y_yield
2014-10-30,0.973261093833332,ez_10y_yield
2014-10-31,0.9638364085329972,ez_10y_yield
2014-11-03,0.9648089851540504,ez_10y_yield
2014-11-04,0.9308472625281105,ez_10y_yield
2014-11-05,0.9429501923916072,ez_10y_yield
2014-11-06,0.946459878424622,ez_10y_yield
2014-11-07,0.945455079540058,ez_10y_yield
2014-11-10,0.9364146175117344,ez_10y_yield
2014-11-11,0.938903268343938,ez_10y_yield
2014-11-12,0.9147219362663764,ez_10y_yield
2014-11-13,0.9159127845741262,ez_10y_yield
2014-11-14,0.906896971230287,ez_10y_yield
2014-11-17,0.9180497060778672,ez_10y_yield
2014-11-18,0.9091372722668982,ez_10y_yield
2014-11-19,0.9572553812109934,ez_10y_yield
2014-11-20,0.9214990377726284,ez_10y_yield
2014-11-21,0.8893067051184111,ez_10y_yield
2014-11-24,0.8935833939899487,ez_10y_yield
2014-11-25,0.8658652838502627,ez_10y_yield
2014-11-26,0.8495992083596047,ez_10y_yield
2014-11-27,0.8111823203315875,ez_10y_yield
2014-11-28,0.8015239549035273,ez_10y_yield
2014-12-01,0.8078986866097431,ez_10y_yield
2014-12-02,0.8542518613185992,ez_10y_yield
2014-12-03,0.8638810054519004,ez_10y_yield
2014-12-04,0.8556116871549566,ez_10y_yield
2014-12-05,0.8739995028065808,ez_10y_yield
2014-12-08,0.8233596557691758,ez_10y_yield
2014-12-09,0.8030535582297542,ez_10y_yield
2014-12-10,0.7941193962530235,ez_10y_yield
2014-12-11,0.776208923171045,ez_10y_yield
2014-12-12,0.7461344772596199,ez_10y_yield
2014-12-15,0.7489120898322108,ez_10y_yield
2014-12-16,0.691778959489187,ez_10y_yield
2014-12-17,0.6966036225237566,ez_10y_yield
2014-12-18,0.73551786950142,ez_10y_yield
2014-12-19,0.7232247129564096,ez_10y_yield
2014-12-22,0.716774868568578,ez_10y_yield
2014-12-23,0.7106716251969276,ez_10y_yield
2014-12-24,0.7112624575497097,ez_10y_yield
2014-12-29,0.664448747355749,ez_10y_yield
2014-12-30,0.6480343081767224,ez_10y_yield
2014-12-31,0.6486316636468334,ez_10y_yield
2015-01-02,0.6114106978014604,ez_10y_yield
2015-01-05,0.5918010000356606,ez_10y_yield
2015-01-06,0.530988492389648,ez_10y_yield
2015-01-07,0.5644069114430037,ez_10y_yield
2015-01-08,0.5987102476670341,ez_10y_yield
2015-01-09,0.6102131011214746,ez_10y_yield
2015-01-12,0.5554392211983172,ez_10y_yield
2015-01-13,0.5521972679768732,ez_10y_yield
2015-01-14,0.4929376954846809,ez_10y_yield
2015-01-15,0.4956771606776344,ez_10y_yield
2015-01-16,0.4857418038815373,ez_10y_yield
2015-01-19,0.4840390597235453,ez_10y_yield
2015-01-20,0.5012989995279424,ez_10y_yield
2015-01-21,0.5457350756482862,ez_10y_yield
2015-01-22,0.6147899305639859,ez_10y_yield
2015-01-23,0.4217445480769273,ez_10y_yield
2015-01-26,0.423433831850649,ez_10y_yield
2015-01-27,0.4393184517125945,ez_10y_yield
2015-01-28,0.4331658513987199,ez_10y_yield
2015-01-29,0.4146606166652968,ez_10y_yield
2015-01-30,0.3936199168815342,ez_10y_yield
2015-02-02,0.3531765189633806,ez_10y_yield
2015-02-03,0.3848211433733247,ez_10y_yield
2015-02-04,0.4087381111670451,ez_10y_yield
2015-02-05,0.4161315438122591,ez_10y_yield
2015-02-06,0.4091761060387735,ez_10y_yield
2015-02-09,0.4181052011151852,ez_10y_yield
2015-02-10,0.4418954953377426,ez_10y_yield
2015-02-11,0.429262339559088,ez_10y_yield
2015-02-12,0.401667499866487,ez_10y_yield
2015-02-13,0.3978904614190415,ez_10y_yield
2015-02-16,0.4055185604857952,ez_10y_yield
2015-02-17,0.4155491862742033,ez_10y_yield
2015-02-18,0.4505298238279839,ez_10y_yield
2015-02-19,0.4489952990969382,ez_10y_yield
2015-02-20,0.4108820170599194,ez_10y_yield
2015-02-23,0.4313255245287066,ez_10y_yield
2015-02-24,0.447934706624395,ez_10y_yield
2015-02-25,0.3937565619675001,ez_10y_yield
2015-02-26,0.3463972828538457,ez_10y_yield
2015-02-27,0.3691326637656524,ez_10y_yield
2015-03-02,0.380265454874988,ez_10y_yield
2015-03-03,0.4144544438542485,ez_10y_yield
2015-03-04,0.4219169895068638,ez_10y_yield
2015-03-05,0.3937205990576427,ez_10y_yield
2015-03-06,0.4126506718497305,ez_10y_yield
2015-03-09,0.3530568343479994,ez_10y_yield
2015-03-10,0.2682225914654894,ez_10y_yield
2015-03-11,0.2397059493364324,ez_10y_yield
2015-03-12,0.2675351617551138,ez_10y_yield
2015-03-13,0.2980040599063355,ez_10y_yield
2015-03-16,0.2925704068398148,ez_10y_yield
2015-03-17,0.3190606931959364,ez_10y_yield
2015-03-18,0.2563721426101043,ez_10y_yield
2015-03-19,0.2444724439844856,ez_10y_yield
2015-03-20,0.240699159762083,ez_10y_yield
2015-03-23,0.2774382446402152,ez_10y_yield
2015-03-24,0.2903316550008338,ez_10y_yield
2015-03-25,0.2978546449124839,ez_10y_yield
2015-03-26,0.2983255475703908,ez_10y_yield
2015-03-27,0.2895651720688785,ez_10y_yield
2015-03-30,0.2731608424952709,ez_10y_yield
2015-03-31,0.2639295264340712,ez_10y_yield
2015-04-01,0.2367267157067627,ez_10y_yield
2015-04-02,0.2628033522559496,ez_10y_yield
2015-04-07,0.2692690715221324,ez_10y_yield
2015-04-08,0.2555245528280273,ez_10y_yield
2015-04-09,0.2375900808007185,ez_10y_yield
2015-04-10,0.2359067674740039,ez_10y_yield
2015-04-13,0.2267227147213549,ez_10y_yield
2015-04-14,0.2100345903413016,ez_10y_yield
2015-04-15,0.1731885074797559,ez_10y_yield
2015-04-16,0.1532344116258691,ez_10y_yield
2015-04-17,0.1376617818383296,ez_10y_yield
2015-04-20,0.1341850083974151,ez_10y_yield
2015-04-21,0.1626758270057878,ez_10y_yield
2015-04-22,0.2001079699735078,ez_10y_yield
2015-04-23,0.2248904625663108,ez_10y_yield
2015-04-24,0.2274529312185806,ez_10y_yield
2015-04-27,0.2337594927440387,ez_10y_yield
2015-04-28,0.2218967930313096,ez_10y_yield
2015-04-29,0.3248894714582138,ez_10y_yield
2015-04-30,0.4168462509487285,ez_10y_yield
2015-05-04,0.4816945877647804,ez_10y_yield
2015-05-05,0.5402739224369253,ez_10y_yield
2015-05-06,0.6285117137296601,ez_10y_yield
2015-05-07,0.6569261723840136,ez_10y_yield
2015-05-08,0.621842712497638,ez_10y_yield
2015-05-11,0.6568769884016388,ez_10y_yield
2015-05-12,0.774013583258568,ez_10y_yield
2015-05-13,0.738178500351776,ez_10y_yield
2015-05-14,0.7900240240808885,ez_10y_yield
2015-05-15,0.7376274166691468,ez_10y_yield
2015-05-18,0.7462181187003591,ez_10y_yield
2015-05-19,0.7086584237516822,ez_10y_yield
2015-05-20,0.7004527291647633,ez_10y_yield
2015-05-21,0.7248278785828075,ez_10y_yield
2015-05-22,0.7089511587261079,ez_10y_yield
2015-05-25,0.7084756532690253,ez_10y_yield
2015-05-26,0.6776736392538636,ez_10y_yield
2015-05-27,0.6593329064914986,ez_10y_yield
2015-05-28,0.6280726554905025,ez_10y_yield
2015-05-29,0.6090087894856606,ez_10y_yield
2015-06-01,0.5922911573555525,ez_10y_yield
2015-06-02,0.7530456853727627,ez_10y_yield
2015-06-03,0.9305495584547478,ez_10y_yield
2015-06-04,0.9271828319419266,ez_10y_yield
2015-06-05,0.9540345285932824,ez_10y_yield
2015-06-08,0.9767106983005762,ez_10y_yield
2015-06-09,1.0562726993545355,ez_10y_yield
2015-06-10,1.0754664900960809,ez_10y_yield
2015-06-11,1.0164619222464328,ez_10y_yield
2015-06-12,0.9819100083642957,ez_10y_yield
2015-06-15,0.945138236923546,ez_10y_yield
2015-06-16,0.960975414083926,ez_10y_yield
2015-06-17,0.9609446680090274,ez_10y_yield
2015-06-18,0.9433010527315532,ez_10y_yield
2015-06-19,0.9138716434583752,ez_10y_yield
2015-06-22,1.02473004489702,ez_10y_yield
2015-06-23,1.027029828796323,ez_10y_yield
2015-06-24,0.9682503241986108,ez_10y_yield
2015-06-25,1.0031440222260637,ez_10y_yield
2015-06-26,1.072826102783787,ez_10y_yield
2015-06-29,0.9861584424704706,ez_10y_yield
2015-06-30,0.9528411053191466,ez_10y_yield
2015-07-01,1.0116636725768264,ez_10y_yield
2015-07-02,1.0386209567632627,ez_10y_yield
2015-07-03,0.9917974468382522,ez_10y_yield
2015-07-06,0.9439525585116676,ez_10y_yield
2015-07-07,0.8362036108375384,ez_10y_yield
2015-07-08,0.8401045635567235,ez_10y_yield
2015-07-09,0.8826764347798455,ez_10y_yield
2015-07-10,1.0380975857641088,ez_10y_yield
2015-07-13,1.0333847381793588,ez_10y_yield
2015-07-14,1.00093361503643,ez_10y_yield
2015-07-15,0.919754113648016,ez_10y_yield
2015-07-16,0.9492213326004412,ez_10y_yield
2015-07-17,0.8613892377724657,ez_10y_yield
2015-07-20,0.8324932114033401,ez_10y_yield
2015-07-21,0.8541510640767895,ez_10y_yield
2015-07-22,0.8323933748456009,ez_10y_yield
2015-07-23,0.8257692496968789,ez_10y_yield
2015-07-24,0.7743177422340679,ez_10y_yield
2015-07-27,0.751778823984369,ez_10y_yield
2015-07-28,0.7821649830297517,ez_10y_yield
2015-07-29,0.7849026504033949,ez_10y_yield
2015-07-30,0.7424408255259816,ez_10y_yield
2015-07-31,0.7286394532157718,ez_10y_yield
2015-08-03,0.6997123232180855,ez_10y_yield
2015-08-04,0.7223857699367531,ez_10y_yield
2015-08-05,0.8249003605750365,ez_10y_yield
2015-08-06,0.795605864550843,ez_10y_yield
2015-08-07,0.7503465362052331,ez_10y_yield
2015-08-10,0.7576346080352843,ez_10y_yield
2015-08-11,0.7085504539365464,ez_10y_yield
2015-08-12,0.6941322095543265,ez_10y_yield
2015-08-13,0.7182132171119897,ez_10y_yield
2015-08-14,0.7300970006757659,ez_10y_yield
2015-08-17,0.7047452720476199,ez_10y_yield
2015-08-18,0.7263800313690854,ez_10y_yield
2015-08-19,0.740655245329854,ez_10y_yield
2015-08-20,0.6692704413921975,ez_10y_yield
2015-08-21,0.680353538999273,ez_10y_yield
2015-08-24,0.6372866220589573,ez_10y_yield
2015-08-25,0.812542802208108,ez_10y_yield
2015-08-26,0.80875865990653,ez_10y_yield
2015-08-27,0.8286853482129426,ez_10y_yield
2015-08-28,0.7892681942523567,ez_10y_yield
2015-08-31,0.8200572366778678,ez_10y_yield
2015-09-01,0.8986581549101591,ez_10y_yield
2015-09-02,0.9007742274592196,ez_10y_yield
2015-09-03,0.8417043576680356,ez_10y_yield
2015-09-04,0.7792299965612894,ez_10y_yield
2015-09-07,0.7625724072151701,ez_10y_yield
2015-09-08,0.7746515508939766,ez_10y_yield
2015-09-09,0.8129869497223181,ez_10y_yield
2015-09-10,0.7840423281025775,ez_10y_yield
2015-09-11,0.7602625151084652,ez_10y_yield
2015-09-14,0.7386255285689622,ez_10y_yield
2015-09-15,0.8191502699016189,ez_10y_yield
2015-09-16,0.859216501080657,ez_10y_yield
2015-09-17,0.8722446076986241,ez_10y_yield
2015-09-18,0.7399053306092482,ez_10y_yield
2015-09-21,0.7763733304913214,ez_10y_yield
2015-09-22,0.7131596233300428,ez_10y_yield
2015-09-23,0.7021599920228301,ez_10y_yield
2015-09-24,0.672084570470969,ez_10y_yield
2015-09-25,0.7498566525362724,ez_10y_yield
2015-09-28,0.7088910458352373,ez_10y_yield
2015-09-29,0.698458893497643,ez_10y_yield
2015-09-30,0.7033485221551179,ez_10y_yield
2015-10-01,0.6504128679785923,ez_10y_yield
2015-10-02,0.591074133634077,ez_10y_yield
2015-10-05,0.6536716624831787,ez_10y_yield
2015-10-06,0.7186397094287384,ez_10y_yield
2015-10-07,0.7116415363026487,ez_10y_yield
2015-10-08,0.6814443704883155,ez_10y_yield
2015-10-09,0.7110700040604714,ez_10y_yield
2015-10-12,0.6773400028607552,ez_10y_yield
2015-10-13,0.6916372407607678,ez_10y_yield
2015-10-14,0.6587448600854184,ez_10y_yield
2015-10-15,0.6519322701511747,ez_10y_yield
2015-10-16,0.6542913410536952,ez_10y_yield
2015-10-19,0.6666496796256407,ez_10y_yield
2015-10-20,0.7330989443735696,ez_10y_yield
2015-10-21,0.686198127524607,ez_10y_yield
2015-10-22,0.5769725096931833,ez_10y_yield
2015-10-23,0.6106967370166299,ez_10y_yield
2015-10-26,0.5957500922199115,ez_10y_yield
2015-10-27,0.5487167606578653,ez_10y_yield
2015-10-28,0.5678039383878888,ez_10y_yield
2015-10-29,0.6070617108946079,ez_10y_yield
2015-10-30,0.6299876107215212,ez_10y_yield
2015-11-02,0.672168219455429,ez_10y_yield
2015-11-03,0.6732194988623545,ez_10y_yield
2015-11-04,0.675918161847167,ez_10y_yield
2015-11-05,0.7086840303351867,ez_10y_yield
2015-11-06,0.7822450423555249,ez_10y_yield
2015-11-09,0.8000103664798432,ez_10y_yield
2015-11-10,0.7558280084017479,ez_10y_yield
2015-11-11,0.7369792380674856,ez_10y_yield
2015-11-12,0.7255721257167806,ez_10y_yield
2015-11-13,0.6669819526014491,ez_10y_yield
2015-11-16,0.6483879339611853,ez_10y_yield
2015-11-17,0.6497642707774274,ez_10y_yield
2015-11-18,0.6359714184399365,ez_10y_yield
2015-11-19,0.5950534186648175,ez_10y_yield
2015-11-20,0.5765505167566696,ez_10y_yield
2015-11-23,0.6292161448790017,ez_10y_yield
2015-11-24,0.6146934269646005,ez_10y_yield
2015-11-25,0.5729678556643609,ez_10y_yield
2015-11-26,0.5830788814775127,ez_10y_yield
2015-11-27,0.5555569465773829,ez_10y_yield
2015-11-30,0.5803911345864661,ez_10y_yield
2015-12-01,0.5850178096242997,ez_10y_yield
2015-12-02,0.5847445548219028,ez_10y_yield
2015-12-03,0.7095152173856656,ez_10y_yield
2015-12-04,0.7887626874339855,ez_10y_yield
2015-12-07,0.7130623165392791,ez_10y_yield
2015-12-08,0.686798605321929,ez_10y_yield
2015-12-09,0.6964853680117296,ez_10y_yield
2015-12-10,0.6921856399404058,ez_10y_yield
2015-12-11,0.6450134727379346,ez_10y_yield
2015-12-14,0.6873483895120946,ez_10y_yield
2015-12-15,0.76664516116983,ez_10y_yield
2015-12-16,0.7780746076895415,ez_10y_yield
2015-12-17,0.7317065177943265,ez_10y_yield
2015-12-18,0.6732232690231461,ez_10y_yield
2015-12-21,0.668758894482874,ez_10y_yield
2015-12-22,0.7057221302187262,ez_10y_yield
2015-12-23,0.7533288055587555,ez_10y_yield
2015-12-28,0.736978496732382,ez_10y_yield
2015-12-29,0.7687945215978571,ez_10y_yield
2015-12-30,0.768969803797086,ez_10y_yield
2016-01-04,0.7027128992328162,ez_10y_yield
2016-01-05,0.6964437739566982,ez_10y_yield
2016-01-06,0.6639527744124925,ez_10y_yield
2016-01-07,0.7012247838050722,ez_10y_yield
2016-01-08,0.6761397540846472,ez_10y_yield
2016-01-11,0.7031215688316266,ez_10y_yield
2016-01-12,0.726433515330803,ez_10y_yield
2016-01-13,0.6764662369616197,ez_10y_yield
2016-01-14,0.6459817140597588,ez_10y_yield
2016-01-15,0.6290340329433128,ez_10y_yield
2016-01-18,0.6324340055519997,ez_10y_yield
2016-01-19,0.6451397330351352,ez_10y_yield
2016-01-20,0.5862919549898677,ez_10y_yield
2016-01-21,0.5360112819784755,ez_10y_yield
2016-01-22,0.5914902188489322,ez_10y_yield
2016-01-25,0.5706905809279856,ez_10y_yield
2016-01-26,0.5441959746048495,ez_10y_yield
2016-01-27,0.5510503668950495,ez_10y_yield
2016-01-28,0.4981501784102287,ez_10y_yield
2016-01-29,0.4393896373825665,ez_10y_yield
2016-02-01,0.4295234266045673,ez_10y_yield
2016-02-02,0.4051950110118554,ez_10y_yield
2016-02-03,0.4057493859519079,ez_10y_yield
2016-02-04,0.4012421687731846,ez_10y_yield
2016-02-05,0.40979617900466,ez_10y_yield
2016-02-08,0.3463124387328014,ez_10y_yield
2016-02-09,0.3595158914159162,ez_10y_yield
2016-02-10,0.3581892953211767,ez_10y_yield
2016-02-11,0.3107976494608842,ez_10y_yield
2016-02-12,0.335971467511869,ez_10y_yield
2016-02-15,0.3611455239921728,ez_10y_yield
2016-02-16,0.3852867857068256,ez_10y_yield
2016-02-17,0.3771159989996544,ez_10y_yield
2016-02-18,0.3323207666536492,ez_10y_yield
2016-02-19,0.2988801841277766,ez_10y_yield
2016-02-22,0.2931237066841081,ez_10y_yield
2016-02-23,0.3248197291741252,ez_10y_yield
2016-02-24,0.2421256619595118,ez_10y_yield
2016-02-25,0.2580330337565737,ez_10y_yield
2016-02-26,0.2571490527097113,ez_10y_yield
2016-02-29,0.218827627045008,ez_10y_yield
2016-03-01,0.2523322427435994,ez_10y_yield
2016-03-02,0.3085988355574551,ez_10y_yield
2016-03-03,0.3106417909655636,ez_10y_yield
2016-03-04,0.3266472013160122,ez_10y_yield
2016-03-07,0.3289011345733081,ez_10y_yield
2016-03-08,0.2890736302572723,ez_10y_yield
2016-03-09,0.3443904653867227,ez_10y_yield
2016-03-10,0.3210024123018691,ez_10y_yield
2016-03-11,0.3696722792494347,ez_10y_yield
2016-03-14,0.3567406104131736,ez_10y_yield
2016-03-15,0.4059308348942814,ez_10y_yield
2016-03-16,0.3765011989594553,ez_10y_yield
2016-03-17,0.3325223356288447,ez_10y_yield
2016-03-18,0.3021161494542337,ez_10y_yield
2016-03-21,0.3218157120970213,ez_10y_yield
2016-03-22,0.3192505529458662,ez_10y_yield
2016-03-23,0.3315723696971488,ez_10y_yield
2016-03-24,0.2864890227035532,ez_10y_yield
2016-03-29,0.2486415082461555,ez_10y_yield
2016-03-30,0.2661854771069531,ez_10y_yield
2016-03-31,0.2625919426852219,ez_10y_yield
2016-04-01,0.2254417943113145,ez_10y_yield
2016-04-04,0.226647468185372,ez_10y_yield
2016-04-05,0.1823750021044938,ez_10y_yield
2016-04-06,0.209669058575447,ez_10y_yield
2016-04-07,0.1857503643700899,ez_10y_yield
2016-04-08,0.1953643806474552,ez_10y_yield
2016-04-11,0.2338615758562243,ez_10y_yield
2016-04-12,0.2009083152375512,ez_10y_yield
2016-04-13,0.2035058460731382,ez_10y_yield
2016-04-14,0.205325647690947,ez_10y_yield
2016-04-15,0.1856939432490769,ez_10y_yield
2016-04-18,0.2015255850657848,ez_10y_yield
2016-04-19,0.2284043862458153,ez_10y_yield
2016-04-20,0.2010245542839095,ez_10y_yield
2016-04-21,0.260510312949836,ez_10y_yield
2016-04-22,0.2884937319140557,ez_10y_yield
2016-04-25,0.3271686048655549,ez_10y_yield
2016-04-26,0.3453197235440646,ez_10y_yield
2016-04-27,0.3567803935401472,ez_10y_yield
2016-04-28,0.318317946022099,ez_10y_yield
2016-04-29,0.3431946601834337,ez_10y_yield
2016-05-02,0.328669379204519,ez_10y_yield
2016-05-03,0.2539464516000271,ez_10y_yield
2016-05-04,0.2770752553092039,ez_10y_yield
2016-05-05,0.2415693238093501,ez_10y_yield
2016-05-06,0.2206843296256635,ez_10y_yield
2016-05-09,0.1972044235285373,ez_10y_yield
2016-05-10,0.1720273263425591,ez_10y_yield
2016-05-11,0.1698886020284025,ez_10y_yield
2016-05-12,0.1969646001880391,ez_10y_yield
2016-05-13,0.1903870213400313,ez_10y_yield
2016-05-16,0.2007194399197507,ez_10y_yield
2016-05-17,0.1867949289339652,ez_10y_yield
2016-05-18,0.2344190462387385,ez_10y_yield
2016-05-19,0.2088208559805875,ez_10y_yield
2016-05-20,0.2281271550475119,ez_10y_yield
2016-05-23,0.2285866017662856,ez_10y_yield
2016-05-24,0.2222999544171289,ez_10y_yield
2016-05-25,0.203603924536706,ez_10y_yield
2016-05-26,0.1989237878492757,ez_10y_yield
2016-05-27,0.1708599076590515,ez_10y_yield
2016-05-30,0.2236342767446948,ez_10y_yield
2016-05-31,0.2224078988269107,ez_10y_yield
2016-06-01,0.1755034879288679,ez_10y_yield
2016-06-02,0.1757855750545851,ez_10y_yield
2016-06-03,0.1237023610582834,ez_10y_yield
2016-06-06,0.1313798159138168,ez_10y_yield
2016-06-07,0.1060913215690559,ez_10y_yield
2016-06-08,0.0972054054957185,ez_10y_yield
2016-06-09,0.0595940922930484,ez_10y_yield
2016-06-10,0.0465626788911075,ez_10y_yield
2016-06-13,0.0577651384128516,ez_10y_yield
2016-06-14,0.0366350386099951,ez_10y_yield
2016-06-15,0.0307356624960655,ez_10y_yield
2016-06-16,0.0190768616877692,ez_10y_yield
2016-06-17,0.0484062094116177,ez_10y_yield
2016-06-20,0.0843872239057215,ez_10y_yield
2016-06-21,0.0743584839561335,ez_10y_yield
2016-06-22,0.0904279905787173,ez_10y_yield
2016-06-23,0.1117383575688544,ez_10y_yield
2016-06-24,-0.0245151677844503,ez_10y_yield
2016-06-27,-0.0699885529295261,ez_10y_yield
2016-06-28,-0.0638328258897535,ez_10y_yield
2016-06-29,-0.0936576906042105,ez_10y_yield
2016-06-30,-0.1044256146642337,ez_10y_yield
2016-07-01,-0.109503857342319,ez_10y_yield
2016-07-04,-0.1074523929307025,ez_10y_yield
2016-07-05,-0.1395926847641515,ez_10y_yield
2016-07-06,-0.154572480184818,ez_10y_yield
2016-07-07,-0.1309275887849867,ez_10y_yield
2016-07-08,-0.1601196590246267,ez_10y_yield
2016-07-11,-0.1618213829534331,ez_10y_yield
2016-07-12,-0.0946855979007863,ez_10y_yield
2016-07-13,-0.1244964029942123,ez_10y_yield
2016-07-14,-0.0653724970317144,ez_10y_yield
2016-07-15,-0.056795280640475,ez_10y_yield
2016-07-18,-0.0753581014186841,ez_10y_yield
2016-07-19,-0.0665912814609894,ez_10y_yield
2016-07-20,-0.0597876906686694,ez_10y_yield
2016-07-21,-0.0358960057635333,ez_10y_yield
2016-07-22,-0.0525325552607989,ez_10y_yield
2016-07-25,-0.0878064699474618,ez_10y_yield
2016-07-26,-0.084005911471559,ez_10y_yield
2016-07-27,-0.1079338613787781,ez_10y_yield
2016-07-28,-0.1218017192091016,ez_10y_yield
2016-07-29,-0.1517966897263534,ez_10y_yield
2016-08-01,-0.1542186870847817,ez_10y_yield
2016-08-02,-0.079923978870827,ez_10y_yield
2016-08-03,-0.093508285322597,ez_10y_yield
2016-08-04,-0.1362605858666685,ez_10y_yield
2016-08-05,-0.1137742205116327,ez_10y_yield
2016-08-08,-0.0879803933525167,ez_10y_yield
2016-08-09,-0.1135687866117765,ez_10y_yield
2016-08-10,-0.146099842627712,ez_10y_yield
2016-08-11,-0.1467708369181899,ez_10y_yield
2016-08-12,-0.1493838646642165,ez_10y_yield
2016-08-15,-0.1138982606362426,ez_10y_yield
2016-08-16,-0.0968894499201762,ez_10y_yield
2016-08-17,-0.0945280056106936,ez_10y_yield
2016-08-18,-0.1286833770148825,ez_10y_yield
2016-08-19,-0.1081276555490058,ez_10y_yield
2016-08-22,-0.1218847980842849,ez_10y_yield
2016-08-23,-0.1378142235814277,ez_10y_yield
2016-08-24,-0.1271568800128815,ez_10y_yield
2016-08-25,-0.0979853462670714,ez_10y_yield
2016-08-26,-0.110259666756407,ez_10y_yield
2016-08-29,-0.1038817219306715,ez_10y_yield
2016-08-30,-0.1242879516480846,ez_10y_yield
2016-08-31,-0.1176940424906636,ez_10y_yield
2016-09-01,-0.0681164268097016,ez_10y_yield
2016-09-02,-0.0722946690756982,ez_10y_yield
2016-09-05,-0.0719202858640679,ez_10y_yield
2016-09-06,-0.1050978731326885,ez_10y_yield
2016-09-07,-0.1561213712250957,ez_10y_yield
2016-09-08,-0.1256048120799806,ez_10y_yield
2016-09-09,-0.0254051488006146,ez_10y_yield
2016-09-12,-0.0026043938559427,ez_10y_yield
2016-09-13,-0.0020308385748011,ez_10y_yield
2016-09-14,-0.0010276631248795,ez_10y_yield
2016-09-15,0.0296098635103856,ez_10y_yield
2016-09-16,-0.007230366260698,ez_10y_yield
2016-09-19,-0.0025430472154814,ez_10y_yield
2016-09-20,-0.038919580845472,ez_10y_yield
2016-09-21,-0.0252186159644614,ez_10y_yield
2016-09-22,-0.0965301455598459,ez_10y_yield
2016-09-23,-0.1027912492549285,ez_10y_yield
2016-09-26,-0.129320521428029,ez_10y_yield
2016-09-27,-0.1637105719020262,ez_10y_yield
2016-09-28,-0.1661240527551126,ez_10y_yield
2016-09-29,-0.1419063454852551,ez_10y_yield
2016-09-30,-0.1620515369928412,ez_10y_yield
2016-10-03,-0.1381535445532566,ez_10y_yield
2016-10-04,-0.1153304804489296,ez_10y_yield
2016-10-05,-0.0598641357561597,ez_10y_yield
2016-10-06,-0.0281503032452974,ez_10y_yield
2016-10-07,-0.0252454189313766,ez_10y_yield
2016-10-10,0.0260965990141981,ez_10y_yield
2016-10-11,0.0234889606463357,ez_10y_yield
2016-10-12,0.0377011256463108,ez_10y_yield
2016-10-13,0.0047277493695814,ez_10y_yield
2016-10-14,0.0326786828200607,ez_10y_yield
2016-10-17,0.0392017094915613,ez_10y_yield
2016-10-18,0.0258374080807732,ez_10y_yield
2016-10-19,-0.0018859798135801,ez_10y_yield
2016-10-20,-0.006982136247239,ez_10y_yield
2016-10-21,-0.0250539651408425,ez_10y_yield
2016-10-24,-0.0074007183971138,ez_10y_yield
2016-10-25,0.0104895825042494,ez_10y_yield
2016-10-26,0.0696732232561583,ez_10y_yield
2016-10-27,0.1478549351830871,ez_10y_yield
2016-10-28,0.1559237392006469,ez_10y_yield
2016-10-31,0.142941868196583,ez_10y_yield
2016-11-01,0.1768207931614061,ez_10y_yield
2016-11-02,0.140761106757159,ez_10y_yield
2016-11-03,0.1616317085917655,ez_10y_yield
2016-11-04,0.1189029381368929,ez_10y_yield
2016-11-07,0.1426773304441426,ez_10y_yield
2016-11-08,0.1463298669851425,ez_10y_yield
2016-11-09,0.1653400984102679,ez_10y_yield
2016-11-10,0.3041542078890162,ez_10y_yield
2016-11-11,0.3134598969614037,ez_10y_yield
2016-11-14,0.3621088273572037,ez_10y_yield
2016-11-15,0.326454238299148,ez_10y_yield
2016-11-16,0.3387616746041919,ez_10y_yield
2016-11-17,0.3261362970691017,ez_10y_yield
2016-11-18,0.2922320287489466,ez_10y_yield
2016-11-21,0.3141882802828211,ez_10y_yield
2016-11-22,0.2674057402879652,ez_10y_yield
2016-11-23,0.3291460145130664,ez_10y_yield
2016-11-24,0.2944044951861806,ez_10y_yield
2016-11-25,0.28633157602329,ez_10y_yield
2016-11-28,0.2415082043611227,ez_10y_yield
2016-11-29,0.2722625436716126,ez_10y_yield
2016-11-30,0.2743464000414652,ez_10y_yield
2016-12-01,0.3482991305187712,ez_10y_yield
2016-12-02,0.3745967090556754,ez_10y_yield
2016-12-05,0.3842983272792213,ez_10y_yield
2016-12-06,0.3800046619426918,ez_10y_yield
2016-12-07,0.3921756968792347,ez_10y_yield
2016-12-08,0.4296055875256903,ez_10y_yield
2016-12-09,0.3928846115012652,ez_10y_yield
2016-12-12,0.4681991773830507,ez_10y_yield
2016-12-13,0.4112780583481039,ez_10y_yield
2016-12-14,0.3741850591980968,ez_10y_yield
2016-12-15,0.4115610621684622,ez_10y_yield
2016-12-16,0.3631101445410865,ez_10y_yield
2016-12-19,0.3426355826188008,ez_10y_yield
2016-12-20,0.3234120942504939,ez_10y_yield
2016-12-21,0.3096200133408753,ez_10y_yield
2016-12-22,0.317596973303206,ez_10y_yield
2016-12-23,0.2847988435123567,ez_10y_yield
2016-12-27,0.2687937375656393,ez_10y_yield
2016-12-28,0.2560492737459756,ez_10y_yield
2016-12-29,0.2469724682722454,ez_10y_yield
2016-12-30,0.2581256056567871,ez_10y_yield
2017-01-02,0.2272628654880315,ez_10y_yield
2017-01-03,0.3156102168673853,ez_10y_yield
2017-01-04,0.3282447113905009,ez_10y_yield
2017-01-05,0.3444683322890283,ez_10y_yield
2017-01-06,0.3454105699864445,ez_10y_yield
2017-01-09,0.3472764100219732,ez_10y_yield
2017-01-10,0.347366650982241,ez_10y_yield
2017-01-11,0.319197686435368,ez_10y_yield
2017-01-12,0.3191904060293375,ez_10y_yield
2017-01-13,0.3290431372721301,ez_10y_yield
2017-01-16,0.3349287653730632,ez_10y_yield
2017-01-17,0.2886118361361567,ez_10y_yield
2017-01-18,0.3567684849371924,ez_10y_yield
2017-01-19,0.4024413810978493,ez_10y_yield
2017-01-20,0.4142962721049197,ez_10y_yield
2017-01-23,0.4224677046764391,ez_10y_yield
2017-01-24,0.4177580241622949,ez_10y_yield
2017-01-25,0.4887789715026618,ez_10y_yield
2017-01-26,0.4952282185221999,ez_10y_yield
2017-01-27,0.497228124860555,ez_10y_yield
2017-01-30,0.4933830173732438,ez_10y_yield
2017-01-31,0.4969792614902402,ez_10y_yield
2017-02-01,0.5133366621098356,ez_10y_yield
2017-02-02,0.4573210304258124,ez_10y_yield
2017-02-03,0.4729768523651931,ez_10y_yield
2017-02-06,0.4080802553219613,ez_10y_yield
2017-02-07,0.4465261517294809,ez_10y_yield
2017-02-08,0.3785483976808712,ez_10y_yield
2017-02-09,0.3598197795361888,ez_10y_yield
2017-02-10,0.3991134809784622,ez_10y_yield
2017-02-13,0.3986655345784204,ez_10y_yield
2017-02-14,0.3984575264499059,ez_10y_yield
2017-02-15,0.4438066964678984,ez_10y_yield
2017-02-16,0.4171389443881192,ez_10y_yield
2017-02-17,0.3559514133701822,ez_10y_yield
2017-02-20,0.3708729978197107,ez_10y_yield
2017-02-21,0.3874451773332179,ez_10y_yield
2017-02-22,0.3089108244053808,ez_10y_yield
2017-02-23,0.2941292700977436,ez_10y_yield
2017-02-24,0.2505051653306007,ez_10y_yield
2017-02-27,0.2402568645612715,ez_10y_yield
2017-02-28,0.2521480376521627,ez_10y_yield
2017-03-01,0.3051100883905611,ez_10y_yield
2017-03-02,0.3453413121341646,ez_10y_yield
2017-03-03,0.3854319282135821,ez_10y_yield
2017-03-06,0.3718044334837267,ez_10y_yield
2017-03-07,0.3716551698245944,ez_10y_yield
2017-03-08,0.4207723725125127,ez_10y_yield
2017-03-09,0.4322630257769746,ez_10y_yield
2017-03-10,0.5038341452234834,ez_10y_yield
2017-03-13,0.5088577007749633,ez_10y_yield
2017-03-14,0.4959505692027233,ez_10y_yield
2017-03-15,0.4673131205756133,ez_10y_yield
2017-03-16,0.497901808250059,ez_10y_yield
2017-03-17,0.4887071308286499,ez_10y_yield
2017-03-20,0.4860886202712056,ez_10y_yield
2017-03-21,0.5100615785096139,ez_10y_yield
2017-03-22,0.4379878860515762,ez_10y_yield
2017-03-23,0.4403580131018034,ez_10y_yield
2017-03-24,0.4495464385984538,ez_10y_yield
2017-03-27,0.4231807492037047,ez_10y_yield
2017-03-28,0.4265975584024271,ez_10y_yield
2017-03-29,0.4001388390630302,ez_10y_yield
2017-03-30,0.392186868137232,ez_10y_yield
2017-03-31,0.3814023713402656,ez_10y_yield
2017-04-03,0.3688136050687713,ez_10y_yield
2017-04-04,0.3045469236097267,ez_10y_yield
2017-04-05,0.3252824170309565,ez_10y_yield
2017-04-06,0.3077513496336843,ez_10y_yield
2017-04-07,0.2739686779066965,ez_10y_yield
2017-04-10,0.2778383977216037,ez_10y_yield
2017-04-11,0.2775385178322431,ez_10y_yield
2017-04-12,0.2693966748077989,ez_10y_yield
2017-04-13,0.2345617886109887,ez_10y_yield
2017-04-18,0.2436716911419338,ez_10y_yield
2017-04-19,0.2510617041249441,ez_10y_yield
2017-04-20,0.2995497814916947,ez_10y_yield
2017-04-21,0.3025792596330894,ez_10y_yield
2017-04-24,0.3996819727530138,ez_10y_yield
2017-04-25,0.4103020144032472,ez_10y_yield
2017-04-26,0.4169489486551083,ez_10y_yield
2017-04-27,0.3791779009023135,ez_10y_yield
2017-04-28,0.3819920626792856,ez_10y_yield
2017-05-02,0.3753007811602908,ez_10y_yield
2017-05-03,0.3737644515052287,ez_10y_yield
2017-05-04,0.4334814111205363,ez_10y_yield
2017-05-05,0.4537120544841548,ez_10y_yield
2017-05-08,0.4676171614448488,ez_10y_yield
2017-05-09,0.4952232876278302,ez_10y_yield
2017-05-10,0.4568860455404189,ez_10y_yield
2017-05-11,0.4892257802040118,ez_10y_yield
2017-05-12,0.456322508270274,ez_10y_yield
2017-05-15,0.4798156261077015,ez_10y_yield
2017-05-16,0.4918335816770516,ez_10y_yield
2017-05-17,0.4511251725928229,ez_10y_yield
2017-05-18,0.4048637957966887,ez_10y_yield
2017-05-19,0.4358441336345833,ez_10y_yield
2017-05-22,0.4579362440319059,ez_10y_yield
2017-05-23,0.4651926735491178,ez_10y_yield
2017-05-24,0.4656398613193051,ez_10y_yield
2017-05-25,0.4329896470989469,ez_10y_yield
2017-05-26,0.4031797914507402,ez_10y_yield
2017-05-29,0.3747728208120744,ez_10y_yield
2017-05-30,0.3692633990188687,ez_10y_yield
2017-05-31,0.3616871225584432,ez_10y_yield
2017-06-01,0.3885104572892501,ez_10y_yield
2017-06-02,0.3531005299386383,ez_10y_yield
2017-06-05,0.3666999604313528,ez_10y_yield
2017-06-06,0.3458204140971164,ez_10y_yield
2017-06-07,0.3394931773928915,ez_10y_yield
2017-06-08,0.3443307670445534,ez_10y_yield
2017-06-09,0.3522511819748786,ez_10y_yield
2017-06-12,0.3342461714457618,ez_10y_yield
2017-06-13,0.3450270685004106,ez_10y_yield
2017-06-14,0.322744527668954,ez_10y_yield
2017-06-15,0.3727012589877452,ez_10y_yield
2017-06-16,0.3580687683670618,ez_10y_yield
2017-06-19,0.3658649824987501,ez_10y_yield
2017-06-20,0.3427268543390678,ez_10y_yield
2017-06-21,0.3403833912109864,ez_10y_yield
2017-06-22,0.3232137917657587,ez_10y_yield
2017-06-23,0.3311969458363988,ez_10y_yield
2017-06-26,0.3165619965701722,ez_10y_yield
2017-06-27,0.3966732127277321,ez_10y_yield
2017-06-28,0.4458667821893645,ez_10y_yield
2017-06-29,0.5082937069142579,ez_10y_yield
2017-06-30,0.5409199919834577,ez_10y_yield
2017-07-03,0.5290508498355022,ez_10y_yield
2017-07-04,0.5463989152017144,ez_10y_yield
2017-07-05,0.565135082872942,ez_10y_yield
2017-07-06,0.6350375719685468,ez_10y_yield
2017-07-07,0.64973271576625,ez_10y_yield
2017-07-10,0.6331161098613487,ez_10y_yield
2017-07-11,0.6422352178302759,ez_10y_yield
2017-07-12,0.6120407423336749,ez_10y_yield
2017-07-13,0.6103348619269502,ez_10y_yield
2017-07-14,0.5948380457220308,ez_10y_yield
2017-07-17,0.6008422160834614,ez_10y_yield
2017-07-18,0.5866864088578421,ez_10y_yield
2017-07-19,0.5627705945908792,ez_10y_yield
2017-07-20,0.559412121033712,ez_10y_yield
2017-07-21,0.5351874898335609,ez_10y_yield
2017-07-24,0.5270431790100005,ez_10y_yield
2017-07-25,0.5801280421090471,ez_10y_yield
2017-07-26,0.5813779143797948,ez_10y_yield
2017-07-27,0.5579757790099809,ez_10y_yield
2017-07-28,0.5862230358779561,ez_10y_yield
2017-07-31,0.5771010542149364,ez_10y_yield
2017-08-01,0.54494300889281,ez_10y_yield
2017-08-02,0.517289272521797,ez_10y_yield
2017-08-03,0.5013635936686569,ez_10y_yield
2017-08-04,0.5025789832709169,ez_10y_yield
2017-08-07,0.4993272319234068,ez_10y_yield
2017-08-08,0.5000807025548228,ez_10y_yield
2017-08-09,0.4538175402380648,ez_10y_yield
2017-08-10,0.4441932985463275,ez_10y_yield
2017-08-11,0.4161122245960502,ez_10y_yield
2017-08-14,0.445464924823403,ez_10y_yield
2017-08-15,0.4733681951450279,ez_10y_yield
2017-08-16,0.481419553247413,ez_10y_yield
2017-08-17,0.4731186425987639,ez_10y_yield
2017-08-18,0.4274694387621496,ez_10y_yield
2017-08-21,0.4309717749012547,ez_10y_yield
2017-08-22,0.4409475553666704,ez_10y_yield
2017-08-23,0.4183392219523103,ez_10y_yield
2017-08-24,0.4019175990051344,ez_10y_yield
2017-08-25,0.4238850553628097,ez_10y_yield
2017-08-28,0.4057429341390968,ez_10y_yield
2017-08-29,0.3697197325810935,ez_10y_yield
2017-08-30,0.4000364929238147,ez_10y_yield
2017-08-31,0.3846542552178906,ez_10y_yield
2017-09-01,0.419552520566488,ez_10y_yield
2017-09-04,0.4069778056663669,ez_10y_yield
2017-09-05,0.3927378621694695,ez_10y_yield
2017-09-06,0.3789547740225334,ez_10y_yield
2017-09-07,0.3597040309098851,ez_10y_yield
2017-09-08,0.3641466046616033,ez_10y_yield
2017-09-11,0.3748872051320555,ez_10y_yield
2017-09-12,0.4178788063733289,ez_10y_yield
2017-09-13,0.4481441929965841,ez_10y_yield
2017-09-14,0.4557684648968889,ez_10y_yield
2017-09-15,0.4768904045914413,ez_10y_yield
2017-09-18,0.5028917840535696,ez_10y_yield
2017-09-19,0.4861367879118941,ez_10y_yield
2017-09-20,0.4753834471845044,ez_10y_yield
2017-09-21,0.4930251545660153,ez_10y_yield
2017-09-22,0.4921065568804073,ez_10y_yield
2017-09-25,0.4643995660452082,ez_10y_yield
2017-09-26,0.4601541364913757,ez_10y_yield
2017-09-27,0.5179246793208439,ez_10y_yield
2017-09-28,0.5299632724505816,ez_10y_yield
2017-09-29,0.5162529460039549,ez_10y_yield
2017-10-02,0.4932464378875298,ez_10y_yield
2017-10-03,0.5154840964898098,ez_10y_yield
2017-10-04,0.4887171286733158,ez_10y_yield
2017-10-05,0.4962418897356588,ez_10y_yield
2017-10-06,0.5503766325405017,ez_10y_yield
2017-10-09,0.4955943327835541,ez_10y_yield
2017-10-10,0.5015378400237305,ez_10y_yield
2017-10-11,0.5083273146069933,ez_10y_yield
2017-10-12,0.5000089015092399,ez_10y_yield
2017-10-13,0.4611549730230067,ez_10y_yield
2017-10-16,0.4362462024269007,ez_10y_yield
2017-10-17,0.4201686551774921,ez_10y_yield
2017-10-18,0.4411618952615743,ez_10y_yield
2017-10-19,0.4433339942505307,ez_10y_yield
2017-10-20,0.5053756031175949,ez_10y_yield
2017-10-23,0.4822862176590803,ez_10y_yield
2017-10-24,0.5245309813102876,ez_10y_yield
2017-10-25,0.5425352072895739,ez_10y_yield
2017-10-26,0.5023562335054805,ez_10y_yield
2017-10-27,0.4740056048761696,ez_10y_yield
2017-10-30,0.4378655790662984,ez_10y_yield
2017-10-31,0.4385500943816023,ez_10y_yield
2017-11-01,0.4365466669978302,ez_10y_yield
2017-11-02,0.4454265561935528,ez_10y_yield
2017-11-03,0.419417898223795,ez_10y_yield
2017-11-06,0.400209106059048,ez_10y_yield
2017-11-07,0.4055111495828924,ez_10y_yield
2017-11-08,0.3796088481978241,ez_10y_yield
2017-11-09,0.4364686739538514,ez_10y_yield
2017-11-10,0.4591609816300037,ez_10y_yield
2017-11-13,0.4750918959172923,ez_10y_yield
2017-11-14,0.4788686393726431,ez_10y_yield
2017-11-15,0.4236197474558807,ez_10y_yield
2017-11-16,0.4409280135739939,ez_10y_yield
2017-11-17,0.4390678339386031,ez_10y_yield
2017-11-20,0.4283150461044327,ez_10y_yield
2017-11-21,0.4165152219955397,ez_10y_yield
2017-11-22,0.4258449718268027,ez_10y_yield
2017-11-23,0.4154339345708306,ez_10y_yield
2017-11-24,0.4277512214630317,ez_10y_yield
2017-11-27,0.4214924113816209,ez_10y_yield
2017-11-28,0.4134269161690644,ez_10y_yield
2017-11-29,0.4584176540617646,ez_10y_yield
2017-11-30,0.4370419396738372,ez_10y_yield
2017-12-01,0.4009679834370976,ez_10y_yield
2017-12-04,0.3979942253559061,ez_10y_yield
2017-12-05,0.3921175808084278,ez_10y_yield
2017-12-06,0.3561697148765566,ez_10y_yield
2017-12-07,0.3635377658432333,ez_10y_yield
2017-12-08,0.3714925752830869,ez_10y_yield
2017-12-11,0.3635204851920859,ez_10y_yield
2017-12-12,0.380711133158524,ez_10y_yield
2017-12-13,0.3875702419840845,ez_10y_yield
2017-12-14,0.4035035814246308,ez_10y_yield
2017-12-15,0.373475321526147,ez_10y_yield
2017-12-18,0.3745654858001419,ez_10y_yield
2017-12-19,0.435076942245499,ez_10y_yield
2017-12-20,0.4873232174277726,ez_10y_yield
2017-12-21,0.5048039613933746,ez_10y_yield
2017-12-22,0.4932084685723676,ez_10y_yield
2017-12-27,0.4728448132947314,ez_10y_yield
2017-12-28,0.4997503954539972,ez_10y_yield
2017-12-29,0.5220430870463577,ez_10y_yield
2018-01-02,0.5376153700264279,ez_10y_yield
2018-01-03,0.521837483274699,ez_10y_yield
2018-01-04,0.53272645182148,ez_10y_yield
2018-01-05,0.523487320492193,ez_10y_yield
2018-01-08,0.506895799536978,ez_10y_yield
2018-01-09,0.529018524327908,ez_10y_yield
2018-01-10,0.5679457567102828,ez_10y_yield
2018-01-11,0.6201560239280539,ez_10y_yield
2018-01-12,0.6191016412443746,ez_10y_yield
2018-01-15,0.6102340613692441,ez_10y_yield
2018-01-16,0.5856505955963742,ez_10y_yield
2018-01-17,0.5857907046892903,ez_10y_yield
2018-01-18,0.6120543716691458,ez_10y_yield
2018-01-19,0.6152351671397014,ez_10y_yield
2018-01-22,0.6184954432179071,ez_10y_yield
2018-01-23,0.5969554149563514,ez_10y_yield
2018-01-24,0.6294744230639662,ez_10y_yield
2018-01-25,0.667717314362017,ez_10y_yield
2018-01-26,0.6622642779018211,ez_10y_yield
2018-01-29,0.7247112196938259,ez_10y_yield
2018-01-30,0.7330616991547663,ez_10y_yield
2018-01-31,0.7098755198716349,ez_10y_yield
2018-02-01,0.7477801886323521,ez_10y_yield
2018-02-02,0.7891126589698434,ez_10y_yield
2018-02-05,0.7681959470221713,ez_10y_yield
2018-02-06,0.7472459180661728,ez_10y_yield
2018-02-07,0.7575132513873601,ez_10y_yield
2018-02-08,0.8354119886109723,ez_10y_yield
2018-02-09,0.7927382911463212,ez_10y_yield
2018-02-12,0.797957127651717,ez_10y_yield
2018-02-13,0.7903528206239026,ez_10y_yield
2018-02-14,0.8110588617123087,ez_10y_yield
2018-02-15,0.8177105769067792,ez_10y_yield
2018-02-16,0.7679671557406644,ez_10y_yield
2018-02-19,0.7983269777830815,ez_10y_yield
2018-02-20,0.7824354690594673,ez_10y_yield
2018-02-21,0.7716906888287554,ez_10y_yield
2018-02-22,0.7643303385791009,ez_10y_yield
2018-02-23,0.7153560257066074,ez_10y_yield
2018-02-26,0.7020362544295686,ez_10y_yield
2018-02-27,0.7208511462973162,ez_10y_yield
2018-02-28,0.7091440932355493,ez_10y_yield
2018-03-01,0.6859404629902288,ez_10y_yield
2018-03-02,0.6748325145907481,ez_10y_yield
2018-03-05,0.6811245128377212,ez_10y_yield
2018-03-06,0.7266525311094636,ez_10y_yield
2018-03-07,0.7126849078949178,ez_10y_yield
2018-03-08,0.6999532369783106,ez_10y_yield
2018-03-09,0.7018035265928031,ez_10y_yield
2018-03-12,0.6809588209992876,ez_10y_yield
2018-03-13,0.6847128736339547,ez_10y_yield
2018-03-14,0.6642887634670229,ez_10y_yield
2018-03-15,0.6267206378426291,ez_10y_yield
2018-03-16,0.6350385978181645,ez_10y_yield
2018-03-19,0.6346435929500549,ez_10y_yield
2018-03-20,0.6391139783945441,ez_10y_yield
2018-03-21,0.6483959927214107,ez_10y_yield
2018-03-22,0.5760251247688819,ez_10y_yield
2018-03-23,0.5874861621633078,ez_10y_yield
2018-03-26,0.5836538475692823,ez_10y_yield
2018-03-27,0.5621034680685053,ez_10y_yield
2018-03-28,0.5507965356079536,ez_10y_yield
2018-03-29,0.5484389371638745,ez_10y_yield
2018-04-03,0.552060875942054,ez_10y_yield
2018-04-04,0.5473333322795559,ez_10y_yield
2018-04-05,0.5701744119278311,ez_10y_yield
2018-04-06,0.5599236951715794,ez_10y_yield
2018-04-09,0.5611718349030035,ez_10y_yield
2018-04-10,0.5647372363859544,ez_10y_yield
2018-04-11,0.5522598338088116,ez_10y_yield
2018-04-12,0.5664182109255096,ez_10y_yield
2018-04-13,0.5766410828037456,ez_10y_yield
2018-04-16,0.5759365212637588,ez_10y_yield
2018-04-17,0.5691320249585647,ez_10y_yield
2018-04-18,0.5709947189081213,ez_10y_yield
2018-04-19,0.6359708492617537,ez_10y_yield
2018-04-20,0.6577628436422751,ez_10y_yield
2018-04-23,0.6768867555908784,ez_10y_yield
2018-04-24,0.69497810921475,ez_10y_yield
2018-04-25,0.690064873134312,ez_10y_yield
2018-04-26,0.6709688169090979,ez_10y_yield
2018-04-27,0.6227839236592754,ez_10y_yield
2018-04-30,0.6286787111497132,ez_10y_yield
2018-05-02,0.6329546775031432,ez_10y_yield
2018-05-03,0.606464548820953,ez_10y_yield
2018-05-04,0.6021888770291239,ez_10y_yield
2018-05-07,0.5859906361692122,ez_10y_yield
2018-05-08,0.6113461459975564,ez_10y_yield
2018-05-09,0.6288267092341933,ez_10y_yield
2018-05-10,0.6022431931626198,ez_10y_yield
2018-05-11,0.6223807502169709,ez_10y_yield
2018-05-14,0.6705578763286848,ez_10y_yield
2018-05-15,0.69966616057871,ez_10y_yield
2018-05-16,0.6693831561928514,ez_10y_yield
2018-05-17,0.6838346397034156,ez_10y_yield
2018-05-18,0.6788122997869879,ez_10y_yield
2018-05-21,0.6221187168426727,ez_10y_yield
2018-05-22,0.6201334067830446,ez_10y_yield
2018-05-23,0.583832775469511,ez_10y_yield
2018-05-24,0.5411493512978227,ez_10y_yield
2018-05-25,0.472715185701607,ez_10y_yield
2018-05-28,0.4312649033601801,ez_10y_yield
2018-05-29,0.4089256473547902,ez_10y_yield
2018-05-30,0.4004221619574322,ez_10y_yield
2018-05-31,0.4024670996911501,ez_10y_yield
2018-06-01,0.4607918447182877,ez_10y_yield
2018-06-04,0.4789344866100107,ez_10y_yield
2018-06-05,0.457404237482697,ez_10y_yield
2018-06-06,0.5309162454777212,ez_10y_yield
2018-06-07,0.5704302034244186,ez_10y_yield
2018-06-08,0.5272007649232737,ez_10y_yield
2018-06-11,0.5783466902386314,ez_10y_yield
2018-06-12,0.5795702133265888,ez_10y_yield
2018-06-13,0.5451870057026023,ez_10y_yield
2018-06-14,0.5234857713433296,ez_10y_yield
2018-06-15,0.4762542019865323,ez_10y_yield
2018-06-18,0.4739042259810091,ez_10y_yield
2018-06-19,0.4374811163045962,ez_10y_yield
2018-06-20,0.454339291168357,ez_10y_yield
2018-06-21,0.4212495643489404,ez_10y_yield
2018-06-22,0.418218271506479,ez_10y_yield
2018-06-25,0.4103555044716973,ez_10y_yield
2018-06-26,0.4196190403617255,ez_10y_yield
2018-06-27,0.4036427093218515,ez_10y_yield
2018-06-28,0.3841357410145143,ez_10y_yield
2018-06-29,0.379055687017642,ez_10y_yield
2018-07-02,0.3728063270000952,ez_10y_yield
2018-07-03,0.3677798910480128,ez_10y_yield
2018-07-04,0.366453670895301,ez_10y_yield
2018-07-05,0.3729254086959184,ez_10y_yield
2018-07-06,0.3621418680086892,ez_10y_yield
2018-07-09,0.3893735675691969,ez_10y_yield
2018-07-10,0.3907256218726358,ez_10y_yield
2018-07-11,0.3821032402865141,ez_10y_yield
2018-07-12,0.3685001184230732,ez_10y_yield
2018-07-13,0.3512959458484106,ez_10y_yield
2018-07-16,0.38031931625191,ez_10y_yield
2018-07-17,0.3643481577244678,ez_10y_yield
2018-07-18,0.3530315235105368,ez_10y_yield
2018-07-19,0.3499036163855953,ez_10y_yield
2018-07-20,0.3737684191760797,ez_10y_yield
2018-07-23,0.4129764417334369,ez_10y_yield
2018-07-24,0.4229360143133478,ez_10y_yield
2018-07-25,0.410132615854482,ez_10y_yield
2018-07-26,0.4086933885276291,ez_10y_yield
2018-07-27,0.4185302578518808,ez_10y_yield
2018-07-30,0.4668007200546569,ez_10y_yield
2018-07-31,0.4553404508943632,ez_10y_yield
2018-08-01,0.4996144956381938,ez_10y_yield
2018-08-02,0.4868874088388022,ez_10y_yield
2018-08-03,0.4326907669020974,ez_10y_yield
2018-08-06,0.411767823091699,ez_10y_yield
2018-08-07,0.4323275662454326,ez_10y_yield
2018-08-08,0.4273381973296839,ez_10y_yield
2018-08-09,0.4002558931398079,ez_10y_yield
2018-08-10,0.3508818642948084,ez_10y_yield
2018-08-13,0.3521400443293281,ez_10y_yield
2018-08-14,0.348191192611905,ez_10y_yield
2018-08-15,0.3347280467226277,ez_10y_yield
2018-08-16,0.3345410062906992,ez_10y_yield
2018-08-17,0.3243727005001755,ez_10y_yield
2018-08-20,0.324350992713132,ez_10y_yield
2018-08-21,0.3551289077874324,ez_10y_yield
2018-08-22,0.3580340831019288,ez_10y_yield
2018-08-23,0.3701555629541211,ez_10y_yield
2018-08-24,0.3867362419407847,ez_10y_yield
2018-08-27,0.4059009965204065,ez_10y_yield
2018-08-28,0.4167668232606534,ez_10y_yield
2018-08-29,0.4426493237026117,ez_10y_yield
2018-08-30,0.3922730791896782,ez_10y_yield
2018-08-31,0.3719089874180712,ez_10y_yield
2018-09-03,0.3663075367888631,ez_10y_yield
2018-09-04,0.3787360305388993,ez_10y_yield
2018-09-05,0.4279527866299499,ez_10y_yield
2018-09-06,0.4044883280503164,ez_10y_yield
2018-09-07,0.4199569560726717,ez_10y_yield
2018-09-10,0.4365483688531739,ez_10y_yield
2018-09-11,0.4651661343838089,ez_10y_yield
2018-09-12,0.4321997252642982,ez_10y_yield
2018-09-13,0.4615931049323531,ez_10y_yield
2018-09-14,0.4829293916222026,ez_10y_yield
2018-09-17,0.4908558764767408,ez_10y_yield
2018-09-18,0.5039115210894627,ez_10y_yield
2018-09-19,0.5193924698010948,ez_10y_yield
2018-09-20,0.5202739194381003,ez_10y_yield
2018-09-21,0.4932284811939693,ez_10y_yield
2018-09-24,0.5403904599427358,ez_10y_yield
2018-09-25,0.5654457043184609,ez_10y_yield
2018-09-26,0.5632325213891374,ez_10y_yield
2018-09-27,0.5486298236272802,ez_10y_yield
2018-09-28,0.5091276886227742,ez_10y_yield
2018-10-01,0.5392670129467678,ez_10y_yield
2018-10-02,0.4780783783462414,ez_10y_yield
2018-10-03,0.4985365492214848,ez_10y_yield
2018-10-04,0.5631430593745899,ez_10y_yield
2018-10-05,0.5958080383648499,ez_10y_yield
2018-10-08,0.5847991114677269,ez_10y_yield
2018-10-09,0.5906548148762889,ez_10y_yield
2018-10-10,0.6022768422888536,ez_10y_yield
2018-10-11,0.5794345500196885,ez_10y_yield
2018-10-12,0.5568402979234861,ez_10y_yield
2018-10-15,0.5490314019036742,ez_10y_yield
2018-10-16,0.5353802677139354,ez_10y_yield
2018-10-17,0.5153312073608829,ez_10y_yield
2018-10-18,0.5107796150769692,ez_10y_yield
2018-10-19,0.4847774281485675,ez_10y_yield
2018-10-22,0.4912815034356841,ez_10y_yield
2018-10-23,0.4647534737858443,ez_10y_yield
2018-10-24,0.452821898076885,ez_10y_yield
2018-10-25,0.4502251778292292,ez_10y_yield
2018-10-26,0.4113428724235,ez_10y_yield
2018-10-29,0.4478275856529263,ez_10y_yield
2018-10-30,0.4253270251341323,ez_10y_yield
2018-10-31,0.4342568662405739,ez_10y_yield
2018-11-01,0.4574657033260267,ez_10y_yield
2018-11-02,0.4846928419993377,ez_10y_yield
2018-11-05,0.4813594336349949,ez_10y_yield
2018-11-06,0.482266242857273,ez_10y_yield
2018-11-07,0.4981553552187927,ez_10y_yield
2018-11-08,0.5076617794284326,ez_10y_yield
2018-11-09,0.4734748849108072,ez_10y_yield
2018-11-12,0.4467730747074183,ez_10y_yield
2018-11-13,0.4561970313666945,ez_10y_yield
2018-11-14,0.4724019179667422,ez_10y_yield
2018-11-15,0.4235837438898491,ez_10y_yield
2018-11-16,0.4312189812186098,ez_10y_yield
2018-11-19,0.4466936319196462,ez_10y_yield
2018-11-20,0.4140571396637176,ez_10y_yield
2018-11-21,0.430074541812167,ez_10y_yield
2018-11-22,0.4384668702204148,ez_10y_yield
2018-11-23,0.4034291790481692,ez_10y_yield
2018-11-26,0.4284067433904814,ez_10y_yield
2018-11-27,0.409578546126994,ez_10y_yield
2018-11-28,0.4177935829959152,ez_10y_yield
2018-11-29,0.3882940591625896,ez_10y_yield
2018-11-30,0.369032434490065,ez_10y_yield
2018-12-03,0.3725785040800451,ez_10y_yield
2018-12-04,0.3447882312672101,ez_10y_yield
2018-12-05,0.3311463013539377,ez_10y_yield
2018-12-06,0.2946934069181042,ez_10y_yield
2018-12-07,0.3292498064648841,ez_10y_yield
2018-12-10,0.3091154534229838,ez_10y_yield
2018-12-11,0.3010056630263618,ez_10y_yield
2018-12-12,0.3194028123157473,ez_10y_yield
2018-12-13,0.3150103139884415,ez_10y_yield
2018-12-14,0.319577885843703,ez_10y_yield
2018-12-17,0.3215132279566024,ez_10y_yield
2018-12-18,0.3100501754381239,ez_10y_yield
2018-12-19,0.3048671622252366,ez_10y_yield
2018-12-20,0.2850425185010232,ez_10y_yield
2018-12-21,0.301981472376025,ez_10y_yield
2018-12-27,0.3039678511314347,ez_10y_yield
2018-12-28,0.316223018423702,ez_10y_yield
2019-01-02,0.2277731720193814,ez_10y_yield
2019-01-03,0.2462275849487483,ez_10y_yield
2019-01-04,0.2746611771045129,ez_10y_yield
2019-01-07,0.2888748335790811,ez_10y_yield
2019-01-08,0.3105817908749722,ez_10y_yield
2019-01-09,0.3011134769877213,ez_10y_yield
2019-01-10,0.2674735772420931,ez_10y_yield
2019-01-11,0.2487008781019892,ez_10y_yield
2019-01-14,0.2426070715739641,ez_10y_yield
2019-01-15,0.2388592302140466,ez_10y_yield
2019-01-16,0.2580422898655383,ez_10y_yield
2019-01-17,0.2672090339938258,ez_10y_yield
2019-01-18,0.2811071406436354,ez_10y_yield
2019-01-21,0.2881681561761904,ez_10y_yield
2019-01-22,0.2680802570460607,ez_10y_yield
2019-01-23,0.2652459915527392,ez_10y_yield
2019-01-24,0.2159525970341627,ez_10y_yield
2019-01-25,0.2245224257989444,ez_10y_yield
2019-01-28,0.2289868402934871,ez_10y_yield
2019-01-29,0.2268015997158632,ez_10y_yield
2019-01-30,0.2152586627451107,ez_10y_yield
2019-01-31,0.1876074798881903,ez_10y_yield
2019-02-01,0.1876056777856991,ez_10y_yield
2019-02-04,0.2057848207517945,ez_10y_yield
2019-02-05,0.2156275055677969,ez_10y_yield
2019-02-06,0.1950841126159166,ez_10y_yield
2019-02-07,0.1473309502632198,ez_10y_yield
2019-02-08,0.1209066788765658,ez_10y_yield
2019-02-11,0.1494672097430349,ez_10y_yield
2019-02-12,0.1776718162281163,ez_10y_yield
2019-02-13,0.1779687473438458,ez_10y_yield
2019-02-14,0.1346361223007073,ez_10y_yield
2019-02-15,0.1493039042508019,ez_10y_yield
2019-02-18,0.156501247709333,ez_10y_yield
2019-02-19,0.1541121528490903,ez_10y_yield
2019-02-20,0.1454993038550047,ez_10y_yield
2019-02-21,0.1839394969591405,ez_10y_yield
2019-02-22,0.1479103895348381,ez_10y_yield
2019-02-25,0.1583176480177206,ez_10y_yield
2019-02-26,0.1601038119487405,ez_10y_yield
2019-02-27,0.1967485204224011,ez_10y_yield
2019-02-28,0.2281325209626938,ez_10y_yield
2019-03-01,0.2549494461534891,ez_10y_yield
2019-03-04,0.2247227033646335,ez_10y_yield
2019-03-05,0.216517984050184,ez_10y_yield
2019-03-06,0.1811138541074211,ez_10y_yield
2019-03-07,0.1309803509597036,ez_10y_yield
2019-03-08,0.1219710544043821,ez_10y_yield
2019-03-11,0.1090820490458961,ez_10y_yield
2019-03-12,0.1147251635682842,ez_10y_yield
2019-03-13,0.1147251635682797,ez_10y_yield
2019-03-14,0.1300044644419218,ez_10y_yield
2019-03-15,0.1310416737271214,ez_10y_yield
2019-03-18,0.1340795395141767,ez_10y_yield
2019-03-19,0.1571049543599576,ez_10y_yield
2019-03-20,0.1368180909245189,ez_10y_yield
2019-03-21,0.0926855715652252,ez_10y_yield
2019-03-22,0.0155754714761329,ez_10y_yield
2019-03-25,0.032600052838323,ez_10y_yield
2019-03-26,0.0280913337258392,ez_10y_yield
2019-03-27,-0.0336564559057279,ez_10y_yield
2019-03-28,-0.0232666246051294,ez_10y_yield
2019-03-29,-0.0134294349958481,ez_10y_yield
2019-04-01,0.0081585304100282,ez_10y_yield
2019-04-02,0.0113446890750634,ez_10y_yield
2019-04-03,0.055835304364467,ez_10y_yield
2019-04-04,0.0442018633669638,ez_10y_yield
2019-04-05,0.0499743692716569,ez_10y_yield
2019-04-08,0.051849131345627,ez_10y_yield
2019-04-09,0.0394865855229134,ez_10y_yield
2019-04-10,0.0127112752718345,ez_10y_yield
2019-04-11,0.0308424818041777,ez_10y_yield
2019-04-12,0.090170766985913,ez_10y_yield
2019-04-15,0.1150477302503643,ez_10y_yield
2019-04-16,0.1072378389019834,ez_10y_yield
2019-04-17,0.1274962291361352,ez_10y_yield
2019-04-18,0.0725736382141772,ez_10y_yield
2019-04-23,0.0845989246841316,ez_10y_yield
2019-04-24,0.0390836468344439,ez_10y_yield
2019-04-25,0.0391228593352925,ez_10y_yield
2019-04-26,0.0304865472921314,ez_10y_yield
2019-04-29,0.0561914214297303,ez_10y_yield
2019-04-30,0.0761878544554783,ez_10y_yield
2019-05-02,0.0593398053985803,ez_10y_yield
2019-05-03,0.0651605071425143,ez_10y_yield
2019-05-06,0.0617863578319615,ez_10y_yield
2019-05-07,0.0193468238560781,ez_10y_yield
2019-05-08,0.0019885055598809,ez_10y_yield
2019-05-09,-0.0053698785817859,ez_10y_yield
2019-05-10,0.0210306412591094,ez_10y_yield
2019-05-13,-0.0012420114929847,ez_10y_yield
2019-05-14,-0.0172238039155092,ez_10y_yield
2019-05-15,-0.053947157757741,ez_10y_yield
2019-05-16,-0.0280312101331166,ez_10y_yield
2019-05-17,-0.0446204000615271,ez_10y_yield
2019-05-20,-0.0279463745283292,ez_10y_yield
2019-05-21,-0.0110129223581578,ez_10y_yield
2019-05-22,-0.0156953901877687,ez_10y_yield
2019-05-23,-0.050595377300898,ez_10y_yield
2019-05-24,-0.0461320958908424,ez_10y_yield
2019-05-27,-0.0727535517885158,ez_10y_yield
2019-05-28,-0.0850865484653629,ez_10y_yield
2019-05-29,-0.1100936805507961,ez_10y_yield
2019-05-30,-0.0986345652019768,ez_10y_yield
2019-05-31,-0.1317339566911721,ez_10y_yield
2019-06-03,-0.1439480990346955,ez_10y_yield
2019-06-04,-0.1462880655729286,ez_10y_yield
2019-06-05,-0.1671417480833614,ez_10y_yield
2019-06-06,-0.1668102519763499,ez_10y_yield
2019-06-07,-0.2058512388002991,ez_10y_yield
2019-06-10,-0.1615216772769203,ez_10y_yield
2019-06-11,-0.1732442800768798,ez_10y_yield
2019-06-12,-0.1754792559113274,ez_10y_yield
2019-06-13,-0.184136216280125,ez_10y_yield
2019-06-14,-0.192624006520115,ez_10y_yield
2019-06-17,-0.1801843625105217,ez_10y_yield
2019-06-18,-0.2541286667618458,ez_10y_yield
2019-06-19,-0.2283185907642408,ez_10y_yield
2019-06-20,-0.2589806351735197,ez_10y_yield
2019-06-21,-0.220985780612763,ez_10y_yield
2019-06-24,-0.236256178446395,ez_10y_yield
2019-06-25,-0.2668973850955889,ez_10y_yield
2019-06-26,-0.2551530776744495,ez_10y_yield
2019-06-27,-0.2476540647390281,ez_10y_yield
2019-06-28,-0.2588942841047439,ez_10y_yield
2019-07-01,-0.2822507044178106,ez_10y_yield
2019-07-02,-0.295684715854378,ez_10y_yield
2019-07-03,-0.3233026522007147,ez_10y_yield
2019-07-04,-0.3386541676528445,ez_10y_yield
2019-07-05,-0.2811771411426611,ez_10y_yield
2019-07-08,-0.3185665538172992,ez_10y_yield
2019-07-09,-0.2828982478013682,ez_10y_yield
2019-07-10,-0.2322518805097879,ez_10y_yield
2019-07-11,-0.2050963058150006,ez_10y_yield
2019-07-12,-0.1802300406916455,ez_10y_yield
2019-07-15,-0.2239930439373068,ez_10y_yield
2019-07-16,-0.2301979167969126,ez_10y_yield
2019-07-17,-0.2663176698717433,ez_10y_yield
2019-07-18,-0.2732295241437557,ez_10y_yield
2019-07-19,-0.2942121540578526,ez_10y_yield
2019-07-22,-0.308391021670733,ez_10y_yield
2019-07-23,-0.3188229363477268,ez_10y_yield
2019-07-24,-0.3556120516892473,ez_10y_yield
2019-07-25,-0.3128483573934599,ez_10y_yield
2019-07-26,-0.3435090809685244,ez_10y_yield
2019-07-29,-0.3699780393391343,ez_10y_yield
2019-07-30,-0.3727334858910356,ez_10y_yield
2019-07-31,-0.3904594031654613,ez_10y_yield
2019-08-01,-0.418788529351183,ez_10y_yield
2019-08-02,-0.4522644373659639,ez_10y_yield
2019-08-05,-0.4904111160493314,ez_10y_yield
2019-08-06,-0.5044519797708062,ez_10y_yield
2019-08-07,-0.5782931035842056,ez_10y_yield
2019-08-08,-0.5273443492965746,ez_10y_yield
2019-08-09,-0.5389426225725074,ez_10y_yield
2019-08-12,-0.55705653084746,ez_10y_yield
2019-08-13,-0.566503042976227,ez_10y_yield
2019-08-14,-0.6154969419987606,ez_10y_yield
2019-08-15,-0.6560361272580888,ez_10y_yield
2019-08-16,-0.6694386680997124,ez_10y_yield
2019-08-19,-0.6035549201196875,ez_10y_yield
2019-08-20,-0.6591605838044821,ez_10y_yield
2019-08-21,-0.6324653342967186,ez_10y_yield
2019-08-22,-0.6009931155429968,ez_10y_yield
2019-08-23,-0.6068446041662208,ez_10y_yield
2019-08-26,-0.6197477039190202,ez_10y_yield
2019-08-27,-0.6423986973704445,ez_10y_yield
2019-08-28,-0.6803128383431969,ez_10y_yield
2019-08-29,-0.6567194182117428,ez_10y_yield
2019-08-30,-0.6526805405710738,ez_10y_yield
2019-09-02,-0.6459338318807459,ez_10y_yield
2019-09-03,-0.6558821046502317,ez_10y_yield
2019-09-04,-0.6093422921739715,ez_10y_yield
2019-09-05,-0.5401369927529736,ez_10y_yield
2019-09-06,-0.587504400343394,ez_10y_yield
2019-09-09,-0.5297917094533093,ez_10y_yield
2019-09-10,-0.5259884867446023,ez_10y_yield
2019-09-11,-0.5217154825725316,ez_10y_yield
2019-09-12,-0.5264382987596723,ez_10y_yield
2019-09-13,-0.4428530465877127,ez_10y_yield
2019-09-16,-0.4300552577409258,ez_10y_yield
2019-09-17,-0.4355409695901002,ez_10y_yield
2019-09-18,-0.4555477016382112,ez_10y_yield
2019-09-19,-0.4564759425948046,ez_10y_yield
2019-09-20,-0.4734546186223682,ez_10y_yield
2019-09-23,-0.539055426277939,ez_10y_yield
2019-09-24,-0.5412999510699241,ez_10y_yield
2019-09-25,-0.5625564984968463,ez_10y_yield
2019-09-26,-0.5330093327805128,ez_10y_yield
2019-09-27,-0.540628427520967,ez_10y_yield
2019-09-30,-0.5210200593301089,ez_10y_yield
2019-10-01,-0.4911456205732021,ez_10y_yield
2019-10-02,-0.4890583508045334,ez_10y_yield
2019-10-03,-0.545025068308433,ez_10y_yield
2019-10-04,-0.5395014143504913,ez_10y_yield
2019-10-07,-0.5358568620820776,ez_10y_yield
2019-10-08,-0.5463180468511566,ez_10y_yield
2019-10-09,-0.5196653222910337,ez_10y_yield
2019-10-10,-0.4355530911837086,ez_10y_yield
2019-10-11,-0.404815146088354,ez_10y_yield
2019-10-14,-0.4109760015739629,ez_10y_yield
2019-10-15,-0.4199959140833309,ez_10y_yield
2019-10-16,-0.3406904201441074,ez_10y_yield
2019-10-17,-0.3533183535963942,ez_10y_yield
2019-10-18,-0.3320884254293594,ez_10y_yield
2019-10-21,-0.2977929654352937,ez_10y_yield
2019-10-22,-0.3260065424401097,ez_10y_yield
2019-10-23,-0.3528551036786362,ez_10y_yield
2019-10-24,-0.354018210845731,ez_10y_yield
2019-10-25,-0.3282783360588817,ez_10y_yield
2019-10-28,-0.2807901987884289,ez_10y_yield
2019-10-29,-0.3011600967122811,ez_10y_yield
2019-10-30,-0.3108008455914759,ez_10y_yield
2019-10-31,-0.3645588719895603,ez_10y_yield
2019-11-01,-0.3441161750711101,ez_10y_yield
2019-11-04,-0.3021454461068025,ez_10y_yield
2019-11-05,-0.2710676566086931,ez_10y_yield
2019-11-06,-0.2787346063823466,ez_10y_yield
2019-11-07,-0.2201532546105151,ez_10y_yield
2019-11-08,-0.2103714368814579,ez_10y_yield
2019-11-11,-0.2123400482789588,ez_10y_yield
2019-11-12,-0.1979308834242665,ez_10y_yield
2019-11-13,-0.2515448649363168,ez_10y_yield
2019-11-14,-0.2868179394782228,ez_10y_yield
2019-11-15,-0.2871831969159881,ez_10y_yield
2019-11-18,-0.2900271193479522,ez_10y_yield
2019-11-19,-0.2841604354693521,ez_10y_yield
2019-11-20,-0.3109123343617468,ez_10y_yield
2019-11-21,-0.272655670494704,ez_10y_yield
2019-11-22,-0.2973916357957993,ez_10y_yield
2019-11-25,-0.3061156040067034,ez_10y_yield
2019-11-26,-0.3272787648525148,ez_10y_yield
2019-11-27,-0.3124069590627201,ez_10y_yield
2019-11-28,-0.3103829971593468,ez_10y_yield
2019-11-29,-0.2973038143639779,ez_10y_yield
2019-12-02,-0.2256774051360315,ez_10y_yield
2019-12-03,-0.2736879642698002,ez_10y_yield
2019-12-04,-0.2799956118351088,ez_10y_yield
2019-12-05,-0.22895993687438,ez_10y_yield
2019-12-06,-0.2352510049178291,ez_10y_yield
2019-12-09,-0.2490349363125705,ez_10y_yield
2019-12-10,-0.2320126396514843,ez_10y_yield
2019-12-11,-0.250099353815663,ez_10y_yield
2019-12-12,-0.23276364955082,ez_10y_yield
2019-12-13,-0.209293288334734,ez_10y_yield
2019-12-16,-0.2336635567080494,ez_10y_yield
2019-12-17,-0.2264504818646728,ez_10y_yield
2019-12-18,-0.1954644282915549,ez_10y_yield
2019-12-19,-0.1588309274253023,ez_10y_yield
2019-12-20,-0.1754136474164531,ez_10y_yield
2019-12-23,-0.1836878146458915,ez_10y_yield
2019-12-27,-0.1911062849224456,ez_10y_yield
2019-12-30,-0.1416139923580766,ez_10y_yield
2020-01-02,-0.1739952290506492,ez_10y_yield
2020-01-03,-0.2229262874035447,ez_10y_yield
2020-01-06,-0.2474256713180889,ez_10y_yield
2020-01-07,-0.2321297946632867,ez_10y_yield
2020-01-08,-0.2045804381697511,ez_10y_yield
2020-01-09,-0.1704795188835031,ez_10y_yield
2020-01-10,-0.1716351285092181,ez_10y_yield
2020-01-13,-0.1406716470596256,ez_10y_yield
2020-01-14,-0.1581516795862603,ez_10y_yield
2020-01-15,-0.1844169430166284,ez_10y_yield
2020-01-16,-0.1952813726951796,ez_10y_yield
2020-01-17,-0.1876597776975583,ez_10y_yield
2020-01-20,-0.1961084729175675,ez_10y_yield
2020-01-21,-0.2024295210555888,ez_10y_yield
2020-01-22,-0.2413260651055151,ez_10y_yield
2020-01-23,-0.274775830234081,ez_10y_yield
2020-01-24,-0.2890709559875732,ez_10y_yield
2020-01-27,-0.3474035493063248,ez_10y_yield
2020-01-28,-0.3346603235730501,ez_10y_yield
2020-01-29,-0.3448154271763561,ez_10y_yield
2020-01-30,-0.3635179596217428,ez_10y_yield
2020-01-31,-0.3982077398358039,ez_10y_yield
2020-02-03,-0.402813896006994,ez_10y_yield
2020-02-04,-0.355814043587328,ez_10y_yield
2020-02-05,-0.3251897667994936,ez_10y_yield
2020-02-06,-0.3121010087922475,ez_10y_yield
2020-02-07,-0.3566917083887873,ez_10y_yield
2020-02-10,-0.3609515216190782,ez_10y_yield
2020-02-11,-0.3585664011272444,ez_10y_yield
2020-02-12,-0.3428180050697578,ez_10y_yield
2020-02-13,-0.348096359725043,ez_10y_yield
2020-02-14,-0.3705077224328503,ez_10y_yield
2020-02-17,-0.3642674431213324,ez_10y_yield
2020-02-18,-0.3628297946670535,ez_10y_yield
2020-02-19,-0.3712332951487851,ez_10y_yield
2020-02-20,-0.3924990118510174,ez_10y_yield
2020-02-21,-0.4108924274161136,ez_10y_yield
2020-02-24,-0.4397553021274061,ez_10y_yield
2020-02-25,-0.4545266652956194,ez_10y_yield
2020-02-26,-0.4496438968959015,ez_10y_yield
2020-02-27,-0.5029516978646975,ez_10y_yield
2020-02-28,-0.5719619376432523,ez_10y_yield
2020-03-02,-0.5880763725897622,ez_10y_yield
2020-03-03,-0.5560707424315745,ez_10y_yield
2020-03-04,-0.5861897239546017,ez_10y_yield
2020-03-05,-0.6207002835710718,ez_10y_yield
2020-03-06,-0.6907591114368969,ez_10y_yield
2020-03-09,-0.8152153483803315,ez_10y_yield
2020-03-10,-0.739890248508448,ez_10y_yield
2020-03-11,-0.7025231014419004,ez_10y_yield
2020-03-12,-0.6823884534583988,ez_10y_yield
2020-03-13,-0.4964854710742976,ez_10y_yield
2020-03-16,-0.3928589740459123,ez_10y_yield
2020-03-17,-0.3574957916003418,ez_10y_yield
2020-03-18,-0.1780639156936012,ez_10y_yield
2020-03-19,-0.1069264996597154,ez_10y_yield
2020-03-20,-0.2482208155816199,ez_10y_yield
2020-03-23,-0.291235780141823,ez_10y_yield
2020-03-24,-0.2663578457315503,ez_10y_yield
2020-03-25,-0.2383652373274745,ez_10y_yield
2020-03-26,-0.2686452399296861,ez_10y_yield
2020-03-27,-0.3952602898250528,ez_10y_yield
2020-03-30,-0.4505475844329756,ez_10y_yield
2020-03-31,-0.4142217275658404,ez_10y_yield
2020-04-01,-0.3792923258915759,ez_10y_yield
2020-04-02,-0.3618051034749845,ez_10y_yield
2020-04-03,-0.3678165416972803,ez_10y_yield
2020-04-06,-0.3326687054384121,ez_10y_yield
2020-04-07,-0.2487718486590724,ez_10y_yield
2020-04-08,-0.2190768577083477,ez_10y_yield
2020-04-09,-0.2522837548004877,ez_10y_yield
2020-04-14,-0.2988593947948299,ez_10y_yield
2020-04-15,-0.3758689460178548,ez_10y_yield
2020-04-16,-0.3737586621562259,ez_10y_yield
2020-04-17,-0.3707949403650108,ez_10y_yield
2020-04-20,-0.3468469364480637,ez_10y_yield
2020-04-21,-0.3702438109681485,ez_10y_yield
2020-04-22,-0.3333140192188724,ez_10y_yield
2020-04-23,-0.3358285909046601,ez_10y_yield
2020-04-24,-0.3625937456042409,ez_10y_yield
2020-04-27,-0.3555674087408658,ez_10y_yield
2020-04-28,-0.3724736202926442,ez_10y_yield
2020-04-29,-0.4120554793862694,ez_10y_yield
2020-04-30,-0.4577088658789732,ez_10y_yield
2020-05-04,-0.4445438869151521,ez_10y_yield
2020-05-05,-0.4497137463667042,ez_10y_yield
2020-05-06,-0.4175174965383055,ez_10y_yield
2020-05-07,-0.4149614266412413,ez_10y_yield
2020-05-08,-0.4204737893138675,ez_10y_yield
2020-05-11,-0.4075834627421506,ez_10y_yield
2020-05-12,-0.3875111130354143,ez_10y_yield
2020-05-13,-0.4225872451115355,ez_10y_yield
2020-05-14,-0.4477477072921043,ez_10y_yield
2020-05-15,-0.458467797394662,ez_10y_yield
2020-05-18,-0.4167596324400104,ez_10y_yield
2020-05-19,-0.3754843147794826,ez_10y_yield
2020-05-20,-0.4019455041177679,ez_10y_yield
2020-05-21,-0.4103757780394184,ez_10y_yield
2020-05-22,-0.3991108371600362,ez_10y_yield
2020-05-25,-0.4033485531642906,ez_10y_yield
2020-05-26,-0.3475946422598603,ez_10y_yield
2020-05-27,-0.330152516124806,ez_10y_yield
2020-05-28,-0.3403945214275654,ez_10y_yield
2020-05-29,-0.3592212288998233,ez_10y_yield
2020-06-01,-0.3183326909071988,ez_10y_yield
2020-06-02,-0.3308349151691883,ez_10y_yield
2020-06-03,-0.2873537356547566,ez_10y_yield
2020-06-04,-0.2466432367094002,ez_10y_yield
2020-06-05,-0.2011248622454076,ez_10y_yield
2020-06-08,-0.2399232584266961,ez_10y_yield
2020-06-09,-0.2569465607478602,ez_10y_yield
2020-06-10,-0.2582867477598141,ez_10y_yield
2020-06-11,-0.3402277341546318,ez_10y_yield
2020-06-12,-0.3550624816158323,ez_10y_yield
2020-06-15,-0.3745102924390311,ez_10y_yield
2020-06-16,-0.3498574643246215,ez_10y_yield
2020-06-17,-0.3633493844474578,ez_10y_yield
2020-06-18,-0.3801660799551247,ez_10y_yield
2020-06-19,-0.3873921899015462,ez_10y_yield
2020-06-22,-0.423582335223907,ez_10y_yield
2020-06-23,-0.3854677716831549,ez_10y_yield
2020-06-24,-0.3785676032424985,ez_10y_yield
2020-06-25,-0.4317089595925036,ez_10y_yield
2020-06-26,-0.4303633793999046,ez_10y_yield
2020-06-29,-0.4206285712497437,ez_10y_yield
2020-06-30,-0.4511601140782186,ez_10y_yield
2020-07-01,-0.3646722682488486,ez_10y_yield
2020-07-02,-0.3868078043952838,ez_10y_yield
2020-07-03,-0.4010754066396234,ez_10y_yield
2020-07-06,-0.3927475129734308,ez_10y_yield
2020-07-07,-0.3961275728936626,ez_10y_yield
2020-07-08,-0.4046544079135743,ez_10y_yield
2020-07-09,-0.4229079331193075,ez_10y_yield
2020-07-10,-0.4523359643399973,ez_10y_yield
2020-07-13,-0.3887019794626258,ez_10y_yield
2020-07-14,-0.4133933435176868,ez_10y_yield
2020-07-15,-0.3935838896794204,ez_10y_yield
2020-07-16,-0.4334242541405415,ez_10y_yield
2020-07-17,-0.4280650570372879,ez_10y_yield
2020-07-20,-0.4451441100187625,ez_10y_yield
2020-07-21,-0.4292295495792557,ez_10y_yield
2020-07-22,-0.4651311290657629,ez_10y_yield
2020-07-23,-0.4566251008242981,ez_10y_yield
2020-07-24,-0.4252819763955449,ez_10y_yield
2020-07-27,-0.4598172096411765,ez_10y_yield
2020-07-28,-0.4746202109197215,ez_10y_yield
2020-07-29,-0.47856820944452,ez_10y_yield
2020-07-30,-0.5257299860719304,ez_10y_yield
2020-07-31,-0.4934549928365368,ez_10y_yield
2020-08-03,-0.4791267995860484,ez_10y_yield
2020-08-04,-0.5326657581051517,ez_10y_yield
2020-08-05,-0.4832810799663196,ez_10y_yield
2020-08-06,-0.5196281607510835,ez_10y_yield
2020-08-07,-0.5072362463236098,ez_10y_yield
2020-08-10,-0.506526845811818,ez_10y_yield
2020-08-11,-0.4526879580656406,ez_10y_yield
2020-08-12,-0.4356647015693595,ez_10y_yield
2020-08-13,-0.3905306668893553,ez_10y_yield
2020-08-14,-0.3951394980824689,ez_10y_yield
2020-08-17,-0.4020355617151439,ez_10y_yield
2020-08-18,-0.4228381425945806,ez_10y_yield
2020-08-19,-0.446293914661847,ez_10y_yield
2020-08-20,-0.4859040806562595,ez_10y_yield
2020-08-21,-0.4764155970889594,ez_10y_yield
2020-08-24,-0.4782246599806603,ez_10y_yield
2020-08-25,-0.4121498534423615,ez_10y_yield
2020-08-26,-0.3908726618361373,ez_10y_yield
2020-08-27,-0.3701596542759735,ez_10y_yield
2020-08-28,-0.3902054514547712,ez_10y_yield
2020-08-31,-0.370767370836389,ez_10y_yield
2020-09-01,-0.3739073245545876,ez_10y_yield
2020-09-02,-0.4270503651526427,ez_10y_yield
2020-09-03,-0.4603707417079281,ez_10y_yield
2020-09-04,-0.4426237235498256,ez_10y_yield
2020-09-07,-0.434112557509938,ez_10y_yield
2020-09-08,-0.465297322710458,ez_10y_yield
2020-09-09,-0.435738335770917,ez_10y_yield
2020-09-10,-0.4085939394935156,ez_10y_yield
2020-09-11,-0.4355379983121357,ez_10y_yield
2020-09-14,-0.4638550524276317,ez_10y_yield
2020-09-15,-0.4530035279044373,ez_10y_yield
2020-09-16,-0.4628874293599914,ez_10y_yield
2020-09-17,-0.4735761258310185,ez_10y_yield
2020-09-18,-0.4729647916791992,ez_10y_yield
2020-09-21,-0.5014623559690459,ez_10y_yield
2020-09-22,-0.4839613130422657,ez_10y_yield
2020-09-23,-0.4806940500421865,ez_10y_yield
2020-09-24,-0.4881484814058701,ez_10y_yield
2020-09-25,-0.4963290679447016,ez_10y_yield
2020-09-28,-0.5001584492716393,ez_10y_yield
2020-09-29,-0.5014359738487459,ez_10y_yield
2020-09-30,-0.4953658691276756,ez_10y_yield
2020-10-01,-0.4853429582467181,ez_10y_yield
2020-10-02,-0.5066794592273816,ez_10y_yield
2020-10-05,-0.4874808719694501,ez_10y_yield
2020-10-06,-0.4921696647913767,ez_10y_yield
2020-10-07,-0.4664222176752703,ez_10y_yield
2020-10-08,-0.4911001528521677,ez_10y_yield
2020-10-09,-0.5156040123577754,ez_10y_yield
2020-10-12,-0.5197315661591118,ez_10y_yield
2020-10-13,-0.5301042033197376,ez_10y_yield
2020-10-14,-0.5539630430253792,ez_10y_yield
2020-10-15,-0.5935013527583859,ez_10y_yield
2020-10-16,-0.5929924224393228,ez_10y_yield
2020-10-19,-0.5837748201340967,ez_10y_yield
2020-10-20,-0.5828554477846564,ez_10y_yield
2020-10-21,-0.5619477989644484,ez_10y_yield
2020-10-22,-0.5493628922720837,ez_10y_yield
2020-10-23,-0.5347056709079472,ez_10y_yield
2020-10-26,-0.5440869293022681,ez_10y_yield
2020-10-27,-0.5840760697426433,ez_10y_yield
2020-10-28,-0.602136529408114,ez_10y_yield
2020-10-29,-0.6030597807678006,ez_10y_yield
2020-10-30,-0.6034864733654897,ez_10y_yield
2020-11-02,-0.6056602920696017,ez_10y_yield
2020-11-03,-0.5981530487713091,ez_10y_yield
2020-11-04,-0.61858764979943,ez_10y_yield
2020-11-05,-0.5994041413612963,ez_10y_yield
2020-11-06,-0.5879951845192029,ez_10y_yield
2020-11-09,-0.505353235919721,ez_10y_yield
2020-11-10,-0.4562919175746351,ez_10y_yield
2020-11-11,-0.4876685275821124,ez_10y_yield
2020-11-12,-0.5074823235409291,ez_10y_yield
2020-11-13,-0.5289951490019491,ez_10y_yield
2020-11-16,-0.5307732834270471,ez_10y_yield
2020-11-17,-0.54408000060462,ez_10y_yield
2020-11-18,-0.5391208655469248,ez_10y_yield
2020-11-19,-0.5533823081298608,ez_10y_yield
2020-11-20,-0.5649592981213831,ez_10y_yield
2020-11-23,-0.555630375166674,ez_10y_yield
2020-11-24,-0.5564149473553304,ez_10y_yield
2020-11-25,-0.5487161480566476,ez_10y_yield
2020-11-26,-0.5578160547899262,ez_10y_yield
2020-11-27,-0.5575061289094765,ez_10y_yield
2020-11-30,-0.5496842544259004,ez_10y_yield
2020-12-01,-0.5156576019209256,ez_10y_yield
2020-12-02,-0.489175404356875,ez_10y_yield
2020-12-03,-0.5285281364203134,ez_10y_yield
2020-12-04,-0.5296154079176629,ez_10y_yield
2020-12-07,-0.5613015189065695,ez_10y_yield
2020-12-08,-0.5884381042211411,ez_10y_yield
2020-12-09,-0.580264468743704,ez_10y_yield
2020-12-10,-0.5835258649396518,ez_10y_yield
2020-12-11,-0.6148095761806123,ez_10y_yield
2020-12-14,-0.5929995565695565,ez_10y_yield
2020-12-15,-0.599475694303583,ez_10y_yield
2020-12-16,-0.5456016619925665,ez_10y_yield
2020-12-17,-0.5701908146163914,ez_10y_yield
2020-12-18,-0.5621708132151224,ez_10y_yield
2020-12-21,-0.5758626630457333,ez_10y_yield
2020-12-22,-0.5736288136004735,ez_10y_yield
2020-12-23,-0.5324507486301204,ez_10y_yield
2020-12-28,-0.5391871813213847,ez_10y_yield
2020-12-29,-0.5599709461497477,ez_10y_yield
2020-12-30,-0.5700079921508663,ez_10y_yield
2021-01-04,-0.5720845536627377,ez_10y_yield
2021-01-05,-0.5750587859195333,ez_10y_yield
2021-01-06,-0.5401835256757694,ez_10y_yield
2021-01-07,-0.5427611275747775,ez_10y_yield
2021-01-08,-0.5446041356699363,ez_10y_yield
2021-01-11,-0.5154055823530368,ez_10y_yield
2021-01-12,-0.4912255062157467,ez_10y_yield
2021-01-13,-0.5260978206321765,ez_10y_yield
2021-01-14,-0.5633570715649387,ez_10y_yield
2021-01-15,-0.5439206382358588,ez_10y_yield
2021-01-18,-0.5311800653228023,ez_10y_yield
2021-01-19,-0.5188665579280682,ez_10y_yield
2021-01-20,-0.5357603655685685,ez_10y_yield
2021-01-21,-0.5006893786269213,ez_10y_yield
2021-01-22,-0.5150580152261877,ez_10y_yield
2021-01-25,-0.5515737942774792,ez_10y_yield
2021-01-26,-0.5405202820206063,ez_10y_yield
2021-01-27,-0.5571614336958302,ez_10y_yield
2021-01-28,-0.5417382582390453,ez_10y_yield
2021-01-29,-0.5122549639975529,ez_10y_yield
2021-02-01,-0.5112039222516493,ez_10y_yield
2021-02-02,-0.4850892939455988,ez_10y_yield
2021-02-03,-0.4657032906223932,ez_10y_yield
2021-02-04,-0.4489231951343231,ez_10y_yield
2021-02-05,-0.4547085137008468,ez_10y_yield
2021-02-08,-0.4200757725602799,ez_10y_yield
2021-02-09,-0.4418373891854568,ez_10y_yield
2021-02-10,-0.4487913236034777,ez_10y_yield
2021-02-11,-0.4552401585888952,ez_10y_yield
2021-02-12,-0.4164291824373607,ez_10y_yield
2021-02-15,-0.3746499994025516,ez_10y_yield
2021-02-16,-0.347939084671101,ez_10y_yield
2021-02-17,-0.3500528991027543,ez_10y_yield
2021-02-18,-0.3157659870889575,ez_10y_yield
2021-02-19,-0.30145744243389,ez_10y_yield
2021-02-22,-0.3286702407023867,ez_10y_yield
2021-02-23,-0.2818750701774855,ez_10y_yield
2021-02-24,-0.259786731388874,ez_10y_yield
2021-02-25,-0.2274242966420905,ez_10y_yield
2021-02-26,-0.245739451145833,ez_10y_yield
2021-03-01,-0.3240427681702531,ez_10y_yield
2021-03-02,-0.3096255270250405,ez_10y_yield
2021-03-03,-0.2935971617921047,ez_10y_yield
2021-03-04,-0.3075997400211574,ez_10y_yield
2021-03-05,-0.2837801146948027,ez_10y_yield
2021-03-08,-0.2756398836959168,ez_10y_yield
2021-03-09,-0.3041652415924818,ez_10y_yield
2021-03-10,-0.2999154739166711,ez_10y_yield
2021-03-11,-0.3243995080552486,ez_10y_yield
2021-03-12,-0.2821945038687952,ez_10y_yield
2021-03-15,-0.2952824407731191,ez_10y_yield
2021-03-16,-0.3259504672604203,ez_10y_yield
2021-03-17,-0.2813992086110062,ez_10y_yield
2021-03-18,-0.2464714097826905,ez_10y_yield
2021-03-19,-0.274255956373123,ez_10y_yield
2021-03-22,-0.2889048975093273,ez_10y_yield
2021-03-23,-0.3228741001659418,ez_10y_yield
2021-03-24,-0.327322229208165,ez_10y_yield
2021-03-25,-0.3596305455753072,ez_10y_yield
2021-03-26,-0.3309516068470874,ez_10y_yield
2021-03-29,-0.3090660643083174,ez_10y_yield
2021-03-30,-0.2595793377934994,ez_10y_yield
2021-03-31,-0.2786500209590494,ez_10y_yield
2021-04-01,-0.304830860730731,ez_10y_yield
2021-04-06,-0.2905626908834082,ez_10y_yield
2021-04-07,-0.3004071885265231,ez_10y_yield
2021-04-08,-0.3278594890271371,ez_10y_yield
2021-04-09,-0.2692333662677901,ez_10y_yield
2021-04-12,-0.2715624054609455,ez_10y_yield
2021-04-13,-0.2734792585214007,ez_10y_yield
2021-04-14,-0.2594569265150683,ez_10y_yield
2021-04-15,-0.2516666822214679,ez_10y_yield
2021-04-16,-0.2312715827945521,ez_10y_yield
2021-04-19,-0.1973086178001786,ez_10y_yield
2021-04-20,-0.2166951278725046,ez_10y_yield
2021-04-21,-0.2530260730267422,ez_10y_yield
2021-04-22,-0.2507764738122979,ez_10y_yield
2021-04-23,-0.2350543082878093,ez_10y_yield
2021-04-26,-0.2399162680823052,ez_10y_yield
2021-04-27,-0.2251622682537033,ez_10y_yield
2021-04-28,-0.2086183250727122,ez_10y_yield
2021-04-29,-0.1578056425094582,ez_10y_yield
2021-04-30,-0.1799941287779782,ez_10y_yield
2021-05-03,-0.1766098041635775,ez_10y_yield
2021-05-04,-0.218911790366802,ez_10y_yield
2021-05-05,-0.2020700265078523,ez_10y_yield
2021-05-06,-0.1967065488030948,ez_10y_yield
2021-05-07,-0.1947493049831803,ez_10y_yield
2021-05-10,-0.1796768068229419,ez_10y_yield
2021-05-11,-0.1317421106752503,ez_10y_yield
2021-05-12,-0.0921718773059616,ez_10y_yield
2021-05-13,-0.0801736211905304,ez_10y_yield
2021-05-14,-0.0956475161210042,ez_10y_yield
2021-05-17,-0.0735833492945357,ez_10y_yield
2021-05-18,-0.0768701104046609,ez_10y_yield
2021-05-19,-0.0682340993103469,ez_10y_yield
2021-05-20,-0.0713681820800298,ez_10y_yield
2021-05-21,-0.1018040069948389,ez_10y_yield
2021-05-24,-0.095090965764903,ez_10y_yield
2021-05-25,-0.1366544228501514,ez_10y_yield
2021-05-26,-0.1784022275369441,ez_10y_yield
2021-05-27,-0.1471088765113632,ez_10y_yield
2021-05-28,-0.1542104755539854,ez_10y_yield
2021-05-31,-0.1464150531334933,ez_10y_yield
2021-06-01,-0.152207882527537,ez_10y_yield
2021-06-02,-0.1685155882174269,ez_10y_yield
2021-06-03,-0.1605521309399908,ez_10y_yield
2021-06-04,-0.186038947336363,ez_10y_yield
2021-06-07,-0.1587290153378706,ez_10y_yield
2021-06-08,-0.1936152276268932,ez_10y_yield
2021-06-09,-0.2328220282494673,ez_10y_yield
2021-06-10,-0.2120931083225241,ez_10y_yield
2021-06-11,-0.254478702000358,ez_10y_yield
2021-06-14,-0.2240491308840866,ez_10y_yield
2021-06-15,-0.2113851744595818,ez_10y_yield
2021-06-16,-0.2123028398520432,ez_10y_yield
2021-06-17,-0.1895070468576549,ez_10y_yield
2021-06-18,-0.2030317764716125,ez_10y_yield
2021-06-21,-0.1752134200073456,ez_10y_yield
2021-06-22,-0.164893215641801,ez_10y_yield
2021-06-23,-0.1876441178191243,ez_10y_yield
2021-06-24,-0.188387495310021,ez_10y_yield
2021-06-25,-0.1714548014961381,ez_10y_yield
2021-06-28,-0.1774516831439974,ez_10y_yield
2021-06-29,-0.1690695598072036,ez_10y_yield
2021-06-30,-0.2031675387389504,ez_10y_yield
2021-07-01,-0.2121342986198175,ez_10y_yield
2021-07-02,-0.2372602808236559,ez_10y_yield
2021-07-05,-0.2189623650178798,ez_10y_yield
2021-07-06,-0.2609668739699926,ez_10y_yield
2021-07-07,-0.3094893728906402,ez_10y_yield
2021-07-08,-0.326775213229264,ez_10y_yield
2021-07-09,-0.2979332082395802,ez_10y_yield
2021-07-12,-0.3045506305888543,ez_10y_yield
2021-07-13,-0.3192123160544624,ez_10y_yield
2021-07-14,-0.3173952816023466,ez_10y_yield
2021-07-15,-0.3408957325298134,ez_10y_yield
2021-07-16,-0.3514391981666995,ez_10y_yield
2021-07-19,-0.3902397494860259,ez_10y_yield
2021-07-20,-0.4276975557635456,ez_10y_yield
2021-07-21,-0.3994580561662491,ez_10y_yield
2021-07-22,-0.4057264040294415,ez_10y_yield
2021-07-23,-0.4160615667264871,ez_10y_yield
2021-07-26,-0.4045311768509201,ez_10y_yield
2021-07-27,-0.4374197824317836,ez_10y_yield
2021-07-28,-0.4315674030822589,ez_10y_yield
2021-07-29,-0.4321667808819338,ez_10y_yield
2021-07-30,-0.4398795835232656,ez_10y_yield
2021-08-02,-0.4598083151093917,ez_10y_yield
2021-08-03,-0.4872730617940939,ez_10y_yield
2021-08-04,-0.5053644737109648,ez_10y_yield
2021-08-05,-0.4993421945540826,ez_10y_yield
2021-08-06,-0.4550069157791023,ez_10y_yield
2021-08-09,-0.4664286456556445,ez_10y_yield
2021-08-10,-0.4707311852289608,ez_10y_yield
2021-08-11,-0.4503548848146632,ez_10y_yield
2021-08-12,-0.4468566124150461,ez_10y_yield
2021-08-13,-0.4561557952919934,ez_10y_yield
2021-08-16,-0.4836275825293423,ez_10y_yield
2021-08-17,-0.4663881331639778,ez_10y_yield
2021-08-18,-0.4751373568367092,ez_10y_yield
2021-08-19,-0.4794708850047562,ez_10y_yield
2021-08-20,-0.487141957176322,ez_10y_yield
2021-08-23,-0.4728179927363807,ez_10y_yield
2021-08-24,-0.4696654969399518,ez_10y_yield
2021-08-25,-0.4261519499252508,ez_10y_yield
2021-08-26,-0.3975559177676162,ez_10y_yield
2021-08-27,-0.3958660488537631,ez_10y_yield
2021-08-30,-0.4159234983665945,ez_10y_yield
2021-08-31,-0.3929337298819684,ez_10y_yield
2021-09-01,-0.3743433299795975,ez_10y_yield
2021-09-02,-0.3830230506841166,ez_10y_yield
2021-09-03,-0.3497512367705693,ez_10y_yield
2021-09-06,-0.3569961266879029,ez_10y_yield
2021-09-07,-0.3098359261518757,ez_10y_yield
2021-09-08,-0.3115153222495874,ez_10y_yield
2021-09-09,-0.3352154340992079,ez_10y_yield
2021-09-10,-0.3304344329611939,ez_10y_yield
2021-09-13,-0.3252545485232527,ez_10y_yield
2021-09-14,-0.3227407955621366,ez_10y_yield
2021-09-15,-0.3073480233518073,ez_10y_yield
2021-09-16,-0.2823180020789371,ez_10y_yield
2021-09-17,-0.265366005242782,ez_10y_yield
2021-09-20,-0.2994678228107301,ez_10y_yield
2021-09-21,-0.3206146192201182,ez_10y_yield
2021-09-22,-0.3066539306160498,ez_10y_yield
2021-09-23,-0.2565487685477845,ez_10y_yield
2021-09-24,-0.2036116638111065,ez_10y_yield
2021-09-27,-0.2045029008023746,ez_10y_yield
2021-09-28,-0.1637617087059744,ez_10y_yield
2021-09-29,-0.2087689159894039,ez_10y_yield
2021-09-30,-0.1701871538638641,ez_10y_yield
2021-10-01,-0.2142392632805152,ez_10y_yield
2021-10-04,-0.1845575526107032,ez_10y_yield
2021-10-05,-0.1792621748698217,ez_10y_yield
2021-10-06,-0.1688008601346844,ez_10y_yield
2021-10-07,-0.1650540570657654,ez_10y_yield
2021-10-08,-0.1356327653192748,ez_10y_yield
2021-10-11,-0.1006233342770381,ez_10y_yield
2021-10-12,-0.0842510424671507,ez_10y_yield
2021-10-13,-0.1149529435862857,ez_10y_yield
2021-10-14,-0.1609909942182619,ez_10y_yield
2021-10-15,-0.1423224307317738,ez_10y_yield
2021-10-18,-0.1270090897455178,ez_10y_yield
2021-10-19,-0.0828883924539019,ez_10y_yield
2021-10-20,-0.102191483664467,ez_10y_yield
2021-10-21,-0.0706682558355535,ez_10y_yield
2021-10-22,-0.076116591538621,ez_10y_yield
2021-10-25,-0.0957020196619637,ez_10y_yield
2021-10-26,-0.1095923418790429,ez_10y_yield
2021-10-27,-0.1625704790323481,ez_10y_yield
2021-10-28,-0.1406448758344813,ez_10y_yield
2021-10-29,-0.0692417043067128,ez_10y_yield
2021-11-01,-0.0856525564091286,ez_10y_yield
2021-11-02,-0.1477414929441622,ez_10y_yield
2021-11-03,-0.1497630475247087,ez_10y_yield
2021-11-04,-0.2147132439814543,ez_10y_yield
2021-11-05,-0.2654504996601829,ez_10y_yield
2021-11-08,-0.2509429367430997,ez_10y_yield
2021-11-09,-0.282661940461554,ez_10y_yield
2021-11-10,-0.2576195497328619,ez_10y_yield
2021-11-11,-0.216510950234285,ez_10y_yield
2021-11-12,-0.243283375531583,ez_10y_yield
2021-11-15,-0.2354397832576529,ez_10y_yield
2021-11-16,-0.2285029979055295,ez_10y_yield
2021-11-17,-0.2314999498417496,ez_10y_yield
2021-11-18,-0.2502216224050904,ez_10y_yield
2021-11-19,-0.3206252528302253,ez_10y_yield
2021-11-22,-0.3126982678988783,ez_10y_yield
2021-11-23,-0.2301393206691808,ez_10y_yield
2021-11-24,-0.2025087038772262,ez_10y_yield
2021-11-25,-0.2403029117318045,ez_10y_yield
2021-11-26,-0.3200984642959916,ez_10y_yield
2021-11-29,-0.2892161953499834,ez_10y_yield
2021-11-30,-0.3500497959956763,ez_10y_yield
2021-12-01,-0.3218840306119443,ez_10y_yield
2021-12-02,-0.3671109809449886,ez_10y_yield
2021-12-03,-0.3534597488388948,ez_10y_yield
2021-12-06,-0.3764084905704945,ez_10y_yield
2021-12-07,-0.3625682418994769,ez_10y_yield
2021-12-08,-0.3194987668384299,ez_10y_yield
2021-12-09,-0.3479578625429007,ez_10y_yield
2021-12-10,-0.3402177053393087,ez_10y_yield
2021-12-13,-0.3587044431052315,ez_10y_yield
2021-12-15,-0.343777875759176,ez_10y_yield
2021-12-16,-0.3319499373767507,ez_10y_yield
2021-12-17,-0.3604547244277594,ez_10y_yield
2021-12-20,-0.3516192954274015,ez_10y_yield
2021-12-21,-0.2984542757639228,ez_10y_yield
2021-12-22,-0.2737624510298655,ez_10y_yield
2021-12-23,-0.2402406394770486,ez_10y_yield
2021-12-24,-0.2401620199852878,ez_10y_yield
2021-12-27,-0.2335021606368932,ez_10y_yield
2021-12-28,-0.2313995748412405,ez_10y_yield
2021-12-29,-0.2001411477556085,ez_10y_yield
2021-12-30,-0.1881837312776673,ez_10y_yield
2021-12-31,-0.1884997053069739,ez_10y_yield
2022-01-03,-0.123137169399619,ez_10y_yield
2022-01-04,-0.1158978985177299,ez_10y_yield
2022-01-05,-0.1072667978168788,ez_10y_yield
2022-01-06,-0.0862795477340641,ez_10y_yield
2022-01-07,-0.0715950553254001,ez_10y_yield
2022-01-10,-0.0458051227585767,ez_10y_yield
2022-01-11,-0.0418130923476076,ez_10y_yield
2022-01-12,-0.0705607664618201,ez_10y_yield
2022-01-13,-0.0936670673989521,ez_10y_yield
2022-01-14,-0.0748330252616291,ez_10y_yield
2022-01-17,-0.0402910242629941,ez_10y_yield
2022-01-18,-0.0385408708116661,ez_10y_yield
2022-01-19,-0.0122407711805405,ez_10y_yield
2022-01-20,-0.0415055667788291,ez_10y_yield
2022-01-21,-0.0795248189290624,ez_10y_yield
2022-01-24,-0.1020203270679886,ez_10y_yield
2022-01-25,-0.0931339547092817,ez_10y_yield
2022-01-26,-0.066074806943118,ez_10y_yield
2022-01-27,-0.0527107771150991,ez_10y_yield
2022-01-28,-0.0329721800991174,ez_10y_yield
2022-01-31,0.027558640324989,ez_10y_yield
2022-02-01,0.0425028285091722,ez_10y_yield
2022-02-02,0.0542394865291484,ez_10y_yield
2022-02-03,0.1346257748132939,ez_10y_yield
2022-02-04,0.1954798665811996,ez_10y_yield
2022-02-07,0.2450817197152626,ez_10y_yield
2022-02-08,0.2885859698683437,ez_10y_yield
2022-02-09,0.2503207994595224,ez_10y_yield
2022-02-10,0.2816895160224535,ez_10y_yield
2022-02-11,0.2856751283727308,ez_10y_yield
2022-02-14,0.2770706769054443,ez_10y_yield
2022-02-15,0.3478562426446649,ez_10y_yield
2022-02-16,0.308208290399772,ez_10y_yield
2022-02-17,0.279857742718842,ez_10y_yield
2022-02-18,0.2494797631292551,ez_10y_yield
2022-02-21,0.2382614998782164,ez_10y_yield
2022-02-22,0.3135429182653817,ez_10y_yield
2022-02-23,0.2986959648035088,ez_10y_yield
2022-02-24,0.2108888911402096,ez_10y_yield
2022-02-25,0.264368946096611,ez_10y_yield
2022-02-28,0.2151889622433027,ez_10y_yield
2022-03-01,0.0326728767741553,ez_10y_yield
2022-03-02,0.0313788001919355,ez_10y_yield
2022-03-03,0.0986786501245822,ez_10y_yield
2022-03-04,-0.0279538172095263,ez_10y_yield
2022-03-07,0.0257350005660987,ez_10y_yield
2022-03-08,0.1554406073608363,ez_10y_yield
2022-03-09,0.2448119681135079,ez_10y_yield
2022-03-10,0.2864708298911778,ez_10y_yield
2022-03-11,0.3092364878513935,ez_10y_yield
2022-03-14,0.3766467897877497,ez_10y_yield
2022-03-15,0.3734059982155764,ez_10y_yield
2022-03-16,0.414851277457978,ez_10y_yield
2022-03-17,0.4171477004904327,ez_10y_yield
2022-03-18,0.3987490696338296,ez_10y_yield
2022-03-21,0.4700392128342219,ez_10y_yield
2022-03-22,0.5377128375407272,ez_10y_yield
2022-03-23,0.5160196143824851,ez_10y_yield
2022-03-24,0.5412645673782679,ez_10y_yield
2022-03-25,0.5955267941147533,ez_10y_yield
2022-03-28,0.5971230811923866,ez_10y_yield
2022-03-29,0.6266184869236298,ez_10y_yield
2022-03-30,0.7262616727631478,ez_10y_yield
2022-03-31,0.6178605132498334,ez_10y_yield
2022-04-01,0.6376400881998646,ez_10y_yield
2022-04-04,0.5638212015520495,ez_10y_yield
2022-04-05,0.6327003093497094,ez_10y_yield
2022-04-06,0.7140711588298412,ez_10y_yield
2022-04-07,0.7409598334456973,ez_10y_yield
2022-04-08,0.7424052427419571,ez_10y_yield
2022-04-11,0.8500642543302709,ez_10y_yield
2022-04-12,0.8294428533612078,ez_10y_yield
2022-04-13,0.8205670789444384,ez_10y_yield
2022-04-14,0.8707334274214256,ez_10y_yield
2022-04-19,0.9807274043125882,ez_10y_yield
2022-04-20,0.8896841718001853,ez_10y_yield
2022-04-21,0.9212113466391624,ez_10y_yield
2022-04-22,0.9770826093159876,ez_10y_yield
2022-04-25,0.8994141718209822,ez_10y_yield
2022-04-26,0.869412766148078,ez_10y_yield
2022-04-27,0.8505607052257548,ez_10y_yield
2022-04-28,0.9421926942053708,ez_10y_yield
2022-04-29,0.9394447549795604,ez_10y_yield
2022-05-02,1.0119890024793636,ez_10y_yield
2022-05-03,0.955000121447678,ez_10y_yield
2022-05-04,1.032893597061021,ez_10y_yield
2022-05-05,1.0355991505275892,ez_10y_yield
2022-05-06,1.1278758557890278,ez_10y_yield
2022-05-09,1.1537167684881773,ez_10y_yield
2022-05-10,1.0557905071782294,ez_10y_yield
2022-05-11,1.0796898595157955,ez_10y_yield
2022-05-12,0.932497559340668,ez_10y_yield
2022-05-13,0.997992660776576,ez_10y_yield
2022-05-16,1.0020727330936592,ez_10y_yield
2022-05-17,1.0901069751904715,ez_10y_yield
2022-05-18,1.0871904846650078,ez_10y_yield
2022-05-19,0.989518819453654,ez_10y_yield
2022-05-20,1.0349083261877432,ez_10y_yield
2022-05-23,1.0471122875579322,ez_10y_yield
2022-05-24,1.072537745028726,ez_10y_yield
2022-05-25,1.0414462283883692,ez_10y_yield
2022-05-26,1.0749233990747251,ez_10y_yield
2022-05-27,1.0513767180138625,ez_10y_yield
2022-05-30,1.1630238702072169,ez_10y_yield
2022-05-31,1.2196374068344555,ez_10y_yield
2022-06-01,1.231256919382106,ez_10y_yield
2022-06-02,1.322099127248351,ez_10y_yield
2022-06-03,1.3546440778384157,ez_10y_yield
2022-06-06,1.38155388687104,ez_10y_yield
2022-06-07,1.3720566981310682,ez_10y_yield
2022-06-08,1.434579426650601,ez_10y_yield
2022-06-09,1.4881532478251698,ez_10y_yield
2022-06-10,1.5283740791613951,ez_10y_yield
2022-06-13,1.6577866441601372,ez_10y_yield
2022-06-14,1.7486188964393516,ez_10y_yield
2022-06-15,1.7083732527105282,ez_10y_yield
2022-06-16,1.8602601255850288,ez_10y_yield
2022-06-17,1.7825017967271577,ez_10y_yield
2022-06-20,1.8018568392585157,ez_10y_yield
2022-06-21,1.8303634168625704,ez_10y_yield
2022-06-22,1.691670775715323,ez_10y_yield
2022-06-23,1.4888644354803915,ez_10y_yield
2022-06-24,1.5846780224807104,ez_10y_yield
2022-06-27,1.601321203516477,ez_10y_yield
2022-06-28,1.728305917484093,ez_10y_yield
2022-06-29,1.6572563742607116,ez_10y_yield
2022-06-30,1.4984395024541597,ez_10y_yield
2022-07-01,1.40449359707607,ez_10y_yield
2022-07-04,1.4500855079014472,ez_10y_yield
2022-07-05,1.3359816612765634,ez_10y_yield
2022-07-06,1.2520810364127006,ez_10y_yield
2022-07-07,1.3637915335368958,ez_10y_yield
2022-07-08,1.373487403218105,ez_10y_yield
2022-07-11,1.3262619371104871,ez_10y_yield
2022-07-12,1.188337429298218,ez_10y_yield
2022-07-13,1.2637967168845847,ez_10y_yield
2022-07-14,1.26360082763897,ez_10y_yield
2022-07-15,1.2206008942091242,ez_10y_yield
2022-07-18,1.29112187846686,ez_10y_yield
2022-07-19,1.3183965226580303,ez_10y_yield
2022-07-20,1.3020400368616825,ez_10y_yield
2022-07-21,1.3546979266927923,ez_10y_yield
2022-07-22,1.100348140245046,ez_10y_yield
2022-07-25,1.1594895227176516,ez_10y_yield
2022-07-26,1.0099462673032429,ez_10y_yield
2022-07-27,1.0222210639902969,ez_10y_yield
2022-07-28,0.895554261778805,ez_10y_yield
2022-07-29,0.928512097752508,ez_10y_yield
2022-08-01,0.8500118733517295,ez_10y_yield
2022-08-02,0.8329552829008375,ez_10y_yield
2022-08-03,0.9255822947200024,ez_10y_yield
2022-08-04,0.8811183128928173,ez_10y_yield
2022-08-05,0.9655672822496744,ez_10y_yield
2022-08-08,0.941478856040774,ez_10y_yield
2022-08-09,1.01087570882033,ez_10y_yield
2022-08-10,0.9400150970600554,ez_10y_yield
2022-08-11,1.0058343118643918,ez_10y_yield
2022-08-12,1.036432717911,ez_10y_yield
2022-08-15,0.9765341543768828,ez_10y_yield
2022-08-16,1.056658086364452,ez_10y_yield
2022-08-17,1.1376288205659262,ez_10y_yield
2022-08-18,1.1587731159949677,ez_10y_yield
2022-08-19,1.2943268073026863,ez_10y_yield
2022-08-22,1.3368816418153266,ez_10y_yield
2022-08-23,1.4136670721554494,ez_10y_yield
2022-08-24,1.4417640801554463,ez_10y_yield
2022-08-25,1.4229719599473691,ez_10y_yield
2022-08-26,1.517125191268235,ez_10y_yield
2022-08-29,1.6057037105909502,ez_10y_yield
2022-08-30,1.5329349273079824,ez_10y_yield
2022-08-31,1.571382059522819,ez_10y_yield
2022-09-01,1.6374362950548536,ez_10y_yield
2022-09-02,1.5440424780596556,ez_10y_yield
2022-09-05,1.629225267260784,ez_10y_yield
2022-09-06,1.6822264297143996,ez_10y_yield
2022-09-07,1.615695937695056,ez_10y_yield
2022-09-08,1.669993818161332,ez_10y_yield
2022-09-09,1.7480318913495032,ez_10y_yield
2022-09-12,1.7101703681378546,ez_10y_yield
2022-09-13,1.7784639540540543,ez_10y_yield
2022-09-14,1.7889513143332223,ez_10y_yield
2022-09-15,1.7660693854223095,ez_10y_yield
2022-09-16,1.8200708250695263,ez_10y_yield
2022-09-19,1.844714329471085,ez_10y_yield
2022-09-20,1.984118966152237,ez_10y_yield
2022-09-21,1.9139652591579668,ez_10y_yield
2022-09-22,1.9926230873741704,ez_10y_yield
2022-09-23,2.0150525783280635,ez_10y_yield
2022-09-26,2.092629043945399,ez_10y_yield
2022-09-27,2.182902996637207,ez_10y_yield
2022-09-28,2.195363054597596,ez_10y_yield
2022-09-29,2.252502887725718,ez_10y_yield
2022-09-30,2.134773480380704,ez_10y_yield
2022-10-03,2.0446937130494645,ez_10y_yield
2022-10-04,1.9360584837570125,ez_10y_yield
2022-10-05,2.039070883668442,ez_10y_yield
2022-10-06,2.150407188219638,ez_10y_yield
2022-10-07,2.2781102728445792,ez_10y_yield
2022-10-10,2.308000918558733,ez_10y_yield
2022-10-11,2.4509962186279277,ez_10y_yield
2022-10-12,2.495448130233568,ez_10y_yield
2022-10-13,2.451889553336256,ez_10y_yield
2022-10-14,2.3909187555657905,ez_10y_yield
2022-10-17,2.3752770721052805,ez_10y_yield
2022-10-18,2.364947146061778,ez_10y_yield
2022-10-19,2.443987972632435,ez_10y_yield
2022-10-20,2.507453193890448,ez_10y_yield
2022-10-21,2.545365806755106,ez_10y_yield
2022-10-24,2.419957817957787,ez_10y_yield
2022-10-25,2.286171709818138,ez_10y_yield
2022-10-26,2.267223634373684,ez_10y_yield
2022-10-27,2.1648593546966497,ez_10y_yield
2022-10-28,2.184664819909778,ez_10y_yield
2022-10-31,2.2391387491331125,ez_10y_yield
2022-11-01,2.253662853998684,ez_10y_yield
2022-11-02,2.234079288009585,ez_10y_yield
2022-11-03,2.3421246873037607,ez_10y_yield
2022-11-04,2.3707304229652677,ez_10y_yield
2022-11-07,2.4263254933335765,ez_10y_yield
2022-11-08,2.389448306372367,ez_10y_yield
2022-11-09,2.3894483063723584,ez_10y_yield
2022-11-10,2.1459360958664395,ez_10y_yield
2022-11-11,2.24068921703696,ez_10y_yield
2022-11-14,2.2087307941064163,ez_10y_yield
2022-11-15,2.1885018253873576,ez_10y_yield
2022-11-16,2.1005971123745377,ez_10y_yield
2022-11-17,2.136140125611406,ez_10y_yield
2022-11-18,2.111657762016943,ez_10y_yield
2022-11-21,2.060945912390832,ez_10y_yield
2022-11-22,2.076606901418831,ez_10y_yield
2022-11-23,2.005300623155428,ez_10y_yield
2022-11-24,1.915166458649799,ez_10y_yield
2022-11-25,2.033214494573974,ez_10y_yield
2022-11-28,2.0604237064610293,ez_10y_yield
2022-11-29,1.9935493464609348,ez_10y_yield
2022-11-30,1.9939423217948185,ez_10y_yield
2022-12-01,1.881787444834684,ez_10y_yield
2022-12-02,1.9049654032906471,ez_10y_yield
2022-12-05,1.9170590334828683,ez_10y_yield
2022-12-06,1.8604547473419173,ez_10y_yield
2022-12-07,1.8503101796890304,ez_10y_yield
2022-12-08,1.8799560373123128,ez_10y_yield
2022-12-09,1.9767511755133584,ez_10y_yield
2022-12-12,1.9485726752460917,ez_10y_yield
2022-12-13,1.9347812882980648,ez_10y_yield
2022-12-14,2.009708006502586,ez_10y_yield
2022-12-15,2.080990858897387,ez_10y_yield
2022-12-16,2.241556243717952,ez_10y_yield
2022-12-19,2.2754029100409885,ez_10y_yield
2022-12-20,2.3612178080033925,ez_10y_yield
2022-12-21,2.3599884455004503,ez_10y_yield
2022-12-22,2.44207858506563,ez_10y_yield
2022-12-23,2.464311874240936,ez_10y_yield
2022-12-27,2.5010535762647668,ez_10y_yield
2022-12-28,2.522042551102518,ez_10y_yield
2022-12-29,2.5267047773509126,ez_10y_yield
2022-12-30,2.555313576346965,ez_10y_yield
2023-01-02,2.5182541193176986,ez_10y_yield
2023-01-03,2.4382219286823594,ez_10y_yield
2023-01-04,2.3543646639454043,ez_10y_yield
2023-01-05,2.415742967111544,ez_10y_yield
2023-01-06,2.3642917157261643,ez_10y_yield
2023-01-09,2.349535816338053,ez_10y_yield
2023-01-10,2.359179639439585,ez_10y_yield
2023-01-11,2.263607933390884,ez_10y_yield
2023-01-12,2.203747568371912,ez_10y_yield
2023-01-13,2.170443058846556,ez_10y_yield
2023-01-16,2.1984303733571404,ez_10y_yield
2023-01-17,2.186919071955929,ez_10y_yield
2023-01-18,2.0324374906750133,ez_10y_yield
2023-01-19,2.08729232802771,ez_10y_yield
2023-01-20,2.196191131302154,ez_10y_yield
2023-01-23,2.2418412593930963,ez_10y_yield
2023-01-24,2.2389853352210247,ez_10y_yield
2023-01-25,2.163417628838445,ez_10y_yield
2023-01-26,2.226586860624061,ez_10y_yield
2023-01-27,2.2928506476499027,ez_10y_yield
2023-01-30,2.3215959950207234,ez_10y_yield
2023-01-31,2.321746829009651,ez_10y_yield
2023-02-01,2.320551355540444,ez_10y_yield
2023-02-02,2.204823466989794,ez_10y_yield
2023-02-03,2.2239657262908032,ez_10y_yield
2023-02-06,2.3212550429795087,ez_10y_yield
2023-02-07,2.3391587843849004,ez_10y_yield
2023-02-08,2.385503320002768,ez_10y_yield
2023-02-09,2.324127957516212,ez_10y_yield
2023-02-10,2.39608248577462,ez_10y_yield
2023-02-13,2.406919030818028,ez_10y_yield
2023-02-14,2.4624399335994624,ez_10y_yield
2023-02-15,2.501264310923427,ez_10y_yield
2023-02-16,2.5759667539916338,ez_10y_yield
2023-02-17,2.51057414553606,ez_10y_yield
2023-02-20,2.487782138619118,ez_10y_yield
2023-02-21,2.5948665318435933,ez_10y_yield
2023-02-22,2.5754450645752485,ez_10y_yield
2023-02-23,2.546118410631453,ez_10y_yield
2023-02-24,2.593268515931665,ez_10y_yield
2023-02-27,2.620550133304117,ez_10y_yield
2023-02-28,2.7593967440187765,ez_10y_yield
2023-03-01,2.7435582579994957,ez_10y_yield
2023-03-02,2.788514593224295,ez_10y_yield
2023-03-03,2.761844112868192,ez_10y_yield
2023-03-06,2.8053553887459097,ez_10y_yield
2023-03-07,2.7393520835294183,ez_10y_yield
2023-03-08,2.701317328864796,ez_10y_yield
2023-03-09,2.7184848371954806,ez_10y_yield
2023-03-10,2.525408734620048,ez_10y_yield
2023-03-13,2.297744556190855,ez_10y_yield
2023-03-14,2.516178106187451,ez_10y_yield
2023-03-15,2.251535668614634,ez_10y_yield
2023-03-16,2.271130822079904,ez_10y_yield
2023-03-17,2.1946188355104232,ez_10y_yield
2023-03-20,2.2058997607419206,ez_10y_yield
2023-03-21,2.332588766703134,ez_10y_yield
2023-03-22,2.4376814186145728,ez_10y_yield
2023-03-23,2.319662673600908,ez_10y_yield
2023-03-24,2.204084023237307,ez_10y_yield
2023-03-27,2.348881150064657,ez_10y_yield
2023-03-28,2.350994641942642,ez_10y_yield
2023-03-29,2.395367387134224,ez_10y_yield
2023-03-30,2.4489750263127967,ez_10y_yield
2023-03-31,2.4053734039225585,ez_10y_yield
2023-04-03,2.387035065269912,ez_10y_yield
2023-04-04,2.4151327410116035,ez_10y_yield
2023-04-05,2.303020825455385,ez_10y_yield
2023-04-06,2.250727967784352,ez_10y_yield
2023-04-11,2.384509277962634,ez_10y_yield
2023-04-12,2.435996832578673,ez_10y_yield
2023-04-13,2.4437101043278555,ez_10y_yield
2023-04-14,2.472042030647635,ez_10y_yield
2023-04-17,2.5477121132204887,ez_10y_yield
2023-04-18,2.5510986395686084,ez_10y_yield
2023-04-19,2.590685961890101,ez_10y_yield
2023-04-20,2.573343385096954,ez_10y_yield
2023-04-21,2.584085999585133,ez_10y_yield
2023-04-24,2.586948147094005,ez_10y_yield
2023-04-25,2.505199817529581,ez_10y_yield
2023-04-26,2.463824134723531,ez_10y_yield
2023-04-27,2.526644670195402,ez_10y_yield
2023-04-28,2.4444445430269903,ez_10y_yield
2023-05-02,2.448127676744327,ez_10y_yield
2023-05-03,2.344989810855426,ez_10y_yield
2023-05-04,2.3586600249053946,ez_10y_yield
2023-05-05,2.3848229445658986,ez_10y_yield
2023-05-08,2.424054778476,ez_10y_yield
2023-05-09,2.424662062081823,ez_10y_yield
2023-05-10,2.38344518562992,ez_10y_yield
2023-05-11,2.3055688137903347,ez_10y_yield
2023-05-12,2.343937983270325,ez_10y_yield
2023-05-15,2.4043196166894694,ez_10y_yield
2023-05-16,2.421305039856424,ez_10y_yield
2023-05-17,2.4280734692060864,ez_10y_yield
2023-05-18,2.5170936978149863,ez_10y_yield
2023-05-19,2.574757246,ez_10y_yield
2023-05-22,2.5547422271,ez_10y_yield
2023-05-23,2.5572139941,ez_10y_yield
2023-05-24,2.5357380252,ez_10y_yield
2023-05-25,2.5851148774,ez_10y_yield
2023-05-26,2.6225550772,ez_10y_yield
2023-05-29,2.5418197439,ez_10y_yield
2023-05-30,2.4603335071,ez_10y_yield
2023-05-31,2.3837639734,ez_10y_yield
2023-06-01,2.3525142584,ez_10y_yield
2023-06-02,2.3991278931,ez_10y_yield
2023-06-05,2.479590491,ez_10y_yield
2023-06-06,2.4666990139,ez_10y_yield
2023-06-07,2.4775996926,ez_10y_yield
2023-06-08,2.5008032137,ez_10y_yield
2023-06-09,2.4973687502,ez_10y_yield
2023-06-12,2.4729858263,ez_10y_yield
2023-06-13,2.4993327518,ez_10y_yield
2023-06-14,2.5475095593,ez_10y_yield
2023-06-15,2.5361437389,ez_10y_yield
2023-06-16,2.5521340864,ez_10y_yield
2023-06-19,2.589633066,ez_10y_yield
2023-06-20,2.506030618,ez_10y_yield
2023-06-21,2.5167563336,ez_10y_yield
2023-06-22,2.5519367845,ez_10y_yield
2023-06-23,2.4134357814,ez_10y_yield
2023-06-26,2.4126217121,ez_10y_yield
2023-06-27,2.3751722746,ez_10y_yield
2023-06-28,2.4030967939,ez_10y_yield
2023-06-29,2.4574849868,ez_10y_yield
2023-06-30,2.5070983224,ez_10y_yield
2023-07-03,2.4839268966,ez_10y_yield
2023-07-04,2.5098375535,ez_10y_yield
2023-07-05,2.5176156948,ez_10y_yield
2023-07-06,2.647373604,ez_10y_yield
2023-07-07,2.6907802965,ez_10y_yield
2023-07-10,2.7256122133,ez_10y_yield
2023-07-11,2.7318971902,ez_10y_yield
2023-07-12,2.6826236171,ez_10y_yield
2023-07-13,2.5723437997,ez_10y_yield
2023-07-14,2.5263080146,ez_10y_yield
2023-07-17,2.5379481465,ez_10y_yield
2023-07-18,2.4392947598,ez_10y_yield
2023-07-19,2.4601343081,ez_10y_yield
2023-07-20,2.5317575206,ez_10y_yield
2023-07-21,2.5046864024,ez_10y_yield
2023-07-24,2.5058932842,ez_10y_yield
2023-07-25,2.4953210537,ez_10y_yield
2023-07-26,2.532469516,ez_10y_yield
2023-07-27,2.4930874937,ez_10y_yield
2023-07-28,2.5420333973,ez_10y_yield
2023-07-31,2.5434072241,ez_10y_yield
2023-08-01,2.5450256148,ez_10y_yield
2023-08-02,2.5697675859,ez_10y_yield
2023-08-03,2.6633518519,ez_10y_yield
2023-08-04,2.663754606,ez_10y_yield
2023-08-07,2.6592784724,ez_10y_yield
2023-08-08,2.5236080032,ez_10y_yield
2023-08-09,2.5678933482,ez_10y_yield
2023-08-10,2.5782225133,ez_10y_yield
2023-08-11,2.6884603794,ez_10y_yield
2023-08-14,2.6924764114,ez_10y_yield
2023-08-15,2.7492159061,ez_10y_yield
2023-08-16,2.7263347302,ez_10y_yield
2023-08-17,2.7599443482,ez_10y_yield
2023-08-18,2.7153016552,ez_10y_yield
2023-08-21,2.7498040078,ez_10y_yield
2023-08-22,2.7348478192,ez_10y_yield
2023-08-23,2.5961695834,ez_10y_yield
2023-08-24,2.6010297109,ez_10y_yield
2023-08-25,2.6219908077,ez_10y_yield
2023-08-28,2.6346870167,ez_10y_yield
2023-08-29,2.6397873111,ez_10y_yield
2023-08-30,2.6075873919,ez_10y_yield
2023-08-31,2.5706069449,ez_10y_yield
2023-09-01,2.6278747898,ez_10y_yield
2023-09-04,2.6385322093,ez_10y_yield
2023-09-05,2.6680758478,ez_10y_yield
2023-09-06,2.6783721017,ez_10y_yield
2023-09-07,2.7128876583,ez_10y_yield
2023-09-08,2.684847041,ez_10y_yield
2023-09-11,2.6896912526,ez_10y_yield
2023-09-12,2.7011827426,ez_10y_yield
2023-09-13,2.7131078162,ez_10y_yield
2023-09-14,2.6842987583,ez_10y_yield
2023-09-15,2.7349477927,ez_10y_yield
2023-09-18,2.7881726159,ez_10y_yield
2023-09-19,2.8076747104,ez_10y_yield
2023-09-20,2.7657704991,ez_10y_yield
2023-09-21,2.8225524569,ez_10y_yield
2023-09-22,2.8196368903,ez_10y_yield
2023-09-25,2.8669855682,ez_10y_yield
2023-09-26,2.8708600458,ez_10y_yield
2023-09-27,2.8599938456,ez_10y_yield
2023-09-28,3.0333501699,ez_10y_yield
2023-09-29,2.8762763259,ez_10y_yield
2023-10-02,2.9328354324,ez_10y_yield
2023-10-03,2.9641872265,ez_10y_yield
2023-10-04,2.9925401129,ez_10y_yield
2023-10-05,2.9472925432,ez_10y_yield
2023-10-06,2.9604325215,ez_10y_yield
2023-10-09,2.8738935511,ez_10y_yield
2023-10-10,2.8643948716,ez_10y_yield
2023-10-11,2.7561586862,ez_10y_yield
2023-10-12,2.7938537924,ez_10y_yield
2023-10-13,2.8835732133,ez_10y_yield
2023-10-16,2.8620178446,ez_10y_yield
2023-10-17,2.9370802435,ez_10y_yield
2023-10-18,2.9527097575,ez_10y_yield
2023-10-19,3.0011097622,ez_10y_yield
2023-10-20,2.9495121221,ez_10y_yield
2023-10-23,2.9765842729,ez_10y_yield
2023-10-24,2.8932419598,ez_10y_yield
2023-10-25,2.9189824464,ez_10y_yield
2023-10-26,2.9033934306,ez_10y_yield
2023-10-27,2.8984970075,ez_10y_yield
2023-10-30,2.9012196761,ez_10y_yield
2023-10-31,2.8226726907,ez_10y_yield
2023-11-01,2.8197946048,ez_10y_yield
2023-11-02,2.7491134356,ez_10y_yield
2023-11-03,2.7005766639,ez_10y_yield
2023-11-06,2.7691646463,ez_10y_yield
2023-11-07,2.7184321682,ez_10y_yield
2023-11-08,2.6835389676,ez_10y_yield
2023-11-09,2.7002831579,ez_10y_yield
2023-11-10,2.7551960877,ez_10y_yield
2023-11-13,2.7881690124,ez_10y_yield
2023-11-14,2.6848069955,ez_10y_yield
2023-11-15,2.6871053051,ez_10y_yield
2023-11-16,2.6349265771,ez_10y_yield
2023-11-17,2.6413046564,ez_10y_yield
2023-11-20,2.6603005277,ez_10y_yield
2023-11-21,2.624200413,ez_10y_yield
2023-11-22,2.5855317528,ez_10y_yield
2023-11-23,2.6657392323,ez_10y_yield
2023-11-24,2.6869213104,ez_10y_yield
2023-11-27,2.6289134686,ez_10y_yield
2023-11-28,2.5892364669,ez_10y_yield
2023-11-29,2.4830794967,ez_10y_yield
2023-11-30,2.5285020009,ez_10y_yield
2023-12-01,2.4797884548,ez_10y_yield
2023-12-04,2.3892714774,ez_10y_yield
2023-12-05,2.3269332366,ez_10y_yield
2023-12-06,2.2782674646,ez_10y_yield
2023-12-07,2.2353317021,ez_10y_yield
2023-12-08,2.3534261872,ez_10y_yield
2023-12-11,2.3371734995,ez_10y_yield
2023-12-12,2.3068463462,ez_10y_yield
2023-12-13,2.2525470525,ez_10y_yield
2023-12-14,2.2116980315,ez_10y_yield
2023-12-15,2.1147842384,ez_10y_yield
2023-12-18,2.1553213039,ez_10y_yield
2023-12-19,2.0913589612,ez_10y_yield
2023-12-20,2.0466529474,ez_10y_yield
2023-12-21,2.0472863063,ez_10y_yield
2023-12-22,2.0192952065,ez_10y_yield
2023-12-27,1.9876091225,ez_10y_yield
2023-12-28,2.0028420209,ez_10y_yield
2023-12-29,2.0808856999,ez_10y_yield
2024-01-02,2.1199493571,ez_10y_yield
2024-01-03,2.1214189676,ez_10y_yield
2024-01-04,2.2072419203,ez_10y_yield
2024-01-05,2.2469256583,ez_10y_yield
2024-01-08,2.2307313873,ez_10y_yield
2024-01-09,2.2570451998,ez_10y_yield
2024-01-10,2.2732383195,ez_10y_yield
2024-01-11,2.2583578869,ez_10y_yield
2024-01-12,2.226207696,ez_10y_yield
2024-01-15,2.2810119759,ez_10y_yield
2024-01-16,2.2599486199,ez_10y_yield
2024-01-17,2.3394291535,ez_10y_yield
2024-01-18,2.363052963,ez_10y_yield
2024-01-19,2.3846269956,ez_10y_yield
2024-01-22,2.3354762926,ez_10y_yield
2024-01-23,2.3886325322,ez_10y_yield
2024-01-24,2.3845432402,ez_10y_yield
2024-01-25,2.3687528773,ez_10y_yield
2024-01-26,2.3883232291,ez_10y_yield
2024-01-29,2.3251514995,ez_10y_yield
2024-01-30,2.3328476651,ez_10y_yield
2024-01-31,2.26580157,ez_10y_yield
2024-02-01,2.2542621453,ez_10y_yield
2024-02-02,2.2752204759,ez_10y_yield
2024-02-05,2.380938321,ez_10y_yield
2024-02-06,2.3871789716,ez_10y_yield
2024-02-07,2.3747592768,ez_10y_yield
2024-02-08,2.4271401791,ez_10y_yield
2024-02-09,2.461190883,ez_10y_yield
2024-02-12,2.4517828411,ez_10y_yield
2024-02-13,2.4619773052,ez_10y_yield
2024-02-14,2.445205132,ez_10y_yield
2024-02-15,2.3870546854,ez_10y_yield
2024-02-16,2.4712489514,ez_10y_yield
2024-02-19,2.471856408,ez_10y_yield
2024-02-20,2.4409811023,ez_10y_yield
2024-02-21,2.4744667685,ez_10y_yield
2024-02-22,2.4798051672,ez_10y_yield
2024-02-23,2.4384341998,ez_10y_yield
2024-02-26,2.467280003,ez_10y_yield
2024-02-27,2.4929769097,ez_10y_yield
2024-02-28,2.5167377375,ez_10y_yield
2024-02-29,2.4801097363,ez_10y_yield
2024-03-01,2.5034683242,ez_10y_yield
2024-03-04,2.4336236988,ez_10y_yield
2024-03-05,2.3635148956,ez_10y_yield
2024-03-06,2.3597086823,ez_10y_yield
2024-03-07,2.3402473323,ez_10y_yield
2024-03-08,2.3031809889,ez_10y_yield
2024-03-11,2.3591203019,ez_10y_yield
2024-03-12,2.3776217828,ez_10y_yield
2024-03-13,2.4038314531,ez_10y_yield
2024-03-14,2.4862550511,ez_10y_yield
2024-03-15,2.4946028896,ez_10y_yield
2024-03-18,2.5102098433,ez_10y_yield
2024-03-19,2.4846293611,ez_10y_yield
2024-03-20,2.4862311056,ez_10y_yield
2024-03-21,2.4697606676,ez_10y_yield
2024-03-22,2.37785216,ez_10y_yield
2024-03-25,2.4260237468,ez_10y_yield
2024-03-26,2.4049985204,ez_10y_yield
2024-03-27,2.3510584666,ez_10y_yield
2024-03-28,2.359935488,ez_10y_yield
2024-04-02,2.4863921225,ez_10y_yield
2024-04-03,2.48413956,ez_10y_yield
2024-04-04,2.4113003171,ez_10y_yield
2024-04-05,2.4361684019,ez_10y_yield
2024-04-08,2.4923312998,ez_10y_yield
2024-04-09,2.4321874511,ez_10y_yield
2024-04-10,2.483955421,ez_10y_yield
2024-04-11,2.5216754851,ez_10y_yield
2024-04-12,2.4069398686,ez_10y_yield
2024-04-15,2.5043256274,ez_10y_yield
2024-04-16,2.565459395,ez_10y_yield
2024-04-17,2.54460631,ez_10y_yield
2024-04-18,2.5551833059,ez_10y_yield
2024-04-19,2.5772617894,ez_10y_yield
2024-04-22,2.5694069878,ez_10y_yield
2024-04-23,2.5613382913,ez_10y_yield
2024-04-24,2.6439607161,ez_10y_yield
2024-04-25,2.6968869031,ez_10y_yield
2024-04-26,2.623464679,ez_10y_yield
2024-04-29,2.5936184515,ez_10y_yield
2024-04-30,2.6368704855,ez_10y_yield
2024-05-02,2.6192687619,ez_10y_yield
2024-05-03,2.545998065,ez_10y_yield
2024-05-06,2.5137096838,ez_10y_yield
2024-05-07,2.4769806556,ez_10y_yield
2024-05-08,2.5155847885,ez_10y_yield
2024-05-09,2.5485134906,ez_10y_yield
2024-05-10,2.5607710993,ez_10y_yield
2024-05-13,2.5539771945,ez_10y_yield
2024-05-14,2.5869324297,ez_10y_yield
2024-05-15,2.4997507148,ez_10y_yield
2024-05-16,2.5059329536,ez_10y_yield
2024-05-17,2.5736443805,ez_10y_yield
2024-05-20,2.5928737019,ez_10y_yield
2024-05-21,2.56338861,ez_10y_yield
2024-05-22,2.5938440854,ez_10y_yield
2024-05-23,2.6421578714,ez_10y_yield
2024-05-24,2.6524141248,ez_10y_yield
2024-05-27,2.5984978775,ez_10y_yield
2024-05-28,2.6248221592,ez_10y_yield
2024-05-29,2.7193243024,ez_10y_yield
2024-05-30,2.7374225597,ez_10y_yield
2024-05-31,2.7015587512,ez_10y_yield
2024-06-03,2.6614829951,ez_10y_yield
2024-06-04,2.597435378,ez_10y_yield
2024-06-05,2.5676072225,ez_10y_yield
2024-06-06,2.6218140315,ez_10y_yield
2024-06-07,2.6867722412,ez_10y_yield
2024-06-10,2.7385184555,ez_10y_yield
2024-06-11,2.70750727,ez_10y_yield
2024-06-12,2.5967936569,ez_10y_yield
2024-06-13,2.5855197162,ez_10y_yield
2024-06-14,2.4086873262,ez_10y_yield
2024-06-17,2.4874036276,ez_10y_yield
2024-06-18,2.476220875,ez_10y_yield
2024-06-19,2.4754923156,ez_10y_yield
2024-06-20,2.5093927539,ez_10y_yield
2024-06-21,2.4501759972,ez_10y_yield
2024-06-24,2.4790816716,ez_10y_yield
2024-06-25,2.4437824241,ez_10y_yield
2024-06-26,2.4887604599,ez_10y_yield
2024-06-27,2.4895226334,ez_10y_yield
2024-06-28,2.5019106798,ez_10y_yield
2024-07-01,2.6351168331,ez_10y_yield
2024-07-02,2.625718203,ez_10y_yield
2024-07-03,2.6278943813,ez_10y_yield
2024-07-04,2.6237373697,ez_10y_yield
2024-07-05,2.5996836001,ez_10y_yield
2024-07-08,2.5707227465,ez_10y_yield
2024-07-09,2.5941446777,ez_10y_yield
2024-07-10,2.5570724353,ez_10y_yield
2024-07-11,2.498110511,ez_10y_yield
2024-07-12,2.5167895001,ez_10y_yield
2024-07-15,2.5140039627,ez_10y_yield
2024-07-16,2.4645170295,ez_10y_yield
2024-07-17,2.4612971986,ez_10y_yield
2024-07-18,2.4367519932,ez_10y_yield
2024-07-19,2.4965557827,ez_10y_yield
2024-07-22,2.5105437773,ez_10y_yield
2024-07-23,2.4776943683,ez_10y_yield
2024-07-24,2.4715110514,ez_10y_yield
2024-07-25,2.4339080215,ez_10y_yield
2024-07-26,2.4245461772,ez_10y_yield
2024-07-29,2.3896297176,ez_10y_yield
2024-07-30,2.3544882773,ez_10y_yield
2024-07-31,2.3290703135,ez_10y_yield
2024-08-01,2.281431255,ez_10y_yield
2024-08-02,2.1969689437,ez_10y_yield
2024-08-05,2.2355219221,ez_10y_yield
2024-08-06,2.2599321468,ez_10y_yield
2024-08-07,2.365213727,ez_10y_yield
2024-08-08,2.3631468252,ez_10y_yield
2024-08-09,2.3179681699,ez_10y_yield
2024-08-12,2.3271464977,ez_10y_yield
2024-08-13,2.2926891188,ez_10y_yield
2024-08-14,2.2853210792,ez_10y_yield
2024-08-15,2.3521344146,ez_10y_yield
2024-08-16,2.3349911132,ez_10y_yield
2024-08-19,2.3506021122,ez_10y_yield
2024-08-20,2.326133018,ez_10y_yield
2024-08-21,2.3059555781,ez_10y_yield
2024-08-22,2.3222276477,ez_10y_yield
2024-08-23,2.3545848339,ez_10y_yield
2024-08-26,2.3611574784,ez_10y_yield
2024-08-27,2.397613636,ez_10y_yield
2024-08-28,2.3663694885,ez_10y_yield
2024-08-29,2.3795267524,ez_10y_yield
2024-08-30,2.3888297669,ez_10y_yield
2024-09-02,2.4485558581,ez_10y_yield
2024-09-03,2.3718172551,ez_10y_yield
2024-09-04,2.3230518592,ez_10y_yield
2024-09-05,2.3052108156,ez_10y_yield
2024-09-06,2.3113879433,ez_10y_yield
2024-09-09,2.2959799036,ez_10y_yield
2024-09-10,2.2834241895,ez_10y_yield
2024-09-11,2.2136942997,ez_10y_yield
2024-09-12,2.2396543029,ez_10y_yield
2024-09-13,2.2602491803,ez_10y_yield
2024-09-16,2.2479888331,ez_10y_yield
2024-09-17,2.2486269095,ez_10y_yield
2024-09-18,2.2985907322,ez_10y_yield
2024-09-19,2.3048459818,ez_10y_yield
2024-09-20,2.3288316667,ez_10y_yield
2024-09-23,2.3026272101,ez_10y_yield
2024-09-24,2.2891839665,ez_10y_yield
2024-09-25,2.291416671,ez_10y_yield
2024-09-26,2.2537673608,ez_10y_yield
2024-09-27,2.2521148846,ez_10y_yield
2024-09-30,2.2367867384,ez_10y_yield
2024-10-01,2.1442488285,ez_10y_yield
2024-10-02,2.2298357908,ez_10y_yield
2024-10-03,2.2890716162,ez_10y_yield
2024-10-04,2.3213268231,ez_10y_yield
2024-10-07,2.3680772013,ez_10y_yield
2024-10-08,2.3786118387,ez_10y_yield
2024-10-09,2.3672195539,ez_10y_yield
2024-10-10,2.3821347867,ez_10y_yield
2024-10-11,2.4091492224,ez_10y_yield
2024-10-14,2.407755502,ez_10y_yield
2024-10-15,2.3391978925,ez_10y_yield
2024-10-16,2.2888657969,ez_10y_yield
2024-10-17,2.3141522729,ez_10y_yield
2024-10-18,2.2940883656,ez_10y_yield
2024-10-21,2.3808484055,ez_10y_yield
2024-10-22,2.3997309158,ez_10y_yield
2024-10-23,2.4337504295,ez_10y_yield
2024-10-24,2.3715160286,ez_10y_yield
2024-10-25,2.397353001,ez_10y_yield
2024-10-28,2.3810519633,ez_10y_yield
2024-10-29,2.4331853634,ez_10y_yield
2024-10-30,2.4724594585,ez_10y_yield
2024-10-31,2.520945558,ez_10y_yield
2024-11-01,2.4894847017,ez_10y_yield
2024-11-04,2.487138698,ez_10y_yield
2024-11-05,2.4983617341,ez_10y_yield
2024-11-06,2.5113246974,ez_10y_yield
2024-11-07,2.5240289566,ez_10y_yield
2024-11-08,2.4700578721,ez_10y_yield
2024-11-11,2.4420946519,ez_10y_yield
2024-11-12,2.4280603265,ez_10y_yield
2024-11-13,2.474171259,ez_10y_yield
2024-11-14,2.4479041589,ez_10y_yield
2024-11-15,2.4575629867,ez_10y_yield
2024-11-18,2.4743486696,ez_10y_yield
2024-11-19,2.4309080958,ez_10y_yield
2024-11-20,2.4474474548,ez_10y_yield
2024-11-21,2.3987406434,ez_10y_yield
2024-11-22,2.3562386849,ez_10y_yield
2024-11-25,2.3014732166,ez_10y_yield
2024-11-26,2.2988076041,ez_10y_yield
2024-11-27,2.261384337,ez_10y_yield
2024-11-28,2.2248257945,ez_10y_yield
2024-11-29,2.1852246483,ez_10y_yield
2024-12-02,2.1381738703,ez_10y_yield
2024-12-03,2.1245018989,ez_10y_yield
2024-12-04,2.1609470857,ez_10y_yield
2024-12-05,2.1952120266,ez_10y_yield
2024-12-06,2.1639756999,ez_10y_yield
2024-12-09,2.1848501571,ez_10y_yield
2024-12-10,2.196991766,ez_10y_yield
2024-12-11,2.2067122243,ez_10y_yield
2024-12-12,2.2590743687,ez_10y_yield
2024-12-13,2.3306589016,ez_10y_yield
2024-12-16,2.3320425144,ez_10y_yield
2024-12-17,2.3137164817,ez_10y_yield
2024-12-18,2.339148239,ez_10y_yield
2024-12-19,2.4054384768,ez_10y_yield
2024-12-20,2.3746841926,ez_10y_yield
2024-12-23,2.4023438214,ez_10y_yield
2024-12-24,2.4054591254,ez_10y_yield
2024-12-27,2.4317999928,ez_10y_yield
2024-12-30,2.4473038368,ez_10y_yield
2025-01-02,2.4331074802,ez_10y_yield
2025-01-03,2.4896138856,ez_10y_yield
2025-01-06,2.5409183981,ez_10y_yield
2025-01-07,2.5483720687,ez_10y_yield
2025-01-08,2.605443235,ez_10y_yield
2025-01-09,2.6162985075,ez_10y_yield
2025-01-10,2.6562443383,ez_10y_yield
2025-01-13,2.6820322585,ez_10y_yield
2025-01-14,2.7186860566,ez_10y_yield
2025-01-15,2.6302772251,ez_10y_yield
2025-01-16,2.6577802953,ez_10y_yield
2025-01-17,2.6010145893,ez_10y_yield
2025-01-20,2.600667827,ez_10y_yield
2025-01-21,2.5925000501,ez_10y_yield
2025-01-22,2.5925000501,ez_10y_yield
2025-01-23,2.618096938,ez_10y_yield
2025-01-24,2.6525212896,ez_10y_yield
2025-01-27,2.6108150355,ez_10y_yield
2025-01-28,2.6246839966,ez_10y_yield
2025-01-29,2.6123247792,ez_10y_yield
2025-01-30,2.5709331179,ez_10y_yield
2025-01-31,2.5304298486,ez_10y_yield
2025-02-03,2.4463815528,ez_10y_yield
2025-02-04,2.4771523668,ez_10y_yield
2025-02-05,2.4214557243,ez_10y_yield
2025-02-06,2.42515982,ez_10y_yield
2025-02-07,2.4627800758,ez_10y_yield
2025-02-10,2.433445967,ez_10y_yield
2025-02-11,2.4999061726,ez_10y_yield
2025-02-12,2.551790004,ez_10y_yield
2025-02-13,2.4889478346,ez_10y_yield
2025-02-14,2.5005053327,ez_10y_yield
2025-02-17,2.5460892565,ez_10y_yield
2025-02-18,2.5581457184,ez_10y_yield
2025-02-19,2.6098058692,ez_10y_yield
2025-02-20,2.6019944882,ez_10y_yield
2025-02-21,2.5384308723,ez_10y_yield
2025-02-24,2.5348958801,ez_10y_yield
2025-02-25,2.5273124962,ez_10y_yield
2025-02-26,2.5050992164,ez_10y_yield
2025-02-27,2.4964724029,ez_10y_yield
2025-02-28,2.4692621079,ez_10y_yield
2025-03-03,2.5783069883,ez_10y_yield
2025-03-04,2.5625702838,ez_10y_yield
2025-03-05,2.7987238935,ez_10y_yield
2025-03-06,2.9449897814,ez_10y_yield
2025-03-07,2.8730944696,ez_10y_yield
2025-03-10,2.8687791491,ez_10y_yield
2025-03-11,2.9343136849,ez_10y_yield
2025-03-12,2.9343006641,ez_10y_yield
2025-03-13,2.9136764885,ez_10y_yield
2025-03-14,2.9461762482,ez_10y_yield
2025-03-17,2.8657476373,ez_10y_yield
2025-03-18,2.8967978782,ez_10y_yield
2025-03-19,2.8579573708,ez_10y_yield
2025-03-20,2.8267165325,ez_10y_yield
2025-03-21,2.845870598,ez_10y_yield
2025-03-24,2.8630915118,ez_10y_yield
2025-03-25,2.8783029162,ez_10y_yield
2025-03-26,2.8656250048,ez_10y_yield
2025-03-27,2.8623507021,ez_10y_yield
2025-03-28,2.8121116226,ez_10y_yield
2025-03-31,2.7817290051,ez_10y_yield
2025-04-01,2.7589206718,ez_10y_yield
2025-04-02,2.7609572069,ez_10y_yield
2025-04-03,2.7337361267,ez_10y_yield
2025-04-04,2.6475520891,ez_10y_yield
2025-04-07,2.6815253471,ez_10y_yield
2025-04-08,2.7532266258,ez_10y_yield
2025-04-09,2.6865951501,ez_10y_yield
2025-04-10,2.6776687173,ez_10y_yield
2025-04-11,2.6037026531,ez_10y_yield
2025-04-14,2.5988022107,ez_10y_yield
2025-04-15,2.6309014142,ez_10y_yield
2025-04-16,2.5995889898,ez_10y_yield
2025-04-17,2.5747046513,ez_10y_yield
2025-04-22,2.5519928801,ez_10y_yield
2025-04-23,2.6001957861,ez_10y_yield
2025-04-24,2.5491160582,ez_10y_yield
2025-04-25,2.5625615399,ez_10y_yield
2025-04-28,2.6074653015,ez_10y_yield
2025-04-29,2.5893451856,ez_10y_yield
2025-04-30,2.5575500372,ez_10y_yield
2025-05-02,2.5959832532,ez_10y_yield
2025-05-05,2.620423616,ez_10y_yield
2025-05-06,2.6544648641,ez_10y_yield
2025-05-07,2.5934141244,ez_10y_yield
2025-05-08,2.6097039476,ez_10y_yield
2025-05-09,2.6665008334,ez_10y_yield
2025-05-12,2.7249722749,ez_10y_yield
2025-05-13,2.7470817086,ez_10y_yield
2025-05-14,2.7702501526,ez_10y_yield
2025-05-15,2.7375363863,ez_10y_yield
2025-05-16,2.675210335,ez_10y_yield
2025-05-19,2.6887073283,ez_10y_yield
2025-05-20,2.7126253145,ez_10y_yield
2025-05-21,2.7335025798,ez_10y_yield
2025-05-22,2.7473508277,ez_10y_yield
2025-05-23,2.6681718095,ez_10y_yield
2025-05-26,2.6721588759,ez_10y_yield
2025-05-27,2.635526298,ez_10y_yield
2025-05-28,2.6447977997,ez_10y_yield
2025-05-29,2.6116381266,ez_10y_yield
2025-05-30,2.6100622245,ez_10y_yield
2025-06-02,2.6226032517,ez_10y_yield
2025-06-03,2.5938344853,ez_10y_yield
2025-06-04,2.623401446,ez_10y_yield
2025-06-05,2.6470041589,ez_10y_yield
2025-06-06,2.6594310994,ez_10y_yield
2025-06-09,2.6758380627,ez_10y_yield
2025-06-10,2.6167971377,ez_10y_yield
2025-06-11,2.6215127886,ez_10y_yield
2025-06-12,2.5777663314,ez_10y_yield
2025-06-13,2.6032135344,ez_10y_yield
2025-06-16,2.621503212,ez_10y_yield
2025-06-17,2.6218424136,ez_10y_yield
2025-06-18,2.6011169546,ez_10y_yield
2025-06-19,2.6019696538,ez_10y_yield
2025-06-20,2.6142932126,ez_10y_yield
2025-06-23,2.6072978004,ez_10y_yield
2025-06-24,2.6498095606,ez_10y_yield
2025-06-25,2.6644491833,ez_10y_yield
2025-06-26,2.6578468297,ez_10y_yield
2025-06-27,2.6867694635,ez_10y_yield
2025-06-30,2.6791846244,ez_10y_yield
2025-07-01,2.6531743058,ez_10y_yield
2025-07-02,2.7236452829,ez_10y_yield
2025-07-03,2.686838963,ez_10y_yield
2025-07-04,2.6526768615,ez_10y_yield
2025-07-07,2.6964270831,ez_10y_yield
2025-07-08,2.7429858162,ez_10y_yield
2025-07-09,2.7333043321,ez_10y_yield
2025-07-10,2.7571538406,ez_10y_yield
2025-07-11,2.7876718173,ez_10y_yield
2025-07-14,2.7890655573,ez_10y_yield
2025-07-15,2.7456990225,ez_10y_yield
2025-07-16,2.7466162704,ez_10y_yield
2025-07-17,2.7365670847,ez_10y_yield
2025-07-18,2.7570410604,ez_10y_yield
2025-07-21,2.6769365906,ez_10y_yield
2025-07-22,2.6601966254,ez_10y_yield
2025-07-23,2.6658356958,ez_10y_yield
2025-07-24,2.7534798034,ez_10y_yield
2025-07-25,2.7933110223,ez_10y_yield
2025-07-28,2.7556048698,ez_10y_yield
2025-07-29,2.7686012088,ez_10y_yield
2025-07-30,2.7787227813,ez_10y_yield
2025-07-31,2.7630604692,ez_10y_yield
2025-08-01,2.7295290489,ez_10y_yield
2025-08-04,2.7031967398,ez_10y_yield
2025-08-05,2.6947844576,ez_10y_yield
2025-08-06,2.7046173201,ez_10y_yield
2025-08-07,2.7076377195,ez_10y_yield
2025-08-08,2.7574342451,ez_10y_yield
2025-08-11,2.7613579972,ez_10y_yield
2025-08-12,2.820188598,ez_10y_yield
2025-08-13,2.76065317,ez_10y_yield
2025-08-14,2.7789766404,ez_10y_yield
2025-08-15,2.8430984141,ez_10y_yield
2025-08-18,2.834415258,ez_10y_yield
2025-08-19,2.8219995437,ez_10y_yield
2025-08-20,2.7889950333,ez_10y_yield
2025-08-21,2.8212272687,ez_10y_yield
2025-08-22,2.8081443795,ez_10y_yield
2025-08-25,2.8420172523,ez_10y_yield
2025-08-26,2.8030227277,ez_10y_yield
2025-08-27,2.7933292442,ez_10y_yield
2025-08-28,2.7720612195,ez_10y_yield
2025-08-29,2.7854844577,ez_10y_yield
2025-09-01,2.8201791164,ez_10y_yield
2025-09-02,2.8583592623,ez_10y_yield
2025-09-03,2.8209325207,ez_10y_yield
2025-09-04,2.7879763494,ez_10y_yield
2025-09-05,2.7458304046,ez_10y_yield
2025-09-08,2.7205978036,ez_10y_yield
2025-09-09,2.7373998786,ez_10y_yield
2025-09-10,2.7348570644,ez_10y_yield
2025-09-11,2.7436534813,ez_10y_yield
2025-09-12,2.7793036167,ez_10y_yield
2025-09-15,2.7663252387,ez_10y_yield
2025-09-16,2.7626046351,ez_10y_yield
2025-09-17,2.7440108714,ez_10y_yield
2025-09-18,2.7887887757,ez_10y_yield
2025-09-19,2.8110521727,ez_10y_yield
2025-09-22,2.8191246144,ez_10y_yield
2025-09-23,2.8183515272,ez_10y_yield
2025-09-24,2.8188696161,ez_10y_yield
2025-09-25,2.8373208625,ez_10y_yield
2025-09-26,2.8197118707,ez_10y_yield
2025-09-29,2.7859915739,ez_10y_yield
2025-09-30,2.7786738794,ez_10y_yield
2025-10-01,2.7687620524,ez_10y_yield
2025-10-02,2.7847770967,ez_10y_yield
2025-10-03,2.7677693726,ez_10y_yield
2025-10-06,2.7855625619,ez_10y_yield
2025-10-07,2.8017768131,ez_10y_yield
2025-10-08,2.7556304465,ez_10y_yield
2025-10-09,2.77268694,ez_10y_yield
2025-10-10,2.7417726722,ez_10y_yield
2025-10-13,2.7065501324,ez_10y_yield
2025-10-14,2.6787360452,ez_10y_yield
2025-10-15,2.6483125542,ez_10y_yield
2025-10-16,2.6626296861,ez_10y_yield
2025-10-17,2.6597042971,ez_10y_yield
2025-10-20,2.6652122756,ez_10y_yield
2025-10-21,2.6315953943,ez_10y_yield
2025-10-22,2.6456476004,ez_10y_yield
2025-10-23,2.6589940943,ez_10y_yield
2025-10-24,2.7104454299,ez_10y_yield
2025-10-27,2.7044797107,ez_10y_yield
2025-10-28,2.6977978987,ez_10y_yield
2025-10-29,2.7029909692,ez_10y_yield
2025-10-30,2.7161619958,ez_10y_yield
2025-10-31,2.721602685,ez_10y_yield
2025-11-03,2.7279838319,ez_10y_yield
2025-11-04,2.7254019371,ez_10y_yield
2025-11-05,2.7361656751,ez_10y_yield
2025-11-06,2.7333402197,ez_10y_yield
2025-11-07,2.7519322513,ez_10y_yield
2025-11-10,2.7473515524,ez_10y_yield
2025-11-11,2.7362460296,ez_10y_yield
2025-11-12,2.7238068417,ez_10y_yield
2025-11-13,2.7505385733,ez_10y_yield
2025-11-14,2.7811559776,ez_10y_yield
2025-11-17,2.7878845539,ez_10y_yield
2025-11-18,2.7725989683,ez_10y_yield
2025-11-19,2.7852349907,ez_10y_yield
2025-11-20,2.8112679169,ez_10y_yield
2025-11-21,2.7864568988,ez_10y_yield
2025-11-24,2.7871165917,ez_10y_yield
2025-11-25,2.7574999568,ez_10y_yield
2025-11-26,2.7670151833,ez_10y_yield
2025-11-27,2.7643499565,ez_10y_yield
2025-11-28,2.7737857403,ez_10y_yield
2025-12-01,2.8399621085,ez_10y_yield
2025-12-02,2.8412252222,ez_10y_yield
2025-12-03,2.8267627658,ez_10y_yield
2025-12-04,2.8490120473,ez_10y_yield
2025-12-05,2.8720493811,ez_10y_yield
2025-12-08,2.9378263285,ez_10y_yield
2025-12-09,2.9324125063,ez_10y_yield
2025-12-10,2.94656011,ez_10y_yield
2025-12-11,2.9270988489,ez_10y_yield
2025-12-12,2.9548449211,ez_10y_yield
2025-12-15,2.9237923869,ez_10y_yield
2025-12-16,2.9447529455,ez_10y_yield
2025-12-17,2.9461023067,ez_10y_yield
2025-12-18,2.9489911753,ez_10y_yield
2025-12-19,2.980259757,ez_10y_yield
2025-12-22,2.9967111658,ez_10y_yield
2025-12-23,2.9609899591,ez_10y_yield
2025-12-24,2.9640520365,ez_10y_yield
2025-12-29,2.9225407917,ez_10y_yield
2025-12-30,2.9493411108,ez_10y_yield
2025-12-31,2.9480486243,ez_10y_yield
2026-01-02,2.9750419729,ez_10y_yield
2026-01-05,2.9626767444,ez_10y_yield
2026-01-06,2.9239136196,ez_10y_yield
2026-01-07,2.9023957433,ez_10y_yield
2026-01-08,2.9216454161,ez_10y_yield
2026-01-09,2.9259088946,ez_10y_yield
2026-01-12,2.8928281343,ez_10y_yield
2026-01-13,2.907038648,ez_10y_yield
2026-01-14,2.8813663514,ez_10y_yield
2026-01-15,2.868695539,ez_10y_yield
2026-01-16,2.8938204257,ez_10y_yield
2026-01-19,2.8903171094,ez_10y_yield
2026-01-20,2.9277343601,ez_10y_yield
2026-01-21,2.9330039598,ez_10y_yield
2026-01-22,2.9368513542,ez_10y_yield
2026-01-23,2.9477958486,ez_10y_yield
2026-01-26,2.9173578501,ez_10y_yield
2026-01-27,2.9211803737,ez_10y_yield
2026-01-28,2.9118536858,ez_10y_yield
2026-01-29,2.8916757502,ez_10y_yield
2026-01-30,2.9033834533,ez_10y_yield
2026-02-02,2.9151073179,ez_10y_yield
2026-02-03,2.9470973297,ez_10y_yield
2026-02-04,2.9291206827,ez_10y_yield
2026-02-05,2.9225426497,ez_10y_yield
2026-02-06,2.9031589073,ez_10y_yield
2026-02-09,2.9046958203,ez_10y_yield
2026-02-10,2.8672634105,ez_10y_yield
2026-02-11,2.8678284988,ez_10y_yield
2026-02-12,2.8433381897,ez_10y_yield
2026-02-13,2.8073208074,ez_10y_yield
2026-02-16,2.8127518027,ez_10y_yield
2026-02-17,2.798196376,ez_10y_yield
2026-02-18,2.8031365285,ez_10y_yield
2026-02-19,2.8077281701,ez_10y_yield
2026-02-20,2.7935676328,ez_10y_yield
2026-02-23,2.7857127411,ez_10y_yield
2026-02-24,2.7714936784,ez_10y_yield
2026-02-25,2.7737465861,ez_10y_yield
2026-02-26,2.7470493584,ez_10y_yield
2026-02-27,2.7266574195,ez_10y_yield
2026-03-02,2.7599649167,ez_10y_yield
2026-03-03,2.840493239,ez_10y_yield
2026-03-04,2.8172759483,ez_10y_yield
2026-03-05,2.8857466383,ez_10y_yield
2026-03-06,2.9087748974,ez_10y_yield
2026-03-09,2.9242332615,ez_10y_yield
2026-03-10,2.8972030409,ez_10y_yield
2026-03-11,2.9743786023,ez_10y_yield
2026-03-12,2.9980538024,ez_10y_yield
2026-03-13,3.0113228114,ez_10y_yield
2026-03-16,2.9882724205,ez_10y_yield
2026-03-17,2.9666154378,ez_10y_yield
2026-03-18,3.0003282288,ez_10y_yield
2026-03-19,3.0117153846,ez_10y_yield
2026-03-20,3.0755425799,ez_10y_yield
2026-03-23,3.0328388945,ez_10y_yield
2026-03-24,3.061914886,ez_10y_yield
2026-03-25,3.0118479104,ez_10y_yield
2026-03-26,3.0944162751,ez_10y_yield
2026-03-27,3.1504113416,ez_10y_yield
2026-03-30,3.0944483571,ez_10y_yield
2026-03-31,3.0729993471,ez_10y_yield
2026-04-01,3.0478936329,ez_10y_yield
2026-04-02,3.0751288521,ez_10y_yield
2026-04-07,3.1060962471,ez_10y_yield
2026-04-08,2.9793275216,ez_10y_yield
2026-04-09,3.072414671,ez_10y_yield
2026-04-10,3.1004415163,ez_10y_yield
2026-04-13,3.1227887328,ez_10y_yield
2026-04-14,3.1121828868,ez_10y_yield
2026-04-15,3.0888161219,ez_10y_yield
2026-04-16,3.0746082746,ez_10y_yield
2026-04-17,3.0250447597,ez_10y_yield
2026-04-20,3.0368533168,ez_10y_yield
2026-04-21,3.0365282223,ez_10y_yield
2026-04-22,3.0510265518,ez_10y_yield
2026-04-23,3.0674643234,ez_10y_yield
2026-04-24,3.0706741038,ez_10y_yield
2026-04-27,3.0816989599,ez_10y_yield
2026-04-28,3.1195622586,ez_10y_yield
2026-04-29,3.142710173,ez_10y_yield
2026-04-30,3.0939583349,ez_10y_yield
2026-05-04,3.105197541,ez_10y_yield
2026-05-05,3.1255068065,ez_10y_yield
2026-05-06,3.048338757,ez_10y_yield
2026-05-07,3.0367988029,ez_10y_yield
2026-05-08,3.0522640098,ez_10y_yield
2026-05-11,3.0796927017,ez_10y_yield
2026-05-12,3.1495267074,ez_10y_yield
2026-05-13,3.1514242492,ez_10y_yield
2026-05-14,3.0994620296,ez_10y_yield
2026-05-15,3.1951239875,ez_10y_yield
2026-05-18,3.1716424255,ez_10y_yield
2026-05-19,3.2197250915,ez_10y_yield
2026-05-20,3.1913866523,ez_10y_yield
2026-05-21,3.1401444666,ez_10y_yield
2026-05-22,3.0830202566,ez_10y_yield
2026-05-25,2.9857408352,ez_10y_yield
2026-05-26,3.0303794025,ez_10y_yield
2026-05-27,3.0265148902,ez_10y_yield
2026-05-28,3.0348986296,ez_10y_yield
2026-05-29,3.016587454,ez_10y_yield
2026-06-01,3.0680734066,ez_10y_yield
2026-06-02,3.0192058236,ez_10y_yield
2026-06-03,3.0612878862,ez_10y_yield
2026-06-04,3.0698375728,ez_10y_yield
2026-06-05,3.0877233984,ez_10y_yield
2026-06-08,3.0920816898,ez_10y_yield
2026-06-09,3.0992230173,ez_10y_yield
2026-06-10,3.1162570344,ez_10y_yield
2026-06-11,3.0798140633,ez_10y_yield
2026-06-12,3.0694748442,ez_10y_yield
2026-06-15,3.0089281275,ez_10y_yield
2026-06-16,2.9923877689,ez_10y_yield
2026-06-17,2.9854852656,ez_10y_yield
2026-06-18,2.9853251782,ez_10y_yield
2026-06-19,3.0367350672,ez_10y_yield
2026-06-22,3.0093670766,ez_10y_yield
2026-06-23,2.9707291005,ez_10y_yield
2026-06-24,2.9379971807,ez_10y_yield
2026-06-25,2.9160405586,ez_10y_yield
2026-06-26,2.9223600013,ez_10y_yield
2026-06-29,2.922896152,ez_10y_yield
2026-06-30,2.9244927445,ez_10y_yield
2026-07-01,2.9633626284,ez_10y_yield
2026-07-02,2.9878649255,ez_10y_yield
2026-07-03,3.0061092915,ez_10y_yield
2026-07-06,3.0156822508,ez_10y_yield
2026-07-07,3.0568869592,ez_10y_yield
2026-07-08,3.1370395898,ez_10y_yield
2026-07-09,3.1292327833,ez_10y_yield
2026-07-10,3.1085540184,ez_10y_yield
2026-07-13,3.1247022419,ez_10y_yield
2026-07-14,3.1462568028,ez_10y_yield
2026-07-15,3.1544621071,ez_10y_yield
2026-07-16,3.1773426637,ez_10y_yield
2026-07-17,3.1521219932,ez_10y_yield
2026-07-20,3.1678464688,ez_10y_yield
2026-07-21,3.2100962672,ez_10y_yield
2026-07-22,3.2040119707,ez_10y_yield
2026-07-23,3.2247334899,ez_10y_yield
2026-07-24,3.2069910464,ez_10y_yield
2026-07-27,3.1657910287,ez_10y_yield
2026-07-28,3.1579633503,ez_10y_yield
2026-07-29,3.1750136066,ez_10y_yield
2026-07-30,3.2006565473,ez_10y_yield
2026-07-31,3.2273140986,ez_10y_yield
2026-08-03,3.1854986169,ez_10y_yield
2026-08-04,3.1462738472,ez_10y_yield
2026-08-05,3.1466241785,ez_10y_yield
2026-08-06,3.146678757,ez_10y_yield
2026-08-07,3.1523384986,ez_10y_yield
2026-08-10,3.1993418585,ez_10y_yield
2026-08-11,3.1760932477,ez_10y_yield
2026-08-12,3.1654173208,ez_10y_yield
2026-08-13,3.155665028,ez_10y_yield
2026-08-14,3.2125620965,ez_10y_yield
2026-08-17,3.2423179071,ez_10y_yield
2026-08-18,3.2885961981,ez_10y_yield
2026-08-19,3.2782344774,ez_10y_yield
2026-08-20,3.279171221,ez_10y_yield
2026-08-21,3.2710153758,ez_10y_yield
2026-08-24,3.2803958027,ez_10y_yield
2026-08-25,3.2448308736,ez_10y_yield
2026-08-26,3.2485054634,ez_10y_yield
2026-08-27,3.2772699104,ez_10y_yield
2026-08-28,3.2789202996,ez_10y_yield
2026-08-31,3.3395935506,ez_10y_yield
2026-09-01,3.355151665,ez_10y_yield
2026-09-02,3.3918508877,ez_10y_yield
2026-09-03,3.3646241735,ez_10y_yield
2026-09-04,3.3464967597,ez_10y_yield
2026-09-07,3.3894926929,ez_10y_yield
2026-09-08,3.3784560737,ez_10y_yield
2026-09-09,3.4265660386,ez_10y_yield
2026-09-10,3.5032094198,ez_10y_yield
2026-09-11,3.5227293419,ez_10y_yield
2026-09-14,3.5409400409,ez_10y_yield
2026-09-15,3.5437008047,ez_10y_yield
2026-09-16,3.5334760721,ez_10y_yield
2026-09-17,3.4875063501,ez_10y_yield
2026-09-18,3.529753074,ez_10y_yield
2026-09-21,3.4738456172,ez_10y_yield
2026-09-22,3.4527398521,ez_10y_yield
2026-09-23,3.5236609264,ez_10y_yield
2026-09-24,3.5661681763,ez_10y_yield
2026-09-25,3.614700864,ez_10y_yield
2026-09-28,3.6313186552,ez_10y_yield
2026-09-29,3.6076715398,ez_10y_yield
2026-09-30,3.5816574153,ez_10y_yield
2010-01-01,,eurusd_ecb
2010-01-04,1.4389,eurusd_ecb
2010-01-05,1.4442,eurusd_ecb
2010-01-06,1.435,eurusd_ecb
2010-01-07,1.4304,eurusd_ecb
2010-01-08,1.4273,eurusd_ecb
2010-01-11,1.4528,eurusd_ecb
2010-01-12,1.4481,eurusd_ecb
2010-01-13,1.4563,eurusd_ecb
2010-01-14,1.4486,eurusd_ecb
2010-01-15,1.4374,eurusd_ecb
2010-01-18,1.4369,eurusd_ecb
2010-01-19,1.4279,eurusd_ecb
2010-01-20,1.4132,eurusd_ecb
2010-01-21,1.4064,eurusd_ecb
2010-01-22,1.4135,eurusd_ecb
2010-01-25,1.4151,eurusd_ecb
2010-01-26,1.4085,eurusd_ecb
2010-01-27,1.4072,eurusd_ecb
2010-01-28,1.3999,eurusd_ecb
2010-01-29,1.3966,eurusd_ecb
2010-02-01,1.3913,eurusd_ecb
2010-02-02,1.3937,eurusd_ecb
2010-02-03,1.3984,eurusd_ecb
2010-02-04,1.3847,eurusd_ecb
2010-02-05,1.3691,eurusd_ecb
2010-02-08,1.3675,eurusd_ecb
2010-02-09,1.376,eurusd_ecb
2010-02-10,1.374,eurusd_ecb
2010-02-11,1.3718,eurusd_ecb
2010-02-12,1.3572,eurusd_ecb
2010-02-15,1.3607,eurusd_ecb
2010-02-16,1.3649,eurusd_ecb
2010-02-17,1.3726,eurusd_ecb
2010-02-18,1.3567,eurusd_ecb
2010-02-19,1.3519,eurusd_ecb
2010-02-22,1.3626,eurusd_ecb
2010-02-23,1.3577,eurusd_ecb
2010-02-24,1.3547,eurusd_ecb
2010-02-25,1.3489,eurusd_ecb
2010-02-26,1.357,eurusd_ecb
2010-03-01,1.3525,eurusd_ecb
2010-03-02,1.3548,eurusd_ecb
2010-03-03,1.3641,eurusd_ecb
2010-03-04,1.3668,eurusd_ecb
2010-03-05,1.3582,eurusd_ecb
2010-03-08,1.3662,eurusd_ecb
2010-03-09,1.3557,eurusd_ecb
2010-03-10,1.361,eurusd_ecb
2010-03-11,1.3657,eurusd_ecb
2010-03-12,1.3765,eurusd_ecb
2010-03-15,1.3705,eurusd_ecb
2010-03-16,1.3723,eurusd_ecb
2010-03-17,1.3756,eurusd_ecb
2010-03-18,1.366,eurusd_ecb
2010-03-19,1.3548,eurusd_ecb
2010-03-22,1.3471,eurusd_ecb
2010-03-23,1.3519,eurusd_ecb
2010-03-24,1.3338,eurusd_ecb
2010-03-25,1.3356,eurusd_ecb
2010-03-26,1.3353,eurusd_ecb
2010-03-29,1.3471,eurusd_ecb
2010-03-30,1.3482,eurusd_ecb
2010-03-31,1.3479,eurusd_ecb
2010-04-01,1.3468,eurusd_ecb
2010-04-02,,eurusd_ecb
2010-04-05,,eurusd_ecb
2010-04-06,1.3396,eurusd_ecb
2010-04-07,1.334,eurusd_ecb
2010-04-08,1.3296,eurusd_ecb
2010-04-09,1.3384,eurusd_ecb
2010-04-12,1.3585,eurusd_ecb
2010-04-13,1.3583,eurusd_ecb
2010-04-14,1.3615,eurusd_ecb
2010-04-15,1.3544,eurusd_ecb
2010-04-16,1.3535,eurusd_ecb
2010-04-19,1.3432,eurusd_ecb
2010-04-20,1.3486,eurusd_ecb
2010-04-21,1.3373,eurusd_ecb
2010-04-22,1.3339,eurusd_ecb
2010-04-23,1.3311,eurusd_ecb
2010-04-26,1.3321,eurusd_ecb
2010-04-27,1.329,eurusd_ecb
2010-04-28,1.3245,eurusd_ecb
2010-04-29,1.3256,eurusd_ecb
2010-04-30,1.3315,eurusd_ecb
2010-05-03,1.3238,eurusd_ecb
2010-05-04,1.3089,eurusd_ecb
2010-05-05,1.2924,eurusd_ecb
2010-05-06,1.2727,eurusd_ecb
2010-05-07,1.2746,eurusd_ecb
2010-05-10,1.2969,eurusd_ecb
2010-05-11,1.2698,eurusd_ecb
2010-05-12,1.2686,eurusd_ecb
2010-05-13,1.2587,eurusd_ecb
2010-05-14,1.2492,eurusd_ecb
2010-05-17,1.2349,eurusd_ecb
2010-05-18,1.2428,eurusd_ecb
2010-05-19,1.227,eurusd_ecb
2010-05-20,1.2334,eurusd_ecb
2010-05-21,1.2497,eurusd_ecb
2010-05-24,1.236,eurusd_ecb
2010-05-25,1.2223,eurusd_ecb
2010-05-26,1.2309,eurusd_ecb
2010-05-27,1.2255,eurusd_ecb
2010-05-28,1.2384,eurusd_ecb
2010-05-31,1.2307,eurusd_ecb
2010-06-01,1.2155,eurusd_ecb
2010-06-02,1.2218,eurusd_ecb
2010-06-03,1.2268,eurusd_ecb
2010-06-04,1.206,eurusd_ecb
2010-06-07,1.1959,eurusd_ecb
2010-06-08,1.1942,eurusd_ecb
2010-06-09,1.201,eurusd_ecb
2010-06-10,1.2045,eurusd_ecb
2010-06-11,1.2127,eurusd_ecb
2010-06-14,1.2249,eurusd_ecb
2010-06-15,1.2258,eurusd_ecb
2010-06-16,1.2277,eurusd_ecb
2010-06-17,1.2363,eurusd_ecb
2010-06-18,1.2372,eurusd_ecb
2010-06-21,1.2391,eurusd_ecb
2010-06-22,1.2258,eurusd_ecb
2010-06-23,1.2271,eurusd_ecb
2010-06-24,1.2262,eurusd_ecb
2010-06-25,1.2294,eurusd_ecb
2010-06-28,1.2339,eurusd_ecb
2010-06-29,1.2198,eurusd_ecb
2010-06-30,1.2271,eurusd_ecb
2010-07-01,1.2328,eurusd_ecb
2010-07-02,1.2548,eurusd_ecb
2010-07-05,1.2531,eurusd_ecb
2010-07-06,1.2579,eurusd_ecb
2010-07-07,1.2567,eurusd_ecb
2010-07-08,1.266,eurusd_ecb
2010-07-09,1.2637,eurusd_ecb
2010-07-12,1.2572,eurusd_ecb
2010-07-13,1.2569,eurusd_ecb
2010-07-14,1.2703,eurusd_ecb
2010-07-15,1.2828,eurusd_ecb
2010-07-16,1.3,eurusd_ecb
2010-07-19,1.2957,eurusd_ecb
2010-07-20,1.2844,eurusd_ecb
2010-07-21,1.2817,eurusd_ecb
2010-07-22,1.285,eurusd_ecb
2010-07-23,1.2897,eurusd_ecb
2010-07-26,1.2931,eurusd_ecb
2010-07-27,1.3033,eurusd_ecb
2010-07-28,1.2992,eurusd_ecb
2010-07-29,1.3069,eurusd_ecb
2010-07-30,1.3028,eurusd_ecb
2010-08-02,1.3073,eurusd_ecb
2010-08-03,1.3221,eurusd_ecb
2010-08-04,1.3206,eurusd_ecb
2010-08-05,1.3184,eurusd_ecb
2010-08-06,1.3176,eurusd_ecb
2010-08-09,1.3253,eurusd_ecb
2010-08-10,1.3133,eurusd_ecb
2010-08-11,1.3016,eurusd_ecb
2010-08-12,1.279,eurusd_ecb
2010-08-13,1.2799,eurusd_ecb
2010-08-16,1.282,eurusd_ecb
2010-08-17,1.286,eurusd_ecb
2010-08-18,1.288,eurusd_ecb
2010-08-19,1.2836,eurusd_ecb
2010-08-20,1.2711,eurusd_ecb
2010-08-23,1.2704,eurusd_ecb
2010-08-24,1.2611,eurusd_ecb
2010-08-25,1.2613,eurusd_ecb
2010-08-26,1.2693,eurusd_ecb
2010-08-27,1.2713,eurusd_ecb
2010-08-30,1.27,eurusd_ecb
2010-08-31,1.268,eurusd_ecb
2010-09-01,1.28,eurusd_ecb
2010-09-02,1.2818,eurusd_ecb
2010-09-03,1.2834,eurusd_ecb
2010-09-06,1.2874,eurusd_ecb
2010-09-07,1.2744,eurusd_ecb
2010-09-08,1.2697,eurusd_ecb
2010-09-09,1.2715,eurusd_ecb
2010-09-10,1.2725,eurusd_ecb
2010-09-13,1.2801,eurusd_ecb
2010-09-14,1.285,eurusd_ecb
2010-09-15,1.2989,eurusd_ecb
2010-09-16,1.3078,eurusd_ecb
2010-09-17,1.306,eurusd_ecb
2010-09-20,1.3074,eurusd_ecb
2010-09-21,1.312,eurusd_ecb
2010-09-22,1.3364,eurusd_ecb
2010-09-23,1.3323,eurusd_ecb
2010-09-24,1.3412,eurusd_ecb
2010-09-27,1.3477,eurusd_ecb
2010-09-28,1.346,eurusd_ecb
2010-09-29,1.3611,eurusd_ecb
2010-09-30,1.3648,eurusd_ecb
2010-10-01,1.3726,eurusd_ecb
2010-10-04,1.3705,eurusd_ecb
2010-10-05,1.378,eurusd_ecb
2010-10-06,1.3856,eurusd_ecb
2010-10-07,1.397,eurusd_ecb
2010-10-08,1.3874,eurusd_ecb
2010-10-11,1.3936,eurusd_ecb
2010-10-12,1.3833,eurusd_ecb
2010-10-13,1.3958,eurusd_ecb
2010-10-14,1.4101,eurusd_ecb
2010-10-15,1.4089,eurusd_ecb
2010-10-18,1.3896,eurusd_ecb
2010-10-19,1.3859,eurusd_ecb
2010-10-20,1.3861,eurusd_ecb
2010-10-21,1.4016,eurusd_ecb
2010-10-22,1.3934,eurusd_ecb
2010-10-25,1.4031,eurusd_ecb
2010-10-26,1.3912,eurusd_ecb
2010-10-27,1.3803,eurusd_ecb
2010-10-28,1.3857,eurusd_ecb
2010-10-29,1.3857,eurusd_ecb
2010-11-01,1.3926,eurusd_ecb
2010-11-02,1.4018,eurusd_ecb
2010-11-03,1.4014,eurusd_ecb
2010-11-04,1.4244,eurusd_ecb
2010-11-05,1.4084,eurusd_ecb
2010-11-08,1.3917,eurusd_ecb
2010-11-09,1.3945,eurusd_ecb
2010-11-10,1.377,eurusd_ecb
2010-11-11,1.37,eurusd_ecb
2010-11-12,1.3711,eurusd_ecb
2010-11-15,1.3626,eurusd_ecb
2010-11-16,1.3612,eurusd_ecb
2010-11-17,1.3481,eurusd_ecb
2010-11-18,1.3647,eurusd_ecb
2010-11-19,1.3674,eurusd_ecb
2010-11-22,1.3647,eurusd_ecb
2010-11-23,1.3496,eurusd_ecb
2010-11-24,1.3339,eurusd_ecb
2010-11-25,1.3321,eurusd_ecb
2010-11-26,1.3225,eurusd_ecb
2010-11-29,1.3146,eurusd_ecb
2010-11-30,1.2998,eurusd_ecb
2010-12-01,1.3115,eurusd_ecb
2010-12-02,1.3155,eurusd_ecb
2010-12-03,1.3246,eurusd_ecb
2010-12-06,1.328,eurusd_ecb
2010-12-07,1.3363,eurusd_ecb
2010-12-08,1.32,eurusd_ecb
2010-12-09,1.3214,eurusd_ecb
2010-12-10,1.3244,eurusd_ecb
2010-12-13,1.3267,eurusd_ecb
2010-12-14,1.3435,eurusd_ecb
2010-12-15,1.336,eurusd_ecb
2010-12-16,1.3238,eurusd_ecb
2010-12-17,1.326,eurusd_ecb
2010-12-20,1.3147,eurusd_ecb
2010-12-21,1.3155,eurusd_ecb
2010-12-22,1.3112,eurusd_ecb
2010-12-23,1.3064,eurusd_ecb
2010-12-24,1.3099,eurusd_ecb
2010-12-27,1.3136,eurusd_ecb
2010-12-28,1.3195,eurusd_ecb
2010-12-29,1.3136,eurusd_ecb
2010-12-30,1.328,eurusd_ecb
2010-12-31,1.3362,eurusd_ecb
2011-01-03,1.3348,eurusd_ecb
2011-01-04,1.3421,eurusd_ecb
2011-01-05,1.3213,eurusd_ecb
2011-01-06,1.3091,eurusd_ecb
2011-01-07,1.2961,eurusd_ecb
2011-01-10,1.2903,eurusd_ecb
2011-01-11,1.2948,eurusd_ecb
2011-01-12,1.2973,eurusd_ecb
2011-01-13,1.3199,eurusd_ecb
2011-01-14,1.3349,eurusd_ecb
2011-01-17,1.3311,eurusd_ecb
2011-01-18,1.3371,eurusd_ecb
2011-01-19,1.3506,eurusd_ecb
2011-01-20,1.3472,eurusd_ecb
2011-01-21,1.3521,eurusd_ecb
2011-01-24,1.3571,eurusd_ecb
2011-01-25,1.3596,eurusd_ecb
2011-01-26,1.3681,eurusd_ecb
2011-01-27,1.3716,eurusd_ecb
2011-01-28,1.371,eurusd_ecb
2011-01-31,1.3692,eurusd_ecb
2011-02-01,1.3755,eurusd_ecb
2011-02-02,1.3803,eurusd_ecb
2011-02-03,1.3745,eurusd_ecb
2011-02-04,1.3631,eurusd_ecb
2011-02-07,1.3553,eurusd_ecb
2011-02-08,1.3635,eurusd_ecb
2011-02-09,1.3647,eurusd_ecb
2011-02-10,1.3604,eurusd_ecb
2011-02-11,1.3524,eurusd_ecb
2011-02-14,1.344,eurusd_ecb
2011-02-15,1.351,eurusd_ecb
2011-02-16,1.351,eurusd_ecb
2011-02-17,1.356,eurusd_ecb
2011-02-18,1.3627,eurusd_ecb
2011-02-21,1.3668,eurusd_ecb
2011-02-22,1.3667,eurusd_ecb
2011-02-23,1.3731,eurusd_ecb
2011-02-24,1.3773,eurusd_ecb
2011-02-25,1.3762,eurusd_ecb
2011-02-28,1.3834,eurusd_ecb
2011-03-01,1.3825,eurusd_ecb
2011-03-02,1.3809,eurusd_ecb
2011-03-03,1.385,eurusd_ecb
2011-03-04,1.3957,eurusd_ecb
2011-03-07,1.4028,eurusd_ecb
2011-03-08,1.3898,eurusd_ecb
2011-03-09,1.3928,eurusd_ecb
2011-03-10,1.3817,eurusd_ecb
2011-03-11,1.3773,eurusd_ecb
2011-03-14,1.3948,eurusd_ecb
2011-03-15,1.3884,eurusd_ecb
2011-03-16,1.3951,eurusd_ecb
2011-03-17,1.4004,eurusd_ecb
2011-03-18,1.413,eurusd_ecb
2011-03-21,1.4194,eurusd_ecb
2011-03-22,1.4211,eurusd_ecb
2011-03-23,1.4136,eurusd_ecb
2011-03-24,1.4128,eurusd_ecb
2011-03-25,1.4115,eurusd_ecb
2011-03-28,1.4032,eurusd_ecb
2011-03-29,1.4066,eurusd_ecb
2011-03-30,1.409,eurusd_ecb
2011-03-31,1.4207,eurusd_ecb
2011-04-01,1.4141,eurusd_ecb
2011-04-04,1.424,eurusd_ecb
2011-04-05,1.4166,eurusd_ecb
2011-04-06,1.43,eurusd_ecb
2011-04-07,1.4283,eurusd_ecb
2011-04-08,1.4401,eurusd_ecb
2011-04-11,1.4434,eurusd_ecb
2011-04-12,1.447,eurusd_ecb
2011-04-13,1.4493,eurusd_ecb
2011-04-14,1.4401,eurusd_ecb
2011-04-15,1.445,eurusd_ecb
2011-04-18,1.4275,eurusd_ecb
2011-04-19,1.4302,eurusd_ecb
2011-04-20,1.4515,eurusd_ecb
2011-04-21,1.4584,eurusd_ecb
2011-04-22,,eurusd_ecb
2011-04-25,,eurusd_ecb
2011-04-26,1.4617,eurusd_ecb
2011-04-27,1.4668,eurusd_ecb
2011-04-28,1.4794,eurusd_ecb
2011-04-29,1.486,eurusd_ecb
2011-05-02,1.4837,eurusd_ecb
2011-05-03,1.478,eurusd_ecb
2011-05-04,1.4882,eurusd_ecb
2011-05-05,1.4814,eurusd_ecb
2011-05-06,1.4501,eurusd_ecb
2011-05-09,1.4397,eurusd_ecb
2011-05-10,1.4358,eurusd_ecb
2011-05-11,1.4357,eurusd_ecb
2011-05-12,1.4153,eurusd_ecb
2011-05-13,1.428,eurusd_ecb
2011-05-16,1.4143,eurusd_ecb
2011-05-17,1.4171,eurusd_ecb
2011-05-18,1.4227,eurusd_ecb
2011-05-19,1.4265,eurusd_ecb
2011-05-20,1.4237,eurusd_ecb
2011-05-23,1.402,eurusd_ecb
2011-05-24,1.4089,eurusd_ecb
2011-05-25,1.4069,eurusd_ecb
2011-05-26,1.4168,eurusd_ecb
2011-05-27,1.4265,eurusd_ecb
2011-05-30,1.4272,eurusd_ecb
2011-05-31,1.4385,eurusd_ecb
2011-06-01,1.4408,eurusd_ecb
2011-06-02,1.446,eurusd_ecb
2011-06-03,1.4488,eurusd_ecb
2011-06-06,1.4596,eurusd_ecb
2011-06-07,1.4652,eurusd_ecb
2011-06-08,1.4608,eurusd_ecb
2011-06-09,1.4614,eurusd_ecb
2011-06-10,1.4486,eurusd_ecb
2011-06-13,1.4354,eurusd_ecb
2011-06-14,1.4448,eurusd_ecb
2011-06-15,1.4292,eurusd_ecb
2011-06-16,1.4088,eurusd_ecb
2011-06-17,1.427,eurusd_ecb
2011-06-20,1.4235,eurusd_ecb
2011-06-21,1.4373,eurusd_ecb
2011-06-22,1.4397,eurusd_ecb
2011-06-23,1.4212,eurusd_ecb
2011-06-24,1.422,eurusd_ecb
2011-06-27,1.4205,eurusd_ecb
2011-06-28,1.4261,eurusd_ecb
2011-06-29,1.4425,eurusd_ecb
2011-06-30,1.4453,eurusd_ecb
2011-07-01,1.4488,eurusd_ecb
2011-07-04,1.45,eurusd_ecb
2011-07-05,1.4461,eurusd_ecb
2011-07-06,1.4318,eurusd_ecb
2011-07-07,1.4247,eurusd_ecb
2011-07-08,1.4242,eurusd_ecb
2011-07-11,1.4056,eurusd_ecb
2011-07-12,1.3975,eurusd_ecb
2011-07-13,1.4073,eurusd_ecb
2011-07-14,1.4202,eurusd_ecb
2011-07-15,1.4146,eurusd_ecb
2011-07-18,1.4045,eurusd_ecb
2011-07-19,1.416,eurusd_ecb
2011-07-20,1.4207,eurusd_ecb
2011-07-21,1.4222,eurusd_ecb
2011-07-22,1.4391,eurusd_ecb
2011-07-25,1.438,eurusd_ecb
2011-07-26,1.4471,eurusd_ecb
2011-07-27,1.4446,eurusd_ecb
2011-07-28,1.426,eurusd_ecb
2011-07-29,1.426,eurusd_ecb
2011-08-01,1.4415,eurusd_ecb
2011-08-02,1.417,eurusd_ecb
2011-08-03,1.43,eurusd_ecb
2011-08-04,1.4229,eurusd_ecb
2011-08-05,1.4155,eurusd_ecb
2011-08-08,1.4225,eurusd_ecb
2011-08-09,1.4267,eurusd_ecb
2011-08-10,1.4367,eurusd_ecb
2011-08-11,1.4143,eurusd_ecb
2011-08-12,1.425,eurusd_ecb
2011-08-15,1.4309,eurusd_ecb
2011-08-16,1.436,eurusd_ecb
2011-08-17,1.4477,eurusd_ecb
2011-08-18,1.4369,eurusd_ecb
2011-08-19,1.4385,eurusd_ecb
2011-08-22,1.4413,eurusd_ecb
2011-08-23,1.4462,eurusd_ecb
2011-08-24,1.4433,eurusd_ecb
2011-08-25,1.4424,eurusd_ecb
2011-08-26,1.4402,eurusd_ecb
2011-08-29,1.4487,eurusd_ecb
2011-08-30,1.4402,eurusd_ecb
2011-08-31,1.445,eurusd_ecb
2011-09-01,1.4285,eurusd_ecb
2011-09-02,1.4255,eurusd_ecb
2011-09-05,1.4126,eurusd_ecb
2011-09-06,1.4099,eurusd_ecb
2011-09-07,1.4036,eurusd_ecb
2011-09-08,1.4044,eurusd_ecb
2011-09-09,1.3817,eurusd_ecb
2011-09-12,1.3656,eurusd_ecb
2011-09-13,1.3645,eurusd_ecb
2011-09-14,1.3729,eurusd_ecb
2011-09-15,1.3795,eurusd_ecb
2011-09-16,1.376,eurusd_ecb
2011-09-19,1.3641,eurusd_ecb
2011-09-20,1.371,eurusd_ecb
2011-09-21,1.3636,eurusd_ecb
2011-09-22,1.3448,eurusd_ecb
2011-09-23,1.343,eurusd_ecb
2011-09-26,1.35,eurusd_ecb
2011-09-27,1.3579,eurusd_ecb
2011-09-28,1.3631,eurusd_ecb
2011-09-29,1.3615,eurusd_ecb
2011-09-30,1.3503,eurusd_ecb
2011-10-03,1.3327,eurusd_ecb
2011-10-04,1.3181,eurusd_ecb
2011-10-05,1.3337,eurusd_ecb
2011-10-06,1.3269,eurusd_ecb
2011-10-07,1.3434,eurusd_ecb
2011-10-10,1.3593,eurusd_ecb
2011-10-11,1.3607,eurusd_ecb
2011-10-12,1.3766,eurusd_ecb
2011-10-13,1.3727,eurusd_ecb
2011-10-14,1.3807,eurusd_ecb
2011-10-17,1.3776,eurusd_ecb
2011-10-18,1.3676,eurusd_ecb
2011-10-19,1.3828,eurusd_ecb
2011-10-20,1.3807,eurusd_ecb
2011-10-21,1.3798,eurusd_ecb
2011-10-24,1.3856,eurusd_ecb
2011-10-25,1.3918,eurusd_ecb
2011-10-26,1.3927,eurusd_ecb
2011-10-27,1.4038,eurusd_ecb
2011-10-28,1.416,eurusd_ecb
2011-10-31,1.4001,eurusd_ecb
2011-11-01,1.3627,eurusd_ecb
2011-11-02,1.3809,eurusd_ecb
2011-11-03,1.3773,eurusd_ecb
2011-11-04,1.3773,eurusd_ecb
2011-11-07,1.3742,eurusd_ecb
2011-11-08,1.3788,eurusd_ecb
2011-11-09,1.3633,eurusd_ecb
2011-11-10,1.3616,eurusd_ecb
2011-11-11,1.365,eurusd_ecb
2011-11-14,1.3659,eurusd_ecb
2011-11-15,1.3532,eurusd_ecb
2011-11-16,1.3484,eurusd_ecb
2011-11-17,1.348,eurusd_ecb
2011-11-18,1.3576,eurusd_ecb
2011-11-21,1.3458,eurusd_ecb
2011-11-22,1.3535,eurusd_ecb
2011-11-23,1.3387,eurusd_ecb
2011-11-24,1.3373,eurusd_ecb
2011-11-25,1.3229,eurusd_ecb
2011-11-28,1.3348,eurusd_ecb
2011-11-29,1.3336,eurusd_ecb
2011-11-30,1.3418,eurusd_ecb
2011-12-01,1.3492,eurusd_ecb
2011-12-02,1.3511,eurusd_ecb
2011-12-05,1.3442,eurusd_ecb
2011-12-06,1.3394,eurusd_ecb
2011-12-07,1.3377,eurusd_ecb
2011-12-08,1.341,eurusd_ecb
2011-12-09,1.3384,eurusd_ecb
2011-12-12,1.3251,eurusd_ecb
2011-12-13,1.3181,eurusd_ecb
2011-12-14,1.2993,eurusd_ecb
2011-12-15,1.3019,eurusd_ecb
2011-12-16,1.3064,eurusd_ecb
2011-12-19,1.3039,eurusd_ecb
2011-12-20,1.3074,eurusd_ecb
2011-12-21,1.3054,eurusd_ecb
2011-12-22,1.3047,eurusd_ecb
2011-12-23,1.3057,eurusd_ecb
2011-12-26,,eurusd_ecb
2011-12-27,1.3069,eurusd_ecb
2011-12-28,1.3074,eurusd_ecb
2011-12-29,1.2889,eurusd_ecb
2011-12-30,1.2939,eurusd_ecb
2012-01-02,1.2935,eurusd_ecb
2012-01-03,1.3014,eurusd_ecb
2012-01-04,1.2948,eurusd_ecb
2012-01-05,1.2832,eurusd_ecb
2012-01-06,1.2776,eurusd_ecb
2012-01-09,1.2728,eurusd_ecb
2012-01-10,1.2808,eurusd_ecb
2012-01-11,1.2718,eurusd_ecb
2012-01-12,1.2736,eurusd_ecb
2012-01-13,1.2771,eurusd_ecb
2012-01-16,1.2669,eurusd_ecb
2012-01-17,1.279,eurusd_ecb
2012-01-18,1.2831,eurusd_ecb
2012-01-19,1.2911,eurusd_ecb
2012-01-20,1.2902,eurusd_ecb
2012-01-23,1.3017,eurusd_ecb
2012-01-24,1.3003,eurusd_ecb
2012-01-25,1.2942,eurusd_ecb
2012-01-26,1.3145,eurusd_ecb
2012-01-27,1.3145,eurusd_ecb
2012-01-30,1.311,eurusd_ecb
2012-01-31,1.3176,eurusd_ecb
2012-02-01,1.3175,eurusd_ecb
2012-02-02,1.3094,eurusd_ecb
2012-02-03,1.316,eurusd_ecb
2012-02-06,1.3042,eurusd_ecb
2012-02-07,1.3113,eurusd_ecb
2012-02-08,1.3274,eurusd_ecb
2012-02-09,1.3288,eurusd_ecb
2012-02-10,1.3189,eurusd_ecb
2012-02-13,1.3254,eurusd_ecb
2012-02-14,1.3169,eurusd_ecb
2012-02-15,1.3092,eurusd_ecb
2012-02-16,1.2982,eurusd_ecb
2012-02-17,1.3159,eurusd_ecb
2012-02-20,1.3266,eurusd_ecb
2012-02-21,1.3222,eurusd_ecb
2012-02-22,1.323,eurusd_ecb
2012-02-23,1.33,eurusd_ecb
2012-02-24,1.3412,eurusd_ecb
2012-02-27,1.3388,eurusd_ecb
2012-02-28,1.3454,eurusd_ecb
2012-02-29,1.3443,eurusd_ecb
2012-03-01,1.3312,eurusd_ecb
2012-03-02,1.3217,eurusd_ecb
2012-03-05,1.322,eurusd_ecb
2012-03-06,1.3153,eurusd_ecb
2012-03-07,1.312,eurusd_ecb
2012-03-08,1.3242,eurusd_ecb
2012-03-09,1.3191,eurusd_ecb
2012-03-12,1.3119,eurusd_ecb
2012-03-13,1.3057,eurusd_ecb
2012-03-14,1.3062,eurusd_ecb
2012-03-15,1.3057,eurusd_ecb
2012-03-16,1.3116,eurusd_ecb
2012-03-19,1.315,eurusd_ecb
2012-03-20,1.3198,eurusd_ecb
2012-03-21,1.3225,eurusd_ecb
2012-03-22,1.3167,eurusd_ecb
2012-03-23,1.3242,eurusd_ecb
2012-03-26,1.3276,eurusd_ecb
2012-03-27,1.3333,eurusd_ecb
2012-03-28,1.3337,eurusd_ecb
2012-03-29,1.3272,eurusd_ecb
2012-03-30,1.3356,eurusd_ecb
2012-04-02,1.3319,eurusd_ecb
2012-04-03,1.3315,eurusd_ecb
2012-04-04,1.3142,eurusd_ecb
2012-04-05,1.3068,eurusd_ecb
2012-04-06,,eurusd_ecb
2012-04-09,,eurusd_ecb
2012-04-10,1.3114,eurusd_ecb
2012-04-11,1.3131,eurusd_ecb
2012-04-12,1.3153,eurusd_ecb
2012-04-13,1.3148,eurusd_ecb
2012-04-16,1.3024,eurusd_ecb
2012-04-17,1.3132,eurusd_ecb
2012-04-18,1.3093,eurusd_ecb
2012-04-19,1.3086,eurusd_ecb
2012-04-20,1.3192,eurusd_ecb
2012-04-23,1.3131,eurusd_ecb
2012-04-24,1.3161,eurusd_ecb
2012-04-25,1.3206,eurusd_ecb
2012-04-26,1.3215,eurusd_ecb
2012-04-27,1.3229,eurusd_ecb
2012-04-30,1.3214,eurusd_ecb
2012-05-01,,eurusd_ecb
2012-05-02,1.3131,eurusd_ecb
2012-05-03,1.3123,eurusd_ecb
2012-05-04,1.3132,eurusd_ecb
2012-05-07,1.3033,eurusd_ecb
2012-05-08,1.3025,eurusd_ecb
2012-05-09,1.295,eurusd_ecb
2012-05-10,1.2961,eurusd_ecb
2012-05-11,1.2944,eurusd_ecb
2012-05-14,1.2863,eurusd_ecb
2012-05-15,1.2843,eurusd_ecb
2012-05-16,1.2738,eurusd_ecb
2012-05-17,1.2682,eurusd_ecb
2012-05-18,1.2721,eurusd_ecb
2012-05-21,1.275,eurusd_ecb
2012-05-22,1.2768,eurusd_ecb
2012-05-23,1.2659,eurusd_ecb
2012-05-24,1.2557,eurusd_ecb
2012-05-25,1.2546,eurusd_ecb
2012-05-28,1.2566,eurusd_ecb
2012-05-29,1.2523,eurusd_ecb
2012-05-30,1.2438,eurusd_ecb
2012-05-31,1.2403,eurusd_ecb
2012-06-01,1.2322,eurusd_ecb
2012-06-04,1.2437,eurusd_ecb
2012-06-05,1.2429,eurusd_ecb
2012-06-06,1.2485,eurusd_ecb
2012-06-07,1.2595,eurusd_ecb
2012-06-08,1.2468,eurusd_ecb
2012-06-11,1.2544,eurusd_ecb
2012-06-12,1.2492,eurusd_ecb
2012-06-13,1.2534,eurusd_ecb
2012-06-14,1.2551,eurusd_ecb
2012-06-15,1.2596,eurusd_ecb
2012-06-18,1.2618,eurusd_ecb
2012-06-19,1.2619,eurusd_ecb
2012-06-20,1.2704,eurusd_ecb
2012-06-21,1.267,eurusd_ecb
2012-06-22,1.2539,eurusd_ecb
2012-06-25,1.2488,eurusd_ecb
2012-06-26,1.2475,eurusd_ecb
2012-06-27,1.2478,eurusd_ecb
2012-06-28,1.2418,eurusd_ecb
2012-06-29,1.259,eurusd_ecb
2012-07-02,1.2593,eurusd_ecb
2012-07-03,1.2575,eurusd_ecb
2012-07-04,1.256,eurusd_ecb
2012-07-05,1.2426,eurusd_ecb
2012-07-06,1.2377,eurusd_ecb
2012-07-09,1.2293,eurusd_ecb
2012-07-10,1.2285,eurusd_ecb
2012-07-11,1.226,eurusd_ecb
2012-07-12,1.2178,eurusd_ecb
2012-07-13,1.2185,eurusd_ecb
2012-07-16,1.2177,eurusd_ecb
2012-07-17,1.2281,eurusd_ecb
2012-07-18,1.2234,eurusd_ecb
2012-07-19,1.2287,eurusd_ecb
2012-07-20,1.22,eurusd_ecb
2012-07-23,1.2105,eurusd_ecb
2012-07-24,1.2089,eurusd_ecb
2012-07-25,1.2134,eurusd_ecb
2012-07-26,1.226,eurusd_ecb
2012-07-27,1.2317,eurusd_ecb
2012-07-30,1.2246,eurusd_ecb
2012-07-31,1.2284,eurusd_ecb
2012-08-01,1.2298,eurusd_ecb
2012-08-02,1.2346,eurusd_ecb
2012-08-03,1.2245,eurusd_ecb
2012-08-06,1.2379,eurusd_ecb
2012-08-07,1.2436,eurusd_ecb
2012-08-08,1.2336,eurusd_ecb
2012-08-09,1.2301,eurusd_ecb
2012-08-10,1.2262,eurusd_ecb
2012-08-13,1.2339,eurusd_ecb
2012-08-14,1.2352,eurusd_ecb
2012-08-15,1.2276,eurusd_ecb
2012-08-16,1.2279,eurusd_ecb
2012-08-17,1.2337,eurusd_ecb
2012-08-20,1.23,eurusd_ecb
2012-08-21,1.2428,eurusd_ecb
2012-08-22,1.2448,eurusd_ecb
2012-08-23,1.2552,eurusd_ecb
2012-08-24,1.2507,eurusd_ecb
2012-08-27,1.253,eurusd_ecb
2012-08-28,1.2548,eurusd_ecb
2012-08-29,1.2545,eurusd_ecb
2012-08-30,1.2544,eurusd_ecb
2012-08-31,1.2611,eurusd_ecb
2012-09-03,1.2568,eurusd_ecb
2012-09-04,1.2579,eurusd_ecb
2012-09-05,1.2578,eurusd_ecb
2012-09-06,1.2638,eurusd_ecb
2012-09-07,1.2706,eurusd_ecb
2012-09-10,1.2776,eurusd_ecb
2012-09-11,1.2787,eurusd_ecb
2012-09-12,1.2896,eurusd_ecb
2012-09-13,1.291,eurusd_ecb
2012-09-14,1.3095,eurusd_ecb
2012-09-17,1.3086,eurusd_ecb
2012-09-18,1.3054,eurusd_ecb
2012-09-19,1.3002,eurusd_ecb
2012-09-20,1.2954,eurusd_ecb
2012-09-21,1.2988,eurusd_ecb
2012-09-24,1.2916,eurusd_ecb
2012-09-25,1.2932,eurusd_ecb
2012-09-26,1.2845,eurusd_ecb
2012-09-27,1.2874,eurusd_ecb
2012-09-28,1.293,eurusd_ecb
2012-10-01,1.2877,eurusd_ecb
2012-10-02,1.293,eurusd_ecb
2012-10-03,1.2904,eurusd_ecb
2012-10-04,1.2951,eurusd_ecb
2012-10-05,1.3002,eurusd_ecb
2012-10-08,1.2958,eurusd_ecb
2012-10-09,1.2953,eurusd_ecb
2012-10-10,1.2889,eurusd_ecb
2012-10-11,1.2918,eurusd_ecb
2012-10-12,1.297,eurusd_ecb
2012-10-15,1.2971,eurusd_ecb
2012-10-16,1.3046,eurusd_ecb
2012-10-17,1.312,eurusd_ecb
2012-10-18,1.3118,eurusd_ecb
2012-10-19,1.3035,eurusd_ecb
2012-10-22,1.3063,eurusd_ecb
2012-10-23,1.3005,eurusd_ecb
2012-10-24,1.2942,eurusd_ecb
2012-10-25,1.2993,eurusd_ecb
2012-10-26,1.2908,eurusd_ecb
2012-10-29,1.2898,eurusd_ecb
2012-10-30,1.2962,eurusd_ecb
2012-10-31,1.2993,eurusd_ecb
2012-11-01,1.2975,eurusd_ecb
2012-11-02,1.285,eurusd_ecb
2012-11-05,1.2777,eurusd_ecb
2012-11-06,1.28,eurusd_ecb
2012-11-07,1.2746,eurusd_ecb
2012-11-08,1.2736,eurusd_ecb
2012-11-09,1.2694,eurusd_ecb
2012-11-12,1.2735,eurusd_ecb
2012-11-13,1.2696,eurusd_ecb
2012-11-14,1.2726,eurusd_ecb
2012-11-15,1.2756,eurusd_ecb
2012-11-16,1.2745,eurusd_ecb
2012-11-19,1.2762,eurusd_ecb
2012-11-20,1.2809,eurusd_ecb
2012-11-21,1.2805,eurusd_ecb
2012-11-22,1.2893,eurusd_ecb
2012-11-23,1.2909,eurusd_ecb
2012-11-26,1.2964,eurusd_ecb
2012-11-27,1.2961,eurusd_ecb
2012-11-28,1.2891,eurusd_ecb
2012-11-29,1.2994,eurusd_ecb
2012-11-30,1.2986,eurusd_ecb
2012-12-03,1.3057,eurusd_ecb
2012-12-04,1.3092,eurusd_ecb
2012-12-05,1.3065,eurusd_ecb
2012-12-06,1.3072,eurusd_ecb
2012-12-07,1.2905,eurusd_ecb
2012-12-10,1.293,eurusd_ecb
2012-12-11,1.2993,eurusd_ecb
2012-12-12,1.304,eurusd_ecb
2012-12-13,1.3077,eurusd_ecb
2012-12-14,1.3081,eurusd_ecb
2012-12-17,1.316,eurusd_ecb
2012-12-18,1.3178,eurusd_ecb
2012-12-19,1.3302,eurusd_ecb
2012-12-20,1.3246,eurusd_ecb
2012-12-21,1.3209,eurusd_ecb
2012-12-24,1.3218,eurusd_ecb
2012-12-27,1.3266,eurusd_ecb
2012-12-28,1.3183,eurusd_ecb
2012-12-31,1.3194,eurusd_ecb
2013-01-02,1.3262,eurusd_ecb
2013-01-03,1.3102,eurusd_ecb
2013-01-04,1.3012,eurusd_ecb
2013-01-07,1.3039,eurusd_ecb
2013-01-08,1.3086,eurusd_ecb
2013-01-09,1.3056,eurusd_ecb
2013-01-10,1.3113,eurusd_ecb
2013-01-11,1.3274,eurusd_ecb
2013-01-14,1.3341,eurusd_ecb
2013-01-15,1.3327,eurusd_ecb
2013-01-16,1.3277,eurusd_ecb
2013-01-17,1.3368,eurusd_ecb
2013-01-18,1.3324,eurusd_ecb
2013-01-21,1.3323,eurusd_ecb
2013-01-22,1.3317,eurusd_ecb
2013-01-23,1.333,eurusd_ecb
2013-01-24,1.3349,eurusd_ecb
2013-01-25,1.3469,eurusd_ecb
2013-01-28,1.3444,eurusd_ecb
2013-01-29,1.3433,eurusd_ecb
2013-01-30,1.3541,eurusd_ecb
2013-01-31,1.355,eurusd_ecb
2013-02-01,1.3644,eurusd_ecb
2013-02-04,1.3552,eurusd_ecb
2013-02-05,1.3537,eurusd_ecb
2013-02-06,1.3517,eurusd_ecb
2013-02-07,1.3546,eurusd_ecb
2013-02-08,1.3374,eurusd_ecb
2013-02-11,1.3391,eurusd_ecb
2013-02-12,1.3438,eurusd_ecb
2013-02-13,1.348,eurusd_ecb
2013-02-14,1.3327,eurusd_ecb
2013-02-15,1.3325,eurusd_ecb
2013-02-18,1.3352,eurusd_ecb
2013-02-19,1.3349,eurusd_ecb
2013-02-20,1.337,eurusd_ecb
2013-02-21,1.3186,eurusd_ecb
2013-02-22,1.3186,eurusd_ecb
2013-02-25,1.3304,eurusd_ecb
2013-02-26,1.3077,eurusd_ecb
2013-02-27,1.3097,eurusd_ecb
2013-02-28,1.3129,eurusd_ecb
2013-03-01,1.3,eurusd_ecb
2013-03-04,1.3007,eurusd_ecb
2013-03-05,1.3034,eurusd_ecb
2013-03-06,1.3035,eurusd_ecb
2013-03-07,1.301,eurusd_ecb
2013-03-08,1.309,eurusd_ecb
2013-03-11,1.2994,eurusd_ecb
2013-03-12,1.3053,eurusd_ecb
2013-03-13,1.2981,eurusd_ecb
2013-03-14,1.2937,eurusd_ecb
2013-03-15,1.3086,eurusd_ecb
2013-03-18,1.2929,eurusd_ecb
2013-03-19,1.2944,eurusd_ecb
2013-03-20,1.2945,eurusd_ecb
2013-03-21,1.291,eurusd_ecb
2013-03-22,1.2948,eurusd_ecb
2013-03-25,1.2935,eurusd_ecb
2013-03-26,1.2861,eurusd_ecb
2013-03-27,1.2768,eurusd_ecb
2013-03-28,1.2805,eurusd_ecb
2013-04-02,1.284,eurusd_ecb
2013-04-03,1.2828,eurusd_ecb
2013-04-04,1.2818,eurusd_ecb
2013-04-05,1.2944,eurusd_ecb
2013-04-08,1.3023,eurusd_ecb
2013-04-09,1.304,eurusd_ecb
2013-04-10,1.3086,eurusd_ecb
2013-04-11,1.3119,eurusd_ecb
2013-04-12,1.3052,eurusd_ecb
2013-04-15,1.3081,eurusd_ecb
2013-04-16,1.3129,eurusd_ecb
2013-04-17,1.3129,eurusd_ecb
2013-04-18,1.3045,eurusd_ecb
2013-04-19,1.3115,eurusd_ecb
2013-04-22,1.3037,eurusd_ecb
2013-04-23,1.299,eurusd_ecb
2013-04-24,1.3006,eurusd_ecb
2013-04-25,1.308,eurusd_ecb
2013-04-26,1.2999,eurusd_ecb
2013-04-29,1.3113,eurusd_ecb
2013-04-30,1.3072,eurusd_ecb
2013-05-02,1.3191,eurusd_ecb
2013-05-03,1.3114,eurusd_ecb
2013-05-06,1.3107,eurusd_ecb
2013-05-07,1.3107,eurusd_ecb
2013-05-08,1.3135,eurusd_ecb
2013-05-09,1.3142,eurusd_ecb
2013-05-10,1.2988,eurusd_ecb
2013-05-13,1.2973,eurusd_ecb
2013-05-14,1.2977,eurusd_ecb
2013-05-15,1.2864,eurusd_ecb
2013-05-16,1.289,eurusd_ecb
2013-05-17,1.2869,eurusd_ecb
2013-05-20,1.2853,eurusd_ecb
2013-05-21,1.2866,eurusd_ecb
2013-05-22,1.2923,eurusd_ecb
2013-05-23,1.2888,eurusd_ecb
2013-05-24,1.2939,eurusd_ecb
2013-05-27,1.2939,eurusd_ecb
2013-05-28,1.2938,eurusd_ecb
2013-05-29,1.2952,eurusd_ecb
2013-05-30,1.2944,eurusd_ecb
2013-05-31,1.3006,eurusd_ecb
2013-06-03,1.3008,eurusd_ecb
2013-06-04,1.3092,eurusd_ecb
2013-06-05,1.3067,eurusd_ecb
2013-06-06,1.3118,eurusd_ecb
2013-06-07,1.326,eurusd_ecb
2013-06-10,1.3209,eurusd_ecb
2013-06-11,1.3273,eurusd_ecb
2013-06-12,1.3277,eurusd_ecb
2013-06-13,1.3315,eurusd_ecb
2013-06-14,1.3303,eurusd_ecb
2013-06-17,1.3337,eurusd_ecb
2013-06-18,1.3374,eurusd_ecb
2013-06-19,1.3406,eurusd_ecb
2013-06-20,1.32,eurusd_ecb
2013-06-21,1.318,eurusd_ecb
2013-06-24,1.3086,eurusd_ecb
2013-06-25,1.3134,eurusd_ecb
2013-06-26,1.3024,eurusd_ecb
2013-06-27,1.3032,eurusd_ecb
2013-06-28,1.308,eurusd_ecb
2013-07-01,1.3037,eurusd_ecb
2013-07-02,1.3017,eurusd_ecb
2013-07-03,1.2959,eurusd_ecb
2013-07-04,1.2984,eurusd_ecb
2013-07-05,1.2883,eurusd_ecb
2013-07-08,1.285,eurusd_ecb
2013-07-09,1.2857,eurusd_ecb
2013-07-10,1.2813,eurusd_ecb
2013-07-11,1.3044,eurusd_ecb
2013-07-12,1.3034,eurusd_ecb
2013-07-15,1.3012,eurusd_ecb
2013-07-16,1.3118,eurusd_ecb
2013-07-17,1.3136,eurusd_ecb
2013-07-18,1.3093,eurusd_ecb
2013-07-19,1.3123,eurusd_ecb
2013-07-22,1.3166,eurusd_ecb
2013-07-23,1.318,eurusd_ecb
2013-07-24,1.3246,eurusd_ecb
2013-07-25,1.3202,eurusd_ecb
2013-07-26,1.326,eurusd_ecb
2013-07-29,1.327,eurusd_ecb
2013-07-30,1.3284,eurusd_ecb
2013-07-31,1.3275,eurusd_ecb
2013-08-01,1.3236,eurusd_ecb
2013-08-02,1.3203,eurusd_ecb
2013-08-05,1.3257,eurusd_ecb
2013-08-06,1.328,eurusd_ecb
2013-08-07,1.3305,eurusd_ecb
2013-08-08,1.336,eurusd_ecb
2013-08-09,1.3373,eurusd_ecb
2013-08-12,1.328,eurusd_ecb
2013-08-13,1.329,eurusd_ecb
2013-08-14,1.3243,eurusd_ecb
2013-08-15,1.3297,eurusd_ecb
2013-08-16,1.334,eurusd_ecb
2013-08-19,1.3344,eurusd_ecb
2013-08-20,1.3392,eurusd_ecb
2013-08-21,1.3384,eurusd_ecb
2013-08-22,1.3323,eurusd_ecb
2013-08-23,1.3355,eurusd_ecb
2013-08-26,1.3361,eurusd_ecb
2013-08-27,1.3338,eurusd_ecb
2013-08-28,1.3347,eurusd_ecb
2013-08-29,1.3266,eurusd_ecb
2013-08-30,1.3235,eurusd_ecb
2013-09-02,1.3207,eurusd_ecb
2013-09-03,1.3172,eurusd_ecb
2013-09-04,1.3171,eurusd_ecb
2013-09-05,1.3202,eurusd_ecb
2013-09-06,1.3117,eurusd_ecb
2013-09-09,1.3194,eurusd_ecb
2013-09-10,1.324,eurusd_ecb
2013-09-11,1.3268,eurusd_ecb
2013-09-12,1.329,eurusd_ecb
2013-09-13,1.3295,eurusd_ecb
2013-09-16,1.3357,eurusd_ecb
2013-09-17,1.3356,eurusd_ecb
2013-09-18,1.3352,eurusd_ecb
2013-09-19,1.3545,eurusd_ecb
2013-09-20,1.3514,eurusd_ecb
2013-09-23,1.3508,eurusd_ecb
2013-09-24,1.3473,eurusd_ecb
2013-09-25,1.3504,eurusd_ecb
2013-09-26,1.3499,eurusd_ecb
2013-09-27,1.3537,eurusd_ecb
2013-09-30,1.3505,eurusd_ecb
2013-10-01,1.3554,eurusd_ecb
2013-10-02,1.3515,eurusd_ecb
2013-10-03,1.3594,eurusd_ecb
2013-10-04,1.3593,eurusd_ecb
2013-10-07,1.3572,eurusd_ecb
2013-10-08,1.3576,eurusd_ecb
2013-10-09,1.3515,eurusd_ecb
2013-10-10,1.3532,eurusd_ecb
2013-10-11,1.3566,eurusd_ecb
2013-10-14,1.3564,eurusd_ecb
2013-10-15,1.3493,eurusd_ecb
2013-10-16,1.3561,eurusd_ecb
2013-10-17,1.3662,eurusd_ecb
2013-10-18,1.3684,eurusd_ecb
2013-10-21,1.3667,eurusd_ecb
2013-10-22,1.3674,eurusd_ecb
2013-10-23,1.3752,eurusd_ecb
2013-10-24,1.3805,eurusd_ecb
2013-10-25,1.3777,eurusd_ecb
2013-10-28,1.3784,eurusd_ecb
2013-10-29,1.3768,eurusd_ecb
2013-10-30,1.3755,eurusd_ecb
2013-10-31,1.3641,eurusd_ecb
2013-11-01,1.3505,eurusd_ecb
2013-11-04,1.3506,eurusd_ecb
2013-11-05,1.3494,eurusd_ecb
2013-11-06,1.3517,eurusd_ecb
2013-11-07,1.3365,eurusd_ecb
2013-11-08,1.3431,eurusd_ecb
2013-11-11,1.3394,eurusd_ecb
2013-11-12,1.3432,eurusd_ecb
2013-11-13,1.3415,eurusd_ecb
2013-11-14,1.3436,eurusd_ecb
2013-11-15,1.346,eurusd_ecb
2013-11-18,1.3517,eurusd_ecb
2013-11-19,1.3502,eurusd_ecb
2013-11-20,1.3527,eurusd_ecb
2013-11-21,1.3472,eurusd_ecb
2013-11-22,1.3518,eurusd_ecb
2013-11-25,1.3514,eurusd_ecb
2013-11-26,1.3547,eurusd_ecb
2013-11-27,1.3596,eurusd_ecb
2013-11-28,1.3592,eurusd_ecb
2013-11-29,1.3611,eurusd_ecb
2013-12-02,1.3536,eurusd_ecb
2013-12-03,1.3578,eurusd_ecb
2013-12-04,1.3592,eurusd_ecb
2013-12-05,1.3594,eurusd_ecb
2013-12-06,1.3661,eurusd_ecb
2013-12-09,1.3722,eurusd_ecb
2013-12-10,1.375,eurusd_ecb
2013-12-11,1.3767,eurusd_ecb
2013-12-12,1.3775,eurusd_ecb
2013-12-13,1.3727,eurusd_ecb
2013-12-16,1.3776,eurusd_ecb
2013-12-17,1.3749,eurusd_ecb
2013-12-18,1.3749,eurusd_ecb
2013-12-19,1.3667,eurusd_ecb
2013-12-20,1.3655,eurusd_ecb
2013-12-23,1.3702,eurusd_ecb
2013-12-24,1.3684,eurusd_ecb
2013-12-27,1.3814,eurusd_ecb
2013-12-30,1.3783,eurusd_ecb
2013-12-31,1.3791,eurusd_ecb
2014-01-02,1.3658,eurusd_ecb
2014-01-03,1.3634,eurusd_ecb
2014-01-06,1.3602,eurusd_ecb
2014-01-07,1.3641,eurusd_ecb
2014-01-08,1.3594,eurusd_ecb
2014-01-09,1.3612,eurusd_ecb
2014-01-10,1.3587,eurusd_ecb
2014-01-13,1.3654,eurusd_ecb
2014-01-14,1.3667,eurusd_ecb
2014-01-15,1.3606,eurusd_ecb
2014-01-16,1.3597,eurusd_ecb
2014-01-17,1.3584,eurusd_ecb
2014-01-20,1.3566,eurusd_ecb
2014-01-21,1.3526,eurusd_ecb
2014-01-22,1.3566,eurusd_ecb
2014-01-23,1.3639,eurusd_ecb
2014-01-24,1.3687,eurusd_ecb
2014-01-27,1.3658,eurusd_ecb
2014-01-28,1.3649,eurusd_ecb
2014-01-29,1.3608,eurusd_ecb
2014-01-30,1.3574,eurusd_ecb
2014-01-31,1.3516,eurusd_ecb
2014-02-03,1.3498,eurusd_ecb
2014-02-04,1.3519,eurusd_ecb
2014-02-05,1.3543,eurusd_ecb
2014-02-06,1.3495,eurusd_ecb
2014-02-07,1.3574,eurusd_ecb
2014-02-10,1.3638,eurusd_ecb
2014-02-11,1.3676,eurusd_ecb
2014-02-12,1.3573,eurusd_ecb
2014-02-13,1.3675,eurusd_ecb
2014-02-14,1.3707,eurusd_ecb
2014-02-17,1.3699,eurusd_ecb
2014-02-18,1.3731,eurusd_ecb
2014-02-19,1.3745,eurusd_ecb
2014-02-20,1.3706,eurusd_ecb
2014-02-21,1.3707,eurusd_ecb
2014-02-24,1.3735,eurusd_ecb
2014-02-25,1.3754,eurusd_ecb
2014-02-26,1.3726,eurusd_ecb
2014-02-27,1.3656,eurusd_ecb
2014-02-28,1.3813,eurusd_ecb
2014-03-03,1.3768,eurusd_ecb
2014-03-04,1.3768,eurusd_ecb
2014-03-05,1.3732,eurusd_ecb
2014-03-06,1.3745,eurusd_ecb
2014-03-07,1.3894,eurusd_ecb
2014-03-10,1.3881,eurusd_ecb
2014-03-11,1.385,eurusd_ecb
2014-03-12,1.3887,eurusd_ecb
2014-03-13,1.3942,eurusd_ecb
2014-03-14,1.3884,eurusd_ecb
2014-03-17,1.3906,eurusd_ecb
2014-03-18,1.3902,eurusd_ecb
2014-03-19,1.3913,eurusd_ecb
2014-03-20,1.3762,eurusd_ecb
2014-03-21,1.378,eurusd_ecb
2014-03-24,1.3774,eurusd_ecb
2014-03-25,1.3789,eurusd_ecb
2014-03-26,1.3791,eurusd_ecb
2014-03-27,1.3758,eurusd_ecb
2014-03-28,1.3759,eurusd_ecb
2014-03-31,1.3788,eurusd_ecb
2014-04-01,1.379,eurusd_ecb
2014-04-02,1.3795,eurusd_ecb
2014-04-03,1.3771,eurusd_ecb
2014-04-04,1.37,eurusd_ecb
2014-04-07,1.3723,eurusd_ecb
2014-04-08,1.3774,eurusd_ecb
2014-04-09,1.3794,eurusd_ecb
2014-04-10,1.3867,eurusd_ecb
2014-04-11,1.3872,eurusd_ecb
2014-04-14,1.3827,eurusd_ecb
2014-04-15,1.3803,eurusd_ecb
2014-04-16,1.384,eurusd_ecb
2014-04-17,1.3855,eurusd_ecb
2014-04-22,1.3817,eurusd_ecb
2014-04-23,1.3834,eurusd_ecb
2014-04-24,1.382,eurusd_ecb
2014-04-25,1.3831,eurusd_ecb
2014-04-28,1.3861,eurusd_ecb
2014-04-29,1.3826,eurusd_ecb
2014-04-30,1.385,eurusd_ecb
2014-05-02,1.3862,eurusd_ecb
2014-05-05,1.3874,eurusd_ecb
2014-05-06,1.3945,eurusd_ecb
2014-05-07,1.3927,eurusd_ecb
2014-05-08,1.3953,eurusd_ecb
2014-05-09,1.3781,eurusd_ecb
2014-05-12,1.3765,eurusd_ecb
2014-05-13,1.3703,eurusd_ecb
2014-05-14,1.3719,eurusd_ecb
2014-05-15,1.3659,eurusd_ecb
2014-05-16,1.3696,eurusd_ecb
2014-05-19,1.3715,eurusd_ecb
2014-05-20,1.3702,eurusd_ecb
2014-05-21,1.3676,eurusd_ecb
2014-05-22,1.3668,eurusd_ecb
2014-05-23,1.363,eurusd_ecb
2014-05-26,1.3635,eurusd_ecb
2014-05-27,1.3638,eurusd_ecb
2014-05-28,1.3608,eurusd_ecb
2014-05-29,1.3612,eurusd_ecb
2014-05-30,1.3607,eurusd_ecb
2014-06-02,1.3611,eurusd_ecb
2014-06-03,1.3645,eurusd_ecb
2014-06-04,1.3627,eurusd_ecb
2014-06-05,1.3567,eurusd_ecb
2014-06-06,1.3642,eurusd_ecb
2014-06-09,1.3608,eurusd_ecb
2014-06-10,1.3547,eurusd_ecb
2014-06-11,1.3547,eurusd_ecb
2014-06-12,1.3528,eurusd_ecb
2014-06-13,1.3534,eurusd_ecb
2014-06-16,1.3532,eurusd_ecb
2014-06-17,1.3568,eurusd_ecb
2014-06-18,1.3563,eurusd_ecb
2014-06-19,1.362,eurusd_ecb
2014-06-20,1.3588,eurusd_ecb
2014-06-23,1.3596,eurusd_ecb
2014-06-24,1.3618,eurusd_ecb
2014-06-25,1.3615,eurusd_ecb
2014-06-26,1.3606,eurusd_ecb
2014-06-27,1.362,eurusd_ecb
2014-06-30,1.3658,eurusd_ecb
2014-07-01,1.3688,eurusd_ecb
2014-07-02,1.3656,eurusd_ecb
2014-07-03,1.3646,eurusd_ecb
2014-07-04,1.3588,eurusd_ecb
2014-07-07,1.3592,eurusd_ecb
2014-07-08,1.3589,eurusd_ecb
2014-07-09,1.3603,eurusd_ecb
2014-07-10,1.3604,eurusd_ecb
2014-07-11,1.3595,eurusd_ecb
2014-07-14,1.3627,eurusd_ecb
2014-07-15,1.3613,eurusd_ecb
2014-07-16,1.3532,eurusd_ecb
2014-07-17,1.3525,eurusd_ecb
2014-07-18,1.3525,eurusd_ecb
2014-07-21,1.3518,eurusd_ecb
2014-07-22,1.3481,eurusd_ecb
2014-07-23,1.3465,eurusd_ecb
2014-07-24,1.3472,eurusd_ecb
2014-07-25,1.344,eurusd_ecb
2014-07-28,1.3433,eurusd_ecb
2014-07-29,1.3429,eurusd_ecb
2014-07-30,1.3401,eurusd_ecb
2014-07-31,1.3379,eurusd_ecb
2014-08-01,1.3395,eurusd_ecb
2014-08-04,1.3422,eurusd_ecb
2014-08-05,1.3382,eurusd_ecb
2014-08-06,1.3345,eurusd_ecb
2014-08-07,1.3368,eurusd_ecb
2014-08-08,1.3388,eurusd_ecb
2014-08-11,1.3386,eurusd_ecb
2014-08-12,1.3346,eurusd_ecb
2014-08-13,1.336,eurusd_ecb
2014-08-14,1.3373,eurusd_ecb
2014-08-15,1.3388,eurusd_ecb
2014-08-18,1.3383,eurusd_ecb
2014-08-19,1.3354,eurusd_ecb
2014-08-20,1.3284,eurusd_ecb
2014-08-21,1.3262,eurusd_ecb
2014-08-22,1.3267,eurusd_ecb
2014-08-25,1.32,eurusd_ecb
2014-08-26,1.3192,eurusd_ecb
2014-08-27,1.3177,eurusd_ecb
2014-08-28,1.3178,eurusd_ecb
2014-08-29,1.3188,eurusd_ecb
2014-09-01,1.3133,eurusd_ecb
2014-09-02,1.3115,eurusd_ecb
2014-09-03,1.3151,eurusd_ecb
2014-09-04,1.3015,eurusd_ecb
2014-09-05,1.2948,eurusd_ecb
2014-09-08,1.2947,eurusd_ecb
2014-09-09,1.2902,eurusd_ecb
2014-09-10,1.2929,eurusd_ecb
2014-09-11,1.2928,eurusd_ecb
2014-09-12,1.2931,eurusd_ecb
2014-09-15,1.2911,eurusd_ecb
2014-09-16,1.2949,eurusd_ecb
2014-09-17,1.2956,eurusd_ecb
2014-09-18,1.2872,eurusd_ecb
2014-09-19,1.2852,eurusd_ecb
2014-09-22,1.2845,eurusd_ecb
2014-09-23,1.2892,eurusd_ecb
2014-09-24,1.2826,eurusd_ecb
2014-09-25,1.2712,eurusd_ecb
2014-09-26,1.2732,eurusd_ecb
2014-09-29,1.2701,eurusd_ecb
2014-09-30,1.2583,eurusd_ecb
2014-10-01,1.2603,eurusd_ecb
2014-10-02,1.2631,eurusd_ecb
2014-10-03,1.2616,eurusd_ecb
2014-10-06,1.2565,eurusd_ecb
2014-10-07,1.2607,eurusd_ecb
2014-10-08,1.2645,eurusd_ecb
2014-10-09,1.2763,eurusd_ecb
2014-10-10,1.2638,eurusd_ecb
2014-10-13,1.2679,eurusd_ecb
2014-10-14,1.2646,eurusd_ecb
2014-10-15,1.2666,eurusd_ecb
2014-10-16,1.2749,eurusd_ecb
2014-10-17,1.2823,eurusd_ecb
2014-10-20,1.2773,eurusd_ecb
2014-10-21,1.2762,eurusd_ecb
2014-10-22,1.2693,eurusd_ecb
2014-10-23,1.2669,eurusd_ecb
2014-10-24,1.2659,eurusd_ecb
2014-10-27,1.2679,eurusd_ecb
2014-10-28,1.2748,eurusd_ecb
2014-10-29,1.2737,eurusd_ecb
2014-10-30,1.2598,eurusd_ecb
2014-10-31,1.2524,eurusd_ecb
2014-11-03,1.2493,eurusd_ecb
2014-11-04,1.2514,eurusd_ecb
2014-11-05,1.248,eurusd_ecb
2014-11-06,1.2517,eurusd_ecb
2014-11-07,1.2393,eurusd_ecb
2014-11-10,1.2486,eurusd_ecb
2014-11-11,1.2424,eurusd_ecb
2014-11-12,1.2467,eurusd_ecb
2014-11-13,1.2456,eurusd_ecb
2014-11-14,1.2436,eurusd_ecb
2014-11-17,1.2496,eurusd_ecb
2014-11-18,1.2514,eurusd_ecb
2014-11-19,1.2535,eurusd_ecb
2014-11-20,1.2539,eurusd_ecb
2014-11-21,1.2422,eurusd_ecb
2014-11-24,1.241,eurusd_ecb
2014-11-25,1.2424,eurusd_ecb
2014-11-26,1.2475,eurusd_ecb
2014-11-27,1.248,eurusd_ecb
2014-11-28,1.2483,eurusd_ecb
2014-12-01,1.2469,eurusd_ecb
2014-12-02,1.2424,eurusd_ecb
2014-12-03,1.2331,eurusd_ecb
2014-12-04,1.2311,eurusd_ecb
2014-12-05,1.2362,eurusd_ecb
2014-12-08,1.2258,eurusd_ecb
2014-12-09,1.2369,eurusd_ecb
2014-12-10,1.2392,eurusd_ecb
2014-12-11,1.2428,eurusd_ecb
2014-12-12,1.245,eurusd_ecb
2014-12-15,1.2426,eurusd_ecb
2014-12-16,1.2537,eurusd_ecb
2014-12-17,1.2448,eurusd_ecb
2014-12-18,1.2285,eurusd_ecb
2014-12-19,1.2279,eurusd_ecb
2014-12-22,1.2259,eurusd_ecb
2014-12-23,1.2213,eurusd_ecb
2014-12-24,1.2219,eurusd_ecb
2014-12-29,1.2197,eurusd_ecb
2014-12-30,1.216,eurusd_ecb
2014-12-31,1.2141,eurusd_ecb
2015-01-02,1.2043,eurusd_ecb
2015-01-05,1.1915,eurusd_ecb
2015-01-06,1.1914,eurusd_ecb
2015-01-07,1.1831,eurusd_ecb
2015-01-08,1.1768,eurusd_ecb
2015-01-09,1.1813,eurusd_ecb
2015-01-12,1.1804,eurusd_ecb
2015-01-13,1.1782,eurusd_ecb
2015-01-14,1.1775,eurusd_ecb
2015-01-15,1.1708,eurusd_ecb
2015-01-16,1.1588,eurusd_ecb
2015-01-19,1.1605,eurusd_ecb
2015-01-20,1.1579,eurusd_ecb
2015-01-21,1.1593,eurusd_ecb
2015-01-22,1.1618,eurusd_ecb
2015-01-23,1.1198,eurusd_ecb
2015-01-26,1.1244,eurusd_ecb
2015-01-27,1.1306,eurusd_ecb
2015-01-28,1.1344,eurusd_ecb
2015-01-29,1.1315,eurusd_ecb
2015-01-30,1.1305,eurusd_ecb
2015-02-02,1.131,eurusd_ecb
2015-02-03,1.1376,eurusd_ecb
2015-02-04,1.1446,eurusd_ecb
2015-02-05,1.141,eurusd_ecb
2015-02-06,1.1447,eurusd_ecb
2015-02-09,1.1275,eurusd_ecb
2015-02-10,1.1297,eurusd_ecb
2015-02-11,1.1314,eurusd_ecb
2015-02-12,1.1328,eurusd_ecb
2015-02-13,1.1381,eurusd_ecb
2015-02-16,1.1408,eurusd_ecb
2015-02-17,1.1415,eurusd_ecb
2015-02-18,1.1372,eurusd_ecb
2015-02-19,1.1387,eurusd_ecb
2015-02-20,1.1298,eurusd_ecb
2015-02-23,1.1298,eurusd_ecb
2015-02-24,1.1328,eurusd_ecb
2015-02-25,1.1346,eurusd_ecb
2015-02-26,1.1317,eurusd_ecb
2015-02-27,1.124,eurusd_ecb
2015-03-02,1.1227,eurusd_ecb
2015-03-03,1.1168,eurusd_ecb
2015-03-04,1.1124,eurusd_ecb
2015-03-05,1.1069,eurusd_ecb
2015-03-06,1.0963,eurusd_ecb
2015-03-09,1.086,eurusd_ecb
2015-03-10,1.0738,eurusd_ecb
2015-03-11,1.0578,eurusd_ecb
2015-03-12,1.0613,eurusd_ecb
2015-03-13,1.0572,eurusd_ecb
2015-03-16,1.0557,eurusd_ecb
2015-03-17,1.0635,eurusd_ecb
2015-03-18,1.0592,eurusd_ecb
2015-03-19,1.0677,eurusd_ecb
2015-03-20,1.0776,eurusd_ecb
2015-03-23,1.0912,eurusd_ecb
2015-03-24,1.095,eurusd_ecb
2015-03-25,1.0985,eurusd_ecb
2015-03-26,1.0973,eurusd_ecb
2015-03-27,1.0856,eurusd_ecb
2015-03-30,1.0845,eurusd_ecb
2015-03-31,1.0759,eurusd_ecb
2015-04-01,1.0755,eurusd_ecb
2015-04-02,1.083,eurusd_ecb
2015-04-07,1.0847,eurusd_ecb
2015-04-08,1.0862,eurusd_ecb
2015-04-09,1.0774,eurusd_ecb
2015-04-10,1.057,eurusd_ecb
2015-04-13,1.0552,eurusd_ecb
2015-04-14,1.0564,eurusd_ecb
2015-04-15,1.0579,eurusd_ecb
2015-04-16,1.0711,eurusd_ecb
2015-04-17,1.0814,eurusd_ecb
2015-04-20,1.0723,eurusd_ecb
2015-04-21,1.07,eurusd_ecb
2015-04-22,1.0743,eurusd_ecb
2015-04-23,1.0772,eurusd_ecb
2015-04-24,1.0824,eurusd_ecb
2015-04-27,1.0822,eurusd_ecb
2015-04-28,1.0927,eurusd_ecb
2015-04-29,1.1002,eurusd_ecb
2015-04-30,1.1215,eurusd_ecb
2015-05-04,1.1152,eurusd_ecb
2015-05-05,1.1117,eurusd_ecb
2015-05-06,1.123,eurusd_ecb
2015-05-07,1.1305,eurusd_ecb
2015-05-08,1.1221,eurusd_ecb
2015-05-11,1.1142,eurusd_ecb
2015-05-12,1.1239,eurusd_ecb
2015-05-13,1.1221,eurusd_ecb
2015-05-14,1.1419,eurusd_ecb
2015-05-15,1.1328,eurusd_ecb
2015-05-18,1.1389,eurusd_ecb
2015-05-19,1.118,eurusd_ecb
2015-05-20,1.1118,eurusd_ecb
2015-05-21,1.1133,eurusd_ecb
2015-05-22,1.1164,eurusd_ecb
2015-05-25,1.0978,eurusd_ecb
2015-05-26,1.0926,eurusd_ecb
2015-05-27,1.0863,eurusd_ecb
2015-05-28,1.0896,eurusd_ecb
2015-05-29,1.097,eurusd_ecb
2015-06-01,1.0944,eurusd_ecb
2015-06-02,1.1029,eurusd_ecb
2015-06-03,1.1134,eurusd_ecb
2015-06-04,1.1317,eurusd_ecb
2015-06-05,1.1218,eurusd_ecb
2015-06-08,1.1162,eurusd_ecb
2015-06-09,1.1249,eurusd_ecb
2015-06-10,1.1279,eurusd_ecb
2015-06-11,1.1232,eurusd_ecb
2015-06-12,1.122,eurusd_ecb
2015-06-15,1.1218,eurusd_ecb
2015-06-16,1.1215,eurusd_ecb
2015-06-17,1.1279,eurusd_ecb
2015-06-18,1.1404,eurusd_ecb
2015-06-19,1.1299,eurusd_ecb
2015-06-22,1.1345,eurusd_ecb
2015-06-23,1.1204,eurusd_ecb
2015-06-24,1.1213,eurusd_ecb
2015-06-25,1.1206,eurusd_ecb
2015-06-26,1.1202,eurusd_ecb
2015-06-29,1.1133,eurusd_ecb
2015-06-30,1.1189,eurusd_ecb
2015-07-01,1.11,eurusd_ecb
2015-07-02,1.1066,eurusd_ecb
2015-07-03,1.1096,eurusd_ecb
2015-07-06,1.1008,eurusd_ecb
2015-07-07,1.0931,eurusd_ecb
2015-07-08,1.1024,eurusd_ecb
2015-07-09,1.1054,eurusd_ecb
2015-07-10,1.1185,eurusd_ecb
2015-07-13,1.1049,eurusd_ecb
2015-07-14,1.1031,eurusd_ecb
2015-07-15,1.1009,eurusd_ecb
2015-07-16,1.0867,eurusd_ecb
2015-07-17,1.0889,eurusd_ecb
2015-07-20,1.0852,eurusd_ecb
2015-07-21,1.0867,eurusd_ecb
2015-07-22,1.0902,eurusd_ecb
2015-07-23,1.0999,eurusd_ecb
2015-07-24,1.0939,eurusd_ecb
2015-07-27,1.1058,eurusd_ecb
2015-07-28,1.1025,eurusd_ecb
2015-07-29,1.103,eurusd_ecb
2015-07-30,1.0955,eurusd_ecb
2015-07-31,1.0967,eurusd_ecb
2015-08-03,1.0951,eurusd_ecb
2015-08-04,1.0973,eurusd_ecb
2015-08-05,1.0883,eurusd_ecb
2015-08-06,1.0885,eurusd_ecb
2015-08-07,1.0941,eurusd_ecb
2015-08-10,1.096,eurusd_ecb
2015-08-11,1.1055,eurusd_ecb
2015-08-12,1.1155,eurusd_ecb
2015-08-13,1.1109,eurusd_ecb
2015-08-14,1.1171,eurusd_ecb
2015-08-17,1.11,eurusd_ecb
2015-08-18,1.106,eurusd_ecb
2015-08-19,1.1041,eurusd_ecb
2015-08-20,1.1183,eurusd_ecb
2015-08-21,1.1281,eurusd_ecb
2015-08-24,1.1497,eurusd_ecb
2015-08-25,1.1506,eurusd_ecb
2015-08-26,1.1402,eurusd_ecb
2015-08-27,1.1284,eurusd_ecb
2015-08-28,1.1268,eurusd_ecb
2015-08-31,1.1215,eurusd_ecb
2015-09-01,1.1236,eurusd_ecb
2015-09-02,1.1255,eurusd_ecb
2015-09-03,1.1229,eurusd_ecb
2015-09-04,1.1138,eurusd_ecb
2015-09-07,1.1146,eurusd_ecb
2015-09-08,1.1162,eurusd_ecb
2015-09-09,1.1139,eurusd_ecb
2015-09-10,1.1185,eurusd_ecb
2015-09-11,1.1268,eurusd_ecb
2015-09-14,1.1305,eurusd_ecb
2015-09-15,1.132,eurusd_ecb
2015-09-16,1.1228,eurusd_ecb
2015-09-17,1.1312,eurusd_ecb
2015-09-18,1.1419,eurusd_ecb
2015-09-21,1.125,eurusd_ecb
2015-09-22,1.1155,eurusd_ecb
2015-09-23,1.115,eurusd_ecb
2015-09-24,1.1241,eurusd_ecb
2015-09-25,1.1151,eurusd_ecb
2015-09-28,1.117,eurusd_ecb
2015-09-29,1.1204,eurusd_ecb
2015-09-30,1.1203,eurusd_ecb
2015-10-01,1.1153,eurusd_ecb
2015-10-02,1.116,eurusd_ecb
2015-10-05,1.1236,eurusd_ecb
2015-10-06,1.1224,eurusd_ecb
2015-10-07,1.1266,eurusd_ecb
2015-10-08,1.1254,eurusd_ecb
2015-10-09,1.1362,eurusd_ecb
2015-10-12,1.1373,eurusd_ecb
2015-10-13,1.1374,eurusd_ecb
2015-10-14,1.141,eurusd_ecb
2015-10-15,1.1439,eurusd_ecb
2015-10-16,1.136,eurusd_ecb
2015-10-19,1.1333,eurusd_ecb
2015-10-20,1.1373,eurusd_ecb
2015-10-21,1.1354,eurusd_ecb
2015-10-22,1.1313,eurusd_ecb
2015-10-23,1.1084,eurusd_ecb
2015-10-26,1.1011,eurusd_ecb
2015-10-27,1.1061,eurusd_ecb
2015-10-28,1.1085,eurusd_ecb
2015-10-29,1.093,eurusd_ecb
2015-10-30,1.1017,eurusd_ecb
2015-11-02,1.1032,eurusd_ecb
2015-11-03,1.0976,eurusd_ecb
2015-11-04,1.0935,eurusd_ecb
2015-11-05,1.0883,eurusd_ecb
2015-11-06,1.0864,eurusd_ecb
2015-11-09,1.0776,eurusd_ecb
2015-11-10,1.0711,eurusd_ecb
2015-11-11,1.0716,eurusd_ecb
2015-11-12,1.0726,eurusd_ecb
2015-11-13,1.0764,eurusd_ecb
2015-11-16,1.0723,eurusd_ecb
2015-11-17,1.067,eurusd_ecb
2015-11-18,1.0666,eurusd_ecb
2015-11-19,1.0687,eurusd_ecb
2015-11-20,1.0688,eurusd_ecb
2015-11-23,1.0631,eurusd_ecb
2015-11-24,1.0651,eurusd_ecb
2015-11-25,1.0586,eurusd_ecb
2015-11-26,1.0612,eurusd_ecb
2015-11-27,1.058,eurusd_ecb
2015-11-30,1.0579,eurusd_ecb
2015-12-01,1.06,eurusd_ecb
2015-12-02,1.0612,eurusd_ecb
2015-12-03,1.0671,eurusd_ecb
2015-12-04,1.0902,eurusd_ecb
2015-12-07,1.0809,eurusd_ecb
2015-12-08,1.0875,eurusd_ecb
2015-12-09,1.0941,eurusd_ecb
2015-12-10,1.0943,eurusd_ecb
2015-12-11,1.095,eurusd_ecb
2015-12-14,1.0983,eurusd_ecb
2015-12-15,1.099,eurusd_ecb
2015-12-16,1.0933,eurusd_ecb
2015-12-17,1.0841,eurusd_ecb
2015-12-18,1.0836,eurusd_ecb
2015-12-21,1.087,eurusd_ecb
2015-12-22,1.0952,eurusd_ecb
2015-12-23,1.0916,eurusd_ecb
2015-12-24,1.0947,eurusd_ecb
2015-12-28,1.0962,eurusd_ecb
2015-12-29,1.0952,eurusd_ecb
2015-12-30,1.0926,eurusd_ecb
2015-12-31,1.0887,eurusd_ecb
2016-01-04,1.0898,eurusd_ecb
2016-01-05,1.0746,eurusd_ecb
2016-01-06,1.0742,eurusd_ecb
2016-01-07,1.0868,eurusd_ecb
2016-01-08,1.0861,eurusd_ecb
2016-01-11,1.0888,eurusd_ecb
2016-01-12,1.0836,eurusd_ecb
2016-01-13,1.0816,eurusd_ecb
2016-01-14,1.0893,eurusd_ecb
2016-01-15,1.0914,eurusd_ecb
2016-01-18,1.0892,eurusd_ecb
2016-01-19,1.0868,eurusd_ecb
2016-01-20,1.0907,eurusd_ecb
2016-01-21,1.0893,eurusd_ecb
2016-01-22,1.0808,eurusd_ecb
2016-01-25,1.0815,eurusd_ecb
2016-01-26,1.0837,eurusd_ecb
2016-01-27,1.0888,eurusd_ecb
2016-01-28,1.0903,eurusd_ecb
2016-01-29,1.092,eurusd_ecb
2016-02-01,1.0884,eurusd_ecb
2016-02-02,1.0919,eurusd_ecb
2016-02-03,1.0933,eurusd_ecb
2016-02-04,1.1206,eurusd_ecb
2016-02-05,1.1202,eurusd_ecb
2016-02-08,1.1101,eurusd_ecb
2016-02-09,1.1236,eurusd_ecb
2016-02-10,1.1257,eurusd_ecb
2016-02-11,1.1347,eurusd_ecb
2016-02-12,1.1275,eurusd_ecb
2016-02-15,1.118,eurusd_ecb
2016-02-16,1.1166,eurusd_ecb
2016-02-17,1.1136,eurusd_ecb
2016-02-18,1.1084,eurusd_ecb
2016-02-19,1.1096,eurusd_ecb
2016-02-22,1.1026,eurusd_ecb
2016-02-23,1.1002,eurusd_ecb
2016-02-24,1.0981,eurusd_ecb
2016-02-25,1.1027,eurusd_ecb
2016-02-26,1.1006,eurusd_ecb
2016-02-29,1.0888,eurusd_ecb
2016-03-01,1.0872,eurusd_ecb
2016-03-02,1.0856,eurusd_ecb
2016-03-03,1.0901,eurusd_ecb
2016-03-04,1.097,eurusd_ecb
2016-03-07,1.0953,eurusd_ecb
2016-03-08,1.1028,eurusd_ecb
2016-03-09,1.0973,eurusd_ecb
2016-03-10,1.0857,eurusd_ecb
2016-03-11,1.109,eurusd_ecb
2016-03-14,1.1119,eurusd_ecb
2016-03-15,1.1109,eurusd_ecb
2016-03-16,1.1064,eurusd_ecb
2016-03-17,1.1311,eurusd_ecb
2016-03-18,1.1279,eurusd_ecb
2016-03-21,1.1271,eurusd_ecb
2016-03-22,1.1212,eurusd_ecb
2016-03-23,1.1171,eurusd_ecb
2016-03-24,1.1154,eurusd_ecb
2016-03-29,1.1194,eurusd_ecb
2016-03-30,1.1324,eurusd_ecb
2016-03-31,1.1385,eurusd_ecb
2016-04-01,1.1432,eurusd_ecb
2016-04-04,1.138,eurusd_ecb
2016-04-05,1.1367,eurusd_ecb
2016-04-06,1.1336,eurusd_ecb
2016-04-07,1.1364,eurusd_ecb
2016-04-08,1.1363,eurusd_ecb
2016-04-11,1.139,eurusd_ecb
2016-04-12,1.1396,eurusd_ecb
2016-04-13,1.1298,eurusd_ecb
2016-04-14,1.1252,eurusd_ecb
2016-04-15,1.1284,eurusd_ecb
2016-04-18,1.1306,eurusd_ecb
2016-04-19,1.1343,eurusd_ecb
2016-04-20,1.1379,eurusd_ecb
2016-04-21,1.1355,eurusd_ecb
2016-04-22,1.1263,eurusd_ecb
2016-04-25,1.1264,eurusd_ecb
2016-04-26,1.1287,eurusd_ecb
2016-04-27,1.1303,eurusd_ecb
2016-04-28,1.1358,eurusd_ecb
2016-04-29,1.1403,eurusd_ecb
2016-05-02,1.1493,eurusd_ecb
2016-05-03,1.1569,eurusd_ecb
2016-05-04,1.1505,eurusd_ecb
2016-05-05,1.1439,eurusd_ecb
2016-05-06,1.1427,eurusd_ecb
2016-05-09,1.1395,eurusd_ecb
2016-05-10,1.1375,eurusd_ecb
2016-05-11,1.1409,eurusd_ecb
2016-05-12,1.1389,eurusd_ecb
2016-05-13,1.1348,eurusd_ecb
2016-05-16,1.1324,eurusd_ecb
2016-05-17,1.1318,eurusd_ecb
2016-05-18,1.1279,eurusd_ecb
2016-05-19,1.1197,eurusd_ecb
2016-05-20,1.1219,eurusd_ecb
2016-05-23,1.1215,eurusd_ecb
2016-05-24,1.1168,eurusd_ecb
2016-05-25,1.1146,eurusd_ecb
2016-05-26,1.1168,eurusd_ecb
2016-05-27,1.1168,eurusd_ecb
2016-05-30,1.1139,eurusd_ecb
2016-05-31,1.1154,eurusd_ecb
2016-06-01,1.1174,eurusd_ecb
2016-06-02,1.1188,eurusd_ecb
2016-06-03,1.1154,eurusd_ecb
2016-06-06,1.1349,eurusd_ecb
2016-06-07,1.1348,eurusd_ecb
2016-06-08,1.1378,eurusd_ecb
2016-06-09,1.1343,eurusd_ecb
2016-06-10,1.1304,eurusd_ecb
2016-06-13,1.1268,eurusd_ecb
2016-06-14,1.1225,eurusd_ecb
2016-06-15,1.123,eurusd_ecb
2016-06-16,1.1174,eurusd_ecb
2016-06-17,1.1254,eurusd_ecb
2016-06-20,1.1332,eurusd_ecb
2016-06-21,1.1314,eurusd_ecb
2016-06-22,1.1283,eurusd_ecb
2016-06-23,1.1389,eurusd_ecb
2016-06-24,1.1066,eurusd_ecb
2016-06-27,1.0998,eurusd_ecb
2016-06-28,1.1073,eurusd_ecb
2016-06-29,1.109,eurusd_ecb
2016-06-30,1.1102,eurusd_ecb
2016-07-01,1.1135,eurusd_ecb
2016-07-04,1.1138,eurusd_ecb
2016-07-05,1.1146,eurusd_ecb
2016-07-06,1.1069,eurusd_ecb
2016-07-07,1.108,eurusd_ecb
2016-07-08,1.107,eurusd_ecb
2016-07-11,1.1049,eurusd_ecb
2016-07-12,1.1092,eurusd_ecb
2016-07-13,1.1072,eurusd_ecb
2016-07-14,1.1157,eurusd_ecb
2016-07-15,1.1128,eurusd_ecb
2016-07-18,1.1053,eurusd_ecb
2016-07-19,1.1035,eurusd_ecb
2016-07-20,1.1013,eurusd_ecb
2016-07-21,1.1015,eurusd_ecb
2016-07-22,1.1014,eurusd_ecb
2016-07-25,1.0982,eurusd_ecb
2016-07-26,1.0997,eurusd_ecb
2016-07-27,1.0991,eurusd_ecb
2016-07-28,1.109,eurusd_ecb
2016-07-29,1.1113,eurusd_ecb
2016-08-01,1.1164,eurusd_ecb
2016-08-02,1.1193,eurusd_ecb
2016-08-03,1.12,eurusd_ecb
2016-08-04,1.1136,eurusd_ecb
2016-08-05,1.1156,eurusd_ecb
2016-08-08,1.1087,eurusd_ecb
2016-08-09,1.1078,eurusd_ecb
2016-08-10,1.1184,eurusd_ecb
2016-08-11,1.1153,eurusd_ecb
2016-08-12,1.1158,eurusd_ecb
2016-08-15,1.118,eurusd_ecb
2016-08-16,1.1295,eurusd_ecb
2016-08-17,1.1276,eurusd_ecb
2016-08-18,1.1321,eurusd_ecb
2016-08-19,1.1326,eurusd_ecb
2016-08-22,1.1306,eurusd_ecb
2016-08-23,1.1339,eurusd_ecb
2016-08-24,1.1268,eurusd_ecb
2016-08-25,1.129,eurusd_ecb
2016-08-26,1.129,eurusd_ecb
2016-08-29,1.117,eurusd_ecb
2016-08-30,1.1168,eurusd_ecb
2016-08-31,1.1132,eurusd_ecb
2016-09-01,1.1146,eurusd_ecb
2016-09-02,1.1193,eurusd_ecb
2016-09-05,1.1156,eurusd_ecb
2016-09-06,1.1159,eurusd_ecb
2016-09-07,1.1237,eurusd_ecb
2016-09-08,1.1296,eurusd_ecb
2016-09-09,1.1268,eurusd_ecb
2016-09-12,1.1226,eurusd_ecb
2016-09-13,1.1247,eurusd_ecb
2016-09-14,1.1218,eurusd_ecb
2016-09-15,1.1254,eurusd_ecb
2016-09-16,1.1226,eurusd_ecb
2016-09-19,1.1165,eurusd_ecb
2016-09-20,1.1184,eurusd_ecb
2016-09-21,1.115,eurusd_ecb
2016-09-22,1.1238,eurusd_ecb
2016-09-23,1.1214,eurusd_ecb
2016-09-26,1.1262,eurusd_ecb
2016-09-27,1.122,eurusd_ecb
2016-09-28,1.1225,eurusd_ecb
2016-09-29,1.1221,eurusd_ecb
2016-09-30,1.1161,eurusd_ecb
2016-10-03,1.1236,eurusd_ecb
2016-10-04,1.1161,eurusd_ecb
2016-10-05,1.1211,eurusd_ecb
2016-10-06,1.1185,eurusd_ecb
2016-10-07,1.114,eurusd_ecb
2016-10-10,1.116,eurusd_ecb
2016-10-11,1.1079,eurusd_ecb
2016-10-12,1.102,eurusd_ecb
2016-10-13,1.1038,eurusd_ecb
2016-10-14,1.1002,eurusd_ecb
2016-10-17,1.0994,eurusd_ecb
2016-10-18,1.0993,eurusd_ecb
2016-10-19,1.0979,eurusd_ecb
2016-10-20,1.098,eurusd_ecb
2016-10-21,1.0886,eurusd_ecb
2016-10-24,1.0891,eurusd_ecb
2016-10-25,1.0872,eurusd_ecb
2016-10-26,1.0925,eurusd_ecb
2016-10-27,1.0927,eurusd_ecb
2016-10-28,1.0922,eurusd_ecb
2016-10-31,1.0946,eurusd_ecb
2016-11-01,1.1025,eurusd_ecb
2016-11-02,1.1095,eurusd_ecb
2016-11-03,1.1064,eurusd_ecb
2016-11-04,1.1093,eurusd_ecb
2016-11-07,1.1062,eurusd_ecb
2016-11-08,1.1038,eurusd_ecb
2016-11-09,1.1022,eurusd_ecb
2016-11-10,1.0895,eurusd_ecb
2016-11-11,1.0904,eurusd_ecb
2016-11-14,1.0777,eurusd_ecb
2016-11-15,1.0765,eurusd_ecb
2016-11-16,1.0702,eurusd_ecb
2016-11-17,1.0717,eurusd_ecb
2016-11-18,1.0629,eurusd_ecb
2016-11-21,1.0631,eurusd_ecb
2016-11-22,1.0617,eurusd_ecb
2016-11-23,1.0602,eurusd_ecb
2016-11-24,1.0548,eurusd_ecb
2016-11-25,1.0592,eurusd_ecb
2016-11-28,1.0588,eurusd_ecb
2016-11-29,1.0576,eurusd_ecb
2016-11-30,1.0635,eurusd_ecb
2016-12-01,1.0627,eurusd_ecb
2016-12-02,1.0642,eurusd_ecb
2016-12-05,1.0702,eurusd_ecb
2016-12-06,1.0734,eurusd_ecb
2016-12-07,1.073,eurusd_ecb
2016-12-08,1.0762,eurusd_ecb
2016-12-09,1.0559,eurusd_ecb
2016-12-12,1.0596,eurusd_ecb
2016-12-13,1.061,eurusd_ecb
2016-12-14,1.0644,eurusd_ecb
2016-12-15,1.0419,eurusd_ecb
2016-12-16,1.0439,eurusd_ecb
2016-12-19,1.0422,eurusd_ecb
2016-12-20,1.0364,eurusd_ecb
2016-12-21,1.0421,eurusd_ecb
2016-12-22,1.0444,eurusd_ecb
2016-12-23,1.0446,eurusd_ecb
2016-12-27,1.0445,eurusd_ecb
2016-12-28,1.0401,eurusd_ecb
2016-12-29,1.0453,eurusd_ecb
2016-12-30,1.0541,eurusd_ecb
2017-01-02,1.0465,eurusd_ecb
2017-01-03,1.0385,eurusd_ecb
2017-01-04,1.0437,eurusd_ecb
2017-01-05,1.0501,eurusd_ecb
2017-01-06,1.0589,eurusd_ecb
2017-01-09,1.0516,eurusd_ecb
2017-01-10,1.0567,eurusd_ecb
2017-01-11,1.0503,eurusd_ecb
2017-01-12,1.0679,eurusd_ecb
2017-01-13,1.0661,eurusd_ecb
2017-01-16,1.0594,eurusd_ecb
2017-01-17,1.0684,eurusd_ecb
2017-01-18,1.0664,eurusd_ecb
2017-01-19,1.0668,eurusd_ecb
2017-01-20,1.0632,eurusd_ecb
2017-01-23,1.0715,eurusd_ecb
2017-01-24,1.0748,eurusd_ecb
2017-01-25,1.0743,eurusd_ecb
2017-01-26,1.07,eurusd_ecb
2017-01-27,1.0681,eurusd_ecb
2017-01-30,1.063,eurusd_ecb
2017-01-31,1.0755,eurusd_ecb
2017-02-01,1.079,eurusd_ecb
2017-02-02,1.0808,eurusd_ecb
2017-02-03,1.0741,eurusd_ecb
2017-02-06,1.0712,eurusd_ecb
2017-02-07,1.0675,eurusd_ecb
2017-02-08,1.0665,eurusd_ecb
2017-02-09,1.0692,eurusd_ecb
2017-02-10,1.0629,eurusd_ecb
2017-02-13,1.0629,eurusd_ecb
2017-02-14,1.0623,eurusd_ecb
2017-02-15,1.0555,eurusd_ecb
2017-02-16,1.0652,eurusd_ecb
2017-02-17,1.065,eurusd_ecb
2017-02-20,1.0616,eurusd_ecb
2017-02-21,1.0537,eurusd_ecb
2017-02-22,1.0513,eurusd_ecb
2017-02-23,1.0573,eurusd_ecb
2017-02-24,1.0609,eurusd_ecb
2017-02-27,1.0587,eurusd_ecb
2017-02-28,1.0597,eurusd_ecb
2017-03-01,1.0533,eurusd_ecb
2017-03-02,1.0514,eurusd_ecb
2017-03-03,1.0565,eurusd_ecb
2017-03-06,1.0592,eurusd_ecb
2017-03-07,1.0576,eurusd_ecb
2017-03-08,1.0556,eurusd_ecb
2017-03-09,1.0551,eurusd_ecb
2017-03-10,1.0606,eurusd_ecb
2017-03-13,1.0663,eurusd_ecb
2017-03-14,1.0631,eurusd_ecb
2017-03-15,1.0622,eurusd_ecb
2017-03-16,1.0726,eurusd_ecb
2017-03-17,1.0737,eurusd_ecb
2017-03-20,1.0752,eurusd_ecb
2017-03-21,1.0802,eurusd_ecb
2017-03-22,1.0807,eurusd_ecb
2017-03-23,1.0786,eurusd_ecb
2017-03-24,1.0805,eurusd_ecb
2017-03-27,1.0889,eurusd_ecb
2017-03-28,1.0859,eurusd_ecb
2017-03-29,1.0748,eurusd_ecb
2017-03-30,1.0737,eurusd_ecb
2017-03-31,1.0691,eurusd_ecb
2017-04-03,1.0661,eurusd_ecb
2017-04-04,1.0651,eurusd_ecb
2017-04-05,1.0678,eurusd_ecb
2017-04-06,1.0666,eurusd_ecb
2017-04-07,1.063,eurusd_ecb
2017-04-10,1.0578,eurusd_ecb
2017-04-11,1.0616,eurusd_ecb
2017-04-12,1.0605,eurusd_ecb
2017-04-13,1.063,eurusd_ecb
2017-04-18,1.0682,eurusd_ecb
2017-04-19,1.0725,eurusd_ecb
2017-04-20,1.0745,eurusd_ecb
2017-04-21,1.0698,eurusd_ecb
2017-04-24,1.0848,eurusd_ecb
2017-04-25,1.0891,eurusd_ecb
2017-04-26,1.0893,eurusd_ecb
2017-04-27,1.0881,eurusd_ecb
2017-04-28,1.093,eurusd_ecb
2017-05-02,1.0915,eurusd_ecb
2017-05-03,1.0919,eurusd_ecb
2017-05-04,1.0927,eurusd_ecb
2017-05-05,1.0961,eurusd_ecb
2017-05-08,1.0938,eurusd_ecb
2017-05-09,1.0888,eurusd_ecb
2017-05-10,1.0882,eurusd_ecb
2017-05-11,1.086,eurusd_ecb
2017-05-12,1.0876,eurusd_ecb
2017-05-15,1.0972,eurusd_ecb
2017-05-16,1.1059,eurusd_ecb
2017-05-17,1.1117,eurusd_ecb
2017-05-18,1.1129,eurusd_ecb
2017-05-19,1.1179,eurusd_ecb
2017-05-22,1.1243,eurusd_ecb
2017-05-23,1.1215,eurusd_ecb
2017-05-24,1.1193,eurusd_ecb
2017-05-25,1.1214,eurusd_ecb
2017-05-26,1.1196,eurusd_ecb
2017-05-29,1.1188,eurusd_ecb
2017-05-30,1.1173,eurusd_ecb
2017-05-31,1.1221,eurusd_ecb
2017-06-01,1.1219,eurusd_ecb
2017-06-02,1.1217,eurusd_ecb
2017-06-05,1.1249,eurusd_ecb
2017-06-06,1.1258,eurusd_ecb
2017-06-07,1.1217,eurusd_ecb
2017-06-08,1.1229,eurusd_ecb
2017-06-09,1.1176,eurusd_ecb
2017-06-12,1.1221,eurusd_ecb
2017-06-13,1.1217,eurusd_ecb
2017-06-14,1.1203,eurusd_ecb
2017-06-15,1.1166,eurusd_ecb
2017-06-16,1.1167,eurusd_ecb
2017-06-19,1.1199,eurusd_ecb
2017-06-20,1.1156,eurusd_ecb
2017-06-21,1.1147,eurusd_ecb
2017-06-22,1.1169,eurusd_ecb
2017-06-23,1.1173,eurusd_ecb
2017-06-26,1.1187,eurusd_ecb
2017-06-27,1.1278,eurusd_ecb
2017-06-28,1.1375,eurusd_ecb
2017-06-29,1.1413,eurusd_ecb
2017-06-30,1.1412,eurusd_ecb
2017-07-03,1.1369,eurusd_ecb
2017-07-04,1.1353,eurusd_ecb
2017-07-05,1.1329,eurusd_ecb
2017-07-06,1.1385,eurusd_ecb
2017-07-07,1.1412,eurusd_ecb
2017-07-10,1.1387,eurusd_ecb
2017-07-11,1.1405,eurusd_ecb
2017-07-12,1.1449,eurusd_ecb
2017-07-13,1.1417,eurusd_ecb
2017-07-14,1.1415,eurusd_ecb
2017-07-17,1.1462,eurusd_ecb
2017-07-18,1.1555,eurusd_ecb
2017-07-19,1.1533,eurusd_ecb
2017-07-20,1.1485,eurusd_ecb
2017-07-21,1.1642,eurusd_ecb
2017-07-24,1.1648,eurusd_ecb
2017-07-25,1.1694,eurusd_ecb
2017-07-26,1.1644,eurusd_ecb
2017-07-27,1.1694,eurusd_ecb
2017-07-28,1.1729,eurusd_ecb
2017-07-31,1.1727,eurusd_ecb
2017-08-01,1.1812,eurusd_ecb
2017-08-02,1.1829,eurusd_ecb
2017-08-03,1.186,eurusd_ecb
2017-08-04,1.1868,eurusd_ecb
2017-08-07,1.1797,eurusd_ecb
2017-08-08,1.1814,eurusd_ecb
2017-08-09,1.1731,eurusd_ecb
2017-08-10,1.1732,eurusd_ecb
2017-08-11,1.1765,eurusd_ecb
2017-08-14,1.1797,eurusd_ecb
2017-08-15,1.1744,eurusd_ecb
2017-08-16,1.171,eurusd_ecb
2017-08-17,1.1697,eurusd_ecb
2017-08-18,1.174,eurusd_ecb
2017-08-21,1.1761,eurusd_ecb
2017-08-22,1.1771,eurusd_ecb
2017-08-23,1.1799,eurusd_ecb
2017-08-24,1.1806,eurusd_ecb
2017-08-25,1.1808,eurusd_ecb
2017-08-28,1.1925,eurusd_ecb
2017-08-29,1.2048,eurusd_ecb
2017-08-30,1.1916,eurusd_ecb
2017-08-31,1.1825,eurusd_ecb
2017-09-01,1.192,eurusd_ecb
2017-09-04,1.1905,eurusd_ecb
2017-09-05,1.189,eurusd_ecb
2017-09-06,1.1931,eurusd_ecb
2017-09-07,1.1971,eurusd_ecb
2017-09-08,1.206,eurusd_ecb
2017-09-11,1.1997,eurusd_ecb
2017-09-12,1.1933,eurusd_ecb
2017-09-13,1.1979,eurusd_ecb
2017-09-14,1.1885,eurusd_ecb
2017-09-15,1.1963,eurusd_ecb
2017-09-18,1.1948,eurusd_ecb
2017-09-19,1.1972,eurusd_ecb
2017-09-20,1.2007,eurusd_ecb
2017-09-21,1.1905,eurusd_ecb
2017-09-22,1.1961,eurusd_ecb
2017-09-25,1.1867,eurusd_ecb
2017-09-26,1.1787,eurusd_ecb
2017-09-27,1.1741,eurusd_ecb
2017-09-28,1.1778,eurusd_ecb
2017-09-29,1.1806,eurusd_ecb
2017-10-02,1.1744,eurusd_ecb
2017-10-03,1.1753,eurusd_ecb
2017-10-04,1.1787,eurusd_ecb
2017-10-05,1.1742,eurusd_ecb
2017-10-06,1.1707,eurusd_ecb
2017-10-09,1.1746,eurusd_ecb
2017-10-10,1.1797,eurusd_ecb
2017-10-11,1.183,eurusd_ecb
2017-10-12,1.1856,eurusd_ecb
2017-10-13,1.181,eurusd_ecb
2017-10-16,1.1803,eurusd_ecb
2017-10-17,1.1759,eurusd_ecb
2017-10-18,1.1749,eurusd_ecb
2017-10-19,1.1834,eurusd_ecb
2017-10-20,1.1818,eurusd_ecb
2017-10-23,1.174,eurusd_ecb
2017-10-24,1.1761,eurusd_ecb
2017-10-25,1.1785,eurusd_ecb
2017-10-26,1.1753,eurusd_ecb
2017-10-27,1.1605,eurusd_ecb
2017-10-30,1.1612,eurusd_ecb
2017-10-31,1.1638,eurusd_ecb
2017-11-01,1.1612,eurusd_ecb
2017-11-02,1.1645,eurusd_ecb
2017-11-03,1.1657,eurusd_ecb
2017-11-06,1.159,eurusd_ecb
2017-11-07,1.1562,eurusd_ecb
2017-11-08,1.159,eurusd_ecb
2017-11-09,1.163,eurusd_ecb
2017-11-10,1.1654,eurusd_ecb
2017-11-13,1.1656,eurusd_ecb
2017-11-14,1.1745,eurusd_ecb
2017-11-15,1.184,eurusd_ecb
2017-11-16,1.1771,eurusd_ecb
2017-11-17,1.1795,eurusd_ecb
2017-11-20,1.1781,eurusd_ecb
2017-11-21,1.1718,eurusd_ecb
2017-11-22,1.1749,eurusd_ecb
2017-11-23,1.1848,eurusd_ecb
2017-11-24,1.1877,eurusd_ecb
2017-11-27,1.1952,eurusd_ecb
2017-11-28,1.1888,eurusd_ecb
2017-11-29,1.1827,eurusd_ecb
2017-11-30,1.1849,eurusd_ecb
2017-12-01,1.1885,eurusd_ecb
2017-12-04,1.1865,eurusd_ecb
2017-12-05,1.1847,eurusd_ecb
2017-12-06,1.1817,eurusd_ecb
2017-12-07,1.1786,eurusd_ecb
2017-12-08,1.1742,eurusd_ecb
2017-12-11,1.1796,eurusd_ecb
2017-12-12,1.1766,eurusd_ecb
2017-12-13,1.1736,eurusd_ecb
2017-12-14,1.1845,eurusd_ecb
2017-12-15,1.1806,eurusd_ecb
2017-12-18,1.1795,eurusd_ecb
2017-12-19,1.1823,eurusd_ecb
2017-12-20,1.1845,eurusd_ecb
2017-12-21,1.1859,eurusd_ecb
2017-12-22,1.1853,eurusd_ecb
2017-12-27,1.1895,eurusd_ecb
2017-12-28,1.1934,eurusd_ecb
2017-12-29,1.1993,eurusd_ecb
2018-01-02,1.2065,eurusd_ecb
2018-01-03,1.2023,eurusd_ecb
2018-01-04,1.2065,eurusd_ecb
2018-01-05,1.2045,eurusd_ecb
2018-01-08,1.1973,eurusd_ecb
2018-01-09,1.1932,eurusd_ecb
2018-01-10,1.1992,eurusd_ecb
2018-01-11,1.2017,eurusd_ecb
2018-01-12,1.2137,eurusd_ecb
2018-01-15,1.2277,eurusd_ecb
2018-01-16,1.223,eurusd_ecb
2018-01-17,1.2203,eurusd_ecb
2018-01-18,1.2235,eurusd_ecb
2018-01-19,1.2255,eurusd_ecb
2018-01-22,1.2239,eurusd_ecb
2018-01-23,1.2249,eurusd_ecb
2018-01-24,1.2352,eurusd_ecb
2018-01-25,1.2407,eurusd_ecb
2018-01-26,1.2436,eurusd_ecb
2018-01-29,1.2379,eurusd_ecb
2018-01-30,1.2421,eurusd_ecb
2018-01-31,1.2457,eurusd_ecb
2018-02-01,1.2459,eurusd_ecb
2018-02-02,1.2492,eurusd_ecb
2018-02-05,1.244,eurusd_ecb
2018-02-06,1.2329,eurusd_ecb
2018-02-07,1.2338,eurusd_ecb
2018-02-08,1.2252,eurusd_ecb
2018-02-09,1.2273,eurusd_ecb
2018-02-12,1.2263,eurusd_ecb
2018-02-13,1.2333,eurusd_ecb
2018-02-14,1.2348,eurusd_ecb
2018-02-15,1.2493,eurusd_ecb
2018-02-16,1.2464,eurusd_ecb
2018-02-19,1.241,eurusd_ecb
2018-02-20,1.234,eurusd_ecb
2018-02-21,1.2312,eurusd_ecb
2018-02-22,1.2276,eurusd_ecb
2018-02-23,1.2299,eurusd_ecb
2018-02-26,1.232,eurusd_ecb
2018-02-27,1.2301,eurusd_ecb
2018-02-28,1.2214,eurusd_ecb
2018-03-01,1.2171,eurusd_ecb
2018-03-02,1.2312,eurusd_ecb
2018-03-05,1.2307,eurusd_ecb
2018-03-06,1.2411,eurusd_ecb
2018-03-07,1.2417,eurusd_ecb
2018-03-08,1.2421,eurusd_ecb
2018-03-09,1.2291,eurusd_ecb
2018-03-12,1.2302,eurusd_ecb
2018-03-13,1.2378,eurusd_ecb
2018-03-14,1.2369,eurusd_ecb
2018-03-15,1.2341,eurusd_ecb
2018-03-16,1.2301,eurusd_ecb
2018-03-19,1.2309,eurusd_ecb
2018-03-20,1.2276,eurusd_ecb
2018-03-21,1.2286,eurusd_ecb
2018-03-22,1.2316,eurusd_ecb
2018-03-23,1.2346,eurusd_ecb
2018-03-26,1.2411,eurusd_ecb
2018-03-27,1.2376,eurusd_ecb
2018-03-28,1.2398,eurusd_ecb
2018-03-29,1.2321,eurusd_ecb
2018-04-03,1.2308,eurusd_ecb
2018-04-04,1.2276,eurusd_ecb
2018-04-05,1.226,eurusd_ecb
2018-04-06,1.2234,eurusd_ecb
2018-04-09,1.2304,eurusd_ecb
2018-04-10,1.2361,eurusd_ecb
2018-04-11,1.2384,eurusd_ecb
2018-04-12,1.2323,eurusd_ecb
2018-04-13,1.2317,eurusd_ecb
2018-04-16,1.237,eurusd_ecb
2018-04-17,1.2357,eurusd_ecb
2018-04-18,1.2388,eurusd_ecb
2018-04-19,1.2382,eurusd_ecb
2018-04-20,1.2309,eurusd_ecb
2018-04-23,1.2238,eurusd_ecb
2018-04-24,1.2213,eurusd_ecb
2018-04-25,1.2185,eurusd_ecb
2018-04-26,1.2168,eurusd_ecb
2018-04-27,1.207,eurusd_ecb
2018-04-30,1.2079,eurusd_ecb
2018-05-02,1.2007,eurusd_ecb
2018-05-03,1.1992,eurusd_ecb
2018-05-04,1.1969,eurusd_ecb
2018-05-07,1.1902,eurusd_ecb
2018-05-08,1.187,eurusd_ecb
2018-05-09,1.1879,eurusd_ecb
2018-05-10,1.1878,eurusd_ecb
2018-05-11,1.1934,eurusd_ecb
2018-05-14,1.1988,eurusd_ecb
2018-05-15,1.1883,eurusd_ecb
2018-05-16,1.1784,eurusd_ecb
2018-05-17,1.1805,eurusd_ecb
2018-05-18,1.1781,eurusd_ecb
2018-05-21,1.1759,eurusd_ecb
2018-05-22,1.1794,eurusd_ecb
2018-05-23,1.1708,eurusd_ecb
2018-05-24,1.1728,eurusd_ecb
2018-05-25,1.1675,eurusd_ecb
2018-05-28,1.1644,eurusd_ecb
2018-05-29,1.1558,eurusd_ecb
2018-05-30,1.1632,eurusd_ecb
2018-05-31,1.1699,eurusd_ecb
2018-06-01,1.1669,eurusd_ecb
2018-06-04,1.1737,eurusd_ecb
2018-06-05,1.1675,eurusd_ecb
2018-06-06,1.1765,eurusd_ecb
2018-06-07,1.1836,eurusd_ecb
2018-06-08,1.1754,eurusd_ecb
2018-06-11,1.179,eurusd_ecb
2018-06-12,1.1788,eurusd_ecb
2018-06-13,1.1764,eurusd_ecb
2018-06-14,1.173,eurusd_ecb
2018-06-15,1.1596,eurusd_ecb
2018-06-18,1.1613,eurusd_ecb
2018-06-19,1.1534,eurusd_ecb
2018-06-20,1.1578,eurusd_ecb
2018-06-21,1.1538,eurusd_ecb
2018-06-22,1.1648,eurusd_ecb
2018-06-25,1.17,eurusd_ecb
2018-06-26,1.1672,eurusd_ecb
2018-06-27,1.1616,eurusd_ecb
2018-06-28,1.1583,eurusd_ecb
2018-06-29,1.1658,eurusd_ecb
2018-07-02,1.1639,eurusd_ecb
2018-07-03,1.1665,eurusd_ecb
2018-07-04,1.1642,eurusd_ecb
2018-07-05,1.1709,eurusd_ecb
2018-07-06,1.1724,eurusd_ecb
2018-07-09,1.1789,eurusd_ecb
2018-07-10,1.1713,eurusd_ecb
2018-07-11,1.1735,eurusd_ecb
2018-07-12,1.1658,eurusd_ecb
2018-07-13,1.1643,eurusd_ecb
2018-07-16,1.172,eurusd_ecb
2018-07-17,1.1707,eurusd_ecb
2018-07-18,1.1611,eurusd_ecb
2018-07-19,1.1588,eurusd_ecb
2018-07-20,1.167,eurusd_ecb
2018-07-23,1.1716,eurusd_ecb
2018-07-24,1.1706,eurusd_ecb
2018-07-25,1.169,eurusd_ecb
2018-07-26,1.1716,eurusd_ecb
2018-07-27,1.1625,eurusd_ecb
2018-07-30,1.1684,eurusd_ecb
2018-07-31,1.1736,eurusd_ecb
2018-08-01,1.1696,eurusd_ecb
2018-08-02,1.1617,eurusd_ecb
2018-08-03,1.1588,eurusd_ecb
2018-08-06,1.1543,eurusd_ecb
2018-08-07,1.1602,eurusd_ecb
2018-08-08,1.1589,eurusd_ecb
2018-08-09,1.1593,eurusd_ecb
2018-08-10,1.1456,eurusd_ecb
2018-08-13,1.1403,eurusd_ecb
2018-08-14,1.1406,eurusd_ecb
2018-08-15,1.1321,eurusd_ecb
2018-08-16,1.137,eurusd_ecb
2018-08-17,1.1391,eurusd_ecb
2018-08-20,1.142,eurusd_ecb
2018-08-21,1.1502,eurusd_ecb
2018-08-22,1.1616,eurusd_ecb
2018-08-23,1.1579,eurusd_ecb
2018-08-24,1.1588,eurusd_ecb
2018-08-27,1.1633,eurusd_ecb
2018-08-28,1.171,eurusd_ecb
2018-08-29,1.166,eurusd_ecb
2018-08-30,1.1692,eurusd_ecb
2018-08-31,1.1651,eurusd_ecb
2018-09-03,1.1609,eurusd_ecb
2018-09-04,1.1562,eurusd_ecb
2018-09-05,1.1582,eurusd_ecb
2018-09-06,1.1634,eurusd_ecb
2018-09-07,1.1615,eurusd_ecb
2018-09-10,1.1571,eurusd_ecb
2018-09-11,1.1574,eurusd_ecb
2018-09-12,1.1585,eurusd_ecb
2018-09-13,1.162,eurusd_ecb
2018-09-14,1.1689,eurusd_ecb
2018-09-17,1.1671,eurusd_ecb
2018-09-18,1.1697,eurusd_ecb
2018-09-19,1.1667,eurusd_ecb
2018-09-20,1.1769,eurusd_ecb
2018-09-21,1.1759,eurusd_ecb
2018-09-24,1.1773,eurusd_ecb
2018-09-25,1.1777,eurusd_ecb
2018-09-26,1.1737,eurusd_ecb
2018-09-27,1.1707,eurusd_ecb
2018-09-28,1.1576,eurusd_ecb
2018-10-01,1.1606,eurusd_ecb
2018-10-02,1.1543,eurusd_ecb
2018-10-03,1.1548,eurusd_ecb
2018-10-04,1.1502,eurusd_ecb
2018-10-05,1.1506,eurusd_ecb
2018-10-08,1.1478,eurusd_ecb
2018-10-09,1.1435,eurusd_ecb
2018-10-10,1.15,eurusd_ecb
2018-10-11,1.1575,eurusd_ecb
2018-10-12,1.1574,eurusd_ecb
2018-10-15,1.1581,eurusd_ecb
2018-10-16,1.1587,eurusd_ecb
2018-10-17,1.153,eurusd_ecb
2018-10-18,1.1505,eurusd_ecb
2018-10-19,1.147,eurusd_ecb
2018-10-22,1.1494,eurusd_ecb
2018-10-23,1.1478,eurusd_ecb
2018-10-24,1.1389,eurusd_ecb
2018-10-25,1.1416,eurusd_ecb
2018-10-26,1.1345,eurusd_ecb
2018-10-29,1.1381,eurusd_ecb
2018-10-30,1.1372,eurusd_ecb
2018-10-31,1.1318,eurusd_ecb
2018-11-01,1.1393,eurusd_ecb
2018-11-02,1.1417,eurusd_ecb
2018-11-05,1.137,eurusd_ecb
2018-11-06,1.1428,eurusd_ecb
2018-11-07,1.1487,eurusd_ecb
2018-11-08,1.1424,eurusd_ecb
2018-11-09,1.1346,eurusd_ecb
2018-11-12,1.1265,eurusd_ecb
2018-11-13,1.1261,eurusd_ecb
2018-11-14,1.1296,eurusd_ecb
2018-11-15,1.1305,eurusd_ecb
2018-11-16,1.1346,eurusd_ecb
2018-11-19,1.1427,eurusd_ecb
2018-11-20,1.1421,eurusd_ecb
2018-11-21,1.1409,eurusd_ecb
2018-11-22,1.1403,eurusd_ecb
2018-11-23,1.1352,eurusd_ecb
2018-11-26,1.1363,eurusd_ecb
2018-11-27,1.1328,eurusd_ecb
2018-11-28,1.1284,eurusd_ecb
2018-11-29,1.1387,eurusd_ecb
2018-11-30,1.1359,eurusd_ecb
2018-12-03,1.1332,eurusd_ecb
2018-12-04,1.1409,eurusd_ecb
2018-12-05,1.1354,eurusd_ecb
2018-12-06,1.1351,eurusd_ecb
2018-12-07,1.1371,eurusd_ecb
2018-12-10,1.1425,eurusd_ecb
2018-12-11,1.1379,eurusd_ecb
2018-12-12,1.1346,eurusd_ecb
2018-12-13,1.1371,eurusd_ecb
2018-12-14,1.1285,eurusd_ecb
2018-12-17,1.1341,eurusd_ecb
2018-12-18,1.1377,eurusd_ecb
2018-12-19,1.1405,eurusd_ecb
2018-12-20,1.1451,eurusd_ecb
2018-12-21,1.1414,eurusd_ecb
2018-12-24,1.1408,eurusd_ecb
2018-12-27,1.1377,eurusd_ecb
2018-12-28,1.1454,eurusd_ecb
2018-12-31,1.145,eurusd_ecb
2019-01-02,1.1397,eurusd_ecb
2019-01-03,1.1348,eurusd_ecb
2019-01-04,1.1403,eurusd_ecb
2019-01-07,1.1445,eurusd_ecb
2019-01-08,1.144,eurusd_ecb
2019-01-09,1.1455,eurusd_ecb
2019-01-10,1.1535,eurusd_ecb
2019-01-11,1.1533,eurusd_ecb
2019-01-14,1.1467,eurusd_ecb
2019-01-15,1.1424,eurusd_ecb
2019-01-16,1.1389,eurusd_ecb
2019-01-17,1.1396,eurusd_ecb
2019-01-18,1.1402,eurusd_ecb
2019-01-21,1.1362,eurusd_ecb
2019-01-22,1.1354,eurusd_ecb
2019-01-23,1.1367,eurusd_ecb
2019-01-24,1.1341,eurusd_ecb
2019-01-25,1.1346,eurusd_ecb
2019-01-28,1.1418,eurusd_ecb
2019-01-29,1.1422,eurusd_ecb
2019-01-30,1.1429,eurusd_ecb
2019-01-31,1.1488,eurusd_ecb
2019-02-01,1.1471,eurusd_ecb
2019-02-04,1.1445,eurusd_ecb
2019-02-05,1.1423,eurusd_ecb
2019-02-06,1.1394,eurusd_ecb
2019-02-07,1.1345,eurusd_ecb
2019-02-08,1.1346,eurusd_ecb
2019-02-11,1.1309,eurusd_ecb
2019-02-12,1.1296,eurusd_ecb
2019-02-13,1.1305,eurusd_ecb
2019-02-14,1.1268,eurusd_ecb
2019-02-15,1.126,eurusd_ecb
2019-02-18,1.1328,eurusd_ecb
2019-02-19,1.1294,eurusd_ecb
2019-02-20,1.1342,eurusd_ecb
2019-02-21,1.1354,eurusd_ecb
2019-02-22,1.1325,eurusd_ecb
2019-02-25,1.1355,eurusd_ecb
2019-02-26,1.1361,eurusd_ecb
2019-02-27,1.1386,eurusd_ecb
2019-02-28,1.1416,eurusd_ecb
2019-03-01,1.1383,eurusd_ecb
2019-03-04,1.1337,eurusd_ecb
2019-03-05,1.1329,eurusd_ecb
2019-03-06,1.1305,eurusd_ecb
2019-03-07,1.1271,eurusd_ecb
2019-03-08,1.1222,eurusd_ecb
2019-03-11,1.1244,eurusd_ecb
2019-03-12,1.1275,eurusd_ecb
2019-03-13,1.1303,eurusd_ecb
2019-03-14,1.1295,eurusd_ecb
2019-03-15,1.1308,eurusd_ecb
2019-03-18,1.1349,eurusd_ecb
2019-03-19,1.1358,eurusd_ecb
2019-03-20,1.1354,eurusd_ecb
2019-03-21,1.1387,eurusd_ecb
2019-03-22,1.1302,eurusd_ecb
2019-03-25,1.1325,eurusd_ecb
2019-03-26,1.1291,eurusd_ecb
2019-03-27,1.1261,eurusd_ecb
2019-03-28,1.1218,eurusd_ecb
2019-03-29,1.1235,eurusd_ecb
2019-04-01,1.1236,eurusd_ecb
2019-04-02,1.12,eurusd_ecb
2019-04-03,1.1243,eurusd_ecb
2019-04-04,1.1219,eurusd_ecb
2019-04-05,1.1233,eurusd_ecb
2019-04-08,1.1246,eurusd_ecb
2019-04-09,1.1277,eurusd_ecb
2019-04-10,1.1279,eurusd_ecb
2019-04-11,1.1264,eurusd_ecb
2019-04-12,1.1321,eurusd_ecb
2019-04-15,1.1313,eurusd_ecb
2019-04-16,1.1305,eurusd_ecb
2019-04-17,1.1301,eurusd_ecb
2019-04-18,1.125,eurusd_ecb
2019-04-23,1.1245,eurusd_ecb
2019-04-24,1.1209,eurusd_ecb
2019-04-25,1.1123,eurusd_ecb
2019-04-26,1.1133,eurusd_ecb
2019-04-29,1.115,eurusd_ecb
2019-04-30,1.1218,eurusd_ecb
2019-05-02,1.1212,eurusd_ecb
2019-05-03,1.1155,eurusd_ecb
2019-05-06,1.1199,eurusd_ecb
2019-05-07,1.1185,eurusd_ecb
2019-05-08,1.1202,eurusd_ecb
2019-05-09,1.1193,eurusd_ecb
2019-05-10,1.123,eurusd_ecb
2019-05-13,1.1245,eurusd_ecb
2019-05-14,1.1226,eurusd_ecb
2019-05-15,1.1183,eurusd_ecb
2019-05-16,1.1203,eurusd_ecb
2019-05-17,1.1172,eurusd_ecb
2019-05-20,1.1167,eurusd_ecb
2019-05-21,1.1161,eurusd_ecb
2019-05-22,1.1171,eurusd_ecb
2019-05-23,1.1139,eurusd_ecb
2019-05-24,1.1187,eurusd_ecb
2019-05-27,1.1198,eurusd_ecb
2019-05-28,1.1192,eurusd_ecb
2019-05-29,1.1156,eurusd_ecb
2019-05-30,1.1134,eurusd_ecb
2019-05-31,1.1151,eurusd_ecb
2019-06-03,1.1185,eurusd_ecb
2019-06-04,1.1244,eurusd_ecb
2019-06-05,1.1257,eurusd_ecb
2019-06-06,1.1266,eurusd_ecb
2019-06-07,1.1273,eurusd_ecb
2019-06-10,1.1301,eurusd_ecb
2019-06-11,1.132,eurusd_ecb
2019-06-12,1.1323,eurusd_ecb
2019-06-13,1.1289,eurusd_ecb
2019-06-14,1.1265,eurusd_ecb
2019-06-17,1.1234,eurusd_ecb
2019-06-18,1.1187,eurusd_ecb
2019-06-19,1.1207,eurusd_ecb
2019-06-20,1.1307,eurusd_ecb
2019-06-21,1.1316,eurusd_ecb
2019-06-24,1.1394,eurusd_ecb
2019-06-25,1.1388,eurusd_ecb
2019-06-26,1.1362,eurusd_ecb
2019-06-27,1.137,eurusd_ecb
2019-06-28,1.138,eurusd_ecb
2019-07-01,1.1349,eurusd_ecb
2019-07-02,1.1301,eurusd_ecb
2019-07-03,1.1293,eurusd_ecb
2019-07-04,1.1288,eurusd_ecb
2019-07-05,1.126,eurusd_ecb
2019-07-08,1.1215,eurusd_ecb
2019-07-09,1.1205,eurusd_ecb
2019-07-10,1.122,eurusd_ecb
2019-07-11,1.1285,eurusd_ecb
2019-07-12,1.1253,eurusd_ecb
2019-07-15,1.1269,eurusd_ecb
2019-07-16,1.1223,eurusd_ecb
2019-07-17,1.1215,eurusd_ecb
2019-07-18,1.1216,eurusd_ecb
2019-07-19,1.1226,eurusd_ecb
2019-07-22,1.1215,eurusd_ecb
2019-07-23,1.1173,eurusd_ecb
2019-07-24,1.114,eurusd_ecb
2019-07-25,1.1115,eurusd_ecb
2019-07-26,1.1138,eurusd_ecb
2019-07-29,1.1119,eurusd_ecb
2019-07-30,1.1154,eurusd_ecb
2019-07-31,1.1151,eurusd_ecb
2019-08-01,1.1037,eurusd_ecb
2019-08-02,1.1106,eurusd_ecb
2019-08-05,1.1182,eurusd_ecb
2019-08-06,1.1187,eurusd_ecb
2019-08-07,1.1202,eurusd_ecb
2019-08-08,1.1193,eurusd_ecb
2019-08-09,1.1198,eurusd_ecb
2019-08-12,1.1194,eurusd_ecb
2019-08-13,1.1222,eurusd_ecb
2019-08-14,1.1188,eurusd_ecb
2019-08-15,1.115,eurusd_ecb
2019-08-16,1.1076,eurusd_ecb
2019-08-19,1.1103,eurusd_ecb
2019-08-20,1.1076,eurusd_ecb
2019-08-21,1.1104,eurusd_ecb
2019-08-22,1.1083,eurusd_ecb
2019-08-23,1.1065,eurusd_ecb
2019-08-26,1.1116,eurusd_ecb
2019-08-27,1.1104,eurusd_ecb
2019-08-28,1.1083,eurusd_ecb
2019-08-29,1.1072,eurusd_ecb
2019-08-30,1.1036,eurusd_ecb
2019-09-02,1.0968,eurusd_ecb
2019-09-03,1.0937,eurusd_ecb
2019-09-04,1.1018,eurusd_ecb
2019-09-05,1.1058,eurusd_ecb
2019-09-06,1.1027,eurusd_ecb
2019-09-09,1.1033,eurusd_ecb
2019-09-10,1.104,eurusd_ecb
2019-09-11,1.1003,eurusd_ecb
2019-09-12,1.0963,eurusd_ecb
2019-09-13,1.1096,eurusd_ecb
2019-09-16,1.1031,eurusd_ecb
2019-09-17,1.1026,eurusd_ecb
2019-09-18,1.1053,eurusd_ecb
2019-09-19,1.1067,eurusd_ecb
2019-09-20,1.103,eurusd_ecb
2019-09-23,1.0985,eurusd_ecb
2019-09-24,1.1003,eurusd_ecb
2019-09-25,1.0982,eurusd_ecb
2019-09-26,1.0938,eurusd_ecb
2019-09-27,1.0935,eurusd_ecb
2019-09-30,1.0889,eurusd_ecb
2019-10-01,1.0898,eurusd_ecb
2019-10-02,1.0925,eurusd_ecb
2019-10-03,1.0951,eurusd_ecb
2019-10-04,1.0979,eurusd_ecb
2019-10-07,1.0993,eurusd_ecb
2019-10-08,1.0986,eurusd_ecb
2019-10-09,1.0981,eurusd_ecb
2019-10-10,1.103,eurusd_ecb
2019-10-11,1.1043,eurusd_ecb
2019-10-14,1.1031,eurusd_ecb
2019-10-15,1.1007,eurusd_ecb
2019-10-16,1.1025,eurusd_ecb
2019-10-17,1.1113,eurusd_ecb
2019-10-18,1.1144,eurusd_ecb
2019-10-21,1.1173,eurusd_ecb
2019-10-22,1.113,eurusd_ecb
2019-10-23,1.1123,eurusd_ecb
2019-10-24,1.1128,eurusd_ecb
2019-10-25,1.1107,eurusd_ecb
2019-10-28,1.1087,eurusd_ecb
2019-10-29,1.1095,eurusd_ecb
2019-10-30,1.1106,eurusd_ecb
2019-10-31,1.1154,eurusd_ecb
2019-11-01,1.1139,eurusd_ecb
2019-11-04,1.1158,eurusd_ecb
2019-11-05,1.1109,eurusd_ecb
2019-11-06,1.109,eurusd_ecb
2019-11-07,1.1077,eurusd_ecb
2019-11-08,1.1034,eurusd_ecb
2019-11-11,1.1041,eurusd_ecb
2019-11-12,1.1015,eurusd_ecb
2019-11-13,1.1006,eurusd_ecb
2019-11-14,1.0997,eurusd_ecb
2019-11-15,1.1034,eurusd_ecb
2019-11-18,1.1061,eurusd_ecb
2019-11-19,1.1077,eurusd_ecb
2019-11-20,1.1059,eurusd_ecb
2019-11-21,1.1091,eurusd_ecb
2019-11-22,1.1058,eurusd_ecb
2019-11-25,1.1008,eurusd_ecb
2019-11-26,1.102,eurusd_ecb
2019-11-27,1.1009,eurusd_ecb
2019-11-28,1.1005,eurusd_ecb
2019-11-29,1.0982,eurusd_ecb
2019-12-02,1.1023,eurusd_ecb
2019-12-03,1.1071,eurusd_ecb
2019-12-04,1.1081,eurusd_ecb
2019-12-05,1.1094,eurusd_ecb
2019-12-06,1.1094,eurusd_ecb
2019-12-09,1.1075,eurusd_ecb
2019-12-10,1.1077,eurusd_ecb
2019-12-11,1.1075,eurusd_ecb
2019-12-12,1.1137,eurusd_ecb
2019-12-13,1.1174,eurusd_ecb
2019-12-16,1.1146,eurusd_ecb
2019-12-17,1.1162,eurusd_ecb
2019-12-18,1.1115,eurusd_ecb
2019-12-19,1.1117,eurusd_ecb
2019-12-20,1.1097,eurusd_ecb
2019-12-23,1.1075,eurusd_ecb
2019-12-24,1.108,eurusd_ecb
2019-12-27,1.1153,eurusd_ecb
2019-12-30,1.1189,eurusd_ecb
2019-12-31,1.1234,eurusd_ecb
2020-01-02,1.1193,eurusd_ecb
2020-01-03,1.1147,eurusd_ecb
2020-01-06,1.1194,eurusd_ecb
2020-01-07,1.1172,eurusd_ecb
2020-01-08,1.1115,eurusd_ecb
2020-01-09,1.111,eurusd_ecb
2020-01-10,1.1091,eurusd_ecb
2020-01-13,1.1126,eurusd_ecb
2020-01-14,1.1115,eurusd_ecb
2020-01-15,1.1142,eurusd_ecb
2020-01-16,1.1169,eurusd_ecb
2020-01-17,1.1108,eurusd_ecb
2020-01-20,1.1085,eurusd_ecb
2020-01-21,1.1115,eurusd_ecb
2020-01-22,1.1088,eurusd_ecb
2020-01-23,1.1091,eurusd_ecb
2020-01-24,1.1035,eurusd_ecb
2020-01-27,1.1025,eurusd_ecb
2020-01-28,1.1005,eurusd_ecb
2020-01-29,1.1001,eurusd_ecb
2020-01-30,1.1029,eurusd_ecb
2020-01-31,1.1052,eurusd_ecb
2020-02-03,1.1066,eurusd_ecb
2020-02-04,1.1048,eurusd_ecb
2020-02-05,1.1023,eurusd_ecb
2020-02-06,1.1003,eurusd_ecb
2020-02-07,1.0969,eurusd_ecb
2020-02-10,1.0951,eurusd_ecb
2020-02-11,1.0901,eurusd_ecb
2020-02-12,1.0914,eurusd_ecb
2020-02-13,1.0867,eurusd_ecb
2020-02-14,1.0842,eurusd_ecb
2020-02-17,1.0835,eurusd_ecb
2020-02-18,1.0816,eurusd_ecb
2020-02-19,1.08,eurusd_ecb
2020-02-20,1.079,eurusd_ecb
2020-02-21,1.0801,eurusd_ecb
2020-02-24,1.0818,eurusd_ecb
2020-02-25,1.084,eurusd_ecb
2020-02-26,1.0875,eurusd_ecb
2020-02-27,1.0964,eurusd_ecb
2020-02-28,1.0977,eurusd_ecb
2020-03-02,1.1122,eurusd_ecb
2020-03-03,1.1117,eurusd_ecb
2020-03-04,1.1125,eurusd_ecb
2020-03-05,1.1187,eurusd_ecb
2020-03-06,1.1336,eurusd_ecb
2020-03-09,1.1456,eurusd_ecb
2020-03-10,1.139,eurusd_ecb
2020-03-11,1.1336,eurusd_ecb
2020-03-12,1.124,eurusd_ecb
2020-03-13,1.1104,eurusd_ecb
2020-03-16,1.1157,eurusd_ecb
2020-03-17,1.0982,eurusd_ecb
2020-03-18,1.0934,eurusd_ecb
2020-03-19,1.0801,eurusd_ecb
2020-03-20,1.0707,eurusd_ecb
2020-03-23,1.0783,eurusd_ecb
2020-03-24,1.0843,eurusd_ecb
2020-03-25,1.0827,eurusd_ecb
2020-03-26,1.0981,eurusd_ecb
2020-03-27,1.0977,eurusd_ecb
2020-03-30,1.1034,eurusd_ecb
2020-03-31,1.0956,eurusd_ecb
2020-04-01,1.0936,eurusd_ecb
2020-04-02,1.0906,eurusd_ecb
2020-04-03,1.0785,eurusd_ecb
2020-04-06,1.0791,eurusd_ecb
2020-04-07,1.0885,eurusd_ecb
2020-04-08,1.0871,eurusd_ecb
2020-04-09,1.0867,eurusd_ecb
2020-04-14,1.0963,eurusd_ecb
2020-04-15,1.0903,eurusd_ecb
2020-04-16,1.0888,eurusd_ecb
2020-04-17,1.086,eurusd_ecb
2020-04-20,1.086,eurusd_ecb
2020-04-21,1.0837,eurusd_ecb
2020-04-22,1.0867,eurusd_ecb
2020-04-23,1.0772,eurusd_ecb
2020-04-24,1.08,eurusd_ecb
2020-04-27,1.0852,eurusd_ecb
2020-04-28,1.0877,eurusd_ecb
2020-04-29,1.0842,eurusd_ecb
2020-04-30,1.0876,eurusd_ecb
2020-05-04,1.0942,eurusd_ecb
2020-05-05,1.0843,eurusd_ecb
2020-05-06,1.0807,eurusd_ecb
2020-05-07,1.0783,eurusd_ecb
2020-05-08,1.0843,eurusd_ecb
2020-05-11,1.0824,eurusd_ecb
2020-05-12,1.0858,eurusd_ecb
2020-05-13,1.0875,eurusd_ecb
2020-05-14,1.0792,eurusd_ecb
2020-05-15,1.0798,eurusd_ecb
2020-05-18,1.0832,eurusd_ecb
2020-05-19,1.095,eurusd_ecb
2020-05-20,1.0958,eurusd_ecb
2020-05-21,1.1,eurusd_ecb
2020-05-22,1.0904,eurusd_ecb
2020-05-25,1.091,eurusd_ecb
2020-05-26,1.0975,eurusd_ecb
2020-05-27,1.0991,eurusd_ecb
2020-05-28,1.1016,eurusd_ecb
2020-05-29,1.1136,eurusd_ecb
2020-06-01,1.1116,eurusd_ecb
2020-06-02,1.1174,eurusd_ecb
2020-06-03,1.1194,eurusd_ecb
2020-06-04,1.125,eurusd_ecb
2020-06-05,1.133,eurusd_ecb
2020-06-08,1.1285,eurusd_ecb
2020-06-09,1.1294,eurusd_ecb
2020-06-10,1.1375,eurusd_ecb
2020-06-11,1.1348,eurusd_ecb
2020-06-12,1.1304,eurusd_ecb
2020-06-15,1.1253,eurusd_ecb
2020-06-16,1.1308,eurusd_ecb
2020-06-17,1.1232,eurusd_ecb
2020-06-18,1.1222,eurusd_ecb
2020-06-19,1.121,eurusd_ecb
2020-06-22,1.1213,eurusd_ecb
2020-06-23,1.1318,eurusd_ecb
2020-06-24,1.128,eurusd_ecb
2020-06-25,1.12,eurusd_ecb
2020-06-26,1.1213,eurusd_ecb
2020-06-29,1.1284,eurusd_ecb
2020-06-30,1.1198,eurusd_ecb
2020-07-01,1.12,eurusd_ecb
2020-07-02,1.1286,eurusd_ecb
2020-07-03,1.1224,eurusd_ecb
2020-07-06,1.1325,eurusd_ecb
2020-07-07,1.129,eurusd_ecb
2020-07-08,1.1286,eurusd_ecb
2020-07-09,1.1342,eurusd_ecb
2020-07-10,1.1276,eurusd_ecb
2020-07-13,1.1329,eurusd_ecb
2020-07-14,1.1375,eurusd_ecb
2020-07-15,1.1444,eurusd_ecb
2020-07-16,1.1414,eurusd_ecb
2020-07-17,1.1428,eurusd_ecb
2020-07-20,1.1448,eurusd_ecb
2020-07-21,1.1443,eurusd_ecb
2020-07-22,1.1578,eurusd_ecb
2020-07-23,1.1569,eurusd_ecb
2020-07-24,1.1608,eurusd_ecb
2020-07-27,1.176,eurusd_ecb
2020-07-28,1.1717,eurusd_ecb
2020-07-29,1.1725,eurusd_ecb
2020-07-30,1.1743,eurusd_ecb
2020-07-31,1.1848,eurusd_ecb
2020-08-03,1.1726,eurusd_ecb
2020-08-04,1.1765,eurusd_ecb
2020-08-05,1.1854,eurusd_ecb
2020-08-06,1.1843,eurusd_ecb
2020-08-07,1.1817,eurusd_ecb
2020-08-10,1.1763,eurusd_ecb
2020-08-11,1.1783,eurusd_ecb
2020-08-12,1.1771,eurusd_ecb
2020-08-13,1.1833,eurusd_ecb
2020-08-14,1.1813,eurusd_ecb
2020-08-17,1.1853,eurusd_ecb
2020-08-18,1.1906,eurusd_ecb
2020-08-19,1.1933,eurusd_ecb
2020-08-20,1.185,eurusd_ecb
2020-08-21,1.1769,eurusd_ecb
2020-08-24,1.1847,eurusd_ecb
2020-08-25,1.1814,eurusd_ecb
2020-08-26,1.1789,eurusd_ecb
2020-08-27,1.1806,eurusd_ecb
2020-08-28,1.1915,eurusd_ecb
2020-08-31,1.194,eurusd_ecb
2020-09-01,1.1987,eurusd_ecb
2020-09-02,1.1861,eurusd_ecb
2020-09-03,1.1813,eurusd_ecb
2020-09-04,1.1842,eurusd_ecb
2020-09-07,1.1824,eurusd_ecb
2020-09-08,1.1785,eurusd_ecb
2020-09-09,1.1773,eurusd_ecb
2020-09-10,1.1849,eurusd_ecb
2020-09-11,1.1854,eurusd_ecb
2020-09-14,1.1876,eurusd_ecb
2020-09-15,1.1892,eurusd_ecb
2020-09-16,1.1869,eurusd_ecb
2020-09-17,1.1797,eurusd_ecb
2020-09-18,1.1833,eurusd_ecb
2020-09-21,1.1787,eurusd_ecb
2020-09-22,1.174,eurusd_ecb
2020-09-23,1.1692,eurusd_ecb
2020-09-24,1.1645,eurusd_ecb
2020-09-25,1.1634,eurusd_ecb
2020-09-28,1.167,eurusd_ecb
2020-09-29,1.1702,eurusd_ecb
2020-09-30,1.1708,eurusd_ecb
2020-10-01,1.1752,eurusd_ecb
2020-10-02,1.173,eurusd_ecb
2020-10-05,1.1768,eurusd_ecb
2020-10-06,1.1795,eurusd_ecb
2020-10-07,1.177,eurusd_ecb
2020-10-08,1.1765,eurusd_ecb
2020-10-09,1.1795,eurusd_ecb
2020-10-12,1.1799,eurusd_ecb
2020-10-13,1.1787,eurusd_ecb
2020-10-14,1.175,eurusd_ecb
2020-10-15,1.1698,eurusd_ecb
2020-10-16,1.1741,eurusd_ecb
2020-10-19,1.1785,eurusd_ecb
2020-10-20,1.181,eurusd_ecb
2020-10-21,1.1852,eurusd_ecb
2020-10-22,1.1821,eurusd_ecb
2020-10-23,1.1856,eurusd_ecb
2020-10-26,1.1819,eurusd_ecb
2020-10-27,1.1832,eurusd_ecb
2020-10-28,1.1727,eurusd_ecb
2020-10-29,1.1704,eurusd_ecb
2020-10-30,1.1698,eurusd_ecb
2020-11-02,1.1652,eurusd_ecb
2020-11-03,1.1702,eurusd_ecb
2020-11-04,1.1721,eurusd_ecb
2020-11-05,1.1855,eurusd_ecb
2020-11-06,1.187,eurusd_ecb
2020-11-09,1.1883,eurusd_ecb
2020-11-10,1.1808,eurusd_ecb
2020-11-11,1.1766,eurusd_ecb
2020-11-12,1.1791,eurusd_ecb
2020-11-13,1.1815,eurusd_ecb
2020-11-16,1.183,eurusd_ecb
2020-11-17,1.1882,eurusd_ecb
2020-11-18,1.1868,eurusd_ecb
2020-11-19,1.1832,eurusd_ecb
2020-11-20,1.1863,eurusd_ecb
2020-11-23,1.1901,eurusd_ecb
2020-11-24,1.1865,eurusd_ecb
2020-11-25,1.189,eurusd_ecb
2020-11-26,1.19,eurusd_ecb
2020-11-27,1.1922,eurusd_ecb
2020-11-30,1.198,eurusd_ecb
2020-12-01,1.1968,eurusd_ecb
2020-12-02,1.2066,eurusd_ecb
2020-12-03,1.2151,eurusd_ecb
2020-12-04,1.2159,eurusd_ecb
2020-12-07,1.2128,eurusd_ecb
2020-12-08,1.2114,eurusd_ecb
2020-12-09,1.2109,eurusd_ecb
2020-12-10,1.2115,eurusd_ecb
2020-12-11,1.2127,eurusd_ecb
2020-12-14,1.2162,eurusd_ecb
2020-12-15,1.214,eurusd_ecb
2020-12-16,1.2189,eurusd_ecb
2020-12-17,1.2246,eurusd_ecb
2020-12-18,1.2259,eurusd_ecb
2020-12-21,1.2173,eurusd_ecb
2020-12-22,1.2239,eurusd_ecb
2020-12-23,1.2166,eurusd_ecb
2020-12-24,1.2193,eurusd_ecb
2020-12-28,1.2219,eurusd_ecb
2020-12-29,1.2259,eurusd_ecb
2020-12-30,1.2281,eurusd_ecb
2020-12-31,1.2271,eurusd_ecb
2021-01-04,1.2296,eurusd_ecb
2021-01-05,1.2271,eurusd_ecb
2021-01-06,1.2338,eurusd_ecb
2021-01-07,1.2276,eurusd_ecb
2021-01-08,1.225,eurusd_ecb
2021-01-11,1.2163,eurusd_ecb
2021-01-12,1.2161,eurusd_ecb
2021-01-13,1.2166,eurusd_ecb
2021-01-14,1.2124,eurusd_ecb
2021-01-15,1.2123,eurusd_ecb
2021-01-18,1.2064,eurusd_ecb
2021-01-19,1.2132,eurusd_ecb
2021-01-20,1.2101,eurusd_ecb
2021-01-21,1.2158,eurusd_ecb
2021-01-22,1.2158,eurusd_ecb
2021-01-25,1.2152,eurusd_ecb
2021-01-26,1.2143,eurusd_ecb
2021-01-27,1.2114,eurusd_ecb
2021-01-28,1.2091,eurusd_ecb
2021-01-29,1.2136,eurusd_ecb
2021-02-01,1.2084,eurusd_ecb
2021-02-02,1.2044,eurusd_ecb
2021-02-03,1.2017,eurusd_ecb
2021-02-04,1.1996,eurusd_ecb
2021-02-05,1.1983,eurusd_ecb
2021-02-08,1.2025,eurusd_ecb
2021-02-09,1.2104,eurusd_ecb
2021-02-10,1.2127,eurusd_ecb
2021-02-11,1.2147,eurusd_ecb
2021-02-12,1.2108,eurusd_ecb
2021-02-15,1.2129,eurusd_ecb
2021-02-16,1.2143,eurusd_ecb
2021-02-17,1.206,eurusd_ecb
2021-02-18,1.2084,eurusd_ecb
2021-02-19,1.2139,eurusd_ecb
2021-02-22,1.2133,eurusd_ecb
2021-02-23,1.2143,eurusd_ecb
2021-02-24,1.2146,eurusd_ecb
2021-02-25,1.2225,eurusd_ecb
2021-02-26,1.2121,eurusd_ecb
2021-03-01,1.2053,eurusd_ecb
2021-03-02,1.2028,eurusd_ecb
2021-03-03,1.2048,eurusd_ecb
2021-03-04,1.2034,eurusd_ecb
2021-03-05,1.1938,eurusd_ecb
2021-03-08,1.1866,eurusd_ecb
2021-03-09,1.1894,eurusd_ecb
2021-03-10,1.1892,eurusd_ecb
2021-03-11,1.1969,eurusd_ecb
2021-03-12,1.1933,eurusd_ecb
2021-03-15,1.192,eurusd_ecb
2021-03-16,1.1926,eurusd_ecb
2021-03-17,1.1907,eurusd_ecb
2021-03-18,1.1912,eurusd_ecb
2021-03-19,1.1891,eurusd_ecb
2021-03-22,1.1926,eurusd_ecb
2021-03-23,1.1883,eurusd_ecb
2021-03-24,1.1825,eurusd_ecb
2021-03-25,1.1802,eurusd_ecb
2021-03-26,1.1782,eurusd_ecb
2021-03-29,1.1784,eurusd_ecb
2021-03-30,1.1741,eurusd_ecb
2021-03-31,1.1725,eurusd_ecb
2021-04-01,1.1746,eurusd_ecb
2021-04-06,1.1812,eurusd_ecb
2021-04-07,1.1884,eurusd_ecb
2021-04-08,1.1873,eurusd_ecb
2021-04-09,1.1888,eurusd_ecb
2021-04-12,1.1904,eurusd_ecb
2021-04-13,1.1896,eurusd_ecb
2021-04-14,1.1964,eurusd_ecb
2021-04-15,1.197,eurusd_ecb
2021-04-16,1.1986,eurusd_ecb
2021-04-19,1.2035,eurusd_ecb
2021-04-20,1.2051,eurusd_ecb
2021-04-21,1.2007,eurusd_ecb
2021-04-22,1.2046,eurusd_ecb
2021-04-23,1.2066,eurusd_ecb
2021-04-26,1.2085,eurusd_ecb
2021-04-27,1.2088,eurusd_ecb
2021-04-28,1.207,eurusd_ecb
2021-04-29,1.2129,eurusd_ecb
2021-04-30,1.2082,eurusd_ecb
2021-05-03,1.2044,eurusd_ecb
2021-05-04,1.2021,eurusd_ecb
2021-05-05,1.2005,eurusd_ecb
2021-05-06,1.206,eurusd_ecb
2021-05-07,1.2059,eurusd_ecb
2021-05-10,1.2169,eurusd_ecb
2021-05-11,1.217,eurusd_ecb
2021-05-12,1.2118,eurusd_ecb
2021-05-13,1.2081,eurusd_ecb
2021-05-14,1.2123,eurusd_ecb
2021-05-17,1.2143,eurusd_ecb
2021-05-18,1.2222,eurusd_ecb
2021-05-19,1.2212,eurusd_ecb
2021-05-20,1.2203,eurusd_ecb
2021-05-21,1.2188,eurusd_ecb
2021-05-24,1.2212,eurusd_ecb
2021-05-25,1.2264,eurusd_ecb
2021-05-26,1.2229,eurusd_ecb
2021-05-27,1.2198,eurusd_ecb
2021-05-28,1.2142,eurusd_ecb
2021-05-31,1.2201,eurusd_ecb
2021-06-01,1.2225,eurusd_ecb
2021-06-02,1.2186,eurusd_ecb
2021-06-03,1.2187,eurusd_ecb
2021-06-04,1.2117,eurusd_ecb
2021-06-07,1.2162,eurusd_ecb
2021-06-08,1.2182,eurusd_ecb
2021-06-09,1.2195,eurusd_ecb
2021-06-10,1.2174,eurusd_ecb
2021-06-11,1.2125,eurusd_ecb
2021-06-14,1.2112,eurusd_ecb
2021-06-15,1.2108,eurusd_ecb
2021-06-16,1.2124,eurusd_ecb
2021-06-17,1.1937,eurusd_ecb
2021-06-18,1.1898,eurusd_ecb
2021-06-21,1.1891,eurusd_ecb
2021-06-22,1.1894,eurusd_ecb
2021-06-23,1.1951,eurusd_ecb
2021-06-24,1.1936,eurusd_ecb
2021-06-25,1.195,eurusd_ecb
2021-06-28,1.191,eurusd_ecb
2021-06-29,1.1888,eurusd_ecb
2021-06-30,1.1884,eurusd_ecb
2021-07-01,1.1884,eurusd_ecb
2021-07-02,1.1823,eurusd_ecb
2021-07-05,1.1866,eurusd_ecb
2021-07-06,1.1838,eurusd_ecb
2021-07-07,1.1831,eurusd_ecb
2021-07-08,1.1838,eurusd_ecb
2021-07-09,1.1858,eurusd_ecb
2021-07-12,1.1852,eurusd_ecb
2021-07-13,1.1844,eurusd_ecb
2021-07-14,1.1812,eurusd_ecb
2021-07-15,1.1809,eurusd_ecb
2021-07-16,1.1802,eurusd_ecb
2021-07-19,1.1766,eurusd_ecb
2021-07-20,1.1775,eurusd_ecb
2021-07-21,1.1772,eurusd_ecb
2021-07-22,1.1775,eurusd_ecb
2021-07-23,1.1767,eurusd_ecb
2021-07-26,1.1787,eurusd_ecb
2021-07-27,1.181,eurusd_ecb
2021-07-28,1.1807,eurusd_ecb
2021-07-29,1.1873,eurusd_ecb
2021-07-30,1.1891,eurusd_ecb
2021-08-02,1.1886,eurusd_ecb
2021-08-03,1.1885,eurusd_ecb
2021-08-04,1.1861,eurusd_ecb
2021-08-05,1.185,eurusd_ecb
2021-08-06,1.1807,eurusd_ecb
2021-08-09,1.1761,eurusd_ecb
2021-08-10,1.1722,eurusd_ecb
2021-08-11,1.1718,eurusd_ecb
2021-08-12,1.1739,eurusd_ecb
2021-08-13,1.1765,eurusd_ecb
2021-08-16,1.1772,eurusd_ecb
2021-08-17,1.1767,eurusd_ecb
2021-08-18,1.1723,eurusd_ecb
2021-08-19,1.1696,eurusd_ecb
2021-08-20,1.1671,eurusd_ecb
2021-08-23,1.1718,eurusd_ecb
2021-08-24,1.174,eurusd_ecb
2021-08-25,1.1736,eurusd_ecb
2021-08-26,1.1767,eurusd_ecb
2021-08-27,1.1761,eurusd_ecb
2021-08-30,1.1801,eurusd_ecb
2021-08-31,1.1834,eurusd_ecb
2021-09-01,1.1817,eurusd_ecb
2021-09-02,1.1846,eurusd_ecb
2021-09-03,1.1872,eurusd_ecb
2021-09-06,1.1864,eurusd_ecb
2021-09-07,1.186,eurusd_ecb
2021-09-08,1.1827,eurusd_ecb
2021-09-09,1.1838,eurusd_ecb
2021-09-10,1.1841,eurusd_ecb
2021-09-13,1.178,eurusd_ecb
2021-09-14,1.1814,eurusd_ecb
2021-09-15,1.1824,eurusd_ecb
2021-09-16,1.1763,eurusd_ecb
2021-09-17,1.178,eurusd_ecb
2021-09-20,1.1711,eurusd_ecb
2021-09-21,1.1738,eurusd_ecb
2021-09-22,1.1729,eurusd_ecb
2021-09-23,1.1715,eurusd_ecb
2021-09-24,1.1719,eurusd_ecb
2021-09-27,1.1698,eurusd_ecb
2021-09-28,1.1678,eurusd_ecb
2021-09-29,1.1654,eurusd_ecb
2021-09-30,1.1579,eurusd_ecb
2021-10-01,1.16,eurusd_ecb
2021-10-04,1.1636,eurusd_ecb
2021-10-05,1.1602,eurusd_ecb
2021-10-06,1.1542,eurusd_ecb
2021-10-07,1.1562,eurusd_ecb
2021-10-08,1.1569,eurusd_ecb
2021-10-11,1.1574,eurusd_ecb
2021-10-12,1.1555,eurusd_ecb
2021-10-13,1.1562,eurusd_ecb
2021-10-14,1.1602,eurusd_ecb
2021-10-15,1.1602,eurusd_ecb
2021-10-18,1.1604,eurusd_ecb
2021-10-19,1.1655,eurusd_ecb
2021-10-20,1.1623,eurusd_ecb
2021-10-21,1.1637,eurusd_ecb
2021-10-22,1.163,eurusd_ecb
2021-10-25,1.1603,eurusd_ecb
2021-10-26,1.1618,eurusd_ecb
2021-10-27,1.1617,eurusd_ecb
2021-10-28,1.1593,eurusd_ecb
2021-10-29,1.1645,eurusd_ecb
2021-11-01,1.1578,eurusd_ecb
2021-11-02,1.1603,eurusd_ecb
2021-11-03,1.1578,eurusd_ecb
2021-11-04,1.1569,eurusd_ecb
2021-11-05,1.1519,eurusd_ecb
2021-11-08,1.1579,eurusd_ecb
2021-11-09,1.1577,eurusd_ecb
2021-11-10,1.1558,eurusd_ecb
2021-11-11,1.146,eurusd_ecb
2021-11-12,1.1448,eurusd_ecb
2021-11-15,1.1444,eurusd_ecb
2021-11-16,1.1368,eurusd_ecb
2021-11-17,1.1316,eurusd_ecb
2021-11-18,1.1345,eurusd_ecb
2021-11-19,1.1271,eurusd_ecb
2021-11-22,1.1278,eurusd_ecb
2021-11-23,1.1259,eurusd_ecb
2021-11-24,1.1206,eurusd_ecb
2021-11-25,1.1223,eurusd_ecb
2021-11-26,1.1291,eurusd_ecb
2021-11-29,1.1276,eurusd_ecb
2021-11-30,1.1363,eurusd_ecb
2021-12-01,1.1314,eurusd_ecb
2021-12-02,1.1339,eurusd_ecb
2021-12-03,1.1291,eurusd_ecb
2021-12-06,1.1287,eurusd_ecb
2021-12-07,1.1256,eurusd_ecb
2021-12-08,1.1299,eurusd_ecb
2021-12-09,1.1311,eurusd_ecb
2021-12-10,1.1273,eurusd_ecb
2021-12-13,1.1278,eurusd_ecb
2021-12-14,1.1309,eurusd_ecb
2021-12-15,1.1262,eurusd_ecb
2021-12-16,1.1336,eurusd_ecb
2021-12-17,1.133,eurusd_ecb
2021-12-20,1.1273,eurusd_ecb
2021-12-21,1.1295,eurusd_ecb
2021-12-22,1.1301,eurusd_ecb
2021-12-23,1.131,eurusd_ecb
2021-12-24,1.1317,eurusd_ecb
2021-12-27,1.1312,eurusd_ecb
2021-12-28,1.1331,eurusd_ecb
2021-12-29,1.1303,eurusd_ecb
2021-12-30,1.1334,eurusd_ecb
2021-12-31,1.1326,eurusd_ecb
2022-01-03,1.1355,eurusd_ecb
2022-01-04,1.1279,eurusd_ecb
2022-01-05,1.1319,eurusd_ecb
2022-01-06,1.1315,eurusd_ecb
2022-01-07,1.1298,eurusd_ecb
2022-01-10,1.1318,eurusd_ecb
2022-01-11,1.1336,eurusd_ecb
2022-01-12,1.137,eurusd_ecb
2022-01-13,1.1463,eurusd_ecb
2022-01-14,1.1447,eurusd_ecb
2022-01-17,1.1403,eurusd_ecb
2022-01-18,1.1367,eurusd_ecb
2022-01-19,1.1345,eurusd_ecb
2022-01-20,1.1338,eurusd_ecb
2022-01-21,1.1348,eurusd_ecb
2022-01-24,1.1304,eurusd_ecb
2022-01-25,1.1268,eurusd_ecb
2022-01-26,1.1277,eurusd_ecb
2022-01-27,1.116,eurusd_ecb
2022-01-28,1.1138,eurusd_ecb
2022-01-31,1.1156,eurusd_ecb
2022-02-01,1.126,eurusd_ecb
2022-02-02,1.1323,eurusd_ecb
2022-02-03,1.1286,eurusd_ecb
2022-02-04,1.1464,eurusd_ecb
2022-02-07,1.1447,eurusd_ecb
2022-02-08,1.1408,eurusd_ecb
2022-02-09,1.1435,eurusd_ecb
2022-02-10,1.1439,eurusd_ecb
2022-02-11,1.1417,eurusd_ecb
2022-02-14,1.1316,eurusd_ecb
2022-02-15,1.1345,eurusd_ecb
2022-02-16,1.1372,eurusd_ecb
2022-02-17,1.137,eurusd_ecb
2022-02-18,1.1354,eurusd_ecb
2022-02-21,1.1338,eurusd_ecb
2022-02-22,1.1342,eurusd_ecb
2022-02-23,1.1344,eurusd_ecb
2022-02-24,1.1163,eurusd_ecb
2022-02-25,1.1216,eurusd_ecb
2022-02-28,1.1199,eurusd_ecb
2022-03-01,1.1162,eurusd_ecb
2022-03-02,1.1106,eurusd_ecb
2022-03-03,1.1076,eurusd_ecb
2022-03-04,1.0929,eurusd_ecb
2022-03-07,1.0895,eurusd_ecb
2022-03-08,1.0892,eurusd_ecb
2022-03-09,1.0993,eurusd_ecb
2022-03-10,1.1084,eurusd_ecb
2022-03-11,1.099,eurusd_ecb
2022-03-14,1.096,eurusd_ecb
2022-03-15,1.0991,eurusd_ecb
2022-03-16,1.0994,eurusd_ecb
2022-03-17,1.1051,eurusd_ecb
2022-03-18,1.1008,eurusd_ecb
2022-03-21,1.1038,eurusd_ecb
2022-03-22,1.1024,eurusd_ecb
2022-03-23,1.0985,eurusd_ecb
2022-03-24,1.0978,eurusd_ecb
2022-03-25,1.1002,eurusd_ecb
2022-03-28,1.0966,eurusd_ecb
2022-03-29,1.1085,eurusd_ecb
2022-03-30,1.1126,eurusd_ecb
2022-03-31,1.1101,eurusd_ecb
2022-04-01,1.1052,eurusd_ecb
2022-04-04,1.1005,eurusd_ecb
2022-04-05,1.0969,eurusd_ecb
2022-04-06,1.0923,eurusd_ecb
2022-04-07,1.0916,eurusd_ecb
2022-04-08,1.0861,eurusd_ecb
2022-04-11,1.09,eurusd_ecb
2022-04-12,1.0861,eurusd_ecb
2022-04-13,1.0826,eurusd_ecb
2022-04-14,1.0878,eurusd_ecb
2022-04-19,1.0803,eurusd_ecb
2022-04-20,1.083,eurusd_ecb
2022-04-21,1.0887,eurusd_ecb
2022-04-22,1.0817,eurusd_ecb
2022-04-25,1.0746,eurusd_ecb
2022-04-26,1.0674,eurusd_ecb
2022-04-27,1.0583,eurusd_ecb
2022-04-28,1.0485,eurusd_ecb
2022-04-29,1.054,eurusd_ecb
2022-05-02,1.0524,eurusd_ecb
2022-05-03,1.0556,eurusd_ecb
2022-05-04,1.0531,eurusd_ecb
2022-05-05,1.0568,eurusd_ecb
2022-05-06,1.057,eurusd_ecb
2022-05-09,1.0559,eurusd_ecb
2022-05-10,1.0554,eurusd_ecb
2022-05-11,1.0553,eurusd_ecb
2022-05-12,1.0408,eurusd_ecb
2022-05-13,1.0385,eurusd_ecb
2022-05-16,1.0422,eurusd_ecb
2022-05-17,1.0541,eurusd_ecb
2022-05-18,1.0523,eurusd_ecb
2022-05-19,1.0525,eurusd_ecb
2022-05-20,1.0577,eurusd_ecb
2022-05-23,1.0659,eurusd_ecb
2022-05-24,1.072,eurusd_ecb
2022-05-25,1.0656,eurusd_ecb
2022-05-26,1.0697,eurusd_ecb
2022-05-27,1.0722,eurusd_ecb
2022-05-30,1.0764,eurusd_ecb
2022-05-31,1.0713,eurusd_ecb
2022-06-01,1.0712,eurusd_ecb
2022-06-02,1.0692,eurusd_ecb
2022-06-03,1.073,eurusd_ecb
2022-06-06,1.0726,eurusd_ecb
2022-06-07,1.0662,eurusd_ecb
2022-06-08,1.0739,eurusd_ecb
2022-06-09,1.0743,eurusd_ecb
2022-06-10,1.0578,eurusd_ecb
2022-06-13,1.0455,eurusd_ecb
2022-06-14,1.0452,eurusd_ecb
2022-06-15,1.0431,eurusd_ecb
2022-06-16,1.04,eurusd_ecb
2022-06-17,1.0486,eurusd_ecb
2022-06-20,1.0517,eurusd_ecb
2022-06-21,1.055,eurusd_ecb
2022-06-22,1.0521,eurusd_ecb
2022-06-23,1.0493,eurusd_ecb
2022-06-24,1.0524,eurusd_ecb
2022-06-27,1.0572,eurusd_ecb
2022-06-28,1.0561,eurusd_ecb
2022-06-29,1.0517,eurusd_ecb
2022-06-30,1.0387,eurusd_ecb
2022-07-01,1.0425,eurusd_ecb
2022-07-04,1.0455,eurusd_ecb
2022-07-05,1.029,eurusd_ecb
2022-07-06,1.0177,eurusd_ecb
2022-07-07,1.018,eurusd_ecb
2022-07-08,1.0163,eurusd_ecb
2022-07-11,1.0098,eurusd_ecb
2022-07-12,1.0042,eurusd_ecb
2022-07-13,1.0067,eurusd_ecb
2022-07-14,1.0005,eurusd_ecb
2022-07-15,1.0059,eurusd_ecb
2022-07-18,1.0131,eurusd_ecb
2022-07-19,1.0245,eurusd_ecb
2022-07-20,1.0199,eurusd_ecb
2022-07-21,1.0199,eurusd_ecb
2022-07-22,1.019,eurusd_ecb
2022-07-25,1.0236,eurusd_ecb
2022-07-26,1.0124,eurusd_ecb
2022-07-27,1.0152,eurusd_ecb
2022-07-28,1.0122,eurusd_ecb
2022-07-29,1.0198,eurusd_ecb
2022-08-01,1.0233,eurusd_ecb
2022-08-02,1.0224,eurusd_ecb
2022-08-03,1.0194,eurusd_ecb
2022-08-04,1.0181,eurusd_ecb
2022-08-05,1.0233,eurusd_ecb
2022-08-08,1.0199,eurusd_ecb
2022-08-09,1.0234,eurusd_ecb
2022-08-10,1.0252,eurusd_ecb
2022-08-11,1.0338,eurusd_ecb
2022-08-12,1.0285,eurusd_ecb
2022-08-15,1.0195,eurusd_ecb
2022-08-16,1.0131,eurusd_ecb
2022-08-17,1.0164,eurusd_ecb
2022-08-18,1.0178,eurusd_ecb
2022-08-19,1.0054,eurusd_ecb
2022-08-22,1.0001,eurusd_ecb
2022-08-23,0.9927,eurusd_ecb
2022-08-24,0.9934,eurusd_ecb
2022-08-25,0.997,eurusd_ecb
2022-08-26,1.0007,eurusd_ecb
2022-08-29,0.9986,eurusd_ecb
2022-08-30,1.0034,eurusd_ecb
2022-08-31,1.0,eurusd_ecb
2022-09-01,1.0004,eurusd_ecb
2022-09-02,0.9993,eurusd_ecb
2022-09-05,0.992,eurusd_ecb
2022-09-06,0.9928,eurusd_ecb
2022-09-07,0.9885,eurusd_ecb
2022-09-08,1.0009,eurusd_ecb
2022-09-09,1.0049,eurusd_ecb
2022-09-12,1.0155,eurusd_ecb
2022-09-13,1.0175,eurusd_ecb
2022-09-14,0.999,eurusd_ecb
2022-09-15,0.9992,eurusd_ecb
2022-09-16,0.9954,eurusd_ecb
2022-09-19,0.999,eurusd_ecb
2022-09-20,0.9986,eurusd_ecb
2022-09-21,0.9906,eurusd_ecb
2022-09-22,0.9884,eurusd_ecb
2022-09-23,0.9754,eurusd_ecb
2022-09-26,0.9646,eurusd_ecb
2022-09-27,0.9644,eurusd_ecb
2022-09-28,0.9565,eurusd_ecb
2022-09-29,0.9706,eurusd_ecb
2022-09-30,0.9748,eurusd_ecb
2022-10-03,0.9764,eurusd_ecb
2022-10-04,0.9891,eurusd_ecb
2022-10-05,0.9915,eurusd_ecb
2022-10-06,0.986,eurusd_ecb
2022-10-07,0.9797,eurusd_ecb
2022-10-10,0.9697,eurusd_ecb
2022-10-11,0.9723,eurusd_ecb
2022-10-12,0.9706,eurusd_ecb
2022-10-13,0.9739,eurusd_ecb
2022-10-14,0.9717,eurusd_ecb
2022-10-17,0.9739,eurusd_ecb
2022-10-18,0.9835,eurusd_ecb
2022-10-19,0.9778,eurusd_ecb
2022-10-20,0.9811,eurusd_ecb
2022-10-21,0.973,eurusd_ecb
2022-10-24,0.9851,eurusd_ecb
2022-10-25,0.9861,eurusd_ecb
2022-10-26,1.0023,eurusd_ecb
2022-10-27,1.0037,eurusd_ecb
2022-10-28,0.9951,eurusd_ecb
2022-10-31,0.9914,eurusd_ecb
2022-11-01,0.9947,eurusd_ecb
2022-11-02,0.9908,eurusd_ecb
2022-11-03,0.9753,eurusd_ecb
2022-11-04,0.9872,eurusd_ecb
2022-11-07,0.9993,eurusd_ecb
2022-11-08,0.9996,eurusd_ecb
2022-11-09,1.0039,eurusd_ecb
2022-11-10,0.9954,eurusd_ecb
2022-11-11,1.0308,eurusd_ecb
2022-11-14,1.0319,eurusd_ecb
2022-11-15,1.0404,eurusd_ecb
2022-11-16,1.0412,eurusd_ecb
2022-11-17,1.0319,eurusd_ecb
2022-11-18,1.0366,eurusd_ecb
2022-11-21,1.0246,eurusd_ecb
2022-11-22,1.0274,eurusd_ecb
2022-11-23,1.0325,eurusd_ecb
2022-11-24,1.0413,eurusd_ecb
2022-11-25,1.0375,eurusd_ecb
2022-11-28,1.0463,eurusd_ecb
2022-11-29,1.0366,eurusd_ecb
2022-11-30,1.0376,eurusd_ecb
2022-12-01,1.0454,eurusd_ecb
2022-12-02,1.0538,eurusd_ecb
2022-12-05,1.0587,eurusd_ecb
2022-12-06,1.0516,eurusd_ecb
2022-12-07,1.0529,eurusd_ecb
2022-12-08,1.0519,eurusd_ecb
2022-12-09,1.0559,eurusd_ecb
2022-12-12,1.0562,eurusd_ecb
2022-12-13,1.0545,eurusd_ecb
2022-12-14,1.0649,eurusd_ecb
2022-12-15,1.0621,eurusd_ecb
2022-12-16,1.0619,eurusd_ecb
2022-12-19,1.0598,eurusd_ecb
2022-12-20,1.0599,eurusd_ecb
2022-12-21,1.0636,eurusd_ecb
2022-12-22,1.0633,eurusd_ecb
2022-12-23,1.0622,eurusd_ecb
2022-12-27,1.0624,eurusd_ecb
2022-12-28,1.064,eurusd_ecb
2022-12-29,1.0649,eurusd_ecb
2022-12-30,1.0666,eurusd_ecb
2023-01-02,1.0683,eurusd_ecb
2023-01-03,1.0545,eurusd_ecb
2023-01-04,1.0599,eurusd_ecb
2023-01-05,1.0601,eurusd_ecb
2023-01-06,1.05,eurusd_ecb
2023-01-09,1.0696,eurusd_ecb
2023-01-10,1.0723,eurusd_ecb
2023-01-11,1.0747,eurusd_ecb
2023-01-12,1.0772,eurusd_ecb
2023-01-13,1.0814,eurusd_ecb
2023-01-16,1.0812,eurusd_ecb
2023-01-17,1.0843,eurusd_ecb
2023-01-18,1.0839,eurusd_ecb
2023-01-19,1.0815,eurusd_ecb
2023-01-20,1.0826,eurusd_ecb
2023-01-23,1.0871,eurusd_ecb
2023-01-24,1.0858,eurusd_ecb
2023-01-25,1.0878,eurusd_ecb
2023-01-26,1.0895,eurusd_ecb
2023-01-27,1.0865,eurusd_ecb
2023-01-30,1.0903,eurusd_ecb
2023-01-31,1.0833,eurusd_ecb
2023-02-01,1.0894,eurusd_ecb
2023-02-02,1.0988,eurusd_ecb
2023-02-03,1.0937,eurusd_ecb
2023-02-06,1.0776,eurusd_ecb
2023-02-07,1.07,eurusd_ecb
2023-02-08,1.0735,eurusd_ecb
2023-02-09,1.0771,eurusd_ecb
2023-02-10,1.069,eurusd_ecb
2023-02-13,1.0686,eurusd_ecb
2023-02-14,1.0759,eurusd_ecb
2023-02-15,1.07,eurusd_ecb
2023-02-16,1.07,eurusd_ecb
2023-02-17,1.0625,eurusd_ecb
2023-02-20,1.0674,eurusd_ecb
2023-02-21,1.0664,eurusd_ecb
2023-02-22,1.0644,eurusd_ecb
2023-02-23,1.0616,eurusd_ecb
2023-02-24,1.057,eurusd_ecb
2023-02-27,1.0554,eurusd_ecb
2023-02-28,1.0619,eurusd_ecb
2023-03-01,1.0684,eurusd_ecb
2023-03-02,1.0605,eurusd_ecb
2023-03-03,1.0615,eurusd_ecb
2023-03-06,1.0646,eurusd_ecb
2023-03-07,1.0665,eurusd_ecb
2023-03-08,1.0545,eurusd_ecb
2023-03-09,1.0554,eurusd_ecb
2023-03-10,1.0586,eurusd_ecb
2023-03-13,1.0706,eurusd_ecb
2023-03-14,1.0737,eurusd_ecb
2023-03-15,1.0549,eurusd_ecb
2023-03-16,1.0595,eurusd_ecb
2023-03-17,1.0623,eurusd_ecb
2023-03-20,1.0717,eurusd_ecb
2023-03-21,1.0776,eurusd_ecb
2023-03-22,1.0785,eurusd_ecb
2023-03-23,1.0879,eurusd_ecb
2023-03-24,1.0745,eurusd_ecb
2023-03-27,1.0773,eurusd_ecb
2023-03-28,1.0841,eurusd_ecb
2023-03-29,1.0847,eurusd_ecb
2023-03-30,1.0886,eurusd_ecb
2023-03-31,1.0875,eurusd_ecb
2023-04-03,1.087,eurusd_ecb
2023-04-04,1.0901,eurusd_ecb
2023-04-05,1.094,eurusd_ecb
2023-04-06,1.0915,eurusd_ecb
2023-04-11,1.0905,eurusd_ecb
2023-04-12,1.0922,eurusd_ecb
2023-04-13,1.1015,eurusd_ecb
2023-04-14,1.1057,eurusd_ecb
2023-04-17,1.0981,eurusd_ecb
2023-04-18,1.0972,eurusd_ecb
2023-04-19,1.0933,eurusd_ecb
2023-04-20,1.0944,eurusd_ecb
2023-04-21,1.0978,eurusd_ecb
2023-04-24,1.1002,eurusd_ecb
2023-04-25,1.1022,eurusd_ecb
2023-04-26,1.1039,eurusd_ecb
2023-04-27,1.1042,eurusd_ecb
2023-04-28,1.0981,eurusd_ecb
2023-05-02,1.0965,eurusd_ecb
2023-05-03,1.1043,eurusd_ecb
2023-05-04,1.1074,eurusd_ecb
2023-05-05,1.1014,eurusd_ecb
2023-05-08,1.1037,eurusd_ecb
2023-05-09,1.0959,eurusd_ecb
2023-05-10,1.095,eurusd_ecb
2023-05-11,1.093,eurusd_ecb
2023-05-12,1.0892,eurusd_ecb
2023-05-15,1.0876,eurusd_ecb
2023-05-16,1.0881,eurusd_ecb
2023-05-17,1.0829,eurusd_ecb
2023-05-18,1.0813,eurusd_ecb
2023-05-19,1.0808,eurusd_ecb
2023-05-22,1.0822,eurusd_ecb
2023-05-23,1.0779,eurusd_ecb
2023-05-24,1.0785,eurusd_ecb
2023-05-25,1.0735,eurusd_ecb
2023-05-26,1.0751,eurusd_ecb
2023-05-29,1.0715,eurusd_ecb
2023-05-30,1.0744,eurusd_ecb
2023-05-31,1.0683,eurusd_ecb
2023-06-01,1.0697,eurusd_ecb
2023-06-02,1.0763,eurusd_ecb
2023-06-05,1.069,eurusd_ecb
2023-06-06,1.0683,eurusd_ecb
2023-06-07,1.0717,eurusd_ecb
2023-06-08,1.0737,eurusd_ecb
2023-06-09,1.078,eurusd_ecb
2023-06-12,1.0765,eurusd_ecb
2023-06-13,1.0793,eurusd_ecb
2023-06-14,1.0809,eurusd_ecb
2023-06-15,1.0819,eurusd_ecb
2023-06-16,1.0966,eurusd_ecb
2023-06-19,1.0922,eurusd_ecb
2023-06-20,1.0933,eurusd_ecb
2023-06-21,1.0923,eurusd_ecb
2023-06-22,1.0985,eurusd_ecb
2023-06-23,1.0884,eurusd_ecb
2023-06-26,1.0918,eurusd_ecb
2023-06-27,1.0951,eurusd_ecb
2023-06-28,1.0938,eurusd_ecb
2023-06-29,1.0938,eurusd_ecb
2023-06-30,1.0866,eurusd_ecb
2023-07-03,1.0899,eurusd_ecb
2023-07-04,1.0895,eurusd_ecb
2023-07-05,1.0879,eurusd_ecb
2023-07-06,1.0899,eurusd_ecb
2023-07-07,1.0888,eurusd_ecb
2023-07-10,1.0956,eurusd_ecb
2023-07-11,1.0989,eurusd_ecb
2023-07-12,1.1022,eurusd_ecb
2023-07-13,1.1182,eurusd_ecb
2023-07-14,1.1221,eurusd_ecb
2023-07-17,1.123,eurusd_ecb
2023-07-18,1.1255,eurusd_ecb
2023-07-19,1.1222,eurusd_ecb
2023-07-20,1.1197,eurusd_ecb
2023-07-21,1.1123,eurusd_ecb
2023-07-24,1.1096,eurusd_ecb
2023-07-25,1.1051,eurusd_ecb
2023-07-26,1.1059,eurusd_ecb
2023-07-27,1.1125,eurusd_ecb
2023-07-28,1.101,eurusd_ecb
2023-07-31,1.1023,eurusd_ecb
2023-08-01,1.097,eurusd_ecb
2023-08-02,1.0985,eurusd_ecb
2023-08-03,1.0932,eurusd_ecb
2023-08-04,1.0946,eurusd_ecb
2023-08-07,1.0984,eurusd_ecb
2023-08-08,1.0944,eurusd_ecb
2023-08-09,1.0968,eurusd_ecb
2023-08-10,1.1019,eurusd_ecb
2023-08-11,1.1004,eurusd_ecb
2023-08-14,1.093,eurusd_ecb
2023-08-15,1.0926,eurusd_ecb
2023-08-16,1.0916,eurusd_ecb
2023-08-17,1.09,eurusd_ecb
2023-08-18,1.0867,eurusd_ecb
2023-08-21,1.0908,eurusd_ecb
2023-08-22,1.0887,eurusd_ecb
2023-08-23,1.0805,eurusd_ecb
2023-08-24,1.084,eurusd_ecb
2023-08-25,1.0808,eurusd_ecb
2023-08-28,1.0808,eurusd_ecb
2023-08-29,1.0803,eurusd_ecb
2023-08-30,1.0886,eurusd_ecb
2023-08-31,1.0868,eurusd_ecb
2023-09-01,1.0844,eurusd_ecb
2023-09-04,1.0801,eurusd_ecb
2023-09-05,1.0731,eurusd_ecb
2023-09-06,1.0745,eurusd_ecb
2023-09-07,1.071,eurusd_ecb
2023-09-08,1.0704,eurusd_ecb
2023-09-11,1.0724,eurusd_ecb
2023-09-12,1.0713,eurusd_ecb
2023-09-13,1.0733,eurusd_ecb
2023-09-14,1.073,eurusd_ecb
2023-09-15,1.0658,eurusd_ecb
2023-09-18,1.0663,eurusd_ecb
2023-09-19,1.0713,eurusd_ecb
2023-09-20,1.0702,eurusd_ecb
2023-09-21,1.0635,eurusd_ecb
2023-09-22,1.0647,eurusd_ecb
2023-09-25,1.0633,eurusd_ecb
2023-09-26,1.0605,eurusd_ecb
2023-09-27,1.0536,eurusd_ecb
2023-09-28,1.0539,eurusd_ecb
2023-09-29,1.0594,eurusd_ecb
2023-10-02,1.053,eurusd_ecb
2023-10-03,1.0469,eurusd_ecb
2023-10-04,1.0497,eurusd_ecb
2023-10-05,1.0526,eurusd_ecb
2023-10-06,1.0563,eurusd_ecb
2023-10-09,1.0531,eurusd_ecb
2023-10-10,1.0582,eurusd_ecb
2023-10-11,1.0604,eurusd_ecb
2023-10-12,1.0619,eurusd_ecb
2023-10-13,1.0524,eurusd_ecb
2023-10-16,1.0538,eurusd_ecb
2023-10-17,1.0569,eurusd_ecb
2023-10-18,1.0565,eurusd_ecb
2023-10-19,1.0558,eurusd_ecb
2023-10-20,1.0591,eurusd_ecb
2023-10-23,1.0597,eurusd_ecb
2023-10-24,1.0632,eurusd_ecb
2023-10-25,1.0576,eurusd_ecb
2023-10-26,1.054,eurusd_ecb
2023-10-27,1.0541,eurusd_ecb
2023-10-30,1.0605,eurusd_ecb
2023-10-31,1.0619,eurusd_ecb
2023-11-01,1.0537,eurusd_ecb
2023-11-02,1.0661,eurusd_ecb
2023-11-03,1.0702,eurusd_ecb
2023-11-06,1.0741,eurusd_ecb
2023-11-07,1.0686,eurusd_ecb
2023-11-08,1.0671,eurusd_ecb
2023-11-09,1.0691,eurusd_ecb
2023-11-10,1.0683,eurusd_ecb
2023-11-13,1.067,eurusd_ecb
2023-11-14,1.0724,eurusd_ecb
2023-11-15,1.0868,eurusd_ecb
2023-11-16,1.0849,eurusd_ecb
2023-11-17,1.0872,eurusd_ecb
2023-11-20,1.0928,eurusd_ecb
2023-11-21,1.0955,eurusd_ecb
2023-11-22,1.0911,eurusd_ecb
2023-11-23,1.09,eurusd_ecb
2023-11-24,1.0916,eurusd_ecb
2023-11-27,1.0951,eurusd_ecb
2023-11-28,1.0949,eurusd_ecb
2023-11-29,1.0985,eurusd_ecb
2023-11-30,1.0931,eurusd_ecb
2023-12-01,1.0875,eurusd_ecb
2023-12-04,1.0868,eurusd_ecb
2023-12-05,1.0817,eurusd_ecb
2023-12-06,1.0778,eurusd_ecb
2023-12-07,1.0771,eurusd_ecb
2023-12-08,1.0777,eurusd_ecb
2023-12-11,1.0757,eurusd_ecb
2023-12-12,1.0804,eurusd_ecb
2023-12-13,1.0787,eurusd_ecb
2023-12-14,1.0919,eurusd_ecb
2023-12-15,1.0946,eurusd_ecb
2023-12-18,1.0918,eurusd_ecb
2023-12-19,1.0962,eurusd_ecb
2023-12-20,1.0944,eurusd_ecb
2023-12-21,1.0983,eurusd_ecb
2023-12-22,1.1023,eurusd_ecb
2023-12-27,1.1065,eurusd_ecb
2023-12-28,1.1114,eurusd_ecb
2023-12-29,1.105,eurusd_ecb
2024-01-02,1.0956,eurusd_ecb
2024-01-03,1.0919,eurusd_ecb
2024-01-04,1.0953,eurusd_ecb
2024-01-05,1.0921,eurusd_ecb
2024-01-08,1.0946,eurusd_ecb
2024-01-09,1.094,eurusd_ecb
2024-01-10,1.0946,eurusd_ecb
2024-01-11,1.0987,eurusd_ecb
2024-01-12,1.0942,eurusd_ecb
2024-01-15,1.0945,eurusd_ecb
2024-01-16,1.0882,eurusd_ecb
2024-01-17,1.0877,eurusd_ecb
2024-01-18,1.0875,eurusd_ecb
2024-01-19,1.0887,eurusd_ecb
2024-01-22,1.089,eurusd_ecb
2024-01-23,1.0872,eurusd_ecb
2024-01-24,1.0905,eurusd_ecb
2024-01-25,1.0893,eurusd_ecb
2024-01-26,1.0871,eurusd_ecb
2024-01-29,1.0823,eurusd_ecb
2024-01-30,1.0846,eurusd_ecb
2024-01-31,1.0837,eurusd_ecb
2024-02-01,1.0814,eurusd_ecb
2024-02-02,1.0883,eurusd_ecb
2024-02-05,1.0746,eurusd_ecb
2024-02-06,1.0743,eurusd_ecb
2024-02-07,1.0776,eurusd_ecb
2024-02-08,1.0758,eurusd_ecb
2024-02-09,1.0772,eurusd_ecb
2024-02-12,1.0773,eurusd_ecb
2024-02-13,1.0793,eurusd_ecb
2024-02-14,1.0713,eurusd_ecb
2024-02-15,1.0743,eurusd_ecb
2024-02-16,1.0768,eurusd_ecb
2024-02-19,1.0776,eurusd_ecb
2024-02-20,1.0802,eurusd_ecb
2024-02-21,1.0809,eurusd_ecb
2024-02-22,1.0844,eurusd_ecb
2024-02-23,1.0834,eurusd_ecb
2024-02-26,1.0852,eurusd_ecb
2024-02-27,1.0856,eurusd_ecb
2024-02-28,1.0808,eurusd_ecb
2024-02-29,1.0826,eurusd_ecb
2024-03-01,1.0813,eurusd_ecb
2024-03-04,1.0846,eurusd_ecb
2024-03-05,1.0849,eurusd_ecb
2024-03-06,1.0874,eurusd_ecb
2024-03-07,1.0895,eurusd_ecb
2024-03-08,1.0932,eurusd_ecb
2024-03-11,1.0926,eurusd_ecb
2024-03-12,1.0916,eurusd_ecb
2024-03-13,1.0939,eurusd_ecb
2024-03-14,1.0925,eurusd_ecb
2024-03-15,1.0892,eurusd_ecb
2024-03-18,1.0892,eurusd_ecb
2024-03-19,1.0854,eurusd_ecb
2024-03-20,1.0844,eurusd_ecb
2024-03-21,1.0907,eurusd_ecb
2024-03-22,1.0823,eurusd_ecb
2024-03-25,1.0835,eurusd_ecb
2024-03-26,1.0855,eurusd_ecb
2024-03-27,1.0816,eurusd_ecb
2024-03-28,1.0811,eurusd_ecb
2024-04-02,1.0749,eurusd_ecb
2024-04-03,1.0783,eurusd_ecb
2024-04-04,1.0852,eurusd_ecb
2024-04-05,1.0841,eurusd_ecb
2024-04-08,1.0823,eurusd_ecb
2024-04-09,1.0867,eurusd_ecb
2024-04-10,1.086,eurusd_ecb
2024-04-11,1.0729,eurusd_ecb
2024-04-12,1.0652,eurusd_ecb
2024-04-15,1.0656,eurusd_ecb
2024-04-16,1.0637,eurusd_ecb
2024-04-17,1.0638,eurusd_ecb
2024-04-18,1.0679,eurusd_ecb
2024-04-19,1.0653,eurusd_ecb
2024-04-22,1.0632,eurusd_ecb
2024-04-23,1.0674,eurusd_ecb
2024-04-24,1.0686,eurusd_ecb
2024-04-25,1.072,eurusd_ecb
2024-04-26,1.0714,eurusd_ecb
2024-04-29,1.072,eurusd_ecb
2024-04-30,1.0718,eurusd_ecb
2024-05-02,1.0698,eurusd_ecb
2024-05-03,1.0744,eurusd_ecb
2024-05-06,1.0776,eurusd_ecb
2024-05-07,1.0766,eurusd_ecb
2024-05-08,1.0743,eurusd_ecb
2024-05-09,1.0732,eurusd_ecb
2024-05-10,1.0779,eurusd_ecb
2024-05-13,1.0795,eurusd_ecb
2024-05-14,1.0796,eurusd_ecb
2024-05-15,1.0832,eurusd_ecb
2024-05-16,1.0866,eurusd_ecb
2024-05-17,1.0844,eurusd_ecb
2024-05-20,1.0861,eurusd_ecb
2024-05-21,1.0864,eurusd_ecb
2024-05-22,1.083,eurusd_ecb
2024-05-23,1.0854,eurusd_ecb
2024-05-24,1.084,eurusd_ecb
2024-05-27,1.0843,eurusd_ecb
2024-05-28,1.0882,eurusd_ecb
2024-05-29,1.0857,eurusd_ecb
2024-05-30,1.0815,eurusd_ecb
2024-05-31,1.0852,eurusd_ecb
2024-06-03,1.0842,eurusd_ecb
2024-06-04,1.0865,eurusd_ecb
2024-06-05,1.0872,eurusd_ecb
2024-06-06,1.0865,eurusd_ecb
2024-06-07,1.0898,eurusd_ecb
2024-06-10,1.0756,eurusd_ecb
2024-06-11,1.073,eurusd_ecb
2024-06-12,1.0765,eurusd_ecb
2024-06-13,1.0784,eurusd_ecb
2024-06-14,1.0686,eurusd_ecb
2024-06-17,1.0712,eurusd_ecb
2024-06-18,1.0715,eurusd_ecb
2024-06-19,1.0749,eurusd_ecb
2024-06-20,1.0719,eurusd_ecb
2024-06-21,1.0688,eurusd_ecb
2024-06-24,1.073,eurusd_ecb
2024-06-25,1.0714,eurusd_ecb
2024-06-26,1.0689,eurusd_ecb
2024-06-27,1.0696,eurusd_ecb
2024-06-28,1.0705,eurusd_ecb
2024-07-01,1.0745,eurusd_ecb
2024-07-02,1.0729,eurusd_ecb
2024-07-03,1.0758,eurusd_ecb
2024-07-04,1.08,eurusd_ecb
2024-07-05,1.0824,eurusd_ecb
2024-07-08,1.0835,eurusd_ecb
2024-07-09,1.0814,eurusd_ecb
2024-07-10,1.0825,eurusd_ecb
2024-07-11,1.0855,eurusd_ecb
2024-07-12,1.089,eurusd_ecb
2024-07-15,1.0907,eurusd_ecb
2024-07-16,1.0902,eurusd_ecb
2024-07-17,1.0934,eurusd_ecb
2024-07-18,1.093,eurusd_ecb
2024-07-19,1.089,eurusd_ecb
2024-07-22,1.0888,eurusd_ecb
2024-07-23,1.086,eurusd_ecb
2024-07-24,1.0848,eurusd_ecb
2024-07-25,1.0851,eurusd_ecb
2024-07-26,1.086,eurusd_ecb
2024-07-29,1.0817,eurusd_ecb
2024-07-30,1.0824,eurusd_ecb
2024-07-31,1.0828,eurusd_ecb
2024-08-01,1.0789,eurusd_ecb
2024-08-02,1.0835,eurusd_ecb
2024-08-05,1.0966,eurusd_ecb
2024-08-06,1.0915,eurusd_ecb
2024-08-07,1.0922,eurusd_ecb
2024-08-08,1.093,eurusd_ecb
2024-08-09,1.0917,eurusd_ecb
2024-08-12,1.0925,eurusd_ecb
2024-08-13,1.0931,eurusd_ecb
2024-08-14,1.1019,eurusd_ecb
2024-08-15,1.1011,eurusd_ecb
2024-08-16,1.0994,eurusd_ecb
2024-08-19,1.1041,eurusd_ecb
2024-08-20,1.1084,eurusd_ecb
2024-08-21,1.1116,eurusd_ecb
2024-08-22,1.1135,eurusd_ecb
2024-08-23,1.1121,eurusd_ecb
2024-08-26,1.1163,eurusd_ecb
2024-08-27,1.1162,eurusd_ecb
2024-08-28,1.1117,eurusd_ecb
2024-08-29,1.1088,eurusd_ecb
2024-08-30,1.1087,eurusd_ecb
2024-09-02,1.1061,eurusd_ecb
2024-09-03,1.1035,eurusd_ecb
2024-09-04,1.105,eurusd_ecb
2024-09-05,1.1097,eurusd_ecb
2024-09-06,1.1103,eurusd_ecb
2024-09-09,1.1043,eurusd_ecb
2024-09-10,1.1031,eurusd_ecb
2024-09-11,1.1043,eurusd_ecb
2024-09-12,1.1016,eurusd_ecb
2024-09-13,1.1081,eurusd_ecb
2024-09-16,1.1126,eurusd_ecb
2024-09-17,1.1139,eurusd_ecb
2024-09-18,1.1124,eurusd_ecb
2024-09-19,1.1156,eurusd_ecb
2024-09-20,1.1166,eurusd_ecb
2024-09-23,1.1119,eurusd_ecb
2024-09-24,1.1133,eurusd_ecb
2024-09-25,1.1194,eurusd_ecb
2024-09-26,1.1155,eurusd_ecb
2024-09-27,1.1158,eurusd_ecb
2024-09-30,1.1196,eurusd_ecb
2024-10-01,1.1086,eurusd_ecb
2024-10-02,1.1071,eurusd_ecb
2024-10-03,1.1039,eurusd_ecb
2024-10-04,1.1029,eurusd_ecb
2024-10-07,1.0982,eurusd_ecb
2024-10-08,1.0982,eurusd_ecb
2024-10-09,1.0957,eurusd_ecb
2024-10-10,1.0932,eurusd_ecb
2024-10-11,1.0938,eurusd_ecb
2024-10-14,1.0915,eurusd_ecb
2024-10-15,1.0903,eurusd_ecb
2024-10-16,1.0897,eurusd_ecb
2024-10-17,1.0866,eurusd_ecb
2024-10-18,1.0847,eurusd_ecb
2024-10-21,1.0853,eurusd_ecb
2024-10-22,1.0821,eurusd_ecb
2024-10-23,1.0767,eurusd_ecb
2024-10-24,1.0801,eurusd_ecb
2024-10-25,1.0825,eurusd_ecb
2024-10-28,1.0818,eurusd_ecb
2024-10-29,1.0774,eurusd_ecb
2024-10-30,1.0815,eurusd_ecb
2024-10-31,1.0882,eurusd_ecb
2024-11-01,1.0885,eurusd_ecb
2024-11-04,1.0904,eurusd_ecb
2024-11-05,1.0897,eurusd_ecb
2024-11-06,1.0695,eurusd_ecb
2024-11-07,1.0785,eurusd_ecb
2024-11-08,1.0772,eurusd_ecb
2024-11-11,1.0651,eurusd_ecb
2024-11-12,1.0617,eurusd_ecb
2024-11-13,1.0629,eurusd_ecb
2024-11-14,1.0533,eurusd_ecb
2024-11-15,1.0583,eurusd_ecb
2024-11-18,1.0552,eurusd_ecb
2024-11-19,1.0578,eurusd_ecb
2024-11-20,1.0562,eurusd_ecb
2024-11-21,1.0526,eurusd_ecb
2024-11-22,1.0412,eurusd_ecb
2024-11-25,1.0495,eurusd_ecb
2024-11-26,1.0522,eurusd_ecb
2024-11-27,1.0531,eurusd_ecb
2024-11-28,1.0542,eurusd_ecb
2024-11-29,1.0562,eurusd_ecb
2024-12-02,1.0507,eurusd_ecb
2024-12-03,1.0512,eurusd_ecb
2024-12-04,1.0492,eurusd_ecb
2024-12-05,1.054,eurusd_ecb
2024-12-06,1.0581,eurusd_ecb
2024-12-09,1.0568,eurusd_ecb
2024-12-10,1.0527,eurusd_ecb
2024-12-11,1.0507,eurusd_ecb
2024-12-12,1.0491,eurusd_ecb
2024-12-13,1.0518,eurusd_ecb
2024-12-16,1.0498,eurusd_ecb
2024-12-17,1.0497,eurusd_ecb
2024-12-18,1.0496,eurusd_ecb
2024-12-19,1.0395,eurusd_ecb
2024-12-20,1.039,eurusd_ecb
2024-12-23,1.0393,eurusd_ecb
2024-12-24,1.0395,eurusd_ecb
2024-12-27,1.0435,eurusd_ecb
2024-12-30,1.0444,eurusd_ecb
2024-12-31,1.0389,eurusd_ecb
2025-01-02,1.0321,eurusd_ecb
2025-01-03,1.0299,eurusd_ecb
2025-01-06,1.0426,eurusd_ecb
2025-01-07,1.0393,eurusd_ecb
2025-01-08,1.0286,eurusd_ecb
2025-01-09,1.0305,eurusd_ecb
2025-01-10,1.0304,eurusd_ecb
2025-01-13,1.0198,eurusd_ecb
2025-01-14,1.0245,eurusd_ecb
2025-01-15,1.03,eurusd_ecb
2025-01-16,1.0272,eurusd_ecb
2025-01-17,1.0298,eurusd_ecb
2025-01-20,1.0316,eurusd_ecb
2025-01-21,1.0357,eurusd_ecb
2025-01-22,1.0443,eurusd_ecb
2025-01-23,1.0404,eurusd_ecb
2025-01-24,1.0472,eurusd_ecb
2025-01-27,1.053,eurusd_ecb
2025-01-28,1.0421,eurusd_ecb
2025-01-29,1.0396,eurusd_ecb
2025-01-30,1.0403,eurusd_ecb
2025-01-31,1.0393,eurusd_ecb
2025-02-03,1.0274,eurusd_ecb
2025-02-04,1.0335,eurusd_ecb
2025-02-05,1.0422,eurusd_ecb
2025-02-06,1.036,eurusd_ecb
2025-02-07,1.0377,eurusd_ecb
2025-02-10,1.032,eurusd_ecb
2025-02-11,1.0324,eurusd_ecb
2025-02-12,1.037,eurusd_ecb
2025-02-13,1.039,eurusd_ecb
2025-02-14,1.0478,eurusd_ecb
2025-02-17,1.0473,eurusd_ecb
2025-02-18,1.0447,eurusd_ecb
2025-02-19,1.0434,eurusd_ecb
2025-02-20,1.0443,eurusd_ecb
2025-02-21,1.0465,eurusd_ecb
2025-02-24,1.0466,eurusd_ecb
2025-02-25,1.0497,eurusd_ecb
2025-02-26,1.0487,eurusd_ecb
2025-02-27,1.0477,eurusd_ecb
2025-02-28,1.0411,eurusd_ecb
2025-03-03,1.0465,eurusd_ecb
2025-03-04,1.0557,eurusd_ecb
2025-03-05,1.0694,eurusd_ecb
2025-03-06,1.0796,eurusd_ecb
2025-03-07,1.0857,eurusd_ecb
2025-03-10,1.0845,eurusd_ecb
2025-03-11,1.0912,eurusd_ecb
2025-03-12,1.0886,eurusd_ecb
2025-03-13,1.083,eurusd_ecb
2025-03-14,1.0889,eurusd_ecb
2025-03-17,1.0903,eurusd_ecb
2025-03-18,1.0918,eurusd_ecb
2025-03-19,1.0897,eurusd_ecb
2025-03-20,1.0833,eurusd_ecb
2025-03-21,1.0827,eurusd_ecb
2025-03-24,1.0824,eurusd_ecb
2025-03-25,1.0825,eurusd_ecb
2025-03-26,1.0788,eurusd_ecb
2025-03-27,1.0785,eurusd_ecb
2025-03-28,1.0797,eurusd_ecb
2025-03-31,1.0815,eurusd_ecb
2025-04-01,1.0788,eurusd_ecb
2025-04-02,1.0803,eurusd_ecb
2025-04-03,1.1097,eurusd_ecb
2025-04-04,1.1057,eurusd_ecb
2025-04-07,1.0967,eurusd_ecb
2025-04-08,1.095,eurusd_ecb
2025-04-09,1.1045,eurusd_ecb
2025-04-10,1.1082,eurusd_ecb
2025-04-11,1.1346,eurusd_ecb
2025-04-14,1.1377,eurusd_ecb
2025-04-15,1.1324,eurusd_ecb
2025-04-16,1.1355,eurusd_ecb
2025-04-17,1.136,eurusd_ecb
2025-04-22,1.1476,eurusd_ecb
2025-04-23,1.1415,eurusd_ecb
2025-04-24,1.1376,eurusd_ecb
2025-04-25,1.1357,eurusd_ecb
2025-04-28,1.1358,eurusd_ecb
2025-04-29,1.1373,eurusd_ecb
2025-04-30,1.1373,eurusd_ecb
2025-05-02,1.1343,eurusd_ecb
2025-05-05,1.1343,eurusd_ecb
2025-05-06,1.1325,eurusd_ecb
2025-05-07,1.136,eurusd_ecb
2025-05-08,1.1297,eurusd_ecb
2025-05-09,1.1252,eurusd_ecb
2025-05-12,1.1106,eurusd_ecb
2025-05-13,1.1112,eurusd_ecb
2025-05-14,1.1214,eurusd_ecb
2025-05-15,1.1185,eurusd_ecb
2025-05-16,1.1194,eurusd_ecb
2025-05-19,1.1262,eurusd_ecb
2025-05-20,1.1241,eurusd_ecb
2025-05-21,1.1321,eurusd_ecb
2025-05-22,1.1309,eurusd_ecb
2025-05-23,1.1301,eurusd_ecb
2025-05-26,1.1381,eurusd_ecb
2025-05-27,1.1356,eurusd_ecb
2025-05-28,1.1317,eurusd_ecb
2025-05-29,1.1281,eurusd_ecb
2025-05-30,1.1339,eurusd_ecb
2025-06-02,1.1419,eurusd_ecb
2025-06-03,1.1386,eurusd_ecb
2025-06-04,1.1384,eurusd_ecb
2025-06-05,1.1423,eurusd_ecb
2025-06-06,1.1411,eurusd_ecb
2025-06-09,1.141,eurusd_ecb
2025-06-10,1.1429,eurusd_ecb
2025-06-11,1.1433,eurusd_ecb
2025-06-12,1.1594,eurusd_ecb
2025-06-13,1.1512,eurusd_ecb
2025-06-16,1.1574,eurusd_ecb
2025-06-17,1.1568,eurusd_ecb
2025-06-18,1.1508,eurusd_ecb
2025-06-19,1.1478,eurusd_ecb
2025-06-20,1.1515,eurusd_ecb
2025-06-23,1.1472,eurusd_ecb
2025-06-24,1.1607,eurusd_ecb
2025-06-25,1.1598,eurusd_ecb
2025-06-26,1.1695,eurusd_ecb
2025-06-27,1.1704,eurusd_ecb
2025-06-30,1.172,eurusd_ecb
2025-07-01,1.181,eurusd_ecb
2025-07-02,1.1755,eurusd_ecb
2025-07-03,1.1782,eurusd_ecb
2025-07-04,1.1767,eurusd_ecb
2025-07-07,1.1728,eurusd_ecb
2025-07-08,1.1718,eurusd_ecb
2025-07-09,1.1698,eurusd_ecb
2025-07-10,1.1709,eurusd_ecb
2025-07-11,1.1683,eurusd_ecb
2025-07-14,1.169,eurusd_ecb
2025-07-15,1.1665,eurusd_ecb
2025-07-16,1.1602,eurusd_ecb
2025-07-17,1.1579,eurusd_ecb
2025-07-18,1.165,eurusd_ecb
2025-07-21,1.1667,eurusd_ecb
2025-07-22,1.1699,eurusd_ecb
2025-07-23,1.1726,eurusd_ecb
2025-07-24,1.1756,eurusd_ecb
2025-07-25,1.1724,eurusd_ecb
2025-07-28,1.1654,eurusd_ecb
2025-07-29,1.1533,eurusd_ecb
2025-07-30,1.1527,eurusd_ecb
2025-07-31,1.1446,eurusd_ecb
2025-08-01,1.1404,eurusd_ecb
2025-08-04,1.1565,eurusd_ecb
2025-08-05,1.1546,eurusd_ecb
2025-08-06,1.1604,eurusd_ecb
2025-08-07,1.1643,eurusd_ecb
2025-08-08,1.1648,eurusd_ecb
2025-08-11,1.1622,eurusd_ecb
2025-08-12,1.1606,eurusd_ecb
2025-08-13,1.1711,eurusd_ecb
2025-08-14,1.169,eurusd_ecb
2025-08-15,1.1688,eurusd_ecb
2025-08-18,1.1673,eurusd_ecb
2025-08-19,1.1682,eurusd_ecb
2025-08-20,1.1651,eurusd_ecb
2025-08-21,1.1639,eurusd_ecb
2025-08-22,1.1608,eurusd_ecb
2025-08-25,1.1697,eurusd_ecb
2025-08-26,1.1656,eurusd_ecb
2025-08-27,1.1593,eurusd_ecb
2025-08-28,1.1676,eurusd_ecb
2025-08-29,1.1658,eurusd_ecb
2025-09-01,1.1715,eurusd_ecb
2025-09-02,1.1646,eurusd_ecb
2025-09-03,1.1653,eurusd_ecb
2025-09-04,1.1647,eurusd_ecb
2025-09-05,1.1697,eurusd_ecb
2025-09-08,1.1728,eurusd_ecb
2025-09-09,1.1744,eurusd_ecb
2025-09-10,1.1707,eurusd_ecb
2025-09-11,1.1685,eurusd_ecb
2025-09-12,1.1718,eurusd_ecb
2025-09-15,1.1766,eurusd_ecb
2025-09-16,1.1807,eurusd_ecb
2025-09-17,1.1837,eurusd_ecb
2025-09-18,1.1818,eurusd_ecb
2025-09-19,1.1736,eurusd_ecb
2025-09-22,1.1781,eurusd_ecb
2025-09-23,1.1793,eurusd_ecb
2025-09-24,1.1756,eurusd_ecb
2025-09-25,1.1739,eurusd_ecb
2025-09-26,1.1672,eurusd_ecb
2025-09-29,1.1723,eurusd_ecb
2025-09-30,1.1741,eurusd_ecb
2025-10-01,1.1724,eurusd_ecb
2025-10-02,1.1754,eurusd_ecb
2025-10-03,1.1734,eurusd_ecb
2025-10-06,1.1678,eurusd_ecb
2025-10-07,1.1666,eurusd_ecb
2025-10-08,1.1627,eurusd_ecb
2025-10-09,1.1611,eurusd_ecb
2025-10-10,1.1568,eurusd_ecb
2025-10-13,1.1569,eurusd_ecb
2025-10-14,1.1553,eurusd_ecb
2025-10-15,1.1622,eurusd_ecb
2025-10-16,1.1649,eurusd_ecb
2025-10-17,1.1681,eurusd_ecb
2025-10-20,1.1655,eurusd_ecb
2025-10-21,1.1607,eurusd_ecb
2025-10-22,1.1587,eurusd_ecb
2025-10-23,1.1593,eurusd_ecb
2025-10-24,1.1612,eurusd_ecb
2025-10-27,1.164,eurusd_ecb
2025-10-28,1.163,eurusd_ecb
2025-10-29,1.1636,eurusd_ecb
2025-10-30,1.155,eurusd_ecb
2025-10-31,1.1554,eurusd_ecb
2025-11-03,1.1514,eurusd_ecb
2025-11-04,1.1491,eurusd_ecb
2025-11-05,1.1492,eurusd_ecb
2025-11-06,1.1533,eurusd_ecb
2025-11-07,1.1561,eurusd_ecb
2025-11-10,1.1571,eurusd_ecb
2025-11-11,1.1575,eurusd_ecb
2025-11-12,1.1576,eurusd_ecb
2025-11-13,1.1619,eurusd_ecb
2025-11-14,1.1648,eurusd_ecb
2025-11-17,1.1593,eurusd_ecb
2025-11-18,1.159,eurusd_ecb
2025-11-19,1.1583,eurusd_ecb
2025-11-20,1.1514,eurusd_ecb
2025-11-21,1.152,eurusd_ecb
2025-11-24,1.1544,eurusd_ecb
2025-11-25,1.1551,eurusd_ecb
2025-11-26,1.1577,eurusd_ecb
2025-11-27,1.1586,eurusd_ecb
2025-11-28,1.1566,eurusd_ecb
2025-12-01,1.1646,eurusd_ecb
2025-12-02,1.1614,eurusd_ecb
2025-12-03,1.1668,eurusd_ecb
2025-12-04,1.1666,eurusd_ecb
2025-12-05,1.1645,eurusd_ecb
2025-12-08,1.1655,eurusd_ecb
2025-12-09,1.1637,eurusd_ecb
2025-12-10,1.1634,eurusd_ecb
2025-12-11,1.1714,eurusd_ecb
2025-12-12,1.1731,eurusd_ecb
2025-12-15,1.1753,eurusd_ecb
2025-12-16,1.1776,eurusd_ecb
2025-12-17,1.1722,eurusd_ecb
2025-12-18,1.1719,eurusd_ecb
2025-12-19,1.1712,eurusd_ecb
2025-12-22,1.1745,eurusd_ecb
2025-12-23,1.1786,eurusd_ecb
2025-12-24,1.1787,eurusd_ecb
2025-12-29,1.1766,eurusd_ecb
2025-12-30,1.1757,eurusd_ecb
2025-12-31,1.175,eurusd_ecb
2026-01-02,1.1721,eurusd_ecb
2026-01-05,1.1664,eurusd_ecb
2026-01-06,1.1707,eurusd_ecb
2026-01-07,1.1684,eurusd_ecb
2026-01-08,1.1675,eurusd_ecb
2026-01-09,1.1642,eurusd_ecb
2026-01-12,1.1692,eurusd_ecb
2026-01-13,1.1654,eurusd_ecb
2026-01-14,1.1651,eurusd_ecb
2026-01-15,1.1624,eurusd_ecb
2026-01-16,1.1617,eurusd_ecb
2026-01-19,1.1631,eurusd_ecb
2026-01-20,1.1728,eurusd_ecb
2026-01-21,1.1739,eurusd_ecb
2026-01-22,1.1706,eurusd_ecb
2026-01-23,1.1742,eurusd_ecb
2026-01-26,1.1836,eurusd_ecb
2026-01-27,1.1929,eurusd_ecb
2026-01-28,1.1974,eurusd_ecb
2026-01-29,1.1968,eurusd_ecb
2026-01-30,1.1919,eurusd_ecb
2026-02-02,1.184,eurusd_ecb
2026-02-03,1.1801,eurusd_ecb
2026-02-04,1.182,eurusd_ecb
2026-02-05,1.1798,eurusd_ecb
2026-02-06,1.1794,eurusd_ecb
2026-02-09,1.1886,eurusd_ecb
2026-02-10,1.1894,eurusd_ecb
2026-02-11,1.19,eurusd_ecb
2026-02-12,1.1874,eurusd_ecb
2026-02-13,1.1862,eurusd_ecb
2026-02-16,1.1855,eurusd_ecb
2026-02-17,1.1826,eurusd_ecb
2026-02-18,1.1845,eurusd_ecb
2026-02-19,1.1753,eurusd_ecb
2026-02-20,1.1767,eurusd_ecb
2026-02-23,1.1784,eurusd_ecb
2026-02-24,1.1777,eurusd_ecb
2026-02-25,1.1784,eurusd_ecb
2026-02-26,1.1814,eurusd_ecb
2026-02-27,1.1805,eurusd_ecb
2026-03-02,1.1698,eurusd_ecb
2026-03-03,1.1606,eurusd_ecb
2026-03-04,1.1649,eurusd_ecb
2026-03-05,1.1618,eurusd_ecb
2026-03-06,1.1561,eurusd_ecb
2026-03-09,1.1555,eurusd_ecb
2026-03-10,1.1641,eurusd_ecb
2026-03-11,1.1581,eurusd_ecb
2026-03-12,1.1547,eurusd_ecb
2026-03-13,1.1476,eurusd_ecb
2026-03-16,1.1478,eurusd_ecb
2026-03-17,1.1531,eurusd_ecb
2026-03-18,1.15,eurusd_ecb
2026-03-19,1.1489,eurusd_ecb
2026-03-20,1.1555,eurusd_ecb
2026-03-23,1.1596,eurusd_ecb
2026-03-24,1.1572,eurusd_ecb
2026-03-25,1.1592,eurusd_ecb
2026-03-26,1.1539,eurusd_ecb
2026-03-27,1.1517,eurusd_ecb
2026-03-30,1.1484,eurusd_ecb
2026-03-31,1.1498,eurusd_ecb
2026-04-01,1.1605,eurusd_ecb
2026-04-02,1.1525,eurusd_ecb
2026-04-07,1.1557,eurusd_ecb
2026-04-08,1.1706,eurusd_ecb
2026-04-09,1.1685,eurusd_ecb
2026-04-10,1.1711,eurusd_ecb
2026-04-13,1.1684,eurusd_ecb
2026-04-14,1.1793,eurusd_ecb
2026-04-15,1.178,eurusd_ecb
2026-04-16,1.1782,eurusd_ecb
2026-04-17,1.1797,eurusd_ecb
2026-04-20,1.176,eurusd_ecb
2026-04-21,1.1767,eurusd_ecb
2026-04-22,1.1733,eurusd_ecb
2026-04-23,1.1694,eurusd_ecb
2026-04-24,1.1712,eurusd_ecb
2026-04-27,1.1749,eurusd_ecb
2026-04-28,1.168,eurusd_ecb
2026-04-29,1.1706,eurusd_ecb
2026-04-30,1.1702,eurusd_ecb
2026-05-04,1.17,eurusd_ecb
2026-05-05,1.1686,eurusd_ecb
2026-05-06,1.1762,eurusd_ecb
2026-05-07,1.177,eurusd_ecb
2026-05-08,1.1761,eurusd_ecb
2026-05-11,1.1765,eurusd_ecb
2026-05-12,1.1738,eurusd_ecb
2026-05-13,1.1715,eurusd_ecb
2026-05-14,1.1702,eurusd_ecb
2026-05-15,1.1628,eurusd_ecb
2026-05-18,1.1648,eurusd_ecb
2026-05-19,1.162,eurusd_ecb
2026-05-20,1.16,eurusd_ecb
2026-05-21,1.1599,eurusd_ecb
2026-05-22,1.1595,eurusd_ecb
2026-05-25,1.1643,eurusd_ecb
2026-05-26,1.1634,eurusd_ecb
2026-05-27,1.1637,eurusd_ecb
2026-05-28,1.1617,eurusd_ecb
2026-05-29,1.1644,eurusd_ecb
2026-06-01,1.1646,eurusd_ecb
2026-06-02,1.1649,eurusd_ecb
2026-06-03,1.1614,eurusd_ecb
2026-06-04,1.164,eurusd_ecb
2026-06-05,1.164,eurusd_ecb
2026-06-08,1.154,eurusd_ecb
2026-06-09,1.1573,eurusd_ecb
2026-06-10,1.1539,eurusd_ecb
2026-06-11,1.1537,eurusd_ecb
2026-06-12,1.1567,eurusd_ecb
2026-06-15,1.1607,eurusd_ecb
2026-06-16,1.1594,eurusd_ecb
2026-06-17,1.1591,eurusd_ecb
2026-06-18,1.1461,eurusd_ecb
2026-06-19,1.1467,eurusd_ecb
2026-06-22,1.1456,eurusd_ecb
2026-06-23,1.1392,eurusd_ecb
2026-06-24,1.134,eurusd_ecb
2026-06-25,1.1342,eurusd_ecb
2026-06-26,1.1401,eurusd_ecb
2026-06-29,1.1406,eurusd_ecb
2026-06-30,1.1394,eurusd_ecb
2026-07-01,1.1383,eurusd_ecb
2026-07-02,1.1399,eurusd_ecb
2026-07-03,1.1448,eurusd_ecb
2026-07-06,1.1415,eurusd_ecb
2026-07-07,1.1433,eurusd_ecb
2026-07-08,1.1404,eurusd_ecb
2026-07-09,1.1435,eurusd_ecb
2026-07-10,1.143,eurusd_ecb
2026-07-13,1.1424,eurusd_ecb
2026-07-14,1.1405,eurusd_ecb
2026-07-15,1.1406,eurusd_ecb
2026-07-16,1.1467,eurusd_ecb
2026-07-17,1.1435,eurusd_ecb
2026-07-20,1.1426,eurusd_ecb
2026-07-21,1.1418,eurusd_ecb
2026-07-22,1.1408,eurusd_ecb
2026-07-23,1.1392,eurusd_ecb
2026-07-24,1.1377,eurusd_ecb
2026-07-27,1.1389,eurusd_ecb
2026-07-28,1.1367,eurusd_ecb
2026-07-29,1.138,eurusd_ecb
2026-07-30,1.1476,eurusd_ecb
2026-07-31,1.1485,eurusd_ecb
2026-08-03,1.1535,eurusd_ecb
2026-08-04,1.1515,eurusd_ecb
2026-08-05,1.1554,eurusd_ecb
2026-08-06,1.1542,eurusd_ecb
2026-08-07,1.1535,eurusd_ecb
2026-08-10,1.1555,eurusd_ecb
2026-08-11,1.154,eurusd_ecb
2026-08-12,1.1545,eurusd_ecb
2026-08-13,1.1534,eurusd_ecb
2026-08-14,1.1567,eurusd_ecb
2026-08-17,1.1593,eurusd_ecb
2026-08-18,1.1576,eurusd_ecb
2026-08-19,1.1605,eurusd_ecb
2026-08-20,1.1681,eurusd_ecb
2026-08-21,1.1699,eurusd_ecb
2026-08-24,1.1664,eurusd_ecb
2026-08-25,1.1662,eurusd_ecb
2026-08-26,1.1669,eurusd_ecb
2026-08-27,1.1645,eurusd_ecb
2026-08-28,1.1643,eurusd_ecb
2026-08-31,1.1596,eurusd_ecb
2026-09-01,1.159,eurusd_ecb
2026-09-02,1.1578,eurusd_ecb
2026-09-03,1.1615,eurusd_ecb
2026-09-04,1.1622,eurusd_ecb
2026-09-07,1.1622,eurusd_ecb
2026-09-08,1.1614,eurusd_ecb
2026-09-09,1.1652,eurusd_ecb
2026-09-10,1.1616,eurusd_ecb
2026-09-11,1.1592,eurusd_ecb
2026-09-14,1.1551,eurusd_ecb
2026-09-15,1.1539,eurusd_ecb
2026-09-16,1.1537,eurusd_ecb
2026-09-17,1.1481,eurusd_ecb
2026-09-18,1.146,eurusd_ecb
2026-09-21,1.149,eurusd_ecb
2026-09-22,1.1463,eurusd_ecb
2026-09-23,1.1411,eurusd_ecb
2026-09-24,1.1367,eurusd_ecb
2026-09-25,1.1403,eurusd_ecb
2026-09-28,1.1378,eurusd_ecb
2026-09-29,1.1355,eurusd_ecb
2026-09-30,1.1355,eurusd_ecb
