date,value,name
2010-01-01,217.488,us_cpi
2010-02-01,217.281,us_cpi
2010-03-01,217.353,us_cpi
2010-04-01,217.403,us_cpi
2010-05-01,217.290,us_cpi
2010-06-01,217.199,us_cpi
2010-07-01,217.605,us_cpi
2010-08-01,217.923,us_cpi
2010-09-01,218.275,us_cpi
2010-10-01,219.035,us_cpi
2010-11-01,219.590,us_cpi
2010-12-01,220.472,us_cpi
2011-01-01,221.187,us_cpi
2011-02-01,221.898,us_cpi
2011-03-01,223.046,us_cpi
2011-04-01,224.093,us_cpi
2011-05-01,224.806,us_cpi
2011-06-01,224.806,us_cpi
2011-07-01,225.395,us_cpi
2011-08-01,226.106,us_cpi
2011-09-01,226.597,us_cpi
2011-10-01,226.750,us_cpi
2011-11-01,227.169,us_cpi
2011-12-01,227.223,us_cpi
2012-01-01,227.842,us_cpi
2012-02-01,228.329,us_cpi
2012-03-01,228.807,us_cpi
2012-04-01,229.187,us_cpi
2012-05-01,228.713,us_cpi
2012-06-01,228.524,us_cpi
2012-07-01,228.590,us_cpi
2012-08-01,229.918,us_cpi
2012-09-01,231.015,us_cpi
2012-10-01,231.638,us_cpi
2012-11-01,231.249,us_cpi
2012-12-01,231.221,us_cpi
2013-01-01,231.679,us_cpi
2013-02-01,232.937,us_cpi
2013-03-01,232.282,us_cpi
2013-04-01,231.797,us_cpi
2013-05-01,231.893,us_cpi
2013-06-01,232.445,us_cpi
2013-07-01,232.900,us_cpi
2013-08-01,233.456,us_cpi
2013-09-01,233.544,us_cpi
2013-10-01,233.669,us_cpi
2013-11-01,234.100,us_cpi
2013-12-01,234.719,us_cpi
2014-01-01,235.288,us_cpi
2014-02-01,235.547,us_cpi
2014-03-01,236.028,us_cpi
2014-04-01,236.468,us_cpi
2014-05-01,236.918,us_cpi
2014-06-01,237.231,us_cpi
2014-07-01,237.498,us_cpi
2014-08-01,237.460,us_cpi
2014-09-01,237.477,us_cpi
2014-10-01,237.430,us_cpi
2014-11-01,236.983,us_cpi
2014-12-01,236.252,us_cpi
2015-01-01,234.747,us_cpi
2015-02-01,235.342,us_cpi
2015-03-01,235.976,us_cpi
2015-04-01,236.222,us_cpi
2015-05-01,237.001,us_cpi
2015-06-01,237.657,us_cpi
2015-07-01,238.034,us_cpi
2015-08-01,238.033,us_cpi
2015-09-01,237.498,us_cpi
2015-10-01,237.733,us_cpi
2015-11-01,238.017,us_cpi
2015-12-01,237.761,us_cpi
2016-01-01,237.652,us_cpi
2016-02-01,237.336,us_cpi
2016-03-01,238.080,us_cpi
2016-04-01,238.992,us_cpi
2016-05-01,239.557,us_cpi
2016-06-01,240.222,us_cpi
2016-07-01,240.101,us_cpi
2016-08-01,240.545,us_cpi
2016-09-01,241.176,us_cpi
2016-10-01,241.741,us_cpi
2016-11-01,242.026,us_cpi
2016-12-01,242.637,us_cpi
2017-01-01,243.618,us_cpi
2017-02-01,244.006,us_cpi
2017-03-01,243.892,us_cpi
2017-04-01,244.193,us_cpi
2017-05-01,244.004,us_cpi
2017-06-01,244.163,us_cpi
2017-07-01,244.243,us_cpi
2017-08-01,245.183,us_cpi
2017-09-01,246.435,us_cpi
2017-10-01,246.626,us_cpi
2017-11-01,247.284,us_cpi
2017-12-01,247.805,us_cpi
2018-01-01,248.859,us_cpi
2018-02-01,249.529,us_cpi
2018-03-01,249.577,us_cpi
2018-04-01,250.227,us_cpi
2018-05-01,250.792,us_cpi
2018-06-01,251.018,us_cpi
2018-07-01,251.214,us_cpi
2018-08-01,251.663,us_cpi
2018-09-01,252.182,us_cpi
2018-10-01,252.772,us_cpi
2018-11-01,252.594,us_cpi
2018-12-01,252.767,us_cpi
2019-01-01,252.561,us_cpi
2019-02-01,253.319,us_cpi
2019-03-01,254.277,us_cpi
2019-04-01,255.233,us_cpi
2019-05-01,255.296,us_cpi
2019-06-01,255.213,us_cpi
2019-07-01,255.802,us_cpi
2019-08-01,256.036,us_cpi
2019-09-01,256.430,us_cpi
2019-10-01,257.155,us_cpi
2019-11-01,257.879,us_cpi
2019-12-01,258.630,us_cpi
2020-01-01,259.127,us_cpi
2020-02-01,259.250,us_cpi
2020-03-01,258.076,us_cpi
2020-04-01,256.032,us_cpi
2020-05-01,255.802,us_cpi
2020-06-01,257.042,us_cpi
2020-07-01,258.352,us_cpi
2020-08-01,259.316,us_cpi
2020-09-01,259.997,us_cpi
2020-10-01,260.319,us_cpi
2020-11-01,260.911,us_cpi
2020-12-01,262.045,us_cpi
2021-01-01,262.687,us_cpi
2021-02-01,263.579,us_cpi
2021-03-01,264.961,us_cpi
2021-04-01,266.614,us_cpi
2021-05-01,268.383,us_cpi
2021-06-01,270.654,us_cpi
2021-07-01,271.903,us_cpi
2021-08-01,272.676,us_cpi
2021-09-01,273.910,us_cpi
2021-10-01,276.550,us_cpi
2021-11-01,278.919,us_cpi
2021-12-01,280.845,us_cpi
2022-01-01,282.543,us_cpi
2022-02-01,284.500,us_cpi
2022-03-01,287.674,us_cpi
2022-04-01,288.561,us_cpi
2022-05-01,291.298,us_cpi
2022-06-01,294.957,us_cpi
2022-07-01,294.913,us_cpi
2022-08-01,295.097,us_cpi
2022-09-01,296.349,us_cpi
2022-10-01,298.007,us_cpi
2022-11-01,298.786,us_cpi
2022-12-01,298.832,us_cpi
2023-01-01,300.420,us_cpi
2023-02-01,301.450,us_cpi
2023-03-01,301.821,us_cpi
2023-04-01,302.845,us_cpi
2023-05-01,303.334,us_cpi
2023-06-01,304.014,us_cpi
2023-07-01,304.609,us_cpi
2023-08-01,306.082,us_cpi
2023-09-01,307.276,us_cpi
2023-10-01,307.696,us_cpi
2023-11-01,308.148,us_cpi
2023-12-01,308.741,us_cpi
2024-01-01,309.698,us_cpi
2024-02-01,310.967,us_cpi
2024-03-01,312.345,us_cpi
2024-04-01,313.023,us_cpi
2024-05-01,313.175,us_cpi
2024-06-01,313.044,us_cpi
2024-07-01,313.569,us_cpi
2024-08-01,314.062,us_cpi
2024-09-01,314.732,us_cpi
2024-10-01,315.631,us_cpi
2024-11-01,316.528,us_cpi
2024-12-01,317.604,us_cpi
2025-01-01,318.961,us_cpi
2025-02-01,319.679,us_cpi
2025-03-01,319.785,us_cpi
2025-04-01,320.302,us_cpi
2025-05-01,320.620,us_cpi
2025-06-01,321.435,us_cpi
2025-07-01,322.169,us_cpi
2025-08-01,323.291,us_cpi
2025-09-01,324.245,us_cpi
2025-10-01,.,us_cpi
2025-11-01,325.063,us_cpi
2025-12-01,326.031,us_cpi
2026-01-01,326.588,us_cpi
2026-02-01,327.460,us_cpi
2026-03-01,330.293,us_cpi
2026-04-01,332.407,us_cpi
2026-05-01,333.979,us_cpi
2026-06-01,332.568,us_cpi
2026-07-01,332.813,us_cpi
2026-08-01,334.131,us_cpi
2010-01-01,220.633,us_core_cpi
2010-02-01,220.731,us_core_cpi
2010-03-01,220.783,us_core_cpi
2010-04-01,220.822,us_core_cpi
2010-05-01,220.962,us_core_cpi
2010-06-01,221.194,us_core_cpi
2010-07-01,221.363,us_core_cpi
2010-08-01,221.509,us_core_cpi
2010-09-01,221.711,us_core_cpi
2010-10-01,221.830,us_core_cpi
2010-11-01,222.149,us_core_cpi
2010-12-01,222.343,us_core_cpi
2011-01-01,222.803,us_core_cpi
2011-02-01,223.213,us_core_cpi
2011-03-01,223.454,us_core_cpi
2011-04-01,223.727,us_core_cpi
2011-05-01,224.175,us_core_cpi
2011-06-01,224.697,us_core_cpi
2011-07-01,225.218,us_core_cpi
2011-08-01,225.862,us_core_cpi
2011-09-01,226.118,us_core_cpi
2011-10-01,226.506,us_core_cpi
2011-11-01,226.899,us_core_cpi
2011-12-01,227.405,us_core_cpi
2012-01-01,227.877,us_core_cpi
2012-02-01,228.034,us_core_cpi
2012-03-01,228.478,us_core_cpi
2012-04-01,228.905,us_core_cpi
2012-05-01,229.224,us_core_cpi
2012-06-01,229.623,us_core_cpi
2012-07-01,229.970,us_core_cpi
2012-08-01,230.233,us_core_cpi
2012-09-01,230.659,us_core_cpi
2012-10-01,231.024,us_core_cpi
2012-11-01,231.330,us_core_cpi
2012-12-01,231.725,us_core_cpi
2013-01-01,232.229,us_core_cpi
2013-02-01,232.569,us_core_cpi
2013-03-01,232.794,us_core_cpi
2013-04-01,232.832,us_core_cpi
2013-05-01,232.996,us_core_cpi
2013-06-01,233.350,us_core_cpi
2013-07-01,233.880,us_core_cpi
2013-08-01,234.336,us_core_cpi
2013-09-01,234.700,us_core_cpi
2013-10-01,234.921,us_core_cpi
2013-11-01,235.359,us_core_cpi
2013-12-01,235.759,us_core_cpi
2014-01-01,235.961,us_core_cpi
2014-02-01,236.185,us_core_cpi
2014-03-01,236.625,us_core_cpi
2014-04-01,237.072,us_core_cpi
2014-05-01,237.529,us_core_cpi
2014-06-01,237.837,us_core_cpi
2014-07-01,238.195,us_core_cpi
2014-08-01,238.405,us_core_cpi
2014-09-01,238.786,us_core_cpi
2014-10-01,239.191,us_core_cpi
2014-11-01,239.458,us_core_cpi
2014-12-01,239.584,us_core_cpi
2015-01-01,239.811,us_core_cpi
2015-02-01,240.172,us_core_cpi
2015-03-01,240.755,us_core_cpi
2015-04-01,241.346,us_core_cpi
2015-05-01,241.688,us_core_cpi
2015-06-01,242.064,us_core_cpi
2015-07-01,242.565,us_core_cpi
2015-08-01,242.817,us_core_cpi
2015-09-01,243.316,us_core_cpi
2015-10-01,243.768,us_core_cpi
2015-11-01,244.241,us_core_cpi
2015-12-01,244.547,us_core_cpi
2016-01-01,244.955,us_core_cpi
2016-02-01,245.510,us_core_cpi
2016-03-01,245.913,us_core_cpi
2016-04-01,246.551,us_core_cpi
2016-05-01,247.137,us_core_cpi
2016-06-01,247.540,us_core_cpi
2016-07-01,247.829,us_core_cpi
2016-08-01,248.423,us_core_cpi
2016-09-01,248.842,us_core_cpi
2016-10-01,249.142,us_core_cpi
2016-11-01,249.481,us_core_cpi
2016-12-01,249.920,us_core_cpi
2017-01-01,250.467,us_core_cpi
2017-02-01,250.998,us_core_cpi
2017-03-01,250.944,us_core_cpi
2017-04-01,251.227,us_core_cpi
2017-05-01,251.430,us_core_cpi
2017-06-01,251.746,us_core_cpi
2017-07-01,251.985,us_core_cpi
2017-08-01,252.535,us_core_cpi
2017-09-01,252.812,us_core_cpi
2017-10-01,253.526,us_core_cpi
2017-11-01,253.816,us_core_cpi
2017-12-01,254.344,us_core_cpi
2018-01-01,255.204,us_core_cpi
2018-02-01,255.711,us_core_cpi
2018-03-01,256.271,us_core_cpi
2018-04-01,256.630,us_core_cpi
2018-05-01,257.145,us_core_cpi
2018-06-01,257.399,us_core_cpi
2018-07-01,257.699,us_core_cpi
2018-08-01,257.891,us_core_cpi
2018-09-01,258.368,us_core_cpi
2018-10-01,258.917,us_core_cpi
2018-11-01,259.439,us_core_cpi
2018-12-01,260.063,us_core_cpi
2019-01-01,260.766,us_core_cpi
2019-02-01,261.186,us_core_cpi
2019-03-01,261.567,us_core_cpi
2019-04-01,261.997,us_core_cpi
2019-05-01,262.217,us_core_cpi
2019-06-01,262.739,us_core_cpi
2019-07-01,263.280,us_core_cpi
2019-08-01,263.877,us_core_cpi
2019-09-01,264.388,us_core_cpi
2019-10-01,264.970,us_core_cpi
2019-11-01,265.548,us_core_cpi
2019-12-01,266.020,us_core_cpi
2020-01-01,266.716,us_core_cpi
2020-02-01,267.370,us_core_cpi
2020-03-01,267.054,us_core_cpi
2020-04-01,265.746,us_core_cpi
2020-05-01,265.412,us_core_cpi
2020-06-01,265.849,us_core_cpi
2020-07-01,267.389,us_core_cpi
2020-08-01,268.422,us_core_cpi
2020-09-01,268.933,us_core_cpi
2020-10-01,269.306,us_core_cpi
2020-11-01,269.981,us_core_cpi
2020-12-01,270.341,us_core_cpi
2021-01-01,270.387,us_core_cpi
2021-02-01,270.793,us_core_cpi
2021-03-01,271.459,us_core_cpi
2021-04-01,273.660,us_core_cpi
2021-05-01,275.465,us_core_cpi
2021-06-01,277.651,us_core_cpi
2021-07-01,278.648,us_core_cpi
2021-08-01,278.997,us_core_cpi
2021-09-01,279.698,us_core_cpi
2021-10-01,281.668,us_core_cpi
2021-11-01,283.406,us_core_cpi
2021-12-01,285.180,us_core_cpi
2022-01-01,286.757,us_core_cpi
2022-02-01,288.273,us_core_cpi
2022-03-01,289.056,us_core_cpi
2022-04-01,290.514,us_core_cpi
2022-05-01,292.063,us_core_cpi
2022-06-01,294.050,us_core_cpi
2022-07-01,295.088,us_core_cpi
2022-08-01,296.535,us_core_cpi
2022-09-01,298.226,us_core_cpi
2022-10-01,299.399,us_core_cpi
2022-11-01,300.325,us_core_cpi
2022-12-01,301.394,us_core_cpi
2023-01-01,302.642,us_core_cpi
2023-02-01,304.123,us_core_cpi
2023-03-01,305.147,us_core_cpi
2023-04-01,306.534,us_core_cpi
2023-05-01,307.652,us_core_cpi
2023-06-01,308.322,us_core_cpi
2023-07-01,308.960,us_core_cpi
2023-08-01,309.580,us_core_cpi
2023-09-01,310.539,us_core_cpi
2023-10-01,311.457,us_core_cpi
2023-11-01,312.392,us_core_cpi
2023-12-01,313.195,us_core_cpi
2024-01-01,314.319,us_core_cpi
2024-02-01,315.564,us_core_cpi
2024-03-01,316.792,us_core_cpi
2024-04-01,317.649,us_core_cpi
2024-05-01,318.095,us_core_cpi
2024-06-01,318.390,us_core_cpi
2024-07-01,318.940,us_core_cpi
2024-08-01,319.750,us_core_cpi
2024-09-01,320.732,us_core_cpi
2024-10-01,321.731,us_core_cpi
2024-11-01,322.657,us_core_cpi
2024-12-01,323.259,us_core_cpi
2025-01-01,324.638,us_core_cpi
2025-02-01,325.465,us_core_cpi
2025-03-01,325.690,us_core_cpi
2025-04-01,326.467,us_core_cpi
2025-05-01,326.893,us_core_cpi
2025-06-01,327.658,us_core_cpi
2025-07-01,328.682,us_core_cpi
2025-08-01,329.700,us_core_cpi
2025-09-01,330.418,us_core_cpi
2025-10-01,.,us_core_cpi
2025-11-01,331.043,us_core_cpi
2025-12-01,331.814,us_core_cpi
2026-01-01,332.793,us_core_cpi
2026-02-01,333.512,us_core_cpi
2026-03-01,334.165,us_core_cpi
2026-04-01,335.423,us_core_cpi
2026-05-01,336.121,us_core_cpi
2026-06-01,336.065,us_core_cpi
2026-07-01,336.789,us_core_cpi
2026-08-01,337.765,us_core_cpi
2010-01-01,101.2,us_ppi
2010-02-01,101.0,us_ppi
2010-03-01,101.1,us_ppi
2010-04-01,101.4,us_ppi
2010-05-01,101.6,us_ppi
2010-06-01,101.4,us_ppi
2010-07-01,101.6,us_ppi
2010-08-01,101.8,us_ppi
2010-09-01,102.1,us_ppi
2010-10-01,102.5,us_ppi
2010-11-01,102.8,us_ppi
2010-12-01,103.1,us_ppi
2011-01-01,103.7,us_ppi
2011-02-01,104.3,us_ppi
2011-03-01,105.0,us_ppi
2011-04-01,105.5,us_ppi
2011-05-01,105.8,us_ppi
2011-06-01,105.9,us_ppi
2011-07-01,106.1,us_ppi
2011-08-01,106.3,us_ppi
2011-09-01,106.7,us_ppi
2011-10-01,106.3,us_ppi
2011-11-01,106.6,us_ppi
2011-12-01,106.5,us_ppi
2012-01-01,106.9,us_ppi
2012-02-01,107.2,us_ppi
2012-03-01,107.4,us_ppi
2012-04-01,107.7,us_ppi
2012-05-01,107.6,us_ppi
2012-06-01,107.3,us_ppi
2012-07-01,107.2,us_ppi
2012-08-01,107.5,us_ppi
2012-09-01,108.2,us_ppi
2012-10-01,108.3,us_ppi
2012-11-01,108.4,us_ppi
2012-12-01,108.4,us_ppi
2013-01-01,108.7,us_ppi
2013-02-01,108.9,us_ppi
2013-03-01,108.9,us_ppi
2013-04-01,108.7,us_ppi
2013-05-01,108.6,us_ppi
2013-06-01,109.0,us_ppi
2013-07-01,109.2,us_ppi
2013-08-01,109.3,us_ppi
2013-09-01,109.3,us_ppi
2013-10-01,109.5,us_ppi
2013-11-01,109.7,us_ppi
2013-12-01,109.8,us_ppi
2014-01-01,110.1,us_ppi
2014-02-01,110.3,us_ppi
2014-03-01,110.7,us_ppi
2014-04-01,110.8,us_ppi
2014-05-01,111.0,us_ppi
2014-06-01,110.9,us_ppi
2014-07-01,111.3,us_ppi
2014-08-01,111.3,us_ppi
2014-09-01,111.1,us_ppi
2014-10-01,111.3,us_ppi
2014-11-01,111.1,us_ppi
2014-12-01,110.8,us_ppi
2015-01-01,110.1,us_ppi
2015-02-01,109.6,us_ppi
2015-03-01,109.8,us_ppi
2015-04-01,109.6,us_ppi
2015-05-01,110.0,us_ppi
2015-06-01,110.3,us_ppi
2015-07-01,110.5,us_ppi
2015-08-01,110.3,us_ppi
2015-09-01,109.9,us_ppi
2015-10-01,109.6,us_ppi
2015-11-01,109.7,us_ppi
2015-12-01,109.6,us_ppi
2016-01-01,110.0,us_ppi
2016-02-01,109.7,us_ppi
2016-03-01,109.7,us_ppi
2016-04-01,109.9,us_ppi
2016-05-01,110.1,us_ppi
2016-06-01,110.6,us_ppi
2016-07-01,110.5,us_ppi
2016-08-01,110.3,us_ppi
2016-09-01,110.6,us_ppi
2016-10-01,110.9,us_ppi
2016-11-01,111.1,us_ppi
2016-12-01,111.4,us_ppi
2017-01-01,111.9,us_ppi
2017-02-01,111.9,us_ppi
2017-03-01,112.1,us_ppi
2017-04-01,112.6,us_ppi
2017-05-01,112.5,us_ppi
2017-06-01,112.6,us_ppi
2017-07-01,112.7,us_ppi
2017-08-01,113.1,us_ppi
2017-09-01,113.5,us_ppi
2017-10-01,113.9,us_ppi
2017-11-01,114.3,us_ppi
2017-12-01,114.4,us_ppi
2018-01-01,114.8,us_ppi
2018-02-01,115.1,us_ppi
2018-03-01,115.3,us_ppi
2018-04-01,115.5,us_ppi
2018-05-01,115.9,us_ppi
2018-06-01,116.3,us_ppi
2018-07-01,116.4,us_ppi
2018-08-01,116.5,us_ppi
2018-09-01,116.7,us_ppi
2018-10-01,117.5,us_ppi
2018-11-01,117.4,us_ppi
2018-12-01,117.4,us_ppi
2019-01-01,117.0,us_ppi
2019-02-01,117.2,us_ppi
2019-03-01,117.6,us_ppi
2019-04-01,118.2,us_ppi
2019-05-01,118.3,us_ppi
2019-06-01,118.2,us_ppi
2019-07-01,118.5,us_ppi
2019-08-01,118.6,us_ppi
2019-09-01,118.3,us_ppi
2019-10-01,118.8,us_ppi
2019-11-01,118.6,us_ppi
2019-12-01,119.0,us_ppi
2020-01-01,119.2,us_ppi
2020-02-01,118.6,us_ppi
2020-03-01,118.0,us_ppi
2020-04-01,116.6,us_ppi
2020-05-01,117.2,us_ppi
2020-06-01,117.5,us_ppi
2020-07-01,118.2,us_ppi
2020-08-01,118.4,us_ppi
2020-09-01,118.8,us_ppi
2020-10-01,119.4,us_ppi
2020-11-01,119.5,us_ppi
2020-12-01,120.0,us_ppi
2021-01-01,121.2,us_ppi
2021-02-01,122.0,us_ppi
2021-03-01,122.8,us_ppi
2021-04-01,124.0,us_ppi
2021-05-01,125.3,us_ppi
2021-06-01,126.2,us_ppi
2021-07-01,127.486,us_ppi
2021-08-01,128.603,us_ppi
2021-09-01,129.226,us_ppi
2021-10-01,130.045,us_ppi
2021-11-01,131.475,us_ppi
2021-12-01,132.260,us_ppi
2022-01-01,133.529,us_ppi
2022-02-01,134.771,us_ppi
2022-03-01,137.037,us_ppi
2022-04-01,137.773,us_ppi
2022-05-01,139.013,us_ppi
2022-06-01,140.273,us_ppi
2022-07-01,139.837,us_ppi
2022-08-01,139.755,us_ppi
2022-09-01,140.200,us_ppi
2022-10-01,140.681,us_ppi
2022-11-01,141.160,us_ppi
2022-12-01,140.694,us_ppi
2023-01-01,141.203,us_ppi
2023-02-01,141.135,us_ppi
2023-03-01,140.736,us_ppi
2023-04-01,140.934,us_ppi
2023-05-01,140.614,us_ppi
2023-06-01,140.698,us_ppi
2023-07-01,141.485,us_ppi
2023-08-01,142.409,us_ppi
2023-09-01,142.744,us_ppi
2023-10-01,142.249,us_ppi
2023-11-01,142.334,us_ppi
2023-12-01,142.165,us_ppi
2024-01-01,142.576,us_ppi
2024-02-01,143.356,us_ppi
2024-03-01,143.521,us_ppi
2024-04-01,144.197,us_ppi
2024-05-01,144.224,us_ppi
2024-06-01,144.869,us_ppi
2024-07-01,144.922,us_ppi
2024-08-01,145.409,us_ppi
2024-09-01,145.803,us_ppi
2024-10-01,146.294,us_ppi
2024-11-01,146.447,us_ppi
2024-12-01,147.052,us_ppi
2025-01-01,147.975,us_ppi
2025-02-01,148.233,us_ppi
2025-03-01,148.055,us_ppi
2025-04-01,147.655,us_ppi
2025-05-01,148.153,us_ppi
2025-06-01,148.393,us_ppi
2025-07-01,149.597,us_ppi
2025-08-01,149.327,us_ppi
2025-09-01,150.245,us_ppi
2025-10-01,150.439,us_ppi
2025-11-01,151.054,us_ppi
2025-12-01,151.592,us_ppi
2026-01-01,152.468,us_ppi
2026-02-01,153.204,us_ppi
2026-03-01,154.393,us_ppi
2026-04-01,156.061,us_ppi
2026-05-01,156.864,us_ppi
2026-06-01,156.667,us_ppi
2026-07-01,156.784,us_ppi
2026-08-01,157.411,us_ppi
2010-01-01,90.136,us_pce
2010-02-01,90.134,us_pce
2010-03-01,90.261,us_pce
2010-04-01,90.31,us_pce
2010-05-01,90.339,us_pce
2010-06-01,90.301,us_pce
2010-07-01,90.378,us_pce
2010-08-01,90.502,us_pce
2010-09-01,90.592,us_pce
2010-10-01,90.881,us_pce
2010-11-01,91.062,us_pce
2010-12-01,91.268,us_pce
2011-01-01,91.542,us_pce
2011-02-01,91.797,us_pce
2011-03-01,92.166,us_pce
2011-04-01,92.557,us_pce
2011-05-01,92.838,us_pce
2011-06-01,92.819,us_pce
2011-07-01,92.977,us_pce
2011-08-01,93.196,us_pce
2011-09-01,93.327,us_pce
2011-10-01,93.329,us_pce
2011-11-01,93.52,us_pce
2011-12-01,93.574,us_pce
2012-01-01,93.894,us_pce
2012-02-01,94.104,us_pce
2012-03-01,94.284,us_pce
2012-04-01,94.408,us_pce
2012-05-01,94.302,us_pce
2012-06-01,94.254,us_pce
2012-07-01,94.288,us_pce
2012-08-01,94.605,us_pce
2012-09-01,94.893,us_pce
2012-10-01,95.174,us_pce
2012-11-01,95.109,us_pce
2012-12-01,95.094,us_pce
2013-01-01,95.275,us_pce
2013-02-01,95.614,us_pce
2013-03-01,95.488,us_pce
2013-04-01,95.391,us_pce
2013-05-01,95.461,us_pce
2013-06-01,95.673,us_pce
2013-07-01,95.792,us_pce
2013-08-01,95.934,us_pce
2013-09-01,95.976,us_pce
2013-10-01,96.103,us_pce
2013-11-01,96.246,us_pce
2013-12-01,96.414,us_pce
2014-01-01,96.614,us_pce
2014-02-01,96.66,us_pce
2014-03-01,96.815,us_pce
2014-04-01,96.987,us_pce
2014-05-01,97.147,us_pce
2014-06-01,97.253,us_pce
2014-07-01,97.391,us_pce
2014-08-01,97.379,us_pce
2014-09-01,97.413,us_pce
2014-10-01,97.384,us_pce
2014-11-01,97.291,us_pce
2014-12-01,97.12,us_pce
2015-01-01,96.654,us_pce
2015-02-01,96.825,us_pce
2015-03-01,97.008,us_pce
2015-04-01,97.094,us_pce
2015-05-01,97.327,us_pce
2015-06-01,97.516,us_pce
2015-07-01,97.605,us_pce
2015-08-01,97.612,us_pce
2015-09-01,97.477,us_pce
2015-10-01,97.477,us_pce
2015-11-01,97.538,us_pce
2015-12-01,97.456,us_pce
2016-01-01,97.496,us_pce
2016-02-01,97.445,us_pce
2016-03-01,97.673,us_pce
2016-04-01,97.993,us_pce
2016-05-01,98.153,us_pce
2016-06-01,98.325,us_pce
2016-07-01,98.342,us_pce
2016-08-01,98.479,us_pce
2016-09-01,98.666,us_pce
2016-10-01,98.868,us_pce
2016-11-01,98.901,us_pce
2016-12-01,99.071,us_pce
2017-01-01,99.451,us_pce
2017-02-01,99.586,us_pce
2017-03-01,99.535,us_pce
2017-04-01,99.725,us_pce
2017-05-01,99.682,us_pce
2017-06-01,99.766,us_pce
2017-07-01,99.803,us_pce
2017-08-01,100.027,us_pce
2017-09-01,100.4,us_pce
2017-10-01,100.531,us_pce
2017-11-01,100.675,us_pce
2017-12-01,100.821,us_pce
2018-01-01,101.199,us_pce
2018-02-01,101.416,us_pce
2018-03-01,101.524,us_pce
2018-04-01,101.766,us_pce
2018-05-01,101.941,us_pce
2018-06-01,102.029,us_pce
2018-07-01,102.137,us_pce
2018-08-01,102.208,us_pce
2018-09-01,102.418,us_pce
2018-10-01,102.595,us_pce
2018-11-01,102.63,us_pce
2018-12-01,102.701,us_pce
2019-01-01,102.648,us_pce
2019-02-01,102.836,us_pce
2019-03-01,103.069,us_pce
2019-04-01,103.36,us_pce
2019-05-01,103.435,us_pce
2019-06-01,103.484,us_pce
2019-07-01,103.622,us_pce
2019-08-01,103.67,us_pce
2019-09-01,103.733,us_pce
2019-10-01,103.917,us_pce
2019-11-01,104.024,us_pce
2019-12-01,104.307,us_pce
2020-01-01,104.49,us_pce
2020-02-01,104.573,us_pce
2020-03-01,104.271,us_pce
2020-04-01,103.838,us_pce
2020-05-01,103.942,us_pce
2020-06-01,104.27,us_pce
2020-07-01,104.578,us_pce
2020-08-01,104.87,us_pce
2020-09-01,105.057,us_pce
2020-10-01,105.151,us_pce
2020-11-01,105.258,us_pce
2020-12-01,105.699,us_pce
2021-01-01,106.065,us_pce
2021-02-01,106.441,us_pce
2021-03-01,107.019,us_pce
2021-04-01,107.553,us_pce
2021-05-01,108.069,us_pce
2021-06-01,108.668,us_pce
2021-07-01,109.162,us_pce
2021-08-01,109.599,us_pce
2021-09-01,109.948,us_pce
2021-10-01,110.7,us_pce
2021-11-01,111.435,us_pce
2021-12-01,112.088,us_pce
2022-01-01,112.678,us_pce
2022-02-01,113.37,us_pce
2022-03-01,114.425,us_pce
2022-04-01,114.688,us_pce
2022-05-01,115.401,us_pce
2022-06-01,116.512,us_pce
2022-07-01,116.65,us_pce
2022-08-01,116.924,us_pce
2022-09-01,117.307,us_pce
2022-10-01,117.902,us_pce
2022-11-01,118.221,us_pce
2022-12-01,118.372,us_pce
2023-01-01,118.938,us_pce
2023-02-01,119.265,us_pce
2023-03-01,119.564,us_pce
2023-04-01,119.886,us_pce
2023-05-01,120.129,us_pce
2023-06-01,120.41,us_pce
2023-07-01,120.571,us_pce
2023-08-01,120.944,us_pce
2023-09-01,121.403,us_pce
2023-10-01,121.557,us_pce
2023-11-01,121.636,us_pce
2023-12-01,121.76,us_pce
2024-01-01,122.206,us_pce
2024-02-01,122.613,us_pce
2024-03-01,123.093,us_pce
2024-04-01,123.289,us_pce
2024-05-01,123.369,us_pce
2024-06-01,123.504,us_pce
2024-07-01,123.701,us_pce
2024-08-01,123.891,us_pce
2024-09-01,124.146,us_pce
2024-10-01,124.482,us_pce
2024-11-01,124.666,us_pce
2024-12-01,124.984,us_pce
2025-01-01,125.423,us_pce
2025-02-01,125.77,us_pce
2025-03-01,125.869,us_pce
2025-04-01,126.163,us_pce
2025-05-01,126.408,us_pce
2025-06-01,126.73,us_pce
2025-07-01,126.906,us_pce
2025-08-01,127.229,us_pce
2025-09-01,127.601,us_pce
2025-10-01,127.79,us_pce
2025-11-01,128.045,us_pce
2025-12-01,128.455,us_pce
2026-01-01,128.845,us_pce
2026-02-01,129.293,us_pce
2026-03-01,130.105,us_pce
2026-04-01,130.672,us_pce
2026-05-01,131.241,us_pce
2026-06-01,131.106,us_pce
2026-07-01,131.172,us_pce
2026-08-01,131.579,us_pce
2010-01-01,89.368,us_core_pce
2010-02-01,89.446,us_core_pce
2010-03-01,89.579,us_core_pce
2010-04-01,89.625,us_core_pce
2010-05-01,89.724,us_core_pce
2010-06-01,89.767,us_core_pce
2010-07-01,89.769,us_core_pce
2010-08-01,89.855,us_core_pce
2010-09-01,89.906,us_core_pce
2010-10-01,90.043,us_core_pce
2010-11-01,90.16,us_core_pce
2010-12-01,90.179,us_core_pce
2011-01-01,90.372,us_core_pce
2011-02-01,90.53,us_core_pce
2011-03-01,90.667,us_core_pce
2011-04-01,90.875,us_core_pce
2011-05-01,91.091,us_core_pce
2011-06-01,91.191,us_core_pce
2011-07-01,91.326,us_core_pce
2011-08-01,91.508,us_core_pce
2011-09-01,91.57,us_core_pce
2011-10-01,91.614,us_core_pce
2011-11-01,91.808,us_core_pce
2011-12-01,91.96,us_core_pce
2012-01-01,92.235,us_core_pce
2012-02-01,92.364,us_core_pce
2012-03-01,92.521,us_core_pce
2012-04-01,92.661,us_core_pce
2012-05-01,92.755,us_core_pce
2012-06-01,92.85,us_core_pce
2012-07-01,92.946,us_core_pce
2012-08-01,93.005,us_core_pce
2012-09-01,93.119,us_core_pce
2012-10-01,93.345,us_core_pce
2012-11-01,93.445,us_core_pce
2012-12-01,93.514,us_core_pce
2013-01-01,93.703,us_core_pce
2013-02-01,93.805,us_core_pce
2013-03-01,93.891,us_core_pce
2013-04-01,93.937,us_core_pce
2013-05-01,94.047,us_core_pce
2013-06-01,94.209,us_core_pce
2013-07-01,94.329,us_core_pce
2013-08-01,94.431,us_core_pce
2013-09-01,94.543,us_core_pce
2013-10-01,94.703,us_core_pce
2013-11-01,94.86,us_core_pce
2013-12-01,94.961,us_core_pce
2014-01-01,95.064,us_core_pce
2014-02-01,95.109,us_core_pce
2014-03-01,95.25,us_core_pce
2014-04-01,95.413,us_core_pce
2014-05-01,95.574,us_core_pce
2014-06-01,95.682,us_core_pce
2014-07-01,95.848,us_core_pce
2014-08-01,95.885,us_core_pce
2014-09-01,96.013,us_core_pce
2014-10-01,96.096,us_core_pce
2014-11-01,96.181,us_core_pce
2014-12-01,96.249,us_core_pce
2015-01-01,96.214,us_core_pce
2015-02-01,96.324,us_core_pce
2015-03-01,96.47,us_core_pce
2015-04-01,96.648,us_core_pce
2015-05-01,96.766,us_core_pce
2015-06-01,96.882,us_core_pce
2015-07-01,96.978,us_core_pce
2015-08-01,97.056,us_core_pce
2015-09-01,97.196,us_core_pce
2015-10-01,97.228,us_core_pce
2015-11-01,97.332,us_core_pce
2015-12-01,97.396,us_core_pce
2016-01-01,97.567,us_core_pce
2016-02-01,97.736,us_core_pce
2016-03-01,97.876,us_core_pce
2016-04-01,98.117,us_core_pce
2016-05-01,98.284,us_core_pce
2016-06-01,98.386,us_core_pce
2016-07-01,98.529,us_core_pce
2016-08-01,98.703,us_core_pce
2016-09-01,98.834,us_core_pce
2016-10-01,98.961,us_core_pce
2016-11-01,99.005,us_core_pce
2016-12-01,99.12,us_core_pce
2017-01-01,99.385,us_core_pce
2017-02-01,99.561,us_core_pce
2017-03-01,99.519,us_core_pce
2017-04-01,99.723,us_core_pce
2017-05-01,99.803,us_core_pce
2017-06-01,99.937,us_core_pce
2017-07-01,100.01,us_core_pce
2017-08-01,100.118,us_core_pce
2017-09-01,100.24,us_core_pce
2017-10-01,100.486,us_core_pce
2017-11-01,100.535,us_core_pce
2017-12-01,100.683,us_core_pce
2018-01-01,101.007,us_core_pce
2018-02-01,101.198,us_core_pce
2018-03-01,101.419,us_core_pce
2018-04-01,101.602,us_core_pce
2018-05-01,101.78,us_core_pce
2018-06-01,101.872,us_core_pce
2018-07-01,102.006,us_core_pce
2018-08-01,102.016,us_core_pce
2018-09-01,102.205,us_core_pce
2018-10-01,102.366,us_core_pce
2018-11-01,102.556,us_core_pce
2018-12-01,102.735,us_core_pce
2019-01-01,102.87,us_core_pce
2019-02-01,102.963,us_core_pce
2019-03-01,103.058,us_core_pce
2019-04-01,103.265,us_core_pce
2019-05-01,103.371,us_core_pce
2019-06-01,103.56,us_core_pce
2019-07-01,103.678,us_core_pce
2019-08-01,103.797,us_core_pce
2019-09-01,103.873,us_core_pce
2019-10-01,104.028,us_core_pce
2019-11-01,104.092,us_core_pce
2019-12-01,104.322,us_core_pce
2020-01-01,104.507,us_core_pce
2020-02-01,104.711,us_core_pce
2020-03-01,104.632,us_core_pce
2020-04-01,104.293,us_core_pce
2020-05-01,104.402,us_core_pce
2020-06-01,104.565,us_core_pce
2020-07-01,104.937,us_core_pce
2020-08-01,105.243,us_core_pce
2020-09-01,105.41,us_core_pce
2020-10-01,105.507,us_core_pce
2020-11-01,105.605,us_core_pce
2020-12-01,105.896,us_core_pce
2021-01-01,106.168,us_core_pce
2021-02-01,106.435,us_core_pce
2021-03-01,106.865,us_core_pce
2021-04-01,107.493,us_core_pce
2021-05-01,107.989,us_core_pce
2021-06-01,108.522,us_core_pce
2021-07-01,108.971,us_core_pce
2021-08-01,109.34,us_core_pce
2021-09-01,109.548,us_core_pce
2021-10-01,110.119,us_core_pce
2021-11-01,110.671,us_core_pce
2021-12-01,111.28,us_core_pce
2022-01-01,111.822,us_core_pce
2022-02-01,112.362,us_core_pce
2022-03-01,112.807,us_core_pce
2022-04-01,113.178,us_core_pce
2022-05-01,113.571,us_core_pce
2022-06-01,114.273,us_core_pce
2022-07-01,114.658,us_core_pce
2022-08-01,115.248,us_core_pce
2022-09-01,115.727,us_core_pce
2022-10-01,116.186,us_core_pce
2022-11-01,116.52,us_core_pce
2022-12-01,116.923,us_core_pce
2023-01-01,117.415,us_core_pce
2023-02-01,117.825,us_core_pce
2023-03-01,118.295,us_core_pce
2023-04-01,118.671,us_core_pce
2023-05-01,119.061,us_core_pce
2023-06-01,119.35,us_core_pce
2023-07-01,119.515,us_core_pce
2023-08-01,119.662,us_core_pce
2023-09-01,120.053,us_core_pce
2023-10-01,120.321,us_core_pce
2023-11-01,120.525,us_core_pce
2023-12-01,120.694,us_core_pce
2024-01-01,121.201,us_core_pce
2024-02-01,121.57,us_core_pce
2024-03-01,122.016,us_core_pce
2024-04-01,122.252,us_core_pce
2024-05-01,122.406,us_core_pce
2024-06-01,122.667,us_core_pce
2024-07-01,122.872,us_core_pce
2024-08-01,123.135,us_core_pce
2024-09-01,123.462,us_core_pce
2024-10-01,123.816,us_core_pce
2024-11-01,123.989,us_core_pce
2024-12-01,124.198,us_core_pce
2025-01-01,124.609,us_core_pce
2025-02-01,125.002,us_core_pce
2025-03-01,125.144,us_core_pce
2025-04-01,125.524,us_core_pce
2025-05-01,125.818,us_core_pce
2025-06-01,126.133,us_core_pce
2025-07-01,126.363,us_core_pce
2025-08-01,126.646,us_core_pce
2025-09-01,126.94,us_core_pce
2025-10-01,127.165,us_core_pce
2025-11-01,127.363,us_core_pce
2025-12-01,127.765,us_core_pce
2026-01-01,128.27,us_core_pce
2026-02-01,128.701,us_core_pce
2026-03-01,129.03,us_core_pce
2026-04-01,129.395,us_core_pce
2026-05-01,129.796,us_core_pce
2026-06-01,129.969,us_core_pce
2026-07-01,130.133,us_core_pce
2026-08-01,130.455,us_core_pce
2010-01-01,71.15,ez_hicp
2010-02-01,71.37,ez_hicp
2010-03-01,72.16,ez_hicp
2010-04-01,72.45,ez_hicp
2010-05-01,72.54,ez_hicp
2010-06-01,72.54,ez_hicp
2010-07-01,72.23,ez_hicp
2010-08-01,72.37,ez_hicp
2010-09-01,72.60,ez_hicp
2010-10-01,72.81,ez_hicp
2010-11-01,72.88,ez_hicp
2010-12-01,73.32,ez_hicp
2011-01-01,72.80,ez_hicp
2011-02-01,73.11,ez_hicp
2011-03-01,74.09,ez_hicp
2011-04-01,74.51,ez_hicp
2011-05-01,74.52,ez_hicp
2011-06-01,74.51,ez_hicp
2011-07-01,74.09,ez_hicp
2011-08-01,74.22,ez_hicp
2011-09-01,74.77,ez_hicp
2011-10-01,75.03,ez_hicp
2011-11-01,75.09,ez_hicp
2011-12-01,75.34,ez_hicp
2012-01-01,74.74,ez_hicp
2012-02-01,75.11,ez_hicp
2012-03-01,76.08,ez_hicp
2012-04-01,76.43,ez_hicp
2012-05-01,76.33,ez_hicp
2012-06-01,76.27,ez_hicp
2012-07-01,75.87,ez_hicp
2012-08-01,76.16,ez_hicp
2012-09-01,76.72,ez_hicp
2012-10-01,76.90,ez_hicp
2012-11-01,76.74,ez_hicp
2012-12-01,77.02,ez_hicp
2013-01-01,76.22,ez_hicp
2013-02-01,76.50,ez_hicp
2013-03-01,77.40,ez_hicp
2013-04-01,77.33,ez_hicp
2013-05-01,77.41,ez_hicp
2013-06-01,77.50,ez_hicp
2013-07-01,77.08,ez_hicp
2013-08-01,77.18,ez_hicp
2013-09-01,77.55,ez_hicp
2013-10-01,77.46,ez_hicp
2013-11-01,77.39,ez_hicp
2013-12-01,77.67,ez_hicp
2014-01-01,76.80,ez_hicp
2014-02-01,77.04,ez_hicp
2014-03-01,77.76,ez_hicp
2014-04-01,77.88,ez_hicp
2014-05-01,77.79,ez_hicp
2014-06-01,77.88,ez_hicp
2014-07-01,77.37,ez_hicp
2014-08-01,77.46,ez_hicp
2014-09-01,77.80,ez_hicp
2014-10-01,77.75,ez_hicp
2014-11-01,77.61,ez_hicp
2014-12-01,77.54,ez_hicp
2015-01-01,76.34,ez_hicp
2015-02-01,76.81,ez_hicp
2015-03-01,77.71,ez_hicp
2015-04-01,78.04,ez_hicp
2015-05-01,78.26,ez_hicp
2015-06-01,78.27,ez_hicp
2015-07-01,77.79,ez_hicp
2015-08-01,77.79,ez_hicp
2015-09-01,77.96,ez_hicp
2015-10-01,78.05,ez_hicp
2015-11-01,77.72,ez_hicp
2015-12-01,77.73,ez_hicp
2016-01-01,76.58,ez_hicp
2016-02-01,76.71,ez_hicp
2016-03-01,77.67,ez_hicp
2016-04-01,77.84,ez_hicp
2016-05-01,78.16,ez_hicp
2016-06-01,78.30,ez_hicp
2016-07-01,77.92,ez_hicp
2016-08-01,77.97,ez_hicp
2016-09-01,78.27,ez_hicp
2016-10-01,78.45,ez_hicp
2016-11-01,78.17,ez_hicp
2016-12-01,78.58,ez_hicp
2017-01-01,77.91,ez_hicp
2017-02-01,78.21,ez_hicp
2017-03-01,78.87,ez_hicp
2017-04-01,79.31,ez_hicp
2017-05-01,79.25,ez_hicp
2017-06-01,79.32,ez_hicp
2017-07-01,78.96,ez_hicp
2017-08-01,79.17,ez_hicp
2017-09-01,79.49,ez_hicp
2017-10-01,79.53,ez_hicp
2017-11-01,79.36,ez_hicp
2017-12-01,79.64,ez_hicp
2018-01-01,78.92,ez_hicp
2018-02-01,79.09,ez_hicp
2018-03-01,79.97,ez_hicp
2018-04-01,80.29,ez_hicp
2018-05-01,80.79,ez_hicp
2018-06-01,80.88,ez_hicp
2018-07-01,80.70,ez_hicp
2018-08-01,80.82,ez_hicp
2018-09-01,81.14,ez_hicp
2018-10-01,81.34,ez_hicp
2018-11-01,80.89,ez_hicp
2018-12-01,80.85,ez_hicp
2019-01-01,80.01,ez_hicp
2019-02-01,80.27,ez_hicp
2019-03-01,81.09,ez_hicp
2019-04-01,81.67,ez_hicp
2019-05-01,81.78,ez_hicp
2019-06-01,81.91,ez_hicp
2019-07-01,81.52,ez_hicp
2019-08-01,81.64,ez_hicp
2019-09-01,81.82,ez_hicp
2019-10-01,81.93,ez_hicp
2019-11-01,81.67,ez_hicp
2019-12-01,81.93,ez_hicp
2020-01-01,81.10,ez_hicp
2020-02-01,81.25,ez_hicp
2020-03-01,81.69,ez_hicp
2020-04-01,81.93,ez_hicp
2020-05-01,81.85,ez_hicp
2020-06-01,82.13,ez_hicp
2020-07-01,81.84,ez_hicp
2020-08-01,81.50,ez_hicp
2020-09-01,81.56,ez_hicp
2020-10-01,81.71,ez_hicp
2020-11-01,81.43,ez_hicp
2020-12-01,81.70,ez_hicp
2021-01-01,81.84,ez_hicp
2021-02-01,82.01,ez_hicp
2021-03-01,82.78,ez_hicp
2021-04-01,83.25,ez_hicp
2021-05-01,83.47,ez_hicp
2021-06-01,83.69,ez_hicp
2021-07-01,83.61,ez_hicp
2021-08-01,83.90,ez_hicp
2021-09-01,84.30,ez_hicp
2021-10-01,85.02,ez_hicp
2021-11-01,85.40,ez_hicp
2021-12-01,85.76,ez_hicp
2022-01-01,86.02,ez_hicp
2022-02-01,86.83,ez_hicp
2022-03-01,88.94,ez_hicp
2022-04-01,89.45,ez_hicp
2022-05-01,90.19,ez_hicp
2022-06-01,90.92,ez_hicp
2022-07-01,91.02,ez_hicp
2022-08-01,91.58,ez_hicp
2022-09-01,92.67,ez_hicp
2022-10-01,94.05,ez_hicp
2022-11-01,93.98,ez_hicp
2022-12-01,93.65,ez_hicp
2023-01-01,93.45,ez_hicp
2023-02-01,94.21,ez_hicp
2023-03-01,95.06,ez_hicp
2023-04-01,95.66,ez_hicp
2023-05-01,95.69,ez_hicp
2023-06-01,95.93,ez_hicp
2023-07-01,95.83,ez_hicp
2023-08-01,96.35,ez_hicp
2023-09-01,96.67,ez_hicp
2023-10-01,96.75,ez_hicp
2023-11-01,96.21,ez_hicp
2023-12-01,96.37,ez_hicp
2024-01-01,96.03,ez_hicp
2024-02-01,96.63,ez_hicp
2024-03-01,97.35,ez_hicp
2024-04-01,97.91,ez_hicp
2024-05-01,98.13,ez_hicp
2024-06-01,98.33,ez_hicp
2024-07-01,98.30,ez_hicp
2024-08-01,98.43,ez_hicp
2024-09-01,98.34,ez_hicp
2024-10-01,98.68,ez_hicp
2024-11-01,98.36,ez_hicp
2024-12-01,98.71,ez_hicp
2025-01-01,98.43,ez_hicp
2025-02-01,98.85,ez_hicp
2025-03-01,99.46,ez_hicp
2025-04-01,100.02,ez_hicp
2025-05-01,99.96,ez_hicp
2025-06-01,100.26,ez_hicp
2025-07-01,100.28,ez_hicp
2025-08-01,100.42,ez_hicp
2025-09-01,100.52,ez_hicp
2025-10-01,100.73,ez_hicp
2025-11-01,100.44,ez_hicp
2025-12-01,100.62,ez_hicp
2026-01-01,100.04,ez_hicp
2026-02-01,100.70,ez_hicp
2026-03-01,101.98,ez_hicp
2026-04-01,103.02,ez_hicp
2026-05-01,103.10,ez_hicp
2026-06-01,103.00,ez_hicp
2026-07-01,103.22,ez_hicp
2026-08-01,103.66,ez_hicp
2010-01-01,16582.71,us_real_gdp
2010-04-01,16743.162,us_real_gdp
2010-07-01,16872.266,us_real_gdp
2010-10-01,16960.864,us_real_gdp
2011-01-01,16920.632,us_real_gdp
2011-04-01,17035.114,us_real_gdp
2011-07-01,17031.313,us_real_gdp
2011-10-01,17222.583,us_real_gdp
2012-01-01,17367.01,us_real_gdp
2012-04-01,17444.525,us_real_gdp
2012-07-01,17469.65,us_real_gdp
2012-10-01,17489.852,us_real_gdp
2013-01-01,17662.4,us_real_gdp
2013-04-01,17709.671,us_real_gdp
2013-07-01,17860.45,us_real_gdp
2013-10-01,18016.147,us_real_gdp
2014-01-01,17953.974,us_real_gdp
2014-04-01,18185.911,us_real_gdp
2014-07-01,18406.941,us_real_gdp
2014-10-01,18500.031,us_real_gdp
2015-01-01,18666.621,us_real_gdp
2015-04-01,18782.243,us_real_gdp
2015-07-01,18857.418,us_real_gdp
2015-10-01,18892.206,us_real_gdp
2016-01-01,19001.69,us_real_gdp
2016-04-01,19062.709,us_real_gdp
2016-07-01,19197.938,us_real_gdp
2016-10-01,19304.352,us_real_gdp
2017-01-01,19398.343,us_real_gdp
2017-04-01,19506.949,us_real_gdp
2017-07-01,19660.766,us_real_gdp
2017-10-01,19882.352,us_real_gdp
2018-01-01,20044.077,us_real_gdp
2018-04-01,20150.476,us_real_gdp
2018-07-01,20276.154,us_real_gdp
2018-10-01,20304.874,us_real_gdp
2019-01-01,20431.641,us_real_gdp
2019-04-01,20602.275,us_real_gdp
2019-07-01,20843.322,us_real_gdp
2019-10-01,20985.448,us_real_gdp
2020-01-01,20709.212,us_real_gdp
2020-04-01,19077.992,us_real_gdp
2020-07-01,20558.879,us_real_gdp
2020-10-01,20791.917,us_real_gdp
2021-01-01,21106.619,us_real_gdp
2021-04-01,21474.077,us_real_gdp
2021-07-01,21641.672,us_real_gdp
2021-10-01,22001.64,us_real_gdp
2022-01-01,21945.682,us_real_gdp
2022-04-01,21976.292,us_real_gdp
2022-07-01,22124.384,us_real_gdp
2022-10-01,22272.546,us_real_gdp
2023-01-01,22456.938,us_real_gdp
2023-04-01,22577.556,us_real_gdp
2023-07-01,22828.796,us_real_gdp
2023-10-01,23033.25,us_real_gdp
2024-01-01,23115.975,us_real_gdp
2024-04-01,23320.074,us_real_gdp
2024-07-01,23501.76,us_real_gdp
2024-10-01,23641.759,us_real_gdp
2025-01-01,23650.213,us_real_gdp
2025-04-01,23884.563,us_real_gdp
2025-07-01,24112.966,us_real_gdp
2025-10-01,24125.479,us_real_gdp
2026-01-01,24274.383,us_real_gdp
2026-04-01,24408.011,us_real_gdp
2010-01-01,89.3426,us_industrial_prod
2010-02-01,89.6779,us_industrial_prod
2010-03-01,90.2928,us_industrial_prod
2010-04-01,90.5991,us_industrial_prod
2010-05-01,91.823,us_industrial_prod
2010-06-01,91.9928,us_industrial_prod
2010-07-01,92.3421,us_industrial_prod
2010-08-01,92.6805,us_industrial_prod
2010-09-01,92.9537,us_industrial_prod
2010-10-01,92.6903,us_industrial_prod
2010-11-01,92.7709,us_industrial_prod
2010-12-01,93.6787,us_industrial_prod
2011-01-01,93.4814,us_industrial_prod
2011-02-01,93.1102,us_industrial_prod
2011-03-01,94.0788,us_industrial_prod
2011-04-01,93.7749,us_industrial_prod
2011-05-01,93.888,us_industrial_prod
2011-06-01,94.172,us_industrial_prod
2011-07-01,94.636,us_industrial_prod
2011-08-01,95.2749,us_industrial_prod
2011-09-01,95.1961,us_industrial_prod
2011-10-01,95.8568,us_industrial_prod
2011-11-01,95.8485,us_industrial_prod
2011-12-01,96.3571,us_industrial_prod
2012-01-01,96.9318,us_industrial_prod
2012-02-01,97.2435,us_industrial_prod
2012-03-01,96.74,us_industrial_prod
2012-04-01,97.4359,us_industrial_prod
2012-05-01,97.6609,us_industrial_prod
2012-06-01,97.6663,us_industrial_prod
2012-07-01,97.8713,us_industrial_prod
2012-08-01,97.4525,us_industrial_prod
2012-09-01,97.381,us_industrial_prod
2012-10-01,97.7193,us_industrial_prod
2012-11-01,98.0777,us_industrial_prod
2012-12-01,98.3101,us_industrial_prod
2013-01-01,98.3342,us_industrial_prod
2013-02-01,98.7941,us_industrial_prod
2013-03-01,99.1921,us_industrial_prod
2013-04-01,99.1065,us_industrial_prod
2013-05-01,99.1839,us_industrial_prod
2013-06-01,99.3897,us_industrial_prod
2013-07-01,99.0814,us_industrial_prod
2013-08-01,99.6543,us_industrial_prod
2013-09-01,100.161,us_industrial_prod
2013-10-01,100.082,us_industrial_prod
2013-11-01,100.3158,us_industrial_prod
2013-12-01,100.5175,us_industrial_prod
2014-01-01,100.1599,us_industrial_prod
2014-02-01,100.9168,us_industrial_prod
2014-03-01,101.8942,us_industrial_prod
2014-04-01,101.9928,us_industrial_prod
2014-05-01,102.3836,us_industrial_prod
2014-06-01,102.735,us_industrial_prod
2014-07-01,102.9632,us_industrial_prod
2014-08-01,102.7688,us_industrial_prod
2014-09-01,103.0641,us_industrial_prod
2014-10-01,103.0764,us_industrial_prod
2014-11-01,103.7126,us_industrial_prod
2014-12-01,103.7044,us_industrial_prod
2015-01-01,102.8905,us_industrial_prod
2015-02-01,102.2335,us_industrial_prod
2015-03-01,101.8914,us_industrial_prod
2015-04-01,101.3355,us_industrial_prod
2015-05-01,100.8883,us_industrial_prod
2015-06-01,100.571,us_industrial_prod
2015-07-01,101.2228,us_industrial_prod
2015-08-01,101.0367,us_industrial_prod
2015-09-01,100.7547,us_industrial_prod
2015-10-01,100.2675,us_industrial_prod
2015-11-01,99.5298,us_industrial_prod
2015-12-01,99.0417,us_industrial_prod
2016-01-01,99.5607,us_industrial_prod
2016-02-01,99.0445,us_industrial_prod
2016-03-01,98.3096,us_industrial_prod
2016-04-01,98.6421,us_industrial_prod
2016-05-01,98.4184,us_industrial_prod
2016-06-01,98.8833,us_industrial_prod
2016-07-01,98.9992,us_industrial_prod
2016-08-01,98.85,us_industrial_prod
2016-09-01,98.7457,us_industrial_prod
2016-10-01,98.7611,us_industrial_prod
2016-11-01,98.3491,us_industrial_prod
2016-12-01,99.0214,us_industrial_prod
2017-01-01,98.7611,us_industrial_prod
2017-02-01,98.3646,us_industrial_prod
2017-03-01,99.0137,us_industrial_prod
2017-04-01,100.0224,us_industrial_prod
2017-05-01,100.1408,us_industrial_prod
2017-06-01,100.3471,us_industrial_prod
2017-07-01,100.1068,us_industrial_prod
2017-08-01,99.6925,us_industrial_prod
2017-09-01,99.7954,us_industrial_prod
2017-10-01,101.0247,us_industrial_prod
2017-11-01,101.2664,us_industrial_prod
2017-12-01,101.4644,us_industrial_prod
2018-01-01,101.4625,us_industrial_prod
2018-02-01,101.7085,us_industrial_prod
2018-03-01,102.2067,us_industrial_prod
2018-04-01,103.3329,us_industrial_prod
2018-05-01,102.4024,us_industrial_prod
2018-06-01,103.198,us_industrial_prod
2018-07-01,103.3646,us_industrial_prod
2018-08-01,104.0327,us_industrial_prod
2018-09-01,104.1004,us_industrial_prod
2018-10-01,103.9856,us_industrial_prod
2018-11-01,104.0681,us_industrial_prod
2018-12-01,104.0936,us_industrial_prod
2019-01-01,103.4021,us_industrial_prod
2019-02-01,102.8371,us_industrial_prod
2019-03-01,102.8757,us_industrial_prod
2019-04-01,102.274,us_industrial_prod
2019-05-01,102.392,us_industrial_prod
2019-06-01,102.4375,us_industrial_prod
2019-07-01,101.9408,us_industrial_prod
2019-08-01,102.639,us_industrial_prod
2019-09-01,102.2917,us_industrial_prod
2019-10-01,101.4281,us_industrial_prod
2019-11-01,101.9372,us_industrial_prod
2019-12-01,101.7003,us_industrial_prod
2020-01-01,101.0338,us_industrial_prod
2020-02-01,101.3735,us_industrial_prod
2020-03-01,97.4078,us_industrial_prod
2020-04-01,84.5619,us_industrial_prod
2020-05-01,85.9604,us_industrial_prod
2020-06-01,91.5934,us_industrial_prod
2020-07-01,95.0256,us_industrial_prod
2020-08-01,95.9549,us_industrial_prod
2020-09-01,95.9669,us_industrial_prod
2020-10-01,96.7394,us_industrial_prod
2020-11-01,97.0816,us_industrial_prod
2020-12-01,98.363,us_industrial_prod
2021-01-01,98.8822,us_industrial_prod
2021-02-01,95.6149,us_industrial_prod
2021-03-01,98.3856,us_industrial_prod
2021-04-01,98.5587,us_industrial_prod
2021-05-01,99.4333,us_industrial_prod
2021-06-01,99.7987,us_industrial_prod
2021-07-01,100.2519,us_industrial_prod
2021-08-01,100.0437,us_industrial_prod
2021-09-01,98.8579,us_industrial_prod
2021-10-01,100.1861,us_industrial_prod
2021-11-01,100.8654,us_industrial_prod
2021-12-01,100.5726,us_industrial_prod
2022-01-01,100.1856,us_industrial_prod
2022-02-01,100.8064,us_industrial_prod
2022-03-01,101.3907,us_industrial_prod
2022-04-01,101.44,us_industrial_prod
2022-05-01,101.3335,us_industrial_prod
2022-06-01,101.018,us_industrial_prod
2022-07-01,101.223,us_industrial_prod
2022-08-01,101.0963,us_industrial_prod
2022-09-01,101.2918,us_industrial_prod
2022-10-01,101.2529,us_industrial_prod
2022-11-01,100.9552,us_industrial_prod
2022-12-01,99.7664,us_industrial_prod
2023-01-01,100.505,us_industrial_prod
2023-02-01,100.6416,us_industrial_prod
2023-03-01,101.0205,us_industrial_prod
2023-04-01,101.253,us_industrial_prod
2023-05-01,100.9286,us_industrial_prod
2023-06-01,100.1196,us_industrial_prod
2023-07-01,100.9067,us_industrial_prod
2023-08-01,100.8393,us_industrial_prod
2023-09-01,101.0211,us_industrial_prod
2023-10-01,100.4689,us_industrial_prod
2023-11-01,100.8639,us_industrial_prod
2023-12-01,100.6031,us_industrial_prod
2024-01-01,99.2223,us_industrial_prod
2024-02-01,100.285,us_industrial_prod
2024-03-01,100.4575,us_industrial_prod
2024-04-01,100.2434,us_industrial_prod
2024-05-01,100.863,us_industrial_prod
2024-06-01,100.894,us_industrial_prod
2024-07-01,99.9757,us_industrial_prod
2024-08-01,100.4309,us_industrial_prod
2024-09-01,99.8084,us_industrial_prod
2024-10-01,99.4695,us_industrial_prod
2024-11-01,99.2925,us_industrial_prod
2024-12-01,100.3273,us_industrial_prod
2025-01-01,100.0647,us_industrial_prod
2025-02-01,101.0993,us_industrial_prod
2025-03-01,101.0404,us_industrial_prod
2025-04-01,101.1279,us_industrial_prod
2025-05-01,100.9655,us_industrial_prod
2025-06-01,101.4785,us_industrial_prod
2025-07-01,101.894,us_industrial_prod
2025-08-01,101.6247,us_industrial_prod
2025-09-01,101.668,us_industrial_prod
2025-10-01,101.2195,us_industrial_prod
2025-11-01,101.0344,us_industrial_prod
2025-12-01,101.4941,us_industrial_prod
2026-01-01,101.0388,us_industrial_prod
2026-02-01,101.9053,us_industrial_prod
2026-03-01,101.7336,us_industrial_prod
2026-04-01,102.5783,us_industrial_prod
2026-05-01,102.6396,us_industrial_prod
2026-06-01,102.842,us_industrial_prod
2026-07-01,103.0454,us_industrial_prod
2026-08-01,103.0682,us_industrial_prod
2010-01-01,339093.0,us_retail_sales
2010-02-01,339580.0,us_retail_sales
2010-03-01,346974.0,us_retail_sales
2010-04-01,349869.0,us_retail_sales
2010-05-01,346858.0,us_retail_sales
2010-06-01,346516.0,us_retail_sales
2010-07-01,347612.0,us_retail_sales
2010-08-01,349188.0,us_retail_sales
2010-09-01,352179.0,us_retail_sales
2010-10-01,356215.0,us_retail_sales
2010-11-01,359450.0,us_retail_sales
2010-12-01,361979.0,us_retail_sales
2011-01-01,364394.0,us_retail_sales
2011-02-01,367475.0,us_retail_sales
2011-03-01,370775.0,us_retail_sales
2011-04-01,372820.0,us_retail_sales
2011-05-01,372505.0,us_retail_sales
2011-06-01,375587.0,us_retail_sales
2011-07-01,375442.0,us_retail_sales
2011-08-01,375860.0,us_retail_sales
2011-09-01,380042.0,us_retail_sales
2011-10-01,382207.0,us_retail_sales
2011-11-01,383422.0,us_retail_sales
2011-12-01,383985.0,us_retail_sales
2012-01-01,387531.0,us_retail_sales
2012-02-01,392310.0,us_retail_sales
2012-03-01,393698.0,us_retail_sales
2012-04-01,392073.0,us_retail_sales
2012-05-01,391376.0,us_retail_sales
2012-06-01,387901.0,us_retail_sales
2012-07-01,389686.0,us_retail_sales
2012-08-01,394524.0,us_retail_sales
2012-09-01,397681.0,us_retail_sales
2012-10-01,397494.0,us_retail_sales
2012-11-01,399708.0,us_retail_sales
2012-12-01,401093.0,us_retail_sales
2013-01-01,404434.0,us_retail_sales
2013-02-01,409118.0,us_retail_sales
2013-03-01,406223.0,us_retail_sales
2013-04-01,404231.0,us_retail_sales
2013-05-01,406677.0,us_retail_sales
2013-06-01,407921.0,us_retail_sales
2013-07-01,410268.0,us_retail_sales
2013-08-01,409691.0,us_retail_sales
2013-09-01,410044.0,us_retail_sales
2013-10-01,411399.0,us_retail_sales
2013-11-01,412561.0,us_retail_sales
2013-12-01,414812.0,us_retail_sales
2014-01-01,411561.0,us_retail_sales
2014-02-01,416736.0,us_retail_sales
2014-03-01,421230.0,us_retail_sales
2014-04-01,425546.0,us_retail_sales
2014-05-01,426253.0,us_retail_sales
2014-06-01,427305.0,us_retail_sales
2014-07-01,428079.0,us_retail_sales
2014-08-01,431379.0,us_retail_sales
2014-09-01,430189.0,us_retail_sales
2014-10-01,431903.0,us_retail_sales
2014-11-01,433113.0,us_retail_sales
2014-12-01,430110.0,us_retail_sales
2015-01-01,428186.0,us_retail_sales
2015-02-01,427105.0,us_retail_sales
2015-03-01,433620.0,us_retail_sales
2015-04-01,434514.0,us_retail_sales
2015-05-01,437866.0,us_retail_sales
2015-06-01,437918.0,us_retail_sales
2015-07-01,442012.0,us_retail_sales
2015-08-01,441903.0,us_retail_sales
2015-09-01,439795.0,us_retail_sales
2015-10-01,438818.0,us_retail_sales
2015-11-01,440363.0,us_retail_sales
2015-12-01,442155.0,us_retail_sales
2016-01-01,439252.0,us_retail_sales
2016-02-01,443208.0,us_retail_sales
2016-03-01,441814.0,us_retail_sales
2016-04-01,444233.0,us_retail_sales
2016-05-01,445441.0,us_retail_sales
2016-06-01,450407.0,us_retail_sales
2016-07-01,449745.0,us_retail_sales
2016-08-01,449923.0,us_retail_sales
2016-09-01,453210.0,us_retail_sales
2016-10-01,453910.0,us_retail_sales
2016-11-01,453727.0,us_retail_sales
2016-12-01,459605.0,us_retail_sales
2017-01-01,464228.0,us_retail_sales
2017-02-01,464309.0,us_retail_sales
2017-03-01,463589.0,us_retail_sales
2017-04-01,465260.0,us_retail_sales
2017-05-01,462759.0,us_retail_sales
2017-06-01,465241.0,us_retail_sales
2017-07-01,465157.0,us_retail_sales
2017-08-01,466010.0,us_retail_sales
2017-09-01,475658.0,us_retail_sales
2017-10-01,475945.0,us_retail_sales
2017-11-01,481123.0,us_retail_sales
2017-12-01,483576.0,us_retail_sales
2018-01-01,481190.0,us_retail_sales
2018-02-01,484223.0,us_retail_sales
2018-03-01,484447.0,us_retail_sales
2018-04-01,484252.0,us_retail_sales
2018-05-01,492202.0,us_retail_sales
2018-06-01,490468.0,us_retail_sales
2018-07-01,493382.0,us_retail_sales
2018-08-01,493757.0,us_retail_sales
2018-09-01,491744.0,us_retail_sales
2018-10-01,496568.0,us_retail_sales
2018-11-01,499451.0,us_retail_sales
2018-12-01,489878.0,us_retail_sales
2019-01-01,490789.0,us_retail_sales
2019-02-01,492328.0,us_retail_sales
2019-03-01,499614.0,us_retail_sales
2019-04-01,499609.0,us_retail_sales
2019-05-01,505356.0,us_retail_sales
2019-06-01,505681.0,us_retail_sales
2019-07-01,509389.0,us_retail_sales
2019-08-01,513222.0,us_retail_sales
2019-09-01,509503.0,us_retail_sales
2019-10-01,510902.0,us_retail_sales
2019-11-01,514649.0,us_retail_sales
2019-12-01,516273.0,us_retail_sales
2020-01-01,515417.0,us_retail_sales
2020-02-01,515800.0,us_retail_sales
2020-03-01,468632.0,us_retail_sales
2020-04-01,402157.0,us_retail_sales
2020-05-01,480256.0,us_retail_sales
2020-06-01,518998.0,us_retail_sales
2020-07-01,526938.0,us_retail_sales
2020-08-01,531019.0,us_retail_sales
2020-09-01,541241.0,us_retail_sales
2020-10-01,539469.0,us_retail_sales
2020-11-01,534539.0,us_retail_sales
2020-12-01,539422.0,us_retail_sales
2021-01-01,559736.0,us_retail_sales
2021-02-01,545417.0,us_retail_sales
2021-03-01,603580.0,us_retail_sales
2021-04-01,609247.0,us_retail_sales
2021-05-01,605589.0,us_retail_sales
2021-06-01,611711.0,us_retail_sales
2021-07-01,602014.0,us_retail_sales
2021-08-01,605419.0,us_retail_sales
2021-09-01,610161.0,us_retail_sales
2021-10-01,619018.0,us_retail_sales
2021-11-01,625980.0,us_retail_sales
2021-12-01,621734.0,us_retail_sales
2022-01-01,634120.0,us_retail_sales
2022-02-01,640815.0,us_retail_sales
2022-03-01,652673.0,us_retail_sales
2022-04-01,661508.0,us_retail_sales
2022-05-01,661325.0,us_retail_sales
2022-06-01,667984.0,us_retail_sales
2022-07-01,659750.0,us_retail_sales
2022-08-01,662999.0,us_retail_sales
2022-09-01,661072.0,us_retail_sales
2022-10-01,666924.0,us_retail_sales
2022-11-01,656410.0,us_retail_sales
2022-12-01,648305.0,us_retail_sales
2023-01-01,674646.0,us_retail_sales
2023-02-01,664692.0,us_retail_sales
2023-03-01,655146.0,us_retail_sales
2023-04-01,658962.0,us_retail_sales
2023-05-01,662303.0,us_retail_sales
2023-06-01,664476.0,us_retail_sales
2023-07-01,663391.0,us_retail_sales
2023-08-01,667632.0,us_retail_sales
2023-09-01,671096.0,us_retail_sales
2023-10-01,667815.0,us_retail_sales
2023-11-01,666419.0,us_retail_sales
2023-12-01,666963.0,us_retail_sales
2024-01-01,660602.0,us_retail_sales
2024-02-01,664621.0,us_retail_sales
2024-03-01,664328.0,us_retail_sales
2024-04-01,664858.0,us_retail_sales
2024-05-01,667659.0,us_retail_sales
2024-06-01,666040.0,us_retail_sales
2024-07-01,673662.0,us_retail_sales
2024-08-01,670668.0,us_retail_sales
2024-09-01,676005.0,us_retail_sales
2024-10-01,681808.0,us_retail_sales
2024-11-01,685709.0,us_retail_sales
2024-12-01,691794.0,us_retail_sales
2025-01-01,687058.0,us_retail_sales
2025-02-01,683772.0,us_retail_sales
2025-03-01,694750.0,us_retail_sales
2025-04-01,695464.0,us_retail_sales
2025-05-01,685488.0,us_retail_sales
2025-06-01,691883.0,us_retail_sales
2025-07-01,698280.0,us_retail_sales
2025-08-01,700218.0,us_retail_sales
2025-09-01,701453.0,us_retail_sales
2025-10-01,700790.0,us_retail_sales
2025-11-01,705453.0,us_retail_sales
2025-12-01,706264.0,us_retail_sales
2026-01-01,701860.0,us_retail_sales
2026-02-01,707959.0,us_retail_sales
2026-03-01,719700.0,us_retail_sales
2026-04-01,723921.0,us_retail_sales
2026-05-01,731415.0,us_retail_sales
2026-06-01,732898.0,us_retail_sales
2026-07-01,729538.0,us_retail_sales
2026-08-01,737763.0,us_retail_sales
2010-01-01,74.4,us_consumer_sentiment
2010-02-01,73.6,us_consumer_sentiment
2010-03-01,73.6,us_consumer_sentiment
2010-04-01,72.2,us_consumer_sentiment
2010-05-01,73.6,us_consumer_sentiment
2010-06-01,76.0,us_consumer_sentiment
2010-07-01,67.8,us_consumer_sentiment
2010-08-01,68.9,us_consumer_sentiment
2010-09-01,68.2,us_consumer_sentiment
2010-10-01,67.7,us_consumer_sentiment
2010-11-01,71.6,us_consumer_sentiment
2010-12-01,74.5,us_consumer_sentiment
2011-01-01,74.2,us_consumer_sentiment
2011-02-01,77.5,us_consumer_sentiment
2011-03-01,67.5,us_consumer_sentiment
2011-04-01,69.8,us_consumer_sentiment
2011-05-01,74.3,us_consumer_sentiment
2011-06-01,71.5,us_consumer_sentiment
2011-07-01,63.7,us_consumer_sentiment
2011-08-01,55.8,us_consumer_sentiment
2011-09-01,59.5,us_consumer_sentiment
2011-10-01,60.8,us_consumer_sentiment
2011-11-01,63.7,us_consumer_sentiment
2011-12-01,69.9,us_consumer_sentiment
2012-01-01,75.0,us_consumer_sentiment
2012-02-01,75.3,us_consumer_sentiment
2012-03-01,76.2,us_consumer_sentiment
2012-04-01,76.4,us_consumer_sentiment
2012-05-01,79.3,us_consumer_sentiment
2012-06-01,73.2,us_consumer_sentiment
2012-07-01,72.3,us_consumer_sentiment
2012-08-01,74.3,us_consumer_sentiment
2012-09-01,78.3,us_consumer_sentiment
2012-10-01,82.6,us_consumer_sentiment
2012-11-01,82.7,us_consumer_sentiment
2012-12-01,72.9,us_consumer_sentiment
2013-01-01,73.8,us_consumer_sentiment
2013-02-01,77.6,us_consumer_sentiment
2013-03-01,78.6,us_consumer_sentiment
2013-04-01,76.4,us_consumer_sentiment
2013-05-01,84.5,us_consumer_sentiment
2013-06-01,84.1,us_consumer_sentiment
2013-07-01,85.1,us_consumer_sentiment
2013-08-01,82.1,us_consumer_sentiment
2013-09-01,77.5,us_consumer_sentiment
2013-10-01,73.2,us_consumer_sentiment
2013-11-01,75.1,us_consumer_sentiment
2013-12-01,82.5,us_consumer_sentiment
2014-01-01,81.2,us_consumer_sentiment
2014-02-01,81.6,us_consumer_sentiment
2014-03-01,80.0,us_consumer_sentiment
2014-04-01,84.1,us_consumer_sentiment
2014-05-01,81.9,us_consumer_sentiment
2014-06-01,82.5,us_consumer_sentiment
2014-07-01,81.8,us_consumer_sentiment
2014-08-01,82.5,us_consumer_sentiment
2014-09-01,84.6,us_consumer_sentiment
2014-10-01,86.9,us_consumer_sentiment
2014-11-01,88.8,us_consumer_sentiment
2014-12-01,93.6,us_consumer_sentiment
2015-01-01,98.1,us_consumer_sentiment
2015-02-01,95.4,us_consumer_sentiment
2015-03-01,93.0,us_consumer_sentiment
2015-04-01,95.9,us_consumer_sentiment
2015-05-01,90.7,us_consumer_sentiment
2015-06-01,96.1,us_consumer_sentiment
2015-07-01,93.1,us_consumer_sentiment
2015-08-01,91.9,us_consumer_sentiment
2015-09-01,87.2,us_consumer_sentiment
2015-10-01,90.0,us_consumer_sentiment
2015-11-01,91.3,us_consumer_sentiment
2015-12-01,92.6,us_consumer_sentiment
2016-01-01,92,us_consumer_sentiment
2016-02-01,91.7,us_consumer_sentiment
2016-03-01,91,us_consumer_sentiment
2016-04-01,89,us_consumer_sentiment
2016-05-01,94.7,us_consumer_sentiment
2016-06-01,93.5,us_consumer_sentiment
2016-07-01,90,us_consumer_sentiment
2016-08-01,89.8,us_consumer_sentiment
2016-09-01,91.2,us_consumer_sentiment
2016-10-01,87.2,us_consumer_sentiment
2016-11-01,93.8,us_consumer_sentiment
2016-12-01,98.2,us_consumer_sentiment
2017-01-01,98.5,us_consumer_sentiment
2017-02-01,96.3,us_consumer_sentiment
2017-03-01,96.9,us_consumer_sentiment
2017-04-01,97,us_consumer_sentiment
2017-05-01,97.1,us_consumer_sentiment
2017-06-01,95,us_consumer_sentiment
2017-07-01,93.4,us_consumer_sentiment
2017-08-01,96.8,us_consumer_sentiment
2017-09-01,95.1,us_consumer_sentiment
2017-10-01,100.7,us_consumer_sentiment
2017-11-01,98.5,us_consumer_sentiment
2017-12-01,95.9,us_consumer_sentiment
2018-01-01,95.7,us_consumer_sentiment
2018-02-01,99.7,us_consumer_sentiment
2018-03-01,101.4,us_consumer_sentiment
2018-04-01,98.8,us_consumer_sentiment
2018-05-01,98,us_consumer_sentiment
2018-06-01,98.2,us_consumer_sentiment
2018-07-01,97.9,us_consumer_sentiment
2018-08-01,96.2,us_consumer_sentiment
2018-09-01,100.1,us_consumer_sentiment
2018-10-01,98.6,us_consumer_sentiment
2018-11-01,97.5,us_consumer_sentiment
2018-12-01,98.3,us_consumer_sentiment
2019-01-01,91.2,us_consumer_sentiment
2019-02-01,93.8,us_consumer_sentiment
2019-03-01,98.4,us_consumer_sentiment
2019-04-01,97.2,us_consumer_sentiment
2019-05-01,100,us_consumer_sentiment
2019-06-01,98.2,us_consumer_sentiment
2019-07-01,98.4,us_consumer_sentiment
2019-08-01,89.8,us_consumer_sentiment
2019-09-01,93.2,us_consumer_sentiment
2019-10-01,95.5,us_consumer_sentiment
2019-11-01,96.8,us_consumer_sentiment
2019-12-01,99.3,us_consumer_sentiment
2020-01-01,99.8,us_consumer_sentiment
2020-02-01,101,us_consumer_sentiment
2020-03-01,89.1,us_consumer_sentiment
2020-04-01,71.8,us_consumer_sentiment
2020-05-01,72.3,us_consumer_sentiment
2020-06-01,78.1,us_consumer_sentiment
2020-07-01,72.5,us_consumer_sentiment
2020-08-01,74.1,us_consumer_sentiment
2020-09-01,80.4,us_consumer_sentiment
2020-10-01,81.8,us_consumer_sentiment
2020-11-01,76.9,us_consumer_sentiment
2020-12-01,80.7,us_consumer_sentiment
2021-01-01,79,us_consumer_sentiment
2021-02-01,76.8,us_consumer_sentiment
2021-03-01,84.9,us_consumer_sentiment
2021-04-01,88.3,us_consumer_sentiment
2021-05-01,82.9,us_consumer_sentiment
2021-06-01,85.5,us_consumer_sentiment
2021-07-01,81.2,us_consumer_sentiment
2021-08-01,70.3,us_consumer_sentiment
2021-09-01,72.8,us_consumer_sentiment
2021-10-01,71.7,us_consumer_sentiment
2021-11-01,67.4,us_consumer_sentiment
2021-12-01,70.6,us_consumer_sentiment
2022-01-01,67.2,us_consumer_sentiment
2022-02-01,62.8,us_consumer_sentiment
2022-03-01,59.4,us_consumer_sentiment
2022-04-01,65.2,us_consumer_sentiment
2022-05-01,58.4,us_consumer_sentiment
2022-06-01,50,us_consumer_sentiment
2022-07-01,51.5,us_consumer_sentiment
2022-08-01,58.2,us_consumer_sentiment
2022-09-01,58.6,us_consumer_sentiment
2022-10-01,59.9,us_consumer_sentiment
2022-11-01,56.7,us_consumer_sentiment
2022-12-01,59.8,us_consumer_sentiment
2023-01-01,64.9,us_consumer_sentiment
2023-02-01,66.9,us_consumer_sentiment
2023-03-01,62,us_consumer_sentiment
2023-04-01,63.7,us_consumer_sentiment
2023-05-01,59,us_consumer_sentiment
2023-06-01,64.2,us_consumer_sentiment
2023-07-01,71.5,us_consumer_sentiment
2023-08-01,69.4,us_consumer_sentiment
2023-09-01,67.8,us_consumer_sentiment
2023-10-01,63.8,us_consumer_sentiment
2023-11-01,61.3,us_consumer_sentiment
2023-12-01,69.7,us_consumer_sentiment
2024-01-01,79,us_consumer_sentiment
2024-02-01,76.9,us_consumer_sentiment
2024-03-01,79.4,us_consumer_sentiment
2024-04-01,77.2,us_consumer_sentiment
2024-05-01,69.1,us_consumer_sentiment
2024-06-01,68.2,us_consumer_sentiment
2024-07-01,66.4,us_consumer_sentiment
2024-08-01,67.9,us_consumer_sentiment
2024-09-01,70.1,us_consumer_sentiment
2024-10-01,70.5,us_consumer_sentiment
2024-11-01,71.8,us_consumer_sentiment
2024-12-01,74,us_consumer_sentiment
2025-01-01,71.7,us_consumer_sentiment
2025-02-01,64.7,us_consumer_sentiment
2025-03-01,57,us_consumer_sentiment
2025-04-01,52.2,us_consumer_sentiment
2025-05-01,52.2,us_consumer_sentiment
2025-06-01,60.7,us_consumer_sentiment
2025-07-01,61.7,us_consumer_sentiment
2025-08-01,58.2,us_consumer_sentiment
2025-09-01,55.1,us_consumer_sentiment
2025-10-01,53.6,us_consumer_sentiment
2025-11-01,51,us_consumer_sentiment
2025-12-01,52.9,us_consumer_sentiment
2026-01-01,56.4,us_consumer_sentiment
2026-02-01,56.6,us_consumer_sentiment
2026-03-01,53.3,us_consumer_sentiment
2026-04-01,49.8,us_consumer_sentiment
2026-05-01,44.8,us_consumer_sentiment
2026-06-01,49.5,us_consumer_sentiment
2026-07-01,55.2,us_consumer_sentiment
2026-08-01,51.7,us_consumer_sentiment
2010-01-01,129802,us_nfp
2010-02-01,129706,us_nfp
2010-03-01,129866,us_nfp
2010-04-01,130120,us_nfp
2010-05-01,130642,us_nfp
2010-06-01,130510,us_nfp
2010-07-01,130415,us_nfp
2010-08-01,130415,us_nfp
2010-09-01,130341,us_nfp
2010-10-01,130620,us_nfp
2010-11-01,130749,us_nfp
2010-12-01,130830,us_nfp
2011-01-01,130837,us_nfp
2011-02-01,131057,us_nfp
2011-03-01,131283,us_nfp
2011-04-01,131597,us_nfp
2011-05-01,131703,us_nfp
2011-06-01,131931,us_nfp
2011-07-01,131992,us_nfp
2011-08-01,132125,us_nfp
2011-09-01,132344,us_nfp
2011-10-01,132553,us_nfp
2011-11-01,132690,us_nfp
2011-12-01,132888,us_nfp
2012-01-01,133246,us_nfp
2012-02-01,133509,us_nfp
2012-03-01,133748,us_nfp
2012-04-01,133825,us_nfp
2012-05-01,133932,us_nfp
2012-06-01,134013,us_nfp
2012-07-01,134157,us_nfp
2012-08-01,134339,us_nfp
2012-09-01,134517,us_nfp
2012-10-01,134669,us_nfp
2012-11-01,134825,us_nfp
2012-12-01,135074,us_nfp
2013-01-01,135257,us_nfp
2013-02-01,135546,us_nfp
2013-03-01,135689,us_nfp
2013-04-01,135873,us_nfp
2013-05-01,136096,us_nfp
2013-06-01,136279,us_nfp
2013-07-01,136391,us_nfp
2013-08-01,136646,us_nfp
2013-09-01,136821,us_nfp
2013-10-01,137041,us_nfp
2013-11-01,137317,us_nfp
2013-12-01,137372,us_nfp
2014-01-01,137561,us_nfp
2014-02-01,137712,us_nfp
2014-03-01,137985,us_nfp
2014-04-01,138298,us_nfp
2014-05-01,138513,us_nfp
2014-06-01,138849,us_nfp
2014-07-01,139072,us_nfp
2014-08-01,139269,us_nfp
2014-09-01,139563,us_nfp
2014-10-01,139798,us_nfp
2014-11-01,140089,us_nfp
2014-12-01,140364,us_nfp
2015-01-01,140568,us_nfp
2015-02-01,140827,us_nfp
2015-03-01,140923,us_nfp
2015-04-01,141196,us_nfp
2015-05-01,141538,us_nfp
2015-06-01,141709,us_nfp
2015-07-01,141991,us_nfp
2015-08-01,142125,us_nfp
2015-09-01,142275,us_nfp
2015-10-01,142579,us_nfp
2015-11-01,142808,us_nfp
2015-12-01,143077,us_nfp
2016-01-01,143210,us_nfp
2016-02-01,143406,us_nfp
2016-03-01,143662,us_nfp
2016-04-01,143854,us_nfp
2016-05-01,143900,us_nfp
2016-06-01,144147,us_nfp
2016-07-01,144520,us_nfp
2016-08-01,144661,us_nfp
2016-09-01,144967,us_nfp
2016-10-01,145065,us_nfp
2016-11-01,145183,us_nfp
2016-12-01,145408,us_nfp
2017-01-01,145628,us_nfp
2017-02-01,145846,us_nfp
2017-03-01,145970,us_nfp
2017-04-01,146175,us_nfp
2017-05-01,146380,us_nfp
2017-06-01,146583,us_nfp
2017-07-01,146772,us_nfp
2017-08-01,146919,us_nfp
2017-09-01,147008,us_nfp
2017-10-01,147149,us_nfp
2017-11-01,147372,us_nfp
2017-12-01,147523,us_nfp
2018-01-01,147660,us_nfp
2018-02-01,148054,us_nfp
2018-03-01,148280,us_nfp
2018-04-01,148420,us_nfp
2018-05-01,148742,us_nfp
2018-06-01,148960,us_nfp
2018-07-01,149020,us_nfp
2018-08-01,149277,us_nfp
2018-09-01,149358,us_nfp
2018-10-01,149527,us_nfp
2018-11-01,149617,us_nfp
2018-12-01,149809,us_nfp
2019-01-01,150060,us_nfp
2019-02-01,150067,us_nfp
2019-03-01,150295,us_nfp
2019-04-01,150591,us_nfp
2019-05-01,150618,us_nfp
2019-06-01,150838,us_nfp
2019-07-01,150937,us_nfp
2019-08-01,151169,us_nfp
2019-09-01,151365,us_nfp
2019-10-01,151460,us_nfp
2019-11-01,151667,us_nfp
2019-12-01,151794,us_nfp
2020-01-01,152031,us_nfp
2020-02-01,152293,us_nfp
2020-03-01,150895,us_nfp
2020-04-01,130426,us_nfp
2020-05-01,133040,us_nfp
2020-06-01,137671,us_nfp
2020-07-01,139255,us_nfp
2020-08-01,140821,us_nfp
2020-09-01,141770,us_nfp
2020-10-01,142460,us_nfp
2020-11-01,142733,us_nfp
2020-12-01,142548,us_nfp
2021-01-01,142863,us_nfp
2021-02-01,143380,us_nfp
2021-03-01,144232,us_nfp
2021-04-01,144587,us_nfp
2021-05-01,145065,us_nfp
2021-06-01,145820,us_nfp
2021-07-01,146762,us_nfp
2021-08-01,147314,us_nfp
2021-09-01,147771,us_nfp
2021-10-01,148572,us_nfp
2021-11-01,149230,us_nfp
2021-12-01,149816,us_nfp
2022-01-01,150006,us_nfp
2022-02-01,150825,us_nfp
2022-03-01,151315,us_nfp
2022-04-01,151623,us_nfp
2022-05-01,151924,us_nfp
2022-06-01,152358,us_nfp
2022-07-01,153072,us_nfp
2022-08-01,153362,us_nfp
2022-09-01,153582,us_nfp
2022-10-01,153939,us_nfp
2022-11-01,154242,us_nfp
2022-12-01,154342,us_nfp
2023-01-01,154776,us_nfp
2023-02-01,155066,us_nfp
2023-03-01,155134,us_nfp
2023-04-01,155375,us_nfp
2023-05-01,155655,us_nfp
2023-06-01,155880,us_nfp
2023-07-01,156043,us_nfp
2023-08-01,156261,us_nfp
2023-09-01,156417,us_nfp
2023-10-01,156576,us_nfp
2023-11-01,156703,us_nfp
2023-12-01,156857,us_nfp
2024-01-01,157032,us_nfp
2024-02-01,157238,us_nfp
2024-03-01,157466,us_nfp
2024-04-01,157530,us_nfp
2024-05-01,157608,us_nfp
2024-06-01,157695,us_nfp
2024-07-01,157748,us_nfp
2024-08-01,157757,us_nfp
2024-09-01,157912,us_nfp
2024-10-01,157945,us_nfp
2024-11-01,158079,us_nfp
2024-12-01,158316,us_nfp
2025-01-01,158268,us_nfp
2025-02-01,158310,us_nfp
2025-03-01,158377,us_nfp
2025-04-01,158485,us_nfp
2025-05-01,158498,us_nfp
2025-06-01,158478,us_nfp
2025-07-01,158542,us_nfp
2025-08-01,158472,us_nfp
2025-09-01,158548,us_nfp
2025-10-01,158408,us_nfp
2025-11-01,158449,us_nfp
2025-12-01,158432,us_nfp
2026-01-01,158592,us_nfp
2026-02-01,158436,us_nfp
2026-03-01,158650,us_nfp
2026-04-01,158798,us_nfp
2026-05-01,158861,us_nfp
2026-06-01,158892,us_nfp
2026-07-01,158913,us_nfp
2026-08-01,159075,us_nfp
2010-01-01,9.8,us_unemployment
2010-02-01,9.8,us_unemployment
2010-03-01,9.9,us_unemployment
2010-04-01,9.9,us_unemployment
2010-05-01,9.6,us_unemployment
2010-06-01,9.4,us_unemployment
2010-07-01,9.4,us_unemployment
2010-08-01,9.5,us_unemployment
2010-09-01,9.5,us_unemployment
2010-10-01,9.4,us_unemployment
2010-11-01,9.8,us_unemployment
2010-12-01,9.3,us_unemployment
2011-01-01,9.1,us_unemployment
2011-02-01,9.0,us_unemployment
2011-03-01,9.0,us_unemployment
2011-04-01,9.1,us_unemployment
2011-05-01,9.0,us_unemployment
2011-06-01,9.1,us_unemployment
2011-07-01,9.0,us_unemployment
2011-08-01,9.0,us_unemployment
2011-09-01,9.0,us_unemployment
2011-10-01,8.8,us_unemployment
2011-11-01,8.6,us_unemployment
2011-12-01,8.5,us_unemployment
2012-01-01,8.3,us_unemployment
2012-02-01,8.3,us_unemployment
2012-03-01,8.2,us_unemployment
2012-04-01,8.2,us_unemployment
2012-05-01,8.2,us_unemployment
2012-06-01,8.2,us_unemployment
2012-07-01,8.2,us_unemployment
2012-08-01,8.1,us_unemployment
2012-09-01,7.8,us_unemployment
2012-10-01,7.8,us_unemployment
2012-11-01,7.7,us_unemployment
2012-12-01,7.9,us_unemployment
2013-01-01,8.0,us_unemployment
2013-02-01,7.7,us_unemployment
2013-03-01,7.5,us_unemployment
2013-04-01,7.6,us_unemployment
2013-05-01,7.5,us_unemployment
2013-06-01,7.5,us_unemployment
2013-07-01,7.3,us_unemployment
2013-08-01,7.2,us_unemployment
2013-09-01,7.2,us_unemployment
2013-10-01,7.2,us_unemployment
2013-11-01,6.9,us_unemployment
2013-12-01,6.7,us_unemployment
2014-01-01,6.6,us_unemployment
2014-02-01,6.7,us_unemployment
2014-03-01,6.7,us_unemployment
2014-04-01,6.2,us_unemployment
2014-05-01,6.3,us_unemployment
2014-06-01,6.1,us_unemployment
2014-07-01,6.2,us_unemployment
2014-08-01,6.1,us_unemployment
2014-09-01,5.9,us_unemployment
2014-10-01,5.7,us_unemployment
2014-11-01,5.8,us_unemployment
2014-12-01,5.6,us_unemployment
2015-01-01,5.7,us_unemployment
2015-02-01,5.5,us_unemployment
2015-03-01,5.4,us_unemployment
2015-04-01,5.4,us_unemployment
2015-05-01,5.6,us_unemployment
2015-06-01,5.3,us_unemployment
2015-07-01,5.2,us_unemployment
2015-08-01,5.1,us_unemployment
2015-09-01,5.0,us_unemployment
2015-10-01,5.0,us_unemployment
2015-11-01,5.1,us_unemployment
2015-12-01,5.0,us_unemployment
2016-01-01,4.8,us_unemployment
2016-02-01,4.9,us_unemployment
2016-03-01,5.0,us_unemployment
2016-04-01,5.1,us_unemployment
2016-05-01,4.8,us_unemployment
2016-06-01,4.9,us_unemployment
2016-07-01,4.8,us_unemployment
2016-08-01,4.9,us_unemployment
2016-09-01,5.0,us_unemployment
2016-10-01,4.9,us_unemployment
2016-11-01,4.7,us_unemployment
2016-12-01,4.7,us_unemployment
2017-01-01,4.7,us_unemployment
2017-02-01,4.6,us_unemployment
2017-03-01,4.4,us_unemployment
2017-04-01,4.4,us_unemployment
2017-05-01,4.4,us_unemployment
2017-06-01,4.3,us_unemployment
2017-07-01,4.3,us_unemployment
2017-08-01,4.4,us_unemployment
2017-09-01,4.3,us_unemployment
2017-10-01,4.2,us_unemployment
2017-11-01,4.2,us_unemployment
2017-12-01,4.1,us_unemployment
2018-01-01,4.0,us_unemployment
2018-02-01,4.1,us_unemployment
2018-03-01,4.0,us_unemployment
2018-04-01,4.0,us_unemployment
2018-05-01,3.8,us_unemployment
2018-06-01,4.0,us_unemployment
2018-07-01,3.8,us_unemployment
2018-08-01,3.8,us_unemployment
2018-09-01,3.7,us_unemployment
2018-10-01,3.8,us_unemployment
2018-11-01,3.8,us_unemployment
2018-12-01,3.9,us_unemployment
2019-01-01,4.0,us_unemployment
2019-02-01,3.8,us_unemployment
2019-03-01,3.8,us_unemployment
2019-04-01,3.7,us_unemployment
2019-05-01,3.6,us_unemployment
2019-06-01,3.6,us_unemployment
2019-07-01,3.7,us_unemployment
2019-08-01,3.6,us_unemployment
2019-09-01,3.5,us_unemployment
2019-10-01,3.6,us_unemployment
2019-11-01,3.6,us_unemployment
2019-12-01,3.6,us_unemployment
2020-01-01,3.6,us_unemployment
2020-02-01,3.5,us_unemployment
2020-03-01,4.4,us_unemployment
2020-04-01,14.8,us_unemployment
2020-05-01,13.2,us_unemployment
2020-06-01,11.0,us_unemployment
2020-07-01,10.2,us_unemployment
2020-08-01,8.4,us_unemployment
2020-09-01,7.8,us_unemployment
2020-10-01,6.9,us_unemployment
2020-11-01,6.7,us_unemployment
2020-12-01,6.7,us_unemployment
2021-01-01,6.4,us_unemployment
2021-02-01,6.2,us_unemployment
2021-03-01,6.1,us_unemployment
2021-04-01,6.1,us_unemployment
2021-05-01,5.8,us_unemployment
2021-06-01,5.9,us_unemployment
2021-07-01,5.4,us_unemployment
2021-08-01,5.1,us_unemployment
2021-09-01,4.7,us_unemployment
2021-10-01,4.5,us_unemployment
2021-11-01,4.1,us_unemployment
2021-12-01,3.9,us_unemployment
2022-01-01,4.0,us_unemployment
2022-02-01,3.9,us_unemployment
2022-03-01,3.7,us_unemployment
2022-04-01,3.7,us_unemployment
2022-05-01,3.6,us_unemployment
2022-06-01,3.6,us_unemployment
2022-07-01,3.5,us_unemployment
2022-08-01,3.6,us_unemployment
2022-09-01,3.5,us_unemployment
2022-10-01,3.6,us_unemployment
2022-11-01,3.6,us_unemployment
2022-12-01,3.5,us_unemployment
2023-01-01,3.5,us_unemployment
2023-02-01,3.6,us_unemployment
2023-03-01,3.5,us_unemployment
2023-04-01,3.4,us_unemployment
2023-05-01,3.6,us_unemployment
2023-06-01,3.6,us_unemployment
2023-07-01,3.5,us_unemployment
2023-08-01,3.7,us_unemployment
2023-09-01,3.7,us_unemployment
2023-10-01,3.9,us_unemployment
2023-11-01,3.7,us_unemployment
2023-12-01,3.8,us_unemployment
2024-01-01,3.7,us_unemployment
2024-02-01,3.9,us_unemployment
2024-03-01,3.9,us_unemployment
2024-04-01,3.9,us_unemployment
2024-05-01,3.9,us_unemployment
2024-06-01,4.1,us_unemployment
2024-07-01,4.2,us_unemployment
2024-08-01,4.2,us_unemployment
2024-09-01,4.1,us_unemployment
2024-10-01,4.1,us_unemployment
2024-11-01,4.2,us_unemployment
2024-12-01,4.1,us_unemployment
2025-01-01,4.0,us_unemployment
2025-02-01,4.2,us_unemployment
2025-03-01,4.2,us_unemployment
2025-04-01,4.2,us_unemployment
2025-05-01,4.3,us_unemployment
2025-06-01,4.1,us_unemployment
2025-07-01,4.3,us_unemployment
2025-08-01,4.3,us_unemployment
2025-09-01,4.4,us_unemployment
2025-10-01,.,us_unemployment
2025-11-01,4.5,us_unemployment
2025-12-01,4.4,us_unemployment
2026-01-01,4.3,us_unemployment
2026-02-01,4.4,us_unemployment
2026-03-01,4.3,us_unemployment
2026-04-01,4.3,us_unemployment
2026-05-01,4.3,us_unemployment
2026-06-01,4.2,us_unemployment
2026-07-01,4.1,us_unemployment
2026-08-01,4.1,us_unemployment
2010-01-02,456000,us_jobless_claims
2010-01-09,469000,us_jobless_claims
2010-01-16,507000,us_jobless_claims
2010-01-23,471000,us_jobless_claims
2010-01-30,496000,us_jobless_claims
2010-02-06,466000,us_jobless_claims
2010-02-13,489000,us_jobless_claims
2010-02-20,500000,us_jobless_claims
2010-02-27,488000,us_jobless_claims
2010-03-06,472000,us_jobless_claims
2010-03-13,478000,us_jobless_claims
2010-03-20,472000,us_jobless_claims
2010-03-27,459000,us_jobless_claims
2010-04-03,479000,us_jobless_claims
2010-04-10,479000,us_jobless_claims
2010-04-17,469000,us_jobless_claims
2010-04-24,449000,us_jobless_claims
2010-05-01,451000,us_jobless_claims
2010-05-08,451000,us_jobless_claims
2010-05-15,474000,us_jobless_claims
2010-05-22,463000,us_jobless_claims
2010-05-29,458000,us_jobless_claims
2010-06-05,459000,us_jobless_claims
2010-06-12,467000,us_jobless_claims
2010-06-19,452000,us_jobless_claims
2010-06-26,464000,us_jobless_claims
2010-07-03,454000,us_jobless_claims
2010-07-10,439000,us_jobless_claims
2010-07-17,462000,us_jobless_claims
2010-07-24,465000,us_jobless_claims
2010-07-31,476000,us_jobless_claims
2010-08-07,483000,us_jobless_claims
2010-08-14,486000,us_jobless_claims
2010-08-21,464000,us_jobless_claims
2010-08-28,467000,us_jobless_claims
2010-09-04,452000,us_jobless_claims
2010-09-11,444000,us_jobless_claims
2010-09-18,459000,us_jobless_claims
2010-09-25,459000,us_jobless_claims
2010-10-02,446000,us_jobless_claims
2010-10-09,459000,us_jobless_claims
2010-10-16,444000,us_jobless_claims
2010-10-23,432000,us_jobless_claims
2010-10-30,453000,us_jobless_claims
2010-11-06,434000,us_jobless_claims
2010-11-13,432000,us_jobless_claims
2010-11-20,407000,us_jobless_claims
2010-11-27,432000,us_jobless_claims
2010-12-04,428000,us_jobless_claims
2010-12-11,425000,us_jobless_claims
2010-12-18,424000,us_jobless_claims
2010-12-25,404000,us_jobless_claims
2011-01-01,413000,us_jobless_claims
2011-01-08,434000,us_jobless_claims
2011-01-15,421000,us_jobless_claims
2011-01-22,446000,us_jobless_claims
2011-01-29,420000,us_jobless_claims
2011-02-05,402000,us_jobless_claims
2011-02-12,425000,us_jobless_claims
2011-02-19,394000,us_jobless_claims
2011-02-26,385000,us_jobless_claims
2011-03-05,414000,us_jobless_claims
2011-03-12,404000,us_jobless_claims
2011-03-19,407000,us_jobless_claims
2011-03-26,399000,us_jobless_claims
2011-04-02,395000,us_jobless_claims
2011-04-09,416000,us_jobless_claims
2011-04-16,402000,us_jobless_claims
2011-04-23,422000,us_jobless_claims
2011-04-30,468000,us_jobless_claims
2011-05-07,435000,us_jobless_claims
2011-05-14,414000,us_jobless_claims
2011-05-21,423000,us_jobless_claims
2011-05-28,418000,us_jobless_claims
2011-06-04,423000,us_jobless_claims
2011-06-11,413000,us_jobless_claims
2011-06-18,416000,us_jobless_claims
2011-06-25,421000,us_jobless_claims
2011-07-02,418000,us_jobless_claims
2011-07-09,408000,us_jobless_claims
2011-07-16,420000,us_jobless_claims
2011-07-23,411000,us_jobless_claims
2011-07-30,406000,us_jobless_claims
2011-08-06,405000,us_jobless_claims
2011-08-13,409000,us_jobless_claims
2011-08-20,415000,us_jobless_claims
2011-08-27,409000,us_jobless_claims
2011-09-03,414000,us_jobless_claims
2011-09-10,429000,us_jobless_claims
2011-09-17,422000,us_jobless_claims
2011-09-24,406000,us_jobless_claims
2011-10-01,405000,us_jobless_claims
2011-10-08,410000,us_jobless_claims
2011-10-15,395000,us_jobless_claims
2011-10-22,403000,us_jobless_claims
2011-10-29,399000,us_jobless_claims
2011-11-05,392000,us_jobless_claims
2011-11-12,383000,us_jobless_claims
2011-11-19,385000,us_jobless_claims
2011-11-26,397000,us_jobless_claims
2011-12-03,387000,us_jobless_claims
2011-12-10,368000,us_jobless_claims
2011-12-17,368000,us_jobless_claims
2011-12-24,386000,us_jobless_claims
2011-12-31,376000,us_jobless_claims
2012-01-07,391000,us_jobless_claims
2012-01-14,367000,us_jobless_claims
2012-01-21,381000,us_jobless_claims
2012-01-28,372000,us_jobless_claims
2012-02-04,368000,us_jobless_claims
2012-02-11,361000,us_jobless_claims
2012-02-18,359000,us_jobless_claims
2012-02-25,365000,us_jobless_claims
2012-03-03,375000,us_jobless_claims
2012-03-10,369000,us_jobless_claims
2012-03-17,368000,us_jobless_claims
2012-03-24,363000,us_jobless_claims
2012-03-31,358000,us_jobless_claims
2012-04-07,387000,us_jobless_claims
2012-04-14,381000,us_jobless_claims
2012-04-21,387000,us_jobless_claims
2012-04-28,372000,us_jobless_claims
2012-05-05,373000,us_jobless_claims
2012-05-12,369000,us_jobless_claims
2012-05-19,371000,us_jobless_claims
2012-05-26,381000,us_jobless_claims
2012-06-02,377000,us_jobless_claims
2012-06-09,383000,us_jobless_claims
2012-06-16,384000,us_jobless_claims
2012-06-23,380000,us_jobless_claims
2012-06-30,372000,us_jobless_claims
2012-07-07,360000,us_jobless_claims
2012-07-14,390000,us_jobless_claims
2012-07-21,368000,us_jobless_claims
2012-07-28,372000,us_jobless_claims
2012-08-04,371000,us_jobless_claims
2012-08-11,369000,us_jobless_claims
2012-08-18,376000,us_jobless_claims
2012-08-25,377000,us_jobless_claims
2012-09-01,371000,us_jobless_claims
2012-09-08,393000,us_jobless_claims
2012-09-15,392000,us_jobless_claims
2012-09-22,377000,us_jobless_claims
2012-09-29,376000,us_jobless_claims
2012-10-06,350000,us_jobless_claims
2012-10-13,386000,us_jobless_claims
2012-10-20,374000,us_jobless_claims
2012-10-27,364000,us_jobless_claims
2012-11-03,365000,us_jobless_claims
2012-11-10,446000,us_jobless_claims
2012-11-17,406000,us_jobless_claims
2012-11-24,388000,us_jobless_claims
2012-12-01,375000,us_jobless_claims
2012-12-08,340000,us_jobless_claims
2012-12-15,356000,us_jobless_claims
2012-12-22,362000,us_jobless_claims
2012-12-29,362000,us_jobless_claims
2013-01-05,363000,us_jobless_claims
2013-01-12,344000,us_jobless_claims
2013-01-19,339000,us_jobless_claims
2013-01-26,366000,us_jobless_claims
2013-02-02,361000,us_jobless_claims
2013-02-09,347000,us_jobless_claims
2013-02-16,362000,us_jobless_claims
2013-02-23,342000,us_jobless_claims
2013-03-02,340000,us_jobless_claims
2013-03-09,343000,us_jobless_claims
2013-03-16,343000,us_jobless_claims
2013-03-23,358000,us_jobless_claims
2013-03-30,375000,us_jobless_claims
2013-04-06,359000,us_jobless_claims
2013-04-13,356000,us_jobless_claims
2013-04-20,343000,us_jobless_claims
2013-04-27,331000,us_jobless_claims
2013-05-04,335000,us_jobless_claims
2013-05-11,360000,us_jobless_claims
2013-05-18,343000,us_jobless_claims
2013-05-25,353000,us_jobless_claims
2013-06-01,346000,us_jobless_claims
2013-06-08,337000,us_jobless_claims
2013-06-15,353000,us_jobless_claims
2013-06-22,347000,us_jobless_claims
2013-06-29,340000,us_jobless_claims
2013-07-06,351000,us_jobless_claims
2013-07-13,344000,us_jobless_claims
2013-07-20,355000,us_jobless_claims
2013-07-27,334000,us_jobless_claims
2013-08-03,339000,us_jobless_claims
2013-08-10,327000,us_jobless_claims
2013-08-17,340000,us_jobless_claims
2013-08-24,336000,us_jobless_claims
2013-08-31,325000,us_jobless_claims
2013-09-07,300000,us_jobless_claims
2013-09-14,323000,us_jobless_claims
2013-09-21,314000,us_jobless_claims
2013-09-28,319000,us_jobless_claims
2013-10-05,368000,us_jobless_claims
2013-10-12,368000,us_jobless_claims
2013-10-19,351000,us_jobless_claims
2013-10-26,347000,us_jobless_claims
2013-11-02,342000,us_jobless_claims
2013-11-09,340000,us_jobless_claims
2013-11-16,331000,us_jobless_claims
2013-11-23,316000,us_jobless_claims
2013-11-30,312000,us_jobless_claims
2013-12-07,354000,us_jobless_claims
2013-12-14,364000,us_jobless_claims
2013-12-21,334000,us_jobless_claims
2013-12-28,332000,us_jobless_claims
2014-01-04,322000,us_jobless_claims
2014-01-11,318000,us_jobless_claims
2014-01-18,327000,us_jobless_claims
2014-01-25,340000,us_jobless_claims
2014-02-01,331000,us_jobless_claims
2014-02-08,337000,us_jobless_claims
2014-02-15,332000,us_jobless_claims
2014-02-22,341000,us_jobless_claims
2014-03-01,319000,us_jobless_claims
2014-03-08,322000,us_jobless_claims
2014-03-15,321000,us_jobless_claims
2014-03-22,313000,us_jobless_claims
2014-03-29,330000,us_jobless_claims
2014-04-05,311000,us_jobless_claims
2014-04-12,308000,us_jobless_claims
2014-04-19,327000,us_jobless_claims
2014-04-26,345000,us_jobless_claims
2014-05-03,325000,us_jobless_claims
2014-05-10,303000,us_jobless_claims
2014-05-17,324000,us_jobless_claims
2014-05-24,305000,us_jobless_claims
2014-05-31,312000,us_jobless_claims
2014-06-07,317000,us_jobless_claims
2014-06-14,314000,us_jobless_claims
2014-06-21,315000,us_jobless_claims
2014-06-28,308000,us_jobless_claims
2014-07-05,302000,us_jobless_claims
2014-07-12,308000,us_jobless_claims
2014-07-19,294000,us_jobless_claims
2014-07-26,303000,us_jobless_claims
2014-08-02,295000,us_jobless_claims
2014-08-09,309000,us_jobless_claims
2014-08-16,303000,us_jobless_claims
2014-08-23,300000,us_jobless_claims
2014-08-30,303000,us_jobless_claims
2014-09-06,307000,us_jobless_claims
2014-09-13,288000,us_jobless_claims
2014-09-20,295000,us_jobless_claims
2014-09-27,290000,us_jobless_claims
2014-10-04,293000,us_jobless_claims
2014-10-11,281000,us_jobless_claims
2014-10-18,290000,us_jobless_claims
2014-10-25,291000,us_jobless_claims
2014-11-01,280000,us_jobless_claims
2014-11-08,291000,us_jobless_claims
2014-11-15,293000,us_jobless_claims
2014-11-22,303000,us_jobless_claims
2014-11-29,291000,us_jobless_claims
2014-12-06,291000,us_jobless_claims
2014-12-13,286000,us_jobless_claims
2014-12-20,276000,us_jobless_claims
2014-12-27,285000,us_jobless_claims
2015-01-03,294000,us_jobless_claims
2015-01-10,304000,us_jobless_claims
2015-01-17,298000,us_jobless_claims
2015-01-24,261000,us_jobless_claims
2015-01-31,281000,us_jobless_claims
2015-02-07,298000,us_jobless_claims
2015-02-14,285000,us_jobless_claims
2015-02-21,305000,us_jobless_claims
2015-02-28,317000,us_jobless_claims
2015-03-07,293000,us_jobless_claims
2015-03-14,290000,us_jobless_claims
2015-03-21,284000,us_jobless_claims
2015-03-28,269000,us_jobless_claims
2015-04-04,282000,us_jobless_claims
2015-04-11,298000,us_jobless_claims
2015-04-18,295000,us_jobless_claims
2015-04-25,269000,us_jobless_claims
2015-05-02,267000,us_jobless_claims
2015-05-09,271000,us_jobless_claims
2015-05-16,276000,us_jobless_claims
2015-05-23,281000,us_jobless_claims
2015-05-30,275000,us_jobless_claims
2015-06-06,278000,us_jobless_claims
2015-06-13,269000,us_jobless_claims
2015-06-20,273000,us_jobless_claims
2015-06-27,275000,us_jobless_claims
2015-07-04,292000,us_jobless_claims
2015-07-11,285000,us_jobless_claims
2015-07-18,265000,us_jobless_claims
2015-07-25,269000,us_jobless_claims
2015-08-01,270000,us_jobless_claims
2015-08-08,274000,us_jobless_claims
2015-08-15,279000,us_jobless_claims
2015-08-22,274000,us_jobless_claims
2015-08-29,279000,us_jobless_claims
2015-09-05,273000,us_jobless_claims
2015-09-12,264000,us_jobless_claims
2015-09-19,269000,us_jobless_claims
2015-09-26,272000,us_jobless_claims
2015-10-03,267000,us_jobless_claims
2015-10-10,265000,us_jobless_claims
2015-10-17,264000,us_jobless_claims
2015-10-24,264000,us_jobless_claims
2015-10-31,275000,us_jobless_claims
2015-11-07,276000,us_jobless_claims
2015-11-14,272000,us_jobless_claims
2015-11-21,261000,us_jobless_claims
2015-11-28,265000,us_jobless_claims
2015-12-05,280000,us_jobless_claims
2015-12-12,268000,us_jobless_claims
2015-12-19,260000,us_jobless_claims
2015-12-26,276000,us_jobless_claims
2016-01-02,273000,us_jobless_claims
2016-01-09,284000,us_jobless_claims
2016-01-16,290000,us_jobless_claims
2016-01-23,269000,us_jobless_claims
2016-01-30,282000,us_jobless_claims
2016-02-06,266000,us_jobless_claims
2016-02-13,262000,us_jobless_claims
2016-02-20,270000,us_jobless_claims
2016-02-27,269000,us_jobless_claims
2016-03-05,255000,us_jobless_claims
2016-03-12,263000,us_jobless_claims
2016-03-19,264000,us_jobless_claims
2016-03-26,271000,us_jobless_claims
2016-04-02,273000,us_jobless_claims
2016-04-09,263000,us_jobless_claims
2016-04-16,257000,us_jobless_claims
2016-04-23,259000,us_jobless_claims
2016-04-30,278000,us_jobless_claims
2016-05-07,289000,us_jobless_claims
2016-05-14,279000,us_jobless_claims
2016-05-21,267000,us_jobless_claims
2016-05-28,263000,us_jobless_claims
2016-06-04,265000,us_jobless_claims
2016-06-11,273000,us_jobless_claims
2016-06-18,261000,us_jobless_claims
2016-06-25,262000,us_jobless_claims
2016-07-02,255000,us_jobless_claims
2016-07-09,252000,us_jobless_claims
2016-07-16,260000,us_jobless_claims
2016-07-23,264000,us_jobless_claims
2016-07-30,266000,us_jobless_claims
2016-08-06,265000,us_jobless_claims
2016-08-13,264000,us_jobless_claims
2016-08-20,264000,us_jobless_claims
2016-08-27,261000,us_jobless_claims
2016-09-03,257000,us_jobless_claims
2016-09-10,252000,us_jobless_claims
2016-09-17,250000,us_jobless_claims
2016-09-24,247000,us_jobless_claims
2016-10-01,245000,us_jobless_claims
2016-10-08,250000,us_jobless_claims
2016-10-15,263000,us_jobless_claims
2016-10-22,256000,us_jobless_claims
2016-10-29,265000,us_jobless_claims
2016-11-05,250000,us_jobless_claims
2016-11-12,232000,us_jobless_claims
2016-11-19,246000,us_jobless_claims
2016-11-26,255000,us_jobless_claims
2016-12-03,248000,us_jobless_claims
2016-12-10,252000,us_jobless_claims
2016-12-17,260000,us_jobless_claims
2016-12-24,257000,us_jobless_claims
2016-12-31,244000,us_jobless_claims
2017-01-07,245000,us_jobless_claims
2017-01-14,240000,us_jobless_claims
2017-01-21,250000,us_jobless_claims
2017-01-28,241000,us_jobless_claims
2017-02-04,230000,us_jobless_claims
2017-02-11,233000,us_jobless_claims
2017-02-18,237000,us_jobless_claims
2017-02-25,221000,us_jobless_claims
2017-03-04,236000,us_jobless_claims
2017-03-11,228000,us_jobless_claims
2017-03-18,235000,us_jobless_claims
2017-03-25,236000,us_jobless_claims
2017-04-01,216000,us_jobless_claims
2017-04-08,222000,us_jobless_claims
2017-04-15,231000,us_jobless_claims
2017-04-22,238000,us_jobless_claims
2017-04-29,232000,us_jobless_claims
2017-05-06,233000,us_jobless_claims
2017-05-13,234000,us_jobless_claims
2017-05-20,236000,us_jobless_claims
2017-05-27,253000,us_jobless_claims
2017-06-03,251000,us_jobless_claims
2017-06-10,245000,us_jobless_claims
2017-06-17,249000,us_jobless_claims
2017-06-24,247000,us_jobless_claims
2017-07-01,256000,us_jobless_claims
2017-07-08,259000,us_jobless_claims
2017-07-15,245000,us_jobless_claims
2017-07-22,249000,us_jobless_claims
2017-07-29,245000,us_jobless_claims
2017-08-05,254000,us_jobless_claims
2017-08-12,245000,us_jobless_claims
2017-08-19,245000,us_jobless_claims
2017-08-26,247000,us_jobless_claims
2017-09-02,297000,us_jobless_claims
2017-09-09,280000,us_jobless_claims
2017-09-16,261000,us_jobless_claims
2017-09-23,264000,us_jobless_claims
2017-09-30,260000,us_jobless_claims
2017-10-07,252000,us_jobless_claims
2017-10-14,235000,us_jobless_claims
2017-10-21,241000,us_jobless_claims
2017-10-28,241000,us_jobless_claims
2017-11-04,248000,us_jobless_claims
2017-11-11,254000,us_jobless_claims
2017-11-18,246000,us_jobless_claims
2017-11-25,243000,us_jobless_claims
2017-12-02,241000,us_jobless_claims
2017-12-09,229000,us_jobless_claims
2017-12-16,244000,us_jobless_claims
2017-12-23,251000,us_jobless_claims
2017-12-30,248000,us_jobless_claims
2018-01-06,252000,us_jobless_claims
2018-01-13,230000,us_jobless_claims
2018-01-20,231000,us_jobless_claims
2018-01-27,228000,us_jobless_claims
2018-02-03,224000,us_jobless_claims
2018-02-10,225000,us_jobless_claims
2018-02-17,219000,us_jobless_claims
2018-02-24,216000,us_jobless_claims
2018-03-03,228000,us_jobless_claims
2018-03-10,223000,us_jobless_claims
2018-03-17,225000,us_jobless_claims
2018-03-24,221000,us_jobless_claims
2018-03-31,232000,us_jobless_claims
2018-04-07,234000,us_jobless_claims
2018-04-14,236000,us_jobless_claims
2018-04-21,207000,us_jobless_claims
2018-04-28,209000,us_jobless_claims
2018-05-05,211000,us_jobless_claims
2018-05-12,222000,us_jobless_claims
2018-05-19,230000,us_jobless_claims
2018-05-26,222000,us_jobless_claims
2018-06-02,223000,us_jobless_claims
2018-06-09,222000,us_jobless_claims
2018-06-16,218000,us_jobless_claims
2018-06-23,222000,us_jobless_claims
2018-06-30,228000,us_jobless_claims
2018-07-07,216000,us_jobless_claims
2018-07-14,205000,us_jobless_claims
2018-07-21,210000,us_jobless_claims
2018-07-28,207000,us_jobless_claims
2018-08-04,210000,us_jobless_claims
2018-08-11,206000,us_jobless_claims
2018-08-18,207000,us_jobless_claims
2018-08-25,211000,us_jobless_claims
2018-09-01,201000,us_jobless_claims
2018-09-08,204000,us_jobless_claims
2018-09-15,206000,us_jobless_claims
2018-09-22,205000,us_jobless_claims
2018-09-29,210000,us_jobless_claims
2018-10-06,211000,us_jobless_claims
2018-10-13,208000,us_jobless_claims
2018-10-20,217000,us_jobless_claims
2018-10-27,216000,us_jobless_claims
2018-11-03,218000,us_jobless_claims
2018-11-10,221000,us_jobless_claims
2018-11-17,225000,us_jobless_claims
2018-11-24,237000,us_jobless_claims
2018-12-01,232000,us_jobless_claims
2018-12-08,208000,us_jobless_claims
2018-12-15,217000,us_jobless_claims
2018-12-22,228000,us_jobless_claims
2018-12-29,238000,us_jobless_claims
2019-01-05,225000,us_jobless_claims
2019-01-12,218000,us_jobless_claims
2019-01-19,214000,us_jobless_claims
2019-01-26,234000,us_jobless_claims
2019-02-02,232000,us_jobless_claims
2019-02-09,226000,us_jobless_claims
2019-02-16,211000,us_jobless_claims
2019-02-23,221000,us_jobless_claims
2019-03-02,216000,us_jobless_claims
2019-03-09,218000,us_jobless_claims
2019-03-16,212000,us_jobless_claims
2019-03-23,210000,us_jobless_claims
2019-03-30,203000,us_jobless_claims
2019-04-06,196000,us_jobless_claims
2019-04-13,197000,us_jobless_claims
2019-04-20,222000,us_jobless_claims
2019-04-27,224000,us_jobless_claims
2019-05-04,225000,us_jobless_claims
2019-05-11,212000,us_jobless_claims
2019-05-18,215000,us_jobless_claims
2019-05-25,222000,us_jobless_claims
2019-06-01,223000,us_jobless_claims
2019-06-08,226000,us_jobless_claims
2019-06-15,217000,us_jobless_claims
2019-06-22,234000,us_jobless_claims
2019-06-29,226000,us_jobless_claims
2019-07-06,215000,us_jobless_claims
2019-07-13,211000,us_jobless_claims
2019-07-20,202000,us_jobless_claims
2019-07-27,206000,us_jobless_claims
2019-08-03,208000,us_jobless_claims
2019-08-10,212000,us_jobless_claims
2019-08-17,207000,us_jobless_claims
2019-08-24,213000,us_jobless_claims
2019-08-31,215000,us_jobless_claims
2019-09-07,207000,us_jobless_claims
2019-09-14,205000,us_jobless_claims
2019-09-21,211000,us_jobless_claims
2019-09-28,215000,us_jobless_claims
2019-10-05,209000,us_jobless_claims
2019-10-12,215000,us_jobless_claims
2019-10-19,210000,us_jobless_claims
2019-10-26,215000,us_jobless_claims
2019-11-02,214000,us_jobless_claims
2019-11-09,227000,us_jobless_claims
2019-11-16,229000,us_jobless_claims
2019-11-23,221000,us_jobless_claims
2019-11-30,231000,us_jobless_claims
2019-12-07,247000,us_jobless_claims
2019-12-14,236000,us_jobless_claims
2019-12-21,230000,us_jobless_claims
2019-12-28,231000,us_jobless_claims
2020-01-04,224000,us_jobless_claims
2020-01-11,207000,us_jobless_claims
2020-01-18,221000,us_jobless_claims
2020-01-25,210000,us_jobless_claims
2020-02-01,207000,us_jobless_claims
2020-02-08,202000,us_jobless_claims
2020-02-15,209000,us_jobless_claims
2020-02-22,218000,us_jobless_claims
2020-02-29,215000,us_jobless_claims
2020-03-07,208000,us_jobless_claims
2020-03-14,273000,us_jobless_claims
2020-03-21,2914000,us_jobless_claims
2020-03-28,5946000,us_jobless_claims
2020-04-04,6137000,us_jobless_claims
2020-04-11,4869000,us_jobless_claims
2020-04-18,4201000,us_jobless_claims
2020-04-25,3446000,us_jobless_claims
2020-05-02,2796000,us_jobless_claims
2020-05-09,2335000,us_jobless_claims
2020-05-16,2176000,us_jobless_claims
2020-05-23,1921000,us_jobless_claims
2020-05-30,1639000,us_jobless_claims
2020-06-06,1575000,us_jobless_claims
2020-06-13,1473000,us_jobless_claims
2020-06-20,1467000,us_jobless_claims
2020-06-27,1446000,us_jobless_claims
2020-07-04,1413000,us_jobless_claims
2020-07-11,1468000,us_jobless_claims
2020-07-18,1393000,us_jobless_claims
2020-07-25,1260000,us_jobless_claims
2020-08-01,1044000,us_jobless_claims
2020-08-08,884000,us_jobless_claims
2020-08-15,927000,us_jobless_claims
2020-08-22,876000,us_jobless_claims
2020-08-29,881000,us_jobless_claims
2020-09-05,892000,us_jobless_claims
2020-09-12,861000,us_jobless_claims
2020-09-19,859000,us_jobless_claims
2020-09-26,795000,us_jobless_claims
2020-10-03,785000,us_jobless_claims
2020-10-10,839000,us_jobless_claims
2020-10-17,804000,us_jobless_claims
2020-10-24,776000,us_jobless_claims
2020-10-31,773000,us_jobless_claims
2020-11-07,737000,us_jobless_claims
2020-11-14,738000,us_jobless_claims
2020-11-21,793000,us_jobless_claims
2020-11-28,737000,us_jobless_claims
2020-12-05,873000,us_jobless_claims
2020-12-12,886000,us_jobless_claims
2020-12-19,815000,us_jobless_claims
2020-12-26,773000,us_jobless_claims
2021-01-02,803000,us_jobless_claims
2021-01-09,890000,us_jobless_claims
2021-01-16,844000,us_jobless_claims
2021-01-23,799000,us_jobless_claims
2021-01-30,803000,us_jobless_claims
2021-02-06,812000,us_jobless_claims
2021-02-13,802000,us_jobless_claims
2021-02-20,702000,us_jobless_claims
2021-02-27,704000,us_jobless_claims
2021-03-06,693000,us_jobless_claims
2021-03-13,699000,us_jobless_claims
2021-03-20,627000,us_jobless_claims
2021-03-27,658000,us_jobless_claims
2021-04-03,645000,us_jobless_claims
2021-04-10,571000,us_jobless_claims
2021-04-17,566000,us_jobless_claims
2021-04-24,574000,us_jobless_claims
2021-05-01,517000,us_jobless_claims
2021-05-08,494000,us_jobless_claims
2021-05-15,467000,us_jobless_claims
2021-05-22,441000,us_jobless_claims
2021-05-29,427000,us_jobless_claims
2021-06-05,420000,us_jobless_claims
2021-06-12,428000,us_jobless_claims
2021-06-19,422000,us_jobless_claims
2021-06-26,368000,us_jobless_claims
2021-07-03,371000,us_jobless_claims
2021-07-10,333000,us_jobless_claims
2021-07-17,387000,us_jobless_claims
2021-07-24,380000,us_jobless_claims
2021-07-31,379000,us_jobless_claims
2021-08-07,361000,us_jobless_claims
2021-08-14,367000,us_jobless_claims
2021-08-21,358000,us_jobless_claims
2021-08-28,353000,us_jobless_claims
2021-09-04,335000,us_jobless_claims
2021-09-11,342000,us_jobless_claims
2021-09-18,367000,us_jobless_claims
2021-09-25,375000,us_jobless_claims
2021-10-02,312000,us_jobless_claims
2021-10-09,291000,us_jobless_claims
2021-10-16,289000,us_jobless_claims
2021-10-23,269000,us_jobless_claims
2021-10-30,261000,us_jobless_claims
2021-11-06,251000,us_jobless_claims
2021-11-13,250000,us_jobless_claims
2021-11-20,224000,us_jobless_claims
2021-11-27,221000,us_jobless_claims
2021-12-04,206000,us_jobless_claims
2021-12-11,227000,us_jobless_claims
2021-12-18,215000,us_jobless_claims
2021-12-25,217000,us_jobless_claims
2022-01-01,229000,us_jobless_claims
2022-01-08,250000,us_jobless_claims
2022-01-15,246000,us_jobless_claims
2022-01-22,240000,us_jobless_claims
2022-01-29,231000,us_jobless_claims
2022-02-05,210000,us_jobless_claims
2022-02-12,234000,us_jobless_claims
2022-02-19,224000,us_jobless_claims
2022-02-26,208000,us_jobless_claims
2022-03-05,222000,us_jobless_claims
2022-03-12,217000,us_jobless_claims
2022-03-19,207000,us_jobless_claims
2022-03-26,214000,us_jobless_claims
2022-04-02,214000,us_jobless_claims
2022-04-09,214000,us_jobless_claims
2022-04-16,210000,us_jobless_claims
2022-04-23,209000,us_jobless_claims
2022-04-30,218000,us_jobless_claims
2022-05-07,204000,us_jobless_claims
2022-05-14,225000,us_jobless_claims
2022-05-21,211000,us_jobless_claims
2022-05-28,199000,us_jobless_claims
2022-06-04,213000,us_jobless_claims
2022-06-11,211000,us_jobless_claims
2022-06-18,214000,us_jobless_claims
2022-06-25,212000,us_jobless_claims
2022-07-02,214000,us_jobless_claims
2022-07-09,212000,us_jobless_claims
2022-07-16,216000,us_jobless_claims
2022-07-23,221000,us_jobless_claims
2022-07-30,228000,us_jobless_claims
2022-08-06,221000,us_jobless_claims
2022-08-13,220000,us_jobless_claims
2022-08-20,215000,us_jobless_claims
2022-08-27,210000,us_jobless_claims
2022-09-03,203000,us_jobless_claims
2022-09-10,195000,us_jobless_claims
2022-09-17,202000,us_jobless_claims
2022-09-24,190000,us_jobless_claims
2022-10-01,203000,us_jobless_claims
2022-10-08,207000,us_jobless_claims
2022-10-15,199000,us_jobless_claims
2022-10-22,202000,us_jobless_claims
2022-10-29,202000,us_jobless_claims
2022-11-05,204000,us_jobless_claims
2022-11-12,210000,us_jobless_claims
2022-11-19,220000,us_jobless_claims
2022-11-26,209000,us_jobless_claims
2022-12-03,209000,us_jobless_claims
2022-12-10,209000,us_jobless_claims
2022-12-17,213000,us_jobless_claims
2022-12-24,205000,us_jobless_claims
2022-12-31,205000,us_jobless_claims
2023-01-07,210000,us_jobless_claims
2023-01-14,204000,us_jobless_claims
2023-01-21,204000,us_jobless_claims
2023-01-28,200000,us_jobless_claims
2023-02-04,215000,us_jobless_claims
2023-02-11,220000,us_jobless_claims
2023-02-18,217000,us_jobless_claims
2023-02-25,207000,us_jobless_claims
2023-03-04,230000,us_jobless_claims
2023-03-11,222000,us_jobless_claims
2023-03-18,230000,us_jobless_claims
2023-03-25,234000,us_jobless_claims
2023-04-01,217000,us_jobless_claims
2023-04-08,220000,us_jobless_claims
2023-04-15,223000,us_jobless_claims
2023-04-22,209000,us_jobless_claims
2023-04-29,213000,us_jobless_claims
2023-05-06,223000,us_jobless_claims
2023-05-13,225000,us_jobless_claims
2023-05-20,227000,us_jobless_claims
2023-05-27,229000,us_jobless_claims
2023-06-03,252000,us_jobless_claims
2023-06-10,256000,us_jobless_claims
2023-06-17,259000,us_jobless_claims
2023-06-24,236000,us_jobless_claims
2023-07-01,248000,us_jobless_claims
2023-07-08,230000,us_jobless_claims
2023-07-15,229000,us_jobless_claims
2023-07-22,231000,us_jobless_claims
2023-07-29,238000,us_jobless_claims
2023-08-05,258000,us_jobless_claims
2023-08-12,248000,us_jobless_claims
2023-08-19,240000,us_jobless_claims
2023-08-26,234000,us_jobless_claims
2023-09-02,225000,us_jobless_claims
2023-09-09,225000,us_jobless_claims
2023-09-16,211000,us_jobless_claims
2023-09-23,216000,us_jobless_claims
2023-09-30,216000,us_jobless_claims
2023-10-07,210000,us_jobless_claims
2023-10-14,200000,us_jobless_claims
2023-10-21,214000,us_jobless_claims
2023-10-28,217000,us_jobless_claims
2023-11-04,216000,us_jobless_claims
2023-11-11,230000,us_jobless_claims
2023-11-18,213000,us_jobless_claims
2023-11-25,213000,us_jobless_claims
2023-12-02,215000,us_jobless_claims
2023-12-09,203000,us_jobless_claims
2023-12-16,209000,us_jobless_claims
2023-12-23,212000,us_jobless_claims
2023-12-30,200000,us_jobless_claims
2024-01-06,201000,us_jobless_claims
2024-01-13,195000,us_jobless_claims
2024-01-20,224000,us_jobless_claims
2024-01-27,226000,us_jobless_claims
2024-02-03,213000,us_jobless_claims
2024-02-10,213000,us_jobless_claims
2024-02-17,202000,us_jobless_claims
2024-02-24,212000,us_jobless_claims
2024-03-02,213000,us_jobless_claims
2024-03-09,213000,us_jobless_claims
2024-03-16,213000,us_jobless_claims
2024-03-23,214000,us_jobless_claims
2024-03-30,223000,us_jobless_claims
2024-04-06,213000,us_jobless_claims
2024-04-13,212000,us_jobless_claims
2024-04-20,209000,us_jobless_claims
2024-04-27,207000,us_jobless_claims
2024-05-04,230000,us_jobless_claims
2024-05-11,222000,us_jobless_claims
2024-05-18,216000,us_jobless_claims
2024-05-25,220000,us_jobless_claims
2024-06-01,227000,us_jobless_claims
2024-06-08,240000,us_jobless_claims
2024-06-15,236000,us_jobless_claims
2024-06-22,233000,us_jobless_claims
2024-06-29,238000,us_jobless_claims
2024-07-06,223000,us_jobless_claims
2024-07-13,241000,us_jobless_claims
2024-07-20,237000,us_jobless_claims
2024-07-27,248000,us_jobless_claims
2024-08-03,234000,us_jobless_claims
2024-08-10,228000,us_jobless_claims
2024-08-17,232000,us_jobless_claims
2024-08-24,232000,us_jobless_claims
2024-08-31,227000,us_jobless_claims
2024-09-07,227000,us_jobless_claims
2024-09-14,223000,us_jobless_claims
2024-09-21,221000,us_jobless_claims
2024-09-28,227000,us_jobless_claims
2024-10-05,258000,us_jobless_claims
2024-10-12,241000,us_jobless_claims
2024-10-19,227000,us_jobless_claims
2024-10-26,219000,us_jobless_claims
2024-11-02,221000,us_jobless_claims
2024-11-09,218000,us_jobless_claims
2024-11-16,216000,us_jobless_claims
2024-11-23,219000,us_jobless_claims
2024-11-30,222000,us_jobless_claims
2024-12-07,238000,us_jobless_claims
2024-12-14,222000,us_jobless_claims
2024-12-21,219000,us_jobless_claims
2024-12-28,212000,us_jobless_claims
2025-01-04,206000,us_jobless_claims
2025-01-11,219000,us_jobless_claims
2025-01-18,223000,us_jobless_claims
2025-01-25,212000,us_jobless_claims
2025-02-01,220000,us_jobless_claims
2025-02-08,216000,us_jobless_claims
2025-02-15,223000,us_jobless_claims
2025-02-22,241000,us_jobless_claims
2025-03-01,224000,us_jobless_claims
2025-03-08,222000,us_jobless_claims
2025-03-15,225000,us_jobless_claims
2025-03-22,224000,us_jobless_claims
2025-03-29,220000,us_jobless_claims
2025-04-05,223000,us_jobless_claims
2025-04-12,217000,us_jobless_claims
2025-04-19,224000,us_jobless_claims
2025-04-26,239000,us_jobless_claims
2025-05-03,228000,us_jobless_claims
2025-05-10,226000,us_jobless_claims
2025-05-17,225000,us_jobless_claims
2025-05-24,236000,us_jobless_claims
2025-05-31,244000,us_jobless_claims
2025-06-07,246000,us_jobless_claims
2025-06-14,243000,us_jobless_claims
2025-06-21,236000,us_jobless_claims
2025-06-28,231000,us_jobless_claims
2025-07-05,228000,us_jobless_claims
2025-07-12,221000,us_jobless_claims
2025-07-19,218000,us_jobless_claims
2025-07-26,219000,us_jobless_claims
2025-08-02,226000,us_jobless_claims
2025-08-09,224000,us_jobless_claims
2025-08-16,233000,us_jobless_claims
2025-08-23,229000,us_jobless_claims
2025-08-30,236000,us_jobless_claims
2025-09-06,259000,us_jobless_claims
2025-09-13,233000,us_jobless_claims
2025-09-20,219000,us_jobless_claims
2025-09-27,225000,us_jobless_claims
2025-10-04,233000,us_jobless_claims
2025-10-11,222000,us_jobless_claims
2025-10-18,231000,us_jobless_claims
2025-10-25,221000,us_jobless_claims
2025-11-01,228000,us_jobless_claims
2025-11-08,228000,us_jobless_claims
2025-11-15,222000,us_jobless_claims
2025-11-22,218000,us_jobless_claims
2025-11-29,216000,us_jobless_claims
2025-12-06,235000,us_jobless_claims
2025-12-13,224000,us_jobless_claims
2025-12-20,215000,us_jobless_claims
2025-12-27,203000,us_jobless_claims
2026-01-03,207000,us_jobless_claims
2026-01-10,201000,us_jobless_claims
2026-01-17,210000,us_jobless_claims
2026-01-24,211000,us_jobless_claims
2026-01-31,230000,us_jobless_claims
2026-02-07,230000,us_jobless_claims
2026-02-14,208000,us_jobless_claims
2026-02-21,211000,us_jobless_claims
2026-02-28,214000,us_jobless_claims
2026-03-07,213000,us_jobless_claims
2026-03-14,205000,us_jobless_claims
2026-03-21,211000,us_jobless_claims
2026-03-28,203000,us_jobless_claims
2026-04-04,218000,us_jobless_claims
2026-04-11,208000,us_jobless_claims
2026-04-18,215000,us_jobless_claims
2026-04-25,190000,us_jobless_claims
2026-05-02,199000,us_jobless_claims
2026-05-09,212000,us_jobless_claims
2026-05-16,210000,us_jobless_claims
2026-05-23,212000,us_jobless_claims
2026-05-30,225000,us_jobless_claims
2026-06-06,230000,us_jobless_claims
2026-06-13,227000,us_jobless_claims
2026-06-20,216000,us_jobless_claims
2026-06-27,217000,us_jobless_claims
2026-07-04,217000,us_jobless_claims
2026-07-11,209000,us_jobless_claims
2026-07-18,189000,us_jobless_claims
2026-07-25,198000,us_jobless_claims
2026-08-01,200000,us_jobless_claims
2026-08-08,212000,us_jobless_claims
2026-08-15,207000,us_jobless_claims
2026-08-22,204000,us_jobless_claims
2026-08-29,207000,us_jobless_claims
2026-09-05,207000,us_jobless_claims
2026-09-12,198000,us_jobless_claims
2026-09-19,198000,us_jobless_claims
2026-09-26,197000,us_jobless_claims
2010-01-01,0.11,fed_rate
2010-02-01,0.13,fed_rate
2010-03-01,0.16,fed_rate
2010-04-01,0.20,fed_rate
2010-05-01,0.20,fed_rate
2010-06-01,0.18,fed_rate
2010-07-01,0.18,fed_rate
2010-08-01,0.19,fed_rate
2010-09-01,0.19,fed_rate
2010-10-01,0.19,fed_rate
2010-11-01,0.19,fed_rate
2010-12-01,0.18,fed_rate
2011-01-01,0.17,fed_rate
2011-02-01,0.16,fed_rate
2011-03-01,0.14,fed_rate
2011-04-01,0.10,fed_rate
2011-05-01,0.09,fed_rate
2011-06-01,0.09,fed_rate
2011-07-01,0.07,fed_rate
2011-08-01,0.10,fed_rate
2011-09-01,0.08,fed_rate
2011-10-01,0.07,fed_rate
2011-11-01,0.08,fed_rate
2011-12-01,0.07,fed_rate
2012-01-01,0.08,fed_rate
2012-02-01,0.10,fed_rate
2012-03-01,0.13,fed_rate
2012-04-01,0.14,fed_rate
2012-05-01,0.16,fed_rate
2012-06-01,0.16,fed_rate
2012-07-01,0.16,fed_rate
2012-08-01,0.13,fed_rate
2012-09-01,0.14,fed_rate
2012-10-01,0.16,fed_rate
2012-11-01,0.16,fed_rate
2012-12-01,0.16,fed_rate
2013-01-01,0.14,fed_rate
2013-02-01,0.15,fed_rate
2013-03-01,0.14,fed_rate
2013-04-01,0.15,fed_rate
2013-05-01,0.11,fed_rate
2013-06-01,0.09,fed_rate
2013-07-01,0.09,fed_rate
2013-08-01,0.08,fed_rate
2013-09-01,0.08,fed_rate
2013-10-01,0.09,fed_rate
2013-11-01,0.08,fed_rate
2013-12-01,0.09,fed_rate
2014-01-01,0.07,fed_rate
2014-02-01,0.07,fed_rate
2014-03-01,0.08,fed_rate
2014-04-01,0.09,fed_rate
2014-05-01,0.09,fed_rate
2014-06-01,0.10,fed_rate
2014-07-01,0.09,fed_rate
2014-08-01,0.09,fed_rate
2014-09-01,0.09,fed_rate
2014-10-01,0.09,fed_rate
2014-11-01,0.09,fed_rate
2014-12-01,0.12,fed_rate
2015-01-01,0.11,fed_rate
2015-02-01,0.11,fed_rate
2015-03-01,0.11,fed_rate
2015-04-01,0.12,fed_rate
2015-05-01,0.12,fed_rate
2015-06-01,0.13,fed_rate
2015-07-01,0.13,fed_rate
2015-08-01,0.14,fed_rate
2015-09-01,0.14,fed_rate
2015-10-01,0.12,fed_rate
2015-11-01,0.12,fed_rate
2015-12-01,0.24,fed_rate
2016-01-01,0.34,fed_rate
2016-02-01,0.38,fed_rate
2016-03-01,0.36,fed_rate
2016-04-01,0.37,fed_rate
2016-05-01,0.37,fed_rate
2016-06-01,0.38,fed_rate
2016-07-01,0.39,fed_rate
2016-08-01,0.40,fed_rate
2016-09-01,0.40,fed_rate
2016-10-01,0.40,fed_rate
2016-11-01,0.41,fed_rate
2016-12-01,0.54,fed_rate
2017-01-01,0.65,fed_rate
2017-02-01,0.66,fed_rate
2017-03-01,0.79,fed_rate
2017-04-01,0.90,fed_rate
2017-05-01,0.91,fed_rate
2017-06-01,1.04,fed_rate
2017-07-01,1.15,fed_rate
2017-08-01,1.16,fed_rate
2017-09-01,1.15,fed_rate
2017-10-01,1.15,fed_rate
2017-11-01,1.16,fed_rate
2017-12-01,1.30,fed_rate
2018-01-01,1.41,fed_rate
2018-02-01,1.42,fed_rate
2018-03-01,1.51,fed_rate
2018-04-01,1.69,fed_rate
2018-05-01,1.70,fed_rate
2018-06-01,1.82,fed_rate
2018-07-01,1.91,fed_rate
2018-08-01,1.91,fed_rate
2018-09-01,1.95,fed_rate
2018-10-01,2.19,fed_rate
2018-11-01,2.20,fed_rate
2018-12-01,2.27,fed_rate
2019-01-01,2.40,fed_rate
2019-02-01,2.40,fed_rate
2019-03-01,2.41,fed_rate
2019-04-01,2.42,fed_rate
2019-05-01,2.39,fed_rate
2019-06-01,2.38,fed_rate
2019-07-01,2.40,fed_rate
2019-08-01,2.13,fed_rate
2019-09-01,2.04,fed_rate
2019-10-01,1.83,fed_rate
2019-11-01,1.55,fed_rate
2019-12-01,1.55,fed_rate
2020-01-01,1.55,fed_rate
2020-02-01,1.58,fed_rate
2020-03-01,0.65,fed_rate
2020-04-01,0.05,fed_rate
2020-05-01,0.05,fed_rate
2020-06-01,0.08,fed_rate
2020-07-01,0.09,fed_rate
2020-08-01,0.10,fed_rate
2020-09-01,0.09,fed_rate
2020-10-01,0.09,fed_rate
2020-11-01,0.09,fed_rate
2020-12-01,0.09,fed_rate
2021-01-01,0.09,fed_rate
2021-02-01,0.08,fed_rate
2021-03-01,0.07,fed_rate
2021-04-01,0.07,fed_rate
2021-05-01,0.06,fed_rate
2021-06-01,0.08,fed_rate
2021-07-01,0.10,fed_rate
2021-08-01,0.09,fed_rate
2021-09-01,0.08,fed_rate
2021-10-01,0.08,fed_rate
2021-11-01,0.08,fed_rate
2021-12-01,0.08,fed_rate
2022-01-01,0.08,fed_rate
2022-02-01,0.08,fed_rate
2022-03-01,0.20,fed_rate
2022-04-01,0.33,fed_rate
2022-05-01,0.77,fed_rate
2022-06-01,1.21,fed_rate
2022-07-01,1.68,fed_rate
2022-08-01,2.33,fed_rate
2022-09-01,2.56,fed_rate
2022-10-01,3.08,fed_rate
2022-11-01,3.78,fed_rate
2022-12-01,4.10,fed_rate
2023-01-01,4.33,fed_rate
2023-02-01,4.57,fed_rate
2023-03-01,4.65,fed_rate
2023-04-01,4.83,fed_rate
2023-05-01,5.06,fed_rate
2023-06-01,5.08,fed_rate
2023-07-01,5.12,fed_rate
2023-08-01,5.33,fed_rate
2023-09-01,5.33,fed_rate
2023-10-01,5.33,fed_rate
2023-11-01,5.33,fed_rate
2023-12-01,5.33,fed_rate
2024-01-01,5.33,fed_rate
2024-02-01,5.33,fed_rate
2024-03-01,5.33,fed_rate
2024-04-01,5.33,fed_rate
2024-05-01,5.33,fed_rate
2024-06-01,5.33,fed_rate
2024-07-01,5.33,fed_rate
2024-08-01,5.33,fed_rate
2024-09-01,5.13,fed_rate
2024-10-01,4.83,fed_rate
2024-11-01,4.64,fed_rate
2024-12-01,4.48,fed_rate
2025-01-01,4.33,fed_rate
2025-02-01,4.33,fed_rate
2025-03-01,4.33,fed_rate
2025-04-01,4.33,fed_rate
2025-05-01,4.33,fed_rate
2025-06-01,4.33,fed_rate
2025-07-01,4.33,fed_rate
2025-08-01,4.33,fed_rate
2025-09-01,4.22,fed_rate
2025-10-01,4.09,fed_rate
2025-11-01,3.88,fed_rate
2025-12-01,3.72,fed_rate
2026-01-01,3.64,fed_rate
2026-02-01,3.64,fed_rate
2026-03-01,3.64,fed_rate
2026-04-01,3.64,fed_rate
2026-05-01,3.63,fed_rate
2026-06-01,3.63,fed_rate
2026-07-01,3.63,fed_rate
2026-08-01,3.63,fed_rate
2010-01-01,0.25,ecb_rate
2010-01-02,0.25,ecb_rate
2010-01-03,0.25,ecb_rate
2010-01-04,0.25,ecb_rate
2010-01-05,0.25,ecb_rate
2010-01-06,0.25,ecb_rate
2010-01-07,0.25,ecb_rate
2010-01-08,0.25,ecb_rate
2010-01-09,0.25,ecb_rate
2010-01-10,0.25,ecb_rate
2010-01-11,0.25,ecb_rate
2010-01-12,0.25,ecb_rate
2010-01-13,0.25,ecb_rate
2010-01-14,0.25,ecb_rate
2010-01-15,0.25,ecb_rate
2010-01-16,0.25,ecb_rate
2010-01-17,0.25,ecb_rate
2010-01-18,0.25,ecb_rate
2010-01-19,0.25,ecb_rate
2010-01-20,0.25,ecb_rate
2010-01-21,0.25,ecb_rate
2010-01-22,0.25,ecb_rate
2010-01-23,0.25,ecb_rate
2010-01-24,0.25,ecb_rate
2010-01-25,0.25,ecb_rate
2010-01-26,0.25,ecb_rate
2010-01-27,0.25,ecb_rate
2010-01-28,0.25,ecb_rate
2010-01-29,0.25,ecb_rate
2010-01-30,0.25,ecb_rate
2010-01-31,0.25,ecb_rate
2010-02-01,0.25,ecb_rate
2010-02-02,0.25,ecb_rate
2010-02-03,0.25,ecb_rate
2010-02-04,0.25,ecb_rate
2010-02-05,0.25,ecb_rate
2010-02-06,0.25,ecb_rate
2010-02-07,0.25,ecb_rate
2010-02-08,0.25,ecb_rate
2010-02-09,0.25,ecb_rate
2010-02-10,0.25,ecb_rate
2010-02-11,0.25,ecb_rate
2010-02-12,0.25,ecb_rate
2010-02-13,0.25,ecb_rate
2010-02-14,0.25,ecb_rate
2010-02-15,0.25,ecb_rate
2010-02-16,0.25,ecb_rate
2010-02-17,0.25,ecb_rate
2010-02-18,0.25,ecb_rate
2010-02-19,0.25,ecb_rate
2010-02-20,0.25,ecb_rate
2010-02-21,0.25,ecb_rate
2010-02-22,0.25,ecb_rate
2010-02-23,0.25,ecb_rate
2010-02-24,0.25,ecb_rate
2010-02-25,0.25,ecb_rate
2010-02-26,0.25,ecb_rate
2010-02-27,0.25,ecb_rate
2010-02-28,0.25,ecb_rate
2010-03-01,0.25,ecb_rate
2010-03-02,0.25,ecb_rate
2010-03-03,0.25,ecb_rate
2010-03-04,0.25,ecb_rate
2010-03-05,0.25,ecb_rate
2010-03-06,0.25,ecb_rate
2010-03-07,0.25,ecb_rate
2010-03-08,0.25,ecb_rate
2010-03-09,0.25,ecb_rate
2010-03-10,0.25,ecb_rate
2010-03-11,0.25,ecb_rate
2010-03-12,0.25,ecb_rate
2010-03-13,0.25,ecb_rate
2010-03-14,0.25,ecb_rate
2010-03-15,0.25,ecb_rate
2010-03-16,0.25,ecb_rate
2010-03-17,0.25,ecb_rate
2010-03-18,0.25,ecb_rate
2010-03-19,0.25,ecb_rate
2010-03-20,0.25,ecb_rate
2010-03-21,0.25,ecb_rate
2010-03-22,0.25,ecb_rate
2010-03-23,0.25,ecb_rate
2010-03-24,0.25,ecb_rate
2010-03-25,0.25,ecb_rate
2010-03-26,0.25,ecb_rate
2010-03-27,0.25,ecb_rate
2010-03-28,0.25,ecb_rate
2010-03-29,0.25,ecb_rate
2010-03-30,0.25,ecb_rate
2010-03-31,0.25,ecb_rate
2010-04-01,0.25,ecb_rate
2010-04-02,0.25,ecb_rate
2010-04-03,0.25,ecb_rate
2010-04-04,0.25,ecb_rate
2010-04-05,0.25,ecb_rate
2010-04-06,0.25,ecb_rate
2010-04-07,0.25,ecb_rate
2010-04-08,0.25,ecb_rate
2010-04-09,0.25,ecb_rate
2010-04-10,0.25,ecb_rate
2010-04-11,0.25,ecb_rate
2010-04-12,0.25,ecb_rate
2010-04-13,0.25,ecb_rate
2010-04-14,0.25,ecb_rate
2010-04-15,0.25,ecb_rate
2010-04-16,0.25,ecb_rate
2010-04-17,0.25,ecb_rate
2010-04-18,0.25,ecb_rate
2010-04-19,0.25,ecb_rate
2010-04-20,0.25,ecb_rate
2010-04-21,0.25,ecb_rate
2010-04-22,0.25,ecb_rate
2010-04-23,0.25,ecb_rate
2010-04-24,0.25,ecb_rate
2010-04-25,0.25,ecb_rate
2010-04-26,0.25,ecb_rate
2010-04-27,0.25,ecb_rate
2010-04-28,0.25,ecb_rate
2010-04-29,0.25,ecb_rate
2010-04-30,0.25,ecb_rate
2010-05-01,0.25,ecb_rate
2010-05-02,0.25,ecb_rate
2010-05-03,0.25,ecb_rate
2010-05-04,0.25,ecb_rate
2010-05-05,0.25,ecb_rate
2010-05-06,0.25,ecb_rate
2010-05-07,0.25,ecb_rate
2010-05-08,0.25,ecb_rate
2010-05-09,0.25,ecb_rate
2010-05-10,0.25,ecb_rate
2010-05-11,0.25,ecb_rate
2010-05-12,0.25,ecb_rate
2010-05-13,0.25,ecb_rate
2010-05-14,0.25,ecb_rate
2010-05-15,0.25,ecb_rate
2010-05-16,0.25,ecb_rate
2010-05-17,0.25,ecb_rate
2010-05-18,0.25,ecb_rate
2010-05-19,0.25,ecb_rate
2010-05-20,0.25,ecb_rate
2010-05-21,0.25,ecb_rate
2010-05-22,0.25,ecb_rate
2010-05-23,0.25,ecb_rate
2010-05-24,0.25,ecb_rate
2010-05-25,0.25,ecb_rate
2010-05-26,0.25,ecb_rate
2010-05-27,0.25,ecb_rate
2010-05-28,0.25,ecb_rate
2010-05-29,0.25,ecb_rate
2010-05-30,0.25,ecb_rate
2010-05-31,0.25,ecb_rate
2010-06-01,0.25,ecb_rate
2010-06-02,0.25,ecb_rate
2010-06-03,0.25,ecb_rate
2010-06-04,0.25,ecb_rate
2010-06-05,0.25,ecb_rate
2010-06-06,0.25,ecb_rate
2010-06-07,0.25,ecb_rate
2010-06-08,0.25,ecb_rate
2010-06-09,0.25,ecb_rate
2010-06-10,0.25,ecb_rate
2010-06-11,0.25,ecb_rate
2010-06-12,0.25,ecb_rate
2010-06-13,0.25,ecb_rate
2010-06-14,0.25,ecb_rate
2010-06-15,0.25,ecb_rate
2010-06-16,0.25,ecb_rate
2010-06-17,0.25,ecb_rate
2010-06-18,0.25,ecb_rate
2010-06-19,0.25,ecb_rate
2010-06-20,0.25,ecb_rate
2010-06-21,0.25,ecb_rate
2010-06-22,0.25,ecb_rate
2010-06-23,0.25,ecb_rate
2010-06-24,0.25,ecb_rate
2010-06-25,0.25,ecb_rate
2010-06-26,0.25,ecb_rate
2010-06-27,0.25,ecb_rate
2010-06-28,0.25,ecb_rate
2010-06-29,0.25,ecb_rate
2010-06-30,0.25,ecb_rate
2010-07-01,0.25,ecb_rate
2010-07-02,0.25,ecb_rate
2010-07-03,0.25,ecb_rate
2010-07-04,0.25,ecb_rate
2010-07-05,0.25,ecb_rate
2010-07-06,0.25,ecb_rate
2010-07-07,0.25,ecb_rate
2010-07-08,0.25,ecb_rate
2010-07-09,0.25,ecb_rate
2010-07-10,0.25,ecb_rate
2010-07-11,0.25,ecb_rate
2010-07-12,0.25,ecb_rate
2010-07-13,0.25,ecb_rate
2010-07-14,0.25,ecb_rate
2010-07-15,0.25,ecb_rate
2010-07-16,0.25,ecb_rate
2010-07-17,0.25,ecb_rate
2010-07-18,0.25,ecb_rate
2010-07-19,0.25,ecb_rate
2010-07-20,0.25,ecb_rate
2010-07-21,0.25,ecb_rate
2010-07-22,0.25,ecb_rate
2010-07-23,0.25,ecb_rate
2010-07-24,0.25,ecb_rate
2010-07-25,0.25,ecb_rate
2010-07-26,0.25,ecb_rate
2010-07-27,0.25,ecb_rate
2010-07-28,0.25,ecb_rate
2010-07-29,0.25,ecb_rate
2010-07-30,0.25,ecb_rate
2010-07-31,0.25,ecb_rate
2010-08-01,0.25,ecb_rate
2010-08-02,0.25,ecb_rate
2010-08-03,0.25,ecb_rate
2010-08-04,0.25,ecb_rate
2010-08-05,0.25,ecb_rate
2010-08-06,0.25,ecb_rate
2010-08-07,0.25,ecb_rate
2010-08-08,0.25,ecb_rate
2010-08-09,0.25,ecb_rate
2010-08-10,0.25,ecb_rate
2010-08-11,0.25,ecb_rate
2010-08-12,0.25,ecb_rate
2010-08-13,0.25,ecb_rate
2010-08-14,0.25,ecb_rate
2010-08-15,0.25,ecb_rate
2010-08-16,0.25,ecb_rate
2010-08-17,0.25,ecb_rate
2010-08-18,0.25,ecb_rate
2010-08-19,0.25,ecb_rate
2010-08-20,0.25,ecb_rate
2010-08-21,0.25,ecb_rate
2010-08-22,0.25,ecb_rate
2010-08-23,0.25,ecb_rate
2010-08-24,0.25,ecb_rate
2010-08-25,0.25,ecb_rate
2010-08-26,0.25,ecb_rate
2010-08-27,0.25,ecb_rate
2010-08-28,0.25,ecb_rate
2010-08-29,0.25,ecb_rate
2010-08-30,0.25,ecb_rate
2010-08-31,0.25,ecb_rate
2010-09-01,0.25,ecb_rate
2010-09-02,0.25,ecb_rate
2010-09-03,0.25,ecb_rate
2010-09-04,0.25,ecb_rate
2010-09-05,0.25,ecb_rate
2010-09-06,0.25,ecb_rate
2010-09-07,0.25,ecb_rate
2010-09-08,0.25,ecb_rate
2010-09-09,0.25,ecb_rate
2010-09-10,0.25,ecb_rate
2010-09-11,0.25,ecb_rate
2010-09-12,0.25,ecb_rate
2010-09-13,0.25,ecb_rate
2010-09-14,0.25,ecb_rate
2010-09-15,0.25,ecb_rate
2010-09-16,0.25,ecb_rate
2010-09-17,0.25,ecb_rate
2010-09-18,0.25,ecb_rate
2010-09-19,0.25,ecb_rate
2010-09-20,0.25,ecb_rate
2010-09-21,0.25,ecb_rate
2010-09-22,0.25,ecb_rate
2010-09-23,0.25,ecb_rate
2010-09-24,0.25,ecb_rate
2010-09-25,0.25,ecb_rate
2010-09-26,0.25,ecb_rate
2010-09-27,0.25,ecb_rate
2010-09-28,0.25,ecb_rate
2010-09-29,0.25,ecb_rate
2010-09-30,0.25,ecb_rate
2010-10-01,0.25,ecb_rate
2010-10-02,0.25,ecb_rate
2010-10-03,0.25,ecb_rate
2010-10-04,0.25,ecb_rate
2010-10-05,0.25,ecb_rate
2010-10-06,0.25,ecb_rate
2010-10-07,0.25,ecb_rate
2010-10-08,0.25,ecb_rate
2010-10-09,0.25,ecb_rate
2010-10-10,0.25,ecb_rate
2010-10-11,0.25,ecb_rate
2010-10-12,0.25,ecb_rate
2010-10-13,0.25,ecb_rate
2010-10-14,0.25,ecb_rate
2010-10-15,0.25,ecb_rate
2010-10-16,0.25,ecb_rate
2010-10-17,0.25,ecb_rate
2010-10-18,0.25,ecb_rate
2010-10-19,0.25,ecb_rate
2010-10-20,0.25,ecb_rate
2010-10-21,0.25,ecb_rate
2010-10-22,0.25,ecb_rate
2010-10-23,0.25,ecb_rate
2010-10-24,0.25,ecb_rate
2010-10-25,0.25,ecb_rate
2010-10-26,0.25,ecb_rate
2010-10-27,0.25,ecb_rate
2010-10-28,0.25,ecb_rate
2010-10-29,0.25,ecb_rate
2010-10-30,0.25,ecb_rate
2010-10-31,0.25,ecb_rate
2010-11-01,0.25,ecb_rate
2010-11-02,0.25,ecb_rate
2010-11-03,0.25,ecb_rate
2010-11-04,0.25,ecb_rate
2010-11-05,0.25,ecb_rate
2010-11-06,0.25,ecb_rate
2010-11-07,0.25,ecb_rate
2010-11-08,0.25,ecb_rate
2010-11-09,0.25,ecb_rate
2010-11-10,0.25,ecb_rate
2010-11-11,0.25,ecb_rate
2010-11-12,0.25,ecb_rate
2010-11-13,0.25,ecb_rate
2010-11-14,0.25,ecb_rate
2010-11-15,0.25,ecb_rate
2010-11-16,0.25,ecb_rate
2010-11-17,0.25,ecb_rate
2010-11-18,0.25,ecb_rate
2010-11-19,0.25,ecb_rate
2010-11-20,0.25,ecb_rate
2010-11-21,0.25,ecb_rate
2010-11-22,0.25,ecb_rate
2010-11-23,0.25,ecb_rate
2010-11-24,0.25,ecb_rate
2010-11-25,0.25,ecb_rate
2010-11-26,0.25,ecb_rate
2010-11-27,0.25,ecb_rate
2010-11-28,0.25,ecb_rate
2010-11-29,0.25,ecb_rate
2010-11-30,0.25,ecb_rate
2010-12-01,0.25,ecb_rate
2010-12-02,0.25,ecb_rate
2010-12-03,0.25,ecb_rate
2010-12-04,0.25,ecb_rate
2010-12-05,0.25,ecb_rate
2010-12-06,0.25,ecb_rate
2010-12-07,0.25,ecb_rate
2010-12-08,0.25,ecb_rate
2010-12-09,0.25,ecb_rate
2010-12-10,0.25,ecb_rate
2010-12-11,0.25,ecb_rate
2010-12-12,0.25,ecb_rate
2010-12-13,0.25,ecb_rate
2010-12-14,0.25,ecb_rate
2010-12-15,0.25,ecb_rate
2010-12-16,0.25,ecb_rate
2010-12-17,0.25,ecb_rate
2010-12-18,0.25,ecb_rate
2010-12-19,0.25,ecb_rate
2010-12-20,0.25,ecb_rate
2010-12-21,0.25,ecb_rate
2010-12-22,0.25,ecb_rate
2010-12-23,0.25,ecb_rate
2010-12-24,0.25,ecb_rate
2010-12-25,0.25,ecb_rate
2010-12-26,0.25,ecb_rate
2010-12-27,0.25,ecb_rate
2010-12-28,0.25,ecb_rate
2010-12-29,0.25,ecb_rate
2010-12-30,0.25,ecb_rate
2010-12-31,0.25,ecb_rate
2011-01-01,0.25,ecb_rate
2011-01-02,0.25,ecb_rate
2011-01-03,0.25,ecb_rate
2011-01-04,0.25,ecb_rate
2011-01-05,0.25,ecb_rate
2011-01-06,0.25,ecb_rate
2011-01-07,0.25,ecb_rate
2011-01-08,0.25,ecb_rate
2011-01-09,0.25,ecb_rate
2011-01-10,0.25,ecb_rate
2011-01-11,0.25,ecb_rate
2011-01-12,0.25,ecb_rate
2011-01-13,0.25,ecb_rate
2011-01-14,0.25,ecb_rate
2011-01-15,0.25,ecb_rate
2011-01-16,0.25,ecb_rate
2011-01-17,0.25,ecb_rate
2011-01-18,0.25,ecb_rate
2011-01-19,0.25,ecb_rate
2011-01-20,0.25,ecb_rate
2011-01-21,0.25,ecb_rate
2011-01-22,0.25,ecb_rate
2011-01-23,0.25,ecb_rate
2011-01-24,0.25,ecb_rate
2011-01-25,0.25,ecb_rate
2011-01-26,0.25,ecb_rate
2011-01-27,0.25,ecb_rate
2011-01-28,0.25,ecb_rate
2011-01-29,0.25,ecb_rate
2011-01-30,0.25,ecb_rate
2011-01-31,0.25,ecb_rate
2011-02-01,0.25,ecb_rate
2011-02-02,0.25,ecb_rate
2011-02-03,0.25,ecb_rate
2011-02-04,0.25,ecb_rate
2011-02-05,0.25,ecb_rate
2011-02-06,0.25,ecb_rate
2011-02-07,0.25,ecb_rate
2011-02-08,0.25,ecb_rate
2011-02-09,0.25,ecb_rate
2011-02-10,0.25,ecb_rate
2011-02-11,0.25,ecb_rate
2011-02-12,0.25,ecb_rate
2011-02-13,0.25,ecb_rate
2011-02-14,0.25,ecb_rate
2011-02-15,0.25,ecb_rate
2011-02-16,0.25,ecb_rate
2011-02-17,0.25,ecb_rate
2011-02-18,0.25,ecb_rate
2011-02-19,0.25,ecb_rate
2011-02-20,0.25,ecb_rate
2011-02-21,0.25,ecb_rate
2011-02-22,0.25,ecb_rate
2011-02-23,0.25,ecb_rate
2011-02-24,0.25,ecb_rate
2011-02-25,0.25,ecb_rate
2011-02-26,0.25,ecb_rate
2011-02-27,0.25,ecb_rate
2011-02-28,0.25,ecb_rate
2011-03-01,0.25,ecb_rate
2011-03-02,0.25,ecb_rate
2011-03-03,0.25,ecb_rate
2011-03-04,0.25,ecb_rate
2011-03-05,0.25,ecb_rate
2011-03-06,0.25,ecb_rate
2011-03-07,0.25,ecb_rate
2011-03-08,0.25,ecb_rate
2011-03-09,0.25,ecb_rate
2011-03-10,0.25,ecb_rate
2011-03-11,0.25,ecb_rate
2011-03-12,0.25,ecb_rate
2011-03-13,0.25,ecb_rate
2011-03-14,0.25,ecb_rate
2011-03-15,0.25,ecb_rate
2011-03-16,0.25,ecb_rate
2011-03-17,0.25,ecb_rate
2011-03-18,0.25,ecb_rate
2011-03-19,0.25,ecb_rate
2011-03-20,0.25,ecb_rate
2011-03-21,0.25,ecb_rate
2011-03-22,0.25,ecb_rate
2011-03-23,0.25,ecb_rate
2011-03-24,0.25,ecb_rate
2011-03-25,0.25,ecb_rate
2011-03-26,0.25,ecb_rate
2011-03-27,0.25,ecb_rate
2011-03-28,0.25,ecb_rate
2011-03-29,0.25,ecb_rate
2011-03-30,0.25,ecb_rate
2011-03-31,0.25,ecb_rate
2011-04-01,0.25,ecb_rate
2011-04-02,0.25,ecb_rate
2011-04-03,0.25,ecb_rate
2011-04-04,0.25,ecb_rate
2011-04-05,0.25,ecb_rate
2011-04-06,0.25,ecb_rate
2011-04-07,0.25,ecb_rate
2011-04-08,0.25,ecb_rate
2011-04-09,0.25,ecb_rate
2011-04-10,0.25,ecb_rate
2011-04-11,0.25,ecb_rate
2011-04-12,0.25,ecb_rate
2011-04-13,0.5,ecb_rate
2011-04-14,0.5,ecb_rate
2011-04-15,0.5,ecb_rate
2011-04-16,0.5,ecb_rate
2011-04-17,0.5,ecb_rate
2011-04-18,0.5,ecb_rate
2011-04-19,0.5,ecb_rate
2011-04-20,0.5,ecb_rate
2011-04-21,0.5,ecb_rate
2011-04-22,0.5,ecb_rate
2011-04-23,0.5,ecb_rate
2011-04-24,0.5,ecb_rate
2011-04-25,0.5,ecb_rate
2011-04-26,0.5,ecb_rate
2011-04-27,0.5,ecb_rate
2011-04-28,0.5,ecb_rate
2011-04-29,0.5,ecb_rate
2011-04-30,0.5,ecb_rate
2011-05-01,0.5,ecb_rate
2011-05-02,0.5,ecb_rate
2011-05-03,0.5,ecb_rate
2011-05-04,0.5,ecb_rate
2011-05-05,0.5,ecb_rate
2011-05-06,0.5,ecb_rate
2011-05-07,0.5,ecb_rate
2011-05-08,0.5,ecb_rate
2011-05-09,0.5,ecb_rate
2011-05-10,0.5,ecb_rate
2011-05-11,0.5,ecb_rate
2011-05-12,0.5,ecb_rate
2011-05-13,0.5,ecb_rate
2011-05-14,0.5,ecb_rate
2011-05-15,0.5,ecb_rate
2011-05-16,0.5,ecb_rate
2011-05-17,0.5,ecb_rate
2011-05-18,0.5,ecb_rate
2011-05-19,0.5,ecb_rate
2011-05-20,0.5,ecb_rate
2011-05-21,0.5,ecb_rate
2011-05-22,0.5,ecb_rate
2011-05-23,0.5,ecb_rate
2011-05-24,0.5,ecb_rate
2011-05-25,0.5,ecb_rate
2011-05-26,0.5,ecb_rate
2011-05-27,0.5,ecb_rate
2011-05-28,0.5,ecb_rate
2011-05-29,0.5,ecb_rate
2011-05-30,0.5,ecb_rate
2011-05-31,0.5,ecb_rate
2011-06-01,0.5,ecb_rate
2011-06-02,0.5,ecb_rate
2011-06-03,0.5,ecb_rate
2011-06-04,0.5,ecb_rate
2011-06-05,0.5,ecb_rate
2011-06-06,0.5,ecb_rate
2011-06-07,0.5,ecb_rate
2011-06-08,0.5,ecb_rate
2011-06-09,0.5,ecb_rate
2011-06-10,0.5,ecb_rate
2011-06-11,0.5,ecb_rate
2011-06-12,0.5,ecb_rate
2011-06-13,0.5,ecb_rate
2011-06-14,0.5,ecb_rate
2011-06-15,0.5,ecb_rate
2011-06-16,0.5,ecb_rate
2011-06-17,0.5,ecb_rate
2011-06-18,0.5,ecb_rate
2011-06-19,0.5,ecb_rate
2011-06-20,0.5,ecb_rate
2011-06-21,0.5,ecb_rate
2011-06-22,0.5,ecb_rate
2011-06-23,0.5,ecb_rate
2011-06-24,0.5,ecb_rate
2011-06-25,0.5,ecb_rate
2011-06-26,0.5,ecb_rate
2011-06-27,0.5,ecb_rate
2011-06-28,0.5,ecb_rate
2011-06-29,0.5,ecb_rate
2011-06-30,0.5,ecb_rate
2011-07-01,0.5,ecb_rate
2011-07-02,0.5,ecb_rate
2011-07-03,0.5,ecb_rate
2011-07-04,0.5,ecb_rate
2011-07-05,0.5,ecb_rate
2011-07-06,0.5,ecb_rate
2011-07-07,0.5,ecb_rate
2011-07-08,0.5,ecb_rate
2011-07-09,0.5,ecb_rate
2011-07-10,0.5,ecb_rate
2011-07-11,0.5,ecb_rate
2011-07-12,0.5,ecb_rate
2011-07-13,0.75,ecb_rate
2011-07-14,0.75,ecb_rate
2011-07-15,0.75,ecb_rate
2011-07-16,0.75,ecb_rate
2011-07-17,0.75,ecb_rate
2011-07-18,0.75,ecb_rate
2011-07-19,0.75,ecb_rate
2011-07-20,0.75,ecb_rate
2011-07-21,0.75,ecb_rate
2011-07-22,0.75,ecb_rate
2011-07-23,0.75,ecb_rate
2011-07-24,0.75,ecb_rate
2011-07-25,0.75,ecb_rate
2011-07-26,0.75,ecb_rate
2011-07-27,0.75,ecb_rate
2011-07-28,0.75,ecb_rate
2011-07-29,0.75,ecb_rate
2011-07-30,0.75,ecb_rate
2011-07-31,0.75,ecb_rate
2011-08-01,0.75,ecb_rate
2011-08-02,0.75,ecb_rate
2011-08-03,0.75,ecb_rate
2011-08-04,0.75,ecb_rate
2011-08-05,0.75,ecb_rate
2011-08-06,0.75,ecb_rate
2011-08-07,0.75,ecb_rate
2011-08-08,0.75,ecb_rate
2011-08-09,0.75,ecb_rate
2011-08-10,0.75,ecb_rate
2011-08-11,0.75,ecb_rate
2011-08-12,0.75,ecb_rate
2011-08-13,0.75,ecb_rate
2011-08-14,0.75,ecb_rate
2011-08-15,0.75,ecb_rate
2011-08-16,0.75,ecb_rate
2011-08-17,0.75,ecb_rate
2011-08-18,0.75,ecb_rate
2011-08-19,0.75,ecb_rate
2011-08-20,0.75,ecb_rate
2011-08-21,0.75,ecb_rate
2011-08-22,0.75,ecb_rate
2011-08-23,0.75,ecb_rate
2011-08-24,0.75,ecb_rate
2011-08-25,0.75,ecb_rate
2011-08-26,0.75,ecb_rate
2011-08-27,0.75,ecb_rate
2011-08-28,0.75,ecb_rate
2011-08-29,0.75,ecb_rate
2011-08-30,0.75,ecb_rate
2011-08-31,0.75,ecb_rate
2011-09-01,0.75,ecb_rate
2011-09-02,0.75,ecb_rate
2011-09-03,0.75,ecb_rate
2011-09-04,0.75,ecb_rate
2011-09-05,0.75,ecb_rate
2011-09-06,0.75,ecb_rate
2011-09-07,0.75,ecb_rate
2011-09-08,0.75,ecb_rate
2011-09-09,0.75,ecb_rate
2011-09-10,0.75,ecb_rate
2011-09-11,0.75,ecb_rate
2011-09-12,0.75,ecb_rate
2011-09-13,0.75,ecb_rate
2011-09-14,0.75,ecb_rate
2011-09-15,0.75,ecb_rate
2011-09-16,0.75,ecb_rate
2011-09-17,0.75,ecb_rate
2011-09-18,0.75,ecb_rate
2011-09-19,0.75,ecb_rate
2011-09-20,0.75,ecb_rate
2011-09-21,0.75,ecb_rate
2011-09-22,0.75,ecb_rate
2011-09-23,0.75,ecb_rate
2011-09-24,0.75,ecb_rate
2011-09-25,0.75,ecb_rate
2011-09-26,0.75,ecb_rate
2011-09-27,0.75,ecb_rate
2011-09-28,0.75,ecb_rate
2011-09-29,0.75,ecb_rate
2011-09-30,0.75,ecb_rate
2011-10-01,0.75,ecb_rate
2011-10-02,0.75,ecb_rate
2011-10-03,0.75,ecb_rate
2011-10-04,0.75,ecb_rate
2011-10-05,0.75,ecb_rate
2011-10-06,0.75,ecb_rate
2011-10-07,0.75,ecb_rate
2011-10-08,0.75,ecb_rate
2011-10-09,0.75,ecb_rate
2011-10-10,0.75,ecb_rate
2011-10-11,0.75,ecb_rate
2011-10-12,0.75,ecb_rate
2011-10-13,0.75,ecb_rate
2011-10-14,0.75,ecb_rate
2011-10-15,0.75,ecb_rate
2011-10-16,0.75,ecb_rate
2011-10-17,0.75,ecb_rate
2011-10-18,0.75,ecb_rate
2011-10-19,0.75,ecb_rate
2011-10-20,0.75,ecb_rate
2011-10-21,0.75,ecb_rate
2011-10-22,0.75,ecb_rate
2011-10-23,0.75,ecb_rate
2011-10-24,0.75,ecb_rate
2011-10-25,0.75,ecb_rate
2011-10-26,0.75,ecb_rate
2011-10-27,0.75,ecb_rate
2011-10-28,0.75,ecb_rate
2011-10-29,0.75,ecb_rate
2011-10-30,0.75,ecb_rate
2011-10-31,0.75,ecb_rate
2011-11-01,0.75,ecb_rate
2011-11-02,0.75,ecb_rate
2011-11-03,0.75,ecb_rate
2011-11-04,0.75,ecb_rate
2011-11-05,0.75,ecb_rate
2011-11-06,0.75,ecb_rate
2011-11-07,0.75,ecb_rate
2011-11-08,0.75,ecb_rate
2011-11-09,0.5,ecb_rate
2011-11-10,0.5,ecb_rate
2011-11-11,0.5,ecb_rate
2011-11-12,0.5,ecb_rate
2011-11-13,0.5,ecb_rate
2011-11-14,0.5,ecb_rate
2011-11-15,0.5,ecb_rate
2011-11-16,0.5,ecb_rate
2011-11-17,0.5,ecb_rate
2011-11-18,0.5,ecb_rate
2011-11-19,0.5,ecb_rate
2011-11-20,0.5,ecb_rate
2011-11-21,0.5,ecb_rate
2011-11-22,0.5,ecb_rate
2011-11-23,0.5,ecb_rate
2011-11-24,0.5,ecb_rate
2011-11-25,0.5,ecb_rate
2011-11-26,0.5,ecb_rate
2011-11-27,0.5,ecb_rate
2011-11-28,0.5,ecb_rate
2011-11-29,0.5,ecb_rate
2011-11-30,0.5,ecb_rate
2011-12-01,0.5,ecb_rate
2011-12-02,0.5,ecb_rate
2011-12-03,0.5,ecb_rate
2011-12-04,0.5,ecb_rate
2011-12-05,0.5,ecb_rate
2011-12-06,0.5,ecb_rate
2011-12-07,0.5,ecb_rate
2011-12-08,0.5,ecb_rate
2011-12-09,0.5,ecb_rate
2011-12-10,0.5,ecb_rate
2011-12-11,0.5,ecb_rate
2011-12-12,0.5,ecb_rate
2011-12-13,0.5,ecb_rate
2011-12-14,0.25,ecb_rate
2011-12-15,0.25,ecb_rate
2011-12-16,0.25,ecb_rate
2011-12-17,0.25,ecb_rate
2011-12-18,0.25,ecb_rate
2011-12-19,0.25,ecb_rate
2011-12-20,0.25,ecb_rate
2011-12-21,0.25,ecb_rate
2011-12-22,0.25,ecb_rate
2011-12-23,0.25,ecb_rate
2011-12-24,0.25,ecb_rate
2011-12-25,0.25,ecb_rate
2011-12-26,0.25,ecb_rate
2011-12-27,0.25,ecb_rate
2011-12-28,0.25,ecb_rate
2011-12-29,0.25,ecb_rate
2011-12-30,0.25,ecb_rate
2011-12-31,0.25,ecb_rate
2012-01-01,0.25,ecb_rate
2012-01-02,0.25,ecb_rate
2012-01-03,0.25,ecb_rate
2012-01-04,0.25,ecb_rate
2012-01-05,0.25,ecb_rate
2012-01-06,0.25,ecb_rate
2012-01-07,0.25,ecb_rate
2012-01-08,0.25,ecb_rate
2012-01-09,0.25,ecb_rate
2012-01-10,0.25,ecb_rate
2012-01-11,0.25,ecb_rate
2012-01-12,0.25,ecb_rate
2012-01-13,0.25,ecb_rate
2012-01-14,0.25,ecb_rate
2012-01-15,0.25,ecb_rate
2012-01-16,0.25,ecb_rate
2012-01-17,0.25,ecb_rate
2012-01-18,0.25,ecb_rate
2012-01-19,0.25,ecb_rate
2012-01-20,0.25,ecb_rate
2012-01-21,0.25,ecb_rate
2012-01-22,0.25,ecb_rate
2012-01-23,0.25,ecb_rate
2012-01-24,0.25,ecb_rate
2012-01-25,0.25,ecb_rate
2012-01-26,0.25,ecb_rate
2012-01-27,0.25,ecb_rate
2012-01-28,0.25,ecb_rate
2012-01-29,0.25,ecb_rate
2012-01-30,0.25,ecb_rate
2012-01-31,0.25,ecb_rate
2012-02-01,0.25,ecb_rate
2012-02-02,0.25,ecb_rate
2012-02-03,0.25,ecb_rate
2012-02-04,0.25,ecb_rate
2012-02-05,0.25,ecb_rate
2012-02-06,0.25,ecb_rate
2012-02-07,0.25,ecb_rate
2012-02-08,0.25,ecb_rate
2012-02-09,0.25,ecb_rate
2012-02-10,0.25,ecb_rate
2012-02-11,0.25,ecb_rate
2012-02-12,0.25,ecb_rate
2012-02-13,0.25,ecb_rate
2012-02-14,0.25,ecb_rate
2012-02-15,0.25,ecb_rate
2012-02-16,0.25,ecb_rate
2012-02-17,0.25,ecb_rate
2012-02-18,0.25,ecb_rate
2012-02-19,0.25,ecb_rate
2012-02-20,0.25,ecb_rate
2012-02-21,0.25,ecb_rate
2012-02-22,0.25,ecb_rate
2012-02-23,0.25,ecb_rate
2012-02-24,0.25,ecb_rate
2012-02-25,0.25,ecb_rate
2012-02-26,0.25,ecb_rate
2012-02-27,0.25,ecb_rate
2012-02-28,0.25,ecb_rate
2012-02-29,0.25,ecb_rate
2012-03-01,0.25,ecb_rate
2012-03-02,0.25,ecb_rate
2012-03-03,0.25,ecb_rate
2012-03-04,0.25,ecb_rate
2012-03-05,0.25,ecb_rate
2012-03-06,0.25,ecb_rate
2012-03-07,0.25,ecb_rate
2012-03-08,0.25,ecb_rate
2012-03-09,0.25,ecb_rate
2012-03-10,0.25,ecb_rate
2012-03-11,0.25,ecb_rate
2012-03-12,0.25,ecb_rate
2012-03-13,0.25,ecb_rate
2012-03-14,0.25,ecb_rate
2012-03-15,0.25,ecb_rate
2012-03-16,0.25,ecb_rate
2012-03-17,0.25,ecb_rate
2012-03-18,0.25,ecb_rate
2012-03-19,0.25,ecb_rate
2012-03-20,0.25,ecb_rate
2012-03-21,0.25,ecb_rate
2012-03-22,0.25,ecb_rate
2012-03-23,0.25,ecb_rate
2012-03-24,0.25,ecb_rate
2012-03-25,0.25,ecb_rate
2012-03-26,0.25,ecb_rate
2012-03-27,0.25,ecb_rate
2012-03-28,0.25,ecb_rate
2012-03-29,0.25,ecb_rate
2012-03-30,0.25,ecb_rate
2012-03-31,0.25,ecb_rate
2012-04-01,0.25,ecb_rate
2012-04-02,0.25,ecb_rate
2012-04-03,0.25,ecb_rate
2012-04-04,0.25,ecb_rate
2012-04-05,0.25,ecb_rate
2012-04-06,0.25,ecb_rate
2012-04-07,0.25,ecb_rate
2012-04-08,0.25,ecb_rate
2012-04-09,0.25,ecb_rate
2012-04-10,0.25,ecb_rate
2012-04-11,0.25,ecb_rate
2012-04-12,0.25,ecb_rate
2012-04-13,0.25,ecb_rate
2012-04-14,0.25,ecb_rate
2012-04-15,0.25,ecb_rate
2012-04-16,0.25,ecb_rate
2012-04-17,0.25,ecb_rate
2012-04-18,0.25,ecb_rate
2012-04-19,0.25,ecb_rate
2012-04-20,0.25,ecb_rate
2012-04-21,0.25,ecb_rate
2012-04-22,0.25,ecb_rate
2012-04-23,0.25,ecb_rate
2012-04-24,0.25,ecb_rate
2012-04-25,0.25,ecb_rate
2012-04-26,0.25,ecb_rate
2012-04-27,0.25,ecb_rate
2012-04-28,0.25,ecb_rate
2012-04-29,0.25,ecb_rate
2012-04-30,0.25,ecb_rate
2012-05-01,0.25,ecb_rate
2012-05-02,0.25,ecb_rate
2012-05-03,0.25,ecb_rate
2012-05-04,0.25,ecb_rate
2012-05-05,0.25,ecb_rate
2012-05-06,0.25,ecb_rate
2012-05-07,0.25,ecb_rate
2012-05-08,0.25,ecb_rate
2012-05-09,0.25,ecb_rate
2012-05-10,0.25,ecb_rate
2012-05-11,0.25,ecb_rate
2012-05-12,0.25,ecb_rate
2012-05-13,0.25,ecb_rate
2012-05-14,0.25,ecb_rate
2012-05-15,0.25,ecb_rate
2012-05-16,0.25,ecb_rate
2012-05-17,0.25,ecb_rate
2012-05-18,0.25,ecb_rate
2012-05-19,0.25,ecb_rate
2012-05-20,0.25,ecb_rate
2012-05-21,0.25,ecb_rate
2012-05-22,0.25,ecb_rate
2012-05-23,0.25,ecb_rate
2012-05-24,0.25,ecb_rate
2012-05-25,0.25,ecb_rate
2012-05-26,0.25,ecb_rate
2012-05-27,0.25,ecb_rate
2012-05-28,0.25,ecb_rate
2012-05-29,0.25,ecb_rate
2012-05-30,0.25,ecb_rate
2012-05-31,0.25,ecb_rate
2012-06-01,0.25,ecb_rate
2012-06-02,0.25,ecb_rate
2012-06-03,0.25,ecb_rate
2012-06-04,0.25,ecb_rate
2012-06-05,0.25,ecb_rate
2012-06-06,0.25,ecb_rate
2012-06-07,0.25,ecb_rate
2012-06-08,0.25,ecb_rate
2012-06-09,0.25,ecb_rate
2012-06-10,0.25,ecb_rate
2012-06-11,0.25,ecb_rate
2012-06-12,0.25,ecb_rate
2012-06-13,0.25,ecb_rate
2012-06-14,0.25,ecb_rate
2012-06-15,0.25,ecb_rate
2012-06-16,0.25,ecb_rate
2012-06-17,0.25,ecb_rate
2012-06-18,0.25,ecb_rate
2012-06-19,0.25,ecb_rate
2012-06-20,0.25,ecb_rate
2012-06-21,0.25,ecb_rate
2012-06-22,0.25,ecb_rate
2012-06-23,0.25,ecb_rate
2012-06-24,0.25,ecb_rate
2012-06-25,0.25,ecb_rate
2012-06-26,0.25,ecb_rate
2012-06-27,0.25,ecb_rate
2012-06-28,0.25,ecb_rate
2012-06-29,0.25,ecb_rate
2012-06-30,0.25,ecb_rate
2012-07-01,0.25,ecb_rate
2012-07-02,0.25,ecb_rate
2012-07-03,0.25,ecb_rate
2012-07-04,0.25,ecb_rate
2012-07-05,0.25,ecb_rate
2012-07-06,0.25,ecb_rate
2012-07-07,0.25,ecb_rate
2012-07-08,0.25,ecb_rate
2012-07-09,0.25,ecb_rate
2012-07-10,0.25,ecb_rate
2012-07-11,0.0,ecb_rate
2012-07-12,0.0,ecb_rate
2012-07-13,0.0,ecb_rate
2012-07-14,0.0,ecb_rate
2012-07-15,0.0,ecb_rate
2012-07-16,0.0,ecb_rate
2012-07-17,0.0,ecb_rate
2012-07-18,0.0,ecb_rate
2012-07-19,0.0,ecb_rate
2012-07-20,0.0,ecb_rate
2012-07-21,0.0,ecb_rate
2012-07-22,0.0,ecb_rate
2012-07-23,0.0,ecb_rate
2012-07-24,0.0,ecb_rate
2012-07-25,0.0,ecb_rate
2012-07-26,0.0,ecb_rate
2012-07-27,0.0,ecb_rate
2012-07-28,0.0,ecb_rate
2012-07-29,0.0,ecb_rate
2012-07-30,0.0,ecb_rate
2012-07-31,0.0,ecb_rate
2012-08-01,0.0,ecb_rate
2012-08-02,0.0,ecb_rate
2012-08-03,0.0,ecb_rate
2012-08-04,0.0,ecb_rate
2012-08-05,0.0,ecb_rate
2012-08-06,0.0,ecb_rate
2012-08-07,0.0,ecb_rate
2012-08-08,0.0,ecb_rate
2012-08-09,0.0,ecb_rate
2012-08-10,0.0,ecb_rate
2012-08-11,0.0,ecb_rate
2012-08-12,0.0,ecb_rate
2012-08-13,0.0,ecb_rate
2012-08-14,0.0,ecb_rate
2012-08-15,0.0,ecb_rate
2012-08-16,0.0,ecb_rate
2012-08-17,0.0,ecb_rate
2012-08-18,0.0,ecb_rate
2012-08-19,0.0,ecb_rate
2012-08-20,0.0,ecb_rate
2012-08-21,0.0,ecb_rate
2012-08-22,0.0,ecb_rate
2012-08-23,0.0,ecb_rate
2012-08-24,0.0,ecb_rate
2012-08-25,0.0,ecb_rate
2012-08-26,0.0,ecb_rate
2012-08-27,0.0,ecb_rate
2012-08-28,0.0,ecb_rate
2012-08-29,0.0,ecb_rate
2012-08-30,0.0,ecb_rate
2012-08-31,0.0,ecb_rate
2012-09-01,0.0,ecb_rate
2012-09-02,0.0,ecb_rate
2012-09-03,0.0,ecb_rate
2012-09-04,0.0,ecb_rate
2012-09-05,0.0,ecb_rate
2012-09-06,0.0,ecb_rate
2012-09-07,0.0,ecb_rate
2012-09-08,0.0,ecb_rate
2012-09-09,0.0,ecb_rate
2012-09-10,0.0,ecb_rate
2012-09-11,0.0,ecb_rate
2012-09-12,0.0,ecb_rate
2012-09-13,0.0,ecb_rate
2012-09-14,0.0,ecb_rate
2012-09-15,0.0,ecb_rate
2012-09-16,0.0,ecb_rate
2012-09-17,0.0,ecb_rate
2012-09-18,0.0,ecb_rate
2012-09-19,0.0,ecb_rate
2012-09-20,0.0,ecb_rate
2012-09-21,0.0,ecb_rate
2012-09-22,0.0,ecb_rate
2012-09-23,0.0,ecb_rate
2012-09-24,0.0,ecb_rate
2012-09-25,0.0,ecb_rate
2012-09-26,0.0,ecb_rate
2012-09-27,0.0,ecb_rate
2012-09-28,0.0,ecb_rate
2012-09-29,0.0,ecb_rate
2012-09-30,0.0,ecb_rate
2012-10-01,0.0,ecb_rate
2012-10-02,0.0,ecb_rate
2012-10-03,0.0,ecb_rate
2012-10-04,0.0,ecb_rate
2012-10-05,0.0,ecb_rate
2012-10-06,0.0,ecb_rate
2012-10-07,0.0,ecb_rate
2012-10-08,0.0,ecb_rate
2012-10-09,0.0,ecb_rate
2012-10-10,0.0,ecb_rate
2012-10-11,0.0,ecb_rate
2012-10-12,0.0,ecb_rate
2012-10-13,0.0,ecb_rate
2012-10-14,0.0,ecb_rate
2012-10-15,0.0,ecb_rate
2012-10-16,0.0,ecb_rate
2012-10-17,0.0,ecb_rate
2012-10-18,0.0,ecb_rate
2012-10-19,0.0,ecb_rate
2012-10-20,0.0,ecb_rate
2012-10-21,0.0,ecb_rate
2012-10-22,0.0,ecb_rate
2012-10-23,0.0,ecb_rate
2012-10-24,0.0,ecb_rate
2012-10-25,0.0,ecb_rate
2012-10-26,0.0,ecb_rate
2012-10-27,0.0,ecb_rate
2012-10-28,0.0,ecb_rate
2012-10-29,0.0,ecb_rate
2012-10-30,0.0,ecb_rate
2012-10-31,0.0,ecb_rate
2012-11-01,0.0,ecb_rate
2012-11-02,0.0,ecb_rate
2012-11-03,0.0,ecb_rate
2012-11-04,0.0,ecb_rate
2012-11-05,0.0,ecb_rate
2012-11-06,0.0,ecb_rate
2012-11-07,0.0,ecb_rate
2012-11-08,0.0,ecb_rate
2012-11-09,0.0,ecb_rate
2012-11-10,0.0,ecb_rate
2012-11-11,0.0,ecb_rate
2012-11-12,0.0,ecb_rate
2012-11-13,0.0,ecb_rate
2012-11-14,0.0,ecb_rate
2012-11-15,0.0,ecb_rate
2012-11-16,0.0,ecb_rate
2012-11-17,0.0,ecb_rate
2012-11-18,0.0,ecb_rate
2012-11-19,0.0,ecb_rate
2012-11-20,0.0,ecb_rate
2012-11-21,0.0,ecb_rate
2012-11-22,0.0,ecb_rate
2012-11-23,0.0,ecb_rate
2012-11-24,0.0,ecb_rate
2012-11-25,0.0,ecb_rate
2012-11-26,0.0,ecb_rate
2012-11-27,0.0,ecb_rate
2012-11-28,0.0,ecb_rate
2012-11-29,0.0,ecb_rate
2012-11-30,0.0,ecb_rate
2012-12-01,0.0,ecb_rate
2012-12-02,0.0,ecb_rate
2012-12-03,0.0,ecb_rate
2012-12-04,0.0,ecb_rate
2012-12-05,0.0,ecb_rate
2012-12-06,0.0,ecb_rate
2012-12-07,0.0,ecb_rate
2012-12-08,0.0,ecb_rate
2012-12-09,0.0,ecb_rate
2012-12-10,0.0,ecb_rate
2012-12-11,0.0,ecb_rate
2012-12-12,0.0,ecb_rate
2012-12-13,0.0,ecb_rate
2012-12-14,0.0,ecb_rate
2012-12-15,0.0,ecb_rate
2012-12-16,0.0,ecb_rate
2012-12-17,0.0,ecb_rate
2012-12-18,0.0,ecb_rate
2012-12-19,0.0,ecb_rate
2012-12-20,0.0,ecb_rate
2012-12-21,0.0,ecb_rate
2012-12-22,0.0,ecb_rate
2012-12-23,0.0,ecb_rate
2012-12-24,0.0,ecb_rate
2012-12-25,0.0,ecb_rate
2012-12-26,0.0,ecb_rate
2012-12-27,0.0,ecb_rate
2012-12-28,0.0,ecb_rate
2012-12-29,0.0,ecb_rate
2012-12-30,0.0,ecb_rate
2012-12-31,0.0,ecb_rate
2013-01-01,0.0,ecb_rate
2013-01-02,0.0,ecb_rate
2013-01-03,0.0,ecb_rate
2013-01-04,0.0,ecb_rate
2013-01-05,0.0,ecb_rate
2013-01-06,0.0,ecb_rate
2013-01-07,0.0,ecb_rate
2013-01-08,0.0,ecb_rate
2013-01-09,0.0,ecb_rate
2013-01-10,0.0,ecb_rate
2013-01-11,0.0,ecb_rate
2013-01-12,0.0,ecb_rate
2013-01-13,0.0,ecb_rate
2013-01-14,0.0,ecb_rate
2013-01-15,0.0,ecb_rate
2013-01-16,0.0,ecb_rate
2013-01-17,0.0,ecb_rate
2013-01-18,0.0,ecb_rate
2013-01-19,0.0,ecb_rate
2013-01-20,0.0,ecb_rate
2013-01-21,0.0,ecb_rate
2013-01-22,0.0,ecb_rate
2013-01-23,0.0,ecb_rate
2013-01-24,0.0,ecb_rate
2013-01-25,0.0,ecb_rate
2013-01-26,0.0,ecb_rate
2013-01-27,0.0,ecb_rate
2013-01-28,0.0,ecb_rate
2013-01-29,0.0,ecb_rate
2013-01-30,0.0,ecb_rate
2013-01-31,0.0,ecb_rate
2013-02-01,0.0,ecb_rate
2013-02-02,0.0,ecb_rate
2013-02-03,0.0,ecb_rate
2013-02-04,0.0,ecb_rate
2013-02-05,0.0,ecb_rate
2013-02-06,0.0,ecb_rate
2013-02-07,0.0,ecb_rate
2013-02-08,0.0,ecb_rate
2013-02-09,0.0,ecb_rate
2013-02-10,0.0,ecb_rate
2013-02-11,0.0,ecb_rate
2013-02-12,0.0,ecb_rate
2013-02-13,0.0,ecb_rate
2013-02-14,0.0,ecb_rate
2013-02-15,0.0,ecb_rate
2013-02-16,0.0,ecb_rate
2013-02-17,0.0,ecb_rate
2013-02-18,0.0,ecb_rate
2013-02-19,0.0,ecb_rate
2013-02-20,0.0,ecb_rate
2013-02-21,0.0,ecb_rate
2013-02-22,0.0,ecb_rate
2013-02-23,0.0,ecb_rate
2013-02-24,0.0,ecb_rate
2013-02-25,0.0,ecb_rate
2013-02-26,0.0,ecb_rate
2013-02-27,0.0,ecb_rate
2013-02-28,0.0,ecb_rate
2013-03-01,0.0,ecb_rate
2013-03-02,0.0,ecb_rate
2013-03-03,0.0,ecb_rate
2013-03-04,0.0,ecb_rate
2013-03-05,0.0,ecb_rate
2013-03-06,0.0,ecb_rate
2013-03-07,0.0,ecb_rate
2013-03-08,0.0,ecb_rate
2013-03-09,0.0,ecb_rate
2013-03-10,0.0,ecb_rate
2013-03-11,0.0,ecb_rate
2013-03-12,0.0,ecb_rate
2013-03-13,0.0,ecb_rate
2013-03-14,0.0,ecb_rate
2013-03-15,0.0,ecb_rate
2013-03-16,0.0,ecb_rate
2013-03-17,0.0,ecb_rate
2013-03-18,0.0,ecb_rate
2013-03-19,0.0,ecb_rate
2013-03-20,0.0,ecb_rate
2013-03-21,0.0,ecb_rate
2013-03-22,0.0,ecb_rate
2013-03-23,0.0,ecb_rate
2013-03-24,0.0,ecb_rate
2013-03-25,0.0,ecb_rate
2013-03-26,0.0,ecb_rate
2013-03-27,0.0,ecb_rate
2013-03-28,0.0,ecb_rate
2013-03-29,0.0,ecb_rate
2013-03-30,0.0,ecb_rate
2013-03-31,0.0,ecb_rate
2013-04-01,0.0,ecb_rate
2013-04-02,0.0,ecb_rate
2013-04-03,0.0,ecb_rate
2013-04-04,0.0,ecb_rate
2013-04-05,0.0,ecb_rate
2013-04-06,0.0,ecb_rate
2013-04-07,0.0,ecb_rate
2013-04-08,0.0,ecb_rate
2013-04-09,0.0,ecb_rate
2013-04-10,0.0,ecb_rate
2013-04-11,0.0,ecb_rate
2013-04-12,0.0,ecb_rate
2013-04-13,0.0,ecb_rate
2013-04-14,0.0,ecb_rate
2013-04-15,0.0,ecb_rate
2013-04-16,0.0,ecb_rate
2013-04-17,0.0,ecb_rate
2013-04-18,0.0,ecb_rate
2013-04-19,0.0,ecb_rate
2013-04-20,0.0,ecb_rate
2013-04-21,0.0,ecb_rate
2013-04-22,0.0,ecb_rate
2013-04-23,0.0,ecb_rate
2013-04-24,0.0,ecb_rate
2013-04-25,0.0,ecb_rate
2013-04-26,0.0,ecb_rate
2013-04-27,0.0,ecb_rate
2013-04-28,0.0,ecb_rate
2013-04-29,0.0,ecb_rate
2013-04-30,0.0,ecb_rate
2013-05-01,0.0,ecb_rate
2013-05-02,0.0,ecb_rate
2013-05-03,0.0,ecb_rate
2013-05-04,0.0,ecb_rate
2013-05-05,0.0,ecb_rate
2013-05-06,0.0,ecb_rate
2013-05-07,0.0,ecb_rate
2013-05-08,0.0,ecb_rate
2013-05-09,0.0,ecb_rate
2013-05-10,0.0,ecb_rate
2013-05-11,0.0,ecb_rate
2013-05-12,0.0,ecb_rate
2013-05-13,0.0,ecb_rate
2013-05-14,0.0,ecb_rate
2013-05-15,0.0,ecb_rate
2013-05-16,0.0,ecb_rate
2013-05-17,0.0,ecb_rate
2013-05-18,0.0,ecb_rate
2013-05-19,0.0,ecb_rate
2013-05-20,0.0,ecb_rate
2013-05-21,0.0,ecb_rate
2013-05-22,0.0,ecb_rate
2013-05-23,0.0,ecb_rate
2013-05-24,0.0,ecb_rate
2013-05-25,0.0,ecb_rate
2013-05-26,0.0,ecb_rate
2013-05-27,0.0,ecb_rate
2013-05-28,0.0,ecb_rate
2013-05-29,0.0,ecb_rate
2013-05-30,0.0,ecb_rate
2013-05-31,0.0,ecb_rate
2013-06-01,0.0,ecb_rate
2013-06-02,0.0,ecb_rate
2013-06-03,0.0,ecb_rate
2013-06-04,0.0,ecb_rate
2013-06-05,0.0,ecb_rate
2013-06-06,0.0,ecb_rate
2013-06-07,0.0,ecb_rate
2013-06-08,0.0,ecb_rate
2013-06-09,0.0,ecb_rate
2013-06-10,0.0,ecb_rate
2013-06-11,0.0,ecb_rate
2013-06-12,0.0,ecb_rate
2013-06-13,0.0,ecb_rate
2013-06-14,0.0,ecb_rate
2013-06-15,0.0,ecb_rate
2013-06-16,0.0,ecb_rate
2013-06-17,0.0,ecb_rate
2013-06-18,0.0,ecb_rate
2013-06-19,0.0,ecb_rate
2013-06-20,0.0,ecb_rate
2013-06-21,0.0,ecb_rate
2013-06-22,0.0,ecb_rate
2013-06-23,0.0,ecb_rate
2013-06-24,0.0,ecb_rate
2013-06-25,0.0,ecb_rate
2013-06-26,0.0,ecb_rate
2013-06-27,0.0,ecb_rate
2013-06-28,0.0,ecb_rate
2013-06-29,0.0,ecb_rate
2013-06-30,0.0,ecb_rate
2013-07-01,0.0,ecb_rate
2013-07-02,0.0,ecb_rate
2013-07-03,0.0,ecb_rate
2013-07-04,0.0,ecb_rate
2013-07-05,0.0,ecb_rate
2013-07-06,0.0,ecb_rate
2013-07-07,0.0,ecb_rate
2013-07-08,0.0,ecb_rate
2013-07-09,0.0,ecb_rate
2013-07-10,0.0,ecb_rate
2013-07-11,0.0,ecb_rate
2013-07-12,0.0,ecb_rate
2013-07-13,0.0,ecb_rate
2013-07-14,0.0,ecb_rate
2013-07-15,0.0,ecb_rate
2013-07-16,0.0,ecb_rate
2013-07-17,0.0,ecb_rate
2013-07-18,0.0,ecb_rate
2013-07-19,0.0,ecb_rate
2013-07-20,0.0,ecb_rate
2013-07-21,0.0,ecb_rate
2013-07-22,0.0,ecb_rate
2013-07-23,0.0,ecb_rate
2013-07-24,0.0,ecb_rate
2013-07-25,0.0,ecb_rate
2013-07-26,0.0,ecb_rate
2013-07-27,0.0,ecb_rate
2013-07-28,0.0,ecb_rate
2013-07-29,0.0,ecb_rate
2013-07-30,0.0,ecb_rate
2013-07-31,0.0,ecb_rate
2013-08-01,0.0,ecb_rate
2013-08-02,0.0,ecb_rate
2013-08-03,0.0,ecb_rate
2013-08-04,0.0,ecb_rate
2013-08-05,0.0,ecb_rate
2013-08-06,0.0,ecb_rate
2013-08-07,0.0,ecb_rate
2013-08-08,0.0,ecb_rate
2013-08-09,0.0,ecb_rate
2013-08-10,0.0,ecb_rate
2013-08-11,0.0,ecb_rate
2013-08-12,0.0,ecb_rate
2013-08-13,0.0,ecb_rate
2013-08-14,0.0,ecb_rate
2013-08-15,0.0,ecb_rate
2013-08-16,0.0,ecb_rate
2013-08-17,0.0,ecb_rate
2013-08-18,0.0,ecb_rate
2013-08-19,0.0,ecb_rate
2013-08-20,0.0,ecb_rate
2013-08-21,0.0,ecb_rate
2013-08-22,0.0,ecb_rate
2013-08-23,0.0,ecb_rate
2013-08-24,0.0,ecb_rate
2013-08-25,0.0,ecb_rate
2013-08-26,0.0,ecb_rate
2013-08-27,0.0,ecb_rate
2013-08-28,0.0,ecb_rate
2013-08-29,0.0,ecb_rate
2013-08-30,0.0,ecb_rate
2013-08-31,0.0,ecb_rate
2013-09-01,0.0,ecb_rate
2013-09-02,0.0,ecb_rate
2013-09-03,0.0,ecb_rate
2013-09-04,0.0,ecb_rate
2013-09-05,0.0,ecb_rate
2013-09-06,0.0,ecb_rate
2013-09-07,0.0,ecb_rate
2013-09-08,0.0,ecb_rate
2013-09-09,0.0,ecb_rate
2013-09-10,0.0,ecb_rate
2013-09-11,0.0,ecb_rate
2013-09-12,0.0,ecb_rate
2013-09-13,0.0,ecb_rate
2013-09-14,0.0,ecb_rate
2013-09-15,0.0,ecb_rate
2013-09-16,0.0,ecb_rate
2013-09-17,0.0,ecb_rate
2013-09-18,0.0,ecb_rate
2013-09-19,0.0,ecb_rate
2013-09-20,0.0,ecb_rate
2013-09-21,0.0,ecb_rate
2013-09-22,0.0,ecb_rate
2013-09-23,0.0,ecb_rate
2013-09-24,0.0,ecb_rate
2013-09-25,0.0,ecb_rate
2013-09-26,0.0,ecb_rate
2013-09-27,0.0,ecb_rate
2013-09-28,0.0,ecb_rate
2013-09-29,0.0,ecb_rate
2013-09-30,0.0,ecb_rate
2013-10-01,0.0,ecb_rate
2013-10-02,0.0,ecb_rate
2013-10-03,0.0,ecb_rate
2013-10-04,0.0,ecb_rate
2013-10-05,0.0,ecb_rate
2013-10-06,0.0,ecb_rate
2013-10-07,0.0,ecb_rate
2013-10-08,0.0,ecb_rate
2013-10-09,0.0,ecb_rate
2013-10-10,0.0,ecb_rate
2013-10-11,0.0,ecb_rate
2013-10-12,0.0,ecb_rate
2013-10-13,0.0,ecb_rate
2013-10-14,0.0,ecb_rate
2013-10-15,0.0,ecb_rate
2013-10-16,0.0,ecb_rate
2013-10-17,0.0,ecb_rate
2013-10-18,0.0,ecb_rate
2013-10-19,0.0,ecb_rate
2013-10-20,0.0,ecb_rate
2013-10-21,0.0,ecb_rate
2013-10-22,0.0,ecb_rate
2013-10-23,0.0,ecb_rate
2013-10-24,0.0,ecb_rate
2013-10-25,0.0,ecb_rate
2013-10-26,0.0,ecb_rate
2013-10-27,0.0,ecb_rate
2013-10-28,0.0,ecb_rate
2013-10-29,0.0,ecb_rate
2013-10-30,0.0,ecb_rate
2013-10-31,0.0,ecb_rate
2013-11-01,0.0,ecb_rate
2013-11-02,0.0,ecb_rate
2013-11-03,0.0,ecb_rate
2013-11-04,0.0,ecb_rate
2013-11-05,0.0,ecb_rate
2013-11-06,0.0,ecb_rate
2013-11-07,0.0,ecb_rate
2013-11-08,0.0,ecb_rate
2013-11-09,0.0,ecb_rate
2013-11-10,0.0,ecb_rate
2013-11-11,0.0,ecb_rate
2013-11-12,0.0,ecb_rate
2013-11-13,0.0,ecb_rate
2013-11-14,0.0,ecb_rate
2013-11-15,0.0,ecb_rate
2013-11-16,0.0,ecb_rate
2013-11-17,0.0,ecb_rate
2013-11-18,0.0,ecb_rate
2013-11-19,0.0,ecb_rate
2013-11-20,0.0,ecb_rate
2013-11-21,0.0,ecb_rate
2013-11-22,0.0,ecb_rate
2013-11-23,0.0,ecb_rate
2013-11-24,0.0,ecb_rate
2013-11-25,0.0,ecb_rate
2013-11-26,0.0,ecb_rate
2013-11-27,0.0,ecb_rate
2013-11-28,0.0,ecb_rate
2013-11-29,0.0,ecb_rate
2013-11-30,0.0,ecb_rate
2013-12-01,0.0,ecb_rate
2013-12-02,0.0,ecb_rate
2013-12-03,0.0,ecb_rate
2013-12-04,0.0,ecb_rate
2013-12-05,0.0,ecb_rate
2013-12-06,0.0,ecb_rate
2013-12-07,0.0,ecb_rate
2013-12-08,0.0,ecb_rate
2013-12-09,0.0,ecb_rate
2013-12-10,0.0,ecb_rate
2013-12-11,0.0,ecb_rate
2013-12-12,0.0,ecb_rate
2013-12-13,0.0,ecb_rate
2013-12-14,0.0,ecb_rate
2013-12-15,0.0,ecb_rate
2013-12-16,0.0,ecb_rate
2013-12-17,0.0,ecb_rate
2013-12-18,0.0,ecb_rate
2013-12-19,0.0,ecb_rate
2013-12-20,0.0,ecb_rate
2013-12-21,0.0,ecb_rate
2013-12-22,0.0,ecb_rate
2013-12-23,0.0,ecb_rate
2013-12-24,0.0,ecb_rate
2013-12-25,0.0,ecb_rate
2013-12-26,0.0,ecb_rate
2013-12-27,0.0,ecb_rate
2013-12-28,0.0,ecb_rate
2013-12-29,0.0,ecb_rate
2013-12-30,0.0,ecb_rate
2013-12-31,0.0,ecb_rate
2014-01-01,0.0,ecb_rate
2014-01-02,0.0,ecb_rate
2014-01-03,0.0,ecb_rate
2014-01-04,0.0,ecb_rate
2014-01-05,0.0,ecb_rate
2014-01-06,0.0,ecb_rate
2014-01-07,0.0,ecb_rate
2014-01-08,0.0,ecb_rate
2014-01-09,0.0,ecb_rate
2014-01-10,0.0,ecb_rate
2014-01-11,0.0,ecb_rate
2014-01-12,0.0,ecb_rate
2014-01-13,0.0,ecb_rate
2014-01-14,0.0,ecb_rate
2014-01-15,0.0,ecb_rate
2014-01-16,0.0,ecb_rate
2014-01-17,0.0,ecb_rate
2014-01-18,0.0,ecb_rate
2014-01-19,0.0,ecb_rate
2014-01-20,0.0,ecb_rate
2014-01-21,0.0,ecb_rate
2014-01-22,0.0,ecb_rate
2014-01-23,0.0,ecb_rate
2014-01-24,0.0,ecb_rate
2014-01-25,0.0,ecb_rate
2014-01-26,0.0,ecb_rate
2014-01-27,0.0,ecb_rate
2014-01-28,0.0,ecb_rate
2014-01-29,0.0,ecb_rate
2014-01-30,0.0,ecb_rate
2014-01-31,0.0,ecb_rate
2014-02-01,0.0,ecb_rate
2014-02-02,0.0,ecb_rate
2014-02-03,0.0,ecb_rate
2014-02-04,0.0,ecb_rate
2014-02-05,0.0,ecb_rate
2014-02-06,0.0,ecb_rate
2014-02-07,0.0,ecb_rate
2014-02-08,0.0,ecb_rate
2014-02-09,0.0,ecb_rate
2014-02-10,0.0,ecb_rate
2014-02-11,0.0,ecb_rate
2014-02-12,0.0,ecb_rate
2014-02-13,0.0,ecb_rate
2014-02-14,0.0,ecb_rate
2014-02-15,0.0,ecb_rate
2014-02-16,0.0,ecb_rate
2014-02-17,0.0,ecb_rate
2014-02-18,0.0,ecb_rate
2014-02-19,0.0,ecb_rate
2014-02-20,0.0,ecb_rate
2014-02-21,0.0,ecb_rate
2014-02-22,0.0,ecb_rate
2014-02-23,0.0,ecb_rate
2014-02-24,0.0,ecb_rate
2014-02-25,0.0,ecb_rate
2014-02-26,0.0,ecb_rate
2014-02-27,0.0,ecb_rate
2014-02-28,0.0,ecb_rate
2014-03-01,0.0,ecb_rate
2014-03-02,0.0,ecb_rate
2014-03-03,0.0,ecb_rate
2014-03-04,0.0,ecb_rate
2014-03-05,0.0,ecb_rate
2014-03-06,0.0,ecb_rate
2014-03-07,0.0,ecb_rate
2014-03-08,0.0,ecb_rate
2014-03-09,0.0,ecb_rate
2014-03-10,0.0,ecb_rate
2014-03-11,0.0,ecb_rate
2014-03-12,0.0,ecb_rate
2014-03-13,0.0,ecb_rate
2014-03-14,0.0,ecb_rate
2014-03-15,0.0,ecb_rate
2014-03-16,0.0,ecb_rate
2014-03-17,0.0,ecb_rate
2014-03-18,0.0,ecb_rate
2014-03-19,0.0,ecb_rate
2014-03-20,0.0,ecb_rate
2014-03-21,0.0,ecb_rate
2014-03-22,0.0,ecb_rate
2014-03-23,0.0,ecb_rate
2014-03-24,0.0,ecb_rate
2014-03-25,0.0,ecb_rate
2014-03-26,0.0,ecb_rate
2014-03-27,0.0,ecb_rate
2014-03-28,0.0,ecb_rate
2014-03-29,0.0,ecb_rate
2014-03-30,0.0,ecb_rate
2014-03-31,0.0,ecb_rate
2014-04-01,0.0,ecb_rate
2014-04-02,0.0,ecb_rate
2014-04-03,0.0,ecb_rate
2014-04-04,0.0,ecb_rate
2014-04-05,0.0,ecb_rate
2014-04-06,0.0,ecb_rate
2014-04-07,0.0,ecb_rate
2014-04-08,0.0,ecb_rate
2014-04-09,0.0,ecb_rate
2014-04-10,0.0,ecb_rate
2014-04-11,0.0,ecb_rate
2014-04-12,0.0,ecb_rate
2014-04-13,0.0,ecb_rate
2014-04-14,0.0,ecb_rate
2014-04-15,0.0,ecb_rate
2014-04-16,0.0,ecb_rate
2014-04-17,0.0,ecb_rate
2014-04-18,0.0,ecb_rate
2014-04-19,0.0,ecb_rate
2014-04-20,0.0,ecb_rate
2014-04-21,0.0,ecb_rate
2014-04-22,0.0,ecb_rate
2014-04-23,0.0,ecb_rate
2014-04-24,0.0,ecb_rate
2014-04-25,0.0,ecb_rate
2014-04-26,0.0,ecb_rate
2014-04-27,0.0,ecb_rate
2014-04-28,0.0,ecb_rate
2014-04-29,0.0,ecb_rate
2014-04-30,0.0,ecb_rate
2014-05-01,0.0,ecb_rate
2014-05-02,0.0,ecb_rate
2014-05-03,0.0,ecb_rate
2014-05-04,0.0,ecb_rate
2014-05-05,0.0,ecb_rate
2014-05-06,0.0,ecb_rate
2014-05-07,0.0,ecb_rate
2014-05-08,0.0,ecb_rate
2014-05-09,0.0,ecb_rate
2014-05-10,0.0,ecb_rate
2014-05-11,0.0,ecb_rate
2014-05-12,0.0,ecb_rate
2014-05-13,0.0,ecb_rate
2014-05-14,0.0,ecb_rate
2014-05-15,0.0,ecb_rate
2014-05-16,0.0,ecb_rate
2014-05-17,0.0,ecb_rate
2014-05-18,0.0,ecb_rate
2014-05-19,0.0,ecb_rate
2014-05-20,0.0,ecb_rate
2014-05-21,0.0,ecb_rate
2014-05-22,0.0,ecb_rate
2014-05-23,0.0,ecb_rate
2014-05-24,0.0,ecb_rate
2014-05-25,0.0,ecb_rate
2014-05-26,0.0,ecb_rate
2014-05-27,0.0,ecb_rate
2014-05-28,0.0,ecb_rate
2014-05-29,0.0,ecb_rate
2014-05-30,0.0,ecb_rate
2014-05-31,0.0,ecb_rate
2014-06-01,0.0,ecb_rate
2014-06-02,0.0,ecb_rate
2014-06-03,0.0,ecb_rate
2014-06-04,0.0,ecb_rate
2014-06-05,0.0,ecb_rate
2014-06-06,0.0,ecb_rate
2014-06-07,0.0,ecb_rate
2014-06-08,0.0,ecb_rate
2014-06-09,0.0,ecb_rate
2014-06-10,0.0,ecb_rate
2014-06-11,-0.1,ecb_rate
2014-06-12,-0.1,ecb_rate
2014-06-13,-0.1,ecb_rate
2014-06-14,-0.1,ecb_rate
2014-06-15,-0.1,ecb_rate
2014-06-16,-0.1,ecb_rate
2014-06-17,-0.1,ecb_rate
2014-06-18,-0.1,ecb_rate
2014-06-19,-0.1,ecb_rate
2014-06-20,-0.1,ecb_rate
2014-06-21,-0.1,ecb_rate
2014-06-22,-0.1,ecb_rate
2014-06-23,-0.1,ecb_rate
2014-06-24,-0.1,ecb_rate
2014-06-25,-0.1,ecb_rate
2014-06-26,-0.1,ecb_rate
2014-06-27,-0.1,ecb_rate
2014-06-28,-0.1,ecb_rate
2014-06-29,-0.1,ecb_rate
2014-06-30,-0.1,ecb_rate
2014-07-01,-0.1,ecb_rate
2014-07-02,-0.1,ecb_rate
2014-07-03,-0.1,ecb_rate
2014-07-04,-0.1,ecb_rate
2014-07-05,-0.1,ecb_rate
2014-07-06,-0.1,ecb_rate
2014-07-07,-0.1,ecb_rate
2014-07-08,-0.1,ecb_rate
2014-07-09,-0.1,ecb_rate
2014-07-10,-0.1,ecb_rate
2014-07-11,-0.1,ecb_rate
2014-07-12,-0.1,ecb_rate
2014-07-13,-0.1,ecb_rate
2014-07-14,-0.1,ecb_rate
2014-07-15,-0.1,ecb_rate
2014-07-16,-0.1,ecb_rate
2014-07-17,-0.1,ecb_rate
2014-07-18,-0.1,ecb_rate
2014-07-19,-0.1,ecb_rate
2014-07-20,-0.1,ecb_rate
2014-07-21,-0.1,ecb_rate
2014-07-22,-0.1,ecb_rate
2014-07-23,-0.1,ecb_rate
2014-07-24,-0.1,ecb_rate
2014-07-25,-0.1,ecb_rate
2014-07-26,-0.1,ecb_rate
2014-07-27,-0.1,ecb_rate
2014-07-28,-0.1,ecb_rate
2014-07-29,-0.1,ecb_rate
2014-07-30,-0.1,ecb_rate
2014-07-31,-0.1,ecb_rate
2014-08-01,-0.1,ecb_rate
2014-08-02,-0.1,ecb_rate
2014-08-03,-0.1,ecb_rate
2014-08-04,-0.1,ecb_rate
2014-08-05,-0.1,ecb_rate
2014-08-06,-0.1,ecb_rate
2014-08-07,-0.1,ecb_rate
2014-08-08,-0.1,ecb_rate
2014-08-09,-0.1,ecb_rate
2014-08-10,-0.1,ecb_rate
2014-08-11,-0.1,ecb_rate
2014-08-12,-0.1,ecb_rate
2014-08-13,-0.1,ecb_rate
2014-08-14,-0.1,ecb_rate
2014-08-15,-0.1,ecb_rate
2014-08-16,-0.1,ecb_rate
2014-08-17,-0.1,ecb_rate
2014-08-18,-0.1,ecb_rate
2014-08-19,-0.1,ecb_rate
2014-08-20,-0.1,ecb_rate
2014-08-21,-0.1,ecb_rate
2014-08-22,-0.1,ecb_rate
2014-08-23,-0.1,ecb_rate
2014-08-24,-0.1,ecb_rate
2014-08-25,-0.1,ecb_rate
2014-08-26,-0.1,ecb_rate
2014-08-27,-0.1,ecb_rate
2014-08-28,-0.1,ecb_rate
2014-08-29,-0.1,ecb_rate
2014-08-30,-0.1,ecb_rate
2014-08-31,-0.1,ecb_rate
2014-09-01,-0.1,ecb_rate
2014-09-02,-0.1,ecb_rate
2014-09-03,-0.1,ecb_rate
2014-09-04,-0.1,ecb_rate
2014-09-05,-0.1,ecb_rate
2014-09-06,-0.1,ecb_rate
2014-09-07,-0.1,ecb_rate
2014-09-08,-0.1,ecb_rate
2014-09-09,-0.1,ecb_rate
2014-09-10,-0.2,ecb_rate
2014-09-11,-0.2,ecb_rate
2014-09-12,-0.2,ecb_rate
2014-09-13,-0.2,ecb_rate
2014-09-14,-0.2,ecb_rate
2014-09-15,-0.2,ecb_rate
2014-09-16,-0.2,ecb_rate
2014-09-17,-0.2,ecb_rate
2014-09-18,-0.2,ecb_rate
2014-09-19,-0.2,ecb_rate
2014-09-20,-0.2,ecb_rate
2014-09-21,-0.2,ecb_rate
2014-09-22,-0.2,ecb_rate
2014-09-23,-0.2,ecb_rate
2014-09-24,-0.2,ecb_rate
2014-09-25,-0.2,ecb_rate
2014-09-26,-0.2,ecb_rate
2014-09-27,-0.2,ecb_rate
2014-09-28,-0.2,ecb_rate
2014-09-29,-0.2,ecb_rate
2014-09-30,-0.2,ecb_rate
2014-10-01,-0.2,ecb_rate
2014-10-02,-0.2,ecb_rate
2014-10-03,-0.2,ecb_rate
2014-10-04,-0.2,ecb_rate
2014-10-05,-0.2,ecb_rate
2014-10-06,-0.2,ecb_rate
2014-10-07,-0.2,ecb_rate
2014-10-08,-0.2,ecb_rate
2014-10-09,-0.2,ecb_rate
2014-10-10,-0.2,ecb_rate
2014-10-11,-0.2,ecb_rate
2014-10-12,-0.2,ecb_rate
2014-10-13,-0.2,ecb_rate
2014-10-14,-0.2,ecb_rate
2014-10-15,-0.2,ecb_rate
2014-10-16,-0.2,ecb_rate
2014-10-17,-0.2,ecb_rate
2014-10-18,-0.2,ecb_rate
2014-10-19,-0.2,ecb_rate
2014-10-20,-0.2,ecb_rate
2014-10-21,-0.2,ecb_rate
2014-10-22,-0.2,ecb_rate
2014-10-23,-0.2,ecb_rate
2014-10-24,-0.2,ecb_rate
2014-10-25,-0.2,ecb_rate
2014-10-26,-0.2,ecb_rate
2014-10-27,-0.2,ecb_rate
2014-10-28,-0.2,ecb_rate
2014-10-29,-0.2,ecb_rate
2014-10-30,-0.2,ecb_rate
2014-10-31,-0.2,ecb_rate
2014-11-01,-0.2,ecb_rate
2014-11-02,-0.2,ecb_rate
2014-11-03,-0.2,ecb_rate
2014-11-04,-0.2,ecb_rate
2014-11-05,-0.2,ecb_rate
2014-11-06,-0.2,ecb_rate
2014-11-07,-0.2,ecb_rate
2014-11-08,-0.2,ecb_rate
2014-11-09,-0.2,ecb_rate
2014-11-10,-0.2,ecb_rate
2014-11-11,-0.2,ecb_rate
2014-11-12,-0.2,ecb_rate
2014-11-13,-0.2,ecb_rate
2014-11-14,-0.2,ecb_rate
2014-11-15,-0.2,ecb_rate
2014-11-16,-0.2,ecb_rate
2014-11-17,-0.2,ecb_rate
2014-11-18,-0.2,ecb_rate
2014-11-19,-0.2,ecb_rate
2014-11-20,-0.2,ecb_rate
2014-11-21,-0.2,ecb_rate
2014-11-22,-0.2,ecb_rate
2014-11-23,-0.2,ecb_rate
2014-11-24,-0.2,ecb_rate
2014-11-25,-0.2,ecb_rate
2014-11-26,-0.2,ecb_rate
2014-11-27,-0.2,ecb_rate
2014-11-28,-0.2,ecb_rate
2014-11-29,-0.2,ecb_rate
2014-11-30,-0.2,ecb_rate
2014-12-01,-0.2,ecb_rate
2014-12-02,-0.2,ecb_rate
2014-12-03,-0.2,ecb_rate
2014-12-04,-0.2,ecb_rate
2014-12-05,-0.2,ecb_rate
2014-12-06,-0.2,ecb_rate
2014-12-07,-0.2,ecb_rate
2014-12-08,-0.2,ecb_rate
2014-12-09,-0.2,ecb_rate
2014-12-10,-0.2,ecb_rate
2014-12-11,-0.2,ecb_rate
2014-12-12,-0.2,ecb_rate
2014-12-13,-0.2,ecb_rate
2014-12-14,-0.2,ecb_rate
2014-12-15,-0.2,ecb_rate
2014-12-16,-0.2,ecb_rate
2014-12-17,-0.2,ecb_rate
2014-12-18,-0.2,ecb_rate
2014-12-19,-0.2,ecb_rate
2014-12-20,-0.2,ecb_rate
2014-12-21,-0.2,ecb_rate
2014-12-22,-0.2,ecb_rate
2014-12-23,-0.2,ecb_rate
2014-12-24,-0.2,ecb_rate
2014-12-25,-0.2,ecb_rate
2014-12-26,-0.2,ecb_rate
2014-12-27,-0.2,ecb_rate
2014-12-28,-0.2,ecb_rate
2014-12-29,-0.2,ecb_rate
2014-12-30,-0.2,ecb_rate
2014-12-31,-0.2,ecb_rate
2015-01-01,-0.2,ecb_rate
2015-01-02,-0.2,ecb_rate
2015-01-03,-0.2,ecb_rate
2015-01-04,-0.2,ecb_rate
2015-01-05,-0.2,ecb_rate
2015-01-06,-0.2,ecb_rate
2015-01-07,-0.2,ecb_rate
2015-01-08,-0.2,ecb_rate
2015-01-09,-0.2,ecb_rate
2015-01-10,-0.2,ecb_rate
2015-01-11,-0.2,ecb_rate
2015-01-12,-0.2,ecb_rate
2015-01-13,-0.2,ecb_rate
2015-01-14,-0.2,ecb_rate
2015-01-15,-0.2,ecb_rate
2015-01-16,-0.2,ecb_rate
2015-01-17,-0.2,ecb_rate
2015-01-18,-0.2,ecb_rate
2015-01-19,-0.2,ecb_rate
2015-01-20,-0.2,ecb_rate
2015-01-21,-0.2,ecb_rate
2015-01-22,-0.2,ecb_rate
2015-01-23,-0.2,ecb_rate
2015-01-24,-0.2,ecb_rate
2015-01-25,-0.2,ecb_rate
2015-01-26,-0.2,ecb_rate
2015-01-27,-0.2,ecb_rate
2015-01-28,-0.2,ecb_rate
2015-01-29,-0.2,ecb_rate
2015-01-30,-0.2,ecb_rate
2015-01-31,-0.2,ecb_rate
2015-02-01,-0.2,ecb_rate
2015-02-02,-0.2,ecb_rate
2015-02-03,-0.2,ecb_rate
2015-02-04,-0.2,ecb_rate
2015-02-05,-0.2,ecb_rate
2015-02-06,-0.2,ecb_rate
2015-02-07,-0.2,ecb_rate
2015-02-08,-0.2,ecb_rate
2015-02-09,-0.2,ecb_rate
2015-02-10,-0.2,ecb_rate
2015-02-11,-0.2,ecb_rate
2015-02-12,-0.2,ecb_rate
2015-02-13,-0.2,ecb_rate
2015-02-14,-0.2,ecb_rate
2015-02-15,-0.2,ecb_rate
2015-02-16,-0.2,ecb_rate
2015-02-17,-0.2,ecb_rate
2015-02-18,-0.2,ecb_rate
2015-02-19,-0.2,ecb_rate
2015-02-20,-0.2,ecb_rate
2015-02-21,-0.2,ecb_rate
2015-02-22,-0.2,ecb_rate
2015-02-23,-0.2,ecb_rate
2015-02-24,-0.2,ecb_rate
2015-02-25,-0.2,ecb_rate
2015-02-26,-0.2,ecb_rate
2015-02-27,-0.2,ecb_rate
2015-02-28,-0.2,ecb_rate
2015-03-01,-0.2,ecb_rate
2015-03-02,-0.2,ecb_rate
2015-03-03,-0.2,ecb_rate
2015-03-04,-0.2,ecb_rate
2015-03-05,-0.2,ecb_rate
2015-03-06,-0.2,ecb_rate
2015-03-07,-0.2,ecb_rate
2015-03-08,-0.2,ecb_rate
2015-03-09,-0.2,ecb_rate
2015-03-10,-0.2,ecb_rate
2015-03-11,-0.2,ecb_rate
2015-03-12,-0.2,ecb_rate
2015-03-13,-0.2,ecb_rate
2015-03-14,-0.2,ecb_rate
2015-03-15,-0.2,ecb_rate
2015-03-16,-0.2,ecb_rate
2015-03-17,-0.2,ecb_rate
2015-03-18,-0.2,ecb_rate
2015-03-19,-0.2,ecb_rate
2015-03-20,-0.2,ecb_rate
2015-03-21,-0.2,ecb_rate
2015-03-22,-0.2,ecb_rate
2015-03-23,-0.2,ecb_rate
2015-03-24,-0.2,ecb_rate
2015-03-25,-0.2,ecb_rate
2015-03-26,-0.2,ecb_rate
2015-03-27,-0.2,ecb_rate
2015-03-28,-0.2,ecb_rate
2015-03-29,-0.2,ecb_rate
2015-03-30,-0.2,ecb_rate
2015-03-31,-0.2,ecb_rate
2015-04-01,-0.2,ecb_rate
2015-04-02,-0.2,ecb_rate
2015-04-03,-0.2,ecb_rate
2015-04-04,-0.2,ecb_rate
2015-04-05,-0.2,ecb_rate
2015-04-06,-0.2,ecb_rate
2015-04-07,-0.2,ecb_rate
2015-04-08,-0.2,ecb_rate
2015-04-09,-0.2,ecb_rate
2015-04-10,-0.2,ecb_rate
2015-04-11,-0.2,ecb_rate
2015-04-12,-0.2,ecb_rate
2015-04-13,-0.2,ecb_rate
2015-04-14,-0.2,ecb_rate
2015-04-15,-0.2,ecb_rate
2015-04-16,-0.2,ecb_rate
2015-04-17,-0.2,ecb_rate
2015-04-18,-0.2,ecb_rate
2015-04-19,-0.2,ecb_rate
2015-04-20,-0.2,ecb_rate
2015-04-21,-0.2,ecb_rate
2015-04-22,-0.2,ecb_rate
2015-04-23,-0.2,ecb_rate
2015-04-24,-0.2,ecb_rate
2015-04-25,-0.2,ecb_rate
2015-04-26,-0.2,ecb_rate
2015-04-27,-0.2,ecb_rate
2015-04-28,-0.2,ecb_rate
2015-04-29,-0.2,ecb_rate
2015-04-30,-0.2,ecb_rate
2015-05-01,-0.2,ecb_rate
2015-05-02,-0.2,ecb_rate
2015-05-03,-0.2,ecb_rate
2015-05-04,-0.2,ecb_rate
2015-05-05,-0.2,ecb_rate
2015-05-06,-0.2,ecb_rate
2015-05-07,-0.2,ecb_rate
2015-05-08,-0.2,ecb_rate
2015-05-09,-0.2,ecb_rate
2015-05-10,-0.2,ecb_rate
2015-05-11,-0.2,ecb_rate
2015-05-12,-0.2,ecb_rate
2015-05-13,-0.2,ecb_rate
2015-05-14,-0.2,ecb_rate
2015-05-15,-0.2,ecb_rate
2015-05-16,-0.2,ecb_rate
2015-05-17,-0.2,ecb_rate
2015-05-18,-0.2,ecb_rate
2015-05-19,-0.2,ecb_rate
2015-05-20,-0.2,ecb_rate
2015-05-21,-0.2,ecb_rate
2015-05-22,-0.2,ecb_rate
2015-05-23,-0.2,ecb_rate
2015-05-24,-0.2,ecb_rate
2015-05-25,-0.2,ecb_rate
2015-05-26,-0.2,ecb_rate
2015-05-27,-0.2,ecb_rate
2015-05-28,-0.2,ecb_rate
2015-05-29,-0.2,ecb_rate
2015-05-30,-0.2,ecb_rate
2015-05-31,-0.2,ecb_rate
2015-06-01,-0.2,ecb_rate
2015-06-02,-0.2,ecb_rate
2015-06-03,-0.2,ecb_rate
2015-06-04,-0.2,ecb_rate
2015-06-05,-0.2,ecb_rate
2015-06-06,-0.2,ecb_rate
2015-06-07,-0.2,ecb_rate
2015-06-08,-0.2,ecb_rate
2015-06-09,-0.2,ecb_rate
2015-06-10,-0.2,ecb_rate
2015-06-11,-0.2,ecb_rate
2015-06-12,-0.2,ecb_rate
2015-06-13,-0.2,ecb_rate
2015-06-14,-0.2,ecb_rate
2015-06-15,-0.2,ecb_rate
2015-06-16,-0.2,ecb_rate
2015-06-17,-0.2,ecb_rate
2015-06-18,-0.2,ecb_rate
2015-06-19,-0.2,ecb_rate
2015-06-20,-0.2,ecb_rate
2015-06-21,-0.2,ecb_rate
2015-06-22,-0.2,ecb_rate
2015-06-23,-0.2,ecb_rate
2015-06-24,-0.2,ecb_rate
2015-06-25,-0.2,ecb_rate
2015-06-26,-0.2,ecb_rate
2015-06-27,-0.2,ecb_rate
2015-06-28,-0.2,ecb_rate
2015-06-29,-0.2,ecb_rate
2015-06-30,-0.2,ecb_rate
2015-07-01,-0.2,ecb_rate
2015-07-02,-0.2,ecb_rate
2015-07-03,-0.2,ecb_rate
2015-07-04,-0.2,ecb_rate
2015-07-05,-0.2,ecb_rate
2015-07-06,-0.2,ecb_rate
2015-07-07,-0.2,ecb_rate
2015-07-08,-0.2,ecb_rate
2015-07-09,-0.2,ecb_rate
2015-07-10,-0.2,ecb_rate
2015-07-11,-0.2,ecb_rate
2015-07-12,-0.2,ecb_rate
2015-07-13,-0.2,ecb_rate
2015-07-14,-0.2,ecb_rate
2015-07-15,-0.2,ecb_rate
2015-07-16,-0.2,ecb_rate
2015-07-17,-0.2,ecb_rate
2015-07-18,-0.2,ecb_rate
2015-07-19,-0.2,ecb_rate
2015-07-20,-0.2,ecb_rate
2015-07-21,-0.2,ecb_rate
2015-07-22,-0.2,ecb_rate
2015-07-23,-0.2,ecb_rate
2015-07-24,-0.2,ecb_rate
2015-07-25,-0.2,ecb_rate
2015-07-26,-0.2,ecb_rate
2015-07-27,-0.2,ecb_rate
2015-07-28,-0.2,ecb_rate
2015-07-29,-0.2,ecb_rate
2015-07-30,-0.2,ecb_rate
2015-07-31,-0.2,ecb_rate
2015-08-01,-0.2,ecb_rate
2015-08-02,-0.2,ecb_rate
2015-08-03,-0.2,ecb_rate
2015-08-04,-0.2,ecb_rate
2015-08-05,-0.2,ecb_rate
2015-08-06,-0.2,ecb_rate
2015-08-07,-0.2,ecb_rate
2015-08-08,-0.2,ecb_rate
2015-08-09,-0.2,ecb_rate
2015-08-10,-0.2,ecb_rate
2015-08-11,-0.2,ecb_rate
2015-08-12,-0.2,ecb_rate
2015-08-13,-0.2,ecb_rate
2015-08-14,-0.2,ecb_rate
2015-08-15,-0.2,ecb_rate
2015-08-16,-0.2,ecb_rate
2015-08-17,-0.2,ecb_rate
2015-08-18,-0.2,ecb_rate
2015-08-19,-0.2,ecb_rate
2015-08-20,-0.2,ecb_rate
2015-08-21,-0.2,ecb_rate
2015-08-22,-0.2,ecb_rate
2015-08-23,-0.2,ecb_rate
2015-08-24,-0.2,ecb_rate
2015-08-25,-0.2,ecb_rate
2015-08-26,-0.2,ecb_rate
2015-08-27,-0.2,ecb_rate
2015-08-28,-0.2,ecb_rate
2015-08-29,-0.2,ecb_rate
2015-08-30,-0.2,ecb_rate
2015-08-31,-0.2,ecb_rate
2015-09-01,-0.2,ecb_rate
2015-09-02,-0.2,ecb_rate
2015-09-03,-0.2,ecb_rate
2015-09-04,-0.2,ecb_rate
2015-09-05,-0.2,ecb_rate
2015-09-06,-0.2,ecb_rate
2015-09-07,-0.2,ecb_rate
2015-09-08,-0.2,ecb_rate
2015-09-09,-0.2,ecb_rate
2015-09-10,-0.2,ecb_rate
2015-09-11,-0.2,ecb_rate
2015-09-12,-0.2,ecb_rate
2015-09-13,-0.2,ecb_rate
2015-09-14,-0.2,ecb_rate
2015-09-15,-0.2,ecb_rate
2015-09-16,-0.2,ecb_rate
2015-09-17,-0.2,ecb_rate
2015-09-18,-0.2,ecb_rate
2015-09-19,-0.2,ecb_rate
2015-09-20,-0.2,ecb_rate
2015-09-21,-0.2,ecb_rate
2015-09-22,-0.2,ecb_rate
2015-09-23,-0.2,ecb_rate
2015-09-24,-0.2,ecb_rate
2015-09-25,-0.2,ecb_rate
2015-09-26,-0.2,ecb_rate
2015-09-27,-0.2,ecb_rate
2015-09-28,-0.2,ecb_rate
2015-09-29,-0.2,ecb_rate
2015-09-30,-0.2,ecb_rate
2015-10-01,-0.2,ecb_rate
2015-10-02,-0.2,ecb_rate
2015-10-03,-0.2,ecb_rate
2015-10-04,-0.2,ecb_rate
2015-10-05,-0.2,ecb_rate
2015-10-06,-0.2,ecb_rate
2015-10-07,-0.2,ecb_rate
2015-10-08,-0.2,ecb_rate
2015-10-09,-0.2,ecb_rate
2015-10-10,-0.2,ecb_rate
2015-10-11,-0.2,ecb_rate
2015-10-12,-0.2,ecb_rate
2015-10-13,-0.2,ecb_rate
2015-10-14,-0.2,ecb_rate
2015-10-15,-0.2,ecb_rate
2015-10-16,-0.2,ecb_rate
2015-10-17,-0.2,ecb_rate
2015-10-18,-0.2,ecb_rate
2015-10-19,-0.2,ecb_rate
2015-10-20,-0.2,ecb_rate
2015-10-21,-0.2,ecb_rate
2015-10-22,-0.2,ecb_rate
2015-10-23,-0.2,ecb_rate
2015-10-24,-0.2,ecb_rate
2015-10-25,-0.2,ecb_rate
2015-10-26,-0.2,ecb_rate
2015-10-27,-0.2,ecb_rate
2015-10-28,-0.2,ecb_rate
2015-10-29,-0.2,ecb_rate
2015-10-30,-0.2,ecb_rate
2015-10-31,-0.2,ecb_rate
2015-11-01,-0.2,ecb_rate
2015-11-02,-0.2,ecb_rate
2015-11-03,-0.2,ecb_rate
2015-11-04,-0.2,ecb_rate
2015-11-05,-0.2,ecb_rate
2015-11-06,-0.2,ecb_rate
2015-11-07,-0.2,ecb_rate
2015-11-08,-0.2,ecb_rate
2015-11-09,-0.2,ecb_rate
2015-11-10,-0.2,ecb_rate
2015-11-11,-0.2,ecb_rate
2015-11-12,-0.2,ecb_rate
2015-11-13,-0.2,ecb_rate
2015-11-14,-0.2,ecb_rate
2015-11-15,-0.2,ecb_rate
2015-11-16,-0.2,ecb_rate
2015-11-17,-0.2,ecb_rate
2015-11-18,-0.2,ecb_rate
2015-11-19,-0.2,ecb_rate
2015-11-20,-0.2,ecb_rate
2015-11-21,-0.2,ecb_rate
2015-11-22,-0.2,ecb_rate
2015-11-23,-0.2,ecb_rate
2015-11-24,-0.2,ecb_rate
2015-11-25,-0.2,ecb_rate
2015-11-26,-0.2,ecb_rate
2015-11-27,-0.2,ecb_rate
2015-11-28,-0.2,ecb_rate
2015-11-29,-0.2,ecb_rate
2015-11-30,-0.2,ecb_rate
2015-12-01,-0.2,ecb_rate
2015-12-02,-0.2,ecb_rate
2015-12-03,-0.2,ecb_rate
2015-12-04,-0.2,ecb_rate
2015-12-05,-0.2,ecb_rate
2015-12-06,-0.2,ecb_rate
2015-12-07,-0.2,ecb_rate
2015-12-08,-0.2,ecb_rate
2015-12-09,-0.3,ecb_rate
2015-12-10,-0.3,ecb_rate
2015-12-11,-0.3,ecb_rate
2015-12-12,-0.3,ecb_rate
2015-12-13,-0.3,ecb_rate
2015-12-14,-0.3,ecb_rate
2015-12-15,-0.3,ecb_rate
2015-12-16,-0.3,ecb_rate
2015-12-17,-0.3,ecb_rate
2015-12-18,-0.3,ecb_rate
2015-12-19,-0.3,ecb_rate
2015-12-20,-0.3,ecb_rate
2015-12-21,-0.3,ecb_rate
2015-12-22,-0.3,ecb_rate
2015-12-23,-0.3,ecb_rate
2015-12-24,-0.3,ecb_rate
2015-12-25,-0.3,ecb_rate
2015-12-26,-0.3,ecb_rate
2015-12-27,-0.3,ecb_rate
2015-12-28,-0.3,ecb_rate
2015-12-29,-0.3,ecb_rate
2015-12-30,-0.3,ecb_rate
2015-12-31,-0.3,ecb_rate
2016-01-01,-0.3,ecb_rate
2016-01-02,-0.3,ecb_rate
2016-01-03,-0.3,ecb_rate
2016-01-04,-0.3,ecb_rate
2016-01-05,-0.3,ecb_rate
2016-01-06,-0.3,ecb_rate
2016-01-07,-0.3,ecb_rate
2016-01-08,-0.3,ecb_rate
2016-01-09,-0.3,ecb_rate
2016-01-10,-0.3,ecb_rate
2016-01-11,-0.3,ecb_rate
2016-01-12,-0.3,ecb_rate
2016-01-13,-0.3,ecb_rate
2016-01-14,-0.3,ecb_rate
2016-01-15,-0.3,ecb_rate
2016-01-16,-0.3,ecb_rate
2016-01-17,-0.3,ecb_rate
2016-01-18,-0.3,ecb_rate
2016-01-19,-0.3,ecb_rate
2016-01-20,-0.3,ecb_rate
2016-01-21,-0.3,ecb_rate
2016-01-22,-0.3,ecb_rate
2016-01-23,-0.3,ecb_rate
2016-01-24,-0.3,ecb_rate
2016-01-25,-0.3,ecb_rate
2016-01-26,-0.3,ecb_rate
2016-01-27,-0.3,ecb_rate
2016-01-28,-0.3,ecb_rate
2016-01-29,-0.3,ecb_rate
2016-01-30,-0.3,ecb_rate
2016-01-31,-0.3,ecb_rate
2016-02-01,-0.3,ecb_rate
2016-02-02,-0.3,ecb_rate
2016-02-03,-0.3,ecb_rate
2016-02-04,-0.3,ecb_rate
2016-02-05,-0.3,ecb_rate
2016-02-06,-0.3,ecb_rate
2016-02-07,-0.3,ecb_rate
2016-02-08,-0.3,ecb_rate
2016-02-09,-0.3,ecb_rate
2016-02-10,-0.3,ecb_rate
2016-02-11,-0.3,ecb_rate
2016-02-12,-0.3,ecb_rate
2016-02-13,-0.3,ecb_rate
2016-02-14,-0.3,ecb_rate
2016-02-15,-0.3,ecb_rate
2016-02-16,-0.3,ecb_rate
2016-02-17,-0.3,ecb_rate
2016-02-18,-0.3,ecb_rate
2016-02-19,-0.3,ecb_rate
2016-02-20,-0.3,ecb_rate
2016-02-21,-0.3,ecb_rate
2016-02-22,-0.3,ecb_rate
2016-02-23,-0.3,ecb_rate
2016-02-24,-0.3,ecb_rate
2016-02-25,-0.3,ecb_rate
2016-02-26,-0.3,ecb_rate
2016-02-27,-0.3,ecb_rate
2016-02-28,-0.3,ecb_rate
2016-02-29,-0.3,ecb_rate
2016-03-01,-0.3,ecb_rate
2016-03-02,-0.3,ecb_rate
2016-03-03,-0.3,ecb_rate
2016-03-04,-0.3,ecb_rate
2016-03-05,-0.3,ecb_rate
2016-03-06,-0.3,ecb_rate
2016-03-07,-0.3,ecb_rate
2016-03-08,-0.3,ecb_rate
2016-03-09,-0.3,ecb_rate
2016-03-10,-0.3,ecb_rate
2016-03-11,-0.3,ecb_rate
2016-03-12,-0.3,ecb_rate
2016-03-13,-0.3,ecb_rate
2016-03-14,-0.3,ecb_rate
2016-03-15,-0.3,ecb_rate
2016-03-16,-0.4,ecb_rate
2016-03-17,-0.4,ecb_rate
2016-03-18,-0.4,ecb_rate
2016-03-19,-0.4,ecb_rate
2016-03-20,-0.4,ecb_rate
2016-03-21,-0.4,ecb_rate
2016-03-22,-0.4,ecb_rate
2016-03-23,-0.4,ecb_rate
2016-03-24,-0.4,ecb_rate
2016-03-25,-0.4,ecb_rate
2016-03-26,-0.4,ecb_rate
2016-03-27,-0.4,ecb_rate
2016-03-28,-0.4,ecb_rate
2016-03-29,-0.4,ecb_rate
2016-03-30,-0.4,ecb_rate
2016-03-31,-0.4,ecb_rate
2016-04-01,-0.4,ecb_rate
2016-04-02,-0.4,ecb_rate
2016-04-03,-0.4,ecb_rate
2016-04-04,-0.4,ecb_rate
2016-04-05,-0.4,ecb_rate
2016-04-06,-0.4,ecb_rate
2016-04-07,-0.4,ecb_rate
2016-04-08,-0.4,ecb_rate
2016-04-09,-0.4,ecb_rate
2016-04-10,-0.4,ecb_rate
2016-04-11,-0.4,ecb_rate
2016-04-12,-0.4,ecb_rate
2016-04-13,-0.4,ecb_rate
2016-04-14,-0.4,ecb_rate
2016-04-15,-0.4,ecb_rate
2016-04-16,-0.4,ecb_rate
2016-04-17,-0.4,ecb_rate
2016-04-18,-0.4,ecb_rate
2016-04-19,-0.4,ecb_rate
2016-04-20,-0.4,ecb_rate
2016-04-21,-0.4,ecb_rate
2016-04-22,-0.4,ecb_rate
2016-04-23,-0.4,ecb_rate
2016-04-24,-0.4,ecb_rate
2016-04-25,-0.4,ecb_rate
2016-04-26,-0.4,ecb_rate
2016-04-27,-0.4,ecb_rate
2016-04-28,-0.4,ecb_rate
2016-04-29,-0.4,ecb_rate
2016-04-30,-0.4,ecb_rate
2016-05-01,-0.4,ecb_rate
2016-05-02,-0.4,ecb_rate
2016-05-03,-0.4,ecb_rate
2016-05-04,-0.4,ecb_rate
2016-05-05,-0.4,ecb_rate
2016-05-06,-0.4,ecb_rate
2016-05-07,-0.4,ecb_rate
2016-05-08,-0.4,ecb_rate
2016-05-09,-0.4,ecb_rate
2016-05-10,-0.4,ecb_rate
2016-05-11,-0.4,ecb_rate
2016-05-12,-0.4,ecb_rate
2016-05-13,-0.4,ecb_rate
2016-05-14,-0.4,ecb_rate
2016-05-15,-0.4,ecb_rate
2016-05-16,-0.4,ecb_rate
2016-05-17,-0.4,ecb_rate
2016-05-18,-0.4,ecb_rate
2016-05-19,-0.4,ecb_rate
2016-05-20,-0.4,ecb_rate
2016-05-21,-0.4,ecb_rate
2016-05-22,-0.4,ecb_rate
2016-05-23,-0.4,ecb_rate
2016-05-24,-0.4,ecb_rate
2016-05-25,-0.4,ecb_rate
2016-05-26,-0.4,ecb_rate
2016-05-27,-0.4,ecb_rate
2016-05-28,-0.4,ecb_rate
2016-05-29,-0.4,ecb_rate
2016-05-30,-0.4,ecb_rate
2016-05-31,-0.4,ecb_rate
2016-06-01,-0.4,ecb_rate
2016-06-02,-0.4,ecb_rate
2016-06-03,-0.4,ecb_rate
2016-06-04,-0.4,ecb_rate
2016-06-05,-0.4,ecb_rate
2016-06-06,-0.4,ecb_rate
2016-06-07,-0.4,ecb_rate
2016-06-08,-0.4,ecb_rate
2016-06-09,-0.4,ecb_rate
2016-06-10,-0.4,ecb_rate
2016-06-11,-0.4,ecb_rate
2016-06-12,-0.4,ecb_rate
2016-06-13,-0.4,ecb_rate
2016-06-14,-0.4,ecb_rate
2016-06-15,-0.4,ecb_rate
2016-06-16,-0.4,ecb_rate
2016-06-17,-0.4,ecb_rate
2016-06-18,-0.4,ecb_rate
2016-06-19,-0.4,ecb_rate
2016-06-20,-0.4,ecb_rate
2016-06-21,-0.4,ecb_rate
2016-06-22,-0.4,ecb_rate
2016-06-23,-0.4,ecb_rate
2016-06-24,-0.4,ecb_rate
2016-06-25,-0.4,ecb_rate
2016-06-26,-0.4,ecb_rate
2016-06-27,-0.4,ecb_rate
2016-06-28,-0.4,ecb_rate
2016-06-29,-0.4,ecb_rate
2016-06-30,-0.4,ecb_rate
2016-07-01,-0.4,ecb_rate
2016-07-02,-0.4,ecb_rate
2016-07-03,-0.4,ecb_rate
2016-07-04,-0.4,ecb_rate
2016-07-05,-0.4,ecb_rate
2016-07-06,-0.4,ecb_rate
2016-07-07,-0.4,ecb_rate
2016-07-08,-0.4,ecb_rate
2016-07-09,-0.4,ecb_rate
2016-07-10,-0.4,ecb_rate
2016-07-11,-0.4,ecb_rate
2016-07-12,-0.4,ecb_rate
2016-07-13,-0.4,ecb_rate
2016-07-14,-0.4,ecb_rate
2016-07-15,-0.4,ecb_rate
2016-07-16,-0.4,ecb_rate
2016-07-17,-0.4,ecb_rate
2016-07-18,-0.4,ecb_rate
2016-07-19,-0.4,ecb_rate
2016-07-20,-0.4,ecb_rate
2016-07-21,-0.4,ecb_rate
2016-07-22,-0.4,ecb_rate
2016-07-23,-0.4,ecb_rate
2016-07-24,-0.4,ecb_rate
2016-07-25,-0.4,ecb_rate
2016-07-26,-0.4,ecb_rate
2016-07-27,-0.4,ecb_rate
2016-07-28,-0.4,ecb_rate
2016-07-29,-0.4,ecb_rate
2016-07-30,-0.4,ecb_rate
2016-07-31,-0.4,ecb_rate
2016-08-01,-0.4,ecb_rate
2016-08-02,-0.4,ecb_rate
2016-08-03,-0.4,ecb_rate
2016-08-04,-0.4,ecb_rate
2016-08-05,-0.4,ecb_rate
2016-08-06,-0.4,ecb_rate
2016-08-07,-0.4,ecb_rate
2016-08-08,-0.4,ecb_rate
2016-08-09,-0.4,ecb_rate
2016-08-10,-0.4,ecb_rate
2016-08-11,-0.4,ecb_rate
2016-08-12,-0.4,ecb_rate
2016-08-13,-0.4,ecb_rate
2016-08-14,-0.4,ecb_rate
2016-08-15,-0.4,ecb_rate
2016-08-16,-0.4,ecb_rate
2016-08-17,-0.4,ecb_rate
2016-08-18,-0.4,ecb_rate
2016-08-19,-0.4,ecb_rate
2016-08-20,-0.4,ecb_rate
2016-08-21,-0.4,ecb_rate
2016-08-22,-0.4,ecb_rate
2016-08-23,-0.4,ecb_rate
2016-08-24,-0.4,ecb_rate
2016-08-25,-0.4,ecb_rate
2016-08-26,-0.4,ecb_rate
2016-08-27,-0.4,ecb_rate
2016-08-28,-0.4,ecb_rate
2016-08-29,-0.4,ecb_rate
2016-08-30,-0.4,ecb_rate
2016-08-31,-0.4,ecb_rate
2016-09-01,-0.4,ecb_rate
2016-09-02,-0.4,ecb_rate
2016-09-03,-0.4,ecb_rate
2016-09-04,-0.4,ecb_rate
2016-09-05,-0.4,ecb_rate
2016-09-06,-0.4,ecb_rate
2016-09-07,-0.4,ecb_rate
2016-09-08,-0.4,ecb_rate
2016-09-09,-0.4,ecb_rate
2016-09-10,-0.4,ecb_rate
2016-09-11,-0.4,ecb_rate
2016-09-12,-0.4,ecb_rate
2016-09-13,-0.4,ecb_rate
2016-09-14,-0.4,ecb_rate
2016-09-15,-0.4,ecb_rate
2016-09-16,-0.4,ecb_rate
2016-09-17,-0.4,ecb_rate
2016-09-18,-0.4,ecb_rate
2016-09-19,-0.4,ecb_rate
2016-09-20,-0.4,ecb_rate
2016-09-21,-0.4,ecb_rate
2016-09-22,-0.4,ecb_rate
2016-09-23,-0.4,ecb_rate
2016-09-24,-0.4,ecb_rate
2016-09-25,-0.4,ecb_rate
2016-09-26,-0.4,ecb_rate
2016-09-27,-0.4,ecb_rate
2016-09-28,-0.4,ecb_rate
2016-09-29,-0.4,ecb_rate
2016-09-30,-0.4,ecb_rate
2016-10-01,-0.4,ecb_rate
2016-10-02,-0.4,ecb_rate
2016-10-03,-0.4,ecb_rate
2016-10-04,-0.4,ecb_rate
2016-10-05,-0.4,ecb_rate
2016-10-06,-0.4,ecb_rate
2016-10-07,-0.4,ecb_rate
2016-10-08,-0.4,ecb_rate
2016-10-09,-0.4,ecb_rate
2016-10-10,-0.4,ecb_rate
2016-10-11,-0.4,ecb_rate
2016-10-12,-0.4,ecb_rate
2016-10-13,-0.4,ecb_rate
2016-10-14,-0.4,ecb_rate
2016-10-15,-0.4,ecb_rate
2016-10-16,-0.4,ecb_rate
2016-10-17,-0.4,ecb_rate
2016-10-18,-0.4,ecb_rate
2016-10-19,-0.4,ecb_rate
2016-10-20,-0.4,ecb_rate
2016-10-21,-0.4,ecb_rate
2016-10-22,-0.4,ecb_rate
2016-10-23,-0.4,ecb_rate
2016-10-24,-0.4,ecb_rate
2016-10-25,-0.4,ecb_rate
2016-10-26,-0.4,ecb_rate
2016-10-27,-0.4,ecb_rate
2016-10-28,-0.4,ecb_rate
2016-10-29,-0.4,ecb_rate
2016-10-30,-0.4,ecb_rate
2016-10-31,-0.4,ecb_rate
2016-11-01,-0.4,ecb_rate
2016-11-02,-0.4,ecb_rate
2016-11-03,-0.4,ecb_rate
2016-11-04,-0.4,ecb_rate
2016-11-05,-0.4,ecb_rate
2016-11-06,-0.4,ecb_rate
2016-11-07,-0.4,ecb_rate
2016-11-08,-0.4,ecb_rate
2016-11-09,-0.4,ecb_rate
2016-11-10,-0.4,ecb_rate
2016-11-11,-0.4,ecb_rate
2016-11-12,-0.4,ecb_rate
2016-11-13,-0.4,ecb_rate
2016-11-14,-0.4,ecb_rate
2016-11-15,-0.4,ecb_rate
2016-11-16,-0.4,ecb_rate
2016-11-17,-0.4,ecb_rate
2016-11-18,-0.4,ecb_rate
2016-11-19,-0.4,ecb_rate
2016-11-20,-0.4,ecb_rate
2016-11-21,-0.4,ecb_rate
2016-11-22,-0.4,ecb_rate
2016-11-23,-0.4,ecb_rate
2016-11-24,-0.4,ecb_rate
2016-11-25,-0.4,ecb_rate
2016-11-26,-0.4,ecb_rate
2016-11-27,-0.4,ecb_rate
2016-11-28,-0.4,ecb_rate
2016-11-29,-0.4,ecb_rate
2016-11-30,-0.4,ecb_rate
2016-12-01,-0.4,ecb_rate
2016-12-02,-0.4,ecb_rate
2016-12-03,-0.4,ecb_rate
2016-12-04,-0.4,ecb_rate
2016-12-05,-0.4,ecb_rate
2016-12-06,-0.4,ecb_rate
2016-12-07,-0.4,ecb_rate
2016-12-08,-0.4,ecb_rate
2016-12-09,-0.4,ecb_rate
2016-12-10,-0.4,ecb_rate
2016-12-11,-0.4,ecb_rate
2016-12-12,-0.4,ecb_rate
2016-12-13,-0.4,ecb_rate
2016-12-14,-0.4,ecb_rate
2016-12-15,-0.4,ecb_rate
2016-12-16,-0.4,ecb_rate
2016-12-17,-0.4,ecb_rate
2016-12-18,-0.4,ecb_rate
2016-12-19,-0.4,ecb_rate
2016-12-20,-0.4,ecb_rate
2016-12-21,-0.4,ecb_rate
2016-12-22,-0.4,ecb_rate
2016-12-23,-0.4,ecb_rate
2016-12-24,-0.4,ecb_rate
2016-12-25,-0.4,ecb_rate
2016-12-26,-0.4,ecb_rate
2016-12-27,-0.4,ecb_rate
2016-12-28,-0.4,ecb_rate
2016-12-29,-0.4,ecb_rate
2016-12-30,-0.4,ecb_rate
2016-12-31,-0.4,ecb_rate
2017-01-01,-0.4,ecb_rate
2017-01-02,-0.4,ecb_rate
2017-01-03,-0.4,ecb_rate
2017-01-04,-0.4,ecb_rate
2017-01-05,-0.4,ecb_rate
2017-01-06,-0.4,ecb_rate
2017-01-07,-0.4,ecb_rate
2017-01-08,-0.4,ecb_rate
2017-01-09,-0.4,ecb_rate
2017-01-10,-0.4,ecb_rate
2017-01-11,-0.4,ecb_rate
2017-01-12,-0.4,ecb_rate
2017-01-13,-0.4,ecb_rate
2017-01-14,-0.4,ecb_rate
2017-01-15,-0.4,ecb_rate
2017-01-16,-0.4,ecb_rate
2017-01-17,-0.4,ecb_rate
2017-01-18,-0.4,ecb_rate
2017-01-19,-0.4,ecb_rate
2017-01-20,-0.4,ecb_rate
2017-01-21,-0.4,ecb_rate
2017-01-22,-0.4,ecb_rate
2017-01-23,-0.4,ecb_rate
2017-01-24,-0.4,ecb_rate
2017-01-25,-0.4,ecb_rate
2017-01-26,-0.4,ecb_rate
2017-01-27,-0.4,ecb_rate
2017-01-28,-0.4,ecb_rate
2017-01-29,-0.4,ecb_rate
2017-01-30,-0.4,ecb_rate
2017-01-31,-0.4,ecb_rate
2017-02-01,-0.4,ecb_rate
2017-02-02,-0.4,ecb_rate
2017-02-03,-0.4,ecb_rate
2017-02-04,-0.4,ecb_rate
2017-02-05,-0.4,ecb_rate
2017-02-06,-0.4,ecb_rate
2017-02-07,-0.4,ecb_rate
2017-02-08,-0.4,ecb_rate
2017-02-09,-0.4,ecb_rate
2017-02-10,-0.4,ecb_rate
2017-02-11,-0.4,ecb_rate
2017-02-12,-0.4,ecb_rate
2017-02-13,-0.4,ecb_rate
2017-02-14,-0.4,ecb_rate
2017-02-15,-0.4,ecb_rate
2017-02-16,-0.4,ecb_rate
2017-02-17,-0.4,ecb_rate
2017-02-18,-0.4,ecb_rate
2017-02-19,-0.4,ecb_rate
2017-02-20,-0.4,ecb_rate
2017-02-21,-0.4,ecb_rate
2017-02-22,-0.4,ecb_rate
2017-02-23,-0.4,ecb_rate
2017-02-24,-0.4,ecb_rate
2017-02-25,-0.4,ecb_rate
2017-02-26,-0.4,ecb_rate
2017-02-27,-0.4,ecb_rate
2017-02-28,-0.4,ecb_rate
2017-03-01,-0.4,ecb_rate
2017-03-02,-0.4,ecb_rate
2017-03-03,-0.4,ecb_rate
2017-03-04,-0.4,ecb_rate
2017-03-05,-0.4,ecb_rate
2017-03-06,-0.4,ecb_rate
2017-03-07,-0.4,ecb_rate
2017-03-08,-0.4,ecb_rate
2017-03-09,-0.4,ecb_rate
2017-03-10,-0.4,ecb_rate
2017-03-11,-0.4,ecb_rate
2017-03-12,-0.4,ecb_rate
2017-03-13,-0.4,ecb_rate
2017-03-14,-0.4,ecb_rate
2017-03-15,-0.4,ecb_rate
2017-03-16,-0.4,ecb_rate
2017-03-17,-0.4,ecb_rate
2017-03-18,-0.4,ecb_rate
2017-03-19,-0.4,ecb_rate
2017-03-20,-0.4,ecb_rate
2017-03-21,-0.4,ecb_rate
2017-03-22,-0.4,ecb_rate
2017-03-23,-0.4,ecb_rate
2017-03-24,-0.4,ecb_rate
2017-03-25,-0.4,ecb_rate
2017-03-26,-0.4,ecb_rate
2017-03-27,-0.4,ecb_rate
2017-03-28,-0.4,ecb_rate
2017-03-29,-0.4,ecb_rate
2017-03-30,-0.4,ecb_rate
2017-03-31,-0.4,ecb_rate
2017-04-01,-0.4,ecb_rate
2017-04-02,-0.4,ecb_rate
2017-04-03,-0.4,ecb_rate
2017-04-04,-0.4,ecb_rate
2017-04-05,-0.4,ecb_rate
2017-04-06,-0.4,ecb_rate
2017-04-07,-0.4,ecb_rate
2017-04-08,-0.4,ecb_rate
2017-04-09,-0.4,ecb_rate
2017-04-10,-0.4,ecb_rate
2017-04-11,-0.4,ecb_rate
2017-04-12,-0.4,ecb_rate
2017-04-13,-0.4,ecb_rate
2017-04-14,-0.4,ecb_rate
2017-04-15,-0.4,ecb_rate
2017-04-16,-0.4,ecb_rate
2017-04-17,-0.4,ecb_rate
2017-04-18,-0.4,ecb_rate
2017-04-19,-0.4,ecb_rate
2017-04-20,-0.4,ecb_rate
2017-04-21,-0.4,ecb_rate
2017-04-22,-0.4,ecb_rate
2017-04-23,-0.4,ecb_rate
2017-04-24,-0.4,ecb_rate
2017-04-25,-0.4,ecb_rate
2017-04-26,-0.4,ecb_rate
2017-04-27,-0.4,ecb_rate
2017-04-28,-0.4,ecb_rate
2017-04-29,-0.4,ecb_rate
2017-04-30,-0.4,ecb_rate
2017-05-01,-0.4,ecb_rate
2017-05-02,-0.4,ecb_rate
2017-05-03,-0.4,ecb_rate
2017-05-04,-0.4,ecb_rate
2017-05-05,-0.4,ecb_rate
2017-05-06,-0.4,ecb_rate
2017-05-07,-0.4,ecb_rate
2017-05-08,-0.4,ecb_rate
2017-05-09,-0.4,ecb_rate
2017-05-10,-0.4,ecb_rate
2017-05-11,-0.4,ecb_rate
2017-05-12,-0.4,ecb_rate
2017-05-13,-0.4,ecb_rate
2017-05-14,-0.4,ecb_rate
2017-05-15,-0.4,ecb_rate
2017-05-16,-0.4,ecb_rate
2017-05-17,-0.4,ecb_rate
2017-05-18,-0.4,ecb_rate
2017-05-19,-0.4,ecb_rate
2017-05-20,-0.4,ecb_rate
2017-05-21,-0.4,ecb_rate
2017-05-22,-0.4,ecb_rate
2017-05-23,-0.4,ecb_rate
2017-05-24,-0.4,ecb_rate
2017-05-25,-0.4,ecb_rate
2017-05-26,-0.4,ecb_rate
2017-05-27,-0.4,ecb_rate
2017-05-28,-0.4,ecb_rate
2017-05-29,-0.4,ecb_rate
2017-05-30,-0.4,ecb_rate
2017-05-31,-0.4,ecb_rate
2017-06-01,-0.4,ecb_rate
2017-06-02,-0.4,ecb_rate
2017-06-03,-0.4,ecb_rate
2017-06-04,-0.4,ecb_rate
2017-06-05,-0.4,ecb_rate
2017-06-06,-0.4,ecb_rate
2017-06-07,-0.4,ecb_rate
2017-06-08,-0.4,ecb_rate
2017-06-09,-0.4,ecb_rate
2017-06-10,-0.4,ecb_rate
2017-06-11,-0.4,ecb_rate
2017-06-12,-0.4,ecb_rate
2017-06-13,-0.4,ecb_rate
2017-06-14,-0.4,ecb_rate
2017-06-15,-0.4,ecb_rate
2017-06-16,-0.4,ecb_rate
2017-06-17,-0.4,ecb_rate
2017-06-18,-0.4,ecb_rate
2017-06-19,-0.4,ecb_rate
2017-06-20,-0.4,ecb_rate
2017-06-21,-0.4,ecb_rate
2017-06-22,-0.4,ecb_rate
2017-06-23,-0.4,ecb_rate
2017-06-24,-0.4,ecb_rate
2017-06-25,-0.4,ecb_rate
2017-06-26,-0.4,ecb_rate
2017-06-27,-0.4,ecb_rate
2017-06-28,-0.4,ecb_rate
2017-06-29,-0.4,ecb_rate
2017-06-30,-0.4,ecb_rate
2017-07-01,-0.4,ecb_rate
2017-07-02,-0.4,ecb_rate
2017-07-03,-0.4,ecb_rate
2017-07-04,-0.4,ecb_rate
2017-07-05,-0.4,ecb_rate
2017-07-06,-0.4,ecb_rate
2017-07-07,-0.4,ecb_rate
2017-07-08,-0.4,ecb_rate
2017-07-09,-0.4,ecb_rate
2017-07-10,-0.4,ecb_rate
2017-07-11,-0.4,ecb_rate
2017-07-12,-0.4,ecb_rate
2017-07-13,-0.4,ecb_rate
2017-07-14,-0.4,ecb_rate
2017-07-15,-0.4,ecb_rate
2017-07-16,-0.4,ecb_rate
2017-07-17,-0.4,ecb_rate
2017-07-18,-0.4,ecb_rate
2017-07-19,-0.4,ecb_rate
2017-07-20,-0.4,ecb_rate
2017-07-21,-0.4,ecb_rate
2017-07-22,-0.4,ecb_rate
2017-07-23,-0.4,ecb_rate
2017-07-24,-0.4,ecb_rate
2017-07-25,-0.4,ecb_rate
2017-07-26,-0.4,ecb_rate
2017-07-27,-0.4,ecb_rate
2017-07-28,-0.4,ecb_rate
2017-07-29,-0.4,ecb_rate
2017-07-30,-0.4,ecb_rate
2017-07-31,-0.4,ecb_rate
2017-08-01,-0.4,ecb_rate
2017-08-02,-0.4,ecb_rate
2017-08-03,-0.4,ecb_rate
2017-08-04,-0.4,ecb_rate
2017-08-05,-0.4,ecb_rate
2017-08-06,-0.4,ecb_rate
2017-08-07,-0.4,ecb_rate
2017-08-08,-0.4,ecb_rate
2017-08-09,-0.4,ecb_rate
2017-08-10,-0.4,ecb_rate
2017-08-11,-0.4,ecb_rate
2017-08-12,-0.4,ecb_rate
2017-08-13,-0.4,ecb_rate
2017-08-14,-0.4,ecb_rate
2017-08-15,-0.4,ecb_rate
2017-08-16,-0.4,ecb_rate
2017-08-17,-0.4,ecb_rate
2017-08-18,-0.4,ecb_rate
2017-08-19,-0.4,ecb_rate
2017-08-20,-0.4,ecb_rate
2017-08-21,-0.4,ecb_rate
2017-08-22,-0.4,ecb_rate
2017-08-23,-0.4,ecb_rate
2017-08-24,-0.4,ecb_rate
2017-08-25,-0.4,ecb_rate
2017-08-26,-0.4,ecb_rate
2017-08-27,-0.4,ecb_rate
2017-08-28,-0.4,ecb_rate
2017-08-29,-0.4,ecb_rate
2017-08-30,-0.4,ecb_rate
2017-08-31,-0.4,ecb_rate
2017-09-01,-0.4,ecb_rate
2017-09-02,-0.4,ecb_rate
2017-09-03,-0.4,ecb_rate
2017-09-04,-0.4,ecb_rate
2017-09-05,-0.4,ecb_rate
2017-09-06,-0.4,ecb_rate
2017-09-07,-0.4,ecb_rate
2017-09-08,-0.4,ecb_rate
2017-09-09,-0.4,ecb_rate
2017-09-10,-0.4,ecb_rate
2017-09-11,-0.4,ecb_rate
2017-09-12,-0.4,ecb_rate
2017-09-13,-0.4,ecb_rate
2017-09-14,-0.4,ecb_rate
2017-09-15,-0.4,ecb_rate
2017-09-16,-0.4,ecb_rate
2017-09-17,-0.4,ecb_rate
2017-09-18,-0.4,ecb_rate
2017-09-19,-0.4,ecb_rate
2017-09-20,-0.4,ecb_rate
2017-09-21,-0.4,ecb_rate
2017-09-22,-0.4,ecb_rate
2017-09-23,-0.4,ecb_rate
2017-09-24,-0.4,ecb_rate
2017-09-25,-0.4,ecb_rate
2017-09-26,-0.4,ecb_rate
2017-09-27,-0.4,ecb_rate
2017-09-28,-0.4,ecb_rate
2017-09-29,-0.4,ecb_rate
2017-09-30,-0.4,ecb_rate
2017-10-01,-0.4,ecb_rate
2017-10-02,-0.4,ecb_rate
2017-10-03,-0.4,ecb_rate
2017-10-04,-0.4,ecb_rate
2017-10-05,-0.4,ecb_rate
2017-10-06,-0.4,ecb_rate
2017-10-07,-0.4,ecb_rate
2017-10-08,-0.4,ecb_rate
2017-10-09,-0.4,ecb_rate
2017-10-10,-0.4,ecb_rate
2017-10-11,-0.4,ecb_rate
2017-10-12,-0.4,ecb_rate
2017-10-13,-0.4,ecb_rate
2017-10-14,-0.4,ecb_rate
2017-10-15,-0.4,ecb_rate
2017-10-16,-0.4,ecb_rate
2017-10-17,-0.4,ecb_rate
2017-10-18,-0.4,ecb_rate
2017-10-19,-0.4,ecb_rate
2017-10-20,-0.4,ecb_rate
2017-10-21,-0.4,ecb_rate
2017-10-22,-0.4,ecb_rate
2017-10-23,-0.4,ecb_rate
2017-10-24,-0.4,ecb_rate
2017-10-25,-0.4,ecb_rate
2017-10-26,-0.4,ecb_rate
2017-10-27,-0.4,ecb_rate
2017-10-28,-0.4,ecb_rate
2017-10-29,-0.4,ecb_rate
2017-10-30,-0.4,ecb_rate
2017-10-31,-0.4,ecb_rate
2017-11-01,-0.4,ecb_rate
2017-11-02,-0.4,ecb_rate
2017-11-03,-0.4,ecb_rate
2017-11-04,-0.4,ecb_rate
2017-11-05,-0.4,ecb_rate
2017-11-06,-0.4,ecb_rate
2017-11-07,-0.4,ecb_rate
2017-11-08,-0.4,ecb_rate
2017-11-09,-0.4,ecb_rate
2017-11-10,-0.4,ecb_rate
2017-11-11,-0.4,ecb_rate
2017-11-12,-0.4,ecb_rate
2017-11-13,-0.4,ecb_rate
2017-11-14,-0.4,ecb_rate
2017-11-15,-0.4,ecb_rate
2017-11-16,-0.4,ecb_rate
2017-11-17,-0.4,ecb_rate
2017-11-18,-0.4,ecb_rate
2017-11-19,-0.4,ecb_rate
2017-11-20,-0.4,ecb_rate
2017-11-21,-0.4,ecb_rate
2017-11-22,-0.4,ecb_rate
2017-11-23,-0.4,ecb_rate
2017-11-24,-0.4,ecb_rate
2017-11-25,-0.4,ecb_rate
2017-11-26,-0.4,ecb_rate
2017-11-27,-0.4,ecb_rate
2017-11-28,-0.4,ecb_rate
2017-11-29,-0.4,ecb_rate
2017-11-30,-0.4,ecb_rate
2017-12-01,-0.4,ecb_rate
2017-12-02,-0.4,ecb_rate
2017-12-03,-0.4,ecb_rate
2017-12-04,-0.4,ecb_rate
2017-12-05,-0.4,ecb_rate
2017-12-06,-0.4,ecb_rate
2017-12-07,-0.4,ecb_rate
2017-12-08,-0.4,ecb_rate
2017-12-09,-0.4,ecb_rate
2017-12-10,-0.4,ecb_rate
2017-12-11,-0.4,ecb_rate
2017-12-12,-0.4,ecb_rate
2017-12-13,-0.4,ecb_rate
2017-12-14,-0.4,ecb_rate
2017-12-15,-0.4,ecb_rate
2017-12-16,-0.4,ecb_rate
2017-12-17,-0.4,ecb_rate
2017-12-18,-0.4,ecb_rate
2017-12-19,-0.4,ecb_rate
2017-12-20,-0.4,ecb_rate
2017-12-21,-0.4,ecb_rate
2017-12-22,-0.4,ecb_rate
2017-12-23,-0.4,ecb_rate
2017-12-24,-0.4,ecb_rate
2017-12-25,-0.4,ecb_rate
2017-12-26,-0.4,ecb_rate
2017-12-27,-0.4,ecb_rate
2017-12-28,-0.4,ecb_rate
2017-12-29,-0.4,ecb_rate
2017-12-30,-0.4,ecb_rate
2017-12-31,-0.4,ecb_rate
2018-01-01,-0.4,ecb_rate
2018-01-02,-0.4,ecb_rate
2018-01-03,-0.4,ecb_rate
2018-01-04,-0.4,ecb_rate
2018-01-05,-0.4,ecb_rate
2018-01-06,-0.4,ecb_rate
2018-01-07,-0.4,ecb_rate
2018-01-08,-0.4,ecb_rate
2018-01-09,-0.4,ecb_rate
2018-01-10,-0.4,ecb_rate
2018-01-11,-0.4,ecb_rate
2018-01-12,-0.4,ecb_rate
2018-01-13,-0.4,ecb_rate
2018-01-14,-0.4,ecb_rate
2018-01-15,-0.4,ecb_rate
2018-01-16,-0.4,ecb_rate
2018-01-17,-0.4,ecb_rate
2018-01-18,-0.4,ecb_rate
2018-01-19,-0.4,ecb_rate
2018-01-20,-0.4,ecb_rate
2018-01-21,-0.4,ecb_rate
2018-01-22,-0.4,ecb_rate
2018-01-23,-0.4,ecb_rate
2018-01-24,-0.4,ecb_rate
2018-01-25,-0.4,ecb_rate
2018-01-26,-0.4,ecb_rate
2018-01-27,-0.4,ecb_rate
2018-01-28,-0.4,ecb_rate
2018-01-29,-0.4,ecb_rate
2018-01-30,-0.4,ecb_rate
2018-01-31,-0.4,ecb_rate
2018-02-01,-0.4,ecb_rate
2018-02-02,-0.4,ecb_rate
2018-02-03,-0.4,ecb_rate
2018-02-04,-0.4,ecb_rate
2018-02-05,-0.4,ecb_rate
2018-02-06,-0.4,ecb_rate
2018-02-07,-0.4,ecb_rate
2018-02-08,-0.4,ecb_rate
2018-02-09,-0.4,ecb_rate
2018-02-10,-0.4,ecb_rate
2018-02-11,-0.4,ecb_rate
2018-02-12,-0.4,ecb_rate
2018-02-13,-0.4,ecb_rate
2018-02-14,-0.4,ecb_rate
2018-02-15,-0.4,ecb_rate
2018-02-16,-0.4,ecb_rate
2018-02-17,-0.4,ecb_rate
2018-02-18,-0.4,ecb_rate
2018-02-19,-0.4,ecb_rate
2018-02-20,-0.4,ecb_rate
2018-02-21,-0.4,ecb_rate
2018-02-22,-0.4,ecb_rate
2018-02-23,-0.4,ecb_rate
2018-02-24,-0.4,ecb_rate
2018-02-25,-0.4,ecb_rate
2018-02-26,-0.4,ecb_rate
2018-02-27,-0.4,ecb_rate
2018-02-28,-0.4,ecb_rate
2018-03-01,-0.4,ecb_rate
2018-03-02,-0.4,ecb_rate
2018-03-03,-0.4,ecb_rate
2018-03-04,-0.4,ecb_rate
2018-03-05,-0.4,ecb_rate
2018-03-06,-0.4,ecb_rate
2018-03-07,-0.4,ecb_rate
2018-03-08,-0.4,ecb_rate
2018-03-09,-0.4,ecb_rate
2018-03-10,-0.4,ecb_rate
2018-03-11,-0.4,ecb_rate
2018-03-12,-0.4,ecb_rate
2018-03-13,-0.4,ecb_rate
2018-03-14,-0.4,ecb_rate
2018-03-15,-0.4,ecb_rate
2018-03-16,-0.4,ecb_rate
2018-03-17,-0.4,ecb_rate
2018-03-18,-0.4,ecb_rate
2018-03-19,-0.4,ecb_rate
2018-03-20,-0.4,ecb_rate
2018-03-21,-0.4,ecb_rate
2018-03-22,-0.4,ecb_rate
2018-03-23,-0.4,ecb_rate
2018-03-24,-0.4,ecb_rate
2018-03-25,-0.4,ecb_rate
2018-03-26,-0.4,ecb_rate
2018-03-27,-0.4,ecb_rate
2018-03-28,-0.4,ecb_rate
2018-03-29,-0.4,ecb_rate
2018-03-30,-0.4,ecb_rate
2018-03-31,-0.4,ecb_rate
2018-04-01,-0.4,ecb_rate
2018-04-02,-0.4,ecb_rate
2018-04-03,-0.4,ecb_rate
2018-04-04,-0.4,ecb_rate
2018-04-05,-0.4,ecb_rate
2018-04-06,-0.4,ecb_rate
2018-04-07,-0.4,ecb_rate
2018-04-08,-0.4,ecb_rate
2018-04-09,-0.4,ecb_rate
2018-04-10,-0.4,ecb_rate
2018-04-11,-0.4,ecb_rate
2018-04-12,-0.4,ecb_rate
2018-04-13,-0.4,ecb_rate
2018-04-14,-0.4,ecb_rate
2018-04-15,-0.4,ecb_rate
2018-04-16,-0.4,ecb_rate
2018-04-17,-0.4,ecb_rate
2018-04-18,-0.4,ecb_rate
2018-04-19,-0.4,ecb_rate
2018-04-20,-0.4,ecb_rate
2018-04-21,-0.4,ecb_rate
2018-04-22,-0.4,ecb_rate
2018-04-23,-0.4,ecb_rate
2018-04-24,-0.4,ecb_rate
2018-04-25,-0.4,ecb_rate
2018-04-26,-0.4,ecb_rate
2018-04-27,-0.4,ecb_rate
2018-04-28,-0.4,ecb_rate
2018-04-29,-0.4,ecb_rate
2018-04-30,-0.4,ecb_rate
2018-05-01,-0.4,ecb_rate
2018-05-02,-0.4,ecb_rate
2018-05-03,-0.4,ecb_rate
2018-05-04,-0.4,ecb_rate
2018-05-05,-0.4,ecb_rate
2018-05-06,-0.4,ecb_rate
2018-05-07,-0.4,ecb_rate
2018-05-08,-0.4,ecb_rate
2018-05-09,-0.4,ecb_rate
2018-05-10,-0.4,ecb_rate
2018-05-11,-0.4,ecb_rate
2018-05-12,-0.4,ecb_rate
2018-05-13,-0.4,ecb_rate
2018-05-14,-0.4,ecb_rate
2018-05-15,-0.4,ecb_rate
2018-05-16,-0.4,ecb_rate
2018-05-17,-0.4,ecb_rate
2018-05-18,-0.4,ecb_rate
2018-05-19,-0.4,ecb_rate
2018-05-20,-0.4,ecb_rate
2018-05-21,-0.4,ecb_rate
2018-05-22,-0.4,ecb_rate
2018-05-23,-0.4,ecb_rate
2018-05-24,-0.4,ecb_rate
2018-05-25,-0.4,ecb_rate
2018-05-26,-0.4,ecb_rate
2018-05-27,-0.4,ecb_rate
2018-05-28,-0.4,ecb_rate
2018-05-29,-0.4,ecb_rate
2018-05-30,-0.4,ecb_rate
2018-05-31,-0.4,ecb_rate
2018-06-01,-0.4,ecb_rate
2018-06-02,-0.4,ecb_rate
2018-06-03,-0.4,ecb_rate
2018-06-04,-0.4,ecb_rate
2018-06-05,-0.4,ecb_rate
2018-06-06,-0.4,ecb_rate
2018-06-07,-0.4,ecb_rate
2018-06-08,-0.4,ecb_rate
2018-06-09,-0.4,ecb_rate
2018-06-10,-0.4,ecb_rate
2018-06-11,-0.4,ecb_rate
2018-06-12,-0.4,ecb_rate
2018-06-13,-0.4,ecb_rate
2018-06-14,-0.4,ecb_rate
2018-06-15,-0.4,ecb_rate
2018-06-16,-0.4,ecb_rate
2018-06-17,-0.4,ecb_rate
2018-06-18,-0.4,ecb_rate
2018-06-19,-0.4,ecb_rate
2018-06-20,-0.4,ecb_rate
2018-06-21,-0.4,ecb_rate
2018-06-22,-0.4,ecb_rate
2018-06-23,-0.4,ecb_rate
2018-06-24,-0.4,ecb_rate
2018-06-25,-0.4,ecb_rate
2018-06-26,-0.4,ecb_rate
2018-06-27,-0.4,ecb_rate
2018-06-28,-0.4,ecb_rate
2018-06-29,-0.4,ecb_rate
2018-06-30,-0.4,ecb_rate
2018-07-01,-0.4,ecb_rate
2018-07-02,-0.4,ecb_rate
2018-07-03,-0.4,ecb_rate
2018-07-04,-0.4,ecb_rate
2018-07-05,-0.4,ecb_rate
2018-07-06,-0.4,ecb_rate
2018-07-07,-0.4,ecb_rate
2018-07-08,-0.4,ecb_rate
2018-07-09,-0.4,ecb_rate
2018-07-10,-0.4,ecb_rate
2018-07-11,-0.4,ecb_rate
2018-07-12,-0.4,ecb_rate
2018-07-13,-0.4,ecb_rate
2018-07-14,-0.4,ecb_rate
2018-07-15,-0.4,ecb_rate
2018-07-16,-0.4,ecb_rate
2018-07-17,-0.4,ecb_rate
2018-07-18,-0.4,ecb_rate
2018-07-19,-0.4,ecb_rate
2018-07-20,-0.4,ecb_rate
2018-07-21,-0.4,ecb_rate
2018-07-22,-0.4,ecb_rate
2018-07-23,-0.4,ecb_rate
2018-07-24,-0.4,ecb_rate
2018-07-25,-0.4,ecb_rate
2018-07-26,-0.4,ecb_rate
2018-07-27,-0.4,ecb_rate
2018-07-28,-0.4,ecb_rate
2018-07-29,-0.4,ecb_rate
2018-07-30,-0.4,ecb_rate
2018-07-31,-0.4,ecb_rate
2018-08-01,-0.4,ecb_rate
2018-08-02,-0.4,ecb_rate
2018-08-03,-0.4,ecb_rate
2018-08-04,-0.4,ecb_rate
2018-08-05,-0.4,ecb_rate
2018-08-06,-0.4,ecb_rate
2018-08-07,-0.4,ecb_rate
2018-08-08,-0.4,ecb_rate
2018-08-09,-0.4,ecb_rate
2018-08-10,-0.4,ecb_rate
2018-08-11,-0.4,ecb_rate
2018-08-12,-0.4,ecb_rate
2018-08-13,-0.4,ecb_rate
2018-08-14,-0.4,ecb_rate
2018-08-15,-0.4,ecb_rate
2018-08-16,-0.4,ecb_rate
2018-08-17,-0.4,ecb_rate
2018-08-18,-0.4,ecb_rate
2018-08-19,-0.4,ecb_rate
2018-08-20,-0.4,ecb_rate
2018-08-21,-0.4,ecb_rate
2018-08-22,-0.4,ecb_rate
2018-08-23,-0.4,ecb_rate
2018-08-24,-0.4,ecb_rate
2018-08-25,-0.4,ecb_rate
2018-08-26,-0.4,ecb_rate
2018-08-27,-0.4,ecb_rate
2018-08-28,-0.4,ecb_rate
2018-08-29,-0.4,ecb_rate
2018-08-30,-0.4,ecb_rate
2018-08-31,-0.4,ecb_rate
2018-09-01,-0.4,ecb_rate
2018-09-02,-0.4,ecb_rate
2018-09-03,-0.4,ecb_rate
2018-09-04,-0.4,ecb_rate
2018-09-05,-0.4,ecb_rate
2018-09-06,-0.4,ecb_rate
2018-09-07,-0.4,ecb_rate
2018-09-08,-0.4,ecb_rate
2018-09-09,-0.4,ecb_rate
2018-09-10,-0.4,ecb_rate
2018-09-11,-0.4,ecb_rate
2018-09-12,-0.4,ecb_rate
2018-09-13,-0.4,ecb_rate
2018-09-14,-0.4,ecb_rate
2018-09-15,-0.4,ecb_rate
2018-09-16,-0.4,ecb_rate
2018-09-17,-0.4,ecb_rate
2018-09-18,-0.4,ecb_rate
2018-09-19,-0.4,ecb_rate
2018-09-20,-0.4,ecb_rate
2018-09-21,-0.4,ecb_rate
2018-09-22,-0.4,ecb_rate
2018-09-23,-0.4,ecb_rate
2018-09-24,-0.4,ecb_rate
2018-09-25,-0.4,ecb_rate
2018-09-26,-0.4,ecb_rate
2018-09-27,-0.4,ecb_rate
2018-09-28,-0.4,ecb_rate
2018-09-29,-0.4,ecb_rate
2018-09-30,-0.4,ecb_rate
2018-10-01,-0.4,ecb_rate
2018-10-02,-0.4,ecb_rate
2018-10-03,-0.4,ecb_rate
2018-10-04,-0.4,ecb_rate
2018-10-05,-0.4,ecb_rate
2018-10-06,-0.4,ecb_rate
2018-10-07,-0.4,ecb_rate
2018-10-08,-0.4,ecb_rate
2018-10-09,-0.4,ecb_rate
2018-10-10,-0.4,ecb_rate
2018-10-11,-0.4,ecb_rate
2018-10-12,-0.4,ecb_rate
2018-10-13,-0.4,ecb_rate
2018-10-14,-0.4,ecb_rate
2018-10-15,-0.4,ecb_rate
2018-10-16,-0.4,ecb_rate
2018-10-17,-0.4,ecb_rate
2018-10-18,-0.4,ecb_rate
2018-10-19,-0.4,ecb_rate
2018-10-20,-0.4,ecb_rate
2018-10-21,-0.4,ecb_rate
2018-10-22,-0.4,ecb_rate
2018-10-23,-0.4,ecb_rate
2018-10-24,-0.4,ecb_rate
2018-10-25,-0.4,ecb_rate
2018-10-26,-0.4,ecb_rate
2018-10-27,-0.4,ecb_rate
2018-10-28,-0.4,ecb_rate
2018-10-29,-0.4,ecb_rate
2018-10-30,-0.4,ecb_rate
2018-10-31,-0.4,ecb_rate
2018-11-01,-0.4,ecb_rate
2018-11-02,-0.4,ecb_rate
2018-11-03,-0.4,ecb_rate
2018-11-04,-0.4,ecb_rate
2018-11-05,-0.4,ecb_rate
2018-11-06,-0.4,ecb_rate
2018-11-07,-0.4,ecb_rate
2018-11-08,-0.4,ecb_rate
2018-11-09,-0.4,ecb_rate
2018-11-10,-0.4,ecb_rate
2018-11-11,-0.4,ecb_rate
2018-11-12,-0.4,ecb_rate
2018-11-13,-0.4,ecb_rate
2018-11-14,-0.4,ecb_rate
2018-11-15,-0.4,ecb_rate
2018-11-16,-0.4,ecb_rate
2018-11-17,-0.4,ecb_rate
2018-11-18,-0.4,ecb_rate
2018-11-19,-0.4,ecb_rate
2018-11-20,-0.4,ecb_rate
2018-11-21,-0.4,ecb_rate
2018-11-22,-0.4,ecb_rate
2018-11-23,-0.4,ecb_rate
2018-11-24,-0.4,ecb_rate
2018-11-25,-0.4,ecb_rate
2018-11-26,-0.4,ecb_rate
2018-11-27,-0.4,ecb_rate
2018-11-28,-0.4,ecb_rate
2018-11-29,-0.4,ecb_rate
2018-11-30,-0.4,ecb_rate
2018-12-01,-0.4,ecb_rate
2018-12-02,-0.4,ecb_rate
2018-12-03,-0.4,ecb_rate
2018-12-04,-0.4,ecb_rate
2018-12-05,-0.4,ecb_rate
2018-12-06,-0.4,ecb_rate
2018-12-07,-0.4,ecb_rate
2018-12-08,-0.4,ecb_rate
2018-12-09,-0.4,ecb_rate
2018-12-10,-0.4,ecb_rate
2018-12-11,-0.4,ecb_rate
2018-12-12,-0.4,ecb_rate
2018-12-13,-0.4,ecb_rate
2018-12-14,-0.4,ecb_rate
2018-12-15,-0.4,ecb_rate
2018-12-16,-0.4,ecb_rate
2018-12-17,-0.4,ecb_rate
2018-12-18,-0.4,ecb_rate
2018-12-19,-0.4,ecb_rate
2018-12-20,-0.4,ecb_rate
2018-12-21,-0.4,ecb_rate
2018-12-22,-0.4,ecb_rate
2018-12-23,-0.4,ecb_rate
2018-12-24,-0.4,ecb_rate
2018-12-25,-0.4,ecb_rate
2018-12-26,-0.4,ecb_rate
2018-12-27,-0.4,ecb_rate
2018-12-28,-0.4,ecb_rate
2018-12-29,-0.4,ecb_rate
2018-12-30,-0.4,ecb_rate
2018-12-31,-0.4,ecb_rate
2019-01-01,-0.4,ecb_rate
2019-01-02,-0.4,ecb_rate
2019-01-03,-0.4,ecb_rate
2019-01-04,-0.4,ecb_rate
2019-01-05,-0.4,ecb_rate
2019-01-06,-0.4,ecb_rate
2019-01-07,-0.4,ecb_rate
2019-01-08,-0.4,ecb_rate
2019-01-09,-0.4,ecb_rate
2019-01-10,-0.4,ecb_rate
2019-01-11,-0.4,ecb_rate
2019-01-12,-0.4,ecb_rate
2019-01-13,-0.4,ecb_rate
2019-01-14,-0.4,ecb_rate
2019-01-15,-0.4,ecb_rate
2019-01-16,-0.4,ecb_rate
2019-01-17,-0.4,ecb_rate
2019-01-18,-0.4,ecb_rate
2019-01-19,-0.4,ecb_rate
2019-01-20,-0.4,ecb_rate
2019-01-21,-0.4,ecb_rate
2019-01-22,-0.4,ecb_rate
2019-01-23,-0.4,ecb_rate
2019-01-24,-0.4,ecb_rate
2019-01-25,-0.4,ecb_rate
2019-01-26,-0.4,ecb_rate
2019-01-27,-0.4,ecb_rate
2019-01-28,-0.4,ecb_rate
2019-01-29,-0.4,ecb_rate
2019-01-30,-0.4,ecb_rate
2019-01-31,-0.4,ecb_rate
2019-02-01,-0.4,ecb_rate
2019-02-02,-0.4,ecb_rate
2019-02-03,-0.4,ecb_rate
2019-02-04,-0.4,ecb_rate
2019-02-05,-0.4,ecb_rate
2019-02-06,-0.4,ecb_rate
2019-02-07,-0.4,ecb_rate
2019-02-08,-0.4,ecb_rate
2019-02-09,-0.4,ecb_rate
2019-02-10,-0.4,ecb_rate
2019-02-11,-0.4,ecb_rate
2019-02-12,-0.4,ecb_rate
2019-02-13,-0.4,ecb_rate
2019-02-14,-0.4,ecb_rate
2019-02-15,-0.4,ecb_rate
2019-02-16,-0.4,ecb_rate
2019-02-17,-0.4,ecb_rate
2019-02-18,-0.4,ecb_rate
2019-02-19,-0.4,ecb_rate
2019-02-20,-0.4,ecb_rate
2019-02-21,-0.4,ecb_rate
2019-02-22,-0.4,ecb_rate
2019-02-23,-0.4,ecb_rate
2019-02-24,-0.4,ecb_rate
2019-02-25,-0.4,ecb_rate
2019-02-26,-0.4,ecb_rate
2019-02-27,-0.4,ecb_rate
2019-02-28,-0.4,ecb_rate
2019-03-01,-0.4,ecb_rate
2019-03-02,-0.4,ecb_rate
2019-03-03,-0.4,ecb_rate
2019-03-04,-0.4,ecb_rate
2019-03-05,-0.4,ecb_rate
2019-03-06,-0.4,ecb_rate
2019-03-07,-0.4,ecb_rate
2019-03-08,-0.4,ecb_rate
2019-03-09,-0.4,ecb_rate
2019-03-10,-0.4,ecb_rate
2019-03-11,-0.4,ecb_rate
2019-03-12,-0.4,ecb_rate
2019-03-13,-0.4,ecb_rate
2019-03-14,-0.4,ecb_rate
2019-03-15,-0.4,ecb_rate
2019-03-16,-0.4,ecb_rate
2019-03-17,-0.4,ecb_rate
2019-03-18,-0.4,ecb_rate
2019-03-19,-0.4,ecb_rate
2019-03-20,-0.4,ecb_rate
2019-03-21,-0.4,ecb_rate
2019-03-22,-0.4,ecb_rate
2019-03-23,-0.4,ecb_rate
2019-03-24,-0.4,ecb_rate
2019-03-25,-0.4,ecb_rate
2019-03-26,-0.4,ecb_rate
2019-03-27,-0.4,ecb_rate
2019-03-28,-0.4,ecb_rate
2019-03-29,-0.4,ecb_rate
2019-03-30,-0.4,ecb_rate
2019-03-31,-0.4,ecb_rate
2019-04-01,-0.4,ecb_rate
2019-04-02,-0.4,ecb_rate
2019-04-03,-0.4,ecb_rate
2019-04-04,-0.4,ecb_rate
2019-04-05,-0.4,ecb_rate
2019-04-06,-0.4,ecb_rate
2019-04-07,-0.4,ecb_rate
2019-04-08,-0.4,ecb_rate
2019-04-09,-0.4,ecb_rate
2019-04-10,-0.4,ecb_rate
2019-04-11,-0.4,ecb_rate
2019-04-12,-0.4,ecb_rate
2019-04-13,-0.4,ecb_rate
2019-04-14,-0.4,ecb_rate
2019-04-15,-0.4,ecb_rate
2019-04-16,-0.4,ecb_rate
2019-04-17,-0.4,ecb_rate
2019-04-18,-0.4,ecb_rate
2019-04-19,-0.4,ecb_rate
2019-04-20,-0.4,ecb_rate
2019-04-21,-0.4,ecb_rate
2019-04-22,-0.4,ecb_rate
2019-04-23,-0.4,ecb_rate
2019-04-24,-0.4,ecb_rate
2019-04-25,-0.4,ecb_rate
2019-04-26,-0.4,ecb_rate
2019-04-27,-0.4,ecb_rate
2019-04-28,-0.4,ecb_rate
2019-04-29,-0.4,ecb_rate
2019-04-30,-0.4,ecb_rate
2019-05-01,-0.4,ecb_rate
2019-05-02,-0.4,ecb_rate
2019-05-03,-0.4,ecb_rate
2019-05-04,-0.4,ecb_rate
2019-05-05,-0.4,ecb_rate
2019-05-06,-0.4,ecb_rate
2019-05-07,-0.4,ecb_rate
2019-05-08,-0.4,ecb_rate
2019-05-09,-0.4,ecb_rate
2019-05-10,-0.4,ecb_rate
2019-05-11,-0.4,ecb_rate
2019-05-12,-0.4,ecb_rate
2019-05-13,-0.4,ecb_rate
2019-05-14,-0.4,ecb_rate
2019-05-15,-0.4,ecb_rate
2019-05-16,-0.4,ecb_rate
2019-05-17,-0.4,ecb_rate
2019-05-18,-0.4,ecb_rate
2019-05-19,-0.4,ecb_rate
2019-05-20,-0.4,ecb_rate
2019-05-21,-0.4,ecb_rate
2019-05-22,-0.4,ecb_rate
2019-05-23,-0.4,ecb_rate
2019-05-24,-0.4,ecb_rate
2019-05-25,-0.4,ecb_rate
2019-05-26,-0.4,ecb_rate
2019-05-27,-0.4,ecb_rate
2019-05-28,-0.4,ecb_rate
2019-05-29,-0.4,ecb_rate
2019-05-30,-0.4,ecb_rate
2019-05-31,-0.4,ecb_rate
2019-06-01,-0.4,ecb_rate
2019-06-02,-0.4,ecb_rate
2019-06-03,-0.4,ecb_rate
2019-06-04,-0.4,ecb_rate
2019-06-05,-0.4,ecb_rate
2019-06-06,-0.4,ecb_rate
2019-06-07,-0.4,ecb_rate
2019-06-08,-0.4,ecb_rate
2019-06-09,-0.4,ecb_rate
2019-06-10,-0.4,ecb_rate
2019-06-11,-0.4,ecb_rate
2019-06-12,-0.4,ecb_rate
2019-06-13,-0.4,ecb_rate
2019-06-14,-0.4,ecb_rate
2019-06-15,-0.4,ecb_rate
2019-06-16,-0.4,ecb_rate
2019-06-17,-0.4,ecb_rate
2019-06-18,-0.4,ecb_rate
2019-06-19,-0.4,ecb_rate
2019-06-20,-0.4,ecb_rate
2019-06-21,-0.4,ecb_rate
2019-06-22,-0.4,ecb_rate
2019-06-23,-0.4,ecb_rate
2019-06-24,-0.4,ecb_rate
2019-06-25,-0.4,ecb_rate
2019-06-26,-0.4,ecb_rate
2019-06-27,-0.4,ecb_rate
2019-06-28,-0.4,ecb_rate
2019-06-29,-0.4,ecb_rate
2019-06-30,-0.4,ecb_rate
2019-07-01,-0.4,ecb_rate
2019-07-02,-0.4,ecb_rate
2019-07-03,-0.4,ecb_rate
2019-07-04,-0.4,ecb_rate
2019-07-05,-0.4,ecb_rate
2019-07-06,-0.4,ecb_rate
2019-07-07,-0.4,ecb_rate
2019-07-08,-0.4,ecb_rate
2019-07-09,-0.4,ecb_rate
2019-07-10,-0.4,ecb_rate
2019-07-11,-0.4,ecb_rate
2019-07-12,-0.4,ecb_rate
2019-07-13,-0.4,ecb_rate
2019-07-14,-0.4,ecb_rate
2019-07-15,-0.4,ecb_rate
2019-07-16,-0.4,ecb_rate
2019-07-17,-0.4,ecb_rate
2019-07-18,-0.4,ecb_rate
2019-07-19,-0.4,ecb_rate
2019-07-20,-0.4,ecb_rate
2019-07-21,-0.4,ecb_rate
2019-07-22,-0.4,ecb_rate
2019-07-23,-0.4,ecb_rate
2019-07-24,-0.4,ecb_rate
2019-07-25,-0.4,ecb_rate
2019-07-26,-0.4,ecb_rate
2019-07-27,-0.4,ecb_rate
2019-07-28,-0.4,ecb_rate
2019-07-29,-0.4,ecb_rate
2019-07-30,-0.4,ecb_rate
2019-07-31,-0.4,ecb_rate
2019-08-01,-0.4,ecb_rate
2019-08-02,-0.4,ecb_rate
2019-08-03,-0.4,ecb_rate
2019-08-04,-0.4,ecb_rate
2019-08-05,-0.4,ecb_rate
2019-08-06,-0.4,ecb_rate
2019-08-07,-0.4,ecb_rate
2019-08-08,-0.4,ecb_rate
2019-08-09,-0.4,ecb_rate
2019-08-10,-0.4,ecb_rate
2019-08-11,-0.4,ecb_rate
2019-08-12,-0.4,ecb_rate
2019-08-13,-0.4,ecb_rate
2019-08-14,-0.4,ecb_rate
2019-08-15,-0.4,ecb_rate
2019-08-16,-0.4,ecb_rate
2019-08-17,-0.4,ecb_rate
2019-08-18,-0.4,ecb_rate
2019-08-19,-0.4,ecb_rate
2019-08-20,-0.4,ecb_rate
2019-08-21,-0.4,ecb_rate
2019-08-22,-0.4,ecb_rate
2019-08-23,-0.4,ecb_rate
2019-08-24,-0.4,ecb_rate
2019-08-25,-0.4,ecb_rate
2019-08-26,-0.4,ecb_rate
2019-08-27,-0.4,ecb_rate
2019-08-28,-0.4,ecb_rate
2019-08-29,-0.4,ecb_rate
2019-08-30,-0.4,ecb_rate
2019-08-31,-0.4,ecb_rate
2019-09-01,-0.4,ecb_rate
2019-09-02,-0.4,ecb_rate
2019-09-03,-0.4,ecb_rate
2019-09-04,-0.4,ecb_rate
2019-09-05,-0.4,ecb_rate
2019-09-06,-0.4,ecb_rate
2019-09-07,-0.4,ecb_rate
2019-09-08,-0.4,ecb_rate
2019-09-09,-0.4,ecb_rate
2019-09-10,-0.4,ecb_rate
2019-09-11,-0.4,ecb_rate
2019-09-12,-0.4,ecb_rate
2019-09-13,-0.4,ecb_rate
2019-09-14,-0.4,ecb_rate
2019-09-15,-0.4,ecb_rate
2019-09-16,-0.4,ecb_rate
2019-09-17,-0.4,ecb_rate
2019-09-18,-0.5,ecb_rate
2019-09-19,-0.5,ecb_rate
2019-09-20,-0.5,ecb_rate
2019-09-21,-0.5,ecb_rate
2019-09-22,-0.5,ecb_rate
2019-09-23,-0.5,ecb_rate
2019-09-24,-0.5,ecb_rate
2019-09-25,-0.5,ecb_rate
2019-09-26,-0.5,ecb_rate
2019-09-27,-0.5,ecb_rate
2019-09-28,-0.5,ecb_rate
2019-09-29,-0.5,ecb_rate
2019-09-30,-0.5,ecb_rate
2019-10-01,-0.5,ecb_rate
2019-10-02,-0.5,ecb_rate
2019-10-03,-0.5,ecb_rate
2019-10-04,-0.5,ecb_rate
2019-10-05,-0.5,ecb_rate
2019-10-06,-0.5,ecb_rate
2019-10-07,-0.5,ecb_rate
2019-10-08,-0.5,ecb_rate
2019-10-09,-0.5,ecb_rate
2019-10-10,-0.5,ecb_rate
2019-10-11,-0.5,ecb_rate
2019-10-12,-0.5,ecb_rate
2019-10-13,-0.5,ecb_rate
2019-10-14,-0.5,ecb_rate
2019-10-15,-0.5,ecb_rate
2019-10-16,-0.5,ecb_rate
2019-10-17,-0.5,ecb_rate
2019-10-18,-0.5,ecb_rate
2019-10-19,-0.5,ecb_rate
2019-10-20,-0.5,ecb_rate
2019-10-21,-0.5,ecb_rate
2019-10-22,-0.5,ecb_rate
2019-10-23,-0.5,ecb_rate
2019-10-24,-0.5,ecb_rate
2019-10-25,-0.5,ecb_rate
2019-10-26,-0.5,ecb_rate
2019-10-27,-0.5,ecb_rate
2019-10-28,-0.5,ecb_rate
2019-10-29,-0.5,ecb_rate
2019-10-30,-0.5,ecb_rate
2019-10-31,-0.5,ecb_rate
2019-11-01,-0.5,ecb_rate
2019-11-02,-0.5,ecb_rate
2019-11-03,-0.5,ecb_rate
2019-11-04,-0.5,ecb_rate
2019-11-05,-0.5,ecb_rate
2019-11-06,-0.5,ecb_rate
2019-11-07,-0.5,ecb_rate
2019-11-08,-0.5,ecb_rate
2019-11-09,-0.5,ecb_rate
2019-11-10,-0.5,ecb_rate
2019-11-11,-0.5,ecb_rate
2019-11-12,-0.5,ecb_rate
2019-11-13,-0.5,ecb_rate
2019-11-14,-0.5,ecb_rate
2019-11-15,-0.5,ecb_rate
2019-11-16,-0.5,ecb_rate
2019-11-17,-0.5,ecb_rate
2019-11-18,-0.5,ecb_rate
2019-11-19,-0.5,ecb_rate
2019-11-20,-0.5,ecb_rate
2019-11-21,-0.5,ecb_rate
2019-11-22,-0.5,ecb_rate
2019-11-23,-0.5,ecb_rate
2019-11-24,-0.5,ecb_rate
2019-11-25,-0.5,ecb_rate
2019-11-26,-0.5,ecb_rate
2019-11-27,-0.5,ecb_rate
2019-11-28,-0.5,ecb_rate
2019-11-29,-0.5,ecb_rate
2019-11-30,-0.5,ecb_rate
2019-12-01,-0.5,ecb_rate
2019-12-02,-0.5,ecb_rate
2019-12-03,-0.5,ecb_rate
2019-12-04,-0.5,ecb_rate
2019-12-05,-0.5,ecb_rate
2019-12-06,-0.5,ecb_rate
2019-12-07,-0.5,ecb_rate
2019-12-08,-0.5,ecb_rate
2019-12-09,-0.5,ecb_rate
2019-12-10,-0.5,ecb_rate
2019-12-11,-0.5,ecb_rate
2019-12-12,-0.5,ecb_rate
2019-12-13,-0.5,ecb_rate
2019-12-14,-0.5,ecb_rate
2019-12-15,-0.5,ecb_rate
2019-12-16,-0.5,ecb_rate
2019-12-17,-0.5,ecb_rate
2019-12-18,-0.5,ecb_rate
2019-12-19,-0.5,ecb_rate
2019-12-20,-0.5,ecb_rate
2019-12-21,-0.5,ecb_rate
2019-12-22,-0.5,ecb_rate
2019-12-23,-0.5,ecb_rate
2019-12-24,-0.5,ecb_rate
2019-12-25,-0.5,ecb_rate
2019-12-26,-0.5,ecb_rate
2019-12-27,-0.5,ecb_rate
2019-12-28,-0.5,ecb_rate
2019-12-29,-0.5,ecb_rate
2019-12-30,-0.5,ecb_rate
2019-12-31,-0.5,ecb_rate
2020-01-01,-0.5,ecb_rate
2020-01-02,-0.5,ecb_rate
2020-01-03,-0.5,ecb_rate
2020-01-04,-0.5,ecb_rate
2020-01-05,-0.5,ecb_rate
2020-01-06,-0.5,ecb_rate
2020-01-07,-0.5,ecb_rate
2020-01-08,-0.5,ecb_rate
2020-01-09,-0.5,ecb_rate
2020-01-10,-0.5,ecb_rate
2020-01-11,-0.5,ecb_rate
2020-01-12,-0.5,ecb_rate
2020-01-13,-0.5,ecb_rate
2020-01-14,-0.5,ecb_rate
2020-01-15,-0.5,ecb_rate
2020-01-16,-0.5,ecb_rate
2020-01-17,-0.5,ecb_rate
2020-01-18,-0.5,ecb_rate
2020-01-19,-0.5,ecb_rate
2020-01-20,-0.5,ecb_rate
2020-01-21,-0.5,ecb_rate
2020-01-22,-0.5,ecb_rate
2020-01-23,-0.5,ecb_rate
2020-01-24,-0.5,ecb_rate
2020-01-25,-0.5,ecb_rate
2020-01-26,-0.5,ecb_rate
2020-01-27,-0.5,ecb_rate
2020-01-28,-0.5,ecb_rate
2020-01-29,-0.5,ecb_rate
2020-01-30,-0.5,ecb_rate
2020-01-31,-0.5,ecb_rate
2020-02-01,-0.5,ecb_rate
2020-02-02,-0.5,ecb_rate
2020-02-03,-0.5,ecb_rate
2020-02-04,-0.5,ecb_rate
2020-02-05,-0.5,ecb_rate
2020-02-06,-0.5,ecb_rate
2020-02-07,-0.5,ecb_rate
2020-02-08,-0.5,ecb_rate
2020-02-09,-0.5,ecb_rate
2020-02-10,-0.5,ecb_rate
2020-02-11,-0.5,ecb_rate
2020-02-12,-0.5,ecb_rate
2020-02-13,-0.5,ecb_rate
2020-02-14,-0.5,ecb_rate
2020-02-15,-0.5,ecb_rate
2020-02-16,-0.5,ecb_rate
2020-02-17,-0.5,ecb_rate
2020-02-18,-0.5,ecb_rate
2020-02-19,-0.5,ecb_rate
2020-02-20,-0.5,ecb_rate
2020-02-21,-0.5,ecb_rate
2020-02-22,-0.5,ecb_rate
2020-02-23,-0.5,ecb_rate
2020-02-24,-0.5,ecb_rate
2020-02-25,-0.5,ecb_rate
2020-02-26,-0.5,ecb_rate
2020-02-27,-0.5,ecb_rate
2020-02-28,-0.5,ecb_rate
2020-02-29,-0.5,ecb_rate
2020-03-01,-0.5,ecb_rate
2020-03-02,-0.5,ecb_rate
2020-03-03,-0.5,ecb_rate
2020-03-04,-0.5,ecb_rate
2020-03-05,-0.5,ecb_rate
2020-03-06,-0.5,ecb_rate
2020-03-07,-0.5,ecb_rate
2020-03-08,-0.5,ecb_rate
2020-03-09,-0.5,ecb_rate
2020-03-10,-0.5,ecb_rate
2020-03-11,-0.5,ecb_rate
2020-03-12,-0.5,ecb_rate
2020-03-13,-0.5,ecb_rate
2020-03-14,-0.5,ecb_rate
2020-03-15,-0.5,ecb_rate
2020-03-16,-0.5,ecb_rate
2020-03-17,-0.5,ecb_rate
2020-03-18,-0.5,ecb_rate
2020-03-19,-0.5,ecb_rate
2020-03-20,-0.5,ecb_rate
2020-03-21,-0.5,ecb_rate
2020-03-22,-0.5,ecb_rate
2020-03-23,-0.5,ecb_rate
2020-03-24,-0.5,ecb_rate
2020-03-25,-0.5,ecb_rate
2020-03-26,-0.5,ecb_rate
2020-03-27,-0.5,ecb_rate
2020-03-28,-0.5,ecb_rate
2020-03-29,-0.5,ecb_rate
2020-03-30,-0.5,ecb_rate
2020-03-31,-0.5,ecb_rate
2020-04-01,-0.5,ecb_rate
2020-04-02,-0.5,ecb_rate
2020-04-03,-0.5,ecb_rate
2020-04-04,-0.5,ecb_rate
2020-04-05,-0.5,ecb_rate
2020-04-06,-0.5,ecb_rate
2020-04-07,-0.5,ecb_rate
2020-04-08,-0.5,ecb_rate
2020-04-09,-0.5,ecb_rate
2020-04-10,-0.5,ecb_rate
2020-04-11,-0.5,ecb_rate
2020-04-12,-0.5,ecb_rate
2020-04-13,-0.5,ecb_rate
2020-04-14,-0.5,ecb_rate
2020-04-15,-0.5,ecb_rate
2020-04-16,-0.5,ecb_rate
2020-04-17,-0.5,ecb_rate
2020-04-18,-0.5,ecb_rate
2020-04-19,-0.5,ecb_rate
2020-04-20,-0.5,ecb_rate
2020-04-21,-0.5,ecb_rate
2020-04-22,-0.5,ecb_rate
2020-04-23,-0.5,ecb_rate
2020-04-24,-0.5,ecb_rate
2020-04-25,-0.5,ecb_rate
2020-04-26,-0.5,ecb_rate
2020-04-27,-0.5,ecb_rate
2020-04-28,-0.5,ecb_rate
2020-04-29,-0.5,ecb_rate
2020-04-30,-0.5,ecb_rate
2020-05-01,-0.5,ecb_rate
2020-05-02,-0.5,ecb_rate
2020-05-03,-0.5,ecb_rate
2020-05-04,-0.5,ecb_rate
2020-05-05,-0.5,ecb_rate
2020-05-06,-0.5,ecb_rate
2020-05-07,-0.5,ecb_rate
2020-05-08,-0.5,ecb_rate
2020-05-09,-0.5,ecb_rate
2020-05-10,-0.5,ecb_rate
2020-05-11,-0.5,ecb_rate
2020-05-12,-0.5,ecb_rate
2020-05-13,-0.5,ecb_rate
2020-05-14,-0.5,ecb_rate
2020-05-15,-0.5,ecb_rate
2020-05-16,-0.5,ecb_rate
2020-05-17,-0.5,ecb_rate
2020-05-18,-0.5,ecb_rate
2020-05-19,-0.5,ecb_rate
2020-05-20,-0.5,ecb_rate
2020-05-21,-0.5,ecb_rate
2020-05-22,-0.5,ecb_rate
2020-05-23,-0.5,ecb_rate
2020-05-24,-0.5,ecb_rate
2020-05-25,-0.5,ecb_rate
2020-05-26,-0.5,ecb_rate
2020-05-27,-0.5,ecb_rate
2020-05-28,-0.5,ecb_rate
2020-05-29,-0.5,ecb_rate
2020-05-30,-0.5,ecb_rate
2020-05-31,-0.5,ecb_rate
2020-06-01,-0.5,ecb_rate
2020-06-02,-0.5,ecb_rate
2020-06-03,-0.5,ecb_rate
2020-06-04,-0.5,ecb_rate
2020-06-05,-0.5,ecb_rate
2020-06-06,-0.5,ecb_rate
2020-06-07,-0.5,ecb_rate
2020-06-08,-0.5,ecb_rate
2020-06-09,-0.5,ecb_rate
2020-06-10,-0.5,ecb_rate
2020-06-11,-0.5,ecb_rate
2020-06-12,-0.5,ecb_rate
2020-06-13,-0.5,ecb_rate
2020-06-14,-0.5,ecb_rate
2020-06-15,-0.5,ecb_rate
2020-06-16,-0.5,ecb_rate
2020-06-17,-0.5,ecb_rate
2020-06-18,-0.5,ecb_rate
2020-06-19,-0.5,ecb_rate
2020-06-20,-0.5,ecb_rate
2020-06-21,-0.5,ecb_rate
2020-06-22,-0.5,ecb_rate
2020-06-23,-0.5,ecb_rate
2020-06-24,-0.5,ecb_rate
2020-06-25,-0.5,ecb_rate
2020-06-26,-0.5,ecb_rate
2020-06-27,-0.5,ecb_rate
2020-06-28,-0.5,ecb_rate
2020-06-29,-0.5,ecb_rate
2020-06-30,-0.5,ecb_rate
2020-07-01,-0.5,ecb_rate
2020-07-02,-0.5,ecb_rate
2020-07-03,-0.5,ecb_rate
2020-07-04,-0.5,ecb_rate
2020-07-05,-0.5,ecb_rate
2020-07-06,-0.5,ecb_rate
2020-07-07,-0.5,ecb_rate
2020-07-08,-0.5,ecb_rate
2020-07-09,-0.5,ecb_rate
2020-07-10,-0.5,ecb_rate
2020-07-11,-0.5,ecb_rate
2020-07-12,-0.5,ecb_rate
2020-07-13,-0.5,ecb_rate
2020-07-14,-0.5,ecb_rate
2020-07-15,-0.5,ecb_rate
2020-07-16,-0.5,ecb_rate
2020-07-17,-0.5,ecb_rate
2020-07-18,-0.5,ecb_rate
2020-07-19,-0.5,ecb_rate
2020-07-20,-0.5,ecb_rate
2020-07-21,-0.5,ecb_rate
2020-07-22,-0.5,ecb_rate
2020-07-23,-0.5,ecb_rate
2020-07-24,-0.5,ecb_rate
2020-07-25,-0.5,ecb_rate
2020-07-26,-0.5,ecb_rate
2020-07-27,-0.5,ecb_rate
2020-07-28,-0.5,ecb_rate
2020-07-29,-0.5,ecb_rate
2020-07-30,-0.5,ecb_rate
2020-07-31,-0.5,ecb_rate
2020-08-01,-0.5,ecb_rate
2020-08-02,-0.5,ecb_rate
2020-08-03,-0.5,ecb_rate
2020-08-04,-0.5,ecb_rate
2020-08-05,-0.5,ecb_rate
2020-08-06,-0.5,ecb_rate
2020-08-07,-0.5,ecb_rate
2020-08-08,-0.5,ecb_rate
2020-08-09,-0.5,ecb_rate
2020-08-10,-0.5,ecb_rate
2020-08-11,-0.5,ecb_rate
2020-08-12,-0.5,ecb_rate
2020-08-13,-0.5,ecb_rate
2020-08-14,-0.5,ecb_rate
2020-08-15,-0.5,ecb_rate
2020-08-16,-0.5,ecb_rate
2020-08-17,-0.5,ecb_rate
2020-08-18,-0.5,ecb_rate
2020-08-19,-0.5,ecb_rate
2020-08-20,-0.5,ecb_rate
2020-08-21,-0.5,ecb_rate
2020-08-22,-0.5,ecb_rate
2020-08-23,-0.5,ecb_rate
2020-08-24,-0.5,ecb_rate
2020-08-25,-0.5,ecb_rate
2020-08-26,-0.5,ecb_rate
2020-08-27,-0.5,ecb_rate
2020-08-28,-0.5,ecb_rate
2020-08-29,-0.5,ecb_rate
2020-08-30,-0.5,ecb_rate
2020-08-31,-0.5,ecb_rate
2020-09-01,-0.5,ecb_rate
2020-09-02,-0.5,ecb_rate
2020-09-03,-0.5,ecb_rate
2020-09-04,-0.5,ecb_rate
2020-09-05,-0.5,ecb_rate
2020-09-06,-0.5,ecb_rate
2020-09-07,-0.5,ecb_rate
2020-09-08,-0.5,ecb_rate
2020-09-09,-0.5,ecb_rate
2020-09-10,-0.5,ecb_rate
2020-09-11,-0.5,ecb_rate
2020-09-12,-0.5,ecb_rate
2020-09-13,-0.5,ecb_rate
2020-09-14,-0.5,ecb_rate
2020-09-15,-0.5,ecb_rate
2020-09-16,-0.5,ecb_rate
2020-09-17,-0.5,ecb_rate
2020-09-18,-0.5,ecb_rate
2020-09-19,-0.5,ecb_rate
2020-09-20,-0.5,ecb_rate
2020-09-21,-0.5,ecb_rate
2020-09-22,-0.5,ecb_rate
2020-09-23,-0.5,ecb_rate
2020-09-24,-0.5,ecb_rate
2020-09-25,-0.5,ecb_rate
2020-09-26,-0.5,ecb_rate
2020-09-27,-0.5,ecb_rate
2020-09-28,-0.5,ecb_rate
2020-09-29,-0.5,ecb_rate
2020-09-30,-0.5,ecb_rate
2020-10-01,-0.5,ecb_rate
2020-10-02,-0.5,ecb_rate
2020-10-03,-0.5,ecb_rate
2020-10-04,-0.5,ecb_rate
2020-10-05,-0.5,ecb_rate
2020-10-06,-0.5,ecb_rate
2020-10-07,-0.5,ecb_rate
2020-10-08,-0.5,ecb_rate
2020-10-09,-0.5,ecb_rate
2020-10-10,-0.5,ecb_rate
2020-10-11,-0.5,ecb_rate
2020-10-12,-0.5,ecb_rate
2020-10-13,-0.5,ecb_rate
2020-10-14,-0.5,ecb_rate
2020-10-15,-0.5,ecb_rate
2020-10-16,-0.5,ecb_rate
2020-10-17,-0.5,ecb_rate
2020-10-18,-0.5,ecb_rate
2020-10-19,-0.5,ecb_rate
2020-10-20,-0.5,ecb_rate
2020-10-21,-0.5,ecb_rate
2020-10-22,-0.5,ecb_rate
2020-10-23,-0.5,ecb_rate
2020-10-24,-0.5,ecb_rate
2020-10-25,-0.5,ecb_rate
2020-10-26,-0.5,ecb_rate
2020-10-27,-0.5,ecb_rate
2020-10-28,-0.5,ecb_rate
2020-10-29,-0.5,ecb_rate
2020-10-30,-0.5,ecb_rate
2020-10-31,-0.5,ecb_rate
2020-11-01,-0.5,ecb_rate
2020-11-02,-0.5,ecb_rate
2020-11-03,-0.5,ecb_rate
2020-11-04,-0.5,ecb_rate
2020-11-05,-0.5,ecb_rate
2020-11-06,-0.5,ecb_rate
2020-11-07,-0.5,ecb_rate
2020-11-08,-0.5,ecb_rate
2020-11-09,-0.5,ecb_rate
2020-11-10,-0.5,ecb_rate
2020-11-11,-0.5,ecb_rate
2020-11-12,-0.5,ecb_rate
2020-11-13,-0.5,ecb_rate
2020-11-14,-0.5,ecb_rate
2020-11-15,-0.5,ecb_rate
2020-11-16,-0.5,ecb_rate
2020-11-17,-0.5,ecb_rate
2020-11-18,-0.5,ecb_rate
2020-11-19,-0.5,ecb_rate
2020-11-20,-0.5,ecb_rate
2020-11-21,-0.5,ecb_rate
2020-11-22,-0.5,ecb_rate
2020-11-23,-0.5,ecb_rate
2020-11-24,-0.5,ecb_rate
2020-11-25,-0.5,ecb_rate
2020-11-26,-0.5,ecb_rate
2020-11-27,-0.5,ecb_rate
2020-11-28,-0.5,ecb_rate
2020-11-29,-0.5,ecb_rate
2020-11-30,-0.5,ecb_rate
2020-12-01,-0.5,ecb_rate
2020-12-02,-0.5,ecb_rate
2020-12-03,-0.5,ecb_rate
2020-12-04,-0.5,ecb_rate
2020-12-05,-0.5,ecb_rate
2020-12-06,-0.5,ecb_rate
2020-12-07,-0.5,ecb_rate
2020-12-08,-0.5,ecb_rate
2020-12-09,-0.5,ecb_rate
2020-12-10,-0.5,ecb_rate
2020-12-11,-0.5,ecb_rate
2020-12-12,-0.5,ecb_rate
2020-12-13,-0.5,ecb_rate
2020-12-14,-0.5,ecb_rate
2020-12-15,-0.5,ecb_rate
2020-12-16,-0.5,ecb_rate
2020-12-17,-0.5,ecb_rate
2020-12-18,-0.5,ecb_rate
2020-12-19,-0.5,ecb_rate
2020-12-20,-0.5,ecb_rate
2020-12-21,-0.5,ecb_rate
2020-12-22,-0.5,ecb_rate
2020-12-23,-0.5,ecb_rate
2020-12-24,-0.5,ecb_rate
2020-12-25,-0.5,ecb_rate
2020-12-26,-0.5,ecb_rate
2020-12-27,-0.5,ecb_rate
2020-12-28,-0.5,ecb_rate
2020-12-29,-0.5,ecb_rate
2020-12-30,-0.5,ecb_rate
2020-12-31,-0.5,ecb_rate
2021-01-01,-0.5,ecb_rate
2021-01-02,-0.5,ecb_rate
2021-01-03,-0.5,ecb_rate
2021-01-04,-0.5,ecb_rate
2021-01-05,-0.5,ecb_rate
2021-01-06,-0.5,ecb_rate
2021-01-07,-0.5,ecb_rate
2021-01-08,-0.5,ecb_rate
2021-01-09,-0.5,ecb_rate
2021-01-10,-0.5,ecb_rate
2021-01-11,-0.5,ecb_rate
2021-01-12,-0.5,ecb_rate
2021-01-13,-0.5,ecb_rate
2021-01-14,-0.5,ecb_rate
2021-01-15,-0.5,ecb_rate
2021-01-16,-0.5,ecb_rate
2021-01-17,-0.5,ecb_rate
2021-01-18,-0.5,ecb_rate
2021-01-19,-0.5,ecb_rate
2021-01-20,-0.5,ecb_rate
2021-01-21,-0.5,ecb_rate
2021-01-22,-0.5,ecb_rate
2021-01-23,-0.5,ecb_rate
2021-01-24,-0.5,ecb_rate
2021-01-25,-0.5,ecb_rate
2021-01-26,-0.5,ecb_rate
2021-01-27,-0.5,ecb_rate
2021-01-28,-0.5,ecb_rate
2021-01-29,-0.5,ecb_rate
2021-01-30,-0.5,ecb_rate
2021-01-31,-0.5,ecb_rate
2021-02-01,-0.5,ecb_rate
2021-02-02,-0.5,ecb_rate
2021-02-03,-0.5,ecb_rate
2021-02-04,-0.5,ecb_rate
2021-02-05,-0.5,ecb_rate
2021-02-06,-0.5,ecb_rate
2021-02-07,-0.5,ecb_rate
2021-02-08,-0.5,ecb_rate
2021-02-09,-0.5,ecb_rate
2021-02-10,-0.5,ecb_rate
2021-02-11,-0.5,ecb_rate
2021-02-12,-0.5,ecb_rate
2021-02-13,-0.5,ecb_rate
2021-02-14,-0.5,ecb_rate
2021-02-15,-0.5,ecb_rate
2021-02-16,-0.5,ecb_rate
2021-02-17,-0.5,ecb_rate
2021-02-18,-0.5,ecb_rate
2021-02-19,-0.5,ecb_rate
2021-02-20,-0.5,ecb_rate
2021-02-21,-0.5,ecb_rate
2021-02-22,-0.5,ecb_rate
2021-02-23,-0.5,ecb_rate
2021-02-24,-0.5,ecb_rate
2021-02-25,-0.5,ecb_rate
2021-02-26,-0.5,ecb_rate
2021-02-27,-0.5,ecb_rate
2021-02-28,-0.5,ecb_rate
2021-03-01,-0.5,ecb_rate
2021-03-02,-0.5,ecb_rate
2021-03-03,-0.5,ecb_rate
2021-03-04,-0.5,ecb_rate
2021-03-05,-0.5,ecb_rate
2021-03-06,-0.5,ecb_rate
2021-03-07,-0.5,ecb_rate
2021-03-08,-0.5,ecb_rate
2021-03-09,-0.5,ecb_rate
2021-03-10,-0.5,ecb_rate
2021-03-11,-0.5,ecb_rate
2021-03-12,-0.5,ecb_rate
2021-03-13,-0.5,ecb_rate
2021-03-14,-0.5,ecb_rate
2021-03-15,-0.5,ecb_rate
2021-03-16,-0.5,ecb_rate
2021-03-17,-0.5,ecb_rate
2021-03-18,-0.5,ecb_rate
2021-03-19,-0.5,ecb_rate
2021-03-20,-0.5,ecb_rate
2021-03-21,-0.5,ecb_rate
2021-03-22,-0.5,ecb_rate
2021-03-23,-0.5,ecb_rate
2021-03-24,-0.5,ecb_rate
2021-03-25,-0.5,ecb_rate
2021-03-26,-0.5,ecb_rate
2021-03-27,-0.5,ecb_rate
2021-03-28,-0.5,ecb_rate
2021-03-29,-0.5,ecb_rate
2021-03-30,-0.5,ecb_rate
2021-03-31,-0.5,ecb_rate
2021-04-01,-0.5,ecb_rate
2021-04-02,-0.5,ecb_rate
2021-04-03,-0.5,ecb_rate
2021-04-04,-0.5,ecb_rate
2021-04-05,-0.5,ecb_rate
2021-04-06,-0.5,ecb_rate
2021-04-07,-0.5,ecb_rate
2021-04-08,-0.5,ecb_rate
2021-04-09,-0.5,ecb_rate
2021-04-10,-0.5,ecb_rate
2021-04-11,-0.5,ecb_rate
2021-04-12,-0.5,ecb_rate
2021-04-13,-0.5,ecb_rate
2021-04-14,-0.5,ecb_rate
2021-04-15,-0.5,ecb_rate
2021-04-16,-0.5,ecb_rate
2021-04-17,-0.5,ecb_rate
2021-04-18,-0.5,ecb_rate
2021-04-19,-0.5,ecb_rate
2021-04-20,-0.5,ecb_rate
2021-04-21,-0.5,ecb_rate
2021-04-22,-0.5,ecb_rate
2021-04-23,-0.5,ecb_rate
2021-04-24,-0.5,ecb_rate
2021-04-25,-0.5,ecb_rate
2021-04-26,-0.5,ecb_rate
2021-04-27,-0.5,ecb_rate
2021-04-28,-0.5,ecb_rate
2021-04-29,-0.5,ecb_rate
2021-04-30,-0.5,ecb_rate
2021-05-01,-0.5,ecb_rate
2021-05-02,-0.5,ecb_rate
2021-05-03,-0.5,ecb_rate
2021-05-04,-0.5,ecb_rate
2021-05-05,-0.5,ecb_rate
2021-05-06,-0.5,ecb_rate
2021-05-07,-0.5,ecb_rate
2021-05-08,-0.5,ecb_rate
2021-05-09,-0.5,ecb_rate
2021-05-10,-0.5,ecb_rate
2021-05-11,-0.5,ecb_rate
2021-05-12,-0.5,ecb_rate
2021-05-13,-0.5,ecb_rate
2021-05-14,-0.5,ecb_rate
2021-05-15,-0.5,ecb_rate
2021-05-16,-0.5,ecb_rate
2021-05-17,-0.5,ecb_rate
2021-05-18,-0.5,ecb_rate
2021-05-19,-0.5,ecb_rate
2021-05-20,-0.5,ecb_rate
2021-05-21,-0.5,ecb_rate
2021-05-22,-0.5,ecb_rate
2021-05-23,-0.5,ecb_rate
2021-05-24,-0.5,ecb_rate
2021-05-25,-0.5,ecb_rate
2021-05-26,-0.5,ecb_rate
2021-05-27,-0.5,ecb_rate
2021-05-28,-0.5,ecb_rate
2021-05-29,-0.5,ecb_rate
2021-05-30,-0.5,ecb_rate
2021-05-31,-0.5,ecb_rate
2021-06-01,-0.5,ecb_rate
2021-06-02,-0.5,ecb_rate
2021-06-03,-0.5,ecb_rate
2021-06-04,-0.5,ecb_rate
2021-06-05,-0.5,ecb_rate
2021-06-06,-0.5,ecb_rate
2021-06-07,-0.5,ecb_rate
2021-06-08,-0.5,ecb_rate
2021-06-09,-0.5,ecb_rate
2021-06-10,-0.5,ecb_rate
2021-06-11,-0.5,ecb_rate
2021-06-12,-0.5,ecb_rate
2021-06-13,-0.5,ecb_rate
2021-06-14,-0.5,ecb_rate
2021-06-15,-0.5,ecb_rate
2021-06-16,-0.5,ecb_rate
2021-06-17,-0.5,ecb_rate
2021-06-18,-0.5,ecb_rate
2021-06-19,-0.5,ecb_rate
2021-06-20,-0.5,ecb_rate
2021-06-21,-0.5,ecb_rate
2021-06-22,-0.5,ecb_rate
2021-06-23,-0.5,ecb_rate
2021-06-24,-0.5,ecb_rate
2021-06-25,-0.5,ecb_rate
2021-06-26,-0.5,ecb_rate
2021-06-27,-0.5,ecb_rate
2021-06-28,-0.5,ecb_rate
2021-06-29,-0.5,ecb_rate
2021-06-30,-0.5,ecb_rate
2021-07-01,-0.5,ecb_rate
2021-07-02,-0.5,ecb_rate
2021-07-03,-0.5,ecb_rate
2021-07-04,-0.5,ecb_rate
2021-07-05,-0.5,ecb_rate
2021-07-06,-0.5,ecb_rate
2021-07-07,-0.5,ecb_rate
2021-07-08,-0.5,ecb_rate
2021-07-09,-0.5,ecb_rate
2021-07-10,-0.5,ecb_rate
2021-07-11,-0.5,ecb_rate
2021-07-12,-0.5,ecb_rate
2021-07-13,-0.5,ecb_rate
2021-07-14,-0.5,ecb_rate
2021-07-15,-0.5,ecb_rate
2021-07-16,-0.5,ecb_rate
2021-07-17,-0.5,ecb_rate
2021-07-18,-0.5,ecb_rate
2021-07-19,-0.5,ecb_rate
2021-07-20,-0.5,ecb_rate
2021-07-21,-0.5,ecb_rate
2021-07-22,-0.5,ecb_rate
2021-07-23,-0.5,ecb_rate
2021-07-24,-0.5,ecb_rate
2021-07-25,-0.5,ecb_rate
2021-07-26,-0.5,ecb_rate
2021-07-27,-0.5,ecb_rate
2021-07-28,-0.5,ecb_rate
2021-07-29,-0.5,ecb_rate
2021-07-30,-0.5,ecb_rate
2021-07-31,-0.5,ecb_rate
2021-08-01,-0.5,ecb_rate
2021-08-02,-0.5,ecb_rate
2021-08-03,-0.5,ecb_rate
2021-08-04,-0.5,ecb_rate
2021-08-05,-0.5,ecb_rate
2021-08-06,-0.5,ecb_rate
2021-08-07,-0.5,ecb_rate
2021-08-08,-0.5,ecb_rate
2021-08-09,-0.5,ecb_rate
2021-08-10,-0.5,ecb_rate
2021-08-11,-0.5,ecb_rate
2021-08-12,-0.5,ecb_rate
2021-08-13,-0.5,ecb_rate
2021-08-14,-0.5,ecb_rate
2021-08-15,-0.5,ecb_rate
2021-08-16,-0.5,ecb_rate
2021-08-17,-0.5,ecb_rate
2021-08-18,-0.5,ecb_rate
2021-08-19,-0.5,ecb_rate
2021-08-20,-0.5,ecb_rate
2021-08-21,-0.5,ecb_rate
2021-08-22,-0.5,ecb_rate
2021-08-23,-0.5,ecb_rate
2021-08-24,-0.5,ecb_rate
2021-08-25,-0.5,ecb_rate
2021-08-26,-0.5,ecb_rate
2021-08-27,-0.5,ecb_rate
2021-08-28,-0.5,ecb_rate
2021-08-29,-0.5,ecb_rate
2021-08-30,-0.5,ecb_rate
2021-08-31,-0.5,ecb_rate
2021-09-01,-0.5,ecb_rate
2021-09-02,-0.5,ecb_rate
2021-09-03,-0.5,ecb_rate
2021-09-04,-0.5,ecb_rate
2021-09-05,-0.5,ecb_rate
2021-09-06,-0.5,ecb_rate
2021-09-07,-0.5,ecb_rate
2021-09-08,-0.5,ecb_rate
2021-09-09,-0.5,ecb_rate
2021-09-10,-0.5,ecb_rate
2021-09-11,-0.5,ecb_rate
2021-09-12,-0.5,ecb_rate
2021-09-13,-0.5,ecb_rate
2021-09-14,-0.5,ecb_rate
2021-09-15,-0.5,ecb_rate
2021-09-16,-0.5,ecb_rate
2021-09-17,-0.5,ecb_rate
2021-09-18,-0.5,ecb_rate
2021-09-19,-0.5,ecb_rate
2021-09-20,-0.5,ecb_rate
2021-09-21,-0.5,ecb_rate
2021-09-22,-0.5,ecb_rate
2021-09-23,-0.5,ecb_rate
2021-09-24,-0.5,ecb_rate
2021-09-25,-0.5,ecb_rate
2021-09-26,-0.5,ecb_rate
2021-09-27,-0.5,ecb_rate
2021-09-28,-0.5,ecb_rate
2021-09-29,-0.5,ecb_rate
2021-09-30,-0.5,ecb_rate
2021-10-01,-0.5,ecb_rate
2021-10-02,-0.5,ecb_rate
2021-10-03,-0.5,ecb_rate
2021-10-04,-0.5,ecb_rate
2021-10-05,-0.5,ecb_rate
2021-10-06,-0.5,ecb_rate
2021-10-07,-0.5,ecb_rate
2021-10-08,-0.5,ecb_rate
2021-10-09,-0.5,ecb_rate
2021-10-10,-0.5,ecb_rate
2021-10-11,-0.5,ecb_rate
2021-10-12,-0.5,ecb_rate
2021-10-13,-0.5,ecb_rate
2021-10-14,-0.5,ecb_rate
2021-10-15,-0.5,ecb_rate
2021-10-16,-0.5,ecb_rate
2021-10-17,-0.5,ecb_rate
2021-10-18,-0.5,ecb_rate
2021-10-19,-0.5,ecb_rate
2021-10-20,-0.5,ecb_rate
2021-10-21,-0.5,ecb_rate
2021-10-22,-0.5,ecb_rate
2021-10-23,-0.5,ecb_rate
2021-10-24,-0.5,ecb_rate
2021-10-25,-0.5,ecb_rate
2021-10-26,-0.5,ecb_rate
2021-10-27,-0.5,ecb_rate
2021-10-28,-0.5,ecb_rate
2021-10-29,-0.5,ecb_rate
2021-10-30,-0.5,ecb_rate
2021-10-31,-0.5,ecb_rate
2021-11-01,-0.5,ecb_rate
2021-11-02,-0.5,ecb_rate
2021-11-03,-0.5,ecb_rate
2021-11-04,-0.5,ecb_rate
2021-11-05,-0.5,ecb_rate
2021-11-06,-0.5,ecb_rate
2021-11-07,-0.5,ecb_rate
2021-11-08,-0.5,ecb_rate
2021-11-09,-0.5,ecb_rate
2021-11-10,-0.5,ecb_rate
2021-11-11,-0.5,ecb_rate
2021-11-12,-0.5,ecb_rate
2021-11-13,-0.5,ecb_rate
2021-11-14,-0.5,ecb_rate
2021-11-15,-0.5,ecb_rate
2021-11-16,-0.5,ecb_rate
2021-11-17,-0.5,ecb_rate
2021-11-18,-0.5,ecb_rate
2021-11-19,-0.5,ecb_rate
2021-11-20,-0.5,ecb_rate
2021-11-21,-0.5,ecb_rate
2021-11-22,-0.5,ecb_rate
2021-11-23,-0.5,ecb_rate
2021-11-24,-0.5,ecb_rate
2021-11-25,-0.5,ecb_rate
2021-11-26,-0.5,ecb_rate
2021-11-27,-0.5,ecb_rate
2021-11-28,-0.5,ecb_rate
2021-11-29,-0.5,ecb_rate
2021-11-30,-0.5,ecb_rate
2021-12-01,-0.5,ecb_rate
2021-12-02,-0.5,ecb_rate
2021-12-03,-0.5,ecb_rate
2021-12-04,-0.5,ecb_rate
2021-12-05,-0.5,ecb_rate
2021-12-06,-0.5,ecb_rate
2021-12-07,-0.5,ecb_rate
2021-12-08,-0.5,ecb_rate
2021-12-09,-0.5,ecb_rate
2021-12-10,-0.5,ecb_rate
2021-12-11,-0.5,ecb_rate
2021-12-12,-0.5,ecb_rate
2021-12-13,-0.5,ecb_rate
2021-12-14,-0.5,ecb_rate
2021-12-15,-0.5,ecb_rate
2021-12-16,-0.5,ecb_rate
2021-12-17,-0.5,ecb_rate
2021-12-18,-0.5,ecb_rate
2021-12-19,-0.5,ecb_rate
2021-12-20,-0.5,ecb_rate
2021-12-21,-0.5,ecb_rate
2021-12-22,-0.5,ecb_rate
2021-12-23,-0.5,ecb_rate
2021-12-24,-0.5,ecb_rate
2021-12-25,-0.5,ecb_rate
2021-12-26,-0.5,ecb_rate
2021-12-27,-0.5,ecb_rate
2021-12-28,-0.5,ecb_rate
2021-12-29,-0.5,ecb_rate
2021-12-30,-0.5,ecb_rate
2021-12-31,-0.5,ecb_rate
2022-01-01,-0.5,ecb_rate
2022-01-02,-0.5,ecb_rate
2022-01-03,-0.5,ecb_rate
2022-01-04,-0.5,ecb_rate
2022-01-05,-0.5,ecb_rate
2022-01-06,-0.5,ecb_rate
2022-01-07,-0.5,ecb_rate
2022-01-08,-0.5,ecb_rate
2022-01-09,-0.5,ecb_rate
2022-01-10,-0.5,ecb_rate
2022-01-11,-0.5,ecb_rate
2022-01-12,-0.5,ecb_rate
2022-01-13,-0.5,ecb_rate
2022-01-14,-0.5,ecb_rate
2022-01-15,-0.5,ecb_rate
2022-01-16,-0.5,ecb_rate
2022-01-17,-0.5,ecb_rate
2022-01-18,-0.5,ecb_rate
2022-01-19,-0.5,ecb_rate
2022-01-20,-0.5,ecb_rate
2022-01-21,-0.5,ecb_rate
2022-01-22,-0.5,ecb_rate
2022-01-23,-0.5,ecb_rate
2022-01-24,-0.5,ecb_rate
2022-01-25,-0.5,ecb_rate
2022-01-26,-0.5,ecb_rate
2022-01-27,-0.5,ecb_rate
2022-01-28,-0.5,ecb_rate
2022-01-29,-0.5,ecb_rate
2022-01-30,-0.5,ecb_rate
2022-01-31,-0.5,ecb_rate
2022-02-01,-0.5,ecb_rate
2022-02-02,-0.5,ecb_rate
2022-02-03,-0.5,ecb_rate
2022-02-04,-0.5,ecb_rate
2022-02-05,-0.5,ecb_rate
2022-02-06,-0.5,ecb_rate
2022-02-07,-0.5,ecb_rate
2022-02-08,-0.5,ecb_rate
2022-02-09,-0.5,ecb_rate
2022-02-10,-0.5,ecb_rate
2022-02-11,-0.5,ecb_rate
2022-02-12,-0.5,ecb_rate
2022-02-13,-0.5,ecb_rate
2022-02-14,-0.5,ecb_rate
2022-02-15,-0.5,ecb_rate
2022-02-16,-0.5,ecb_rate
2022-02-17,-0.5,ecb_rate
2022-02-18,-0.5,ecb_rate
2022-02-19,-0.5,ecb_rate
2022-02-20,-0.5,ecb_rate
2022-02-21,-0.5,ecb_rate
2022-02-22,-0.5,ecb_rate
2022-02-23,-0.5,ecb_rate
2022-02-24,-0.5,ecb_rate
2022-02-25,-0.5,ecb_rate
2022-02-26,-0.5,ecb_rate
2022-02-27,-0.5,ecb_rate
2022-02-28,-0.5,ecb_rate
2022-03-01,-0.5,ecb_rate
2022-03-02,-0.5,ecb_rate
2022-03-03,-0.5,ecb_rate
2022-03-04,-0.5,ecb_rate
2022-03-05,-0.5,ecb_rate
2022-03-06,-0.5,ecb_rate
2022-03-07,-0.5,ecb_rate
2022-03-08,-0.5,ecb_rate
2022-03-09,-0.5,ecb_rate
2022-03-10,-0.5,ecb_rate
2022-03-11,-0.5,ecb_rate
2022-03-12,-0.5,ecb_rate
2022-03-13,-0.5,ecb_rate
2022-03-14,-0.5,ecb_rate
2022-03-15,-0.5,ecb_rate
2022-03-16,-0.5,ecb_rate
2022-03-17,-0.5,ecb_rate
2022-03-18,-0.5,ecb_rate
2022-03-19,-0.5,ecb_rate
2022-03-20,-0.5,ecb_rate
2022-03-21,-0.5,ecb_rate
2022-03-22,-0.5,ecb_rate
2022-03-23,-0.5,ecb_rate
2022-03-24,-0.5,ecb_rate
2022-03-25,-0.5,ecb_rate
2022-03-26,-0.5,ecb_rate
2022-03-27,-0.5,ecb_rate
2022-03-28,-0.5,ecb_rate
2022-03-29,-0.5,ecb_rate
2022-03-30,-0.5,ecb_rate
2022-03-31,-0.5,ecb_rate
2022-04-01,-0.5,ecb_rate
2022-04-02,-0.5,ecb_rate
2022-04-03,-0.5,ecb_rate
2022-04-04,-0.5,ecb_rate
2022-04-05,-0.5,ecb_rate
2022-04-06,-0.5,ecb_rate
2022-04-07,-0.5,ecb_rate
2022-04-08,-0.5,ecb_rate
2022-04-09,-0.5,ecb_rate
2022-04-10,-0.5,ecb_rate
2022-04-11,-0.5,ecb_rate
2022-04-12,-0.5,ecb_rate
2022-04-13,-0.5,ecb_rate
2022-04-14,-0.5,ecb_rate
2022-04-15,-0.5,ecb_rate
2022-04-16,-0.5,ecb_rate
2022-04-17,-0.5,ecb_rate
2022-04-18,-0.5,ecb_rate
2022-04-19,-0.5,ecb_rate
2022-04-20,-0.5,ecb_rate
2022-04-21,-0.5,ecb_rate
2022-04-22,-0.5,ecb_rate
2022-04-23,-0.5,ecb_rate
2022-04-24,-0.5,ecb_rate
2022-04-25,-0.5,ecb_rate
2022-04-26,-0.5,ecb_rate
2022-04-27,-0.5,ecb_rate
2022-04-28,-0.5,ecb_rate
2022-04-29,-0.5,ecb_rate
2022-04-30,-0.5,ecb_rate
2022-05-01,-0.5,ecb_rate
2022-05-02,-0.5,ecb_rate
2022-05-03,-0.5,ecb_rate
2022-05-04,-0.5,ecb_rate
2022-05-05,-0.5,ecb_rate
2022-05-06,-0.5,ecb_rate
2022-05-07,-0.5,ecb_rate
2022-05-08,-0.5,ecb_rate
2022-05-09,-0.5,ecb_rate
2022-05-10,-0.5,ecb_rate
2022-05-11,-0.5,ecb_rate
2022-05-12,-0.5,ecb_rate
2022-05-13,-0.5,ecb_rate
2022-05-14,-0.5,ecb_rate
2022-05-15,-0.5,ecb_rate
2022-05-16,-0.5,ecb_rate
2022-05-17,-0.5,ecb_rate
2022-05-18,-0.5,ecb_rate
2022-05-19,-0.5,ecb_rate
2022-05-20,-0.5,ecb_rate
2022-05-21,-0.5,ecb_rate
2022-05-22,-0.5,ecb_rate
2022-05-23,-0.5,ecb_rate
2022-05-24,-0.5,ecb_rate
2022-05-25,-0.5,ecb_rate
2022-05-26,-0.5,ecb_rate
2022-05-27,-0.5,ecb_rate
2022-05-28,-0.5,ecb_rate
2022-05-29,-0.5,ecb_rate
2022-05-30,-0.5,ecb_rate
2022-05-31,-0.5,ecb_rate
2022-06-01,-0.5,ecb_rate
2022-06-02,-0.5,ecb_rate
2022-06-03,-0.5,ecb_rate
2022-06-04,-0.5,ecb_rate
2022-06-05,-0.5,ecb_rate
2022-06-06,-0.5,ecb_rate
2022-06-07,-0.5,ecb_rate
2022-06-08,-0.5,ecb_rate
2022-06-09,-0.5,ecb_rate
2022-06-10,-0.5,ecb_rate
2022-06-11,-0.5,ecb_rate
2022-06-12,-0.5,ecb_rate
2022-06-13,-0.5,ecb_rate
2022-06-14,-0.5,ecb_rate
2022-06-15,-0.5,ecb_rate
2022-06-16,-0.5,ecb_rate
2022-06-17,-0.5,ecb_rate
2022-06-18,-0.5,ecb_rate
2022-06-19,-0.5,ecb_rate
2022-06-20,-0.5,ecb_rate
2022-06-21,-0.5,ecb_rate
2022-06-22,-0.5,ecb_rate
2022-06-23,-0.5,ecb_rate
2022-06-24,-0.5,ecb_rate
2022-06-25,-0.5,ecb_rate
2022-06-26,-0.5,ecb_rate
2022-06-27,-0.5,ecb_rate
2022-06-28,-0.5,ecb_rate
2022-06-29,-0.5,ecb_rate
2022-06-30,-0.5,ecb_rate
2022-07-01,-0.5,ecb_rate
2022-07-02,-0.5,ecb_rate
2022-07-03,-0.5,ecb_rate
2022-07-04,-0.5,ecb_rate
2022-07-05,-0.5,ecb_rate
2022-07-06,-0.5,ecb_rate
2022-07-07,-0.5,ecb_rate
2022-07-08,-0.5,ecb_rate
2022-07-09,-0.5,ecb_rate
2022-07-10,-0.5,ecb_rate
2022-07-11,-0.5,ecb_rate
2022-07-12,-0.5,ecb_rate
2022-07-13,-0.5,ecb_rate
2022-07-14,-0.5,ecb_rate
2022-07-15,-0.5,ecb_rate
2022-07-16,-0.5,ecb_rate
2022-07-17,-0.5,ecb_rate
2022-07-18,-0.5,ecb_rate
2022-07-19,-0.5,ecb_rate
2022-07-20,-0.5,ecb_rate
2022-07-21,-0.5,ecb_rate
2022-07-22,-0.5,ecb_rate
2022-07-23,-0.5,ecb_rate
2022-07-24,-0.5,ecb_rate
2022-07-25,-0.5,ecb_rate
2022-07-26,-0.5,ecb_rate
2022-07-27,0.0,ecb_rate
2022-07-28,0.0,ecb_rate
2022-07-29,0.0,ecb_rate
2022-07-30,0.0,ecb_rate
2022-07-31,0.0,ecb_rate
2022-08-01,0.0,ecb_rate
2022-08-02,0.0,ecb_rate
2022-08-03,0.0,ecb_rate
2022-08-04,0.0,ecb_rate
2022-08-05,0.0,ecb_rate
2022-08-06,0.0,ecb_rate
2022-08-07,0.0,ecb_rate
2022-08-08,0.0,ecb_rate
2022-08-09,0.0,ecb_rate
2022-08-10,0.0,ecb_rate
2022-08-11,0.0,ecb_rate
2022-08-12,0.0,ecb_rate
2022-08-13,0.0,ecb_rate
2022-08-14,0.0,ecb_rate
2022-08-15,0.0,ecb_rate
2022-08-16,0.0,ecb_rate
2022-08-17,0.0,ecb_rate
2022-08-18,0.0,ecb_rate
2022-08-19,0.0,ecb_rate
2022-08-20,0.0,ecb_rate
2022-08-21,0.0,ecb_rate
2022-08-22,0.0,ecb_rate
2022-08-23,0.0,ecb_rate
2022-08-24,0.0,ecb_rate
2022-08-25,0.0,ecb_rate
2022-08-26,0.0,ecb_rate
2022-08-27,0.0,ecb_rate
2022-08-28,0.0,ecb_rate
2022-08-29,0.0,ecb_rate
2022-08-30,0.0,ecb_rate
2022-08-31,0.0,ecb_rate
2022-09-01,0.0,ecb_rate
2022-09-02,0.0,ecb_rate
2022-09-03,0.0,ecb_rate
2022-09-04,0.0,ecb_rate
2022-09-05,0.0,ecb_rate
2022-09-06,0.0,ecb_rate
2022-09-07,0.0,ecb_rate
2022-09-08,0.0,ecb_rate
2022-09-09,0.0,ecb_rate
2022-09-10,0.0,ecb_rate
2022-09-11,0.0,ecb_rate
2022-09-12,0.0,ecb_rate
2022-09-13,0.0,ecb_rate
2022-09-14,0.75,ecb_rate
2022-09-15,0.75,ecb_rate
2022-09-16,0.75,ecb_rate
2022-09-17,0.75,ecb_rate
2022-09-18,0.75,ecb_rate
2022-09-19,0.75,ecb_rate
2022-09-20,0.75,ecb_rate
2022-09-21,0.75,ecb_rate
2022-09-22,0.75,ecb_rate
2022-09-23,0.75,ecb_rate
2022-09-24,0.75,ecb_rate
2022-09-25,0.75,ecb_rate
2022-09-26,0.75,ecb_rate
2022-09-27,0.75,ecb_rate
2022-09-28,0.75,ecb_rate
2022-09-29,0.75,ecb_rate
2022-09-30,0.75,ecb_rate
2022-10-01,0.75,ecb_rate
2022-10-02,0.75,ecb_rate
2022-10-03,0.75,ecb_rate
2022-10-04,0.75,ecb_rate
2022-10-05,0.75,ecb_rate
2022-10-06,0.75,ecb_rate
2022-10-07,0.75,ecb_rate
2022-10-08,0.75,ecb_rate
2022-10-09,0.75,ecb_rate
2022-10-10,0.75,ecb_rate
2022-10-11,0.75,ecb_rate
2022-10-12,0.75,ecb_rate
2022-10-13,0.75,ecb_rate
2022-10-14,0.75,ecb_rate
2022-10-15,0.75,ecb_rate
2022-10-16,0.75,ecb_rate
2022-10-17,0.75,ecb_rate
2022-10-18,0.75,ecb_rate
2022-10-19,0.75,ecb_rate
2022-10-20,0.75,ecb_rate
2022-10-21,0.75,ecb_rate
2022-10-22,0.75,ecb_rate
2022-10-23,0.75,ecb_rate
2022-10-24,0.75,ecb_rate
2022-10-25,0.75,ecb_rate
2022-10-26,0.75,ecb_rate
2022-10-27,0.75,ecb_rate
2022-10-28,0.75,ecb_rate
2022-10-29,0.75,ecb_rate
2022-10-30,0.75,ecb_rate
2022-10-31,0.75,ecb_rate
2022-11-01,0.75,ecb_rate
2022-11-02,1.5,ecb_rate
2022-11-03,1.5,ecb_rate
2022-11-04,1.5,ecb_rate
2022-11-05,1.5,ecb_rate
2022-11-06,1.5,ecb_rate
2022-11-07,1.5,ecb_rate
2022-11-08,1.5,ecb_rate
2022-11-09,1.5,ecb_rate
2022-11-10,1.5,ecb_rate
2022-11-11,1.5,ecb_rate
2022-11-12,1.5,ecb_rate
2022-11-13,1.5,ecb_rate
2022-11-14,1.5,ecb_rate
2022-11-15,1.5,ecb_rate
2022-11-16,1.5,ecb_rate
2022-11-17,1.5,ecb_rate
2022-11-18,1.5,ecb_rate
2022-11-19,1.5,ecb_rate
2022-11-20,1.5,ecb_rate
2022-11-21,1.5,ecb_rate
2022-11-22,1.5,ecb_rate
2022-11-23,1.5,ecb_rate
2022-11-24,1.5,ecb_rate
2022-11-25,1.5,ecb_rate
2022-11-26,1.5,ecb_rate
2022-11-27,1.5,ecb_rate
2022-11-28,1.5,ecb_rate
2022-11-29,1.5,ecb_rate
2022-11-30,1.5,ecb_rate
2022-12-01,1.5,ecb_rate
2022-12-02,1.5,ecb_rate
2022-12-03,1.5,ecb_rate
2022-12-04,1.5,ecb_rate
2022-12-05,1.5,ecb_rate
2022-12-06,1.5,ecb_rate
2022-12-07,1.5,ecb_rate
2022-12-08,1.5,ecb_rate
2022-12-09,1.5,ecb_rate
2022-12-10,1.5,ecb_rate
2022-12-11,1.5,ecb_rate
2022-12-12,1.5,ecb_rate
2022-12-13,1.5,ecb_rate
2022-12-14,1.5,ecb_rate
2022-12-15,1.5,ecb_rate
2022-12-16,1.5,ecb_rate
2022-12-17,1.5,ecb_rate
2022-12-18,1.5,ecb_rate
2022-12-19,1.5,ecb_rate
2022-12-20,1.5,ecb_rate
2022-12-21,2.0,ecb_rate
2022-12-22,2.0,ecb_rate
2022-12-23,2.0,ecb_rate
2022-12-24,2.0,ecb_rate
2022-12-25,2.0,ecb_rate
2022-12-26,2.0,ecb_rate
2022-12-27,2.0,ecb_rate
2022-12-28,2.0,ecb_rate
2022-12-29,2.0,ecb_rate
2022-12-30,2.0,ecb_rate
2022-12-31,2.0,ecb_rate
2023-01-01,2.0,ecb_rate
2023-01-02,2.0,ecb_rate
2023-01-03,2.0,ecb_rate
2023-01-04,2.0,ecb_rate
2023-01-05,2.0,ecb_rate
2023-01-06,2.0,ecb_rate
2023-01-07,2.0,ecb_rate
2023-01-08,2.0,ecb_rate
2023-01-09,2.0,ecb_rate
2023-01-10,2.0,ecb_rate
2023-01-11,2.0,ecb_rate
2023-01-12,2.0,ecb_rate
2023-01-13,2.0,ecb_rate
2023-01-14,2.0,ecb_rate
2023-01-15,2.0,ecb_rate
2023-01-16,2.0,ecb_rate
2023-01-17,2.0,ecb_rate
2023-01-18,2.0,ecb_rate
2023-01-19,2.0,ecb_rate
2023-01-20,2.0,ecb_rate
2023-01-21,2.0,ecb_rate
2023-01-22,2.0,ecb_rate
2023-01-23,2.0,ecb_rate
2023-01-24,2.0,ecb_rate
2023-01-25,2.0,ecb_rate
2023-01-26,2.0,ecb_rate
2023-01-27,2.0,ecb_rate
2023-01-28,2.0,ecb_rate
2023-01-29,2.0,ecb_rate
2023-01-30,2.0,ecb_rate
2023-01-31,2.0,ecb_rate
2023-02-01,2.0,ecb_rate
2023-02-02,2.0,ecb_rate
2023-02-03,2.0,ecb_rate
2023-02-04,2.0,ecb_rate
2023-02-05,2.0,ecb_rate
2023-02-06,2.0,ecb_rate
2023-02-07,2.0,ecb_rate
2023-02-08,2.5,ecb_rate
2023-02-09,2.5,ecb_rate
2023-02-10,2.5,ecb_rate
2023-02-11,2.5,ecb_rate
2023-02-12,2.5,ecb_rate
2023-02-13,2.5,ecb_rate
2023-02-14,2.5,ecb_rate
2023-02-15,2.5,ecb_rate
2023-02-16,2.5,ecb_rate
2023-02-17,2.5,ecb_rate
2023-02-18,2.5,ecb_rate
2023-02-19,2.5,ecb_rate
2023-02-20,2.5,ecb_rate
2023-02-21,2.5,ecb_rate
2023-02-22,2.5,ecb_rate
2023-02-23,2.5,ecb_rate
2023-02-24,2.5,ecb_rate
2023-02-25,2.5,ecb_rate
2023-02-26,2.5,ecb_rate
2023-02-27,2.5,ecb_rate
2023-02-28,2.5,ecb_rate
2023-03-01,2.5,ecb_rate
2023-03-02,2.5,ecb_rate
2023-03-03,2.5,ecb_rate
2023-03-04,2.5,ecb_rate
2023-03-05,2.5,ecb_rate
2023-03-06,2.5,ecb_rate
2023-03-07,2.5,ecb_rate
2023-03-08,2.5,ecb_rate
2023-03-09,2.5,ecb_rate
2023-03-10,2.5,ecb_rate
2023-03-11,2.5,ecb_rate
2023-03-12,2.5,ecb_rate
2023-03-13,2.5,ecb_rate
2023-03-14,2.5,ecb_rate
2023-03-15,2.5,ecb_rate
2023-03-16,2.5,ecb_rate
2023-03-17,2.5,ecb_rate
2023-03-18,2.5,ecb_rate
2023-03-19,2.5,ecb_rate
2023-03-20,2.5,ecb_rate
2023-03-21,2.5,ecb_rate
2023-03-22,3.0,ecb_rate
2023-03-23,3.0,ecb_rate
2023-03-24,3.0,ecb_rate
2023-03-25,3.0,ecb_rate
2023-03-26,3.0,ecb_rate
2023-03-27,3.0,ecb_rate
2023-03-28,3.0,ecb_rate
2023-03-29,3.0,ecb_rate
2023-03-30,3.0,ecb_rate
2023-03-31,3.0,ecb_rate
2023-04-01,3.0,ecb_rate
2023-04-02,3.0,ecb_rate
2023-04-03,3.0,ecb_rate
2023-04-04,3.0,ecb_rate
2023-04-05,3.0,ecb_rate
2023-04-06,3.0,ecb_rate
2023-04-07,3.0,ecb_rate
2023-04-08,3.0,ecb_rate
2023-04-09,3.0,ecb_rate
2023-04-10,3.0,ecb_rate
2023-04-11,3.0,ecb_rate
2023-04-12,3.0,ecb_rate
2023-04-13,3.0,ecb_rate
2023-04-14,3.0,ecb_rate
2023-04-15,3.0,ecb_rate
2023-04-16,3.0,ecb_rate
2023-04-17,3.0,ecb_rate
2023-04-18,3.0,ecb_rate
2023-04-19,3.0,ecb_rate
2023-04-20,3.0,ecb_rate
2023-04-21,3.0,ecb_rate
2023-04-22,3.0,ecb_rate
2023-04-23,3.0,ecb_rate
2023-04-24,3.0,ecb_rate
2023-04-25,3.0,ecb_rate
2023-04-26,3.0,ecb_rate
2023-04-27,3.0,ecb_rate
2023-04-28,3.0,ecb_rate
2023-04-29,3.0,ecb_rate
2023-04-30,3.0,ecb_rate
2023-05-01,3.0,ecb_rate
2023-05-02,3.0,ecb_rate
2023-05-03,3.0,ecb_rate
2023-05-04,3.0,ecb_rate
2023-05-05,3.0,ecb_rate
2023-05-06,3.0,ecb_rate
2023-05-07,3.0,ecb_rate
2023-05-08,3.0,ecb_rate
2023-05-09,3.0,ecb_rate
2023-05-10,3.25,ecb_rate
2023-05-11,3.25,ecb_rate
2023-05-12,3.25,ecb_rate
2023-05-13,3.25,ecb_rate
2023-05-14,3.25,ecb_rate
2023-05-15,3.25,ecb_rate
2023-05-16,3.25,ecb_rate
2023-05-17,3.25,ecb_rate
2023-05-18,3.25,ecb_rate
2023-05-19,3.25,ecb_rate
2023-05-20,3.25,ecb_rate
2023-05-21,3.25,ecb_rate
2023-05-22,3.25,ecb_rate
2023-05-23,3.25,ecb_rate
2023-05-24,3.25,ecb_rate
2023-05-25,3.25,ecb_rate
2023-05-26,3.25,ecb_rate
2023-05-27,3.25,ecb_rate
2023-05-28,3.25,ecb_rate
2023-05-29,3.25,ecb_rate
2023-05-30,3.25,ecb_rate
2023-05-31,3.25,ecb_rate
2023-06-01,3.25,ecb_rate
2023-06-02,3.25,ecb_rate
2023-06-03,3.25,ecb_rate
2023-06-04,3.25,ecb_rate
2023-06-05,3.25,ecb_rate
2023-06-06,3.25,ecb_rate
2023-06-07,3.25,ecb_rate
2023-06-08,3.25,ecb_rate
2023-06-09,3.25,ecb_rate
2023-06-10,3.25,ecb_rate
2023-06-11,3.25,ecb_rate
2023-06-12,3.25,ecb_rate
2023-06-13,3.25,ecb_rate
2023-06-14,3.25,ecb_rate
2023-06-15,3.25,ecb_rate
2023-06-16,3.25,ecb_rate
2023-06-17,3.25,ecb_rate
2023-06-18,3.25,ecb_rate
2023-06-19,3.25,ecb_rate
2023-06-20,3.25,ecb_rate
2023-06-21,3.5,ecb_rate
2023-06-22,3.5,ecb_rate
2023-06-23,3.5,ecb_rate
2023-06-24,3.5,ecb_rate
2023-06-25,3.5,ecb_rate
2023-06-26,3.5,ecb_rate
2023-06-27,3.5,ecb_rate
2023-06-28,3.5,ecb_rate
2023-06-29,3.5,ecb_rate
2023-06-30,3.5,ecb_rate
2023-07-01,3.5,ecb_rate
2023-07-02,3.5,ecb_rate
2023-07-03,3.5,ecb_rate
2023-07-04,3.5,ecb_rate
2023-07-05,3.5,ecb_rate
2023-07-06,3.5,ecb_rate
2023-07-07,3.5,ecb_rate
2023-07-08,3.5,ecb_rate
2023-07-09,3.5,ecb_rate
2023-07-10,3.5,ecb_rate
2023-07-11,3.5,ecb_rate
2023-07-12,3.5,ecb_rate
2023-07-13,3.5,ecb_rate
2023-07-14,3.5,ecb_rate
2023-07-15,3.5,ecb_rate
2023-07-16,3.5,ecb_rate
2023-07-17,3.5,ecb_rate
2023-07-18,3.5,ecb_rate
2023-07-19,3.5,ecb_rate
2023-07-20,3.5,ecb_rate
2023-07-21,3.5,ecb_rate
2023-07-22,3.5,ecb_rate
2023-07-23,3.5,ecb_rate
2023-07-24,3.5,ecb_rate
2023-07-25,3.5,ecb_rate
2023-07-26,3.5,ecb_rate
2023-07-27,3.5,ecb_rate
2023-07-28,3.5,ecb_rate
2023-07-29,3.5,ecb_rate
2023-07-30,3.5,ecb_rate
2023-07-31,3.5,ecb_rate
2023-08-01,3.5,ecb_rate
2023-08-02,3.75,ecb_rate
2023-08-03,3.75,ecb_rate
2023-08-04,3.75,ecb_rate
2023-08-05,3.75,ecb_rate
2023-08-06,3.75,ecb_rate
2023-08-07,3.75,ecb_rate
2023-08-08,3.75,ecb_rate
2023-08-09,3.75,ecb_rate
2023-08-10,3.75,ecb_rate
2023-08-11,3.75,ecb_rate
2023-08-12,3.75,ecb_rate
2023-08-13,3.75,ecb_rate
2023-08-14,3.75,ecb_rate
2023-08-15,3.75,ecb_rate
2023-08-16,3.75,ecb_rate
2023-08-17,3.75,ecb_rate
2023-08-18,3.75,ecb_rate
2023-08-19,3.75,ecb_rate
2023-08-20,3.75,ecb_rate
2023-08-21,3.75,ecb_rate
2023-08-22,3.75,ecb_rate
2023-08-23,3.75,ecb_rate
2023-08-24,3.75,ecb_rate
2023-08-25,3.75,ecb_rate
2023-08-26,3.75,ecb_rate
2023-08-27,3.75,ecb_rate
2023-08-28,3.75,ecb_rate
2023-08-29,3.75,ecb_rate
2023-08-30,3.75,ecb_rate
2023-08-31,3.75,ecb_rate
2023-09-01,3.75,ecb_rate
2023-09-02,3.75,ecb_rate
2023-09-03,3.75,ecb_rate
2023-09-04,3.75,ecb_rate
2023-09-05,3.75,ecb_rate
2023-09-06,3.75,ecb_rate
2023-09-07,3.75,ecb_rate
2023-09-08,3.75,ecb_rate
2023-09-09,3.75,ecb_rate
2023-09-10,3.75,ecb_rate
2023-09-11,3.75,ecb_rate
2023-09-12,3.7500,ecb_rate
2023-09-13,3.75,ecb_rate
2023-09-14,3.75,ecb_rate
2023-09-15,3.75,ecb_rate
2023-09-16,3.75,ecb_rate
2023-09-17,3.75,ecb_rate
2023-09-18,3.75,ecb_rate
2023-09-19,3.75,ecb_rate
2023-09-20,4.0,ecb_rate
2023-09-21,4.0,ecb_rate
2023-09-22,4.0,ecb_rate
2023-09-23,4.0,ecb_rate
2023-09-24,4.0,ecb_rate
2023-09-25,4.0,ecb_rate
2023-09-26,4.0,ecb_rate
2023-09-27,4.0,ecb_rate
2023-09-28,4.0,ecb_rate
2023-09-29,4.0,ecb_rate
2023-09-30,4.0,ecb_rate
2023-10-01,4.0,ecb_rate
2023-10-02,4.0,ecb_rate
2023-10-03,4.0,ecb_rate
2023-10-04,4.0,ecb_rate
2023-10-05,4.0,ecb_rate
2023-10-06,4.0,ecb_rate
2023-10-07,4.0,ecb_rate
2023-10-08,4.0,ecb_rate
2023-10-09,4.0,ecb_rate
2023-10-10,4.0,ecb_rate
2023-10-11,4.0,ecb_rate
2023-10-12,4.0,ecb_rate
2023-10-13,4.0,ecb_rate
2023-10-14,4.0,ecb_rate
2023-10-15,4.0,ecb_rate
2023-10-16,4.0,ecb_rate
2023-10-17,4.0,ecb_rate
2023-10-18,4.0,ecb_rate
2023-10-19,4.0,ecb_rate
2023-10-20,4.0,ecb_rate
2023-10-21,4.0,ecb_rate
2023-10-22,4.0,ecb_rate
2023-10-23,4.0,ecb_rate
2023-10-24,4.0,ecb_rate
2023-10-25,4.0,ecb_rate
2023-10-26,4.0,ecb_rate
2023-10-27,4.0,ecb_rate
2023-10-28,4.0,ecb_rate
2023-10-29,4.0,ecb_rate
2023-10-30,4.0,ecb_rate
2023-10-31,4.0,ecb_rate
2023-11-01,4.0,ecb_rate
2023-11-02,4.0,ecb_rate
2023-11-03,4.0,ecb_rate
2023-11-04,4.0,ecb_rate
2023-11-05,4.0,ecb_rate
2023-11-06,4.0,ecb_rate
2023-11-07,4.0,ecb_rate
2023-11-08,4.0,ecb_rate
2023-11-09,4.0,ecb_rate
2023-11-10,4.0,ecb_rate
2023-11-11,4.0,ecb_rate
2023-11-12,4.0,ecb_rate
2023-11-13,4.0,ecb_rate
2023-11-14,4.0,ecb_rate
2023-11-15,4.0,ecb_rate
2023-11-16,4.0,ecb_rate
2023-11-17,4.0,ecb_rate
2023-11-18,4.0,ecb_rate
2023-11-19,4.0,ecb_rate
2023-11-20,4.0,ecb_rate
2023-11-21,4.0,ecb_rate
2023-11-22,4.0,ecb_rate
2023-11-23,4.0,ecb_rate
2023-11-24,4.0,ecb_rate
2023-11-25,4.0,ecb_rate
2023-11-26,4.0,ecb_rate
2023-11-27,4.0,ecb_rate
2023-11-28,4.0,ecb_rate
2023-11-29,4.0,ecb_rate
2023-11-30,4.0,ecb_rate
2023-12-01,4.0,ecb_rate
2023-12-02,4.0,ecb_rate
2023-12-03,4.0,ecb_rate
2023-12-04,4.0,ecb_rate
2023-12-05,4.0,ecb_rate
2023-12-06,4.0,ecb_rate
2023-12-07,4.0,ecb_rate
2023-12-08,4.0,ecb_rate
2023-12-09,4.0,ecb_rate
2023-12-10,4.0,ecb_rate
2023-12-11,4.0,ecb_rate
2023-12-12,4.0,ecb_rate
2023-12-13,4.0,ecb_rate
2023-12-14,4.0,ecb_rate
2023-12-15,4.0,ecb_rate
2023-12-16,4.0,ecb_rate
2023-12-17,4.0,ecb_rate
2023-12-18,4.0,ecb_rate
2023-12-19,4.0,ecb_rate
2023-12-20,4.0,ecb_rate
2023-12-21,4.0,ecb_rate
2023-12-22,4.0,ecb_rate
2023-12-23,4.0,ecb_rate
2023-12-24,4.0,ecb_rate
2023-12-25,4.0,ecb_rate
2023-12-26,4.0,ecb_rate
2023-12-27,4.0,ecb_rate
2023-12-28,4.0,ecb_rate
2023-12-29,4.0,ecb_rate
2023-12-30,4.0,ecb_rate
2023-12-31,4.0,ecb_rate
2024-01-01,4.0,ecb_rate
2024-01-02,4.0,ecb_rate
2024-01-03,4.0,ecb_rate
2024-01-04,4.0,ecb_rate
2024-01-05,4.0,ecb_rate
2024-01-06,4.0,ecb_rate
2024-01-07,4.0,ecb_rate
2024-01-08,4.0,ecb_rate
2024-01-09,4.0,ecb_rate
2024-01-10,4.0,ecb_rate
2024-01-11,4.0,ecb_rate
2024-01-12,4.0,ecb_rate
2024-01-13,4.0,ecb_rate
2024-01-14,4.0,ecb_rate
2024-01-15,4.0,ecb_rate
2024-01-16,4.0,ecb_rate
2024-01-17,4.0,ecb_rate
2024-01-18,4.0,ecb_rate
2024-01-19,4.0,ecb_rate
2024-01-20,4.0,ecb_rate
2024-01-21,4.0,ecb_rate
2024-01-22,4.0,ecb_rate
2024-01-23,4.0,ecb_rate
2024-01-24,4.0,ecb_rate
2024-01-25,4.0,ecb_rate
2024-01-26,4.0,ecb_rate
2024-01-27,4.0,ecb_rate
2024-01-28,4.0,ecb_rate
2024-01-29,4.0,ecb_rate
2024-01-30,4.0,ecb_rate
2024-01-31,4.0,ecb_rate
2024-02-01,4.0,ecb_rate
2024-02-02,4.0,ecb_rate
2024-02-03,4.0,ecb_rate
2024-02-04,4.0,ecb_rate
2024-02-05,4.0,ecb_rate
2024-02-06,4.0,ecb_rate
2024-02-07,4.0,ecb_rate
2024-02-08,4.0,ecb_rate
2024-02-09,4.0,ecb_rate
2024-02-10,4.0,ecb_rate
2024-02-11,4.0,ecb_rate
2024-02-12,4.0,ecb_rate
2024-02-13,4.0,ecb_rate
2024-02-14,4.0,ecb_rate
2024-02-15,4.0,ecb_rate
2024-02-16,4.0,ecb_rate
2024-02-17,4.0,ecb_rate
2024-02-18,4.0,ecb_rate
2024-02-19,4.0,ecb_rate
2024-02-20,4.0,ecb_rate
2024-02-21,4.0,ecb_rate
2024-02-22,4.0,ecb_rate
2024-02-23,4.0,ecb_rate
2024-02-24,4.0,ecb_rate
2024-02-25,4.0,ecb_rate
2024-02-26,4.0,ecb_rate
2024-02-27,4.0,ecb_rate
2024-02-28,4.0,ecb_rate
2024-02-29,4.0,ecb_rate
2024-03-01,4.0,ecb_rate
2024-03-02,4.0,ecb_rate
2024-03-03,4.0,ecb_rate
2024-03-04,4.0,ecb_rate
2024-03-05,4.0,ecb_rate
2024-03-06,4.0,ecb_rate
2024-03-07,4.0,ecb_rate
2024-03-08,4.0,ecb_rate
2024-03-09,4.0,ecb_rate
2024-03-10,4.0,ecb_rate
2024-03-11,4.0,ecb_rate
2024-03-12,4.0,ecb_rate
2024-03-13,4.0,ecb_rate
2024-03-14,4.0,ecb_rate
2024-03-15,4.0,ecb_rate
2024-03-16,4.0,ecb_rate
2024-03-17,4.0,ecb_rate
2024-03-18,4.0,ecb_rate
2024-03-19,4.0,ecb_rate
2024-03-20,4.0,ecb_rate
2024-03-21,4.0,ecb_rate
2024-03-22,4.0,ecb_rate
2024-03-23,4.0,ecb_rate
2024-03-24,4.0,ecb_rate
2024-03-25,4.0,ecb_rate
2024-03-26,4.0,ecb_rate
2024-03-27,4.0,ecb_rate
2024-03-28,4.0,ecb_rate
2024-03-29,4.0,ecb_rate
2024-03-30,4.0,ecb_rate
2024-03-31,4.0,ecb_rate
2024-04-01,4.0,ecb_rate
2024-04-02,4.0,ecb_rate
2024-04-03,4.0,ecb_rate
2024-04-04,4.0,ecb_rate
2024-04-05,4.0,ecb_rate
2024-04-06,4.0,ecb_rate
2024-04-07,4.0,ecb_rate
2024-04-08,4.0,ecb_rate
2024-04-09,4.0,ecb_rate
2024-04-10,4.0,ecb_rate
2024-04-11,4.0,ecb_rate
2024-04-12,4.0,ecb_rate
2024-04-13,4.0,ecb_rate
2024-04-14,4.0,ecb_rate
2024-04-15,4.0,ecb_rate
2024-04-16,4.0,ecb_rate
2024-04-17,4.0,ecb_rate
2024-04-18,4.0,ecb_rate
2024-04-19,4.0,ecb_rate
2024-04-20,4.0,ecb_rate
2024-04-21,4.0,ecb_rate
2024-04-22,4.0,ecb_rate
2024-04-23,4.0,ecb_rate
2024-04-24,4.0,ecb_rate
2024-04-25,4.0,ecb_rate
2024-04-26,4.0,ecb_rate
2024-04-27,4.0,ecb_rate
2024-04-28,4.0,ecb_rate
2024-04-29,4.0,ecb_rate
2024-04-30,4.0,ecb_rate
2024-05-01,4.0,ecb_rate
2024-05-02,4.0,ecb_rate
2024-05-03,4.0,ecb_rate
2024-05-04,4.0,ecb_rate
2024-05-05,4.0,ecb_rate
2024-05-06,4.0,ecb_rate
2024-05-07,4.0,ecb_rate
2024-05-08,4.0,ecb_rate
2024-05-09,4.0,ecb_rate
2024-05-10,4.0,ecb_rate
2024-05-11,4.0,ecb_rate
2024-05-12,4.0,ecb_rate
2024-05-13,4.0,ecb_rate
2024-05-14,4.0,ecb_rate
2024-05-15,4.0,ecb_rate
2024-05-16,4.0,ecb_rate
2024-05-17,4.0,ecb_rate
2024-05-18,4.0,ecb_rate
2024-05-19,4.0,ecb_rate
2024-05-20,4.0,ecb_rate
2024-05-21,4.0,ecb_rate
2024-05-22,4.0,ecb_rate
2024-05-23,4.0,ecb_rate
2024-05-24,4.0,ecb_rate
2024-05-25,4.0,ecb_rate
2024-05-26,4.0,ecb_rate
2024-05-27,4.0,ecb_rate
2024-05-28,4.0,ecb_rate
2024-05-29,4.0,ecb_rate
2024-05-30,4.0,ecb_rate
2024-05-31,4.0,ecb_rate
2024-06-01,4.0,ecb_rate
2024-06-02,4.0,ecb_rate
2024-06-03,4.0,ecb_rate
2024-06-04,4.0,ecb_rate
2024-06-05,4.0,ecb_rate
2024-06-06,4.0,ecb_rate
2024-06-07,4.0,ecb_rate
2024-06-08,4.0,ecb_rate
2024-06-09,4.0,ecb_rate
2024-06-10,4.0,ecb_rate
2024-06-11,4.0,ecb_rate
2024-06-12,3.75,ecb_rate
2024-06-13,3.75,ecb_rate
2024-06-14,3.75,ecb_rate
2024-06-15,3.75,ecb_rate
2024-06-16,3.75,ecb_rate
2024-06-17,3.75,ecb_rate
2024-06-18,3.75,ecb_rate
2024-06-19,3.75,ecb_rate
2024-06-20,3.75,ecb_rate
2024-06-21,3.75,ecb_rate
2024-06-22,3.75,ecb_rate
2024-06-23,3.75,ecb_rate
2024-06-24,3.75,ecb_rate
2024-06-25,3.75,ecb_rate
2024-06-26,3.75,ecb_rate
2024-06-27,3.75,ecb_rate
2024-06-28,3.75,ecb_rate
2024-06-29,3.75,ecb_rate
2024-06-30,3.75,ecb_rate
2024-07-01,3.75,ecb_rate
2024-07-02,3.75,ecb_rate
2024-07-03,3.75,ecb_rate
2024-07-04,3.75,ecb_rate
2024-07-05,3.75,ecb_rate
2024-07-06,3.75,ecb_rate
2024-07-07,3.75,ecb_rate
2024-07-08,3.75,ecb_rate
2024-07-09,3.75,ecb_rate
2024-07-10,3.75,ecb_rate
2024-07-11,3.75,ecb_rate
2024-07-12,3.75,ecb_rate
2024-07-13,3.75,ecb_rate
2024-07-14,3.75,ecb_rate
2024-07-15,3.75,ecb_rate
2024-07-16,3.75,ecb_rate
2024-07-17,3.75,ecb_rate
2024-07-18,3.75,ecb_rate
2024-07-19,3.75,ecb_rate
2024-07-20,3.75,ecb_rate
2024-07-21,3.75,ecb_rate
2024-07-22,3.75,ecb_rate
2024-07-23,3.75,ecb_rate
2024-07-24,3.75,ecb_rate
2024-07-25,3.75,ecb_rate
2024-07-26,3.75,ecb_rate
2024-07-27,3.75,ecb_rate
2024-07-28,3.75,ecb_rate
2024-07-29,3.75,ecb_rate
2024-07-30,3.75,ecb_rate
2024-07-31,3.75,ecb_rate
2024-08-01,3.75,ecb_rate
2024-08-02,3.75,ecb_rate
2024-08-03,3.75,ecb_rate
2024-08-04,3.75,ecb_rate
2024-08-05,3.75,ecb_rate
2024-08-06,3.75,ecb_rate
2024-08-07,3.75,ecb_rate
2024-08-08,3.75,ecb_rate
2024-08-09,3.75,ecb_rate
2024-08-10,3.75,ecb_rate
2024-08-11,3.75,ecb_rate
2024-08-12,3.75,ecb_rate
2024-08-13,3.75,ecb_rate
2024-08-14,3.75,ecb_rate
2024-08-15,3.75,ecb_rate
2024-08-16,3.75,ecb_rate
2024-08-17,3.75,ecb_rate
2024-08-18,3.75,ecb_rate
2024-08-19,3.75,ecb_rate
2024-08-20,3.75,ecb_rate
2024-08-21,3.75,ecb_rate
2024-08-22,3.75,ecb_rate
2024-08-23,3.75,ecb_rate
2024-08-24,3.75,ecb_rate
2024-08-25,3.75,ecb_rate
2024-08-26,3.75,ecb_rate
2024-08-27,3.75,ecb_rate
2024-08-28,3.75,ecb_rate
2024-08-29,3.75,ecb_rate
2024-08-30,3.75,ecb_rate
2024-08-31,3.75,ecb_rate
2024-09-01,3.75,ecb_rate
2024-09-02,3.75,ecb_rate
2024-09-03,3.75,ecb_rate
2024-09-04,3.75,ecb_rate
2024-09-05,3.75,ecb_rate
2024-09-06,3.75,ecb_rate
2024-09-07,3.75,ecb_rate
2024-09-08,3.75,ecb_rate
2024-09-09,3.75,ecb_rate
2024-09-10,3.75,ecb_rate
2024-09-11,3.75,ecb_rate
2024-09-12,3.75,ecb_rate
2024-09-13,3.75,ecb_rate
2024-09-14,3.75,ecb_rate
2024-09-15,3.75,ecb_rate
2024-09-16,3.75,ecb_rate
2024-09-17,3.75,ecb_rate
2024-09-18,3.5,ecb_rate
2024-09-19,3.5,ecb_rate
2024-09-20,3.5,ecb_rate
2024-09-21,3.5,ecb_rate
2024-09-22,3.5,ecb_rate
2024-09-23,3.5,ecb_rate
2024-09-24,3.5,ecb_rate
2024-09-25,3.5,ecb_rate
2024-09-26,3.5,ecb_rate
2024-09-27,3.5,ecb_rate
2024-09-28,3.5,ecb_rate
2024-09-29,3.5,ecb_rate
2024-09-30,3.5,ecb_rate
2024-10-01,3.5,ecb_rate
2024-10-02,3.5,ecb_rate
2024-10-03,3.5,ecb_rate
2024-10-04,3.5,ecb_rate
2024-10-05,3.5,ecb_rate
2024-10-06,3.5,ecb_rate
2024-10-07,3.5,ecb_rate
2024-10-08,3.5,ecb_rate
2024-10-09,3.5,ecb_rate
2024-10-10,3.5,ecb_rate
2024-10-11,3.5,ecb_rate
2024-10-12,3.5,ecb_rate
2024-10-13,3.5,ecb_rate
2024-10-14,3.5,ecb_rate
2024-10-15,3.5,ecb_rate
2024-10-16,3.5,ecb_rate
2024-10-17,3.5,ecb_rate
2024-10-18,3.5,ecb_rate
2024-10-19,3.5,ecb_rate
2024-10-20,3.5,ecb_rate
2024-10-21,3.5,ecb_rate
2024-10-22,3.5,ecb_rate
2024-10-23,3.25,ecb_rate
2024-10-24,3.25,ecb_rate
2024-10-25,3.25,ecb_rate
2024-10-26,3.25,ecb_rate
2024-10-27,3.25,ecb_rate
2024-10-28,3.25,ecb_rate
2024-10-29,3.25,ecb_rate
2024-10-30,3.25,ecb_rate
2024-10-31,3.25,ecb_rate
2024-11-01,3.25,ecb_rate
2024-11-02,3.25,ecb_rate
2024-11-03,3.25,ecb_rate
2024-11-04,3.25,ecb_rate
2024-11-05,3.25,ecb_rate
2024-11-06,3.25,ecb_rate
2024-11-07,3.25,ecb_rate
2024-11-08,3.25,ecb_rate
2024-11-09,3.25,ecb_rate
2024-11-10,3.25,ecb_rate
2024-11-11,3.25,ecb_rate
2024-11-12,3.25,ecb_rate
2024-11-13,3.25,ecb_rate
2024-11-14,3.25,ecb_rate
2024-11-15,3.25,ecb_rate
2024-11-16,3.25,ecb_rate
2024-11-17,3.25,ecb_rate
2024-11-18,3.25,ecb_rate
2024-11-19,3.25,ecb_rate
2024-11-20,3.25,ecb_rate
2024-11-21,3.25,ecb_rate
2024-11-22,3.25,ecb_rate
2024-11-23,3.25,ecb_rate
2024-11-24,3.25,ecb_rate
2024-11-25,3.25,ecb_rate
2024-11-26,3.25,ecb_rate
2024-11-27,3.25,ecb_rate
2024-11-28,3.25,ecb_rate
2024-11-29,3.25,ecb_rate
2024-11-30,3.25,ecb_rate
2024-12-01,3.25,ecb_rate
2024-12-02,3.25,ecb_rate
2024-12-03,3.25,ecb_rate
2024-12-04,3.25,ecb_rate
2024-12-05,3.25,ecb_rate
2024-12-06,3.25,ecb_rate
2024-12-07,3.25,ecb_rate
2024-12-08,3.25,ecb_rate
2024-12-09,3.25,ecb_rate
2024-12-10,3.25,ecb_rate
2024-12-11,3.25,ecb_rate
2024-12-12,3.25,ecb_rate
2024-12-13,3.25,ecb_rate
2024-12-14,3.25,ecb_rate
2024-12-15,3.25,ecb_rate
2024-12-16,3.25,ecb_rate
2024-12-17,3.25,ecb_rate
2024-12-18,3.0,ecb_rate
2024-12-19,3.0,ecb_rate
2024-12-20,3.0,ecb_rate
2024-12-21,3.0,ecb_rate
2024-12-22,3.0,ecb_rate
2024-12-23,3.0,ecb_rate
2024-12-24,3.0,ecb_rate
2024-12-25,3.0,ecb_rate
2024-12-26,3.0,ecb_rate
2024-12-27,3.0,ecb_rate
2024-12-28,3.0,ecb_rate
2024-12-29,3.0,ecb_rate
2024-12-30,3.0,ecb_rate
2024-12-31,3.0,ecb_rate
2025-01-01,3.0,ecb_rate
2025-01-02,3.0,ecb_rate
2025-01-03,3.0,ecb_rate
2025-01-04,3.0,ecb_rate
2025-01-05,3.0,ecb_rate
2025-01-06,3.0,ecb_rate
2025-01-07,3.0,ecb_rate
2025-01-08,3.0,ecb_rate
2025-01-09,3.0,ecb_rate
2025-01-10,3.0,ecb_rate
2025-01-11,3.0,ecb_rate
2025-01-12,3.0,ecb_rate
2025-01-13,3.0,ecb_rate
2025-01-14,3.0,ecb_rate
2025-01-15,3.0,ecb_rate
2025-01-16,3.0,ecb_rate
2025-01-17,3.0,ecb_rate
2025-01-18,3.0,ecb_rate
2025-01-19,3.0,ecb_rate
2025-01-20,3.0,ecb_rate
2025-01-21,3.0,ecb_rate
2025-01-22,3.0,ecb_rate
2025-01-23,3.0,ecb_rate
2025-01-24,3.0,ecb_rate
2025-01-25,3.0,ecb_rate
2025-01-26,3.0,ecb_rate
2025-01-27,3.0,ecb_rate
2025-01-28,3.0,ecb_rate
2025-01-29,3.0,ecb_rate
2025-01-30,3.0,ecb_rate
2025-01-31,3.0,ecb_rate
2025-02-01,3.0,ecb_rate
2025-02-02,3.0,ecb_rate
2025-02-03,3.0,ecb_rate
2025-02-04,3.0,ecb_rate
2025-02-05,2.75,ecb_rate
2025-02-06,2.75,ecb_rate
2025-02-07,2.75,ecb_rate
2025-02-08,2.75,ecb_rate
2025-02-09,2.75,ecb_rate
2025-02-10,2.75,ecb_rate
2025-02-11,2.75,ecb_rate
2025-02-12,2.75,ecb_rate
2025-02-13,2.75,ecb_rate
2025-02-14,2.75,ecb_rate
2025-02-15,2.75,ecb_rate
2025-02-16,2.75,ecb_rate
2025-02-17,2.75,ecb_rate
2025-02-18,2.75,ecb_rate
2025-02-19,2.75,ecb_rate
2025-02-20,2.75,ecb_rate
2025-02-21,2.75,ecb_rate
2025-02-22,2.75,ecb_rate
2025-02-23,2.75,ecb_rate
2025-02-24,2.75,ecb_rate
2025-02-25,2.75,ecb_rate
2025-02-26,2.75,ecb_rate
2025-02-27,2.75,ecb_rate
2025-02-28,2.75,ecb_rate
2025-03-01,2.75,ecb_rate
2025-03-02,2.75,ecb_rate
2025-03-03,2.75,ecb_rate
2025-03-04,2.75,ecb_rate
2025-03-05,2.75,ecb_rate
2025-03-06,2.75,ecb_rate
2025-03-07,2.75,ecb_rate
2025-03-08,2.75,ecb_rate
2025-03-09,2.75,ecb_rate
2025-03-10,2.75,ecb_rate
2025-03-11,2.75,ecb_rate
2025-03-12,2.5,ecb_rate
2025-03-13,2.5,ecb_rate
2025-03-14,2.5,ecb_rate
2025-03-15,2.5,ecb_rate
2025-03-16,2.5,ecb_rate
2025-03-17,2.5,ecb_rate
2025-03-18,2.5,ecb_rate
2025-03-19,2.5,ecb_rate
2025-03-20,2.5,ecb_rate
2025-03-21,2.5,ecb_rate
2025-03-22,2.5,ecb_rate
2025-03-23,2.5,ecb_rate
2025-03-24,2.5,ecb_rate
2025-03-25,2.5,ecb_rate
2025-03-26,2.5,ecb_rate
2025-03-27,2.5,ecb_rate
2025-03-28,2.5,ecb_rate
2025-03-29,2.5,ecb_rate
2025-03-30,2.5,ecb_rate
2025-03-31,2.5,ecb_rate
2025-04-01,2.5,ecb_rate
2025-04-02,2.5,ecb_rate
2025-04-03,2.5,ecb_rate
2025-04-04,2.5,ecb_rate
2025-04-05,2.5,ecb_rate
2025-04-06,2.5,ecb_rate
2025-04-07,2.5,ecb_rate
2025-04-08,2.5,ecb_rate
2025-04-09,2.5,ecb_rate
2025-04-10,2.5,ecb_rate
2025-04-11,2.5,ecb_rate
2025-04-12,2.5,ecb_rate
2025-04-13,2.5,ecb_rate
2025-04-14,2.5,ecb_rate
2025-04-15,2.5,ecb_rate
2025-04-16,2.5,ecb_rate
2025-04-17,2.5,ecb_rate
2025-04-18,2.5,ecb_rate
2025-04-19,2.5,ecb_rate
2025-04-20,2.5,ecb_rate
2025-04-21,2.5,ecb_rate
2025-04-22,2.5,ecb_rate
2025-04-23,2.25,ecb_rate
2025-04-24,2.25,ecb_rate
2025-04-25,2.25,ecb_rate
2025-04-26,2.25,ecb_rate
2025-04-27,2.25,ecb_rate
2025-04-28,2.25,ecb_rate
2025-04-29,2.25,ecb_rate
2025-04-30,2.25,ecb_rate
2025-05-01,2.25,ecb_rate
2025-05-02,2.25,ecb_rate
2025-05-03,2.25,ecb_rate
2025-05-04,2.25,ecb_rate
2025-05-05,2.25,ecb_rate
2025-05-06,2.25,ecb_rate
2025-05-07,2.25,ecb_rate
2025-05-08,2.25,ecb_rate
2025-05-09,2.25,ecb_rate
2025-05-10,2.25,ecb_rate
2025-05-11,2.25,ecb_rate
2025-05-12,2.25,ecb_rate
2025-05-13,2.25,ecb_rate
2025-05-14,2.25,ecb_rate
2025-05-15,2.25,ecb_rate
2025-05-16,2.25,ecb_rate
2025-05-17,2.25,ecb_rate
2025-05-18,2.25,ecb_rate
2025-05-19,2.25,ecb_rate
2025-05-20,2.25,ecb_rate
2025-05-21,2.25,ecb_rate
2025-05-22,2.25,ecb_rate
2025-05-23,2.25,ecb_rate
2025-05-24,2.25,ecb_rate
2025-05-25,2.25,ecb_rate
2025-05-26,2.25,ecb_rate
2025-05-27,2.25,ecb_rate
2025-05-28,2.25,ecb_rate
2025-05-29,2.25,ecb_rate
2025-05-30,2.25,ecb_rate
2025-05-31,2.25,ecb_rate
2025-06-01,2.25,ecb_rate
2025-06-02,2.25,ecb_rate
2025-06-03,2.25,ecb_rate
2025-06-04,2.25,ecb_rate
2025-06-05,2.25,ecb_rate
2025-06-06,2.25,ecb_rate
2025-06-07,2.25,ecb_rate
2025-06-08,2.25,ecb_rate
2025-06-09,2.25,ecb_rate
2025-06-10,2.25,ecb_rate
2025-06-11,2.0,ecb_rate
2025-06-12,2.0,ecb_rate
2025-06-13,2.0,ecb_rate
2025-06-14,2.0,ecb_rate
2025-06-15,2.0,ecb_rate
2025-06-16,2.0,ecb_rate
2025-06-17,2.0,ecb_rate
2025-06-18,2.0,ecb_rate
2025-06-19,2.0,ecb_rate
2025-06-20,2.0,ecb_rate
2025-06-21,2.0,ecb_rate
2025-06-22,2.0,ecb_rate
2025-06-23,2.0,ecb_rate
2025-06-24,2.0,ecb_rate
2025-06-25,2.0,ecb_rate
2025-06-26,2.0,ecb_rate
2025-06-27,2.0,ecb_rate
2025-06-28,2.0,ecb_rate
2025-06-29,2.0,ecb_rate
2025-06-30,2.0,ecb_rate
2025-07-01,2.0,ecb_rate
2025-07-02,2.0,ecb_rate
2025-07-03,2.0,ecb_rate
2025-07-04,2.0,ecb_rate
2025-07-05,2.0,ecb_rate
2025-07-06,2.0,ecb_rate
2025-07-07,2.0,ecb_rate
2025-07-08,2.0,ecb_rate
2025-07-09,2.0,ecb_rate
2025-07-10,2.0,ecb_rate
2025-07-11,2.0,ecb_rate
2025-07-12,2.0,ecb_rate
2025-07-13,2.0,ecb_rate
2025-07-14,2.0,ecb_rate
2025-07-15,2.0,ecb_rate
2025-07-16,2.0,ecb_rate
2025-07-17,2.0,ecb_rate
2025-07-18,2.0,ecb_rate
2025-07-19,2.0,ecb_rate
2025-07-20,2.0,ecb_rate
2025-07-21,2.0,ecb_rate
2025-07-22,2.0,ecb_rate
2025-07-23,2.0,ecb_rate
2025-07-24,2.0,ecb_rate
2025-07-25,2.0,ecb_rate
2025-07-26,2.0,ecb_rate
2025-07-27,2.0,ecb_rate
2025-07-28,2.0,ecb_rate
2025-07-29,2.0,ecb_rate
2025-07-30,2.0,ecb_rate
2025-07-31,2.0,ecb_rate
2025-08-01,2.0,ecb_rate
2025-08-02,2.0,ecb_rate
2025-08-03,2.0,ecb_rate
2025-08-04,2.0,ecb_rate
2025-08-05,2.0,ecb_rate
2025-08-06,2.0,ecb_rate
2025-08-07,2.0,ecb_rate
2025-08-08,2.0,ecb_rate
2025-08-09,2.0,ecb_rate
2025-08-10,2.0,ecb_rate
2025-08-11,2.0,ecb_rate
2025-08-12,2.0,ecb_rate
2025-08-13,2.0,ecb_rate
2025-08-14,2.0,ecb_rate
2025-08-15,2.0,ecb_rate
2025-08-16,2.0,ecb_rate
2025-08-17,2.0,ecb_rate
2025-08-18,2.0,ecb_rate
2025-08-19,2.0,ecb_rate
2025-08-20,2.0,ecb_rate
2025-08-21,2.0,ecb_rate
2025-08-22,2.0,ecb_rate
2025-08-23,2.0,ecb_rate
2025-08-24,2.0,ecb_rate
2025-08-25,2.0,ecb_rate
2025-08-26,2.0,ecb_rate
2025-08-27,2.0,ecb_rate
2025-08-28,2.0,ecb_rate
2025-08-29,2.0,ecb_rate
2025-08-30,2.0,ecb_rate
2025-08-31,2.0,ecb_rate
2025-09-01,2.0,ecb_rate
2025-09-02,2.0,ecb_rate
2025-09-03,2.0,ecb_rate
2025-09-04,2.0,ecb_rate
2025-09-05,2.0,ecb_rate
2025-09-06,2.0,ecb_rate
2025-09-07,2.0,ecb_rate
2025-09-08,2.0,ecb_rate
2025-09-09,2.0,ecb_rate
2025-09-10,2.0,ecb_rate
2025-09-11,2.0,ecb_rate
2025-09-12,2.0,ecb_rate
2025-09-13,2.0,ecb_rate
2025-09-14,2.0,ecb_rate
2025-09-15,2.0,ecb_rate
2025-09-16,2.0,ecb_rate
2025-09-17,2.0,ecb_rate
2025-09-18,2.0,ecb_rate
2025-09-19,2.0,ecb_rate
2025-09-20,2.0,ecb_rate
2025-09-21,2.0,ecb_rate
2025-09-22,2.0,ecb_rate
2025-09-23,2.0,ecb_rate
2025-09-24,2.0,ecb_rate
2025-09-25,2.0,ecb_rate
2025-09-26,2.0,ecb_rate
2025-09-27,2.0,ecb_rate
2025-09-28,2.0,ecb_rate
2025-09-29,2.0,ecb_rate
2025-09-30,2.0,ecb_rate
2025-10-01,2.0,ecb_rate
2025-10-02,2.0,ecb_rate
2025-10-03,2.0,ecb_rate
2025-10-04,2.0,ecb_rate
2025-10-05,2.0,ecb_rate
2025-10-06,2.0,ecb_rate
2025-10-07,2.0,ecb_rate
2025-10-08,2.0,ecb_rate
2025-10-09,2.0,ecb_rate
2025-10-10,2.0,ecb_rate
2025-10-11,2.0,ecb_rate
2025-10-12,2.0,ecb_rate
2025-10-13,2.0,ecb_rate
2025-10-14,2.0,ecb_rate
2025-10-15,2.0,ecb_rate
2025-10-16,2.0,ecb_rate
2025-10-17,2.0,ecb_rate
2025-10-18,2.0,ecb_rate
2025-10-19,2.0,ecb_rate
2025-10-20,2.0,ecb_rate
2025-10-21,2.0,ecb_rate
2025-10-22,2.0,ecb_rate
2025-10-23,2.0,ecb_rate
2025-10-24,2.0,ecb_rate
2025-10-25,2.0,ecb_rate
2025-10-26,2.0,ecb_rate
2025-10-27,2.0,ecb_rate
2025-10-28,2.0,ecb_rate
2025-10-29,2.0,ecb_rate
2025-10-30,2.0,ecb_rate
2025-10-31,2.0,ecb_rate
2025-11-01,2.0,ecb_rate
2025-11-02,2.0,ecb_rate
2025-11-03,2.0,ecb_rate
2025-11-04,2.0,ecb_rate
2025-11-05,2.0,ecb_rate
2025-11-06,2.0,ecb_rate
2025-11-07,2.0,ecb_rate
2025-11-08,2.0,ecb_rate
2025-11-09,2.0,ecb_rate
2025-11-10,2.0,ecb_rate
2025-11-11,2.0,ecb_rate
2025-11-12,2.0,ecb_rate
2025-11-13,2.0,ecb_rate
2025-11-14,2.0,ecb_rate
2025-11-15,2.0,ecb_rate
2025-11-16,2.0,ecb_rate
2025-11-17,2.0,ecb_rate
2025-11-18,2.0,ecb_rate
2025-11-19,2.0,ecb_rate
2025-11-20,2.0,ecb_rate
2025-11-21,2.0,ecb_rate
2025-11-22,2.0,ecb_rate
2025-11-23,2.0,ecb_rate
2025-11-24,2.0,ecb_rate
2025-11-25,2.0,ecb_rate
2025-11-26,2.0,ecb_rate
2025-11-27,2.0,ecb_rate
2025-11-28,2.0,ecb_rate
2025-11-29,2.0,ecb_rate
2025-11-30,2.0,ecb_rate
2025-12-01,2.0,ecb_rate
2025-12-02,2.0,ecb_rate
2025-12-03,2.0,ecb_rate
2025-12-04,2.0,ecb_rate
2025-12-05,2.0,ecb_rate
2025-12-06,2.0,ecb_rate
2025-12-07,2.0,ecb_rate
2025-12-08,2.0,ecb_rate
2025-12-09,2.0,ecb_rate
2025-12-10,2.0,ecb_rate
2025-12-11,2.0,ecb_rate
2025-12-12,2.0,ecb_rate
2025-12-13,2.0,ecb_rate
2025-12-14,2.0,ecb_rate
2025-12-15,2.0,ecb_rate
2025-12-16,2.0,ecb_rate
2025-12-17,2.0,ecb_rate
2025-12-18,2.0,ecb_rate
2025-12-19,2.0,ecb_rate
2025-12-20,2.0,ecb_rate
2025-12-21,2.0,ecb_rate
2025-12-22,2.0,ecb_rate
2025-12-23,2.0,ecb_rate
2025-12-24,2.0,ecb_rate
2025-12-25,2.0,ecb_rate
2025-12-26,2.0,ecb_rate
2025-12-27,2.0,ecb_rate
2025-12-28,2.0,ecb_rate
2025-12-29,2.0,ecb_rate
2025-12-30,2.0,ecb_rate
2025-12-31,2.0,ecb_rate
2026-01-01,2.0,ecb_rate
2026-01-02,2.0,ecb_rate
2026-01-03,2.0,ecb_rate
2026-01-04,2.0,ecb_rate
2026-01-05,2.0,ecb_rate
2026-01-06,2.0,ecb_rate
2026-01-07,2.0,ecb_rate
2026-01-08,2.0,ecb_rate
2026-01-09,2.0,ecb_rate
2026-01-10,2.0,ecb_rate
2026-01-11,2.0,ecb_rate
2026-01-12,2.0,ecb_rate
2026-01-13,2.0,ecb_rate
2026-01-14,2.0,ecb_rate
2026-01-15,2.0,ecb_rate
2026-01-16,2.0,ecb_rate
2026-01-17,2.0,ecb_rate
2026-01-18,2.0,ecb_rate
2026-01-19,2.0,ecb_rate
2026-01-20,2.0,ecb_rate
2026-01-21,2.0,ecb_rate
2026-01-22,2.0,ecb_rate
2026-01-23,2.0,ecb_rate
2026-01-24,2.0,ecb_rate
2026-01-25,2.0,ecb_rate
2026-01-26,2.0,ecb_rate
2026-01-27,2.0,ecb_rate
2026-01-28,2.0,ecb_rate
2026-01-29,2.0,ecb_rate
2026-01-30,2.0,ecb_rate
2026-01-31,2.0,ecb_rate
2026-02-01,2.0,ecb_rate
2026-02-02,2.0,ecb_rate
2026-02-03,2.0,ecb_rate
2026-02-04,2.0,ecb_rate
2026-02-05,2.0,ecb_rate
2026-02-06,2.0,ecb_rate
2026-02-07,2.0,ecb_rate
2026-02-08,2.0,ecb_rate
2026-02-09,2.0,ecb_rate
2026-02-10,2.0,ecb_rate
2026-02-11,2.0,ecb_rate
2026-02-12,2.0,ecb_rate
2026-02-13,2.0,ecb_rate
2026-02-14,2.0,ecb_rate
2026-02-15,2.0,ecb_rate
2026-02-16,2.0,ecb_rate
2026-02-17,2.0,ecb_rate
2026-02-18,2.0,ecb_rate
2026-02-19,2.0,ecb_rate
2026-02-20,2.0,ecb_rate
2026-02-21,2.0,ecb_rate
2026-02-22,2.0,ecb_rate
2026-02-23,2.0,ecb_rate
2026-02-24,2.0,ecb_rate
2026-02-25,2.0,ecb_rate
2026-02-26,2.0,ecb_rate
2026-02-27,2.0,ecb_rate
2026-02-28,2.0,ecb_rate
2026-03-01,2.0,ecb_rate
2026-03-02,2.0,ecb_rate
2026-03-03,2.0,ecb_rate
2026-03-04,2.0,ecb_rate
2026-03-05,2.0,ecb_rate
2026-03-06,2.0,ecb_rate
2026-03-07,2.0,ecb_rate
2026-03-08,2.0,ecb_rate
2026-03-09,2.0,ecb_rate
2026-03-10,2.0,ecb_rate
2026-03-11,2.0,ecb_rate
2026-03-12,2.0,ecb_rate
2026-03-13,2.0,ecb_rate
2026-03-14,2.0,ecb_rate
2026-03-15,2.0,ecb_rate
2026-03-16,2.0,ecb_rate
2026-03-17,2.0,ecb_rate
2026-03-18,2.0,ecb_rate
2026-03-19,2.0,ecb_rate
2026-03-20,2.0,ecb_rate
2026-03-21,2.0,ecb_rate
2026-03-22,2.0,ecb_rate
2026-03-23,2.0,ecb_rate
2026-03-24,2.0,ecb_rate
2026-03-25,2.0,ecb_rate
2026-03-26,2.0,ecb_rate
2026-03-27,2.0,ecb_rate
2026-03-28,2.0,ecb_rate
2026-03-29,2.0,ecb_rate
2026-03-30,2.0,ecb_rate
2026-03-31,2.0,ecb_rate
2026-04-01,2.0,ecb_rate
2026-04-02,2.0,ecb_rate
2026-04-03,2.0,ecb_rate
2026-04-04,2.0,ecb_rate
2026-04-05,2.0,ecb_rate
2026-04-06,2.0,ecb_rate
2026-04-07,2.0,ecb_rate
2026-04-08,2.0,ecb_rate
2026-04-09,2.0,ecb_rate
2026-04-10,2.0,ecb_rate
2026-04-11,2.0,ecb_rate
2026-04-12,2.0,ecb_rate
2026-04-13,2.0,ecb_rate
2026-04-14,2.0,ecb_rate
2026-04-15,2.0,ecb_rate
2026-04-16,2.0,ecb_rate
2026-04-17,2.0,ecb_rate
2026-04-18,2.0,ecb_rate
2026-04-19,2.0,ecb_rate
2026-04-20,2.0,ecb_rate
2026-04-21,2.0,ecb_rate
2026-04-22,2.0,ecb_rate
2026-04-23,2.0,ecb_rate
2026-04-24,2.0,ecb_rate
2026-04-25,2.0,ecb_rate
2026-04-26,2.0,ecb_rate
2026-04-27,2.0,ecb_rate
2026-04-28,2.0,ecb_rate
2026-04-29,2.0,ecb_rate
2026-04-30,2.0,ecb_rate
2026-05-01,2.0,ecb_rate
2026-05-02,2.0,ecb_rate
2026-05-03,2.0,ecb_rate
2026-05-04,2.0,ecb_rate
2026-05-05,2.0,ecb_rate
2026-05-06,2.0,ecb_rate
2026-05-07,2.0,ecb_rate
2026-05-08,2.0,ecb_rate
2026-05-09,2.0,ecb_rate
2026-05-10,2.0,ecb_rate
2026-05-11,2.0,ecb_rate
2026-05-12,2.0,ecb_rate
2026-05-13,2.0,ecb_rate
2026-05-14,2.0,ecb_rate
2026-05-15,2.0,ecb_rate
2026-05-16,2.0,ecb_rate
2026-05-17,2.0,ecb_rate
2026-05-18,2.0,ecb_rate
2026-05-19,2.0,ecb_rate
2026-05-20,2.0,ecb_rate
2026-05-21,2.0,ecb_rate
2026-05-22,2.0,ecb_rate
2026-05-23,2.0,ecb_rate
2026-05-24,2.0,ecb_rate
2026-05-25,2.0,ecb_rate
2026-05-26,2.0,ecb_rate
2026-05-27,2.0,ecb_rate
2026-05-28,2.0,ecb_rate
2026-05-29,2.0,ecb_rate
2026-05-30,2.0,ecb_rate
2026-05-31,2.0,ecb_rate
2026-06-01,2.0,ecb_rate
2026-06-02,2.0,ecb_rate
2026-06-03,2.0,ecb_rate
2026-06-04,2.0,ecb_rate
2026-06-05,2.0,ecb_rate
2026-06-06,2.0,ecb_rate
2026-06-07,2.0,ecb_rate
2026-06-08,2.0,ecb_rate
2026-06-09,2.0,ecb_rate
2026-06-10,2.0,ecb_rate
2026-06-11,2.0,ecb_rate
2026-06-12,2.0,ecb_rate
2026-06-13,2.0,ecb_rate
2026-06-14,2.0,ecb_rate
2026-06-15,2.0,ecb_rate
2026-06-16,2.0,ecb_rate
2026-06-17,2.25,ecb_rate
2026-06-18,2.25,ecb_rate
2026-06-19,2.25,ecb_rate
2026-06-20,2.25,ecb_rate
2026-06-21,2.25,ecb_rate
2026-06-22,2.25,ecb_rate
2026-06-23,2.25,ecb_rate
2026-06-24,2.25,ecb_rate
2026-06-25,2.25,ecb_rate
2026-06-26,2.25,ecb_rate
2026-06-27,2.25,ecb_rate
2026-06-28,2.25,ecb_rate
2026-06-29,2.25,ecb_rate
2026-06-30,2.25,ecb_rate
2026-07-01,2.25,ecb_rate
2026-07-02,2.25,ecb_rate
2026-07-03,2.25,ecb_rate
2026-07-04,2.25,ecb_rate
2026-07-05,2.25,ecb_rate
2026-07-06,2.25,ecb_rate
2026-07-07,2.25,ecb_rate
2026-07-08,2.25,ecb_rate
2026-07-09,2.25,ecb_rate
2026-07-10,2.25,ecb_rate
2026-07-11,2.25,ecb_rate
2026-07-12,2.25,ecb_rate
2026-07-13,2.25,ecb_rate
2026-07-14,2.25,ecb_rate
2026-07-15,2.25,ecb_rate
2026-07-16,2.25,ecb_rate
2026-07-17,2.25,ecb_rate
2026-07-18,2.25,ecb_rate
2026-07-19,2.25,ecb_rate
2026-07-20,2.25,ecb_rate
2026-07-21,2.25,ecb_rate
2026-07-22,2.25,ecb_rate
2026-07-23,2.25,ecb_rate
2026-07-24,2.25,ecb_rate
2026-07-25,2.25,ecb_rate
2026-07-26,2.25,ecb_rate
2026-07-27,2.25,ecb_rate
2026-07-28,2.25,ecb_rate
2026-07-29,2.25,ecb_rate
2026-07-30,2.25,ecb_rate
2026-07-31,2.25,ecb_rate
2026-08-01,2.25,ecb_rate
2026-08-02,2.25,ecb_rate
2026-08-03,2.25,ecb_rate
2026-08-04,2.25,ecb_rate
2026-08-05,2.25,ecb_rate
2026-08-06,2.25,ecb_rate
2026-08-07,2.25,ecb_rate
2026-08-08,2.25,ecb_rate
2026-08-09,2.25,ecb_rate
2026-08-10,2.25,ecb_rate
2026-08-11,2.25,ecb_rate
2026-08-12,2.25,ecb_rate
2026-08-13,2.25,ecb_rate
2026-08-14,2.25,ecb_rate
2026-08-15,2.25,ecb_rate
2026-08-16,2.25,ecb_rate
2026-08-17,2.25,ecb_rate
2026-08-18,2.25,ecb_rate
2026-08-19,2.25,ecb_rate
2026-08-20,2.25,ecb_rate
2026-08-21,2.25,ecb_rate
2026-08-22,2.25,ecb_rate
2026-08-23,2.25,ecb_rate
2026-08-24,2.25,ecb_rate
2026-08-25,2.25,ecb_rate
2026-08-26,2.25,ecb_rate
2026-08-27,2.25,ecb_rate
2026-08-28,2.25,ecb_rate
2026-08-29,2.25,ecb_rate
2026-08-30,2.25,ecb_rate
2026-08-31,2.25,ecb_rate
2026-09-01,2.25,ecb_rate
2026-09-02,2.25,ecb_rate
2026-09-03,2.25,ecb_rate
2026-09-04,2.25,ecb_rate
2026-09-05,2.25,ecb_rate
2026-09-06,2.25,ecb_rate
2026-09-07,2.25,ecb_rate
2026-09-08,2.25,ecb_rate
2026-09-09,2.25,ecb_rate
2026-09-10,2.25,ecb_rate
2026-09-11,2.25,ecb_rate
2026-09-12,2.25,ecb_rate
2026-09-13,2.25,ecb_rate
2026-09-14,2.25,ecb_rate
2026-09-15,2.25,ecb_rate
2026-09-16,2.5,ecb_rate
2026-09-17,2.5,ecb_rate
2026-09-18,2.5,ecb_rate
2026-09-19,2.5,ecb_rate
2026-09-20,2.5,ecb_rate
2026-09-21,2.5,ecb_rate
2026-09-22,2.5,ecb_rate
2026-09-23,2.5,ecb_rate
2026-09-24,2.5,ecb_rate
2026-09-25,2.5,ecb_rate
2026-09-26,2.5,ecb_rate
2026-09-27,2.5,ecb_rate
2026-09-28,2.5,ecb_rate
2026-09-29,2.5,ecb_rate
2026-09-30,2.5,ecb_rate
2026-10-01,2.5,ecb_rate
2010-01-01,.,us_2y_yield
2010-01-04,1.09,us_2y_yield
2010-01-05,1.01,us_2y_yield
2010-01-06,1.01,us_2y_yield
2010-01-07,1.03,us_2y_yield
2010-01-08,0.96,us_2y_yield
2010-01-11,0.95,us_2y_yield
2010-01-12,0.92,us_2y_yield
2010-01-13,0.97,us_2y_yield
2010-01-14,0.94,us_2y_yield
2010-01-15,0.89,us_2y_yield
2010-01-18,.,us_2y_yield
2010-01-19,0.93,us_2y_yield
2010-01-20,0.92,us_2y_yield
2010-01-21,0.87,us_2y_yield
2010-01-22,0.84,us_2y_yield
2010-01-25,0.86,us_2y_yield
2010-01-26,0.87,us_2y_yield
2010-01-27,0.90,us_2y_yield
2010-01-28,0.87,us_2y_yield
2010-01-29,0.82,us_2y_yield
2010-02-01,0.86,us_2y_yield
2010-02-02,0.86,us_2y_yield
2010-02-03,0.88,us_2y_yield
2010-02-04,0.80,us_2y_yield
2010-02-05,0.77,us_2y_yield
2010-02-08,0.79,us_2y_yield
2010-02-09,0.84,us_2y_yield
2010-02-10,0.91,us_2y_yield
2010-02-11,0.91,us_2y_yield
2010-02-12,0.84,us_2y_yield
2010-02-15,.,us_2y_yield
2010-02-16,0.82,us_2y_yield
2010-02-17,0.87,us_2y_yield
2010-02-18,0.90,us_2y_yield
2010-02-19,0.95,us_2y_yield
2010-02-22,0.91,us_2y_yield
2010-02-23,0.87,us_2y_yield
2010-02-24,0.87,us_2y_yield
2010-02-25,0.82,us_2y_yield
2010-02-26,0.81,us_2y_yield
2010-03-01,0.80,us_2y_yield
2010-03-02,0.80,us_2y_yield
2010-03-03,0.82,us_2y_yield
2010-03-04,0.86,us_2y_yield
2010-03-05,0.91,us_2y_yield
2010-03-08,0.90,us_2y_yield
2010-03-09,0.89,us_2y_yield
2010-03-10,0.92,us_2y_yield
2010-03-11,0.97,us_2y_yield
2010-03-12,0.97,us_2y_yield
2010-03-15,0.96,us_2y_yield
2010-03-16,0.93,us_2y_yield
2010-03-17,0.95,us_2y_yield
2010-03-18,0.98,us_2y_yield
2010-03-19,1.02,us_2y_yield
2010-03-22,1.01,us_2y_yield
2010-03-23,1.02,us_2y_yield
2010-03-24,1.08,us_2y_yield
2010-03-25,1.10,us_2y_yield
2010-03-26,1.04,us_2y_yield
2010-03-29,1.04,us_2y_yield
2010-03-30,1.06,us_2y_yield
2010-03-31,1.02,us_2y_yield
2010-04-01,1.05,us_2y_yield
2010-04-02,1.11,us_2y_yield
2010-04-05,1.18,us_2y_yield
2010-04-06,1.14,us_2y_yield
2010-04-07,1.06,us_2y_yield
2010-04-08,1.09,us_2y_yield
2010-04-09,1.08,us_2y_yield
2010-04-12,1.07,us_2y_yield
2010-04-13,1.07,us_2y_yield
2010-04-14,1.07,us_2y_yield
2010-04-15,1.04,us_2y_yield
2010-04-16,0.98,us_2y_yield
2010-04-19,1.01,us_2y_yield
2010-04-20,1.05,us_2y_yield
2010-04-21,1.03,us_2y_yield
2010-04-22,1.07,us_2y_yield
2010-04-23,1.10,us_2y_yield
2010-04-26,1.09,us_2y_yield
2010-04-27,1.03,us_2y_yield
2010-04-28,1.03,us_2y_yield
2010-04-29,1.01,us_2y_yield
2010-04-30,0.97,us_2y_yield
2010-05-03,1.00,us_2y_yield
2010-05-04,0.96,us_2y_yield
2010-05-05,0.88,us_2y_yield
2010-05-06,0.75,us_2y_yield
2010-05-07,0.83,us_2y_yield
2010-05-10,0.87,us_2y_yield
2010-05-11,0.85,us_2y_yield
2010-05-12,0.89,us_2y_yield
2010-05-13,0.87,us_2y_yield
2010-05-14,0.79,us_2y_yield
2010-05-17,0.81,us_2y_yield
2010-05-18,0.76,us_2y_yield
2010-05-19,0.80,us_2y_yield
2010-05-20,0.76,us_2y_yield
2010-05-21,0.76,us_2y_yield
2010-05-24,0.77,us_2y_yield
2010-05-25,0.81,us_2y_yield
2010-05-26,0.82,us_2y_yield
2010-05-27,0.87,us_2y_yield
2010-05-28,0.76,us_2y_yield
2010-05-31,.,us_2y_yield
2010-06-01,0.78,us_2y_yield
2010-06-02,0.82,us_2y_yield
2010-06-03,0.82,us_2y_yield
2010-06-04,0.72,us_2y_yield
2010-06-07,0.74,us_2y_yield
2010-06-08,0.74,us_2y_yield
2010-06-09,0.74,us_2y_yield
2010-06-10,0.79,us_2y_yield
2010-06-11,0.75,us_2y_yield
2010-06-14,0.77,us_2y_yield
2010-06-15,0.79,us_2y_yield
2010-06-16,0.75,us_2y_yield
2010-06-17,0.72,us_2y_yield
2010-06-18,0.74,us_2y_yield
2010-06-21,0.74,us_2y_yield
2010-06-22,0.71,us_2y_yield
2010-06-23,0.66,us_2y_yield
2010-06-24,0.67,us_2y_yield
2010-06-25,0.65,us_2y_yield
2010-06-28,0.62,us_2y_yield
2010-06-29,0.61,us_2y_yield
2010-06-30,0.61,us_2y_yield
2010-07-01,0.63,us_2y_yield
2010-07-02,0.63,us_2y_yield
2010-07-05,.,us_2y_yield
2010-07-06,0.62,us_2y_yield
2010-07-07,0.63,us_2y_yield
2010-07-08,0.63,us_2y_yield
2010-07-09,0.63,us_2y_yield
2010-07-12,0.65,us_2y_yield
2010-07-13,0.67,us_2y_yield
2010-07-14,0.62,us_2y_yield
2010-07-15,0.61,us_2y_yield
2010-07-16,0.61,us_2y_yield
2010-07-19,0.61,us_2y_yield
2010-07-20,0.61,us_2y_yield
2010-07-21,0.58,us_2y_yield
2010-07-22,0.60,us_2y_yield
2010-07-23,0.60,us_2y_yield
2010-07-26,0.62,us_2y_yield
2010-07-27,0.65,us_2y_yield
2010-07-28,0.61,us_2y_yield
2010-07-29,0.59,us_2y_yield
2010-07-30,0.55,us_2y_yield
2010-08-02,0.56,us_2y_yield
2010-08-03,0.53,us_2y_yield
2010-08-04,0.56,us_2y_yield
2010-08-05,0.53,us_2y_yield
2010-08-06,0.50,us_2y_yield
2010-08-09,0.54,us_2y_yield
2010-08-10,0.52,us_2y_yield
2010-08-11,0.54,us_2y_yield
2010-08-12,0.55,us_2y_yield
2010-08-13,0.54,us_2y_yield
2010-08-16,0.51,us_2y_yield
2010-08-17,0.52,us_2y_yield
2010-08-18,0.51,us_2y_yield
2010-08-19,0.49,us_2y_yield
2010-08-20,0.49,us_2y_yield
2010-08-23,0.49,us_2y_yield
2010-08-24,0.50,us_2y_yield
2010-08-25,0.53,us_2y_yield
2010-08-26,0.51,us_2y_yield
2010-08-27,0.56,us_2y_yield
2010-08-30,0.50,us_2y_yield
2010-08-31,0.47,us_2y_yield
2010-09-01,0.50,us_2y_yield
2010-09-02,0.50,us_2y_yield
2010-09-03,0.52,us_2y_yield
2010-09-06,.,us_2y_yield
2010-09-07,0.49,us_2y_yield
2010-09-08,0.52,us_2y_yield
2010-09-09,0.57,us_2y_yield
2010-09-10,0.58,us_2y_yield
2010-09-13,0.53,us_2y_yield
2010-09-14,0.50,us_2y_yield
2010-09-15,0.50,us_2y_yield
2010-09-16,0.48,us_2y_yield
2010-09-17,0.48,us_2y_yield
2010-09-20,0.47,us_2y_yield
2010-09-21,0.43,us_2y_yield
2010-09-22,0.44,us_2y_yield
2010-09-23,0.45,us_2y_yield
2010-09-24,0.45,us_2y_yield
2010-09-27,0.44,us_2y_yield
2010-09-28,0.37,us_2y_yield
2010-09-29,0.44,us_2y_yield
2010-09-30,0.42,us_2y_yield
2010-10-01,0.42,us_2y_yield
2010-10-04,0.41,us_2y_yield
2010-10-05,0.41,us_2y_yield
2010-10-06,0.38,us_2y_yield
2010-10-07,0.36,us_2y_yield
2010-10-08,0.35,us_2y_yield
2010-10-11,.,us_2y_yield
2010-10-12,0.37,us_2y_yield
2010-10-13,0.37,us_2y_yield
2010-10-14,0.38,us_2y_yield
2010-10-15,0.37,us_2y_yield
2010-10-18,0.38,us_2y_yield
2010-10-19,0.37,us_2y_yield
2010-10-20,0.35,us_2y_yield
2010-10-21,0.37,us_2y_yield
2010-10-22,0.35,us_2y_yield
2010-10-25,0.37,us_2y_yield
2010-10-26,0.40,us_2y_yield
2010-10-27,0.40,us_2y_yield
2010-10-28,0.37,us_2y_yield
2010-10-29,0.34,us_2y_yield
2010-11-01,0.34,us_2y_yield
2010-11-02,0.34,us_2y_yield
2010-11-03,0.34,us_2y_yield
2010-11-04,0.33,us_2y_yield
2010-11-05,0.38,us_2y_yield
2010-11-08,0.41,us_2y_yield
2010-11-09,0.46,us_2y_yield
2010-11-10,0.44,us_2y_yield
2010-11-11,.,us_2y_yield
2010-11-12,0.51,us_2y_yield
2010-11-15,0.53,us_2y_yield
2010-11-16,0.51,us_2y_yield
2010-11-17,0.50,us_2y_yield
2010-11-18,0.52,us_2y_yield
2010-11-19,0.52,us_2y_yield
2010-11-22,0.49,us_2y_yield
2010-11-23,0.45,us_2y_yield
2010-11-24,0.53,us_2y_yield
2010-11-25,.,us_2y_yield
2010-11-26,0.51,us_2y_yield
2010-11-29,0.52,us_2y_yield
2010-11-30,0.45,us_2y_yield
2010-12-01,0.53,us_2y_yield
2010-12-02,0.55,us_2y_yield
2010-12-03,0.49,us_2y_yield
2010-12-06,0.42,us_2y_yield
2010-12-07,0.54,us_2y_yield
2010-12-08,0.63,us_2y_yield
2010-12-09,0.64,us_2y_yield
2010-12-10,0.64,us_2y_yield
2010-12-13,0.61,us_2y_yield
2010-12-14,0.66,us_2y_yield
2010-12-15,0.68,us_2y_yield
2010-12-16,0.66,us_2y_yield
2010-12-17,0.61,us_2y_yield
2010-12-20,0.62,us_2y_yield
2010-12-21,0.63,us_2y_yield
2010-12-22,0.65,us_2y_yield
2010-12-23,0.67,us_2y_yield
2010-12-24,.,us_2y_yield
2010-12-27,0.71,us_2y_yield
2010-12-28,0.75,us_2y_yield
2010-12-29,0.64,us_2y_yield
2010-12-30,0.66,us_2y_yield
2010-12-31,0.61,us_2y_yield
2011-01-03,0.61,us_2y_yield
2011-01-04,0.63,us_2y_yield
2011-01-05,0.71,us_2y_yield
2011-01-06,0.68,us_2y_yield
2011-01-07,0.60,us_2y_yield
2011-01-10,0.59,us_2y_yield
2011-01-11,0.60,us_2y_yield
2011-01-12,0.61,us_2y_yield
2011-01-13,0.59,us_2y_yield
2011-01-14,0.59,us_2y_yield
2011-01-17,.,us_2y_yield
2011-01-18,0.60,us_2y_yield
2011-01-19,0.60,us_2y_yield
2011-01-20,0.65,us_2y_yield
2011-01-21,0.63,us_2y_yield
2011-01-24,0.65,us_2y_yield
2011-01-25,0.62,us_2y_yield
2011-01-26,0.62,us_2y_yield
2011-01-27,0.59,us_2y_yield
2011-01-28,0.54,us_2y_yield
2011-01-31,0.58,us_2y_yield
2011-02-01,0.61,us_2y_yield
2011-02-02,0.67,us_2y_yield
2011-02-03,0.71,us_2y_yield
2011-02-04,0.77,us_2y_yield
2011-02-07,0.78,us_2y_yield
2011-02-08,0.86,us_2y_yield
2011-02-09,0.81,us_2y_yield
2011-02-10,0.85,us_2y_yield
2011-02-11,0.85,us_2y_yield
2011-02-14,0.87,us_2y_yield
2011-02-15,0.84,us_2y_yield
2011-02-16,0.86,us_2y_yield
2011-02-17,0.80,us_2y_yield
2011-02-18,0.78,us_2y_yield
2011-02-21,.,us_2y_yield
2011-02-22,0.74,us_2y_yield
2011-02-23,0.74,us_2y_yield
2011-02-24,0.73,us_2y_yield
2011-02-25,0.72,us_2y_yield
2011-02-28,0.69,us_2y_yield
2011-03-01,0.66,us_2y_yield
2011-03-02,0.69,us_2y_yield
2011-03-03,0.79,us_2y_yield
2011-03-04,0.68,us_2y_yield
2011-03-07,0.70,us_2y_yield
2011-03-08,0.73,us_2y_yield
2011-03-09,0.70,us_2y_yield
2011-03-10,0.65,us_2y_yield
2011-03-11,0.64,us_2y_yield
2011-03-14,0.61,us_2y_yield
2011-03-15,0.63,us_2y_yield
2011-03-16,0.58,us_2y_yield
2011-03-17,0.60,us_2y_yield
2011-03-18,0.61,us_2y_yield
2011-03-21,0.67,us_2y_yield
2011-03-22,0.68,us_2y_yield
2011-03-23,0.69,us_2y_yield
2011-03-24,0.72,us_2y_yield
2011-03-25,0.79,us_2y_yield
2011-03-28,0.81,us_2y_yield
2011-03-29,0.81,us_2y_yield
2011-03-30,0.80,us_2y_yield
2011-03-31,0.80,us_2y_yield
2011-04-01,0.80,us_2y_yield
2011-04-04,0.77,us_2y_yield
2011-04-05,0.84,us_2y_yield
2011-04-06,0.85,us_2y_yield
2011-04-07,0.81,us_2y_yield
2011-04-08,0.83,us_2y_yield
2011-04-11,0.85,us_2y_yield
2011-04-12,0.77,us_2y_yield
2011-04-13,0.75,us_2y_yield
2011-04-14,0.77,us_2y_yield
2011-04-15,0.71,us_2y_yield
2011-04-18,0.69,us_2y_yield
2011-04-19,0.68,us_2y_yield
2011-04-20,0.69,us_2y_yield
2011-04-21,0.68,us_2y_yield
2011-04-22,.,us_2y_yield
2011-04-25,0.67,us_2y_yield
2011-04-26,0.65,us_2y_yield
2011-04-27,0.65,us_2y_yield
2011-04-28,0.62,us_2y_yield
2011-04-29,0.61,us_2y_yield
2011-05-02,0.61,us_2y_yield
2011-05-03,0.61,us_2y_yield
2011-05-04,0.60,us_2y_yield
2011-05-05,0.58,us_2y_yield
2011-05-06,0.57,us_2y_yield
2011-05-09,0.57,us_2y_yield
2011-05-10,0.59,us_2y_yield
2011-05-11,0.56,us_2y_yield
2011-05-12,0.57,us_2y_yield
2011-05-13,0.57,us_2y_yield
2011-05-16,0.54,us_2y_yield
2011-05-17,0.55,us_2y_yield
2011-05-18,0.58,us_2y_yield
2011-05-19,0.55,us_2y_yield
2011-05-20,0.55,us_2y_yield
2011-05-23,0.55,us_2y_yield
2011-05-24,0.56,us_2y_yield
2011-05-25,0.54,us_2y_yield
2011-05-26,0.48,us_2y_yield
2011-05-27,0.48,us_2y_yield
2011-05-30,.,us_2y_yield
2011-05-31,0.45,us_2y_yield
2011-06-01,0.44,us_2y_yield
2011-06-02,0.45,us_2y_yield
2011-06-03,0.42,us_2y_yield
2011-06-06,0.43,us_2y_yield
2011-06-07,0.39,us_2y_yield
2011-06-08,0.39,us_2y_yield
2011-06-09,0.43,us_2y_yield
2011-06-10,0.41,us_2y_yield
2011-06-13,0.40,us_2y_yield
2011-06-14,0.45,us_2y_yield
2011-06-15,0.38,us_2y_yield
2011-06-16,0.38,us_2y_yield
2011-06-17,0.38,us_2y_yield
2011-06-20,0.38,us_2y_yield
2011-06-21,0.40,us_2y_yield
2011-06-22,0.39,us_2y_yield
2011-06-23,0.35,us_2y_yield
2011-06-24,0.35,us_2y_yield
2011-06-27,0.41,us_2y_yield
2011-06-28,0.48,us_2y_yield
2011-06-29,0.47,us_2y_yield
2011-06-30,0.45,us_2y_yield
2011-07-01,0.50,us_2y_yield
2011-07-04,.,us_2y_yield
2011-07-05,0.44,us_2y_yield
2011-07-06,0.43,us_2y_yield
2011-07-07,0.49,us_2y_yield
2011-07-08,0.40,us_2y_yield
2011-07-11,0.37,us_2y_yield
2011-07-12,0.37,us_2y_yield
2011-07-13,0.37,us_2y_yield
2011-07-14,0.38,us_2y_yield
2011-07-15,0.37,us_2y_yield
2011-07-18,0.37,us_2y_yield
2011-07-19,0.39,us_2y_yield
2011-07-20,0.40,us_2y_yield
2011-07-21,0.40,us_2y_yield
2011-07-22,0.40,us_2y_yield
2011-07-25,0.42,us_2y_yield
2011-07-26,0.41,us_2y_yield
2011-07-27,0.44,us_2y_yield
2011-07-28,0.42,us_2y_yield
2011-07-29,0.36,us_2y_yield
2011-08-01,0.38,us_2y_yield
2011-08-02,0.33,us_2y_yield
2011-08-03,0.33,us_2y_yield
2011-08-04,0.27,us_2y_yield
2011-08-05,0.28,us_2y_yield
2011-08-08,0.27,us_2y_yield
2011-08-09,0.19,us_2y_yield
2011-08-10,0.19,us_2y_yield
2011-08-11,0.19,us_2y_yield
2011-08-12,0.20,us_2y_yield
2011-08-15,0.19,us_2y_yield
2011-08-16,0.20,us_2y_yield
2011-08-17,0.19,us_2y_yield
2011-08-18,0.20,us_2y_yield
2011-08-19,0.20,us_2y_yield
2011-08-22,0.22,us_2y_yield
2011-08-23,0.22,us_2y_yield
2011-08-24,0.23,us_2y_yield
2011-08-25,0.22,us_2y_yield
2011-08-26,0.20,us_2y_yield
2011-08-29,0.20,us_2y_yield
2011-08-30,0.20,us_2y_yield
2011-08-31,0.20,us_2y_yield
2011-09-01,0.19,us_2y_yield
2011-09-02,0.20,us_2y_yield
2011-09-05,.,us_2y_yield
2011-09-06,0.21,us_2y_yield
2011-09-07,0.21,us_2y_yield
2011-09-08,0.19,us_2y_yield
2011-09-09,0.17,us_2y_yield
2011-09-12,0.21,us_2y_yield
2011-09-13,0.21,us_2y_yield
2011-09-14,0.19,us_2y_yield
2011-09-15,0.21,us_2y_yield
2011-09-16,0.18,us_2y_yield
2011-09-19,0.16,us_2y_yield
2011-09-20,0.18,us_2y_yield
2011-09-21,0.21,us_2y_yield
2011-09-22,0.20,us_2y_yield
2011-09-23,0.23,us_2y_yield
2011-09-26,0.25,us_2y_yield
2011-09-27,0.25,us_2y_yield
2011-09-28,0.27,us_2y_yield
2011-09-29,0.27,us_2y_yield
2011-09-30,0.25,us_2y_yield
2011-10-03,0.24,us_2y_yield
2011-10-04,0.25,us_2y_yield
2011-10-05,0.25,us_2y_yield
2011-10-06,0.29,us_2y_yield
2011-10-07,0.30,us_2y_yield
2011-10-10,.,us_2y_yield
2011-10-11,0.32,us_2y_yield
2011-10-12,0.29,us_2y_yield
2011-10-13,0.29,us_2y_yield
2011-10-14,0.28,us_2y_yield
2011-10-17,0.28,us_2y_yield
2011-10-18,0.28,us_2y_yield
2011-10-19,0.28,us_2y_yield
2011-10-20,0.28,us_2y_yield
2011-10-21,0.30,us_2y_yield
2011-10-24,0.30,us_2y_yield
2011-10-25,0.26,us_2y_yield
2011-10-26,0.28,us_2y_yield
2011-10-27,0.31,us_2y_yield
2011-10-28,0.28,us_2y_yield
2011-10-31,0.25,us_2y_yield
2011-11-01,0.23,us_2y_yield
2011-11-02,0.23,us_2y_yield
2011-11-03,0.24,us_2y_yield
2011-11-04,0.22,us_2y_yield
2011-11-07,0.25,us_2y_yield
2011-11-08,0.25,us_2y_yield
2011-11-09,0.24,us_2y_yield
2011-11-10,0.24,us_2y_yield
2011-11-11,.,us_2y_yield
2011-11-14,0.24,us_2y_yield
2011-11-15,0.26,us_2y_yield
2011-11-16,0.26,us_2y_yield
2011-11-17,0.27,us_2y_yield
2011-11-18,0.29,us_2y_yield
2011-11-21,0.27,us_2y_yield
2011-11-22,0.26,us_2y_yield
2011-11-23,0.26,us_2y_yield
2011-11-24,.,us_2y_yield
2011-11-25,0.28,us_2y_yield
2011-11-28,0.26,us_2y_yield
2011-11-29,0.27,us_2y_yield
2011-11-30,0.25,us_2y_yield
2011-12-01,0.27,us_2y_yield
2011-12-02,0.25,us_2y_yield
2011-12-05,0.27,us_2y_yield
2011-12-06,0.25,us_2y_yield
2011-12-07,0.24,us_2y_yield
2011-12-08,0.22,us_2y_yield
2011-12-09,0.22,us_2y_yield
2011-12-12,0.24,us_2y_yield
2011-12-13,0.24,us_2y_yield
2011-12-14,0.25,us_2y_yield
2011-12-15,0.26,us_2y_yield
2011-12-16,0.24,us_2y_yield
2011-12-19,0.24,us_2y_yield
2011-12-20,0.26,us_2y_yield
2011-12-21,0.28,us_2y_yield
2011-12-22,0.28,us_2y_yield
2011-12-23,0.28,us_2y_yield
2011-12-26,.,us_2y_yield
2011-12-27,0.30,us_2y_yield
2011-12-28,0.28,us_2y_yield
2011-12-29,0.28,us_2y_yield
2011-12-30,0.25,us_2y_yield
2012-01-02,.,us_2y_yield
2012-01-03,0.27,us_2y_yield
2012-01-04,0.25,us_2y_yield
2012-01-05,0.27,us_2y_yield
2012-01-06,0.25,us_2y_yield
2012-01-09,0.26,us_2y_yield
2012-01-10,0.24,us_2y_yield
2012-01-11,0.24,us_2y_yield
2012-01-12,0.22,us_2y_yield
2012-01-13,0.24,us_2y_yield
2012-01-16,.,us_2y_yield
2012-01-17,0.21,us_2y_yield
2012-01-18,0.24,us_2y_yield
2012-01-19,0.26,us_2y_yield
2012-01-20,0.26,us_2y_yield
2012-01-23,0.26,us_2y_yield
2012-01-24,0.24,us_2y_yield
2012-01-25,0.22,us_2y_yield
2012-01-26,0.22,us_2y_yield
2012-01-27,0.22,us_2y_yield
2012-01-30,0.22,us_2y_yield
2012-01-31,0.22,us_2y_yield
2012-02-01,0.23,us_2y_yield
2012-02-02,0.23,us_2y_yield
2012-02-03,0.23,us_2y_yield
2012-02-06,0.24,us_2y_yield
2012-02-07,0.25,us_2y_yield
2012-02-08,0.27,us_2y_yield
2012-02-09,0.27,us_2y_yield
2012-02-10,0.27,us_2y_yield
2012-02-13,0.29,us_2y_yield
2012-02-14,0.29,us_2y_yield
2012-02-15,0.29,us_2y_yield
2012-02-16,0.29,us_2y_yield
2012-02-17,0.29,us_2y_yield
2012-02-20,.,us_2y_yield
2012-02-21,0.31,us_2y_yield
2012-02-22,0.29,us_2y_yield
2012-02-23,0.31,us_2y_yield
2012-02-24,0.31,us_2y_yield
2012-02-27,0.30,us_2y_yield
2012-02-28,0.30,us_2y_yield
2012-02-29,0.30,us_2y_yield
2012-03-01,0.30,us_2y_yield
2012-03-02,0.28,us_2y_yield
2012-03-05,0.31,us_2y_yield
2012-03-06,0.30,us_2y_yield
2012-03-07,0.30,us_2y_yield
2012-03-08,0.32,us_2y_yield
2012-03-09,0.33,us_2y_yield
2012-03-12,0.33,us_2y_yield
2012-03-13,0.35,us_2y_yield
2012-03-14,0.40,us_2y_yield
2012-03-15,0.37,us_2y_yield
2012-03-16,0.37,us_2y_yield
2012-03-19,0.39,us_2y_yield
2012-03-20,0.41,us_2y_yield
2012-03-21,0.39,us_2y_yield
2012-03-22,0.37,us_2y_yield
2012-03-23,0.37,us_2y_yield
2012-03-26,0.36,us_2y_yield
2012-03-27,0.33,us_2y_yield
2012-03-28,0.34,us_2y_yield
2012-03-29,0.33,us_2y_yield
2012-03-30,0.33,us_2y_yield
2012-04-02,0.33,us_2y_yield
2012-04-03,0.36,us_2y_yield
2012-04-04,0.35,us_2y_yield
2012-04-05,0.35,us_2y_yield
2012-04-06,0.32,us_2y_yield
2012-04-09,0.32,us_2y_yield
2012-04-10,0.28,us_2y_yield
2012-04-11,0.30,us_2y_yield
2012-04-12,0.29,us_2y_yield
2012-04-13,0.27,us_2y_yield
2012-04-16,0.27,us_2y_yield
2012-04-17,0.27,us_2y_yield
2012-04-18,0.27,us_2y_yield
2012-04-19,0.27,us_2y_yield
2012-04-20,0.29,us_2y_yield
2012-04-23,0.27,us_2y_yield
2012-04-24,0.27,us_2y_yield
2012-04-25,0.26,us_2y_yield
2012-04-26,0.26,us_2y_yield
2012-04-27,0.26,us_2y_yield
2012-04-30,0.27,us_2y_yield
2012-05-01,0.27,us_2y_yield
2012-05-02,0.27,us_2y_yield
2012-05-03,0.28,us_2y_yield
2012-05-04,0.27,us_2y_yield
2012-05-07,0.27,us_2y_yield
2012-05-08,0.27,us_2y_yield
2012-05-09,0.27,us_2y_yield
2012-05-10,0.27,us_2y_yield
2012-05-11,0.27,us_2y_yield
2012-05-14,0.29,us_2y_yield
2012-05-15,0.29,us_2y_yield
2012-05-16,0.30,us_2y_yield
2012-05-17,0.32,us_2y_yield
2012-05-18,0.32,us_2y_yield
2012-05-21,0.30,us_2y_yield
2012-05-22,0.30,us_2y_yield
2012-05-23,0.28,us_2y_yield
2012-05-24,0.29,us_2y_yield
2012-05-25,0.30,us_2y_yield
2012-05-28,.,us_2y_yield
2012-05-29,0.30,us_2y_yield
2012-05-30,0.27,us_2y_yield
2012-05-31,0.27,us_2y_yield
2012-06-01,0.25,us_2y_yield
2012-06-04,0.25,us_2y_yield
2012-06-05,0.25,us_2y_yield
2012-06-06,0.26,us_2y_yield
2012-06-07,0.27,us_2y_yield
2012-06-08,0.28,us_2y_yield
2012-06-11,0.27,us_2y_yield
2012-06-12,0.30,us_2y_yield
2012-06-13,0.30,us_2y_yield
2012-06-14,0.30,us_2y_yield
2012-06-15,0.29,us_2y_yield
2012-06-18,0.29,us_2y_yield
2012-06-19,0.30,us_2y_yield
2012-06-20,0.32,us_2y_yield
2012-06-21,0.32,us_2y_yield
2012-06-22,0.31,us_2y_yield
2012-06-25,0.31,us_2y_yield
2012-06-26,0.31,us_2y_yield
2012-06-27,0.31,us_2y_yield
2012-06-28,0.31,us_2y_yield
2012-06-29,0.33,us_2y_yield
2012-07-02,0.30,us_2y_yield
2012-07-03,0.30,us_2y_yield
2012-07-04,.,us_2y_yield
2012-07-05,0.28,us_2y_yield
2012-07-06,0.27,us_2y_yield
2012-07-09,0.27,us_2y_yield
2012-07-10,0.27,us_2y_yield
2012-07-11,0.27,us_2y_yield
2012-07-12,0.25,us_2y_yield
2012-07-13,0.25,us_2y_yield
2012-07-16,0.24,us_2y_yield
2012-07-17,0.25,us_2y_yield
2012-07-18,0.22,us_2y_yield
2012-07-19,0.22,us_2y_yield
2012-07-20,0.22,us_2y_yield
2012-07-23,0.22,us_2y_yield
2012-07-24,0.22,us_2y_yield
2012-07-25,0.22,us_2y_yield
2012-07-26,0.23,us_2y_yield
2012-07-27,0.25,us_2y_yield
2012-07-30,0.23,us_2y_yield
2012-07-31,0.23,us_2y_yield
2012-08-01,0.24,us_2y_yield
2012-08-02,0.24,us_2y_yield
2012-08-03,0.24,us_2y_yield
2012-08-06,0.24,us_2y_yield
2012-08-07,0.27,us_2y_yield
2012-08-08,0.29,us_2y_yield
2012-08-09,0.29,us_2y_yield
2012-08-10,0.27,us_2y_yield
2012-08-13,0.27,us_2y_yield
2012-08-14,0.27,us_2y_yield
2012-08-15,0.27,us_2y_yield
2012-08-16,0.29,us_2y_yield
2012-08-17,0.29,us_2y_yield
2012-08-20,0.29,us_2y_yield
2012-08-21,0.31,us_2y_yield
2012-08-22,0.26,us_2y_yield
2012-08-23,0.26,us_2y_yield
2012-08-24,0.28,us_2y_yield
2012-08-27,0.28,us_2y_yield
2012-08-28,0.27,us_2y_yield
2012-08-29,0.27,us_2y_yield
2012-08-30,0.27,us_2y_yield
2012-08-31,0.22,us_2y_yield
2012-09-03,.,us_2y_yield
2012-09-04,0.23,us_2y_yield
2012-09-05,0.25,us_2y_yield
2012-09-06,0.27,us_2y_yield
2012-09-07,0.25,us_2y_yield
2012-09-10,0.25,us_2y_yield
2012-09-11,0.25,us_2y_yield
2012-09-12,0.25,us_2y_yield
2012-09-13,0.24,us_2y_yield
2012-09-14,0.27,us_2y_yield
2012-09-17,0.25,us_2y_yield
2012-09-18,0.25,us_2y_yield
2012-09-19,0.27,us_2y_yield
2012-09-20,0.27,us_2y_yield
2012-09-21,0.27,us_2y_yield
2012-09-24,0.27,us_2y_yield
2012-09-25,0.27,us_2y_yield
2012-09-26,0.26,us_2y_yield
2012-09-27,0.25,us_2y_yield
2012-09-28,0.23,us_2y_yield
2012-10-01,0.25,us_2y_yield
2012-10-02,0.23,us_2y_yield
2012-10-03,0.23,us_2y_yield
2012-10-04,0.23,us_2y_yield
2012-10-05,0.27,us_2y_yield
2012-10-08,.,us_2y_yield
2012-10-09,0.25,us_2y_yield
2012-10-10,0.27,us_2y_yield
2012-10-11,0.28,us_2y_yield
2012-10-12,0.27,us_2y_yield
2012-10-15,0.27,us_2y_yield
2012-10-16,0.27,us_2y_yield
2012-10-17,0.30,us_2y_yield
2012-10-18,0.29,us_2y_yield
2012-10-19,0.30,us_2y_yield
2012-10-22,0.32,us_2y_yield
2012-10-23,0.29,us_2y_yield
2012-10-24,0.29,us_2y_yield
2012-10-25,0.31,us_2y_yield
2012-10-26,0.30,us_2y_yield
2012-10-29,0.30,us_2y_yield
2012-10-30,.,us_2y_yield
2012-10-31,0.30,us_2y_yield
2012-11-01,0.30,us_2y_yield
2012-11-02,0.28,us_2y_yield
2012-11-05,0.28,us_2y_yield
2012-11-06,0.30,us_2y_yield
2012-11-07,0.27,us_2y_yield
2012-11-08,0.27,us_2y_yield
2012-11-09,0.27,us_2y_yield
2012-11-12,.,us_2y_yield
2012-11-13,0.27,us_2y_yield
2012-11-14,0.25,us_2y_yield
2012-11-15,0.24,us_2y_yield
2012-11-16,0.24,us_2y_yield
2012-11-19,0.25,us_2y_yield
2012-11-20,0.27,us_2y_yield
2012-11-21,0.27,us_2y_yield
2012-11-22,.,us_2y_yield
2012-11-23,0.29,us_2y_yield
2012-11-26,0.27,us_2y_yield
2012-11-27,0.27,us_2y_yield
2012-11-28,0.27,us_2y_yield
2012-11-29,0.25,us_2y_yield
2012-11-30,0.25,us_2y_yield
2012-12-03,0.25,us_2y_yield
2012-12-04,0.25,us_2y_yield
2012-12-05,0.25,us_2y_yield
2012-12-06,0.25,us_2y_yield
2012-12-07,0.25,us_2y_yield
2012-12-10,0.24,us_2y_yield
2012-12-11,0.24,us_2y_yield
2012-12-12,0.25,us_2y_yield
2012-12-13,0.27,us_2y_yield
2012-12-14,0.24,us_2y_yield
2012-12-17,0.25,us_2y_yield
2012-12-18,0.28,us_2y_yield
2012-12-19,0.28,us_2y_yield
2012-12-20,0.28,us_2y_yield
2012-12-21,0.26,us_2y_yield
2012-12-24,0.26,us_2y_yield
2012-12-25,.,us_2y_yield
2012-12-26,0.26,us_2y_yield
2012-12-27,0.26,us_2y_yield
2012-12-28,0.27,us_2y_yield
2012-12-31,0.25,us_2y_yield
2013-01-01,.,us_2y_yield
2013-01-02,0.27,us_2y_yield
2013-01-03,0.27,us_2y_yield
2013-01-04,0.27,us_2y_yield
2013-01-07,0.27,us_2y_yield
2013-01-08,0.25,us_2y_yield
2013-01-09,0.24,us_2y_yield
2013-01-10,0.26,us_2y_yield
2013-01-11,0.26,us_2y_yield
2013-01-14,0.26,us_2y_yield
2013-01-15,0.26,us_2y_yield
2013-01-16,0.26,us_2y_yield
2013-01-17,0.28,us_2y_yield
2013-01-18,0.26,us_2y_yield
2013-01-21,.,us_2y_yield
2013-01-22,0.26,us_2y_yield
2013-01-23,0.26,us_2y_yield
2013-01-24,0.23,us_2y_yield
2013-01-25,0.28,us_2y_yield
2013-01-28,0.29,us_2y_yield
2013-01-29,0.30,us_2y_yield
2013-01-30,0.27,us_2y_yield
2013-01-31,0.27,us_2y_yield
2013-02-01,0.27,us_2y_yield
2013-02-04,0.25,us_2y_yield
2013-02-05,0.27,us_2y_yield
2013-02-06,0.27,us_2y_yield
2013-02-07,0.25,us_2y_yield
2013-02-08,0.25,us_2y_yield
2013-02-11,0.27,us_2y_yield
2013-02-12,0.29,us_2y_yield
2013-02-13,0.29,us_2y_yield
2013-02-14,0.27,us_2y_yield
2013-02-15,0.29,us_2y_yield
2013-02-18,.,us_2y_yield
2013-02-19,0.29,us_2y_yield
2013-02-20,0.27,us_2y_yield
2013-02-21,0.26,us_2y_yield
2013-02-22,0.27,us_2y_yield
2013-02-25,0.25,us_2y_yield
2013-02-26,0.25,us_2y_yield
2013-02-27,0.27,us_2y_yield
2013-02-28,0.25,us_2y_yield
2013-03-01,0.25,us_2y_yield
2013-03-04,0.24,us_2y_yield
2013-03-05,0.25,us_2y_yield
2013-03-06,0.25,us_2y_yield
2013-03-07,0.25,us_2y_yield
2013-03-08,0.27,us_2y_yield
2013-03-11,0.27,us_2y_yield
2013-03-12,0.27,us_2y_yield
2013-03-13,0.27,us_2y_yield
2013-03-14,0.27,us_2y_yield
2013-03-15,0.25,us_2y_yield
2013-03-18,0.26,us_2y_yield
2013-03-19,0.24,us_2y_yield
2013-03-20,0.26,us_2y_yield
2013-03-21,0.27,us_2y_yield
2013-03-22,0.26,us_2y_yield
2013-03-25,0.24,us_2y_yield
2013-03-26,0.25,us_2y_yield
2013-03-27,0.25,us_2y_yield
2013-03-28,0.25,us_2y_yield
2013-03-29,.,us_2y_yield
2013-04-01,0.23,us_2y_yield
2013-04-02,0.25,us_2y_yield
2013-04-03,0.24,us_2y_yield
2013-04-04,0.22,us_2y_yield
2013-04-05,0.24,us_2y_yield
2013-04-08,0.24,us_2y_yield
2013-04-09,0.24,us_2y_yield
2013-04-10,0.24,us_2y_yield
2013-04-11,0.24,us_2y_yield
2013-04-12,0.22,us_2y_yield
2013-04-15,0.22,us_2y_yield
2013-04-16,0.24,us_2y_yield
2013-04-17,0.24,us_2y_yield
2013-04-18,0.24,us_2y_yield
2013-04-19,0.24,us_2y_yield
2013-04-22,0.24,us_2y_yield
2013-04-23,0.23,us_2y_yield
2013-04-24,0.23,us_2y_yield
2013-04-25,0.23,us_2y_yield
2013-04-26,0.22,us_2y_yield
2013-04-29,0.20,us_2y_yield
2013-04-30,0.22,us_2y_yield
2013-05-01,0.20,us_2y_yield
2013-05-02,0.20,us_2y_yield
2013-05-03,0.22,us_2y_yield
2013-05-06,0.22,us_2y_yield
2013-05-07,0.22,us_2y_yield
2013-05-08,0.22,us_2y_yield
2013-05-09,0.22,us_2y_yield
2013-05-10,0.26,us_2y_yield
2013-05-13,0.24,us_2y_yield
2013-05-14,0.26,us_2y_yield
2013-05-15,0.26,us_2y_yield
2013-05-16,0.23,us_2y_yield
2013-05-17,0.26,us_2y_yield
2013-05-20,0.26,us_2y_yield
2013-05-21,0.26,us_2y_yield
2013-05-22,0.26,us_2y_yield
2013-05-23,0.26,us_2y_yield
2013-05-24,0.26,us_2y_yield
2013-05-27,.,us_2y_yield
2013-05-28,0.29,us_2y_yield
2013-05-29,0.30,us_2y_yield
2013-05-30,0.31,us_2y_yield
2013-05-31,0.30,us_2y_yield
2013-06-03,0.30,us_2y_yield
2013-06-04,0.32,us_2y_yield
2013-06-05,0.30,us_2y_yield
2013-06-06,0.30,us_2y_yield
2013-06-07,0.32,us_2y_yield
2013-06-10,0.32,us_2y_yield
2013-06-11,0.34,us_2y_yield
2013-06-12,0.34,us_2y_yield
2013-06-13,0.32,us_2y_yield
2013-06-14,0.29,us_2y_yield
2013-06-17,0.27,us_2y_yield
2013-06-18,0.27,us_2y_yield
2013-06-19,0.31,us_2y_yield
2013-06-20,0.33,us_2y_yield
2013-06-21,0.38,us_2y_yield
2013-06-24,0.42,us_2y_yield
2013-06-25,0.43,us_2y_yield
2013-06-26,0.39,us_2y_yield
2013-06-27,0.36,us_2y_yield
2013-06-28,0.36,us_2y_yield
2013-07-01,0.34,us_2y_yield
2013-07-02,0.34,us_2y_yield
2013-07-03,0.36,us_2y_yield
2013-07-04,.,us_2y_yield
2013-07-05,0.40,us_2y_yield
2013-07-08,0.37,us_2y_yield
2013-07-09,0.37,us_2y_yield
2013-07-10,0.38,us_2y_yield
2013-07-11,0.34,us_2y_yield
2013-07-12,0.37,us_2y_yield
2013-07-15,0.34,us_2y_yield
2013-07-16,0.34,us_2y_yield
2013-07-17,0.32,us_2y_yield
2013-07-18,0.32,us_2y_yield
2013-07-19,0.32,us_2y_yield
2013-07-22,0.32,us_2y_yield
2013-07-23,0.33,us_2y_yield
2013-07-24,0.34,us_2y_yield
2013-07-25,0.32,us_2y_yield
2013-07-26,0.31,us_2y_yield
2013-07-29,0.33,us_2y_yield
2013-07-30,0.33,us_2y_yield
2013-07-31,0.31,us_2y_yield
2013-08-01,0.35,us_2y_yield
2013-08-02,0.30,us_2y_yield
2013-08-05,0.32,us_2y_yield
2013-08-06,0.32,us_2y_yield
2013-08-07,0.32,us_2y_yield
2013-08-08,0.30,us_2y_yield
2013-08-09,0.32,us_2y_yield
2013-08-12,0.32,us_2y_yield
2013-08-13,0.34,us_2y_yield
2013-08-14,0.34,us_2y_yield
2013-08-15,0.36,us_2y_yield
2013-08-16,0.36,us_2y_yield
2013-08-19,0.36,us_2y_yield
2013-08-20,0.36,us_2y_yield
2013-08-21,0.38,us_2y_yield
2013-08-22,0.42,us_2y_yield
2013-08-23,0.40,us_2y_yield
2013-08-26,0.41,us_2y_yield
2013-08-27,0.38,us_2y_yield
2013-08-28,0.40,us_2y_yield
2013-08-29,0.39,us_2y_yield
2013-08-30,0.39,us_2y_yield
2013-09-02,.,us_2y_yield
2013-09-03,0.43,us_2y_yield
2013-09-04,0.46,us_2y_yield
2013-09-05,0.52,us_2y_yield
2013-09-06,0.46,us_2y_yield
2013-09-09,0.45,us_2y_yield
2013-09-10,0.50,us_2y_yield
2013-09-11,0.47,us_2y_yield
2013-09-12,0.45,us_2y_yield
2013-09-13,0.45,us_2y_yield
2013-09-16,0.41,us_2y_yield
2013-09-17,0.39,us_2y_yield
2013-09-18,0.34,us_2y_yield
2013-09-19,0.34,us_2y_yield
2013-09-20,0.34,us_2y_yield
2013-09-23,0.35,us_2y_yield
2013-09-24,0.35,us_2y_yield
2013-09-25,0.36,us_2y_yield
2013-09-26,0.34,us_2y_yield
2013-09-27,0.34,us_2y_yield
2013-09-30,0.33,us_2y_yield
2013-10-01,0.33,us_2y_yield
2013-10-02,0.31,us_2y_yield
2013-10-03,0.33,us_2y_yield
2013-10-04,0.33,us_2y_yield
2013-10-07,0.37,us_2y_yield
2013-10-08,0.40,us_2y_yield
2013-10-09,0.37,us_2y_yield
2013-10-10,0.35,us_2y_yield
2013-10-11,0.35,us_2y_yield
2013-10-14,.,us_2y_yield
2013-10-15,0.37,us_2y_yield
2013-10-16,0.34,us_2y_yield
2013-10-17,0.33,us_2y_yield
2013-10-18,0.33,us_2y_yield
2013-10-21,0.33,us_2y_yield
2013-10-22,0.31,us_2y_yield
2013-10-23,0.31,us_2y_yield
2013-10-24,0.33,us_2y_yield
2013-10-25,0.32,us_2y_yield
2013-10-28,0.32,us_2y_yield
2013-10-29,0.31,us_2y_yield
2013-10-30,0.33,us_2y_yield
2013-10-31,0.31,us_2y_yield
2013-11-01,0.33,us_2y_yield
2013-11-04,0.32,us_2y_yield
2013-11-05,0.32,us_2y_yield
2013-11-06,0.30,us_2y_yield
2013-11-07,0.29,us_2y_yield
2013-11-08,0.32,us_2y_yield
2013-11-11,.,us_2y_yield
2013-11-12,0.34,us_2y_yield
2013-11-13,0.32,us_2y_yield
2013-11-14,0.29,us_2y_yield
2013-11-15,0.31,us_2y_yield
2013-11-18,0.31,us_2y_yield
2013-11-19,0.29,us_2y_yield
2013-11-20,0.28,us_2y_yield
2013-11-21,0.29,us_2y_yield
2013-11-22,0.31,us_2y_yield
2013-11-25,0.30,us_2y_yield
2013-11-26,0.29,us_2y_yield
2013-11-27,0.28,us_2y_yield
2013-11-28,.,us_2y_yield
2013-11-29,0.28,us_2y_yield
2013-12-02,0.30,us_2y_yield
2013-12-03,0.28,us_2y_yield
2013-12-04,0.30,us_2y_yield
2013-12-05,0.30,us_2y_yield
2013-12-06,0.30,us_2y_yield
2013-12-09,0.30,us_2y_yield
2013-12-10,0.30,us_2y_yield
2013-12-11,0.31,us_2y_yield
2013-12-12,0.34,us_2y_yield
2013-12-13,0.34,us_2y_yield
2013-12-16,0.34,us_2y_yield
2013-12-17,0.34,us_2y_yield
2013-12-18,0.32,us_2y_yield
2013-12-19,0.35,us_2y_yield
2013-12-20,0.37,us_2y_yield
2013-12-23,0.38,us_2y_yield
2013-12-24,0.38,us_2y_yield
2013-12-25,.,us_2y_yield
2013-12-26,0.42,us_2y_yield
2013-12-27,0.40,us_2y_yield
2013-12-30,0.39,us_2y_yield
2013-12-31,0.38,us_2y_yield
2014-01-01,.,us_2y_yield
2014-01-02,0.39,us_2y_yield
2014-01-03,0.41,us_2y_yield
2014-01-06,0.40,us_2y_yield
2014-01-07,0.40,us_2y_yield
2014-01-08,0.43,us_2y_yield
2014-01-09,0.44,us_2y_yield
2014-01-10,0.39,us_2y_yield
2014-01-13,0.39,us_2y_yield
2014-01-14,0.39,us_2y_yield
2014-01-15,0.41,us_2y_yield
2014-01-16,0.41,us_2y_yield
2014-01-17,0.40,us_2y_yield
2014-01-20,.,us_2y_yield
2014-01-21,0.40,us_2y_yield
2014-01-22,0.44,us_2y_yield
2014-01-23,0.39,us_2y_yield
2014-01-24,0.37,us_2y_yield
2014-01-27,0.37,us_2y_yield
2014-01-28,0.38,us_2y_yield
2014-01-29,0.36,us_2y_yield
2014-01-30,0.36,us_2y_yield
2014-01-31,0.34,us_2y_yield
2014-02-03,0.30,us_2y_yield
2014-02-04,0.31,us_2y_yield
2014-02-05,0.32,us_2y_yield
2014-02-06,0.33,us_2y_yield
2014-02-07,0.30,us_2y_yield
2014-02-10,0.32,us_2y_yield
2014-02-11,0.35,us_2y_yield
2014-02-12,0.35,us_2y_yield
2014-02-13,0.32,us_2y_yield
2014-02-14,0.32,us_2y_yield
2014-02-17,.,us_2y_yield
2014-02-18,0.31,us_2y_yield
2014-02-19,0.33,us_2y_yield
2014-02-20,0.34,us_2y_yield
2014-02-21,0.33,us_2y_yield
2014-02-24,0.35,us_2y_yield
2014-02-25,0.34,us_2y_yield
2014-02-26,0.33,us_2y_yield
2014-02-27,0.33,us_2y_yield
2014-02-28,0.33,us_2y_yield
2014-03-03,0.32,us_2y_yield
2014-03-04,0.33,us_2y_yield
2014-03-05,0.33,us_2y_yield
2014-03-06,0.37,us_2y_yield
2014-03-07,0.38,us_2y_yield
2014-03-10,0.37,us_2y_yield
2014-03-11,0.37,us_2y_yield
2014-03-12,0.37,us_2y_yield
2014-03-13,0.34,us_2y_yield
2014-03-14,0.36,us_2y_yield
2014-03-17,0.38,us_2y_yield
2014-03-18,0.36,us_2y_yield
2014-03-19,0.47,us_2y_yield
2014-03-20,0.45,us_2y_yield
2014-03-21,0.45,us_2y_yield
2014-03-24,0.47,us_2y_yield
2014-03-25,0.47,us_2y_yield
2014-03-26,0.45,us_2y_yield
2014-03-27,0.45,us_2y_yield
2014-03-28,0.45,us_2y_yield
2014-03-31,0.44,us_2y_yield
2014-04-01,0.44,us_2y_yield
2014-04-02,0.47,us_2y_yield
2014-04-03,0.46,us_2y_yield
2014-04-04,0.43,us_2y_yield
2014-04-07,0.41,us_2y_yield
2014-04-08,0.40,us_2y_yield
2014-04-09,0.37,us_2y_yield
2014-04-10,0.37,us_2y_yield
2014-04-11,0.37,us_2y_yield
2014-04-14,0.37,us_2y_yield
2014-04-15,0.39,us_2y_yield
2014-04-16,0.39,us_2y_yield
2014-04-17,0.43,us_2y_yield
2014-04-18,.,us_2y_yield
2014-04-21,0.42,us_2y_yield
2014-04-22,0.45,us_2y_yield
2014-04-23,0.43,us_2y_yield
2014-04-24,0.43,us_2y_yield
2014-04-25,0.43,us_2y_yield
2014-04-28,0.44,us_2y_yield
2014-04-29,0.44,us_2y_yield
2014-04-30,0.42,us_2y_yield
2014-05-01,0.41,us_2y_yield
2014-05-02,0.42,us_2y_yield
2014-05-05,0.43,us_2y_yield
2014-05-06,0.43,us_2y_yield
2014-05-07,0.41,us_2y_yield
2014-05-08,0.40,us_2y_yield
2014-05-09,0.40,us_2y_yield
2014-05-12,0.41,us_2y_yield
2014-05-13,0.39,us_2y_yield
2014-05-14,0.39,us_2y_yield
2014-05-15,0.38,us_2y_yield
2014-05-16,0.38,us_2y_yield
2014-05-19,0.36,us_2y_yield
2014-05-20,0.35,us_2y_yield
2014-05-21,0.37,us_2y_yield
2014-05-22,0.37,us_2y_yield
2014-05-23,0.37,us_2y_yield
2014-05-26,.,us_2y_yield
2014-05-27,0.39,us_2y_yield
2014-05-28,0.37,us_2y_yield
2014-05-29,0.37,us_2y_yield
2014-05-30,0.37,us_2y_yield
2014-06-02,0.39,us_2y_yield
2014-06-03,0.41,us_2y_yield
2014-06-04,0.41,us_2y_yield
2014-06-05,0.40,us_2y_yield
2014-06-06,0.41,us_2y_yield
2014-06-09,0.43,us_2y_yield
2014-06-10,0.45,us_2y_yield
2014-06-11,0.44,us_2y_yield
2014-06-12,0.42,us_2y_yield
2014-06-13,0.45,us_2y_yield
2014-06-16,0.49,us_2y_yield
2014-06-17,0.51,us_2y_yield
2014-06-18,0.48,us_2y_yield
2014-06-19,0.48,us_2y_yield
2014-06-20,0.50,us_2y_yield
2014-06-23,0.48,us_2y_yield
2014-06-24,0.49,us_2y_yield
2014-06-25,0.48,us_2y_yield
2014-06-26,0.46,us_2y_yield
2014-06-27,0.45,us_2y_yield
2014-06-30,0.47,us_2y_yield
2014-07-01,0.47,us_2y_yield
2014-07-02,0.49,us_2y_yield
2014-07-03,0.52,us_2y_yield
2014-07-04,.,us_2y_yield
2014-07-07,0.52,us_2y_yield
2014-07-08,0.51,us_2y_yield
2014-07-09,0.51,us_2y_yield
2014-07-10,0.46,us_2y_yield
2014-07-11,0.48,us_2y_yield
2014-07-14,0.48,us_2y_yield
2014-07-15,0.49,us_2y_yield
2014-07-16,0.50,us_2y_yield
2014-07-17,0.47,us_2y_yield
2014-07-18,0.51,us_2y_yield
2014-07-21,0.51,us_2y_yield
2014-07-22,0.49,us_2y_yield
2014-07-23,0.50,us_2y_yield
2014-07-24,0.53,us_2y_yield
2014-07-25,0.53,us_2y_yield
2014-07-28,0.54,us_2y_yield
2014-07-29,0.54,us_2y_yield
2014-07-30,0.56,us_2y_yield
2014-07-31,0.53,us_2y_yield
2014-08-01,0.47,us_2y_yield
2014-08-04,0.47,us_2y_yield
2014-08-05,0.47,us_2y_yield
2014-08-06,0.48,us_2y_yield
2014-08-07,0.44,us_2y_yield
2014-08-08,0.45,us_2y_yield
2014-08-11,0.47,us_2y_yield
2014-08-12,0.45,us_2y_yield
2014-08-13,0.43,us_2y_yield
2014-08-14,0.42,us_2y_yield
2014-08-15,0.42,us_2y_yield
2014-08-18,0.44,us_2y_yield
2014-08-19,0.46,us_2y_yield
2014-08-20,0.49,us_2y_yield
2014-08-21,0.49,us_2y_yield
2014-08-22,0.53,us_2y_yield
2014-08-25,0.53,us_2y_yield
2014-08-26,0.52,us_2y_yield
2014-08-27,0.51,us_2y_yield
2014-08-28,0.50,us_2y_yield
2014-08-29,0.48,us_2y_yield
2014-09-01,.,us_2y_yield
2014-09-02,0.53,us_2y_yield
2014-09-03,0.52,us_2y_yield
2014-09-04,0.54,us_2y_yield
2014-09-05,0.52,us_2y_yield
2014-09-08,0.54,us_2y_yield
2014-09-09,0.56,us_2y_yield
2014-09-10,0.58,us_2y_yield
2014-09-11,0.58,us_2y_yield
2014-09-12,0.58,us_2y_yield
2014-09-15,0.58,us_2y_yield
2014-09-16,0.55,us_2y_yield
2014-09-17,0.59,us_2y_yield
2014-09-18,0.59,us_2y_yield
2014-09-19,0.59,us_2y_yield
2014-09-22,0.58,us_2y_yield
2014-09-23,0.57,us_2y_yield
2014-09-24,0.59,us_2y_yield
2014-09-25,0.56,us_2y_yield
2014-09-26,0.59,us_2y_yield
2014-09-29,0.58,us_2y_yield
2014-09-30,0.58,us_2y_yield
2014-10-01,0.53,us_2y_yield
2014-10-02,0.53,us_2y_yield
2014-10-03,0.57,us_2y_yield
2014-10-06,0.54,us_2y_yield
2014-10-07,0.52,us_2y_yield
2014-10-08,0.46,us_2y_yield
2014-10-09,0.46,us_2y_yield
2014-10-10,0.45,us_2y_yield
2014-10-13,.,us_2y_yield
2014-10-14,0.39,us_2y_yield
2014-10-15,0.34,us_2y_yield
2014-10-16,0.35,us_2y_yield
2014-10-17,0.39,us_2y_yield
2014-10-20,0.37,us_2y_yield
2014-10-21,0.38,us_2y_yield
2014-10-22,0.41,us_2y_yield
2014-10-23,0.41,us_2y_yield
2014-10-24,0.41,us_2y_yield
2014-10-27,0.41,us_2y_yield
2014-10-28,0.42,us_2y_yield
2014-10-29,0.48,us_2y_yield
2014-10-30,0.48,us_2y_yield
2014-10-31,0.50,us_2y_yield
2014-11-03,0.52,us_2y_yield
2014-11-04,0.52,us_2y_yield
2014-11-05,0.52,us_2y_yield
2014-11-06,0.54,us_2y_yield
2014-11-07,0.51,us_2y_yield
2014-11-10,0.55,us_2y_yield
2014-11-11,.,us_2y_yield
2014-11-12,0.55,us_2y_yield
2014-11-13,0.53,us_2y_yield
2014-11-14,0.54,us_2y_yield
2014-11-17,0.54,us_2y_yield
2014-11-18,0.53,us_2y_yield
2014-11-19,0.54,us_2y_yield
2014-11-20,0.53,us_2y_yield
2014-11-21,0.53,us_2y_yield
2014-11-24,0.53,us_2y_yield
2014-11-25,0.51,us_2y_yield
2014-11-26,0.53,us_2y_yield
2014-11-27,.,us_2y_yield
2014-11-28,0.47,us_2y_yield
2014-12-01,0.49,us_2y_yield
2014-12-02,0.55,us_2y_yield
2014-12-03,0.57,us_2y_yield
2014-12-04,0.55,us_2y_yield
2014-12-05,0.65,us_2y_yield
2014-12-08,0.64,us_2y_yield
2014-12-09,0.64,us_2y_yield
2014-12-10,0.59,us_2y_yield
2014-12-11,0.62,us_2y_yield
2014-12-12,0.56,us_2y_yield
2014-12-15,0.60,us_2y_yield
2014-12-16,0.58,us_2y_yield
2014-12-17,0.62,us_2y_yield
2014-12-18,0.67,us_2y_yield
2014-12-19,0.67,us_2y_yield
2014-12-22,0.71,us_2y_yield
2014-12-23,0.73,us_2y_yield
2014-12-24,0.73,us_2y_yield
2014-12-25,.,us_2y_yield
2014-12-26,0.73,us_2y_yield
2014-12-29,0.72,us_2y_yield
2014-12-30,0.69,us_2y_yield
2014-12-31,0.67,us_2y_yield
2015-01-01,.,us_2y_yield
2015-01-02,0.66,us_2y_yield
2015-01-05,0.68,us_2y_yield
2015-01-06,0.65,us_2y_yield
2015-01-07,0.62,us_2y_yield
2015-01-08,0.62,us_2y_yield
2015-01-09,0.59,us_2y_yield
2015-01-12,0.56,us_2y_yield
2015-01-13,0.54,us_2y_yield
2015-01-14,0.51,us_2y_yield
2015-01-15,0.44,us_2y_yield
2015-01-16,0.49,us_2y_yield
2015-01-19,.,us_2y_yield
2015-01-20,0.53,us_2y_yield
2015-01-21,0.53,us_2y_yield
2015-01-22,0.53,us_2y_yield
2015-01-23,0.52,us_2y_yield
2015-01-26,0.54,us_2y_yield
2015-01-27,0.54,us_2y_yield
2015-01-28,0.50,us_2y_yield
2015-01-29,0.51,us_2y_yield
2015-01-30,0.47,us_2y_yield
2015-02-02,0.49,us_2y_yield
2015-02-03,0.52,us_2y_yield
2015-02-04,0.52,us_2y_yield
2015-02-05,0.52,us_2y_yield
2015-02-06,0.65,us_2y_yield
2015-02-09,0.65,us_2y_yield
2015-02-10,0.67,us_2y_yield
2015-02-11,0.67,us_2y_yield
2015-02-12,0.61,us_2y_yield
2015-02-13,0.66,us_2y_yield
2015-02-16,.,us_2y_yield
2015-02-17,0.70,us_2y_yield
2015-02-18,0.62,us_2y_yield
2015-02-19,0.67,us_2y_yield
2015-02-20,0.67,us_2y_yield
2015-02-23,0.64,us_2y_yield
2015-02-24,0.60,us_2y_yield
2015-02-25,0.61,us_2y_yield
2015-02-26,0.66,us_2y_yield
2015-02-27,0.63,us_2y_yield
2015-03-02,0.66,us_2y_yield
2015-03-03,0.68,us_2y_yield
2015-03-04,0.66,us_2y_yield
2015-03-05,0.65,us_2y_yield
2015-03-06,0.73,us_2y_yield
2015-03-09,0.70,us_2y_yield
2015-03-10,0.70,us_2y_yield
2015-03-11,0.70,us_2y_yield
2015-03-12,0.67,us_2y_yield
2015-03-13,0.68,us_2y_yield
2015-03-16,0.66,us_2y_yield
2015-03-17,0.70,us_2y_yield
2015-03-18,0.57,us_2y_yield
2015-03-19,0.63,us_2y_yield
2015-03-20,0.60,us_2y_yield
2015-03-23,0.60,us_2y_yield
2015-03-24,0.58,us_2y_yield
2015-03-25,0.59,us_2y_yield
2015-03-26,0.61,us_2y_yield
2015-03-27,0.58,us_2y_yield
2015-03-30,0.58,us_2y_yield
2015-03-31,0.56,us_2y_yield
2015-04-01,0.55,us_2y_yield
2015-04-02,0.55,us_2y_yield
2015-04-03,0.49,us_2y_yield
2015-04-06,0.51,us_2y_yield
2015-04-07,0.52,us_2y_yield
2015-04-08,0.54,us_2y_yield
2015-04-09,0.56,us_2y_yield
2015-04-10,0.57,us_2y_yield
2015-04-13,0.54,us_2y_yield
2015-04-14,0.53,us_2y_yield
2015-04-15,0.51,us_2y_yield
2015-04-16,0.50,us_2y_yield
2015-04-17,0.51,us_2y_yield
2015-04-20,0.55,us_2y_yield
2015-04-21,0.55,us_2y_yield
2015-04-22,0.57,us_2y_yield
2015-04-23,0.55,us_2y_yield
2015-04-24,0.54,us_2y_yield
2015-04-27,0.54,us_2y_yield
2015-04-28,0.56,us_2y_yield
2015-04-29,0.56,us_2y_yield
2015-04-30,0.58,us_2y_yield
2015-05-01,0.60,us_2y_yield
2015-05-04,0.60,us_2y_yield
2015-05-05,0.62,us_2y_yield
2015-05-06,0.65,us_2y_yield
2015-05-07,0.63,us_2y_yield
2015-05-08,0.59,us_2y_yield
2015-05-11,0.62,us_2y_yield
2015-05-12,0.61,us_2y_yield
2015-05-13,0.59,us_2y_yield
2015-05-14,0.56,us_2y_yield
2015-05-15,0.55,us_2y_yield
2015-05-18,0.58,us_2y_yield
2015-05-19,0.63,us_2y_yield
2015-05-20,0.60,us_2y_yield
2015-05-21,0.60,us_2y_yield
2015-05-22,0.64,us_2y_yield
2015-05-25,.,us_2y_yield
2015-05-26,0.64,us_2y_yield
2015-05-27,0.64,us_2y_yield
2015-05-28,0.62,us_2y_yield
2015-05-29,0.61,us_2y_yield
2015-06-01,0.64,us_2y_yield
2015-06-02,0.64,us_2y_yield
2015-06-03,0.69,us_2y_yield
2015-06-04,0.66,us_2y_yield
2015-06-05,0.73,us_2y_yield
2015-06-08,0.70,us_2y_yield
2015-06-09,0.72,us_2y_yield
2015-06-10,0.75,us_2y_yield
2015-06-11,0.73,us_2y_yield
2015-06-12,0.74,us_2y_yield
2015-06-15,0.72,us_2y_yield
2015-06-16,0.71,us_2y_yield
2015-06-17,0.67,us_2y_yield
2015-06-18,0.66,us_2y_yield
2015-06-19,0.65,us_2y_yield
2015-06-22,0.68,us_2y_yield
2015-06-23,0.70,us_2y_yield
2015-06-24,0.68,us_2y_yield
2015-06-25,0.68,us_2y_yield
2015-06-26,0.72,us_2y_yield
2015-06-29,0.64,us_2y_yield
2015-06-30,0.64,us_2y_yield
2015-07-01,0.69,us_2y_yield
2015-07-02,0.64,us_2y_yield
2015-07-03,.,us_2y_yield
2015-07-06,0.60,us_2y_yield
2015-07-07,0.58,us_2y_yield
2015-07-08,0.55,us_2y_yield
2015-07-09,0.60,us_2y_yield
2015-07-10,0.65,us_2y_yield
2015-07-13,0.69,us_2y_yield
2015-07-14,0.66,us_2y_yield
2015-07-15,0.64,us_2y_yield
2015-07-16,0.67,us_2y_yield
2015-07-17,0.68,us_2y_yield
2015-07-20,0.71,us_2y_yield
2015-07-21,0.71,us_2y_yield
2015-07-22,0.75,us_2y_yield
2015-07-23,0.71,us_2y_yield
2015-07-24,0.70,us_2y_yield
2015-07-27,0.68,us_2y_yield
2015-07-28,0.69,us_2y_yield
2015-07-29,0.70,us_2y_yield
2015-07-30,0.72,us_2y_yield
2015-07-31,0.67,us_2y_yield
2015-08-03,0.68,us_2y_yield
2015-08-04,0.74,us_2y_yield
2015-08-05,0.73,us_2y_yield
2015-08-06,0.71,us_2y_yield
2015-08-07,0.73,us_2y_yield
2015-08-10,0.73,us_2y_yield
2015-08-11,0.68,us_2y_yield
2015-08-12,0.67,us_2y_yield
2015-08-13,0.72,us_2y_yield
2015-08-14,0.73,us_2y_yield
2015-08-17,0.72,us_2y_yield
2015-08-18,0.74,us_2y_yield
2015-08-19,0.67,us_2y_yield
2015-08-20,0.69,us_2y_yield
2015-08-21,0.64,us_2y_yield
2015-08-24,0.59,us_2y_yield
2015-08-25,0.67,us_2y_yield
2015-08-26,0.67,us_2y_yield
2015-08-27,0.68,us_2y_yield
2015-08-28,0.72,us_2y_yield
2015-08-31,0.74,us_2y_yield
2015-09-01,0.70,us_2y_yield
2015-09-02,0.72,us_2y_yield
2015-09-03,0.71,us_2y_yield
2015-09-04,0.71,us_2y_yield
2015-09-07,.,us_2y_yield
2015-09-08,0.74,us_2y_yield
2015-09-09,0.75,us_2y_yield
2015-09-10,0.75,us_2y_yield
2015-09-11,0.71,us_2y_yield
2015-09-14,0.73,us_2y_yield
2015-09-15,0.82,us_2y_yield
2015-09-16,0.82,us_2y_yield
2015-09-17,0.70,us_2y_yield
2015-09-18,0.69,us_2y_yield
2015-09-21,0.72,us_2y_yield
2015-09-22,0.69,us_2y_yield
2015-09-23,0.70,us_2y_yield
2015-09-24,0.67,us_2y_yield
2015-09-25,0.70,us_2y_yield
2015-09-28,0.67,us_2y_yield
2015-09-29,0.64,us_2y_yield
2015-09-30,0.64,us_2y_yield
2015-10-01,0.64,us_2y_yield
2015-10-02,0.58,us_2y_yield
2015-10-05,0.61,us_2y_yield
2015-10-06,0.61,us_2y_yield
2015-10-07,0.65,us_2y_yield
2015-10-08,0.65,us_2y_yield
2015-10-09,0.65,us_2y_yield
2015-10-12,.,us_2y_yield
2015-10-13,0.64,us_2y_yield
2015-10-14,0.57,us_2y_yield
2015-10-15,0.61,us_2y_yield
2015-10-16,0.61,us_2y_yield
2015-10-19,0.61,us_2y_yield
2015-10-20,0.66,us_2y_yield
2015-10-21,0.64,us_2y_yield
2015-10-22,0.61,us_2y_yield
2015-10-23,0.66,us_2y_yield
2015-10-26,0.66,us_2y_yield
2015-10-27,0.65,us_2y_yield
2015-10-28,0.73,us_2y_yield
2015-10-29,0.75,us_2y_yield
2015-10-30,0.75,us_2y_yield
2015-11-02,0.77,us_2y_yield
2015-11-03,0.80,us_2y_yield
2015-11-04,0.84,us_2y_yield
2015-11-05,0.85,us_2y_yield
2015-11-06,0.90,us_2y_yield
2015-11-09,0.89,us_2y_yield
2015-11-10,0.87,us_2y_yield
2015-11-11,.,us_2y_yield
2015-11-12,0.89,us_2y_yield
2015-11-13,0.86,us_2y_yield
2015-11-16,0.88,us_2y_yield
2015-11-17,0.86,us_2y_yield
2015-11-18,0.90,us_2y_yield
2015-11-19,0.91,us_2y_yield
2015-11-20,0.93,us_2y_yield
2015-11-23,0.94,us_2y_yield
2015-11-24,0.93,us_2y_yield
2015-11-25,0.93,us_2y_yield
2015-11-26,.,us_2y_yield
2015-11-27,0.92,us_2y_yield
2015-11-30,0.94,us_2y_yield
2015-12-01,0.91,us_2y_yield
2015-12-02,0.94,us_2y_yield
2015-12-03,0.96,us_2y_yield
2015-12-04,0.96,us_2y_yield
2015-12-07,0.94,us_2y_yield
2015-12-08,0.94,us_2y_yield
2015-12-09,0.93,us_2y_yield
2015-12-10,0.95,us_2y_yield
2015-12-11,0.88,us_2y_yield
2015-12-14,0.97,us_2y_yield
2015-12-15,0.98,us_2y_yield
2015-12-16,1.02,us_2y_yield
2015-12-17,1.00,us_2y_yield
2015-12-18,0.97,us_2y_yield
2015-12-21,0.96,us_2y_yield
2015-12-22,0.99,us_2y_yield
2015-12-23,1.01,us_2y_yield
2015-12-24,1.03,us_2y_yield
2015-12-25,.,us_2y_yield
2015-12-28,1.05,us_2y_yield
2015-12-29,1.09,us_2y_yield
2015-12-30,1.08,us_2y_yield
2015-12-31,1.06,us_2y_yield
2016-01-01,.,us_2y_yield
2016-01-04,1.02,us_2y_yield
2016-01-05,1.04,us_2y_yield
2016-01-06,0.99,us_2y_yield
2016-01-07,0.96,us_2y_yield
2016-01-08,0.94,us_2y_yield
2016-01-11,0.94,us_2y_yield
2016-01-12,0.93,us_2y_yield
2016-01-13,0.91,us_2y_yield
2016-01-14,0.90,us_2y_yield
2016-01-15,0.85,us_2y_yield
2016-01-18,.,us_2y_yield
2016-01-19,0.88,us_2y_yield
2016-01-20,0.85,us_2y_yield
2016-01-21,0.84,us_2y_yield
2016-01-22,0.88,us_2y_yield
2016-01-25,0.88,us_2y_yield
2016-01-26,0.85,us_2y_yield
2016-01-27,0.84,us_2y_yield
2016-01-28,0.83,us_2y_yield
2016-01-29,0.76,us_2y_yield
2016-02-01,0.81,us_2y_yield
2016-02-02,0.75,us_2y_yield
2016-02-03,0.72,us_2y_yield
2016-02-04,0.70,us_2y_yield
2016-02-05,0.74,us_2y_yield
2016-02-08,0.66,us_2y_yield
2016-02-09,0.69,us_2y_yield
2016-02-10,0.71,us_2y_yield
2016-02-11,0.64,us_2y_yield
2016-02-12,0.71,us_2y_yield
2016-02-15,.,us_2y_yield
2016-02-16,0.74,us_2y_yield
2016-02-17,0.74,us_2y_yield
2016-02-18,0.71,us_2y_yield
2016-02-19,0.76,us_2y_yield
2016-02-22,0.78,us_2y_yield
2016-02-23,0.76,us_2y_yield
2016-02-24,0.75,us_2y_yield
2016-02-25,0.72,us_2y_yield
2016-02-26,0.80,us_2y_yield
2016-02-29,0.78,us_2y_yield
2016-03-01,0.85,us_2y_yield
2016-03-02,0.85,us_2y_yield
2016-03-03,0.85,us_2y_yield
2016-03-04,0.88,us_2y_yield
2016-03-07,0.91,us_2y_yield
2016-03-08,0.88,us_2y_yield
2016-03-09,0.90,us_2y_yield
2016-03-10,0.93,us_2y_yield
2016-03-11,0.97,us_2y_yield
2016-03-14,0.97,us_2y_yield
2016-03-15,0.98,us_2y_yield
2016-03-16,0.87,us_2y_yield
2016-03-17,0.87,us_2y_yield
2016-03-18,0.84,us_2y_yield
2016-03-21,0.87,us_2y_yield
2016-03-22,0.91,us_2y_yield
2016-03-23,0.87,us_2y_yield
2016-03-24,0.89,us_2y_yield
2016-03-25,.,us_2y_yield
2016-03-28,0.89,us_2y_yield
2016-03-29,0.78,us_2y_yield
2016-03-30,0.76,us_2y_yield
2016-03-31,0.73,us_2y_yield
2016-04-01,0.76,us_2y_yield
2016-04-04,0.75,us_2y_yield
2016-04-05,0.72,us_2y_yield
2016-04-06,0.73,us_2y_yield
2016-04-07,0.70,us_2y_yield
2016-04-08,0.70,us_2y_yield
2016-04-11,0.70,us_2y_yield
2016-04-12,0.74,us_2y_yield
2016-04-13,0.75,us_2y_yield
2016-04-14,0.77,us_2y_yield
2016-04-15,0.74,us_2y_yield
2016-04-18,0.75,us_2y_yield
2016-04-19,0.77,us_2y_yield
2016-04-20,0.80,us_2y_yield
2016-04-21,0.82,us_2y_yield
2016-04-22,0.84,us_2y_yield
2016-04-25,0.85,us_2y_yield
2016-04-26,0.86,us_2y_yield
2016-04-27,0.83,us_2y_yield
2016-04-28,0.78,us_2y_yield
2016-04-29,0.77,us_2y_yield
2016-05-02,0.80,us_2y_yield
2016-05-03,0.75,us_2y_yield
2016-05-04,0.75,us_2y_yield
2016-05-05,0.72,us_2y_yield
2016-05-06,0.74,us_2y_yield
2016-05-09,0.72,us_2y_yield
2016-05-10,0.72,us_2y_yield
2016-05-11,0.74,us_2y_yield
2016-05-12,0.76,us_2y_yield
2016-05-13,0.76,us_2y_yield
2016-05-16,0.79,us_2y_yield
2016-05-17,0.82,us_2y_yield
2016-05-18,0.90,us_2y_yield
2016-05-19,0.89,us_2y_yield
2016-05-20,0.89,us_2y_yield
2016-05-23,0.91,us_2y_yield
2016-05-24,0.92,us_2y_yield
2016-05-25,0.92,us_2y_yield
2016-05-26,0.87,us_2y_yield
2016-05-27,0.90,us_2y_yield
2016-05-30,.,us_2y_yield
2016-05-31,0.87,us_2y_yield
2016-06-01,0.91,us_2y_yield
2016-06-02,0.89,us_2y_yield
2016-06-03,0.78,us_2y_yield
2016-06-06,0.80,us_2y_yield
2016-06-07,0.78,us_2y_yield
2016-06-08,0.78,us_2y_yield
2016-06-09,0.77,us_2y_yield
2016-06-10,0.73,us_2y_yield
2016-06-13,0.73,us_2y_yield
2016-06-14,0.74,us_2y_yield
2016-06-15,0.69,us_2y_yield
2016-06-16,0.70,us_2y_yield
2016-06-17,0.70,us_2y_yield
2016-06-20,0.74,us_2y_yield
2016-06-21,0.76,us_2y_yield
2016-06-22,0.75,us_2y_yield
2016-06-23,0.78,us_2y_yield
2016-06-24,0.64,us_2y_yield
2016-06-27,0.61,us_2y_yield
2016-06-28,0.61,us_2y_yield
2016-06-29,0.62,us_2y_yield
2016-06-30,0.58,us_2y_yield
2016-07-01,0.59,us_2y_yield
2016-07-04,.,us_2y_yield
2016-07-05,0.56,us_2y_yield
2016-07-06,0.58,us_2y_yield
2016-07-07,0.58,us_2y_yield
2016-07-08,0.61,us_2y_yield
2016-07-11,0.66,us_2y_yield
2016-07-12,0.69,us_2y_yield
2016-07-13,0.68,us_2y_yield
2016-07-14,0.68,us_2y_yield
2016-07-15,0.71,us_2y_yield
2016-07-18,0.68,us_2y_yield
2016-07-19,0.70,us_2y_yield
2016-07-20,0.73,us_2y_yield
2016-07-21,0.70,us_2y_yield
2016-07-22,0.71,us_2y_yield
2016-07-25,0.72,us_2y_yield
2016-07-26,0.75,us_2y_yield
2016-07-27,0.73,us_2y_yield
2016-07-28,0.72,us_2y_yield
2016-07-29,0.67,us_2y_yield
2016-08-01,0.67,us_2y_yield
2016-08-02,0.67,us_2y_yield
2016-08-03,0.67,us_2y_yield
2016-08-04,0.64,us_2y_yield
2016-08-05,0.72,us_2y_yield
2016-08-08,0.74,us_2y_yield
2016-08-09,0.71,us_2y_yield
2016-08-10,0.69,us_2y_yield
2016-08-11,0.76,us_2y_yield
2016-08-12,0.71,us_2y_yield
2016-08-15,0.72,us_2y_yield
2016-08-16,0.76,us_2y_yield
2016-08-17,0.74,us_2y_yield
2016-08-18,0.71,us_2y_yield
2016-08-19,0.76,us_2y_yield
2016-08-22,0.76,us_2y_yield
2016-08-23,0.74,us_2y_yield
2016-08-24,0.76,us_2y_yield
2016-08-25,0.78,us_2y_yield
2016-08-26,0.84,us_2y_yield
2016-08-29,0.81,us_2y_yield
2016-08-30,0.80,us_2y_yield
2016-08-31,0.80,us_2y_yield
2016-09-01,0.78,us_2y_yield
2016-09-02,0.80,us_2y_yield
2016-09-05,.,us_2y_yield
2016-09-06,0.74,us_2y_yield
2016-09-07,0.74,us_2y_yield
2016-09-08,0.78,us_2y_yield
2016-09-09,0.79,us_2y_yield
2016-09-12,0.79,us_2y_yield
2016-09-13,0.80,us_2y_yield
2016-09-14,0.77,us_2y_yield
2016-09-15,0.74,us_2y_yield
2016-09-16,0.77,us_2y_yield
2016-09-19,0.79,us_2y_yield
2016-09-20,0.79,us_2y_yield
2016-09-21,0.79,us_2y_yield
2016-09-22,0.79,us_2y_yield
2016-09-23,0.77,us_2y_yield
2016-09-26,0.76,us_2y_yield
2016-09-27,0.75,us_2y_yield
2016-09-28,0.75,us_2y_yield
2016-09-29,0.73,us_2y_yield
2016-09-30,0.77,us_2y_yield
2016-10-03,0.80,us_2y_yield
2016-10-04,0.82,us_2y_yield
2016-10-05,0.85,us_2y_yield
2016-10-06,0.86,us_2y_yield
2016-10-07,0.83,us_2y_yield
2016-10-10,.,us_2y_yield
2016-10-11,0.87,us_2y_yield
2016-10-12,0.87,us_2y_yield
2016-10-13,0.85,us_2y_yield
2016-10-14,0.84,us_2y_yield
2016-10-17,0.81,us_2y_yield
2016-10-18,0.82,us_2y_yield
2016-10-19,0.81,us_2y_yield
2016-10-20,0.84,us_2y_yield
2016-10-21,0.84,us_2y_yield
2016-10-24,0.84,us_2y_yield
2016-10-25,0.86,us_2y_yield
2016-10-26,0.86,us_2y_yield
2016-10-27,0.87,us_2y_yield
2016-10-28,0.86,us_2y_yield
2016-10-31,0.86,us_2y_yield
2016-11-01,0.83,us_2y_yield
2016-11-02,0.81,us_2y_yield
2016-11-03,0.81,us_2y_yield
2016-11-04,0.80,us_2y_yield
2016-11-07,0.82,us_2y_yield
2016-11-08,0.87,us_2y_yield
2016-11-09,0.90,us_2y_yield
2016-11-10,0.92,us_2y_yield
2016-11-11,.,us_2y_yield
2016-11-14,1.00,us_2y_yield
2016-11-15,1.02,us_2y_yield
2016-11-16,1.00,us_2y_yield
2016-11-17,1.04,us_2y_yield
2016-11-18,1.07,us_2y_yield
2016-11-21,1.08,us_2y_yield
2016-11-22,1.07,us_2y_yield
2016-11-23,1.12,us_2y_yield
2016-11-24,.,us_2y_yield
2016-11-25,1.12,us_2y_yield
2016-11-28,1.11,us_2y_yield
2016-11-29,1.09,us_2y_yield
2016-11-30,1.11,us_2y_yield
2016-12-01,1.14,us_2y_yield
2016-12-02,1.11,us_2y_yield
2016-12-05,1.13,us_2y_yield
2016-12-06,1.12,us_2y_yield
2016-12-07,1.10,us_2y_yield
2016-12-08,1.12,us_2y_yield
2016-12-09,1.15,us_2y_yield
2016-12-12,1.15,us_2y_yield
2016-12-13,1.17,us_2y_yield
2016-12-14,1.27,us_2y_yield
2016-12-15,1.29,us_2y_yield
2016-12-16,1.28,us_2y_yield
2016-12-19,1.24,us_2y_yield
2016-12-20,1.25,us_2y_yield
2016-12-21,1.21,us_2y_yield
2016-12-22,1.22,us_2y_yield
2016-12-23,1.22,us_2y_yield
2016-12-26,.,us_2y_yield
2016-12-27,1.28,us_2y_yield
2016-12-28,1.26,us_2y_yield
2016-12-29,1.22,us_2y_yield
2016-12-30,1.20,us_2y_yield
2017-01-02,.,us_2y_yield
2017-01-03,1.22,us_2y_yield
2017-01-04,1.24,us_2y_yield
2017-01-05,1.17,us_2y_yield
2017-01-06,1.22,us_2y_yield
2017-01-09,1.21,us_2y_yield
2017-01-10,1.19,us_2y_yield
2017-01-11,1.20,us_2y_yield
2017-01-12,1.18,us_2y_yield
2017-01-13,1.21,us_2y_yield
2017-01-16,.,us_2y_yield
2017-01-17,1.17,us_2y_yield
2017-01-18,1.23,us_2y_yield
2017-01-19,1.25,us_2y_yield
2017-01-20,1.20,us_2y_yield
2017-01-23,1.16,us_2y_yield
2017-01-24,1.21,us_2y_yield
2017-01-25,1.23,us_2y_yield
2017-01-26,1.21,us_2y_yield
2017-01-27,1.22,us_2y_yield
2017-01-30,1.22,us_2y_yield
2017-01-31,1.19,us_2y_yield
2017-02-01,1.22,us_2y_yield
2017-02-02,1.21,us_2y_yield
2017-02-03,1.21,us_2y_yield
2017-02-06,1.16,us_2y_yield
2017-02-07,1.16,us_2y_yield
2017-02-08,1.15,us_2y_yield
2017-02-09,1.20,us_2y_yield
2017-02-10,1.20,us_2y_yield
2017-02-13,1.20,us_2y_yield
2017-02-14,1.25,us_2y_yield
2017-02-15,1.27,us_2y_yield
2017-02-16,1.22,us_2y_yield
2017-02-17,1.21,us_2y_yield
2017-02-20,.,us_2y_yield
2017-02-21,1.22,us_2y_yield
2017-02-22,1.22,us_2y_yield
2017-02-23,1.18,us_2y_yield
2017-02-24,1.12,us_2y_yield
2017-02-27,1.20,us_2y_yield
2017-02-28,1.22,us_2y_yield
2017-03-01,1.29,us_2y_yield
2017-03-02,1.32,us_2y_yield
2017-03-03,1.32,us_2y_yield
2017-03-06,1.31,us_2y_yield
2017-03-07,1.32,us_2y_yield
2017-03-08,1.36,us_2y_yield
2017-03-09,1.37,us_2y_yield
2017-03-10,1.36,us_2y_yield
2017-03-13,1.40,us_2y_yield
2017-03-14,1.40,us_2y_yield
2017-03-15,1.33,us_2y_yield
2017-03-16,1.35,us_2y_yield
2017-03-17,1.33,us_2y_yield
2017-03-20,1.30,us_2y_yield
2017-03-21,1.27,us_2y_yield
2017-03-22,1.27,us_2y_yield
2017-03-23,1.26,us_2y_yield
2017-03-24,1.26,us_2y_yield
2017-03-27,1.27,us_2y_yield
2017-03-28,1.30,us_2y_yield
2017-03-29,1.26,us_2y_yield
2017-03-30,1.28,us_2y_yield
2017-03-31,1.27,us_2y_yield
2017-04-03,1.24,us_2y_yield
2017-04-04,1.25,us_2y_yield
2017-04-05,1.24,us_2y_yield
2017-04-06,1.24,us_2y_yield
2017-04-07,1.29,us_2y_yield
2017-04-10,1.29,us_2y_yield
2017-04-11,1.24,us_2y_yield
2017-04-12,1.24,us_2y_yield
2017-04-13,1.21,us_2y_yield
2017-04-14,.,us_2y_yield
2017-04-17,1.21,us_2y_yield
2017-04-18,1.18,us_2y_yield
2017-04-19,1.19,us_2y_yield
2017-04-20,1.21,us_2y_yield
2017-04-21,1.20,us_2y_yield
2017-04-24,1.25,us_2y_yield
2017-04-25,1.29,us_2y_yield
2017-04-26,1.28,us_2y_yield
2017-04-27,1.25,us_2y_yield
2017-04-28,1.28,us_2y_yield
2017-05-01,1.28,us_2y_yield
2017-05-02,1.27,us_2y_yield
2017-05-03,1.30,us_2y_yield
2017-05-04,1.32,us_2y_yield
2017-05-05,1.32,us_2y_yield
2017-05-08,1.33,us_2y_yield
2017-05-09,1.37,us_2y_yield
2017-05-10,1.35,us_2y_yield
2017-05-11,1.35,us_2y_yield
2017-05-12,1.29,us_2y_yield
2017-05-15,1.31,us_2y_yield
2017-05-16,1.29,us_2y_yield
2017-05-17,1.26,us_2y_yield
2017-05-18,1.27,us_2y_yield
2017-05-19,1.28,us_2y_yield
2017-05-22,1.29,us_2y_yield
2017-05-23,1.31,us_2y_yield
2017-05-24,1.29,us_2y_yield
2017-05-25,1.30,us_2y_yield
2017-05-26,1.30,us_2y_yield
2017-05-29,.,us_2y_yield
2017-05-30,1.28,us_2y_yield
2017-05-31,1.28,us_2y_yield
2017-06-01,1.28,us_2y_yield
2017-06-02,1.28,us_2y_yield
2017-06-05,1.32,us_2y_yield
2017-06-06,1.30,us_2y_yield
2017-06-07,1.32,us_2y_yield
2017-06-08,1.33,us_2y_yield
2017-06-09,1.35,us_2y_yield
2017-06-12,1.35,us_2y_yield
2017-06-13,1.38,us_2y_yield
2017-06-14,1.35,us_2y_yield
2017-06-15,1.35,us_2y_yield
2017-06-16,1.32,us_2y_yield
2017-06-19,1.36,us_2y_yield
2017-06-20,1.36,us_2y_yield
2017-06-21,1.36,us_2y_yield
2017-06-22,1.34,us_2y_yield
2017-06-23,1.34,us_2y_yield
2017-06-26,1.36,us_2y_yield
2017-06-27,1.38,us_2y_yield
2017-06-28,1.34,us_2y_yield
2017-06-29,1.38,us_2y_yield
2017-06-30,1.38,us_2y_yield
2017-07-03,1.41,us_2y_yield
2017-07-04,.,us_2y_yield
2017-07-05,1.41,us_2y_yield
2017-07-06,1.40,us_2y_yield
2017-07-07,1.40,us_2y_yield
2017-07-10,1.40,us_2y_yield
2017-07-11,1.37,us_2y_yield
2017-07-12,1.35,us_2y_yield
2017-07-13,1.37,us_2y_yield
2017-07-14,1.35,us_2y_yield
2017-07-17,1.36,us_2y_yield
2017-07-18,1.36,us_2y_yield
2017-07-19,1.37,us_2y_yield
2017-07-20,1.37,us_2y_yield
2017-07-21,1.36,us_2y_yield
2017-07-24,1.37,us_2y_yield
2017-07-25,1.40,us_2y_yield
2017-07-26,1.36,us_2y_yield
2017-07-27,1.36,us_2y_yield
2017-07-28,1.34,us_2y_yield
2017-07-31,1.34,us_2y_yield
2017-08-01,1.34,us_2y_yield
2017-08-02,1.36,us_2y_yield
2017-08-03,1.34,us_2y_yield
2017-08-04,1.36,us_2y_yield
2017-08-07,1.36,us_2y_yield
2017-08-08,1.36,us_2y_yield
2017-08-09,1.33,us_2y_yield
2017-08-10,1.33,us_2y_yield
2017-08-11,1.30,us_2y_yield
2017-08-14,1.33,us_2y_yield
2017-08-15,1.35,us_2y_yield
2017-08-16,1.33,us_2y_yield
2017-08-17,1.32,us_2y_yield
2017-08-18,1.33,us_2y_yield
2017-08-21,1.32,us_2y_yield
2017-08-22,1.33,us_2y_yield
2017-08-23,1.32,us_2y_yield
2017-08-24,1.33,us_2y_yield
2017-08-25,1.35,us_2y_yield
2017-08-28,1.33,us_2y_yield
2017-08-29,1.33,us_2y_yield
2017-08-30,1.33,us_2y_yield
2017-08-31,1.33,us_2y_yield
2017-09-01,1.35,us_2y_yield
2017-09-04,.,us_2y_yield
2017-09-05,1.30,us_2y_yield
2017-09-06,1.30,us_2y_yield
2017-09-07,1.27,us_2y_yield
2017-09-08,1.27,us_2y_yield
2017-09-11,1.32,us_2y_yield
2017-09-12,1.33,us_2y_yield
2017-09-13,1.35,us_2y_yield
2017-09-14,1.37,us_2y_yield
2017-09-15,1.39,us_2y_yield
2017-09-18,1.40,us_2y_yield
2017-09-19,1.40,us_2y_yield
2017-09-20,1.45,us_2y_yield
2017-09-21,1.45,us_2y_yield
2017-09-22,1.46,us_2y_yield
2017-09-25,1.44,us_2y_yield
2017-09-26,1.45,us_2y_yield
2017-09-27,1.47,us_2y_yield
2017-09-28,1.45,us_2y_yield
2017-09-29,1.47,us_2y_yield
2017-10-02,1.49,us_2y_yield
2017-10-03,1.47,us_2y_yield
2017-10-04,1.47,us_2y_yield
2017-10-05,1.49,us_2y_yield
2017-10-06,1.54,us_2y_yield
2017-10-09,.,us_2y_yield
2017-10-10,1.51,us_2y_yield
2017-10-11,1.51,us_2y_yield
2017-10-12,1.51,us_2y_yield
2017-10-13,1.51,us_2y_yield
2017-10-16,1.54,us_2y_yield
2017-10-17,1.54,us_2y_yield
2017-10-18,1.59,us_2y_yield
2017-10-19,1.58,us_2y_yield
2017-10-20,1.60,us_2y_yield
2017-10-23,1.58,us_2y_yield
2017-10-24,1.60,us_2y_yield
2017-10-25,1.61,us_2y_yield
2017-10-26,1.63,us_2y_yield
2017-10-27,1.59,us_2y_yield
2017-10-30,1.58,us_2y_yield
2017-10-31,1.60,us_2y_yield
2017-11-01,1.61,us_2y_yield
2017-11-02,1.61,us_2y_yield
2017-11-03,1.63,us_2y_yield
2017-11-06,1.61,us_2y_yield
2017-11-07,1.63,us_2y_yield
2017-11-08,1.65,us_2y_yield
2017-11-09,1.63,us_2y_yield
2017-11-10,1.67,us_2y_yield
2017-11-13,1.70,us_2y_yield
2017-11-14,1.68,us_2y_yield
2017-11-15,1.68,us_2y_yield
2017-11-16,1.72,us_2y_yield
2017-11-17,1.73,us_2y_yield
2017-11-20,1.77,us_2y_yield
2017-11-21,1.77,us_2y_yield
2017-11-22,1.74,us_2y_yield
2017-11-23,.,us_2y_yield
2017-11-24,1.75,us_2y_yield
2017-11-27,1.74,us_2y_yield
2017-11-28,1.75,us_2y_yield
2017-11-29,1.78,us_2y_yield
2017-11-30,1.78,us_2y_yield
2017-12-01,1.78,us_2y_yield
2017-12-04,1.80,us_2y_yield
2017-12-05,1.83,us_2y_yield
2017-12-06,1.78,us_2y_yield
2017-12-07,1.80,us_2y_yield
2017-12-08,1.80,us_2y_yield
2017-12-11,1.82,us_2y_yield
2017-12-12,1.83,us_2y_yield
2017-12-13,1.79,us_2y_yield
2017-12-14,1.82,us_2y_yield
2017-12-15,1.84,us_2y_yield
2017-12-18,1.84,us_2y_yield
2017-12-19,1.87,us_2y_yield
2017-12-20,1.87,us_2y_yield
2017-12-21,1.89,us_2y_yield
2017-12-22,1.91,us_2y_yield
2017-12-25,.,us_2y_yield
2017-12-26,1.92,us_2y_yield
2017-12-27,1.89,us_2y_yield
2017-12-28,1.91,us_2y_yield
2017-12-29,1.89,us_2y_yield
2018-01-01,.,us_2y_yield
2018-01-02,1.92,us_2y_yield
2018-01-03,1.94,us_2y_yield
2018-01-04,1.96,us_2y_yield
2018-01-05,1.96,us_2y_yield
2018-01-08,1.96,us_2y_yield
2018-01-09,1.98,us_2y_yield
2018-01-10,1.98,us_2y_yield
2018-01-11,1.98,us_2y_yield
2018-01-12,1.99,us_2y_yield
2018-01-15,.,us_2y_yield
2018-01-16,2.03,us_2y_yield
2018-01-17,2.05,us_2y_yield
2018-01-18,2.05,us_2y_yield
2018-01-19,2.06,us_2y_yield
2018-01-22,2.08,us_2y_yield
2018-01-23,2.06,us_2y_yield
2018-01-24,2.08,us_2y_yield
2018-01-25,2.08,us_2y_yield
2018-01-26,2.13,us_2y_yield
2018-01-29,2.11,us_2y_yield
2018-01-30,2.13,us_2y_yield
2018-01-31,2.14,us_2y_yield
2018-02-01,2.16,us_2y_yield
2018-02-02,2.15,us_2y_yield
2018-02-05,2.08,us_2y_yield
2018-02-06,2.10,us_2y_yield
2018-02-07,2.15,us_2y_yield
2018-02-08,2.13,us_2y_yield
2018-02-09,2.05,us_2y_yield
2018-02-12,2.09,us_2y_yield
2018-02-13,2.10,us_2y_yield
2018-02-14,2.17,us_2y_yield
2018-02-15,2.19,us_2y_yield
2018-02-16,2.21,us_2y_yield
2018-02-19,.,us_2y_yield
2018-02-20,2.25,us_2y_yield
2018-02-21,2.26,us_2y_yield
2018-02-22,2.25,us_2y_yield
2018-02-23,2.25,us_2y_yield
2018-02-26,2.22,us_2y_yield
2018-02-27,2.27,us_2y_yield
2018-02-28,2.25,us_2y_yield
2018-03-01,2.22,us_2y_yield
2018-03-02,2.25,us_2y_yield
2018-03-05,2.24,us_2y_yield
2018-03-06,2.25,us_2y_yield
2018-03-07,2.25,us_2y_yield
2018-03-08,2.25,us_2y_yield
2018-03-09,2.27,us_2y_yield
2018-03-12,2.27,us_2y_yield
2018-03-13,2.26,us_2y_yield
2018-03-14,2.26,us_2y_yield
2018-03-15,2.29,us_2y_yield
2018-03-16,2.31,us_2y_yield
2018-03-19,2.31,us_2y_yield
2018-03-20,2.34,us_2y_yield
2018-03-21,2.31,us_2y_yield
2018-03-22,2.29,us_2y_yield
2018-03-23,2.28,us_2y_yield
2018-03-26,2.33,us_2y_yield
2018-03-27,2.26,us_2y_yield
2018-03-28,2.28,us_2y_yield
2018-03-29,2.27,us_2y_yield
2018-03-30,.,us_2y_yield
2018-04-02,2.25,us_2y_yield
2018-04-03,2.28,us_2y_yield
2018-04-04,2.28,us_2y_yield
2018-04-05,2.30,us_2y_yield
2018-04-06,2.27,us_2y_yield
2018-04-09,2.29,us_2y_yield
2018-04-10,2.32,us_2y_yield
2018-04-11,2.32,us_2y_yield
2018-04-12,2.34,us_2y_yield
2018-04-13,2.37,us_2y_yield
2018-04-16,2.39,us_2y_yield
2018-04-17,2.41,us_2y_yield
2018-04-18,2.42,us_2y_yield
2018-04-19,2.44,us_2y_yield
2018-04-20,2.46,us_2y_yield
2018-04-23,2.49,us_2y_yield
2018-04-24,2.48,us_2y_yield
2018-04-25,2.49,us_2y_yield
2018-04-26,2.49,us_2y_yield
2018-04-27,2.49,us_2y_yield
2018-04-30,2.49,us_2y_yield
2018-05-01,2.50,us_2y_yield
2018-05-02,2.49,us_2y_yield
2018-05-03,2.49,us_2y_yield
2018-05-04,2.51,us_2y_yield
2018-05-07,2.49,us_2y_yield
2018-05-08,2.51,us_2y_yield
2018-05-09,2.54,us_2y_yield
2018-05-10,2.54,us_2y_yield
2018-05-11,2.54,us_2y_yield
2018-05-14,2.55,us_2y_yield
2018-05-15,2.58,us_2y_yield
2018-05-16,2.58,us_2y_yield
2018-05-17,2.57,us_2y_yield
2018-05-18,2.55,us_2y_yield
2018-05-21,2.58,us_2y_yield
2018-05-22,2.59,us_2y_yield
2018-05-23,2.53,us_2y_yield
2018-05-24,2.50,us_2y_yield
2018-05-25,2.48,us_2y_yield
2018-05-28,.,us_2y_yield
2018-05-29,2.32,us_2y_yield
2018-05-30,2.42,us_2y_yield
2018-05-31,2.40,us_2y_yield
2018-06-01,2.47,us_2y_yield
2018-06-04,2.52,us_2y_yield
2018-06-05,2.49,us_2y_yield
2018-06-06,2.52,us_2y_yield
2018-06-07,2.50,us_2y_yield
2018-06-08,2.50,us_2y_yield
2018-06-11,2.52,us_2y_yield
2018-06-12,2.54,us_2y_yield
2018-06-13,2.59,us_2y_yield
2018-06-14,2.59,us_2y_yield
2018-06-15,2.55,us_2y_yield
2018-06-18,2.56,us_2y_yield
2018-06-19,2.54,us_2y_yield
2018-06-20,2.56,us_2y_yield
2018-06-21,2.56,us_2y_yield
2018-06-22,2.56,us_2y_yield
2018-06-25,2.54,us_2y_yield
2018-06-26,2.53,us_2y_yield
2018-06-27,2.52,us_2y_yield
2018-06-28,2.52,us_2y_yield
2018-06-29,2.52,us_2y_yield
2018-07-02,2.57,us_2y_yield
2018-07-03,2.53,us_2y_yield
2018-07-04,.,us_2y_yield
2018-07-05,2.55,us_2y_yield
2018-07-06,2.53,us_2y_yield
2018-07-09,2.57,us_2y_yield
2018-07-10,2.59,us_2y_yield
2018-07-11,2.58,us_2y_yield
2018-07-12,2.60,us_2y_yield
2018-07-13,2.59,us_2y_yield
2018-07-16,2.59,us_2y_yield
2018-07-17,2.62,us_2y_yield
2018-07-18,2.60,us_2y_yield
2018-07-19,2.60,us_2y_yield
2018-07-20,2.60,us_2y_yield
2018-07-23,2.64,us_2y_yield
2018-07-24,2.63,us_2y_yield
2018-07-25,2.66,us_2y_yield
2018-07-26,2.69,us_2y_yield
2018-07-27,2.67,us_2y_yield
2018-07-30,2.66,us_2y_yield
2018-07-31,2.67,us_2y_yield
2018-08-01,2.67,us_2y_yield
2018-08-02,2.66,us_2y_yield
2018-08-03,2.63,us_2y_yield
2018-08-06,2.64,us_2y_yield
2018-08-07,2.68,us_2y_yield
2018-08-08,2.68,us_2y_yield
2018-08-09,2.64,us_2y_yield
2018-08-10,2.61,us_2y_yield
2018-08-13,2.61,us_2y_yield
2018-08-14,2.63,us_2y_yield
2018-08-15,2.61,us_2y_yield
2018-08-16,2.63,us_2y_yield
2018-08-17,2.61,us_2y_yield
2018-08-20,2.60,us_2y_yield
2018-08-21,2.61,us_2y_yield
2018-08-22,2.60,us_2y_yield
2018-08-23,2.61,us_2y_yield
2018-08-24,2.63,us_2y_yield
2018-08-27,2.67,us_2y_yield
2018-08-28,2.67,us_2y_yield
2018-08-29,2.67,us_2y_yield
2018-08-30,2.64,us_2y_yield
2018-08-31,2.62,us_2y_yield
2018-09-03,.,us_2y_yield
2018-09-04,2.66,us_2y_yield
2018-09-05,2.66,us_2y_yield
2018-09-06,2.64,us_2y_yield
2018-09-07,2.71,us_2y_yield
2018-09-10,2.73,us_2y_yield
2018-09-11,2.76,us_2y_yield
2018-09-12,2.74,us_2y_yield
2018-09-13,2.76,us_2y_yield
2018-09-14,2.78,us_2y_yield
2018-09-17,2.78,us_2y_yield
2018-09-18,2.81,us_2y_yield
2018-09-19,2.81,us_2y_yield
2018-09-20,2.81,us_2y_yield
2018-09-21,2.81,us_2y_yield
2018-09-24,2.83,us_2y_yield
2018-09-25,2.83,us_2y_yield
2018-09-26,2.83,us_2y_yield
2018-09-27,2.83,us_2y_yield
2018-09-28,2.81,us_2y_yield
2018-10-01,2.82,us_2y_yield
2018-10-02,2.82,us_2y_yield
2018-10-03,2.85,us_2y_yield
2018-10-04,2.87,us_2y_yield
2018-10-05,2.88,us_2y_yield
2018-10-08,.,us_2y_yield
2018-10-09,2.88,us_2y_yield
2018-10-10,2.88,us_2y_yield
2018-10-11,2.85,us_2y_yield
2018-10-12,2.85,us_2y_yield
2018-10-15,2.85,us_2y_yield
2018-10-16,2.87,us_2y_yield
2018-10-17,2.89,us_2y_yield
2018-10-18,2.87,us_2y_yield
2018-10-19,2.92,us_2y_yield
2018-10-22,2.92,us_2y_yield
2018-10-23,2.89,us_2y_yield
2018-10-24,2.84,us_2y_yield
2018-10-25,2.86,us_2y_yield
2018-10-26,2.81,us_2y_yield
2018-10-29,2.81,us_2y_yield
2018-10-30,2.84,us_2y_yield
2018-10-31,2.87,us_2y_yield
2018-11-01,2.84,us_2y_yield
2018-11-02,2.91,us_2y_yield
2018-11-05,2.91,us_2y_yield
2018-11-06,2.93,us_2y_yield
2018-11-07,2.96,us_2y_yield
2018-11-08,2.98,us_2y_yield
2018-11-09,2.94,us_2y_yield
2018-11-12,.,us_2y_yield
2018-11-13,2.89,us_2y_yield
2018-11-14,2.86,us_2y_yield
2018-11-15,2.86,us_2y_yield
2018-11-16,2.81,us_2y_yield
2018-11-19,2.79,us_2y_yield
2018-11-20,2.79,us_2y_yield
2018-11-21,2.81,us_2y_yield
2018-11-22,.,us_2y_yield
2018-11-23,2.81,us_2y_yield
2018-11-26,2.84,us_2y_yield
2018-11-27,2.83,us_2y_yield
2018-11-28,2.81,us_2y_yield
2018-11-29,2.81,us_2y_yield
2018-11-30,2.80,us_2y_yield
2018-12-03,2.83,us_2y_yield
2018-12-04,2.80,us_2y_yield
2018-12-05,.,us_2y_yield
2018-12-06,2.75,us_2y_yield
2018-12-07,2.72,us_2y_yield
2018-12-10,2.72,us_2y_yield
2018-12-11,2.78,us_2y_yield
2018-12-12,2.77,us_2y_yield
2018-12-13,2.75,us_2y_yield
2018-12-14,2.73,us_2y_yield
2018-12-17,2.70,us_2y_yield
2018-12-18,2.65,us_2y_yield
2018-12-19,2.63,us_2y_yield
2018-12-20,2.67,us_2y_yield
2018-12-21,2.63,us_2y_yield
2018-12-24,2.55,us_2y_yield
2018-12-25,.,us_2y_yield
2018-12-26,2.61,us_2y_yield
2018-12-27,2.56,us_2y_yield
2018-12-28,2.52,us_2y_yield
2018-12-31,2.48,us_2y_yield
2019-01-01,.,us_2y_yield
2019-01-02,2.50,us_2y_yield
2019-01-03,2.39,us_2y_yield
2019-01-04,2.50,us_2y_yield
2019-01-07,2.53,us_2y_yield
2019-01-08,2.58,us_2y_yield
2019-01-09,2.56,us_2y_yield
2019-01-10,2.56,us_2y_yield
2019-01-11,2.55,us_2y_yield
2019-01-14,2.53,us_2y_yield
2019-01-15,2.53,us_2y_yield
2019-01-16,2.55,us_2y_yield
2019-01-17,2.56,us_2y_yield
2019-01-18,2.62,us_2y_yield
2019-01-21,.,us_2y_yield
2019-01-22,2.58,us_2y_yield
2019-01-23,2.58,us_2y_yield
2019-01-24,2.56,us_2y_yield
2019-01-25,2.60,us_2y_yield
2019-01-28,2.60,us_2y_yield
2019-01-29,2.56,us_2y_yield
2019-01-30,2.52,us_2y_yield
2019-01-31,2.45,us_2y_yield
2019-02-01,2.52,us_2y_yield
2019-02-04,2.53,us_2y_yield
2019-02-05,2.53,us_2y_yield
2019-02-06,2.52,us_2y_yield
2019-02-07,2.48,us_2y_yield
2019-02-08,2.45,us_2y_yield
2019-02-11,2.48,us_2y_yield
2019-02-12,2.50,us_2y_yield
2019-02-13,2.53,us_2y_yield
2019-02-14,2.50,us_2y_yield
2019-02-15,2.52,us_2y_yield
2019-02-18,.,us_2y_yield
2019-02-19,2.50,us_2y_yield
2019-02-20,2.50,us_2y_yield
2019-02-21,2.53,us_2y_yield
2019-02-22,2.48,us_2y_yield
2019-02-25,2.51,us_2y_yield
2019-02-26,2.48,us_2y_yield
2019-02-27,2.50,us_2y_yield
2019-02-28,2.52,us_2y_yield
2019-03-01,2.55,us_2y_yield
2019-03-04,2.55,us_2y_yield
2019-03-05,2.55,us_2y_yield
2019-03-06,2.52,us_2y_yield
2019-03-07,2.47,us_2y_yield
2019-03-08,2.45,us_2y_yield
2019-03-11,2.47,us_2y_yield
2019-03-12,2.45,us_2y_yield
2019-03-13,2.45,us_2y_yield
2019-03-14,2.46,us_2y_yield
2019-03-15,2.43,us_2y_yield
2019-03-18,2.45,us_2y_yield
2019-03-19,2.46,us_2y_yield
2019-03-20,2.40,us_2y_yield
2019-03-21,2.41,us_2y_yield
2019-03-22,2.31,us_2y_yield
2019-03-25,2.26,us_2y_yield
2019-03-26,2.24,us_2y_yield
2019-03-27,2.22,us_2y_yield
2019-03-28,2.23,us_2y_yield
2019-03-29,2.27,us_2y_yield
2019-04-01,2.33,us_2y_yield
2019-04-02,2.30,us_2y_yield
2019-04-03,2.33,us_2y_yield
2019-04-04,2.33,us_2y_yield
2019-04-05,2.35,us_2y_yield
2019-04-08,2.36,us_2y_yield
2019-04-09,2.35,us_2y_yield
2019-04-10,2.31,us_2y_yield
2019-04-11,2.35,us_2y_yield
2019-04-12,2.40,us_2y_yield
2019-04-15,2.40,us_2y_yield
2019-04-16,2.41,us_2y_yield
2019-04-17,2.40,us_2y_yield
2019-04-18,2.38,us_2y_yield
2019-04-19,.,us_2y_yield
2019-04-22,2.38,us_2y_yield
2019-04-23,2.36,us_2y_yield
2019-04-24,2.32,us_2y_yield
2019-04-25,2.33,us_2y_yield
2019-04-26,2.28,us_2y_yield
2019-04-29,2.30,us_2y_yield
2019-04-30,2.27,us_2y_yield
2019-05-01,2.31,us_2y_yield
2019-05-02,2.35,us_2y_yield
2019-05-03,2.33,us_2y_yield
2019-05-06,2.31,us_2y_yield
2019-05-07,2.28,us_2y_yield
2019-05-08,2.30,us_2y_yield
2019-05-09,2.26,us_2y_yield
2019-05-10,2.26,us_2y_yield
2019-05-13,2.18,us_2y_yield
2019-05-14,2.20,us_2y_yield
2019-05-15,2.16,us_2y_yield
2019-05-16,2.20,us_2y_yield
2019-05-17,2.20,us_2y_yield
2019-05-20,2.21,us_2y_yield
2019-05-21,2.26,us_2y_yield
2019-05-22,2.23,us_2y_yield
2019-05-23,2.12,us_2y_yield
2019-05-24,2.16,us_2y_yield
2019-05-27,.,us_2y_yield
2019-05-28,2.12,us_2y_yield
2019-05-29,2.09,us_2y_yield
2019-05-30,2.06,us_2y_yield
2019-05-31,1.95,us_2y_yield
2019-06-03,1.82,us_2y_yield
2019-06-04,1.88,us_2y_yield
2019-06-05,1.83,us_2y_yield
2019-06-06,1.88,us_2y_yield
2019-06-07,1.85,us_2y_yield
2019-06-10,1.90,us_2y_yield
2019-06-11,1.93,us_2y_yield
2019-06-12,1.88,us_2y_yield
2019-06-13,1.83,us_2y_yield
2019-06-14,1.84,us_2y_yield
2019-06-17,1.86,us_2y_yield
2019-06-18,1.86,us_2y_yield
2019-06-19,1.74,us_2y_yield
2019-06-20,1.72,us_2y_yield
2019-06-21,1.77,us_2y_yield
2019-06-24,1.72,us_2y_yield
2019-06-25,1.71,us_2y_yield
2019-06-26,1.77,us_2y_yield
2019-06-27,1.74,us_2y_yield
2019-06-28,1.75,us_2y_yield
2019-07-01,1.78,us_2y_yield
2019-07-02,1.77,us_2y_yield
2019-07-03,1.77,us_2y_yield
2019-07-04,.,us_2y_yield
2019-07-05,1.87,us_2y_yield
2019-07-08,1.88,us_2y_yield
2019-07-09,1.92,us_2y_yield
2019-07-10,1.82,us_2y_yield
2019-07-11,1.85,us_2y_yield
2019-07-12,1.84,us_2y_yield
2019-07-15,1.83,us_2y_yield
2019-07-16,1.87,us_2y_yield
2019-07-17,1.83,us_2y_yield
2019-07-18,1.77,us_2y_yield
2019-07-19,1.80,us_2y_yield
2019-07-22,1.80,us_2y_yield
2019-07-23,1.83,us_2y_yield
2019-07-24,1.83,us_2y_yield
2019-07-25,1.86,us_2y_yield
2019-07-26,1.86,us_2y_yield
2019-07-29,1.85,us_2y_yield
2019-07-30,1.85,us_2y_yield
2019-07-31,1.89,us_2y_yield
2019-08-01,1.73,us_2y_yield
2019-08-02,1.72,us_2y_yield
2019-08-05,1.59,us_2y_yield
2019-08-06,1.60,us_2y_yield
2019-08-07,1.59,us_2y_yield
2019-08-08,1.62,us_2y_yield
2019-08-09,1.63,us_2y_yield
2019-08-12,1.58,us_2y_yield
2019-08-13,1.66,us_2y_yield
2019-08-14,1.58,us_2y_yield
2019-08-15,1.48,us_2y_yield
2019-08-16,1.48,us_2y_yield
2019-08-19,1.53,us_2y_yield
2019-08-20,1.50,us_2y_yield
2019-08-21,1.56,us_2y_yield
2019-08-22,1.61,us_2y_yield
2019-08-23,1.51,us_2y_yield
2019-08-26,1.54,us_2y_yield
2019-08-27,1.53,us_2y_yield
2019-08-28,1.50,us_2y_yield
2019-08-29,1.53,us_2y_yield
2019-08-30,1.50,us_2y_yield
2019-09-02,.,us_2y_yield
2019-09-03,1.47,us_2y_yield
2019-09-04,1.43,us_2y_yield
2019-09-05,1.55,us_2y_yield
2019-09-06,1.53,us_2y_yield
2019-09-09,1.58,us_2y_yield
2019-09-10,1.67,us_2y_yield
2019-09-11,1.68,us_2y_yield
2019-09-12,1.72,us_2y_yield
2019-09-13,1.79,us_2y_yield
2019-09-16,1.74,us_2y_yield
2019-09-17,1.72,us_2y_yield
2019-09-18,1.77,us_2y_yield
2019-09-19,1.74,us_2y_yield
2019-09-20,1.69,us_2y_yield
2019-09-23,1.68,us_2y_yield
2019-09-24,1.60,us_2y_yield
2019-09-25,1.68,us_2y_yield
2019-09-26,1.66,us_2y_yield
2019-09-27,1.63,us_2y_yield
2019-09-30,1.63,us_2y_yield
2019-10-01,1.56,us_2y_yield
2019-10-02,1.48,us_2y_yield
2019-10-03,1.39,us_2y_yield
2019-10-04,1.40,us_2y_yield
2019-10-07,1.46,us_2y_yield
2019-10-08,1.42,us_2y_yield
2019-10-09,1.47,us_2y_yield
2019-10-10,1.53,us_2y_yield
2019-10-11,1.63,us_2y_yield
2019-10-14,.,us_2y_yield
2019-10-15,1.61,us_2y_yield
2019-10-16,1.58,us_2y_yield
2019-10-17,1.60,us_2y_yield
2019-10-18,1.58,us_2y_yield
2019-10-21,1.62,us_2y_yield
2019-10-22,1.60,us_2y_yield
2019-10-23,1.58,us_2y_yield
2019-10-24,1.58,us_2y_yield
2019-10-25,1.63,us_2y_yield
2019-10-28,1.64,us_2y_yield
2019-10-29,1.64,us_2y_yield
2019-10-30,1.61,us_2y_yield
2019-10-31,1.52,us_2y_yield
2019-11-01,1.56,us_2y_yield
2019-11-04,1.60,us_2y_yield
2019-11-05,1.63,us_2y_yield
2019-11-06,1.61,us_2y_yield
2019-11-07,1.68,us_2y_yield
2019-11-08,1.68,us_2y_yield
2019-11-11,.,us_2y_yield
2019-11-12,1.66,us_2y_yield
2019-11-13,1.63,us_2y_yield
2019-11-14,1.58,us_2y_yield
2019-11-15,1.61,us_2y_yield
2019-11-18,1.60,us_2y_yield
2019-11-19,1.60,us_2y_yield
2019-11-20,1.56,us_2y_yield
2019-11-21,1.60,us_2y_yield
2019-11-22,1.61,us_2y_yield
2019-11-25,1.61,us_2y_yield
2019-11-26,1.58,us_2y_yield
2019-11-27,1.63,us_2y_yield
2019-11-28,.,us_2y_yield
2019-11-29,1.61,us_2y_yield
2019-12-02,1.61,us_2y_yield
2019-12-03,1.53,us_2y_yield
2019-12-04,1.58,us_2y_yield
2019-12-05,1.58,us_2y_yield
2019-12-06,1.61,us_2y_yield
2019-12-09,1.63,us_2y_yield
2019-12-10,1.65,us_2y_yield
2019-12-11,1.61,us_2y_yield
2019-12-12,1.66,us_2y_yield
2019-12-13,1.61,us_2y_yield
2019-12-16,1.65,us_2y_yield
2019-12-17,1.63,us_2y_yield
2019-12-18,1.63,us_2y_yield
2019-12-19,1.62,us_2y_yield
2019-12-20,1.63,us_2y_yield
2019-12-23,1.64,us_2y_yield
2019-12-24,1.62,us_2y_yield
2019-12-25,.,us_2y_yield
2019-12-26,1.64,us_2y_yield
2019-12-27,1.59,us_2y_yield
2019-12-30,1.58,us_2y_yield
2019-12-31,1.58,us_2y_yield
2020-01-01,.,us_2y_yield
2020-01-02,1.58,us_2y_yield
2020-01-03,1.53,us_2y_yield
2020-01-06,1.54,us_2y_yield
2020-01-07,1.54,us_2y_yield
2020-01-08,1.58,us_2y_yield
2020-01-09,1.58,us_2y_yield
2020-01-10,1.56,us_2y_yield
2020-01-13,1.58,us_2y_yield
2020-01-14,1.58,us_2y_yield
2020-01-15,1.56,us_2y_yield
2020-01-16,1.58,us_2y_yield
2020-01-17,1.58,us_2y_yield
2020-01-20,.,us_2y_yield
2020-01-21,1.53,us_2y_yield
2020-01-22,1.53,us_2y_yield
2020-01-23,1.51,us_2y_yield
2020-01-24,1.49,us_2y_yield
2020-01-27,1.44,us_2y_yield
2020-01-28,1.45,us_2y_yield
2020-01-29,1.42,us_2y_yield
2020-01-30,1.41,us_2y_yield
2020-01-31,1.33,us_2y_yield
2020-02-03,1.36,us_2y_yield
2020-02-04,1.41,us_2y_yield
2020-02-05,1.44,us_2y_yield
2020-02-06,1.44,us_2y_yield
2020-02-07,1.41,us_2y_yield
2020-02-10,1.37,us_2y_yield
2020-02-11,1.41,us_2y_yield
2020-02-12,1.44,us_2y_yield
2020-02-13,1.44,us_2y_yield
2020-02-14,1.42,us_2y_yield
2020-02-17,.,us_2y_yield
2020-02-18,1.41,us_2y_yield
2020-02-19,1.42,us_2y_yield
2020-02-20,1.39,us_2y_yield
2020-02-21,1.34,us_2y_yield
2020-02-24,1.26,us_2y_yield
2020-02-25,1.20,us_2y_yield
2020-02-26,1.16,us_2y_yield
2020-02-27,1.11,us_2y_yield
2020-02-28,0.86,us_2y_yield
2020-03-02,0.84,us_2y_yield
2020-03-03,0.71,us_2y_yield
2020-03-04,0.67,us_2y_yield
2020-03-05,0.59,us_2y_yield
2020-03-06,0.49,us_2y_yield
2020-03-09,0.38,us_2y_yield
2020-03-10,0.50,us_2y_yield
2020-03-11,0.50,us_2y_yield
2020-03-12,0.50,us_2y_yield
2020-03-13,0.49,us_2y_yield
2020-03-16,0.36,us_2y_yield
2020-03-17,0.47,us_2y_yield
2020-03-18,0.54,us_2y_yield
2020-03-19,0.44,us_2y_yield
2020-03-20,0.37,us_2y_yield
2020-03-23,0.28,us_2y_yield
2020-03-24,0.38,us_2y_yield
2020-03-25,0.34,us_2y_yield
2020-03-26,0.30,us_2y_yield
2020-03-27,0.25,us_2y_yield
2020-03-30,0.23,us_2y_yield
2020-03-31,0.23,us_2y_yield
2020-04-01,0.23,us_2y_yield
2020-04-02,0.23,us_2y_yield
2020-04-03,0.23,us_2y_yield
2020-04-06,0.27,us_2y_yield
2020-04-07,0.28,us_2y_yield
2020-04-08,0.27,us_2y_yield
2020-04-09,0.23,us_2y_yield
2020-04-10,.,us_2y_yield
2020-04-13,0.25,us_2y_yield
2020-04-14,0.23,us_2y_yield
2020-04-15,0.20,us_2y_yield
2020-04-16,0.20,us_2y_yield
2020-04-17,0.20,us_2y_yield
2020-04-20,0.20,us_2y_yield
2020-04-21,0.20,us_2y_yield
2020-04-22,0.22,us_2y_yield
2020-04-23,0.22,us_2y_yield
2020-04-24,0.22,us_2y_yield
2020-04-27,0.24,us_2y_yield
2020-04-28,0.20,us_2y_yield
2020-04-29,0.20,us_2y_yield
2020-04-30,0.20,us_2y_yield
2020-05-01,0.20,us_2y_yield
2020-05-04,0.19,us_2y_yield
2020-05-05,0.19,us_2y_yield
2020-05-06,0.17,us_2y_yield
2020-05-07,0.13,us_2y_yield
2020-05-08,0.16,us_2y_yield
2020-05-11,0.17,us_2y_yield
2020-05-12,0.17,us_2y_yield
2020-05-13,0.16,us_2y_yield
2020-05-14,0.16,us_2y_yield
2020-05-15,0.16,us_2y_yield
2020-05-18,0.18,us_2y_yield
2020-05-19,0.17,us_2y_yield
2020-05-20,0.16,us_2y_yield
2020-05-21,0.17,us_2y_yield
2020-05-22,0.17,us_2y_yield
2020-05-25,.,us_2y_yield
2020-05-26,0.18,us_2y_yield
2020-05-27,0.19,us_2y_yield
2020-05-28,0.17,us_2y_yield
2020-05-29,0.16,us_2y_yield
2020-06-01,0.14,us_2y_yield
2020-06-02,0.17,us_2y_yield
2020-06-03,0.19,us_2y_yield
2020-06-04,0.19,us_2y_yield
2020-06-05,0.22,us_2y_yield
2020-06-08,0.22,us_2y_yield
2020-06-09,0.20,us_2y_yield
2020-06-10,0.17,us_2y_yield
2020-06-11,0.19,us_2y_yield
2020-06-12,0.19,us_2y_yield
2020-06-15,0.19,us_2y_yield
2020-06-16,0.21,us_2y_yield
2020-06-17,0.19,us_2y_yield
2020-06-18,0.19,us_2y_yield
2020-06-19,0.19,us_2y_yield
2020-06-22,0.19,us_2y_yield
2020-06-23,0.18,us_2y_yield
2020-06-24,0.19,us_2y_yield
2020-06-25,0.17,us_2y_yield
2020-06-26,0.17,us_2y_yield
2020-06-29,0.16,us_2y_yield
2020-06-30,0.16,us_2y_yield
2020-07-01,0.17,us_2y_yield
2020-07-02,0.16,us_2y_yield
2020-07-03,.,us_2y_yield
2020-07-06,0.16,us_2y_yield
2020-07-07,0.16,us_2y_yield
2020-07-08,0.16,us_2y_yield
2020-07-09,0.16,us_2y_yield
2020-07-10,0.16,us_2y_yield
2020-07-13,0.16,us_2y_yield
2020-07-14,0.14,us_2y_yield
2020-07-15,0.16,us_2y_yield
2020-07-16,0.16,us_2y_yield
2020-07-17,0.14,us_2y_yield
2020-07-20,0.16,us_2y_yield
2020-07-21,0.14,us_2y_yield
2020-07-22,0.14,us_2y_yield
2020-07-23,0.16,us_2y_yield
2020-07-24,0.14,us_2y_yield
2020-07-27,0.15,us_2y_yield
2020-07-28,0.14,us_2y_yield
2020-07-29,0.12,us_2y_yield
2020-07-30,0.11,us_2y_yield
2020-07-31,0.11,us_2y_yield
2020-08-03,0.11,us_2y_yield
2020-08-04,0.11,us_2y_yield
2020-08-05,0.11,us_2y_yield
2020-08-06,0.11,us_2y_yield
2020-08-07,0.13,us_2y_yield
2020-08-10,0.14,us_2y_yield
2020-08-11,0.16,us_2y_yield
2020-08-12,0.16,us_2y_yield
2020-08-13,0.16,us_2y_yield
2020-08-14,0.14,us_2y_yield
2020-08-17,0.14,us_2y_yield
2020-08-18,0.14,us_2y_yield
2020-08-19,0.14,us_2y_yield
2020-08-20,0.13,us_2y_yield
2020-08-21,0.16,us_2y_yield
2020-08-24,0.14,us_2y_yield
2020-08-25,0.15,us_2y_yield
2020-08-26,0.16,us_2y_yield
2020-08-27,0.16,us_2y_yield
2020-08-28,0.14,us_2y_yield
2020-08-31,0.14,us_2y_yield
2020-09-01,0.13,us_2y_yield
2020-09-02,0.14,us_2y_yield
2020-09-03,0.13,us_2y_yield
2020-09-04,0.14,us_2y_yield
2020-09-07,.,us_2y_yield
2020-09-08,0.14,us_2y_yield
2020-09-09,0.14,us_2y_yield
2020-09-10,0.14,us_2y_yield
2020-09-11,0.13,us_2y_yield
2020-09-14,0.14,us_2y_yield
2020-09-15,0.14,us_2y_yield
2020-09-16,0.14,us_2y_yield
2020-09-17,0.13,us_2y_yield
2020-09-18,0.14,us_2y_yield
2020-09-21,0.14,us_2y_yield
2020-09-22,0.13,us_2y_yield
2020-09-23,0.14,us_2y_yield
2020-09-24,0.14,us_2y_yield
2020-09-25,0.12,us_2y_yield
2020-09-28,0.14,us_2y_yield
2020-09-29,0.11,us_2y_yield
2020-09-30,0.13,us_2y_yield
2020-10-01,0.14,us_2y_yield
2020-10-02,0.13,us_2y_yield
2020-10-05,0.14,us_2y_yield
2020-10-06,0.14,us_2y_yield
2020-10-07,0.16,us_2y_yield
2020-10-08,0.13,us_2y_yield
2020-10-09,0.16,us_2y_yield
2020-10-12,.,us_2y_yield
2020-10-13,0.16,us_2y_yield
2020-10-14,0.14,us_2y_yield
2020-10-15,0.14,us_2y_yield
2020-10-16,0.14,us_2y_yield
2020-10-19,0.16,us_2y_yield
2020-10-20,0.14,us_2y_yield
2020-10-21,0.14,us_2y_yield
2020-10-22,0.16,us_2y_yield
2020-10-23,0.18,us_2y_yield
2020-10-26,0.16,us_2y_yield
2020-10-27,0.16,us_2y_yield
2020-10-28,0.16,us_2y_yield
2020-10-29,0.16,us_2y_yield
2020-10-30,0.14,us_2y_yield
2020-11-02,0.16,us_2y_yield
2020-11-03,0.17,us_2y_yield
2020-11-04,0.14,us_2y_yield
2020-11-05,0.14,us_2y_yield
2020-11-06,0.16,us_2y_yield
2020-11-09,0.17,us_2y_yield
2020-11-10,0.19,us_2y_yield
2020-11-11,.,us_2y_yield
2020-11-12,0.17,us_2y_yield
2020-11-13,0.17,us_2y_yield
2020-11-16,0.19,us_2y_yield
2020-11-17,0.18,us_2y_yield
2020-11-18,0.16,us_2y_yield
2020-11-19,0.18,us_2y_yield
2020-11-20,0.16,us_2y_yield
2020-11-23,0.16,us_2y_yield
2020-11-24,0.16,us_2y_yield
2020-11-25,0.17,us_2y_yield
2020-11-26,.,us_2y_yield
2020-11-27,0.16,us_2y_yield
2020-11-30,0.16,us_2y_yield
2020-12-01,0.17,us_2y_yield
2020-12-02,0.16,us_2y_yield
2020-12-03,0.16,us_2y_yield
2020-12-04,0.16,us_2y_yield
2020-12-07,0.14,us_2y_yield
2020-12-08,0.14,us_2y_yield
2020-12-09,0.16,us_2y_yield
2020-12-10,0.14,us_2y_yield
2020-12-11,0.11,us_2y_yield
2020-12-14,0.13,us_2y_yield
2020-12-15,0.11,us_2y_yield
2020-12-16,0.13,us_2y_yield
2020-12-17,0.13,us_2y_yield
2020-12-18,0.13,us_2y_yield
2020-12-21,0.13,us_2y_yield
2020-12-22,0.13,us_2y_yield
2020-12-23,0.13,us_2y_yield
2020-12-24,0.13,us_2y_yield
2020-12-25,.,us_2y_yield
2020-12-28,0.13,us_2y_yield
2020-12-29,0.12,us_2y_yield
2020-12-30,0.12,us_2y_yield
2020-12-31,0.13,us_2y_yield
2021-01-01,.,us_2y_yield
2021-01-04,0.11,us_2y_yield
2021-01-05,0.13,us_2y_yield
2021-01-06,0.14,us_2y_yield
2021-01-07,0.14,us_2y_yield
2021-01-08,0.14,us_2y_yield
2021-01-11,0.14,us_2y_yield
2021-01-12,0.14,us_2y_yield
2021-01-13,0.14,us_2y_yield
2021-01-14,0.16,us_2y_yield
2021-01-15,0.13,us_2y_yield
2021-01-18,.,us_2y_yield
2021-01-19,0.14,us_2y_yield
2021-01-20,0.13,us_2y_yield
2021-01-21,0.13,us_2y_yield
2021-01-22,0.13,us_2y_yield
2021-01-25,0.13,us_2y_yield
2021-01-26,0.11,us_2y_yield
2021-01-27,0.12,us_2y_yield
2021-01-28,0.12,us_2y_yield
2021-01-29,0.11,us_2y_yield
2021-02-01,0.11,us_2y_yield
2021-02-02,0.11,us_2y_yield
2021-02-03,0.11,us_2y_yield
2021-02-04,0.11,us_2y_yield
2021-02-05,0.09,us_2y_yield
2021-02-08,0.11,us_2y_yield
2021-02-09,0.11,us_2y_yield
2021-02-10,0.11,us_2y_yield
2021-02-11,0.11,us_2y_yield
2021-02-12,0.11,us_2y_yield
2021-02-15,.,us_2y_yield
2021-02-16,0.13,us_2y_yield
2021-02-17,0.11,us_2y_yield
2021-02-18,0.11,us_2y_yield
2021-02-19,0.11,us_2y_yield
2021-02-22,0.11,us_2y_yield
2021-02-23,0.11,us_2y_yield
2021-02-24,0.12,us_2y_yield
2021-02-25,0.17,us_2y_yield
2021-02-26,0.14,us_2y_yield
2021-03-01,0.13,us_2y_yield
2021-03-02,0.13,us_2y_yield
2021-03-03,0.14,us_2y_yield
2021-03-04,0.14,us_2y_yield
2021-03-05,0.14,us_2y_yield
2021-03-08,0.17,us_2y_yield
2021-03-09,0.17,us_2y_yield
2021-03-10,0.16,us_2y_yield
2021-03-11,0.14,us_2y_yield
2021-03-12,0.14,us_2y_yield
2021-03-15,0.14,us_2y_yield
2021-03-16,0.15,us_2y_yield
2021-03-17,0.13,us_2y_yield
2021-03-18,0.16,us_2y_yield
2021-03-19,0.16,us_2y_yield
2021-03-22,0.15,us_2y_yield
2021-03-23,0.15,us_2y_yield
2021-03-24,0.14,us_2y_yield
2021-03-25,0.14,us_2y_yield
2021-03-26,0.14,us_2y_yield
2021-03-29,0.14,us_2y_yield
2021-03-30,0.16,us_2y_yield
2021-03-31,0.16,us_2y_yield
2021-04-01,0.17,us_2y_yield
2021-04-02,0.19,us_2y_yield
2021-04-05,0.17,us_2y_yield
2021-04-06,0.16,us_2y_yield
2021-04-07,0.16,us_2y_yield
2021-04-08,0.14,us_2y_yield
2021-04-09,0.16,us_2y_yield
2021-04-12,0.18,us_2y_yield
2021-04-13,0.16,us_2y_yield
2021-04-14,0.16,us_2y_yield
2021-04-15,0.16,us_2y_yield
2021-04-16,0.16,us_2y_yield
2021-04-19,0.16,us_2y_yield
2021-04-20,0.15,us_2y_yield
2021-04-21,0.15,us_2y_yield
2021-04-22,0.16,us_2y_yield
2021-04-23,0.16,us_2y_yield
2021-04-26,0.18,us_2y_yield
2021-04-27,0.17,us_2y_yield
2021-04-28,0.17,us_2y_yield
2021-04-29,0.16,us_2y_yield
2021-04-30,0.16,us_2y_yield
2021-05-03,0.16,us_2y_yield
2021-05-04,0.16,us_2y_yield
2021-05-05,0.16,us_2y_yield
2021-05-06,0.16,us_2y_yield
2021-05-07,0.14,us_2y_yield
2021-05-10,0.16,us_2y_yield
2021-05-11,0.16,us_2y_yield
2021-05-12,0.16,us_2y_yield
2021-05-13,0.16,us_2y_yield
2021-05-14,0.16,us_2y_yield
2021-05-17,0.16,us_2y_yield
2021-05-18,0.16,us_2y_yield
2021-05-19,0.16,us_2y_yield
2021-05-20,0.15,us_2y_yield
2021-05-21,0.17,us_2y_yield
2021-05-24,0.15,us_2y_yield
2021-05-25,0.15,us_2y_yield
2021-05-26,0.14,us_2y_yield
2021-05-27,0.14,us_2y_yield
2021-05-28,0.14,us_2y_yield
2021-05-31,.,us_2y_yield
2021-06-01,0.16,us_2y_yield
2021-06-02,0.13,us_2y_yield
2021-06-03,0.16,us_2y_yield
2021-06-04,0.14,us_2y_yield
2021-06-07,0.16,us_2y_yield
2021-06-08,0.14,us_2y_yield
2021-06-09,0.16,us_2y_yield
2021-06-10,0.14,us_2y_yield
2021-06-11,0.16,us_2y_yield
2021-06-14,0.16,us_2y_yield
2021-06-15,0.16,us_2y_yield
2021-06-16,0.21,us_2y_yield
2021-06-17,0.23,us_2y_yield
2021-06-18,0.26,us_2y_yield
2021-06-21,0.27,us_2y_yield
2021-06-22,0.25,us_2y_yield
2021-06-23,0.26,us_2y_yield
2021-06-24,0.26,us_2y_yield
2021-06-25,0.28,us_2y_yield
2021-06-28,0.25,us_2y_yield
2021-06-29,0.27,us_2y_yield
2021-06-30,0.25,us_2y_yield
2021-07-01,0.25,us_2y_yield
2021-07-02,0.24,us_2y_yield
2021-07-05,.,us_2y_yield
2021-07-06,0.22,us_2y_yield
2021-07-07,0.22,us_2y_yield
2021-07-08,0.19,us_2y_yield
2021-07-09,0.23,us_2y_yield
2021-07-12,0.23,us_2y_yield
2021-07-13,0.26,us_2y_yield
2021-07-14,0.23,us_2y_yield
2021-07-15,0.23,us_2y_yield
2021-07-16,0.25,us_2y_yield
2021-07-19,0.21,us_2y_yield
2021-07-20,0.20,us_2y_yield
2021-07-21,0.22,us_2y_yield
2021-07-22,0.20,us_2y_yield
2021-07-23,0.22,us_2y_yield
2021-07-26,0.22,us_2y_yield
2021-07-27,0.20,us_2y_yield
2021-07-28,0.20,us_2y_yield
2021-07-29,0.20,us_2y_yield
2021-07-30,0.19,us_2y_yield
2021-08-02,0.17,us_2y_yield
2021-08-03,0.17,us_2y_yield
2021-08-04,0.17,us_2y_yield
2021-08-05,0.21,us_2y_yield
2021-08-06,0.21,us_2y_yield
2021-08-09,0.23,us_2y_yield
2021-08-10,0.24,us_2y_yield
2021-08-11,0.23,us_2y_yield
2021-08-12,0.23,us_2y_yield
2021-08-13,0.23,us_2y_yield
2021-08-16,0.21,us_2y_yield
2021-08-17,0.23,us_2y_yield
2021-08-18,0.23,us_2y_yield
2021-08-19,0.22,us_2y_yield
2021-08-20,0.23,us_2y_yield
2021-08-23,0.23,us_2y_yield
2021-08-24,0.24,us_2y_yield
2021-08-25,0.23,us_2y_yield
2021-08-26,0.25,us_2y_yield
2021-08-27,0.22,us_2y_yield
2021-08-30,0.20,us_2y_yield
2021-08-31,0.20,us_2y_yield
2021-09-01,0.20,us_2y_yield
2021-09-02,0.20,us_2y_yield
2021-09-03,0.21,us_2y_yield
2021-09-06,.,us_2y_yield
2021-09-07,0.22,us_2y_yield
2021-09-08,0.22,us_2y_yield
2021-09-09,0.23,us_2y_yield
2021-09-10,0.23,us_2y_yield
2021-09-13,0.21,us_2y_yield
2021-09-14,0.21,us_2y_yield
2021-09-15,0.21,us_2y_yield
2021-09-16,0.23,us_2y_yield
2021-09-17,0.23,us_2y_yield
2021-09-20,0.23,us_2y_yield
2021-09-21,0.22,us_2y_yield
2021-09-22,0.25,us_2y_yield
2021-09-23,0.27,us_2y_yield
2021-09-24,0.29,us_2y_yield
2021-09-27,0.31,us_2y_yield
2021-09-28,0.31,us_2y_yield
2021-09-29,0.30,us_2y_yield
2021-09-30,0.28,us_2y_yield
2021-10-01,0.27,us_2y_yield
2021-10-04,0.27,us_2y_yield
2021-10-05,0.28,us_2y_yield
2021-10-06,0.30,us_2y_yield
2021-10-07,0.32,us_2y_yield
2021-10-08,0.32,us_2y_yield
2021-10-11,.,us_2y_yield
2021-10-12,0.35,us_2y_yield
2021-10-13,0.37,us_2y_yield
2021-10-14,0.36,us_2y_yield
2021-10-15,0.41,us_2y_yield
2021-10-18,0.44,us_2y_yield
2021-10-19,0.41,us_2y_yield
2021-10-20,0.40,us_2y_yield
2021-10-21,0.45,us_2y_yield
2021-10-22,0.48,us_2y_yield
2021-10-25,0.47,us_2y_yield
2021-10-26,0.47,us_2y_yield
2021-10-27,0.50,us_2y_yield
2021-10-28,0.50,us_2y_yield
2021-10-29,0.48,us_2y_yield
2021-11-01,0.50,us_2y_yield
2021-11-02,0.46,us_2y_yield
2021-11-03,0.47,us_2y_yield
2021-11-04,0.41,us_2y_yield
2021-11-05,0.39,us_2y_yield
2021-11-08,0.45,us_2y_yield
2021-11-09,0.41,us_2y_yield
2021-11-10,0.51,us_2y_yield
2021-11-11,.,us_2y_yield
2021-11-12,0.53,us_2y_yield
2021-11-15,0.53,us_2y_yield
2021-11-16,0.54,us_2y_yield
2021-11-17,0.52,us_2y_yield
2021-11-18,0.52,us_2y_yield
2021-11-19,0.52,us_2y_yield
2021-11-22,0.63,us_2y_yield
2021-11-23,0.60,us_2y_yield
2021-11-24,0.64,us_2y_yield
2021-11-25,.,us_2y_yield
2021-11-26,0.50,us_2y_yield
2021-11-29,0.51,us_2y_yield
2021-11-30,0.52,us_2y_yield
2021-12-01,0.56,us_2y_yield
2021-12-02,0.63,us_2y_yield
2021-12-03,0.60,us_2y_yield
2021-12-06,0.65,us_2y_yield
2021-12-07,0.70,us_2y_yield
2021-12-08,0.68,us_2y_yield
2021-12-09,0.70,us_2y_yield
2021-12-10,0.67,us_2y_yield
2021-12-13,0.66,us_2y_yield
2021-12-14,0.67,us_2y_yield
2021-12-15,0.69,us_2y_yield
2021-12-16,0.64,us_2y_yield
2021-12-17,0.66,us_2y_yield
2021-12-20,0.65,us_2y_yield
2021-12-21,0.70,us_2y_yield
2021-12-22,0.68,us_2y_yield
2021-12-23,0.71,us_2y_yield
2021-12-24,.,us_2y_yield
2021-12-27,0.76,us_2y_yield
2021-12-28,0.74,us_2y_yield
2021-12-29,0.75,us_2y_yield
2021-12-30,0.73,us_2y_yield
2021-12-31,0.73,us_2y_yield
2022-01-03,0.78,us_2y_yield
2022-01-04,0.77,us_2y_yield
2022-01-05,0.83,us_2y_yield
2022-01-06,0.88,us_2y_yield
2022-01-07,0.87,us_2y_yield
2022-01-10,0.92,us_2y_yield
2022-01-11,0.90,us_2y_yield
2022-01-12,0.92,us_2y_yield
2022-01-13,0.91,us_2y_yield
2022-01-14,0.99,us_2y_yield
2022-01-17,.,us_2y_yield
2022-01-18,1.06,us_2y_yield
2022-01-19,1.04,us_2y_yield
2022-01-20,1.08,us_2y_yield
2022-01-21,1.01,us_2y_yield
2022-01-24,0.99,us_2y_yield
2022-01-25,1.02,us_2y_yield
2022-01-26,1.13,us_2y_yield
2022-01-27,1.18,us_2y_yield
2022-01-28,1.15,us_2y_yield
2022-01-31,1.18,us_2y_yield
2022-02-01,1.18,us_2y_yield
2022-02-02,1.16,us_2y_yield
2022-02-03,1.19,us_2y_yield
2022-02-04,1.31,us_2y_yield
2022-02-07,1.30,us_2y_yield
2022-02-08,1.35,us_2y_yield
2022-02-09,1.36,us_2y_yield
2022-02-10,1.61,us_2y_yield
2022-02-11,1.50,us_2y_yield
2022-02-14,1.58,us_2y_yield
2022-02-15,1.58,us_2y_yield
2022-02-16,1.52,us_2y_yield
2022-02-17,1.49,us_2y_yield
2022-02-18,1.47,us_2y_yield
2022-02-21,.,us_2y_yield
2022-02-22,1.56,us_2y_yield
2022-02-23,1.58,us_2y_yield
2022-02-24,1.54,us_2y_yield
2022-02-25,1.55,us_2y_yield
2022-02-28,1.44,us_2y_yield
2022-03-01,1.31,us_2y_yield
2022-03-02,1.50,us_2y_yield
2022-03-03,1.53,us_2y_yield
2022-03-04,1.50,us_2y_yield
2022-03-07,1.55,us_2y_yield
2022-03-08,1.63,us_2y_yield
2022-03-09,1.68,us_2y_yield
2022-03-10,1.72,us_2y_yield
2022-03-11,1.75,us_2y_yield
2022-03-14,1.87,us_2y_yield
2022-03-15,1.85,us_2y_yield
2022-03-16,1.95,us_2y_yield
2022-03-17,1.94,us_2y_yield
2022-03-18,1.97,us_2y_yield
2022-03-21,2.14,us_2y_yield
2022-03-22,2.18,us_2y_yield
2022-03-23,2.13,us_2y_yield
2022-03-24,2.13,us_2y_yield
2022-03-25,2.30,us_2y_yield
2022-03-28,2.35,us_2y_yield
2022-03-29,2.35,us_2y_yield
2022-03-30,2.31,us_2y_yield
2022-03-31,2.28,us_2y_yield
2022-04-01,2.44,us_2y_yield
2022-04-04,2.43,us_2y_yield
2022-04-05,2.51,us_2y_yield
2022-04-06,2.50,us_2y_yield
2022-04-07,2.47,us_2y_yield
2022-04-08,2.53,us_2y_yield
2022-04-11,2.50,us_2y_yield
2022-04-12,2.39,us_2y_yield
2022-04-13,2.37,us_2y_yield
2022-04-14,2.47,us_2y_yield
2022-04-15,.,us_2y_yield
2022-04-18,2.46,us_2y_yield
2022-04-19,2.61,us_2y_yield
2022-04-20,2.60,us_2y_yield
2022-04-21,2.68,us_2y_yield
2022-04-22,2.72,us_2y_yield
2022-04-25,2.63,us_2y_yield
2022-04-26,2.54,us_2y_yield
2022-04-27,2.58,us_2y_yield
2022-04-28,2.63,us_2y_yield
2022-04-29,2.70,us_2y_yield
2022-05-02,2.73,us_2y_yield
2022-05-03,2.78,us_2y_yield
2022-05-04,2.66,us_2y_yield
2022-05-05,2.71,us_2y_yield
2022-05-06,2.72,us_2y_yield
2022-05-09,2.61,us_2y_yield
2022-05-10,2.62,us_2y_yield
2022-05-11,2.66,us_2y_yield
2022-05-12,2.56,us_2y_yield
2022-05-13,2.61,us_2y_yield
2022-05-16,2.58,us_2y_yield
2022-05-17,2.71,us_2y_yield
2022-05-18,2.68,us_2y_yield
2022-05-19,2.63,us_2y_yield
2022-05-20,2.60,us_2y_yield
2022-05-23,2.65,us_2y_yield
2022-05-24,2.50,us_2y_yield
2022-05-25,2.48,us_2y_yield
2022-05-26,2.46,us_2y_yield
2022-05-27,2.47,us_2y_yield
2022-05-30,.,us_2y_yield
2022-05-31,2.53,us_2y_yield
2022-06-01,2.66,us_2y_yield
2022-06-02,2.65,us_2y_yield
2022-06-03,2.66,us_2y_yield
2022-06-06,2.73,us_2y_yield
2022-06-07,2.75,us_2y_yield
2022-06-08,2.78,us_2y_yield
2022-06-09,2.83,us_2y_yield
2022-06-10,3.06,us_2y_yield
2022-06-13,3.40,us_2y_yield
2022-06-14,3.45,us_2y_yield
2022-06-15,3.20,us_2y_yield
2022-06-16,3.14,us_2y_yield
2022-06-17,3.17,us_2y_yield
2022-06-20,.,us_2y_yield
2022-06-21,3.21,us_2y_yield
2022-06-22,3.06,us_2y_yield
2022-06-23,3.01,us_2y_yield
2022-06-24,3.04,us_2y_yield
2022-06-27,3.08,us_2y_yield
2022-06-28,3.10,us_2y_yield
2022-06-29,3.06,us_2y_yield
2022-06-30,2.92,us_2y_yield
2022-07-01,2.84,us_2y_yield
2022-07-04,.,us_2y_yield
2022-07-05,2.82,us_2y_yield
2022-07-06,2.97,us_2y_yield
2022-07-07,3.03,us_2y_yield
2022-07-08,3.12,us_2y_yield
2022-07-11,3.07,us_2y_yield
2022-07-12,3.03,us_2y_yield
2022-07-13,3.13,us_2y_yield
2022-07-14,3.15,us_2y_yield
2022-07-15,3.13,us_2y_yield
2022-07-18,3.15,us_2y_yield
2022-07-19,3.23,us_2y_yield
2022-07-20,3.25,us_2y_yield
2022-07-21,3.10,us_2y_yield
2022-07-22,2.98,us_2y_yield
2022-07-25,3.00,us_2y_yield
2022-07-26,3.02,us_2y_yield
2022-07-27,2.96,us_2y_yield
2022-07-28,2.85,us_2y_yield
2022-07-29,2.89,us_2y_yield
2022-08-01,2.90,us_2y_yield
2022-08-02,3.06,us_2y_yield
2022-08-03,3.10,us_2y_yield
2022-08-04,3.03,us_2y_yield
2022-08-05,3.24,us_2y_yield
2022-08-08,3.21,us_2y_yield
2022-08-09,3.28,us_2y_yield
2022-08-10,3.23,us_2y_yield
2022-08-11,3.23,us_2y_yield
2022-08-12,3.25,us_2y_yield
2022-08-15,3.20,us_2y_yield
2022-08-16,3.25,us_2y_yield
2022-08-17,3.28,us_2y_yield
2022-08-18,3.22,us_2y_yield
2022-08-19,3.25,us_2y_yield
2022-08-22,3.32,us_2y_yield
2022-08-23,3.29,us_2y_yield
2022-08-24,3.36,us_2y_yield
2022-08-25,3.35,us_2y_yield
2022-08-26,3.37,us_2y_yield
2022-08-29,3.42,us_2y_yield
2022-08-30,3.46,us_2y_yield
2022-08-31,3.45,us_2y_yield
2022-09-01,3.51,us_2y_yield
2022-09-02,3.40,us_2y_yield
2022-09-05,.,us_2y_yield
2022-09-06,3.50,us_2y_yield
2022-09-07,3.45,us_2y_yield
2022-09-08,3.48,us_2y_yield
2022-09-09,3.56,us_2y_yield
2022-09-12,3.58,us_2y_yield
2022-09-13,3.75,us_2y_yield
2022-09-14,3.78,us_2y_yield
2022-09-15,3.87,us_2y_yield
2022-09-16,3.85,us_2y_yield
2022-09-19,3.95,us_2y_yield
2022-09-20,3.96,us_2y_yield
2022-09-21,4.02,us_2y_yield
2022-09-22,4.11,us_2y_yield
2022-09-23,4.20,us_2y_yield
2022-09-26,4.27,us_2y_yield
2022-09-27,4.30,us_2y_yield
2022-09-28,4.07,us_2y_yield
2022-09-29,4.16,us_2y_yield
2022-09-30,4.22,us_2y_yield
2022-10-03,4.12,us_2y_yield
2022-10-04,4.10,us_2y_yield
2022-10-05,4.15,us_2y_yield
2022-10-06,4.23,us_2y_yield
2022-10-07,4.30,us_2y_yield
2022-10-10,.,us_2y_yield
2022-10-11,4.30,us_2y_yield
2022-10-12,4.28,us_2y_yield
2022-10-13,4.47,us_2y_yield
2022-10-14,4.48,us_2y_yield
2022-10-17,4.45,us_2y_yield
2022-10-18,4.43,us_2y_yield
2022-10-19,4.55,us_2y_yield
2022-10-20,4.62,us_2y_yield
2022-10-21,4.49,us_2y_yield
2022-10-24,4.50,us_2y_yield
2022-10-25,4.42,us_2y_yield
2022-10-26,4.39,us_2y_yield
2022-10-27,4.30,us_2y_yield
2022-10-28,4.41,us_2y_yield
2022-10-31,4.51,us_2y_yield
2022-11-01,4.54,us_2y_yield
2022-11-02,4.61,us_2y_yield
2022-11-03,4.71,us_2y_yield
2022-11-04,4.66,us_2y_yield
2022-11-07,4.72,us_2y_yield
2022-11-08,4.67,us_2y_yield
2022-11-09,4.61,us_2y_yield
2022-11-10,4.34,us_2y_yield
2022-11-11,.,us_2y_yield
2022-11-14,4.40,us_2y_yield
2022-11-15,4.37,us_2y_yield
2022-11-16,4.35,us_2y_yield
2022-11-17,4.43,us_2y_yield
2022-11-18,4.51,us_2y_yield
2022-11-21,4.48,us_2y_yield
2022-11-22,4.47,us_2y_yield
2022-11-23,4.46,us_2y_yield
2022-11-24,.,us_2y_yield
2022-11-25,4.42,us_2y_yield
2022-11-28,4.46,us_2y_yield
2022-11-29,4.48,us_2y_yield
2022-11-30,4.38,us_2y_yield
2022-12-01,4.25,us_2y_yield
2022-12-02,4.28,us_2y_yield
2022-12-05,4.41,us_2y_yield
2022-12-06,4.34,us_2y_yield
2022-12-07,4.26,us_2y_yield
2022-12-08,4.31,us_2y_yield
2022-12-09,4.33,us_2y_yield
2022-12-12,4.39,us_2y_yield
2022-12-13,4.22,us_2y_yield
2022-12-14,4.23,us_2y_yield
2022-12-15,4.23,us_2y_yield
2022-12-16,4.17,us_2y_yield
2022-12-19,4.25,us_2y_yield
2022-12-20,4.25,us_2y_yield
2022-12-21,4.21,us_2y_yield
2022-12-22,4.24,us_2y_yield
2022-12-23,4.31,us_2y_yield
2022-12-26,.,us_2y_yield
2022-12-27,4.32,us_2y_yield
2022-12-28,4.31,us_2y_yield
2022-12-29,4.34,us_2y_yield
2022-12-30,4.41,us_2y_yield
2023-01-02,.,us_2y_yield
2023-01-03,4.40,us_2y_yield
2023-01-04,4.36,us_2y_yield
2023-01-05,4.45,us_2y_yield
2023-01-06,4.24,us_2y_yield
2023-01-09,4.19,us_2y_yield
2023-01-10,4.24,us_2y_yield
2023-01-11,4.20,us_2y_yield
2023-01-12,4.12,us_2y_yield
2023-01-13,4.22,us_2y_yield
2023-01-16,.,us_2y_yield
2023-01-17,4.18,us_2y_yield
2023-01-18,4.06,us_2y_yield
2023-01-19,4.09,us_2y_yield
2023-01-20,4.14,us_2y_yield
2023-01-23,4.21,us_2y_yield
2023-01-24,4.12,us_2y_yield
2023-01-25,4.11,us_2y_yield
2023-01-26,4.17,us_2y_yield
2023-01-27,4.19,us_2y_yield
2023-01-30,4.25,us_2y_yield
2023-01-31,4.21,us_2y_yield
2023-02-01,4.09,us_2y_yield
2023-02-02,4.09,us_2y_yield
2023-02-03,4.30,us_2y_yield
2023-02-06,4.44,us_2y_yield
2023-02-07,4.47,us_2y_yield
2023-02-08,4.45,us_2y_yield
2023-02-09,4.48,us_2y_yield
2023-02-10,4.50,us_2y_yield
2023-02-13,4.52,us_2y_yield
2023-02-14,4.60,us_2y_yield
2023-02-15,4.62,us_2y_yield
2023-02-16,4.62,us_2y_yield
2023-02-17,4.60,us_2y_yield
2023-02-20,.,us_2y_yield
2023-02-21,4.67,us_2y_yield
2023-02-22,4.66,us_2y_yield
2023-02-23,4.66,us_2y_yield
2023-02-24,4.78,us_2y_yield
2023-02-27,4.78,us_2y_yield
2023-02-28,4.81,us_2y_yield
2023-03-01,4.89,us_2y_yield
2023-03-02,4.89,us_2y_yield
2023-03-03,4.86,us_2y_yield
2023-03-06,4.89,us_2y_yield
2023-03-07,5.00,us_2y_yield
2023-03-08,5.05,us_2y_yield
2023-03-09,4.90,us_2y_yield
2023-03-10,4.60,us_2y_yield
2023-03-13,4.03,us_2y_yield
2023-03-14,4.20,us_2y_yield
2023-03-15,3.93,us_2y_yield
2023-03-16,4.14,us_2y_yield
2023-03-17,3.81,us_2y_yield
2023-03-20,3.92,us_2y_yield
2023-03-21,4.17,us_2y_yield
2023-03-22,3.96,us_2y_yield
2023-03-23,3.76,us_2y_yield
2023-03-24,3.76,us_2y_yield
2023-03-27,3.94,us_2y_yield
2023-03-28,4.02,us_2y_yield
2023-03-29,4.08,us_2y_yield
2023-03-30,4.10,us_2y_yield
2023-03-31,4.06,us_2y_yield
2023-04-03,3.97,us_2y_yield
2023-04-04,3.84,us_2y_yield
2023-04-05,3.79,us_2y_yield
2023-04-06,3.82,us_2y_yield
2023-04-07,3.97,us_2y_yield
2023-04-10,4.00,us_2y_yield
2023-04-11,4.03,us_2y_yield
2023-04-12,3.95,us_2y_yield
2023-04-13,3.96,us_2y_yield
2023-04-14,4.08,us_2y_yield
2023-04-17,4.18,us_2y_yield
2023-04-18,4.19,us_2y_yield
2023-04-19,4.24,us_2y_yield
2023-04-20,4.14,us_2y_yield
2023-04-21,4.17,us_2y_yield
2023-04-24,4.12,us_2y_yield
2023-04-25,3.86,us_2y_yield
2023-04-26,3.90,us_2y_yield
2023-04-27,4.07,us_2y_yield
2023-04-28,4.04,us_2y_yield
2023-05-01,4.14,us_2y_yield
2023-05-02,3.97,us_2y_yield
2023-05-03,3.89,us_2y_yield
2023-05-04,3.75,us_2y_yield
2023-05-05,3.92,us_2y_yield
2023-05-08,4.00,us_2y_yield
2023-05-09,4.01,us_2y_yield
2023-05-10,3.90,us_2y_yield
2023-05-11,3.89,us_2y_yield
2023-05-12,3.98,us_2y_yield
2023-05-15,3.99,us_2y_yield
2023-05-16,4.06,us_2y_yield
2023-05-17,4.12,us_2y_yield
2023-05-18,4.24,us_2y_yield
2023-05-19,4.28,us_2y_yield
2023-05-22,4.29,us_2y_yield
2023-05-23,4.26,us_2y_yield
2023-05-24,4.31,us_2y_yield
2023-05-25,4.50,us_2y_yield
2023-05-26,4.54,us_2y_yield
2023-05-29,.,us_2y_yield
2023-05-30,4.46,us_2y_yield
2023-05-31,4.40,us_2y_yield
2023-06-01,4.33,us_2y_yield
2023-06-02,4.50,us_2y_yield
2023-06-05,4.46,us_2y_yield
2023-06-06,4.51,us_2y_yield
2023-06-07,4.56,us_2y_yield
2023-06-08,4.52,us_2y_yield
2023-06-09,4.59,us_2y_yield
2023-06-12,4.55,us_2y_yield
2023-06-13,4.67,us_2y_yield
2023-06-14,4.74,us_2y_yield
2023-06-15,4.62,us_2y_yield
2023-06-16,4.70,us_2y_yield
2023-06-19,.,us_2y_yield
2023-06-20,4.68,us_2y_yield
2023-06-21,4.68,us_2y_yield
2023-06-22,4.77,us_2y_yield
2023-06-23,4.71,us_2y_yield
2023-06-26,4.65,us_2y_yield
2023-06-27,4.74,us_2y_yield
2023-06-28,4.71,us_2y_yield
2023-06-29,4.87,us_2y_yield
2023-06-30,4.87,us_2y_yield
2023-07-03,4.94,us_2y_yield
2023-07-04,.,us_2y_yield
2023-07-05,4.94,us_2y_yield
2023-07-06,4.99,us_2y_yield
2023-07-07,4.94,us_2y_yield
2023-07-10,4.85,us_2y_yield
2023-07-11,4.88,us_2y_yield
2023-07-12,4.72,us_2y_yield
2023-07-13,4.59,us_2y_yield
2023-07-14,4.74,us_2y_yield
2023-07-17,4.74,us_2y_yield
2023-07-18,4.74,us_2y_yield
2023-07-19,4.74,us_2y_yield
2023-07-20,4.80,us_2y_yield
2023-07-21,4.82,us_2y_yield
2023-07-24,4.81,us_2y_yield
2023-07-25,4.85,us_2y_yield
2023-07-26,4.82,us_2y_yield
2023-07-27,4.91,us_2y_yield
2023-07-28,4.87,us_2y_yield
2023-07-31,4.88,us_2y_yield
2023-08-01,4.92,us_2y_yield
2023-08-02,4.88,us_2y_yield
2023-08-03,4.90,us_2y_yield
2023-08-04,4.78,us_2y_yield
2023-08-07,4.76,us_2y_yield
2023-08-08,4.74,us_2y_yield
2023-08-09,4.79,us_2y_yield
2023-08-10,4.82,us_2y_yield
2023-08-11,4.89,us_2y_yield
2023-08-14,4.96,us_2y_yield
2023-08-15,4.92,us_2y_yield
2023-08-16,4.97,us_2y_yield
2023-08-17,4.94,us_2y_yield
2023-08-18,4.92,us_2y_yield
2023-08-21,4.97,us_2y_yield
2023-08-22,5.02,us_2y_yield
2023-08-23,4.95,us_2y_yield
2023-08-24,4.98,us_2y_yield
2023-08-25,5.03,us_2y_yield
2023-08-28,4.98,us_2y_yield
2023-08-29,4.87,us_2y_yield
2023-08-30,4.90,us_2y_yield
2023-08-31,4.85,us_2y_yield
2023-09-01,4.87,us_2y_yield
2023-09-04,.,us_2y_yield
2023-09-05,4.94,us_2y_yield
2023-09-06,5.01,us_2y_yield
2023-09-07,4.94,us_2y_yield
2023-09-08,4.98,us_2y_yield
2023-09-11,4.97,us_2y_yield
2023-09-12,4.98,us_2y_yield
2023-09-13,4.96,us_2y_yield
2023-09-14,5.00,us_2y_yield
2023-09-15,5.02,us_2y_yield
2023-09-18,5.05,us_2y_yield
2023-09-19,5.08,us_2y_yield
2023-09-20,5.12,us_2y_yield
2023-09-21,5.12,us_2y_yield
2023-09-22,5.10,us_2y_yield
2023-09-25,5.09,us_2y_yield
2023-09-26,5.04,us_2y_yield
2023-09-27,5.10,us_2y_yield
2023-09-28,5.04,us_2y_yield
2023-09-29,5.03,us_2y_yield
2023-10-02,5.12,us_2y_yield
2023-10-03,5.15,us_2y_yield
2023-10-04,5.05,us_2y_yield
2023-10-05,5.03,us_2y_yield
2023-10-06,5.08,us_2y_yield
2023-10-09,.,us_2y_yield
2023-10-10,4.96,us_2y_yield
2023-10-11,4.99,us_2y_yield
2023-10-12,5.06,us_2y_yield
2023-10-13,5.04,us_2y_yield
2023-10-16,5.09,us_2y_yield
2023-10-17,5.19,us_2y_yield
2023-10-18,5.19,us_2y_yield
2023-10-19,5.14,us_2y_yield
2023-10-20,5.07,us_2y_yield
2023-10-23,5.05,us_2y_yield
2023-10-24,5.02,us_2y_yield
2023-10-25,5.08,us_2y_yield
2023-10-26,5.02,us_2y_yield
2023-10-27,4.99,us_2y_yield
2023-10-30,5.03,us_2y_yield
2023-10-31,5.07,us_2y_yield
2023-11-01,4.95,us_2y_yield
2023-11-02,4.98,us_2y_yield
2023-11-03,4.83,us_2y_yield
2023-11-06,4.93,us_2y_yield
2023-11-07,4.91,us_2y_yield
2023-11-08,4.93,us_2y_yield
2023-11-09,5.03,us_2y_yield
2023-11-10,5.04,us_2y_yield
2023-11-13,5.02,us_2y_yield
2023-11-14,4.80,us_2y_yield
2023-11-15,4.90,us_2y_yield
2023-11-16,4.83,us_2y_yield
2023-11-17,4.88,us_2y_yield
2023-11-20,4.89,us_2y_yield
2023-11-21,4.86,us_2y_yield
2023-11-22,4.89,us_2y_yield
2023-11-23,.,us_2y_yield
2023-11-24,4.92,us_2y_yield
2023-11-27,4.84,us_2y_yield
2023-11-28,4.73,us_2y_yield
2023-11-29,4.64,us_2y_yield
2023-11-30,4.73,us_2y_yield
2023-12-01,4.56,us_2y_yield
2023-12-04,4.64,us_2y_yield
2023-12-05,4.57,us_2y_yield
2023-12-06,4.60,us_2y_yield
2023-12-07,4.58,us_2y_yield
2023-12-08,4.71,us_2y_yield
2023-12-11,4.71,us_2y_yield
2023-12-12,4.73,us_2y_yield
2023-12-13,4.46,us_2y_yield
2023-12-14,4.37,us_2y_yield
2023-12-15,4.44,us_2y_yield
2023-12-18,4.43,us_2y_yield
2023-12-19,4.41,us_2y_yield
2023-12-20,4.34,us_2y_yield
2023-12-21,4.33,us_2y_yield
2023-12-22,4.31,us_2y_yield
2023-12-25,.,us_2y_yield
2023-12-26,4.26,us_2y_yield
2023-12-27,4.20,us_2y_yield
2023-12-28,4.26,us_2y_yield
2023-12-29,4.23,us_2y_yield
2024-01-01,.,us_2y_yield
2024-01-02,4.33,us_2y_yield
2024-01-03,4.33,us_2y_yield
2024-01-04,4.38,us_2y_yield
2024-01-05,4.40,us_2y_yield
2024-01-08,4.36,us_2y_yield
2024-01-09,4.36,us_2y_yield
2024-01-10,4.37,us_2y_yield
2024-01-11,4.26,us_2y_yield
2024-01-12,4.14,us_2y_yield
2024-01-15,.,us_2y_yield
2024-01-16,4.22,us_2y_yield
2024-01-17,4.34,us_2y_yield
2024-01-18,4.34,us_2y_yield
2024-01-19,4.39,us_2y_yield
2024-01-22,4.37,us_2y_yield
2024-01-23,4.31,us_2y_yield
2024-01-24,4.34,us_2y_yield
2024-01-25,4.28,us_2y_yield
2024-01-26,4.34,us_2y_yield
2024-01-29,4.29,us_2y_yield
2024-01-30,4.36,us_2y_yield
2024-01-31,4.27,us_2y_yield
2024-02-01,4.20,us_2y_yield
2024-02-02,4.36,us_2y_yield
2024-02-05,4.46,us_2y_yield
2024-02-06,4.39,us_2y_yield
2024-02-07,4.41,us_2y_yield
2024-02-08,4.46,us_2y_yield
2024-02-09,4.48,us_2y_yield
2024-02-12,4.46,us_2y_yield
2024-02-13,4.64,us_2y_yield
2024-02-14,4.56,us_2y_yield
2024-02-15,4.56,us_2y_yield
2024-02-16,4.64,us_2y_yield
2024-02-19,.,us_2y_yield
2024-02-20,4.59,us_2y_yield
2024-02-21,4.64,us_2y_yield
2024-02-22,4.69,us_2y_yield
2024-02-23,4.67,us_2y_yield
2024-02-26,4.69,us_2y_yield
2024-02-27,4.7,us_2y_yield
2024-02-28,4.64,us_2y_yield
2024-02-29,4.64,us_2y_yield
2024-03-01,4.54,us_2y_yield
2024-03-04,4.61,us_2y_yield
2024-03-05,4.54,us_2y_yield
2024-03-06,4.55,us_2y_yield
2024-03-07,4.5,us_2y_yield
2024-03-08,4.48,us_2y_yield
2024-03-11,4.51,us_2y_yield
2024-03-12,4.58,us_2y_yield
2024-03-13,4.61,us_2y_yield
2024-03-14,4.68,us_2y_yield
2024-03-15,4.72,us_2y_yield
2024-03-18,4.73,us_2y_yield
2024-03-19,4.68,us_2y_yield
2024-03-20,4.59,us_2y_yield
2024-03-21,4.62,us_2y_yield
2024-03-22,4.59,us_2y_yield
2024-03-25,4.54,us_2y_yield
2024-03-26,4.56,us_2y_yield
2024-03-27,4.54,us_2y_yield
2024-03-28,4.59,us_2y_yield
2024-03-29,.,us_2y_yield
2024-04-01,4.72,us_2y_yield
2024-04-02,4.7,us_2y_yield
2024-04-03,4.68,us_2y_yield
2024-04-04,4.65,us_2y_yield
2024-04-05,4.73,us_2y_yield
2024-04-08,4.78,us_2y_yield
2024-04-09,4.74,us_2y_yield
2024-04-10,4.97,us_2y_yield
2024-04-11,4.93,us_2y_yield
2024-04-12,4.88,us_2y_yield
2024-04-15,4.93,us_2y_yield
2024-04-16,4.97,us_2y_yield
2024-04-17,4.93,us_2y_yield
2024-04-18,4.98,us_2y_yield
2024-04-19,4.97,us_2y_yield
2024-04-22,4.97,us_2y_yield
2024-04-23,4.86,us_2y_yield
2024-04-24,4.89,us_2y_yield
2024-04-25,4.96,us_2y_yield
2024-04-26,4.96,us_2y_yield
2024-04-29,4.97,us_2y_yield
2024-04-30,5.04,us_2y_yield
2024-05-01,4.96,us_2y_yield
2024-05-02,4.87,us_2y_yield
2024-05-03,4.81,us_2y_yield
2024-05-06,4.82,us_2y_yield
2024-05-07,4.82,us_2y_yield
2024-05-08,4.84,us_2y_yield
2024-05-09,4.8,us_2y_yield
2024-05-10,4.87,us_2y_yield
2024-05-13,4.85,us_2y_yield
2024-05-14,4.81,us_2y_yield
2024-05-15,4.73,us_2y_yield
2024-05-16,4.78,us_2y_yield
2024-05-17,4.83,us_2y_yield
2024-05-20,4.82,us_2y_yield
2024-05-21,4.82,us_2y_yield
2024-05-22,4.86,us_2y_yield
2024-05-23,4.91,us_2y_yield
2024-05-24,4.93,us_2y_yield
2024-05-27,.,us_2y_yield
2024-05-28,4.94,us_2y_yield
2024-05-29,4.96,us_2y_yield
2024-05-30,4.92,us_2y_yield
2024-05-31,4.89,us_2y_yield
2024-06-03,4.82,us_2y_yield
2024-06-04,4.77,us_2y_yield
2024-06-05,4.72,us_2y_yield
2024-06-06,4.72,us_2y_yield
2024-06-07,4.87,us_2y_yield
2024-06-10,4.87,us_2y_yield
2024-06-11,4.81,us_2y_yield
2024-06-12,4.75,us_2y_yield
2024-06-13,4.68,us_2y_yield
2024-06-14,4.67,us_2y_yield
2024-06-17,4.75,us_2y_yield
2024-06-18,4.69,us_2y_yield
2024-06-19,.,us_2y_yield
2024-06-20,4.7,us_2y_yield
2024-06-21,4.7,us_2y_yield
2024-06-24,4.71,us_2y_yield
2024-06-25,4.65,us_2y_yield
2024-06-26,4.71,us_2y_yield
2024-06-27,4.7,us_2y_yield
2024-06-28,4.71,us_2y_yield
2024-07-01,4.77,us_2y_yield
2024-07-02,4.74,us_2y_yield
2024-07-03,4.71,us_2y_yield
2024-07-04,.,us_2y_yield
2024-07-05,4.6,us_2y_yield
2024-07-08,4.62,us_2y_yield
2024-07-09,4.62,us_2y_yield
2024-07-10,4.62,us_2y_yield
2024-07-11,4.5,us_2y_yield
2024-07-12,4.45,us_2y_yield
2024-07-15,4.44,us_2y_yield
2024-07-16,4.43,us_2y_yield
2024-07-17,4.42,us_2y_yield
2024-07-18,4.46,us_2y_yield
2024-07-19,4.49,us_2y_yield
2024-07-22,4.5,us_2y_yield
2024-07-23,4.4,us_2y_yield
2024-07-24,4.37,us_2y_yield
2024-07-25,4.41,us_2y_yield
2024-07-26,4.36,us_2y_yield
2024-07-29,4.36,us_2y_yield
2024-07-30,4.35,us_2y_yield
2024-07-31,4.29,us_2y_yield
2024-08-01,4.16,us_2y_yield
2024-08-02,3.88,us_2y_yield
2024-08-05,3.89,us_2y_yield
2024-08-06,3.99,us_2y_yield
2024-08-07,4.0,us_2y_yield
2024-08-08,4.04,us_2y_yield
2024-08-09,4.05,us_2y_yield
2024-08-12,4.01,us_2y_yield
2024-08-13,3.93,us_2y_yield
2024-08-14,3.94,us_2y_yield
2024-08-15,4.08,us_2y_yield
2024-08-16,4.06,us_2y_yield
2024-08-19,4.06,us_2y_yield
2024-08-20,3.99,us_2y_yield
2024-08-21,3.92,us_2y_yield
2024-08-22,3.99,us_2y_yield
2024-08-23,3.9,us_2y_yield
2024-08-26,3.91,us_2y_yield
2024-08-27,3.83,us_2y_yield
2024-08-28,3.83,us_2y_yield
2024-08-29,3.87,us_2y_yield
2024-08-30,3.91,us_2y_yield
2024-09-02,.,us_2y_yield
2024-09-03,3.88,us_2y_yield
2024-09-04,3.76,us_2y_yield
2024-09-05,3.75,us_2y_yield
2024-09-06,3.66,us_2y_yield
2024-09-09,3.68,us_2y_yield
2024-09-10,3.59,us_2y_yield
2024-09-11,3.62,us_2y_yield
2024-09-12,3.64,us_2y_yield
2024-09-13,3.57,us_2y_yield
2024-09-16,3.56,us_2y_yield
2024-09-17,3.59,us_2y_yield
2024-09-18,3.61,us_2y_yield
2024-09-19,3.59,us_2y_yield
2024-09-20,3.55,us_2y_yield
2024-09-23,3.57,us_2y_yield
2024-09-24,3.49,us_2y_yield
2024-09-25,3.53,us_2y_yield
2024-09-26,3.6,us_2y_yield
2024-09-27,3.55,us_2y_yield
2024-09-30,3.66,us_2y_yield
2024-10-01,3.61,us_2y_yield
2024-10-02,3.63,us_2y_yield
2024-10-03,3.7,us_2y_yield
2024-10-04,3.93,us_2y_yield
2024-10-07,3.99,us_2y_yield
2024-10-08,3.98,us_2y_yield
2024-10-09,3.99,us_2y_yield
2024-10-10,3.98,us_2y_yield
2024-10-11,3.95,us_2y_yield
2024-10-14,.,us_2y_yield
2024-10-15,3.95,us_2y_yield
2024-10-16,3.93,us_2y_yield
2024-10-17,3.96,us_2y_yield
2024-10-18,3.95,us_2y_yield
2024-10-21,4.02,us_2y_yield
2024-10-22,4.03,us_2y_yield
2024-10-23,4.07,us_2y_yield
2024-10-24,4.07,us_2y_yield
2024-10-25,4.11,us_2y_yield
2024-10-28,4.12,us_2y_yield
2024-10-29,4.11,us_2y_yield
2024-10-30,4.15,us_2y_yield
2024-10-31,4.16,us_2y_yield
2024-11-01,4.21,us_2y_yield
2024-11-04,4.17,us_2y_yield
2024-11-05,4.19,us_2y_yield
2024-11-06,4.27,us_2y_yield
2024-11-07,4.21,us_2y_yield
2024-11-08,4.26,us_2y_yield
2024-11-11,.,us_2y_yield
2024-11-12,4.34,us_2y_yield
2024-11-13,4.27,us_2y_yield
2024-11-14,4.34,us_2y_yield
2024-11-15,4.31,us_2y_yield
2024-11-18,4.29,us_2y_yield
2024-11-19,4.27,us_2y_yield
2024-11-20,4.31,us_2y_yield
2024-11-21,4.34,us_2y_yield
2024-11-22,4.37,us_2y_yield
2024-11-25,4.21,us_2y_yield
2024-11-26,4.21,us_2y_yield
2024-11-27,4.19,us_2y_yield
2024-11-28,.,us_2y_yield
2024-11-29,4.13,us_2y_yield
2024-12-02,4.17,us_2y_yield
2024-12-03,4.17,us_2y_yield
2024-12-04,4.13,us_2y_yield
2024-12-05,4.15,us_2y_yield
2024-12-06,4.1,us_2y_yield
2024-12-09,4.13,us_2y_yield
2024-12-10,4.15,us_2y_yield
2024-12-11,4.15,us_2y_yield
2024-12-12,4.18,us_2y_yield
2024-12-13,4.25,us_2y_yield
2024-12-16,4.25,us_2y_yield
2024-12-17,4.25,us_2y_yield
2024-12-18,4.35,us_2y_yield
2024-12-19,4.32,us_2y_yield
2024-12-20,4.3,us_2y_yield
2024-12-23,4.3,us_2y_yield
2024-12-24,4.29,us_2y_yield
2024-12-25,.,us_2y_yield
2024-12-26,4.3,us_2y_yield
2024-12-27,4.31,us_2y_yield
2024-12-30,4.24,us_2y_yield
2024-12-31,4.25,us_2y_yield
2025-01-01,.,us_2y_yield
2025-01-02,4.25,us_2y_yield
2025-01-03,4.28,us_2y_yield
2025-01-06,4.28,us_2y_yield
2025-01-07,4.3,us_2y_yield
2025-01-08,4.28,us_2y_yield
2025-01-09,4.27,us_2y_yield
2025-01-10,4.4,us_2y_yield
2025-01-13,4.4,us_2y_yield
2025-01-14,4.37,us_2y_yield
2025-01-15,4.27,us_2y_yield
2025-01-16,4.23,us_2y_yield
2025-01-17,4.27,us_2y_yield
2025-01-20,.,us_2y_yield
2025-01-21,4.29,us_2y_yield
2025-01-22,4.29,us_2y_yield
2025-01-23,4.29,us_2y_yield
2025-01-24,4.27,us_2y_yield
2025-01-27,4.17,us_2y_yield
2025-01-28,4.19,us_2y_yield
2025-01-29,4.21,us_2y_yield
2025-01-30,4.18,us_2y_yield
2025-01-31,4.22,us_2y_yield
2025-02-03,4.26,us_2y_yield
2025-02-04,4.21,us_2y_yield
2025-02-05,4.17,us_2y_yield
2025-02-06,4.21,us_2y_yield
2025-02-07,4.29,us_2y_yield
2025-02-10,4.28,us_2y_yield
2025-02-11,4.29,us_2y_yield
2025-02-12,4.36,us_2y_yield
2025-02-13,4.31,us_2y_yield
2025-02-14,4.26,us_2y_yield
2025-02-17,.,us_2y_yield
2025-02-18,4.29,us_2y_yield
2025-02-19,4.28,us_2y_yield
2025-02-20,4.28,us_2y_yield
2025-02-21,4.19,us_2y_yield
2025-02-24,4.13,us_2y_yield
2025-02-25,4.07,us_2y_yield
2025-02-26,4.05,us_2y_yield
2025-02-27,4.07,us_2y_yield
2025-02-28,3.99,us_2y_yield
2025-03-03,3.96,us_2y_yield
2025-03-04,3.96,us_2y_yield
2025-03-05,3.99,us_2y_yield
2025-03-06,3.96,us_2y_yield
2025-03-07,3.99,us_2y_yield
2025-03-10,3.89,us_2y_yield
2025-03-11,3.94,us_2y_yield
2025-03-12,4.01,us_2y_yield
2025-03-13,3.94,us_2y_yield
2025-03-14,4.02,us_2y_yield
2025-03-17,4.06,us_2y_yield
2025-03-18,4.04,us_2y_yield
2025-03-19,3.99,us_2y_yield
2025-03-20,3.95,us_2y_yield
2025-03-21,3.94,us_2y_yield
2025-03-24,4.04,us_2y_yield
2025-03-25,3.96,us_2y_yield
2025-03-26,3.98,us_2y_yield
2025-03-27,3.97,us_2y_yield
2025-03-28,3.89,us_2y_yield
2025-03-31,3.89,us_2y_yield
2025-04-01,3.87,us_2y_yield
2025-04-02,3.91,us_2y_yield
2025-04-03,3.71,us_2y_yield
2025-04-04,3.68,us_2y_yield
2025-04-07,3.73,us_2y_yield
2025-04-08,3.71,us_2y_yield
2025-04-09,3.91,us_2y_yield
2025-04-10,3.84,us_2y_yield
2025-04-11,3.96,us_2y_yield
2025-04-14,3.84,us_2y_yield
2025-04-15,3.84,us_2y_yield
2025-04-16,3.77,us_2y_yield
2025-04-17,3.81,us_2y_yield
2025-04-18,.,us_2y_yield
2025-04-21,3.75,us_2y_yield
2025-04-22,3.76,us_2y_yield
2025-04-23,3.81,us_2y_yield
2025-04-24,3.77,us_2y_yield
2025-04-25,3.74,us_2y_yield
2025-04-28,3.67,us_2y_yield
2025-04-29,3.65,us_2y_yield
2025-04-30,3.6,us_2y_yield
2025-05-01,3.7,us_2y_yield
2025-05-02,3.83,us_2y_yield
2025-05-05,3.83,us_2y_yield
2025-05-06,3.78,us_2y_yield
2025-05-07,3.78,us_2y_yield
2025-05-08,3.9,us_2y_yield
2025-05-09,3.88,us_2y_yield
2025-05-12,3.98,us_2y_yield
2025-05-13,4.02,us_2y_yield
2025-05-14,4.05,us_2y_yield
2025-05-15,3.96,us_2y_yield
2025-05-16,3.98,us_2y_yield
2025-05-19,3.97,us_2y_yield
2025-05-20,3.97,us_2y_yield
2025-05-21,4.0,us_2y_yield
2025-05-22,4.0,us_2y_yield
2025-05-23,4.0,us_2y_yield
2025-05-26,.,us_2y_yield
2025-05-27,3.92,us_2y_yield
2025-05-28,3.96,us_2y_yield
2025-05-29,3.92,us_2y_yield
2025-05-30,3.89,us_2y_yield
2025-06-02,3.94,us_2y_yield
2025-06-03,3.96,us_2y_yield
2025-06-04,3.87,us_2y_yield
2025-06-05,3.92,us_2y_yield
2025-06-06,4.04,us_2y_yield
2025-06-09,4.01,us_2y_yield
2025-06-10,4.01,us_2y_yield
2025-06-11,3.94,us_2y_yield
2025-06-12,3.9,us_2y_yield
2025-06-13,3.96,us_2y_yield
2025-06-16,3.97,us_2y_yield
2025-06-17,3.94,us_2y_yield
2025-06-18,3.94,us_2y_yield
2025-06-19,.,us_2y_yield
2025-06-20,3.9,us_2y_yield
2025-06-23,3.84,us_2y_yield
2025-06-24,3.75,us_2y_yield
2025-06-25,3.74,us_2y_yield
2025-06-26,3.7,us_2y_yield
2025-06-27,3.73,us_2y_yield
2025-06-30,3.72,us_2y_yield
2025-07-01,3.78,us_2y_yield
2025-07-02,3.78,us_2y_yield
2025-07-03,3.88,us_2y_yield
2025-07-04,.,us_2y_yield
2025-07-07,3.9,us_2y_yield
2025-07-08,3.9,us_2y_yield
2025-07-09,3.86,us_2y_yield
2025-07-10,3.86,us_2y_yield
2025-07-11,3.9,us_2y_yield
2025-07-14,3.9,us_2y_yield
2025-07-15,3.95,us_2y_yield
2025-07-16,3.88,us_2y_yield
2025-07-17,3.91,us_2y_yield
2025-07-18,3.88,us_2y_yield
2025-07-21,3.85,us_2y_yield
2025-07-22,3.83,us_2y_yield
2025-07-23,3.88,us_2y_yield
2025-07-24,3.91,us_2y_yield
2025-07-25,3.91,us_2y_yield
2025-07-28,3.91,us_2y_yield
2025-07-29,3.86,us_2y_yield
2025-07-30,3.94,us_2y_yield
2025-07-31,3.94,us_2y_yield
2025-08-01,3.69,us_2y_yield
2025-08-04,3.69,us_2y_yield
2025-08-05,3.72,us_2y_yield
2025-08-06,3.69,us_2y_yield
2025-08-07,3.72,us_2y_yield
2025-08-08,3.76,us_2y_yield
2025-08-11,3.76,us_2y_yield
2025-08-12,3.72,us_2y_yield
2025-08-13,3.67,us_2y_yield
2025-08-14,3.74,us_2y_yield
2025-08-15,3.75,us_2y_yield
2025-08-18,3.77,us_2y_yield
2025-08-19,3.75,us_2y_yield
2025-08-20,3.74,us_2y_yield
2025-08-21,3.79,us_2y_yield
2025-08-22,3.68,us_2y_yield
2025-08-25,3.73,us_2y_yield
2025-08-26,3.61,us_2y_yield
2025-08-27,3.59,us_2y_yield
2025-08-28,3.62,us_2y_yield
2025-08-29,3.59,us_2y_yield
2025-09-01,.,us_2y_yield
2025-09-02,3.66,us_2y_yield
2025-09-03,3.61,us_2y_yield
2025-09-04,3.59,us_2y_yield
2025-09-05,3.51,us_2y_yield
2025-09-08,3.49,us_2y_yield
2025-09-09,3.54,us_2y_yield
2025-09-10,3.54,us_2y_yield
2025-09-11,3.52,us_2y_yield
2025-09-12,3.56,us_2y_yield
2025-09-15,3.54,us_2y_yield
2025-09-16,3.51,us_2y_yield
2025-09-17,3.52,us_2y_yield
2025-09-18,3.57,us_2y_yield
2025-09-19,3.57,us_2y_yield
2025-09-22,3.61,us_2y_yield
2025-09-23,3.53,us_2y_yield
2025-09-24,3.57,us_2y_yield
2025-09-25,3.64,us_2y_yield
2025-09-26,3.63,us_2y_yield
2025-09-29,3.63,us_2y_yield
2025-09-30,3.6,us_2y_yield
2025-10-01,3.55,us_2y_yield
2025-10-02,3.55,us_2y_yield
2025-10-03,3.58,us_2y_yield
2025-10-06,3.6,us_2y_yield
2025-10-07,3.57,us_2y_yield
2025-10-08,3.58,us_2y_yield
2025-10-09,3.6,us_2y_yield
2025-10-10,3.52,us_2y_yield
2025-10-13,.,us_2y_yield
2025-10-14,3.48,us_2y_yield
2025-10-15,3.5,us_2y_yield
2025-10-16,3.41,us_2y_yield
2025-10-17,3.46,us_2y_yield
2025-10-20,3.46,us_2y_yield
2025-10-21,3.45,us_2y_yield
2025-10-22,3.45,us_2y_yield
2025-10-23,3.48,us_2y_yield
2025-10-24,3.48,us_2y_yield
2025-10-27,3.48,us_2y_yield
2025-10-28,3.47,us_2y_yield
2025-10-29,3.59,us_2y_yield
2025-10-30,3.61,us_2y_yield
2025-10-31,3.6,us_2y_yield
2025-11-03,3.6,us_2y_yield
2025-11-04,3.58,us_2y_yield
2025-11-05,3.63,us_2y_yield
2025-11-06,3.57,us_2y_yield
2025-11-07,3.55,us_2y_yield
2025-11-10,3.58,us_2y_yield
2025-11-11,.,us_2y_yield
2025-11-12,3.56,us_2y_yield
2025-11-13,3.58,us_2y_yield
2025-11-14,3.62,us_2y_yield
2025-11-17,3.6,us_2y_yield
2025-11-18,3.58,us_2y_yield
2025-11-19,3.58,us_2y_yield
2025-11-20,3.55,us_2y_yield
2025-11-21,3.51,us_2y_yield
2025-11-24,3.46,us_2y_yield
2025-11-25,3.43,us_2y_yield
2025-11-26,3.45,us_2y_yield
2025-11-27,.,us_2y_yield
2025-11-28,3.47,us_2y_yield
2025-12-01,3.54,us_2y_yield
2025-12-02,3.51,us_2y_yield
2025-12-03,3.49,us_2y_yield
2025-12-04,3.52,us_2y_yield
2025-12-05,3.56,us_2y_yield
2025-12-08,3.57,us_2y_yield
2025-12-09,3.61,us_2y_yield
2025-12-10,3.54,us_2y_yield
2025-12-11,3.52,us_2y_yield
2025-12-12,3.52,us_2y_yield
2025-12-15,3.51,us_2y_yield
2025-12-16,3.48,us_2y_yield
2025-12-17,3.49,us_2y_yield
2025-12-18,3.46,us_2y_yield
2025-12-19,3.48,us_2y_yield
2025-12-22,3.44,us_2y_yield
2025-12-23,3.48,us_2y_yield
2025-12-24,3.47,us_2y_yield
2025-12-25,.,us_2y_yield
2025-12-26,3.46,us_2y_yield
2025-12-29,3.45,us_2y_yield
2025-12-30,3.45,us_2y_yield
2025-12-31,3.47,us_2y_yield
2026-01-01,.,us_2y_yield
2026-01-02,3.47,us_2y_yield
2026-01-05,3.46,us_2y_yield
2026-01-06,3.47,us_2y_yield
2026-01-07,3.47,us_2y_yield
2026-01-08,3.49,us_2y_yield
2026-01-09,3.54,us_2y_yield
2026-01-12,3.54,us_2y_yield
2026-01-13,3.53,us_2y_yield
2026-01-14,3.51,us_2y_yield
2026-01-15,3.56,us_2y_yield
2026-01-16,3.59,us_2y_yield
2026-01-19,.,us_2y_yield
2026-01-20,3.6,us_2y_yield
2026-01-21,3.6,us_2y_yield
2026-01-22,3.61,us_2y_yield
2026-01-23,3.6,us_2y_yield
2026-01-26,3.56,us_2y_yield
2026-01-27,3.53,us_2y_yield
2026-01-28,3.56,us_2y_yield
2026-01-29,3.53,us_2y_yield
2026-01-30,3.52,us_2y_yield
2026-02-02,3.57,us_2y_yield
2026-02-03,3.57,us_2y_yield
2026-02-04,3.57,us_2y_yield
2026-02-05,3.47,us_2y_yield
2026-02-06,3.5,us_2y_yield
2026-02-09,3.48,us_2y_yield
2026-02-10,3.45,us_2y_yield
2026-02-11,3.52,us_2y_yield
2026-02-12,3.47,us_2y_yield
2026-02-13,3.4,us_2y_yield
2026-02-16,.,us_2y_yield
2026-02-17,3.43,us_2y_yield
2026-02-18,3.47,us_2y_yield
2026-02-19,3.47,us_2y_yield
2026-02-20,3.48,us_2y_yield
2026-02-23,3.43,us_2y_yield
2026-02-24,3.43,us_2y_yield
2026-02-25,3.45,us_2y_yield
2026-02-26,3.42,us_2y_yield
2026-02-27,3.38,us_2y_yield
2026-03-02,3.47,us_2y_yield
2026-03-03,3.51,us_2y_yield
2026-03-04,3.54,us_2y_yield
2026-03-05,3.57,us_2y_yield
2026-03-06,3.56,us_2y_yield
2026-03-09,3.56,us_2y_yield
2026-03-10,3.57,us_2y_yield
2026-03-11,3.64,us_2y_yield
2026-03-12,3.76,us_2y_yield
2026-03-13,3.73,us_2y_yield
2026-03-16,3.68,us_2y_yield
2026-03-17,3.68,us_2y_yield
2026-03-18,3.76,us_2y_yield
2026-03-19,3.79,us_2y_yield
2026-03-20,3.88,us_2y_yield
2026-03-23,3.83,us_2y_yield
2026-03-24,3.9,us_2y_yield
2026-03-25,3.84,us_2y_yield
2026-03-26,3.96,us_2y_yield
2026-03-27,3.88,us_2y_yield
2026-03-30,3.82,us_2y_yield
2026-03-31,3.79,us_2y_yield
2026-04-01,3.81,us_2y_yield
2026-04-02,3.79,us_2y_yield
2026-04-03,3.84,us_2y_yield
2026-04-06,3.84,us_2y_yield
2026-04-07,3.81,us_2y_yield
2026-04-08,3.79,us_2y_yield
2026-04-09,3.78,us_2y_yield
2026-04-10,3.81,us_2y_yield
2026-04-13,3.78,us_2y_yield
2026-04-14,3.76,us_2y_yield
2026-04-15,3.76,us_2y_yield
2026-04-16,3.78,us_2y_yield
2026-04-17,3.71,us_2y_yield
2026-04-20,3.72,us_2y_yield
2026-04-21,3.78,us_2y_yield
2026-04-22,3.79,us_2y_yield
2026-04-23,3.83,us_2y_yield
2026-04-24,3.78,us_2y_yield
2026-04-27,3.78,us_2y_yield
2026-04-28,3.84,us_2y_yield
2026-04-29,3.92,us_2y_yield
2026-04-30,3.88,us_2y_yield
2026-05-01,3.88,us_2y_yield
2026-05-04,3.95,us_2y_yield
2026-05-05,3.93,us_2y_yield
2026-05-06,3.87,us_2y_yield
2026-05-07,3.92,us_2y_yield
2026-05-08,3.9,us_2y_yield
2026-05-11,3.95,us_2y_yield
2026-05-12,4.0,us_2y_yield
2026-05-13,3.98,us_2y_yield
2026-05-14,4.0,us_2y_yield
2026-05-15,4.09,us_2y_yield
2026-05-18,4.07,us_2y_yield
2026-05-19,4.13,us_2y_yield
2026-05-20,4.04,us_2y_yield
2026-05-21,4.08,us_2y_yield
2026-05-22,4.13,us_2y_yield
2026-05-25,.,us_2y_yield
2026-05-26,4.01,us_2y_yield
2026-05-27,4.0,us_2y_yield
2026-05-28,3.99,us_2y_yield
2026-05-29,3.98,us_2y_yield
2026-06-01,4.05,us_2y_yield
2026-06-02,4.05,us_2y_yield
2026-06-03,4.08,us_2y_yield
2026-06-04,4.05,us_2y_yield
2026-06-05,4.17,us_2y_yield
2026-06-08,4.15,us_2y_yield
2026-06-09,4.13,us_2y_yield
2026-06-10,4.13,us_2y_yield
2026-06-11,4.05,us_2y_yield
2026-06-12,4.09,us_2y_yield
2026-06-15,4.07,us_2y_yield
2026-06-16,4.05,us_2y_yield
2026-06-17,4.2,us_2y_yield
2026-06-18,4.19,us_2y_yield
2026-06-19,.,us_2y_yield
2026-06-22,4.24,us_2y_yield
2026-06-23,4.16,us_2y_yield
2026-06-24,4.11,us_2y_yield
2026-06-25,4.09,us_2y_yield
2026-06-26,4.07,us_2y_yield
2026-06-29,4.1,us_2y_yield
2026-06-30,4.14,us_2y_yield
2026-07-01,4.17,us_2y_yield
2026-07-02,4.14,us_2y_yield
2026-07-03,.,us_2y_yield
2026-07-06,4.13,us_2y_yield
2026-07-07,4.19,us_2y_yield
2026-07-08,4.21,us_2y_yield
2026-07-09,4.16,us_2y_yield
2026-07-10,4.21,us_2y_yield
2026-07-13,4.26,us_2y_yield
2026-07-14,4.18,us_2y_yield
2026-07-15,4.13,us_2y_yield
2026-07-16,4.16,us_2y_yield
2026-07-17,4.18,us_2y_yield
2026-07-20,4.21,us_2y_yield
2026-07-21,4.26,us_2y_yield
2026-07-22,4.31,us_2y_yield
2026-07-23,4.37,us_2y_yield
2026-07-24,4.33,us_2y_yield
2026-07-27,4.31,us_2y_yield
2026-07-28,4.26,us_2y_yield
2026-07-29,4.22,us_2y_yield
2026-07-30,4.23,us_2y_yield
2026-07-31,4.28,us_2y_yield
2026-08-03,4.25,us_2y_yield
2026-08-04,4.2,us_2y_yield
2026-08-05,4.18,us_2y_yield
2026-08-06,4.25,us_2y_yield
2026-08-07,4.19,us_2y_yield
2026-08-10,4.25,us_2y_yield
2026-08-11,4.22,us_2y_yield
2026-08-12,4.2,us_2y_yield
2026-08-13,4.15,us_2y_yield
2026-08-14,4.17,us_2y_yield
2026-08-17,4.19,us_2y_yield
2026-08-18,4.19,us_2y_yield
2026-08-19,4.19,us_2y_yield
2026-08-20,4.19,us_2y_yield
2026-08-21,4.24,us_2y_yield
2026-08-24,4.24,us_2y_yield
2026-08-25,4.17,us_2y_yield
2026-08-26,4.19,us_2y_yield
2026-08-27,4.2,us_2y_yield
2026-08-28,4.34,us_2y_yield
2026-08-31,4.34,us_2y_yield
2026-09-01,4.39,us_2y_yield
2026-09-02,4.39,us_2y_yield
2026-09-03,4.34,us_2y_yield
2026-09-04,4.37,us_2y_yield
2026-09-07,.,us_2y_yield
2026-09-08,4.39,us_2y_yield
2026-09-09,4.43,us_2y_yield
2026-09-10,4.56,us_2y_yield
2026-09-11,4.63,us_2y_yield
2026-09-14,4.65,us_2y_yield
2026-09-15,4.67,us_2y_yield
2026-09-16,4.74,us_2y_yield
2026-09-17,4.67,us_2y_yield
2026-09-18,4.76,us_2y_yield
2026-09-21,4.76,us_2y_yield
2026-09-22,4.71,us_2y_yield
2026-09-23,4.85,us_2y_yield
2026-09-24,4.87,us_2y_yield
2026-09-25,4.81,us_2y_yield
2026-09-28,4.92,us_2y_yield
2026-09-29,4.89,us_2y_yield
2010-01-01,.,us_10y_yield
2010-01-04,3.85,us_10y_yield
2010-01-05,3.77,us_10y_yield
2010-01-06,3.85,us_10y_yield
2010-01-07,3.85,us_10y_yield
2010-01-08,3.83,us_10y_yield
2010-01-11,3.85,us_10y_yield
2010-01-12,3.74,us_10y_yield
2010-01-13,3.80,us_10y_yield
2010-01-14,3.76,us_10y_yield
2010-01-15,3.70,us_10y_yield
2010-01-18,.,us_10y_yield
2010-01-19,3.73,us_10y_yield
2010-01-20,3.68,us_10y_yield
2010-01-21,3.62,us_10y_yield
2010-01-22,3.62,us_10y_yield
2010-01-25,3.66,us_10y_yield
2010-01-26,3.65,us_10y_yield
2010-01-27,3.66,us_10y_yield
2010-01-28,3.68,us_10y_yield
2010-01-29,3.63,us_10y_yield
2010-02-01,3.68,us_10y_yield
2010-02-02,3.67,us_10y_yield
2010-02-03,3.73,us_10y_yield
2010-02-04,3.62,us_10y_yield
2010-02-05,3.59,us_10y_yield
2010-02-08,3.62,us_10y_yield
2010-02-09,3.67,us_10y_yield
2010-02-10,3.72,us_10y_yield
2010-02-11,3.73,us_10y_yield
2010-02-12,3.69,us_10y_yield
2010-02-15,.,us_10y_yield
2010-02-16,3.66,us_10y_yield
2010-02-17,3.74,us_10y_yield
2010-02-18,3.79,us_10y_yield
2010-02-19,3.78,us_10y_yield
2010-02-22,3.80,us_10y_yield
2010-02-23,3.69,us_10y_yield
2010-02-24,3.70,us_10y_yield
2010-02-25,3.64,us_10y_yield
2010-02-26,3.61,us_10y_yield
2010-03-01,3.61,us_10y_yield
2010-03-02,3.62,us_10y_yield
2010-03-03,3.63,us_10y_yield
2010-03-04,3.61,us_10y_yield
2010-03-05,3.69,us_10y_yield
2010-03-08,3.72,us_10y_yield
2010-03-09,3.71,us_10y_yield
2010-03-10,3.73,us_10y_yield
2010-03-11,3.73,us_10y_yield
2010-03-12,3.71,us_10y_yield
2010-03-15,3.71,us_10y_yield
2010-03-16,3.66,us_10y_yield
2010-03-17,3.65,us_10y_yield
2010-03-18,3.68,us_10y_yield
2010-03-19,3.70,us_10y_yield
2010-03-22,3.67,us_10y_yield
2010-03-23,3.69,us_10y_yield
2010-03-24,3.84,us_10y_yield
2010-03-25,3.91,us_10y_yield
2010-03-26,3.86,us_10y_yield
2010-03-29,3.88,us_10y_yield
2010-03-30,3.88,us_10y_yield
2010-03-31,3.84,us_10y_yield
2010-04-01,3.89,us_10y_yield
2010-04-02,3.96,us_10y_yield
2010-04-05,4.01,us_10y_yield
2010-04-06,3.98,us_10y_yield
2010-04-07,3.89,us_10y_yield
2010-04-08,3.91,us_10y_yield
2010-04-09,3.90,us_10y_yield
2010-04-12,3.87,us_10y_yield
2010-04-13,3.84,us_10y_yield
2010-04-14,3.88,us_10y_yield
2010-04-15,3.86,us_10y_yield
2010-04-16,3.79,us_10y_yield
2010-04-19,3.83,us_10y_yield
2010-04-20,3.82,us_10y_yield
2010-04-21,3.77,us_10y_yield
2010-04-22,3.80,us_10y_yield
2010-04-23,3.84,us_10y_yield
2010-04-26,3.83,us_10y_yield
2010-04-27,3.71,us_10y_yield
2010-04-28,3.80,us_10y_yield
2010-04-29,3.76,us_10y_yield
2010-04-30,3.69,us_10y_yield
2010-05-03,3.72,us_10y_yield
2010-05-04,3.63,us_10y_yield
2010-05-05,3.58,us_10y_yield
2010-05-06,3.41,us_10y_yield
2010-05-07,3.45,us_10y_yield
2010-05-10,3.57,us_10y_yield
2010-05-11,3.56,us_10y_yield
2010-05-12,3.56,us_10y_yield
2010-05-13,3.55,us_10y_yield
2010-05-14,3.44,us_10y_yield
2010-05-17,3.47,us_10y_yield
2010-05-18,3.38,us_10y_yield
2010-05-19,3.36,us_10y_yield
2010-05-20,3.25,us_10y_yield
2010-05-21,3.20,us_10y_yield
2010-05-24,3.23,us_10y_yield
2010-05-25,3.18,us_10y_yield
2010-05-26,3.21,us_10y_yield
2010-05-27,3.34,us_10y_yield
2010-05-28,3.31,us_10y_yield
2010-05-31,.,us_10y_yield
2010-06-01,3.29,us_10y_yield
2010-06-02,3.35,us_10y_yield
2010-06-03,3.39,us_10y_yield
2010-06-04,3.20,us_10y_yield
2010-06-07,3.17,us_10y_yield
2010-06-08,3.18,us_10y_yield
2010-06-09,3.20,us_10y_yield
2010-06-10,3.33,us_10y_yield
2010-06-11,3.24,us_10y_yield
2010-06-14,3.28,us_10y_yield
2010-06-15,3.32,us_10y_yield
2010-06-16,3.27,us_10y_yield
2010-06-17,3.21,us_10y_yield
2010-06-18,3.24,us_10y_yield
2010-06-21,3.26,us_10y_yield
2010-06-22,3.18,us_10y_yield
2010-06-23,3.13,us_10y_yield
2010-06-24,3.14,us_10y_yield
2010-06-25,3.12,us_10y_yield
2010-06-28,3.05,us_10y_yield
2010-06-29,2.97,us_10y_yield
2010-06-30,2.97,us_10y_yield
2010-07-01,2.96,us_10y_yield
2010-07-02,3.00,us_10y_yield
2010-07-05,.,us_10y_yield
2010-07-06,2.95,us_10y_yield
2010-07-07,3.00,us_10y_yield
2010-07-08,3.04,us_10y_yield
2010-07-09,3.07,us_10y_yield
2010-07-12,3.08,us_10y_yield
2010-07-13,3.15,us_10y_yield
2010-07-14,3.07,us_10y_yield
2010-07-15,3.00,us_10y_yield
2010-07-16,2.96,us_10y_yield
2010-07-19,2.99,us_10y_yield
2010-07-20,2.98,us_10y_yield
2010-07-21,2.90,us_10y_yield
2010-07-22,2.96,us_10y_yield
2010-07-23,3.02,us_10y_yield
2010-07-26,3.03,us_10y_yield
2010-07-27,3.08,us_10y_yield
2010-07-28,3.03,us_10y_yield
2010-07-29,3.03,us_10y_yield
2010-07-30,2.94,us_10y_yield
2010-08-02,2.99,us_10y_yield
2010-08-03,2.94,us_10y_yield
2010-08-04,2.98,us_10y_yield
2010-08-05,2.94,us_10y_yield
2010-08-06,2.86,us_10y_yield
2010-08-09,2.86,us_10y_yield
2010-08-10,2.79,us_10y_yield
2010-08-11,2.72,us_10y_yield
2010-08-12,2.74,us_10y_yield
2010-08-13,2.68,us_10y_yield
2010-08-16,2.58,us_10y_yield
2010-08-17,2.64,us_10y_yield
2010-08-18,2.64,us_10y_yield
2010-08-19,2.58,us_10y_yield
2010-08-20,2.62,us_10y_yield
2010-08-23,2.60,us_10y_yield
2010-08-24,2.50,us_10y_yield
2010-08-25,2.54,us_10y_yield
2010-08-26,2.50,us_10y_yield
2010-08-27,2.66,us_10y_yield
2010-08-30,2.54,us_10y_yield
2010-08-31,2.47,us_10y_yield
2010-09-01,2.58,us_10y_yield
2010-09-02,2.63,us_10y_yield
2010-09-03,2.72,us_10y_yield
2010-09-06,.,us_10y_yield
2010-09-07,2.61,us_10y_yield
2010-09-08,2.66,us_10y_yield
2010-09-09,2.77,us_10y_yield
2010-09-10,2.81,us_10y_yield
2010-09-13,2.74,us_10y_yield
2010-09-14,2.68,us_10y_yield
2010-09-15,2.74,us_10y_yield
2010-09-16,2.77,us_10y_yield
2010-09-17,2.75,us_10y_yield
2010-09-20,2.72,us_10y_yield
2010-09-21,2.61,us_10y_yield
2010-09-22,2.56,us_10y_yield
2010-09-23,2.56,us_10y_yield
2010-09-24,2.62,us_10y_yield
2010-09-27,2.54,us_10y_yield
2010-09-28,2.48,us_10y_yield
2010-09-29,2.52,us_10y_yield
2010-09-30,2.53,us_10y_yield
2010-10-01,2.54,us_10y_yield
2010-10-04,2.50,us_10y_yield
2010-10-05,2.50,us_10y_yield
2010-10-06,2.41,us_10y_yield
2010-10-07,2.41,us_10y_yield
2010-10-08,2.41,us_10y_yield
2010-10-11,.,us_10y_yield
2010-10-12,2.44,us_10y_yield
2010-10-13,2.46,us_10y_yield
2010-10-14,2.52,us_10y_yield
2010-10-15,2.59,us_10y_yield
2010-10-18,2.52,us_10y_yield
2010-10-19,2.50,us_10y_yield
2010-10-20,2.51,us_10y_yield
2010-10-21,2.57,us_10y_yield
2010-10-22,2.59,us_10y_yield
2010-10-25,2.59,us_10y_yield
2010-10-26,2.67,us_10y_yield
2010-10-27,2.75,us_10y_yield
2010-10-28,2.69,us_10y_yield
2010-10-29,2.63,us_10y_yield
2010-11-01,2.66,us_10y_yield
2010-11-02,2.63,us_10y_yield
2010-11-03,2.67,us_10y_yield
2010-11-04,2.53,us_10y_yield
2010-11-05,2.58,us_10y_yield
2010-11-08,2.60,us_10y_yield
2010-11-09,2.72,us_10y_yield
2010-11-10,2.65,us_10y_yield
2010-11-11,.,us_10y_yield
2010-11-12,2.76,us_10y_yield
2010-11-15,2.92,us_10y_yield
2010-11-16,2.85,us_10y_yield
2010-11-17,2.89,us_10y_yield
2010-11-18,2.90,us_10y_yield
2010-11-19,2.88,us_10y_yield
2010-11-22,2.80,us_10y_yield
2010-11-23,2.77,us_10y_yield
2010-11-24,2.93,us_10y_yield
2010-11-25,.,us_10y_yield
2010-11-26,2.87,us_10y_yield
2010-11-29,2.84,us_10y_yield
2010-11-30,2.81,us_10y_yield
2010-12-01,2.97,us_10y_yield
2010-12-02,3.01,us_10y_yield
2010-12-03,3.03,us_10y_yield
2010-12-06,2.95,us_10y_yield
2010-12-07,3.15,us_10y_yield
2010-12-08,3.26,us_10y_yield
2010-12-09,3.23,us_10y_yield
2010-12-10,3.32,us_10y_yield
2010-12-13,3.29,us_10y_yield
2010-12-14,3.49,us_10y_yield
2010-12-15,3.53,us_10y_yield
2010-12-16,3.47,us_10y_yield
2010-12-17,3.33,us_10y_yield
2010-12-20,3.36,us_10y_yield
2010-12-21,3.35,us_10y_yield
2010-12-22,3.36,us_10y_yield
2010-12-23,3.41,us_10y_yield
2010-12-24,.,us_10y_yield
2010-12-27,3.36,us_10y_yield
2010-12-28,3.50,us_10y_yield
2010-12-29,3.35,us_10y_yield
2010-12-30,3.38,us_10y_yield
2010-12-31,3.30,us_10y_yield
2011-01-03,3.36,us_10y_yield
2011-01-04,3.36,us_10y_yield
2011-01-05,3.50,us_10y_yield
2011-01-06,3.44,us_10y_yield
2011-01-07,3.34,us_10y_yield
2011-01-10,3.32,us_10y_yield
2011-01-11,3.37,us_10y_yield
2011-01-12,3.40,us_10y_yield
2011-01-13,3.34,us_10y_yield
2011-01-14,3.35,us_10y_yield
2011-01-17,.,us_10y_yield
2011-01-18,3.39,us_10y_yield
2011-01-19,3.37,us_10y_yield
2011-01-20,3.47,us_10y_yield
2011-01-21,3.44,us_10y_yield
2011-01-24,3.43,us_10y_yield
2011-01-25,3.35,us_10y_yield
2011-01-26,3.45,us_10y_yield
2011-01-27,3.42,us_10y_yield
2011-01-28,3.36,us_10y_yield
2011-01-31,3.42,us_10y_yield
2011-02-01,3.48,us_10y_yield
2011-02-02,3.52,us_10y_yield
2011-02-03,3.58,us_10y_yield
2011-02-04,3.68,us_10y_yield
2011-02-07,3.68,us_10y_yield
2011-02-08,3.75,us_10y_yield
2011-02-09,3.65,us_10y_yield
2011-02-10,3.70,us_10y_yield
2011-02-11,3.64,us_10y_yield
2011-02-14,3.62,us_10y_yield
2011-02-15,3.61,us_10y_yield
2011-02-16,3.62,us_10y_yield
2011-02-17,3.58,us_10y_yield
2011-02-18,3.59,us_10y_yield
2011-02-21,.,us_10y_yield
2011-02-22,3.46,us_10y_yield
2011-02-23,3.49,us_10y_yield
2011-02-24,3.46,us_10y_yield
2011-02-25,3.42,us_10y_yield
2011-02-28,3.42,us_10y_yield
2011-03-01,3.41,us_10y_yield
2011-03-02,3.46,us_10y_yield
2011-03-03,3.58,us_10y_yield
2011-03-04,3.49,us_10y_yield
2011-03-07,3.51,us_10y_yield
2011-03-08,3.56,us_10y_yield
2011-03-09,3.48,us_10y_yield
2011-03-10,3.37,us_10y_yield
2011-03-11,3.40,us_10y_yield
2011-03-14,3.36,us_10y_yield
2011-03-15,3.33,us_10y_yield
2011-03-16,3.22,us_10y_yield
2011-03-17,3.25,us_10y_yield
2011-03-18,3.28,us_10y_yield
2011-03-21,3.34,us_10y_yield
2011-03-22,3.34,us_10y_yield
2011-03-23,3.36,us_10y_yield
2011-03-24,3.42,us_10y_yield
2011-03-25,3.46,us_10y_yield
2011-03-28,3.47,us_10y_yield
2011-03-29,3.50,us_10y_yield
2011-03-30,3.47,us_10y_yield
2011-03-31,3.47,us_10y_yield
2011-04-01,3.46,us_10y_yield
2011-04-04,3.45,us_10y_yield
2011-04-05,3.50,us_10y_yield
2011-04-06,3.56,us_10y_yield
2011-04-07,3.58,us_10y_yield
2011-04-08,3.59,us_10y_yield
2011-04-11,3.59,us_10y_yield
2011-04-12,3.52,us_10y_yield
2011-04-13,3.49,us_10y_yield
2011-04-14,3.51,us_10y_yield
2011-04-15,3.43,us_10y_yield
2011-04-18,3.40,us_10y_yield
2011-04-19,3.39,us_10y_yield
2011-04-20,3.43,us_10y_yield
2011-04-21,3.42,us_10y_yield
2011-04-22,.,us_10y_yield
2011-04-25,3.39,us_10y_yield
2011-04-26,3.34,us_10y_yield
2011-04-27,3.39,us_10y_yield
2011-04-28,3.34,us_10y_yield
2011-04-29,3.32,us_10y_yield
2011-05-02,3.31,us_10y_yield
2011-05-03,3.28,us_10y_yield
2011-05-04,3.25,us_10y_yield
2011-05-05,3.18,us_10y_yield
2011-05-06,3.19,us_10y_yield
2011-05-09,3.17,us_10y_yield
2011-05-10,3.23,us_10y_yield
2011-05-11,3.19,us_10y_yield
2011-05-12,3.22,us_10y_yield
2011-05-13,3.18,us_10y_yield
2011-05-16,3.15,us_10y_yield
2011-05-17,3.12,us_10y_yield
2011-05-18,3.18,us_10y_yield
2011-05-19,3.17,us_10y_yield
2011-05-20,3.15,us_10y_yield
2011-05-23,3.13,us_10y_yield
2011-05-24,3.12,us_10y_yield
2011-05-25,3.13,us_10y_yield
2011-05-26,3.07,us_10y_yield
2011-05-27,3.07,us_10y_yield
2011-05-30,.,us_10y_yield
2011-05-31,3.05,us_10y_yield
2011-06-01,2.96,us_10y_yield
2011-06-02,3.04,us_10y_yield
2011-06-03,2.99,us_10y_yield
2011-06-06,3.01,us_10y_yield
2011-06-07,3.01,us_10y_yield
2011-06-08,2.98,us_10y_yield
2011-06-09,3.01,us_10y_yield
2011-06-10,2.99,us_10y_yield
2011-06-13,3.00,us_10y_yield
2011-06-14,3.11,us_10y_yield
2011-06-15,2.98,us_10y_yield
2011-06-16,2.93,us_10y_yield
2011-06-17,2.94,us_10y_yield
2011-06-20,2.97,us_10y_yield
2011-06-21,2.99,us_10y_yield
2011-06-22,3.01,us_10y_yield
2011-06-23,2.93,us_10y_yield
2011-06-24,2.88,us_10y_yield
2011-06-27,2.95,us_10y_yield
2011-06-28,3.05,us_10y_yield
2011-06-29,3.14,us_10y_yield
2011-06-30,3.18,us_10y_yield
2011-07-01,3.22,us_10y_yield
2011-07-04,.,us_10y_yield
2011-07-05,3.16,us_10y_yield
2011-07-06,3.12,us_10y_yield
2011-07-07,3.17,us_10y_yield
2011-07-08,3.03,us_10y_yield
2011-07-11,2.94,us_10y_yield
2011-07-12,2.92,us_10y_yield
2011-07-13,2.92,us_10y_yield
2011-07-14,2.98,us_10y_yield
2011-07-15,2.94,us_10y_yield
2011-07-18,2.94,us_10y_yield
2011-07-19,2.91,us_10y_yield
2011-07-20,2.96,us_10y_yield
2011-07-21,3.03,us_10y_yield
2011-07-22,2.99,us_10y_yield
2011-07-25,3.03,us_10y_yield
2011-07-26,2.99,us_10y_yield
2011-07-27,3.01,us_10y_yield
2011-07-28,2.98,us_10y_yield
2011-07-29,2.82,us_10y_yield
2011-08-01,2.77,us_10y_yield
2011-08-02,2.66,us_10y_yield
2011-08-03,2.64,us_10y_yield
2011-08-04,2.47,us_10y_yield
2011-08-05,2.58,us_10y_yield
2011-08-08,2.40,us_10y_yield
2011-08-09,2.20,us_10y_yield
2011-08-10,2.17,us_10y_yield
2011-08-11,2.34,us_10y_yield
2011-08-12,2.24,us_10y_yield
2011-08-15,2.29,us_10y_yield
2011-08-16,2.23,us_10y_yield
2011-08-17,2.17,us_10y_yield
2011-08-18,2.08,us_10y_yield
2011-08-19,2.07,us_10y_yield
2011-08-22,2.10,us_10y_yield
2011-08-23,2.15,us_10y_yield
2011-08-24,2.29,us_10y_yield
2011-08-25,2.23,us_10y_yield
2011-08-26,2.19,us_10y_yield
2011-08-29,2.28,us_10y_yield
2011-08-30,2.19,us_10y_yield
2011-08-31,2.23,us_10y_yield
2011-09-01,2.15,us_10y_yield
2011-09-02,2.02,us_10y_yield
2011-09-05,.,us_10y_yield
2011-09-06,1.98,us_10y_yield
2011-09-07,2.05,us_10y_yield
2011-09-08,2.00,us_10y_yield
2011-09-09,1.93,us_10y_yield
2011-09-12,1.94,us_10y_yield
2011-09-13,2.00,us_10y_yield
2011-09-14,2.03,us_10y_yield
2011-09-15,2.09,us_10y_yield
2011-09-16,2.08,us_10y_yield
2011-09-19,1.97,us_10y_yield
2011-09-20,1.95,us_10y_yield
2011-09-21,1.88,us_10y_yield
2011-09-22,1.72,us_10y_yield
2011-09-23,1.84,us_10y_yield
2011-09-26,1.91,us_10y_yield
2011-09-27,2.00,us_10y_yield
2011-09-28,2.03,us_10y_yield
2011-09-29,1.99,us_10y_yield
2011-09-30,1.92,us_10y_yield
2011-10-03,1.80,us_10y_yield
2011-10-04,1.81,us_10y_yield
2011-10-05,1.92,us_10y_yield
2011-10-06,2.01,us_10y_yield
2011-10-07,2.10,us_10y_yield
2011-10-10,.,us_10y_yield
2011-10-11,2.18,us_10y_yield
2011-10-12,2.24,us_10y_yield
2011-10-13,2.19,us_10y_yield
2011-10-14,2.26,us_10y_yield
2011-10-17,2.18,us_10y_yield
2011-10-18,2.19,us_10y_yield
2011-10-19,2.18,us_10y_yield
2011-10-20,2.20,us_10y_yield
2011-10-21,2.23,us_10y_yield
2011-10-24,2.25,us_10y_yield
2011-10-25,2.14,us_10y_yield
2011-10-26,2.23,us_10y_yield
2011-10-27,2.42,us_10y_yield
2011-10-28,2.34,us_10y_yield
2011-10-31,2.17,us_10y_yield
2011-11-01,2.01,us_10y_yield
2011-11-02,2.03,us_10y_yield
2011-11-03,2.09,us_10y_yield
2011-11-04,2.06,us_10y_yield
2011-11-07,2.04,us_10y_yield
2011-11-08,2.10,us_10y_yield
2011-11-09,2.00,us_10y_yield
2011-11-10,2.04,us_10y_yield
2011-11-11,.,us_10y_yield
2011-11-14,2.04,us_10y_yield
2011-11-15,2.06,us_10y_yield
2011-11-16,2.01,us_10y_yield
2011-11-17,1.96,us_10y_yield
2011-11-18,2.01,us_10y_yield
2011-11-21,1.97,us_10y_yield
2011-11-22,1.94,us_10y_yield
2011-11-23,1.89,us_10y_yield
2011-11-24,.,us_10y_yield
2011-11-25,1.97,us_10y_yield
2011-11-28,1.97,us_10y_yield
2011-11-29,2.00,us_10y_yield
2011-11-30,2.08,us_10y_yield
2011-12-01,2.11,us_10y_yield
2011-12-02,2.05,us_10y_yield
2011-12-05,2.04,us_10y_yield
2011-12-06,2.08,us_10y_yield
2011-12-07,2.02,us_10y_yield
2011-12-08,1.99,us_10y_yield
2011-12-09,2.07,us_10y_yield
2011-12-12,2.03,us_10y_yield
2011-12-13,1.96,us_10y_yield
2011-12-14,1.92,us_10y_yield
2011-12-15,1.92,us_10y_yield
2011-12-16,1.86,us_10y_yield
2011-12-19,1.82,us_10y_yield
2011-12-20,1.94,us_10y_yield
2011-12-21,1.98,us_10y_yield
2011-12-22,1.97,us_10y_yield
2011-12-23,2.03,us_10y_yield
2011-12-26,.,us_10y_yield
2011-12-27,2.02,us_10y_yield
2011-12-28,1.93,us_10y_yield
2011-12-29,1.91,us_10y_yield
2011-12-30,1.89,us_10y_yield
2012-01-02,.,us_10y_yield
2012-01-03,1.97,us_10y_yield
2012-01-04,2.00,us_10y_yield
2012-01-05,2.02,us_10y_yield
2012-01-06,1.98,us_10y_yield
2012-01-09,1.98,us_10y_yield
2012-01-10,2.00,us_10y_yield
2012-01-11,1.93,us_10y_yield
2012-01-12,1.94,us_10y_yield
2012-01-13,1.89,us_10y_yield
2012-01-16,.,us_10y_yield
2012-01-17,1.87,us_10y_yield
2012-01-18,1.92,us_10y_yield
2012-01-19,2.01,us_10y_yield
2012-01-20,2.05,us_10y_yield
2012-01-23,2.09,us_10y_yield
2012-01-24,2.08,us_10y_yield
2012-01-25,2.01,us_10y_yield
2012-01-26,1.96,us_10y_yield
2012-01-27,1.93,us_10y_yield
2012-01-30,1.87,us_10y_yield
2012-01-31,1.83,us_10y_yield
2012-02-01,1.87,us_10y_yield
2012-02-02,1.86,us_10y_yield
2012-02-03,1.97,us_10y_yield
2012-02-06,1.93,us_10y_yield
2012-02-07,2.00,us_10y_yield
2012-02-08,2.01,us_10y_yield
2012-02-09,2.04,us_10y_yield
2012-02-10,1.96,us_10y_yield
2012-02-13,1.99,us_10y_yield
2012-02-14,1.92,us_10y_yield
2012-02-15,1.93,us_10y_yield
2012-02-16,1.99,us_10y_yield
2012-02-17,2.01,us_10y_yield
2012-02-20,.,us_10y_yield
2012-02-21,2.05,us_10y_yield
2012-02-22,2.01,us_10y_yield
2012-02-23,1.99,us_10y_yield
2012-02-24,1.98,us_10y_yield
2012-02-27,1.92,us_10y_yield
2012-02-28,1.94,us_10y_yield
2012-02-29,1.98,us_10y_yield
2012-03-01,2.03,us_10y_yield
2012-03-02,1.99,us_10y_yield
2012-03-05,2.00,us_10y_yield
2012-03-06,1.96,us_10y_yield
2012-03-07,1.98,us_10y_yield
2012-03-08,2.03,us_10y_yield
2012-03-09,2.04,us_10y_yield
2012-03-12,2.04,us_10y_yield
2012-03-13,2.14,us_10y_yield
2012-03-14,2.29,us_10y_yield
2012-03-15,2.29,us_10y_yield
2012-03-16,2.31,us_10y_yield
2012-03-19,2.39,us_10y_yield
2012-03-20,2.38,us_10y_yield
2012-03-21,2.31,us_10y_yield
2012-03-22,2.29,us_10y_yield
2012-03-23,2.25,us_10y_yield
2012-03-26,2.26,us_10y_yield
2012-03-27,2.20,us_10y_yield
2012-03-28,2.21,us_10y_yield
2012-03-29,2.18,us_10y_yield
2012-03-30,2.23,us_10y_yield
2012-04-02,2.22,us_10y_yield
2012-04-03,2.30,us_10y_yield
2012-04-04,2.25,us_10y_yield
2012-04-05,2.19,us_10y_yield
2012-04-06,2.07,us_10y_yield
2012-04-09,2.06,us_10y_yield
2012-04-10,2.01,us_10y_yield
2012-04-11,2.05,us_10y_yield
2012-04-12,2.08,us_10y_yield
2012-04-13,2.02,us_10y_yield
2012-04-16,2.00,us_10y_yield
2012-04-17,2.03,us_10y_yield
2012-04-18,2.00,us_10y_yield
2012-04-19,1.98,us_10y_yield
2012-04-20,1.99,us_10y_yield
2012-04-23,1.96,us_10y_yield
2012-04-24,2.00,us_10y_yield
2012-04-25,2.01,us_10y_yield
2012-04-26,1.98,us_10y_yield
2012-04-27,1.96,us_10y_yield
2012-04-30,1.95,us_10y_yield
2012-05-01,1.98,us_10y_yield
2012-05-02,1.96,us_10y_yield
2012-05-03,1.96,us_10y_yield
2012-05-04,1.91,us_10y_yield
2012-05-07,1.92,us_10y_yield
2012-05-08,1.88,us_10y_yield
2012-05-09,1.87,us_10y_yield
2012-05-10,1.89,us_10y_yield
2012-05-11,1.84,us_10y_yield
2012-05-14,1.78,us_10y_yield
2012-05-15,1.76,us_10y_yield
2012-05-16,1.76,us_10y_yield
2012-05-17,1.70,us_10y_yield
2012-05-18,1.71,us_10y_yield
2012-05-21,1.75,us_10y_yield
2012-05-22,1.79,us_10y_yield
2012-05-23,1.73,us_10y_yield
2012-05-24,1.77,us_10y_yield
2012-05-25,1.75,us_10y_yield
2012-05-28,.,us_10y_yield
2012-05-29,1.74,us_10y_yield
2012-05-30,1.63,us_10y_yield
2012-05-31,1.59,us_10y_yield
2012-06-01,1.47,us_10y_yield
2012-06-04,1.53,us_10y_yield
2012-06-05,1.57,us_10y_yield
2012-06-06,1.66,us_10y_yield
2012-06-07,1.66,us_10y_yield
2012-06-08,1.65,us_10y_yield
2012-06-11,1.60,us_10y_yield
2012-06-12,1.67,us_10y_yield
2012-06-13,1.61,us_10y_yield
2012-06-14,1.64,us_10y_yield
2012-06-15,1.60,us_10y_yield
2012-06-18,1.59,us_10y_yield
2012-06-19,1.64,us_10y_yield
2012-06-20,1.65,us_10y_yield
2012-06-21,1.63,us_10y_yield
2012-06-22,1.69,us_10y_yield
2012-06-25,1.63,us_10y_yield
2012-06-26,1.66,us_10y_yield
2012-06-27,1.65,us_10y_yield
2012-06-28,1.60,us_10y_yield
2012-06-29,1.67,us_10y_yield
2012-07-02,1.61,us_10y_yield
2012-07-03,1.65,us_10y_yield
2012-07-04,.,us_10y_yield
2012-07-05,1.62,us_10y_yield
2012-07-06,1.57,us_10y_yield
2012-07-09,1.53,us_10y_yield
2012-07-10,1.53,us_10y_yield
2012-07-11,1.54,us_10y_yield
2012-07-12,1.50,us_10y_yield
2012-07-13,1.52,us_10y_yield
2012-07-16,1.50,us_10y_yield
2012-07-17,1.53,us_10y_yield
2012-07-18,1.52,us_10y_yield
2012-07-19,1.54,us_10y_yield
2012-07-20,1.49,us_10y_yield
2012-07-23,1.47,us_10y_yield
2012-07-24,1.44,us_10y_yield
2012-07-25,1.43,us_10y_yield
2012-07-26,1.45,us_10y_yield
2012-07-27,1.58,us_10y_yield
2012-07-30,1.53,us_10y_yield
2012-07-31,1.51,us_10y_yield
2012-08-01,1.56,us_10y_yield
2012-08-02,1.51,us_10y_yield
2012-08-03,1.60,us_10y_yield
2012-08-06,1.59,us_10y_yield
2012-08-07,1.66,us_10y_yield
2012-08-08,1.68,us_10y_yield
2012-08-09,1.69,us_10y_yield
2012-08-10,1.65,us_10y_yield
2012-08-13,1.65,us_10y_yield
2012-08-14,1.73,us_10y_yield
2012-08-15,1.80,us_10y_yield
2012-08-16,1.83,us_10y_yield
2012-08-17,1.81,us_10y_yield
2012-08-20,1.82,us_10y_yield
2012-08-21,1.80,us_10y_yield
2012-08-22,1.71,us_10y_yield
2012-08-23,1.68,us_10y_yield
2012-08-24,1.68,us_10y_yield
2012-08-27,1.65,us_10y_yield
2012-08-28,1.64,us_10y_yield
2012-08-29,1.66,us_10y_yield
2012-08-30,1.63,us_10y_yield
2012-08-31,1.57,us_10y_yield
2012-09-03,.,us_10y_yield
2012-09-04,1.59,us_10y_yield
2012-09-05,1.60,us_10y_yield
2012-09-06,1.68,us_10y_yield
2012-09-07,1.67,us_10y_yield
2012-09-10,1.68,us_10y_yield
2012-09-11,1.70,us_10y_yield
2012-09-12,1.77,us_10y_yield
2012-09-13,1.75,us_10y_yield
2012-09-14,1.88,us_10y_yield
2012-09-17,1.85,us_10y_yield
2012-09-18,1.82,us_10y_yield
2012-09-19,1.79,us_10y_yield
2012-09-20,1.80,us_10y_yield
2012-09-21,1.77,us_10y_yield
2012-09-24,1.74,us_10y_yield
2012-09-25,1.70,us_10y_yield
2012-09-26,1.64,us_10y_yield
2012-09-27,1.66,us_10y_yield
2012-09-28,1.65,us_10y_yield
2012-10-01,1.64,us_10y_yield
2012-10-02,1.64,us_10y_yield
2012-10-03,1.64,us_10y_yield
2012-10-04,1.70,us_10y_yield
2012-10-05,1.75,us_10y_yield
2012-10-08,.,us_10y_yield
2012-10-09,1.74,us_10y_yield
2012-10-10,1.72,us_10y_yield
2012-10-11,1.70,us_10y_yield
2012-10-12,1.69,us_10y_yield
2012-10-15,1.70,us_10y_yield
2012-10-16,1.75,us_10y_yield
2012-10-17,1.83,us_10y_yield
2012-10-18,1.86,us_10y_yield
2012-10-19,1.79,us_10y_yield
2012-10-22,1.83,us_10y_yield
2012-10-23,1.79,us_10y_yield
2012-10-24,1.80,us_10y_yield
2012-10-25,1.86,us_10y_yield
2012-10-26,1.78,us_10y_yield
2012-10-29,1.74,us_10y_yield
2012-10-30,.,us_10y_yield
2012-10-31,1.72,us_10y_yield
2012-11-01,1.75,us_10y_yield
2012-11-02,1.75,us_10y_yield
2012-11-05,1.72,us_10y_yield
2012-11-06,1.78,us_10y_yield
2012-11-07,1.68,us_10y_yield
2012-11-08,1.62,us_10y_yield
2012-11-09,1.61,us_10y_yield
2012-11-12,.,us_10y_yield
2012-11-13,1.59,us_10y_yield
2012-11-14,1.59,us_10y_yield
2012-11-15,1.58,us_10y_yield
2012-11-16,1.58,us_10y_yield
2012-11-19,1.61,us_10y_yield
2012-11-20,1.66,us_10y_yield
2012-11-21,1.69,us_10y_yield
2012-11-22,.,us_10y_yield
2012-11-23,1.70,us_10y_yield
2012-11-26,1.66,us_10y_yield
2012-11-27,1.64,us_10y_yield
2012-11-28,1.63,us_10y_yield
2012-11-29,1.62,us_10y_yield
2012-11-30,1.62,us_10y_yield
2012-12-03,1.63,us_10y_yield
2012-12-04,1.62,us_10y_yield
2012-12-05,1.60,us_10y_yield
2012-12-06,1.59,us_10y_yield
2012-12-07,1.64,us_10y_yield
2012-12-10,1.63,us_10y_yield
2012-12-11,1.66,us_10y_yield
2012-12-12,1.72,us_10y_yield
2012-12-13,1.74,us_10y_yield
2012-12-14,1.72,us_10y_yield
2012-12-17,1.78,us_10y_yield
2012-12-18,1.84,us_10y_yield
2012-12-19,1.82,us_10y_yield
2012-12-20,1.81,us_10y_yield
2012-12-21,1.77,us_10y_yield
2012-12-24,1.79,us_10y_yield
2012-12-25,.,us_10y_yield
2012-12-26,1.77,us_10y_yield
2012-12-27,1.74,us_10y_yield
2012-12-28,1.73,us_10y_yield
2012-12-31,1.78,us_10y_yield
2013-01-01,.,us_10y_yield
2013-01-02,1.86,us_10y_yield
2013-01-03,1.92,us_10y_yield
2013-01-04,1.93,us_10y_yield
2013-01-07,1.92,us_10y_yield
2013-01-08,1.89,us_10y_yield
2013-01-09,1.88,us_10y_yield
2013-01-10,1.91,us_10y_yield
2013-01-11,1.89,us_10y_yield
2013-01-14,1.89,us_10y_yield
2013-01-15,1.86,us_10y_yield
2013-01-16,1.84,us_10y_yield
2013-01-17,1.89,us_10y_yield
2013-01-18,1.87,us_10y_yield
2013-01-21,.,us_10y_yield
2013-01-22,1.86,us_10y_yield
2013-01-23,1.86,us_10y_yield
2013-01-24,1.88,us_10y_yield
2013-01-25,1.98,us_10y_yield
2013-01-28,2.00,us_10y_yield
2013-01-29,2.03,us_10y_yield
2013-01-30,2.03,us_10y_yield
2013-01-31,2.02,us_10y_yield
2013-02-01,2.04,us_10y_yield
2013-02-04,2.00,us_10y_yield
2013-02-05,2.04,us_10y_yield
2013-02-06,2.00,us_10y_yield
2013-02-07,1.99,us_10y_yield
2013-02-08,1.99,us_10y_yield
2013-02-11,1.99,us_10y_yield
2013-02-12,2.02,us_10y_yield
2013-02-13,2.05,us_10y_yield
2013-02-14,2.00,us_10y_yield
2013-02-15,2.01,us_10y_yield
2013-02-18,.,us_10y_yield
2013-02-19,2.03,us_10y_yield
2013-02-20,2.02,us_10y_yield
2013-02-21,1.99,us_10y_yield
2013-02-22,1.97,us_10y_yield
2013-02-25,1.88,us_10y_yield
2013-02-26,1.88,us_10y_yield
2013-02-27,1.91,us_10y_yield
2013-02-28,1.89,us_10y_yield
2013-03-01,1.86,us_10y_yield
2013-03-04,1.88,us_10y_yield
2013-03-05,1.90,us_10y_yield
2013-03-06,1.95,us_10y_yield
2013-03-07,2.00,us_10y_yield
2013-03-08,2.06,us_10y_yield
2013-03-11,2.07,us_10y_yield
2013-03-12,2.03,us_10y_yield
2013-03-13,2.04,us_10y_yield
2013-03-14,2.04,us_10y_yield
2013-03-15,2.01,us_10y_yield
2013-03-18,1.96,us_10y_yield
2013-03-19,1.92,us_10y_yield
2013-03-20,1.96,us_10y_yield
2013-03-21,1.95,us_10y_yield
2013-03-22,1.93,us_10y_yield
2013-03-25,1.93,us_10y_yield
2013-03-26,1.92,us_10y_yield
2013-03-27,1.87,us_10y_yield
2013-03-28,1.87,us_10y_yield
2013-03-29,.,us_10y_yield
2013-04-01,1.86,us_10y_yield
2013-04-02,1.88,us_10y_yield
2013-04-03,1.83,us_10y_yield
2013-04-04,1.78,us_10y_yield
2013-04-05,1.72,us_10y_yield
2013-04-08,1.76,us_10y_yield
2013-04-09,1.78,us_10y_yield
2013-04-10,1.84,us_10y_yield
2013-04-11,1.82,us_10y_yield
2013-04-12,1.75,us_10y_yield
2013-04-15,1.72,us_10y_yield
2013-04-16,1.75,us_10y_yield
2013-04-17,1.73,us_10y_yield
2013-04-18,1.72,us_10y_yield
2013-04-19,1.73,us_10y_yield
2013-04-22,1.72,us_10y_yield
2013-04-23,1.74,us_10y_yield
2013-04-24,1.73,us_10y_yield
2013-04-25,1.74,us_10y_yield
2013-04-26,1.70,us_10y_yield
2013-04-29,1.70,us_10y_yield
2013-04-30,1.70,us_10y_yield
2013-05-01,1.66,us_10y_yield
2013-05-02,1.66,us_10y_yield
2013-05-03,1.78,us_10y_yield
2013-05-06,1.80,us_10y_yield
2013-05-07,1.82,us_10y_yield
2013-05-08,1.81,us_10y_yield
2013-05-09,1.81,us_10y_yield
2013-05-10,1.90,us_10y_yield
2013-05-13,1.92,us_10y_yield
2013-05-14,1.96,us_10y_yield
2013-05-15,1.94,us_10y_yield
2013-05-16,1.87,us_10y_yield
2013-05-17,1.95,us_10y_yield
2013-05-20,1.97,us_10y_yield
2013-05-21,1.94,us_10y_yield
2013-05-22,2.03,us_10y_yield
2013-05-23,2.02,us_10y_yield
2013-05-24,2.01,us_10y_yield
2013-05-27,.,us_10y_yield
2013-05-28,2.15,us_10y_yield
2013-05-29,2.13,us_10y_yield
2013-05-30,2.13,us_10y_yield
2013-05-31,2.16,us_10y_yield
2013-06-03,2.13,us_10y_yield
2013-06-04,2.14,us_10y_yield
2013-06-05,2.10,us_10y_yield
2013-06-06,2.08,us_10y_yield
2013-06-07,2.17,us_10y_yield
2013-06-10,2.22,us_10y_yield
2013-06-11,2.20,us_10y_yield
2013-06-12,2.25,us_10y_yield
2013-06-13,2.19,us_10y_yield
2013-06-14,2.14,us_10y_yield
2013-06-17,2.19,us_10y_yield
2013-06-18,2.20,us_10y_yield
2013-06-19,2.33,us_10y_yield
2013-06-20,2.41,us_10y_yield
2013-06-21,2.52,us_10y_yield
2013-06-24,2.57,us_10y_yield
2013-06-25,2.60,us_10y_yield
2013-06-26,2.55,us_10y_yield
2013-06-27,2.49,us_10y_yield
2013-06-28,2.52,us_10y_yield
2013-07-01,2.50,us_10y_yield
2013-07-02,2.48,us_10y_yield
2013-07-03,2.52,us_10y_yield
2013-07-04,.,us_10y_yield
2013-07-05,2.73,us_10y_yield
2013-07-08,2.65,us_10y_yield
2013-07-09,2.65,us_10y_yield
2013-07-10,2.70,us_10y_yield
2013-07-11,2.60,us_10y_yield
2013-07-12,2.61,us_10y_yield
2013-07-15,2.57,us_10y_yield
2013-07-16,2.55,us_10y_yield
2013-07-17,2.52,us_10y_yield
2013-07-18,2.56,us_10y_yield
2013-07-19,2.50,us_10y_yield
2013-07-22,2.50,us_10y_yield
2013-07-23,2.53,us_10y_yield
2013-07-24,2.61,us_10y_yield
2013-07-25,2.61,us_10y_yield
2013-07-26,2.58,us_10y_yield
2013-07-29,2.61,us_10y_yield
2013-07-30,2.63,us_10y_yield
2013-07-31,2.60,us_10y_yield
2013-08-01,2.74,us_10y_yield
2013-08-02,2.63,us_10y_yield
2013-08-05,2.67,us_10y_yield
2013-08-06,2.67,us_10y_yield
2013-08-07,2.61,us_10y_yield
2013-08-08,2.58,us_10y_yield
2013-08-09,2.57,us_10y_yield
2013-08-12,2.61,us_10y_yield
2013-08-13,2.71,us_10y_yield
2013-08-14,2.71,us_10y_yield
2013-08-15,2.77,us_10y_yield
2013-08-16,2.84,us_10y_yield
2013-08-19,2.88,us_10y_yield
2013-08-20,2.82,us_10y_yield
2013-08-21,2.87,us_10y_yield
2013-08-22,2.90,us_10y_yield
2013-08-23,2.82,us_10y_yield
2013-08-26,2.79,us_10y_yield
2013-08-27,2.72,us_10y_yield
2013-08-28,2.78,us_10y_yield
2013-08-29,2.75,us_10y_yield
2013-08-30,2.78,us_10y_yield
2013-09-02,.,us_10y_yield
2013-09-03,2.86,us_10y_yield
2013-09-04,2.90,us_10y_yield
2013-09-05,2.98,us_10y_yield
2013-09-06,2.94,us_10y_yield
2013-09-09,2.90,us_10y_yield
2013-09-10,2.96,us_10y_yield
2013-09-11,2.93,us_10y_yield
2013-09-12,2.92,us_10y_yield
2013-09-13,2.90,us_10y_yield
2013-09-16,2.88,us_10y_yield
2013-09-17,2.86,us_10y_yield
2013-09-18,2.69,us_10y_yield
2013-09-19,2.76,us_10y_yield
2013-09-20,2.75,us_10y_yield
2013-09-23,2.72,us_10y_yield
2013-09-24,2.67,us_10y_yield
2013-09-25,2.63,us_10y_yield
2013-09-26,2.66,us_10y_yield
2013-09-27,2.64,us_10y_yield
2013-09-30,2.64,us_10y_yield
2013-10-01,2.66,us_10y_yield
2013-10-02,2.63,us_10y_yield
2013-10-03,2.62,us_10y_yield
2013-10-04,2.66,us_10y_yield
2013-10-07,2.65,us_10y_yield
2013-10-08,2.66,us_10y_yield
2013-10-09,2.68,us_10y_yield
2013-10-10,2.71,us_10y_yield
2013-10-11,2.70,us_10y_yield
2013-10-14,.,us_10y_yield
2013-10-15,2.75,us_10y_yield
2013-10-16,2.69,us_10y_yield
2013-10-17,2.61,us_10y_yield
2013-10-18,2.60,us_10y_yield
2013-10-21,2.63,us_10y_yield
2013-10-22,2.54,us_10y_yield
2013-10-23,2.51,us_10y_yield
2013-10-24,2.53,us_10y_yield
2013-10-25,2.53,us_10y_yield
2013-10-28,2.54,us_10y_yield
2013-10-29,2.53,us_10y_yield
2013-10-30,2.55,us_10y_yield
2013-10-31,2.57,us_10y_yield
2013-11-01,2.65,us_10y_yield
2013-11-04,2.63,us_10y_yield
2013-11-05,2.69,us_10y_yield
2013-11-06,2.67,us_10y_yield
2013-11-07,2.63,us_10y_yield
2013-11-08,2.77,us_10y_yield
2013-11-11,.,us_10y_yield
2013-11-12,2.80,us_10y_yield
2013-11-13,2.75,us_10y_yield
2013-11-14,2.69,us_10y_yield
2013-11-15,2.71,us_10y_yield
2013-11-18,2.67,us_10y_yield
2013-11-19,2.71,us_10y_yield
2013-11-20,2.80,us_10y_yield
2013-11-21,2.79,us_10y_yield
2013-11-22,2.75,us_10y_yield
2013-11-25,2.74,us_10y_yield
2013-11-26,2.71,us_10y_yield
2013-11-27,2.74,us_10y_yield
2013-11-28,.,us_10y_yield
2013-11-29,2.75,us_10y_yield
2013-12-02,2.81,us_10y_yield
2013-12-03,2.79,us_10y_yield
2013-12-04,2.84,us_10y_yield
2013-12-05,2.88,us_10y_yield
2013-12-06,2.88,us_10y_yield
2013-12-09,2.86,us_10y_yield
2013-12-10,2.81,us_10y_yield
2013-12-11,2.86,us_10y_yield
2013-12-12,2.89,us_10y_yield
2013-12-13,2.88,us_10y_yield
2013-12-16,2.89,us_10y_yield
2013-12-17,2.85,us_10y_yield
2013-12-18,2.89,us_10y_yield
2013-12-19,2.94,us_10y_yield
2013-12-20,2.89,us_10y_yield
2013-12-23,2.94,us_10y_yield
2013-12-24,2.99,us_10y_yield
2013-12-25,.,us_10y_yield
2013-12-26,3.00,us_10y_yield
2013-12-27,3.02,us_10y_yield
2013-12-30,2.99,us_10y_yield
2013-12-31,3.04,us_10y_yield
2014-01-01,.,us_10y_yield
2014-01-02,3.00,us_10y_yield
2014-01-03,3.01,us_10y_yield
2014-01-06,2.98,us_10y_yield
2014-01-07,2.96,us_10y_yield
2014-01-08,3.01,us_10y_yield
2014-01-09,2.97,us_10y_yield
2014-01-10,2.88,us_10y_yield
2014-01-13,2.84,us_10y_yield
2014-01-14,2.88,us_10y_yield
2014-01-15,2.90,us_10y_yield
2014-01-16,2.86,us_10y_yield
2014-01-17,2.84,us_10y_yield
2014-01-20,.,us_10y_yield
2014-01-21,2.85,us_10y_yield
2014-01-22,2.87,us_10y_yield
2014-01-23,2.79,us_10y_yield
2014-01-24,2.75,us_10y_yield
2014-01-27,2.78,us_10y_yield
2014-01-28,2.77,us_10y_yield
2014-01-29,2.69,us_10y_yield
2014-01-30,2.72,us_10y_yield
2014-01-31,2.67,us_10y_yield
2014-02-03,2.61,us_10y_yield
2014-02-04,2.64,us_10y_yield
2014-02-05,2.70,us_10y_yield
2014-02-06,2.73,us_10y_yield
2014-02-07,2.71,us_10y_yield
2014-02-10,2.70,us_10y_yield
2014-02-11,2.75,us_10y_yield
2014-02-12,2.80,us_10y_yield
2014-02-13,2.73,us_10y_yield
2014-02-14,2.75,us_10y_yield
2014-02-17,.,us_10y_yield
2014-02-18,2.71,us_10y_yield
2014-02-19,2.73,us_10y_yield
2014-02-20,2.76,us_10y_yield
2014-02-21,2.73,us_10y_yield
2014-02-24,2.75,us_10y_yield
2014-02-25,2.70,us_10y_yield
2014-02-26,2.67,us_10y_yield
2014-02-27,2.65,us_10y_yield
2014-02-28,2.66,us_10y_yield
2014-03-03,2.60,us_10y_yield
2014-03-04,2.70,us_10y_yield
2014-03-05,2.70,us_10y_yield
2014-03-06,2.74,us_10y_yield
2014-03-07,2.80,us_10y_yield
2014-03-10,2.79,us_10y_yield
2014-03-11,2.77,us_10y_yield
2014-03-12,2.73,us_10y_yield
2014-03-13,2.66,us_10y_yield
2014-03-14,2.65,us_10y_yield
2014-03-17,2.70,us_10y_yield
2014-03-18,2.68,us_10y_yield
2014-03-19,2.78,us_10y_yield
2014-03-20,2.79,us_10y_yield
2014-03-21,2.75,us_10y_yield
2014-03-24,2.74,us_10y_yield
2014-03-25,2.75,us_10y_yield
2014-03-26,2.71,us_10y_yield
2014-03-27,2.69,us_10y_yield
2014-03-28,2.73,us_10y_yield
2014-03-31,2.73,us_10y_yield
2014-04-01,2.77,us_10y_yield
2014-04-02,2.82,us_10y_yield
2014-04-03,2.80,us_10y_yield
2014-04-04,2.74,us_10y_yield
2014-04-07,2.71,us_10y_yield
2014-04-08,2.69,us_10y_yield
2014-04-09,2.71,us_10y_yield
2014-04-10,2.65,us_10y_yield
2014-04-11,2.63,us_10y_yield
2014-04-14,2.65,us_10y_yield
2014-04-15,2.64,us_10y_yield
2014-04-16,2.65,us_10y_yield
2014-04-17,2.73,us_10y_yield
2014-04-18,.,us_10y_yield
2014-04-21,2.73,us_10y_yield
2014-04-22,2.73,us_10y_yield
2014-04-23,2.70,us_10y_yield
2014-04-24,2.70,us_10y_yield
2014-04-25,2.68,us_10y_yield
2014-04-28,2.70,us_10y_yield
2014-04-29,2.71,us_10y_yield
2014-04-30,2.67,us_10y_yield
2014-05-01,2.63,us_10y_yield
2014-05-02,2.60,us_10y_yield
2014-05-05,2.63,us_10y_yield
2014-05-06,2.61,us_10y_yield
2014-05-07,2.62,us_10y_yield
2014-05-08,2.61,us_10y_yield
2014-05-09,2.62,us_10y_yield
2014-05-12,2.66,us_10y_yield
2014-05-13,2.61,us_10y_yield
2014-05-14,2.54,us_10y_yield
2014-05-15,2.50,us_10y_yield
2014-05-16,2.52,us_10y_yield
2014-05-19,2.54,us_10y_yield
2014-05-20,2.52,us_10y_yield
2014-05-21,2.54,us_10y_yield
2014-05-22,2.56,us_10y_yield
2014-05-23,2.54,us_10y_yield
2014-05-26,.,us_10y_yield
2014-05-27,2.52,us_10y_yield
2014-05-28,2.44,us_10y_yield
2014-05-29,2.45,us_10y_yield
2014-05-30,2.48,us_10y_yield
2014-06-02,2.54,us_10y_yield
2014-06-03,2.60,us_10y_yield
2014-06-04,2.61,us_10y_yield
2014-06-05,2.59,us_10y_yield
2014-06-06,2.60,us_10y_yield
2014-06-09,2.62,us_10y_yield
2014-06-10,2.64,us_10y_yield
2014-06-11,2.65,us_10y_yield
2014-06-12,2.58,us_10y_yield
2014-06-13,2.60,us_10y_yield
2014-06-16,2.61,us_10y_yield
2014-06-17,2.66,us_10y_yield
2014-06-18,2.61,us_10y_yield
2014-06-19,2.64,us_10y_yield
2014-06-20,2.63,us_10y_yield
2014-06-23,2.63,us_10y_yield
2014-06-24,2.59,us_10y_yield
2014-06-25,2.57,us_10y_yield
2014-06-26,2.53,us_10y_yield
2014-06-27,2.54,us_10y_yield
2014-06-30,2.53,us_10y_yield
2014-07-01,2.58,us_10y_yield
2014-07-02,2.64,us_10y_yield
2014-07-03,2.65,us_10y_yield
2014-07-04,.,us_10y_yield
2014-07-07,2.63,us_10y_yield
2014-07-08,2.58,us_10y_yield
2014-07-09,2.57,us_10y_yield
2014-07-10,2.55,us_10y_yield
2014-07-11,2.53,us_10y_yield
2014-07-14,2.55,us_10y_yield
2014-07-15,2.56,us_10y_yield
2014-07-16,2.55,us_10y_yield
2014-07-17,2.47,us_10y_yield
2014-07-18,2.50,us_10y_yield
2014-07-21,2.49,us_10y_yield
2014-07-22,2.48,us_10y_yield
2014-07-23,2.48,us_10y_yield
2014-07-24,2.52,us_10y_yield
2014-07-25,2.48,us_10y_yield
2014-07-28,2.50,us_10y_yield
2014-07-29,2.47,us_10y_yield
2014-07-30,2.57,us_10y_yield
2014-07-31,2.58,us_10y_yield
2014-08-01,2.52,us_10y_yield
2014-08-04,2.51,us_10y_yield
2014-08-05,2.49,us_10y_yield
2014-08-06,2.49,us_10y_yield
2014-08-07,2.43,us_10y_yield
2014-08-08,2.44,us_10y_yield
2014-08-11,2.44,us_10y_yield
2014-08-12,2.46,us_10y_yield
2014-08-13,2.43,us_10y_yield
2014-08-14,2.40,us_10y_yield
2014-08-15,2.34,us_10y_yield
2014-08-18,2.39,us_10y_yield
2014-08-19,2.40,us_10y_yield
2014-08-20,2.43,us_10y_yield
2014-08-21,2.41,us_10y_yield
2014-08-22,2.40,us_10y_yield
2014-08-25,2.39,us_10y_yield
2014-08-26,2.39,us_10y_yield
2014-08-27,2.37,us_10y_yield
2014-08-28,2.34,us_10y_yield
2014-08-29,2.35,us_10y_yield
2014-09-01,.,us_10y_yield
2014-09-02,2.42,us_10y_yield
2014-09-03,2.41,us_10y_yield
2014-09-04,2.45,us_10y_yield
2014-09-05,2.46,us_10y_yield
2014-09-08,2.48,us_10y_yield
2014-09-09,2.50,us_10y_yield
2014-09-10,2.54,us_10y_yield
2014-09-11,2.54,us_10y_yield
2014-09-12,2.62,us_10y_yield
2014-09-15,2.60,us_10y_yield
2014-09-16,2.60,us_10y_yield
2014-09-17,2.62,us_10y_yield
2014-09-18,2.63,us_10y_yield
2014-09-19,2.59,us_10y_yield
2014-09-22,2.57,us_10y_yield
2014-09-23,2.54,us_10y_yield
2014-09-24,2.57,us_10y_yield
2014-09-25,2.52,us_10y_yield
2014-09-26,2.54,us_10y_yield
2014-09-29,2.50,us_10y_yield
2014-09-30,2.52,us_10y_yield
2014-10-01,2.42,us_10y_yield
2014-10-02,2.44,us_10y_yield
2014-10-03,2.45,us_10y_yield
2014-10-06,2.43,us_10y_yield
2014-10-07,2.36,us_10y_yield
2014-10-08,2.35,us_10y_yield
2014-10-09,2.34,us_10y_yield
2014-10-10,2.31,us_10y_yield
2014-10-13,.,us_10y_yield
2014-10-14,2.21,us_10y_yield
2014-10-15,2.15,us_10y_yield
2014-10-16,2.17,us_10y_yield
2014-10-17,2.22,us_10y_yield
2014-10-20,2.20,us_10y_yield
2014-10-21,2.23,us_10y_yield
2014-10-22,2.25,us_10y_yield
2014-10-23,2.29,us_10y_yield
2014-10-24,2.29,us_10y_yield
2014-10-27,2.27,us_10y_yield
2014-10-28,2.30,us_10y_yield
2014-10-29,2.34,us_10y_yield
2014-10-30,2.32,us_10y_yield
2014-10-31,2.35,us_10y_yield
2014-11-03,2.36,us_10y_yield
2014-11-04,2.35,us_10y_yield
2014-11-05,2.36,us_10y_yield
2014-11-06,2.39,us_10y_yield
2014-11-07,2.32,us_10y_yield
2014-11-10,2.38,us_10y_yield
2014-11-11,.,us_10y_yield
2014-11-12,2.37,us_10y_yield
2014-11-13,2.35,us_10y_yield
2014-11-14,2.32,us_10y_yield
2014-11-17,2.34,us_10y_yield
2014-11-18,2.32,us_10y_yield
2014-11-19,2.36,us_10y_yield
2014-11-20,2.34,us_10y_yield
2014-11-21,2.31,us_10y_yield
2014-11-24,2.30,us_10y_yield
2014-11-25,2.27,us_10y_yield
2014-11-26,2.24,us_10y_yield
2014-11-27,.,us_10y_yield
2014-11-28,2.18,us_10y_yield
2014-12-01,2.22,us_10y_yield
2014-12-02,2.28,us_10y_yield
2014-12-03,2.29,us_10y_yield
2014-12-04,2.25,us_10y_yield
2014-12-05,2.31,us_10y_yield
2014-12-08,2.26,us_10y_yield
2014-12-09,2.22,us_10y_yield
2014-12-10,2.18,us_10y_yield
2014-12-11,2.19,us_10y_yield
2014-12-12,2.10,us_10y_yield
2014-12-15,2.12,us_10y_yield
2014-12-16,2.07,us_10y_yield
2014-12-17,2.14,us_10y_yield
2014-12-18,2.22,us_10y_yield
2014-12-19,2.17,us_10y_yield
2014-12-22,2.17,us_10y_yield
2014-12-23,2.26,us_10y_yield
2014-12-24,2.27,us_10y_yield
2014-12-25,.,us_10y_yield
2014-12-26,2.25,us_10y_yield
2014-12-29,2.22,us_10y_yield
2014-12-30,2.20,us_10y_yield
2014-12-31,2.17,us_10y_yield
2015-01-01,.,us_10y_yield
2015-01-02,2.12,us_10y_yield
2015-01-05,2.04,us_10y_yield
2015-01-06,1.97,us_10y_yield
2015-01-07,1.96,us_10y_yield
2015-01-08,2.03,us_10y_yield
2015-01-09,1.98,us_10y_yield
2015-01-12,1.92,us_10y_yield
2015-01-13,1.91,us_10y_yield
2015-01-14,1.86,us_10y_yield
2015-01-15,1.77,us_10y_yield
2015-01-16,1.83,us_10y_yield
2015-01-19,.,us_10y_yield
2015-01-20,1.82,us_10y_yield
2015-01-21,1.87,us_10y_yield
2015-01-22,1.90,us_10y_yield
2015-01-23,1.81,us_10y_yield
2015-01-26,1.83,us_10y_yield
2015-01-27,1.83,us_10y_yield
2015-01-28,1.73,us_10y_yield
2015-01-29,1.77,us_10y_yield
2015-01-30,1.68,us_10y_yield
2015-02-02,1.68,us_10y_yield
2015-02-03,1.79,us_10y_yield
2015-02-04,1.81,us_10y_yield
2015-02-05,1.83,us_10y_yield
2015-02-06,1.95,us_10y_yield
2015-02-09,1.96,us_10y_yield
2015-02-10,2.01,us_10y_yield
2015-02-11,2.00,us_10y_yield
2015-02-12,1.99,us_10y_yield
2015-02-13,2.02,us_10y_yield
2015-02-16,.,us_10y_yield
2015-02-17,2.14,us_10y_yield
2015-02-18,2.07,us_10y_yield
2015-02-19,2.11,us_10y_yield
2015-02-20,2.13,us_10y_yield
2015-02-23,2.06,us_10y_yield
2015-02-24,1.99,us_10y_yield
2015-02-25,1.96,us_10y_yield
2015-02-26,2.03,us_10y_yield
2015-02-27,2.00,us_10y_yield
2015-03-02,2.08,us_10y_yield
2015-03-03,2.12,us_10y_yield
2015-03-04,2.12,us_10y_yield
2015-03-05,2.11,us_10y_yield
2015-03-06,2.24,us_10y_yield
2015-03-09,2.20,us_10y_yield
2015-03-10,2.14,us_10y_yield
2015-03-11,2.11,us_10y_yield
2015-03-12,2.10,us_10y_yield
2015-03-13,2.13,us_10y_yield
2015-03-16,2.10,us_10y_yield
2015-03-17,2.06,us_10y_yield
2015-03-18,1.93,us_10y_yield
2015-03-19,1.98,us_10y_yield
2015-03-20,1.93,us_10y_yield
2015-03-23,1.92,us_10y_yield
2015-03-24,1.88,us_10y_yield
2015-03-25,1.93,us_10y_yield
2015-03-26,2.01,us_10y_yield
2015-03-27,1.95,us_10y_yield
2015-03-30,1.96,us_10y_yield
2015-03-31,1.94,us_10y_yield
2015-04-01,1.87,us_10y_yield
2015-04-02,1.92,us_10y_yield
2015-04-03,1.85,us_10y_yield
2015-04-06,1.92,us_10y_yield
2015-04-07,1.89,us_10y_yield
2015-04-08,1.92,us_10y_yield
2015-04-09,1.97,us_10y_yield
2015-04-10,1.96,us_10y_yield
2015-04-13,1.94,us_10y_yield
2015-04-14,1.90,us_10y_yield
2015-04-15,1.91,us_10y_yield
2015-04-16,1.90,us_10y_yield
2015-04-17,1.87,us_10y_yield
2015-04-20,1.90,us_10y_yield
2015-04-21,1.92,us_10y_yield
2015-04-22,1.99,us_10y_yield
2015-04-23,1.96,us_10y_yield
2015-04-24,1.93,us_10y_yield
2015-04-27,1.94,us_10y_yield
2015-04-28,2.00,us_10y_yield
2015-04-29,2.06,us_10y_yield
2015-04-30,2.05,us_10y_yield
2015-05-01,2.12,us_10y_yield
2015-05-04,2.16,us_10y_yield
2015-05-05,2.19,us_10y_yield
2015-05-06,2.25,us_10y_yield
2015-05-07,2.18,us_10y_yield
2015-05-08,2.16,us_10y_yield
2015-05-11,2.28,us_10y_yield
2015-05-12,2.28,us_10y_yield
2015-05-13,2.27,us_10y_yield
2015-05-14,2.23,us_10y_yield
2015-05-15,2.14,us_10y_yield
2015-05-18,2.23,us_10y_yield
2015-05-19,2.27,us_10y_yield
2015-05-20,2.26,us_10y_yield
2015-05-21,2.19,us_10y_yield
2015-05-22,2.21,us_10y_yield
2015-05-25,.,us_10y_yield
2015-05-26,2.14,us_10y_yield
2015-05-27,2.14,us_10y_yield
2015-05-28,2.13,us_10y_yield
2015-05-29,2.12,us_10y_yield
2015-06-01,2.19,us_10y_yield
2015-06-02,2.27,us_10y_yield
2015-06-03,2.38,us_10y_yield
2015-06-04,2.31,us_10y_yield
2015-06-05,2.41,us_10y_yield
2015-06-08,2.39,us_10y_yield
2015-06-09,2.42,us_10y_yield
2015-06-10,2.50,us_10y_yield
2015-06-11,2.39,us_10y_yield
2015-06-12,2.39,us_10y_yield
2015-06-15,2.36,us_10y_yield
2015-06-16,2.32,us_10y_yield
2015-06-17,2.32,us_10y_yield
2015-06-18,2.35,us_10y_yield
2015-06-19,2.26,us_10y_yield
2015-06-22,2.37,us_10y_yield
2015-06-23,2.42,us_10y_yield
2015-06-24,2.38,us_10y_yield
2015-06-25,2.40,us_10y_yield
2015-06-26,2.49,us_10y_yield
2015-06-29,2.33,us_10y_yield
2015-06-30,2.35,us_10y_yield
2015-07-01,2.43,us_10y_yield
2015-07-02,2.40,us_10y_yield
2015-07-03,.,us_10y_yield
2015-07-06,2.30,us_10y_yield
2015-07-07,2.27,us_10y_yield
2015-07-08,2.22,us_10y_yield
2015-07-09,2.32,us_10y_yield
2015-07-10,2.42,us_10y_yield
2015-07-13,2.44,us_10y_yield
2015-07-14,2.41,us_10y_yield
2015-07-15,2.36,us_10y_yield
2015-07-16,2.36,us_10y_yield
2015-07-17,2.34,us_10y_yield
2015-07-20,2.38,us_10y_yield
2015-07-21,2.35,us_10y_yield
2015-07-22,2.33,us_10y_yield
2015-07-23,2.28,us_10y_yield
2015-07-24,2.27,us_10y_yield
2015-07-27,2.23,us_10y_yield
2015-07-28,2.26,us_10y_yield
2015-07-29,2.29,us_10y_yield
2015-07-30,2.28,us_10y_yield
2015-07-31,2.20,us_10y_yield
2015-08-03,2.16,us_10y_yield
2015-08-04,2.23,us_10y_yield
2015-08-05,2.28,us_10y_yield
2015-08-06,2.23,us_10y_yield
2015-08-07,2.18,us_10y_yield
2015-08-10,2.24,us_10y_yield
2015-08-11,2.15,us_10y_yield
2015-08-12,2.14,us_10y_yield
2015-08-13,2.19,us_10y_yield
2015-08-14,2.20,us_10y_yield
2015-08-17,2.16,us_10y_yield
2015-08-18,2.20,us_10y_yield
2015-08-19,2.12,us_10y_yield
2015-08-20,2.09,us_10y_yield
2015-08-21,2.05,us_10y_yield
2015-08-24,2.01,us_10y_yield
2015-08-25,2.12,us_10y_yield
2015-08-26,2.18,us_10y_yield
2015-08-27,2.18,us_10y_yield
2015-08-28,2.19,us_10y_yield
2015-08-31,2.21,us_10y_yield
2015-09-01,2.17,us_10y_yield
2015-09-02,2.20,us_10y_yield
2015-09-03,2.18,us_10y_yield
2015-09-04,2.13,us_10y_yield
2015-09-07,.,us_10y_yield
2015-09-08,2.20,us_10y_yield
2015-09-09,2.21,us_10y_yield
2015-09-10,2.23,us_10y_yield
2015-09-11,2.20,us_10y_yield
2015-09-14,2.18,us_10y_yield
2015-09-15,2.28,us_10y_yield
2015-09-16,2.30,us_10y_yield
2015-09-17,2.21,us_10y_yield
2015-09-18,2.13,us_10y_yield
2015-09-21,2.20,us_10y_yield
2015-09-22,2.14,us_10y_yield
2015-09-23,2.16,us_10y_yield
2015-09-24,2.13,us_10y_yield
2015-09-25,2.17,us_10y_yield
2015-09-28,2.10,us_10y_yield
2015-09-29,2.05,us_10y_yield
2015-09-30,2.06,us_10y_yield
2015-10-01,2.05,us_10y_yield
2015-10-02,1.99,us_10y_yield
2015-10-05,2.07,us_10y_yield
2015-10-06,2.05,us_10y_yield
2015-10-07,2.08,us_10y_yield
2015-10-08,2.12,us_10y_yield
2015-10-09,2.12,us_10y_yield
2015-10-12,.,us_10y_yield
2015-10-13,2.06,us_10y_yield
2015-10-14,1.99,us_10y_yield
2015-10-15,2.04,us_10y_yield
2015-10-16,2.04,us_10y_yield
2015-10-19,2.04,us_10y_yield
2015-10-20,2.08,us_10y_yield
2015-10-21,2.04,us_10y_yield
2015-10-22,2.04,us_10y_yield
2015-10-23,2.09,us_10y_yield
2015-10-26,2.07,us_10y_yield
2015-10-27,2.05,us_10y_yield
2015-10-28,2.10,us_10y_yield
2015-10-29,2.19,us_10y_yield
2015-10-30,2.16,us_10y_yield
2015-11-02,2.20,us_10y_yield
2015-11-03,2.23,us_10y_yield
2015-11-04,2.25,us_10y_yield
2015-11-05,2.26,us_10y_yield
2015-11-06,2.34,us_10y_yield
2015-11-09,2.36,us_10y_yield
2015-11-10,2.32,us_10y_yield
2015-11-11,.,us_10y_yield
2015-11-12,2.32,us_10y_yield
2015-11-13,2.28,us_10y_yield
2015-11-16,2.27,us_10y_yield
2015-11-17,2.25,us_10y_yield
2015-11-18,2.27,us_10y_yield
2015-11-19,2.24,us_10y_yield
2015-11-20,2.26,us_10y_yield
2015-11-23,2.25,us_10y_yield
2015-11-24,2.24,us_10y_yield
2015-11-25,2.23,us_10y_yield
2015-11-26,.,us_10y_yield
2015-11-27,2.22,us_10y_yield
2015-11-30,2.21,us_10y_yield
2015-12-01,2.15,us_10y_yield
2015-12-02,2.18,us_10y_yield
2015-12-03,2.33,us_10y_yield
2015-12-04,2.28,us_10y_yield
2015-12-07,2.23,us_10y_yield
2015-12-08,2.24,us_10y_yield
2015-12-09,2.22,us_10y_yield
2015-12-10,2.24,us_10y_yield
2015-12-11,2.13,us_10y_yield
2015-12-14,2.23,us_10y_yield
2015-12-15,2.28,us_10y_yield
2015-12-16,2.30,us_10y_yield
2015-12-17,2.24,us_10y_yield
2015-12-18,2.19,us_10y_yield
2015-12-21,2.20,us_10y_yield
2015-12-22,2.24,us_10y_yield
2015-12-23,2.27,us_10y_yield
2015-12-24,2.25,us_10y_yield
2015-12-25,.,us_10y_yield
2015-12-28,2.24,us_10y_yield
2015-12-29,2.32,us_10y_yield
2015-12-30,2.31,us_10y_yield
2015-12-31,2.27,us_10y_yield
2016-01-01,.,us_10y_yield
2016-01-04,2.24,us_10y_yield
2016-01-05,2.25,us_10y_yield
2016-01-06,2.18,us_10y_yield
2016-01-07,2.16,us_10y_yield
2016-01-08,2.13,us_10y_yield
2016-01-11,2.17,us_10y_yield
2016-01-12,2.12,us_10y_yield
2016-01-13,2.08,us_10y_yield
2016-01-14,2.10,us_10y_yield
2016-01-15,2.03,us_10y_yield
2016-01-18,.,us_10y_yield
2016-01-19,2.06,us_10y_yield
2016-01-20,2.01,us_10y_yield
2016-01-21,2.02,us_10y_yield
2016-01-22,2.07,us_10y_yield
2016-01-25,2.03,us_10y_yield
2016-01-26,2.01,us_10y_yield
2016-01-27,2.02,us_10y_yield
2016-01-28,2.00,us_10y_yield
2016-01-29,1.94,us_10y_yield
2016-02-01,1.97,us_10y_yield
2016-02-02,1.87,us_10y_yield
2016-02-03,1.88,us_10y_yield
2016-02-04,1.87,us_10y_yield
2016-02-05,1.86,us_10y_yield
2016-02-08,1.75,us_10y_yield
2016-02-09,1.74,us_10y_yield
2016-02-10,1.71,us_10y_yield
2016-02-11,1.63,us_10y_yield
2016-02-12,1.74,us_10y_yield
2016-02-15,.,us_10y_yield
2016-02-16,1.78,us_10y_yield
2016-02-17,1.81,us_10y_yield
2016-02-18,1.75,us_10y_yield
2016-02-19,1.76,us_10y_yield
2016-02-22,1.77,us_10y_yield
2016-02-23,1.74,us_10y_yield
2016-02-24,1.75,us_10y_yield
2016-02-25,1.71,us_10y_yield
2016-02-26,1.76,us_10y_yield
2016-02-29,1.74,us_10y_yield
2016-03-01,1.83,us_10y_yield
2016-03-02,1.84,us_10y_yield
2016-03-03,1.83,us_10y_yield
2016-03-04,1.88,us_10y_yield
2016-03-07,1.91,us_10y_yield
2016-03-08,1.83,us_10y_yield
2016-03-09,1.90,us_10y_yield
2016-03-10,1.93,us_10y_yield
2016-03-11,1.98,us_10y_yield
2016-03-14,1.97,us_10y_yield
2016-03-15,1.97,us_10y_yield
2016-03-16,1.94,us_10y_yield
2016-03-17,1.91,us_10y_yield
2016-03-18,1.88,us_10y_yield
2016-03-21,1.92,us_10y_yield
2016-03-22,1.94,us_10y_yield
2016-03-23,1.88,us_10y_yield
2016-03-24,1.91,us_10y_yield
2016-03-25,.,us_10y_yield
2016-03-28,1.89,us_10y_yield
2016-03-29,1.81,us_10y_yield
2016-03-30,1.83,us_10y_yield
2016-03-31,1.78,us_10y_yield
2016-04-01,1.79,us_10y_yield
2016-04-04,1.78,us_10y_yield
2016-04-05,1.73,us_10y_yield
2016-04-06,1.76,us_10y_yield
2016-04-07,1.70,us_10y_yield
2016-04-08,1.72,us_10y_yield
2016-04-11,1.73,us_10y_yield
2016-04-12,1.79,us_10y_yield
2016-04-13,1.77,us_10y_yield
2016-04-14,1.80,us_10y_yield
2016-04-15,1.76,us_10y_yield
2016-04-18,1.78,us_10y_yield
2016-04-19,1.79,us_10y_yield
2016-04-20,1.85,us_10y_yield
2016-04-21,1.88,us_10y_yield
2016-04-22,1.89,us_10y_yield
2016-04-25,1.91,us_10y_yield
2016-04-26,1.94,us_10y_yield
2016-04-27,1.87,us_10y_yield
2016-04-28,1.84,us_10y_yield
2016-04-29,1.83,us_10y_yield
2016-05-02,1.88,us_10y_yield
2016-05-03,1.81,us_10y_yield
2016-05-04,1.79,us_10y_yield
2016-05-05,1.76,us_10y_yield
2016-05-06,1.79,us_10y_yield
2016-05-09,1.77,us_10y_yield
2016-05-10,1.77,us_10y_yield
2016-05-11,1.73,us_10y_yield
2016-05-12,1.75,us_10y_yield
2016-05-13,1.71,us_10y_yield
2016-05-16,1.75,us_10y_yield
2016-05-17,1.76,us_10y_yield
2016-05-18,1.87,us_10y_yield
2016-05-19,1.85,us_10y_yield
2016-05-20,1.85,us_10y_yield
2016-05-23,1.84,us_10y_yield
2016-05-24,1.86,us_10y_yield
2016-05-25,1.87,us_10y_yield
2016-05-26,1.83,us_10y_yield
2016-05-27,1.85,us_10y_yield
2016-05-30,.,us_10y_yield
2016-05-31,1.84,us_10y_yield
2016-06-01,1.85,us_10y_yield
2016-06-02,1.81,us_10y_yield
2016-06-03,1.71,us_10y_yield
2016-06-06,1.73,us_10y_yield
2016-06-07,1.72,us_10y_yield
2016-06-08,1.71,us_10y_yield
2016-06-09,1.68,us_10y_yield
2016-06-10,1.64,us_10y_yield
2016-06-13,1.62,us_10y_yield
2016-06-14,1.62,us_10y_yield
2016-06-15,1.60,us_10y_yield
2016-06-16,1.57,us_10y_yield
2016-06-17,1.62,us_10y_yield
2016-06-20,1.67,us_10y_yield
2016-06-21,1.71,us_10y_yield
2016-06-22,1.69,us_10y_yield
2016-06-23,1.74,us_10y_yield
2016-06-24,1.57,us_10y_yield
2016-06-27,1.46,us_10y_yield
2016-06-28,1.46,us_10y_yield
2016-06-29,1.50,us_10y_yield
2016-06-30,1.49,us_10y_yield
2016-07-01,1.46,us_10y_yield
2016-07-04,.,us_10y_yield
2016-07-05,1.37,us_10y_yield
2016-07-06,1.38,us_10y_yield
2016-07-07,1.40,us_10y_yield
2016-07-08,1.37,us_10y_yield
2016-07-11,1.43,us_10y_yield
2016-07-12,1.53,us_10y_yield
2016-07-13,1.48,us_10y_yield
2016-07-14,1.53,us_10y_yield
2016-07-15,1.60,us_10y_yield
2016-07-18,1.59,us_10y_yield
2016-07-19,1.56,us_10y_yield
2016-07-20,1.59,us_10y_yield
2016-07-21,1.57,us_10y_yield
2016-07-22,1.57,us_10y_yield
2016-07-25,1.58,us_10y_yield
2016-07-26,1.57,us_10y_yield
2016-07-27,1.52,us_10y_yield
2016-07-28,1.52,us_10y_yield
2016-07-29,1.46,us_10y_yield
2016-08-01,1.51,us_10y_yield
2016-08-02,1.55,us_10y_yield
2016-08-03,1.55,us_10y_yield
2016-08-04,1.51,us_10y_yield
2016-08-05,1.59,us_10y_yield
2016-08-08,1.59,us_10y_yield
2016-08-09,1.55,us_10y_yield
2016-08-10,1.50,us_10y_yield
2016-08-11,1.57,us_10y_yield
2016-08-12,1.51,us_10y_yield
2016-08-15,1.55,us_10y_yield
2016-08-16,1.57,us_10y_yield
2016-08-17,1.56,us_10y_yield
2016-08-18,1.53,us_10y_yield
2016-08-19,1.58,us_10y_yield
2016-08-22,1.55,us_10y_yield
2016-08-23,1.55,us_10y_yield
2016-08-24,1.56,us_10y_yield
2016-08-25,1.58,us_10y_yield
2016-08-26,1.62,us_10y_yield
2016-08-29,1.57,us_10y_yield
2016-08-30,1.57,us_10y_yield
2016-08-31,1.58,us_10y_yield
2016-09-01,1.57,us_10y_yield
2016-09-02,1.60,us_10y_yield
2016-09-05,.,us_10y_yield
2016-09-06,1.55,us_10y_yield
2016-09-07,1.54,us_10y_yield
2016-09-08,1.61,us_10y_yield
2016-09-09,1.67,us_10y_yield
2016-09-12,1.68,us_10y_yield
2016-09-13,1.73,us_10y_yield
2016-09-14,1.70,us_10y_yield
2016-09-15,1.71,us_10y_yield
2016-09-16,1.70,us_10y_yield
2016-09-19,1.70,us_10y_yield
2016-09-20,1.69,us_10y_yield
2016-09-21,1.66,us_10y_yield
2016-09-22,1.63,us_10y_yield
2016-09-23,1.62,us_10y_yield
2016-09-26,1.59,us_10y_yield
2016-09-27,1.56,us_10y_yield
2016-09-28,1.57,us_10y_yield
2016-09-29,1.56,us_10y_yield
2016-09-30,1.60,us_10y_yield
2016-10-03,1.63,us_10y_yield
2016-10-04,1.69,us_10y_yield
2016-10-05,1.72,us_10y_yield
2016-10-06,1.75,us_10y_yield
2016-10-07,1.73,us_10y_yield
2016-10-10,.,us_10y_yield
2016-10-11,1.77,us_10y_yield
2016-10-12,1.79,us_10y_yield
2016-10-13,1.75,us_10y_yield
2016-10-14,1.80,us_10y_yield
2016-10-17,1.77,us_10y_yield
2016-10-18,1.75,us_10y_yield
2016-10-19,1.76,us_10y_yield
2016-10-20,1.76,us_10y_yield
2016-10-21,1.74,us_10y_yield
2016-10-24,1.77,us_10y_yield
2016-10-25,1.77,us_10y_yield
2016-10-26,1.79,us_10y_yield
2016-10-27,1.85,us_10y_yield
2016-10-28,1.86,us_10y_yield
2016-10-31,1.84,us_10y_yield
2016-11-01,1.83,us_10y_yield
2016-11-02,1.81,us_10y_yield
2016-11-03,1.82,us_10y_yield
2016-11-04,1.79,us_10y_yield
2016-11-07,1.83,us_10y_yield
2016-11-08,1.88,us_10y_yield
2016-11-09,2.07,us_10y_yield
2016-11-10,2.15,us_10y_yield
2016-11-11,.,us_10y_yield
2016-11-14,2.23,us_10y_yield
2016-11-15,2.23,us_10y_yield
2016-11-16,2.22,us_10y_yield
2016-11-17,2.29,us_10y_yield
2016-11-18,2.34,us_10y_yield
2016-11-21,2.33,us_10y_yield
2016-11-22,2.31,us_10y_yield
2016-11-23,2.36,us_10y_yield
2016-11-24,.,us_10y_yield
2016-11-25,2.36,us_10y_yield
2016-11-28,2.32,us_10y_yield
2016-11-29,2.30,us_10y_yield
2016-11-30,2.37,us_10y_yield
2016-12-01,2.45,us_10y_yield
2016-12-02,2.40,us_10y_yield
2016-12-05,2.39,us_10y_yield
2016-12-06,2.39,us_10y_yield
2016-12-07,2.34,us_10y_yield
2016-12-08,2.40,us_10y_yield
2016-12-09,2.47,us_10y_yield
2016-12-12,2.49,us_10y_yield
2016-12-13,2.48,us_10y_yield
2016-12-14,2.54,us_10y_yield
2016-12-15,2.60,us_10y_yield
2016-12-16,2.60,us_10y_yield
2016-12-19,2.54,us_10y_yield
2016-12-20,2.57,us_10y_yield
2016-12-21,2.55,us_10y_yield
2016-12-22,2.55,us_10y_yield
2016-12-23,2.55,us_10y_yield
2016-12-26,.,us_10y_yield
2016-12-27,2.57,us_10y_yield
2016-12-28,2.51,us_10y_yield
2016-12-29,2.49,us_10y_yield
2016-12-30,2.45,us_10y_yield
2017-01-02,.,us_10y_yield
2017-01-03,2.45,us_10y_yield
2017-01-04,2.46,us_10y_yield
2017-01-05,2.37,us_10y_yield
2017-01-06,2.42,us_10y_yield
2017-01-09,2.38,us_10y_yield
2017-01-10,2.38,us_10y_yield
2017-01-11,2.38,us_10y_yield
2017-01-12,2.36,us_10y_yield
2017-01-13,2.40,us_10y_yield
2017-01-16,.,us_10y_yield
2017-01-17,2.33,us_10y_yield
2017-01-18,2.42,us_10y_yield
2017-01-19,2.47,us_10y_yield
2017-01-20,2.48,us_10y_yield
2017-01-23,2.41,us_10y_yield
2017-01-24,2.47,us_10y_yield
2017-01-25,2.53,us_10y_yield
2017-01-26,2.51,us_10y_yield
2017-01-27,2.49,us_10y_yield
2017-01-30,2.49,us_10y_yield
2017-01-31,2.45,us_10y_yield
2017-02-01,2.48,us_10y_yield
2017-02-02,2.48,us_10y_yield
2017-02-03,2.49,us_10y_yield
2017-02-06,2.42,us_10y_yield
2017-02-07,2.40,us_10y_yield
2017-02-08,2.34,us_10y_yield
2017-02-09,2.40,us_10y_yield
2017-02-10,2.41,us_10y_yield
2017-02-13,2.43,us_10y_yield
2017-02-14,2.47,us_10y_yield
2017-02-15,2.51,us_10y_yield
2017-02-16,2.45,us_10y_yield
2017-02-17,2.42,us_10y_yield
2017-02-20,.,us_10y_yield
2017-02-21,2.43,us_10y_yield
2017-02-22,2.42,us_10y_yield
2017-02-23,2.38,us_10y_yield
2017-02-24,2.31,us_10y_yield
2017-02-27,2.36,us_10y_yield
2017-02-28,2.36,us_10y_yield
2017-03-01,2.46,us_10y_yield
2017-03-02,2.49,us_10y_yield
2017-03-03,2.49,us_10y_yield
2017-03-06,2.49,us_10y_yield
2017-03-07,2.52,us_10y_yield
2017-03-08,2.57,us_10y_yield
2017-03-09,2.60,us_10y_yield
2017-03-10,2.58,us_10y_yield
2017-03-13,2.62,us_10y_yield
2017-03-14,2.60,us_10y_yield
2017-03-15,2.51,us_10y_yield
2017-03-16,2.53,us_10y_yield
2017-03-17,2.50,us_10y_yield
2017-03-20,2.47,us_10y_yield
2017-03-21,2.43,us_10y_yield
2017-03-22,2.40,us_10y_yield
2017-03-23,2.41,us_10y_yield
2017-03-24,2.40,us_10y_yield
2017-03-27,2.38,us_10y_yield
2017-03-28,2.42,us_10y_yield
2017-03-29,2.39,us_10y_yield
2017-03-30,2.42,us_10y_yield
2017-03-31,2.40,us_10y_yield
2017-04-03,2.35,us_10y_yield
2017-04-04,2.36,us_10y_yield
2017-04-05,2.34,us_10y_yield
2017-04-06,2.34,us_10y_yield
2017-04-07,2.38,us_10y_yield
2017-04-10,2.37,us_10y_yield
2017-04-11,2.32,us_10y_yield
2017-04-12,2.28,us_10y_yield
2017-04-13,2.24,us_10y_yield
2017-04-14,.,us_10y_yield
2017-04-17,2.26,us_10y_yield
2017-04-18,2.18,us_10y_yield
2017-04-19,2.21,us_10y_yield
2017-04-20,2.24,us_10y_yield
2017-04-21,2.24,us_10y_yield
2017-04-24,2.28,us_10y_yield
2017-04-25,2.35,us_10y_yield
2017-04-26,2.32,us_10y_yield
2017-04-27,2.30,us_10y_yield
2017-04-28,2.29,us_10y_yield
2017-05-01,2.33,us_10y_yield
2017-05-02,2.29,us_10y_yield
2017-05-03,2.33,us_10y_yield
2017-05-04,2.36,us_10y_yield
2017-05-05,2.36,us_10y_yield
2017-05-08,2.39,us_10y_yield
2017-05-09,2.42,us_10y_yield
2017-05-10,2.41,us_10y_yield
2017-05-11,2.39,us_10y_yield
2017-05-12,2.33,us_10y_yield
2017-05-15,2.34,us_10y_yield
2017-05-16,2.33,us_10y_yield
2017-05-17,2.22,us_10y_yield
2017-05-18,2.23,us_10y_yield
2017-05-19,2.23,us_10y_yield
2017-05-22,2.25,us_10y_yield
2017-05-23,2.29,us_10y_yield
2017-05-24,2.26,us_10y_yield
2017-05-25,2.25,us_10y_yield
2017-05-26,2.25,us_10y_yield
2017-05-29,.,us_10y_yield
2017-05-30,2.21,us_10y_yield
2017-05-31,2.21,us_10y_yield
2017-06-01,2.21,us_10y_yield
2017-06-02,2.15,us_10y_yield
2017-06-05,2.18,us_10y_yield
2017-06-06,2.14,us_10y_yield
2017-06-07,2.18,us_10y_yield
2017-06-08,2.19,us_10y_yield
2017-06-09,2.21,us_10y_yield
2017-06-12,2.21,us_10y_yield
2017-06-13,2.21,us_10y_yield
2017-06-14,2.15,us_10y_yield
2017-06-15,2.16,us_10y_yield
2017-06-16,2.16,us_10y_yield
2017-06-19,2.19,us_10y_yield
2017-06-20,2.16,us_10y_yield
2017-06-21,2.16,us_10y_yield
2017-06-22,2.15,us_10y_yield
2017-06-23,2.15,us_10y_yield
2017-06-26,2.14,us_10y_yield
2017-06-27,2.21,us_10y_yield
2017-06-28,2.22,us_10y_yield
2017-06-29,2.27,us_10y_yield
2017-06-30,2.31,us_10y_yield
2017-07-03,2.35,us_10y_yield
2017-07-04,.,us_10y_yield
2017-07-05,2.33,us_10y_yield
2017-07-06,2.37,us_10y_yield
2017-07-07,2.39,us_10y_yield
2017-07-10,2.38,us_10y_yield
2017-07-11,2.37,us_10y_yield
2017-07-12,2.33,us_10y_yield
2017-07-13,2.35,us_10y_yield
2017-07-14,2.33,us_10y_yield
2017-07-17,2.31,us_10y_yield
2017-07-18,2.27,us_10y_yield
2017-07-19,2.27,us_10y_yield
2017-07-20,2.27,us_10y_yield
2017-07-21,2.24,us_10y_yield
2017-07-24,2.26,us_10y_yield
2017-07-25,2.33,us_10y_yield
2017-07-26,2.29,us_10y_yield
2017-07-27,2.32,us_10y_yield
2017-07-28,2.30,us_10y_yield
2017-07-31,2.30,us_10y_yield
2017-08-01,2.26,us_10y_yield
2017-08-02,2.27,us_10y_yield
2017-08-03,2.24,us_10y_yield
2017-08-04,2.27,us_10y_yield
2017-08-07,2.26,us_10y_yield
2017-08-08,2.29,us_10y_yield
2017-08-09,2.24,us_10y_yield
2017-08-10,2.20,us_10y_yield
2017-08-11,2.19,us_10y_yield
2017-08-14,2.22,us_10y_yield
2017-08-15,2.27,us_10y_yield
2017-08-16,2.23,us_10y_yield
2017-08-17,2.19,us_10y_yield
2017-08-18,2.19,us_10y_yield
2017-08-21,2.18,us_10y_yield
2017-08-22,2.22,us_10y_yield
2017-08-23,2.17,us_10y_yield
2017-08-24,2.19,us_10y_yield
2017-08-25,2.17,us_10y_yield
2017-08-28,2.16,us_10y_yield
2017-08-29,2.13,us_10y_yield
2017-08-30,2.15,us_10y_yield
2017-08-31,2.12,us_10y_yield
2017-09-01,2.16,us_10y_yield
2017-09-04,.,us_10y_yield
2017-09-05,2.07,us_10y_yield
2017-09-06,2.10,us_10y_yield
2017-09-07,2.05,us_10y_yield
2017-09-08,2.06,us_10y_yield
2017-09-11,2.14,us_10y_yield
2017-09-12,2.17,us_10y_yield
2017-09-13,2.20,us_10y_yield
2017-09-14,2.20,us_10y_yield
2017-09-15,2.20,us_10y_yield
2017-09-18,2.23,us_10y_yield
2017-09-19,2.24,us_10y_yield
2017-09-20,2.28,us_10y_yield
2017-09-21,2.27,us_10y_yield
2017-09-22,2.26,us_10y_yield
2017-09-25,2.22,us_10y_yield
2017-09-26,2.24,us_10y_yield
2017-09-27,2.31,us_10y_yield
2017-09-28,2.31,us_10y_yield
2017-09-29,2.33,us_10y_yield
2017-10-02,2.34,us_10y_yield
2017-10-03,2.33,us_10y_yield
2017-10-04,2.33,us_10y_yield
2017-10-05,2.35,us_10y_yield
2017-10-06,2.37,us_10y_yield
2017-10-09,.,us_10y_yield
2017-10-10,2.35,us_10y_yield
2017-10-11,2.35,us_10y_yield
2017-10-12,2.33,us_10y_yield
2017-10-13,2.28,us_10y_yield
2017-10-16,2.30,us_10y_yield
2017-10-17,2.30,us_10y_yield
2017-10-18,2.34,us_10y_yield
2017-10-19,2.33,us_10y_yield
2017-10-20,2.39,us_10y_yield
2017-10-23,2.38,us_10y_yield
2017-10-24,2.42,us_10y_yield
2017-10-25,2.44,us_10y_yield
2017-10-26,2.46,us_10y_yield
2017-10-27,2.42,us_10y_yield
2017-10-30,2.37,us_10y_yield
2017-10-31,2.38,us_10y_yield
2017-11-01,2.37,us_10y_yield
2017-11-02,2.35,us_10y_yield
2017-11-03,2.34,us_10y_yield
2017-11-06,2.32,us_10y_yield
2017-11-07,2.32,us_10y_yield
2017-11-08,2.32,us_10y_yield
2017-11-09,2.33,us_10y_yield
2017-11-10,2.40,us_10y_yield
2017-11-13,2.40,us_10y_yield
2017-11-14,2.38,us_10y_yield
2017-11-15,2.33,us_10y_yield
2017-11-16,2.37,us_10y_yield
2017-11-17,2.35,us_10y_yield
2017-11-20,2.37,us_10y_yield
2017-11-21,2.36,us_10y_yield
2017-11-22,2.32,us_10y_yield
2017-11-23,.,us_10y_yield
2017-11-24,2.34,us_10y_yield
2017-11-27,2.32,us_10y_yield
2017-11-28,2.34,us_10y_yield
2017-11-29,2.37,us_10y_yield
2017-11-30,2.42,us_10y_yield
2017-12-01,2.37,us_10y_yield
2017-12-04,2.37,us_10y_yield
2017-12-05,2.36,us_10y_yield
2017-12-06,2.33,us_10y_yield
2017-12-07,2.37,us_10y_yield
2017-12-08,2.38,us_10y_yield
2017-12-11,2.39,us_10y_yield
2017-12-12,2.40,us_10y_yield
2017-12-13,2.36,us_10y_yield
2017-12-14,2.35,us_10y_yield
2017-12-15,2.35,us_10y_yield
2017-12-18,2.39,us_10y_yield
2017-12-19,2.46,us_10y_yield
2017-12-20,2.49,us_10y_yield
2017-12-21,2.48,us_10y_yield
2017-12-22,2.48,us_10y_yield
2017-12-25,.,us_10y_yield
2017-12-26,2.47,us_10y_yield
2017-12-27,2.42,us_10y_yield
2017-12-28,2.43,us_10y_yield
2017-12-29,2.40,us_10y_yield
2018-01-01,.,us_10y_yield
2018-01-02,2.46,us_10y_yield
2018-01-03,2.44,us_10y_yield
2018-01-04,2.46,us_10y_yield
2018-01-05,2.47,us_10y_yield
2018-01-08,2.49,us_10y_yield
2018-01-09,2.55,us_10y_yield
2018-01-10,2.55,us_10y_yield
2018-01-11,2.54,us_10y_yield
2018-01-12,2.55,us_10y_yield
2018-01-15,.,us_10y_yield
2018-01-16,2.54,us_10y_yield
2018-01-17,2.57,us_10y_yield
2018-01-18,2.62,us_10y_yield
2018-01-19,2.64,us_10y_yield
2018-01-22,2.66,us_10y_yield
2018-01-23,2.63,us_10y_yield
2018-01-24,2.65,us_10y_yield
2018-01-25,2.63,us_10y_yield
2018-01-26,2.66,us_10y_yield
2018-01-29,2.70,us_10y_yield
2018-01-30,2.73,us_10y_yield
2018-01-31,2.72,us_10y_yield
2018-02-01,2.78,us_10y_yield
2018-02-02,2.84,us_10y_yield
2018-02-05,2.77,us_10y_yield
2018-02-06,2.79,us_10y_yield
2018-02-07,2.84,us_10y_yield
2018-02-08,2.85,us_10y_yield
2018-02-09,2.83,us_10y_yield
2018-02-12,2.86,us_10y_yield
2018-02-13,2.83,us_10y_yield
2018-02-14,2.91,us_10y_yield
2018-02-15,2.90,us_10y_yield
2018-02-16,2.87,us_10y_yield
2018-02-19,.,us_10y_yield
2018-02-20,2.88,us_10y_yield
2018-02-21,2.94,us_10y_yield
2018-02-22,2.92,us_10y_yield
2018-02-23,2.88,us_10y_yield
2018-02-26,2.86,us_10y_yield
2018-02-27,2.90,us_10y_yield
2018-02-28,2.87,us_10y_yield
2018-03-01,2.81,us_10y_yield
2018-03-02,2.86,us_10y_yield
2018-03-05,2.88,us_10y_yield
2018-03-06,2.88,us_10y_yield
2018-03-07,2.89,us_10y_yield
2018-03-08,2.86,us_10y_yield
2018-03-09,2.90,us_10y_yield
2018-03-12,2.87,us_10y_yield
2018-03-13,2.84,us_10y_yield
2018-03-14,2.81,us_10y_yield
2018-03-15,2.82,us_10y_yield
2018-03-16,2.85,us_10y_yield
2018-03-19,2.85,us_10y_yield
2018-03-20,2.89,us_10y_yield
2018-03-21,2.89,us_10y_yield
2018-03-22,2.83,us_10y_yield
2018-03-23,2.82,us_10y_yield
2018-03-26,2.85,us_10y_yield
2018-03-27,2.78,us_10y_yield
2018-03-28,2.77,us_10y_yield
2018-03-29,2.74,us_10y_yield
2018-03-30,.,us_10y_yield
2018-04-02,2.73,us_10y_yield
2018-04-03,2.79,us_10y_yield
2018-04-04,2.79,us_10y_yield
2018-04-05,2.83,us_10y_yield
2018-04-06,2.77,us_10y_yield
2018-04-09,2.78,us_10y_yield
2018-04-10,2.80,us_10y_yield
2018-04-11,2.79,us_10y_yield
2018-04-12,2.83,us_10y_yield
2018-04-13,2.82,us_10y_yield
2018-04-16,2.83,us_10y_yield
2018-04-17,2.82,us_10y_yield
2018-04-18,2.87,us_10y_yield
2018-04-19,2.92,us_10y_yield
2018-04-20,2.96,us_10y_yield
2018-04-23,2.98,us_10y_yield
2018-04-24,3.00,us_10y_yield
2018-04-25,3.03,us_10y_yield
2018-04-26,3.00,us_10y_yield
2018-04-27,2.96,us_10y_yield
2018-04-30,2.95,us_10y_yield
2018-05-01,2.97,us_10y_yield
2018-05-02,2.97,us_10y_yield
2018-05-03,2.94,us_10y_yield
2018-05-04,2.95,us_10y_yield
2018-05-07,2.95,us_10y_yield
2018-05-08,2.97,us_10y_yield
2018-05-09,3.00,us_10y_yield
2018-05-10,2.97,us_10y_yield
2018-05-11,2.97,us_10y_yield
2018-05-14,3.00,us_10y_yield
2018-05-15,3.08,us_10y_yield
2018-05-16,3.09,us_10y_yield
2018-05-17,3.11,us_10y_yield
2018-05-18,3.06,us_10y_yield
2018-05-21,3.06,us_10y_yield
2018-05-22,3.06,us_10y_yield
2018-05-23,3.01,us_10y_yield
2018-05-24,2.98,us_10y_yield
2018-05-25,2.93,us_10y_yield
2018-05-28,.,us_10y_yield
2018-05-29,2.77,us_10y_yield
2018-05-30,2.84,us_10y_yield
2018-05-31,2.83,us_10y_yield
2018-06-01,2.89,us_10y_yield
2018-06-04,2.94,us_10y_yield
2018-06-05,2.92,us_10y_yield
2018-06-06,2.97,us_10y_yield
2018-06-07,2.93,us_10y_yield
2018-06-08,2.93,us_10y_yield
2018-06-11,2.96,us_10y_yield
2018-06-12,2.96,us_10y_yield
2018-06-13,2.98,us_10y_yield
2018-06-14,2.94,us_10y_yield
2018-06-15,2.93,us_10y_yield
2018-06-18,2.92,us_10y_yield
2018-06-19,2.89,us_10y_yield
2018-06-20,2.93,us_10y_yield
2018-06-21,2.90,us_10y_yield
2018-06-22,2.90,us_10y_yield
2018-06-25,2.87,us_10y_yield
2018-06-26,2.88,us_10y_yield
2018-06-27,2.83,us_10y_yield
2018-06-28,2.84,us_10y_yield
2018-06-29,2.85,us_10y_yield
2018-07-02,2.87,us_10y_yield
2018-07-03,2.83,us_10y_yield
2018-07-04,.,us_10y_yield
2018-07-05,2.84,us_10y_yield
2018-07-06,2.82,us_10y_yield
2018-07-09,2.86,us_10y_yield
2018-07-10,2.87,us_10y_yield
2018-07-11,2.85,us_10y_yield
2018-07-12,2.85,us_10y_yield
2018-07-13,2.83,us_10y_yield
2018-07-16,2.85,us_10y_yield
2018-07-17,2.86,us_10y_yield
2018-07-18,2.88,us_10y_yield
2018-07-19,2.84,us_10y_yield
2018-07-20,2.89,us_10y_yield
2018-07-23,2.96,us_10y_yield
2018-07-24,2.95,us_10y_yield
2018-07-25,2.94,us_10y_yield
2018-07-26,2.98,us_10y_yield
2018-07-27,2.96,us_10y_yield
2018-07-30,2.98,us_10y_yield
2018-07-31,2.96,us_10y_yield
2018-08-01,3.00,us_10y_yield
2018-08-02,2.98,us_10y_yield
2018-08-03,2.95,us_10y_yield
2018-08-06,2.94,us_10y_yield
2018-08-07,2.98,us_10y_yield
2018-08-08,2.96,us_10y_yield
2018-08-09,2.93,us_10y_yield
2018-08-10,2.87,us_10y_yield
2018-08-13,2.88,us_10y_yield
2018-08-14,2.89,us_10y_yield
2018-08-15,2.86,us_10y_yield
2018-08-16,2.87,us_10y_yield
2018-08-17,2.87,us_10y_yield
2018-08-20,2.82,us_10y_yield
2018-08-21,2.85,us_10y_yield
2018-08-22,2.82,us_10y_yield
2018-08-23,2.82,us_10y_yield
2018-08-24,2.82,us_10y_yield
2018-08-27,2.85,us_10y_yield
2018-08-28,2.88,us_10y_yield
2018-08-29,2.89,us_10y_yield
2018-08-30,2.86,us_10y_yield
2018-08-31,2.86,us_10y_yield
2018-09-03,.,us_10y_yield
2018-09-04,2.90,us_10y_yield
2018-09-05,2.90,us_10y_yield
2018-09-06,2.88,us_10y_yield
2018-09-07,2.94,us_10y_yield
2018-09-10,2.94,us_10y_yield
2018-09-11,2.98,us_10y_yield
2018-09-12,2.97,us_10y_yield
2018-09-13,2.97,us_10y_yield
2018-09-14,2.99,us_10y_yield
2018-09-17,2.99,us_10y_yield
2018-09-18,3.05,us_10y_yield
2018-09-19,3.08,us_10y_yield
2018-09-20,3.07,us_10y_yield
2018-09-21,3.07,us_10y_yield
2018-09-24,3.08,us_10y_yield
2018-09-25,3.10,us_10y_yield
2018-09-26,3.06,us_10y_yield
2018-09-27,3.06,us_10y_yield
2018-09-28,3.05,us_10y_yield
2018-10-01,3.09,us_10y_yield
2018-10-02,3.05,us_10y_yield
2018-10-03,3.15,us_10y_yield
2018-10-04,3.19,us_10y_yield
2018-10-05,3.23,us_10y_yield
2018-10-08,.,us_10y_yield
2018-10-09,3.21,us_10y_yield
2018-10-10,3.22,us_10y_yield
2018-10-11,3.14,us_10y_yield
2018-10-12,3.15,us_10y_yield
2018-10-15,3.16,us_10y_yield
2018-10-16,3.16,us_10y_yield
2018-10-17,3.19,us_10y_yield
2018-10-18,3.17,us_10y_yield
2018-10-19,3.20,us_10y_yield
2018-10-22,3.20,us_10y_yield
2018-10-23,3.17,us_10y_yield
2018-10-24,3.10,us_10y_yield
2018-10-25,3.14,us_10y_yield
2018-10-26,3.08,us_10y_yield
2018-10-29,3.08,us_10y_yield
2018-10-30,3.12,us_10y_yield
2018-10-31,3.15,us_10y_yield
2018-11-01,3.14,us_10y_yield
2018-11-02,3.22,us_10y_yield
2018-11-05,3.20,us_10y_yield
2018-11-06,3.22,us_10y_yield
2018-11-07,3.22,us_10y_yield
2018-11-08,3.24,us_10y_yield
2018-11-09,3.19,us_10y_yield
2018-11-12,.,us_10y_yield
2018-11-13,3.14,us_10y_yield
2018-11-14,3.12,us_10y_yield
2018-11-15,3.11,us_10y_yield
2018-11-16,3.08,us_10y_yield
2018-11-19,3.06,us_10y_yield
2018-11-20,3.06,us_10y_yield
2018-11-21,3.06,us_10y_yield
2018-11-22,.,us_10y_yield
2018-11-23,3.05,us_10y_yield
2018-11-26,3.07,us_10y_yield
2018-11-27,3.06,us_10y_yield
2018-11-28,3.06,us_10y_yield
2018-11-29,3.03,us_10y_yield
2018-11-30,3.01,us_10y_yield
2018-12-03,2.98,us_10y_yield
2018-12-04,2.91,us_10y_yield
2018-12-05,.,us_10y_yield
2018-12-06,2.87,us_10y_yield
2018-12-07,2.85,us_10y_yield
2018-12-10,2.85,us_10y_yield
2018-12-11,2.89,us_10y_yield
2018-12-12,2.91,us_10y_yield
2018-12-13,2.91,us_10y_yield
2018-12-14,2.89,us_10y_yield
2018-12-17,2.86,us_10y_yield
2018-12-18,2.82,us_10y_yield
2018-12-19,2.77,us_10y_yield
2018-12-20,2.79,us_10y_yield
2018-12-21,2.79,us_10y_yield
2018-12-24,2.74,us_10y_yield
2018-12-25,.,us_10y_yield
2018-12-26,2.81,us_10y_yield
2018-12-27,2.77,us_10y_yield
2018-12-28,2.72,us_10y_yield
2018-12-31,2.69,us_10y_yield
2019-01-01,.,us_10y_yield
2019-01-02,2.66,us_10y_yield
2019-01-03,2.56,us_10y_yield
2019-01-04,2.67,us_10y_yield
2019-01-07,2.70,us_10y_yield
2019-01-08,2.73,us_10y_yield
2019-01-09,2.74,us_10y_yield
2019-01-10,2.74,us_10y_yield
2019-01-11,2.71,us_10y_yield
2019-01-14,2.71,us_10y_yield
2019-01-15,2.72,us_10y_yield
2019-01-16,2.73,us_10y_yield
2019-01-17,2.75,us_10y_yield
2019-01-18,2.79,us_10y_yield
2019-01-21,.,us_10y_yield
2019-01-22,2.74,us_10y_yield
2019-01-23,2.76,us_10y_yield
2019-01-24,2.72,us_10y_yield
2019-01-25,2.76,us_10y_yield
2019-01-28,2.75,us_10y_yield
2019-01-29,2.72,us_10y_yield
2019-01-30,2.70,us_10y_yield
2019-01-31,2.63,us_10y_yield
2019-02-01,2.70,us_10y_yield
2019-02-04,2.73,us_10y_yield
2019-02-05,2.71,us_10y_yield
2019-02-06,2.70,us_10y_yield
2019-02-07,2.65,us_10y_yield
2019-02-08,2.63,us_10y_yield
2019-02-11,2.65,us_10y_yield
2019-02-12,2.68,us_10y_yield
2019-02-13,2.71,us_10y_yield
2019-02-14,2.66,us_10y_yield
2019-02-15,2.66,us_10y_yield
2019-02-18,.,us_10y_yield
2019-02-19,2.65,us_10y_yield
2019-02-20,2.65,us_10y_yield
2019-02-21,2.69,us_10y_yield
2019-02-22,2.65,us_10y_yield
2019-02-25,2.67,us_10y_yield
2019-02-26,2.64,us_10y_yield
2019-02-27,2.69,us_10y_yield
2019-02-28,2.73,us_10y_yield
2019-03-01,2.76,us_10y_yield
2019-03-04,2.72,us_10y_yield
2019-03-05,2.72,us_10y_yield
2019-03-06,2.69,us_10y_yield
2019-03-07,2.64,us_10y_yield
2019-03-08,2.62,us_10y_yield
2019-03-11,2.64,us_10y_yield
2019-03-12,2.61,us_10y_yield
2019-03-13,2.61,us_10y_yield
2019-03-14,2.63,us_10y_yield
2019-03-15,2.59,us_10y_yield
2019-03-18,2.60,us_10y_yield
2019-03-19,2.61,us_10y_yield
2019-03-20,2.54,us_10y_yield
2019-03-21,2.54,us_10y_yield
2019-03-22,2.44,us_10y_yield
2019-03-25,2.43,us_10y_yield
2019-03-26,2.41,us_10y_yield
2019-03-27,2.39,us_10y_yield
2019-03-28,2.39,us_10y_yield
2019-03-29,2.41,us_10y_yield
2019-04-01,2.49,us_10y_yield
2019-04-02,2.48,us_10y_yield
2019-04-03,2.52,us_10y_yield
2019-04-04,2.51,us_10y_yield
2019-04-05,2.50,us_10y_yield
2019-04-08,2.52,us_10y_yield
2019-04-09,2.51,us_10y_yield
2019-04-10,2.48,us_10y_yield
2019-04-11,2.51,us_10y_yield
2019-04-12,2.56,us_10y_yield
2019-04-15,2.55,us_10y_yield
2019-04-16,2.60,us_10y_yield
2019-04-17,2.59,us_10y_yield
2019-04-18,2.57,us_10y_yield
2019-04-19,.,us_10y_yield
2019-04-22,2.59,us_10y_yield
2019-04-23,2.57,us_10y_yield
2019-04-24,2.53,us_10y_yield
2019-04-25,2.54,us_10y_yield
2019-04-26,2.51,us_10y_yield
2019-04-29,2.54,us_10y_yield
2019-04-30,2.51,us_10y_yield
2019-05-01,2.52,us_10y_yield
2019-05-02,2.55,us_10y_yield
2019-05-03,2.54,us_10y_yield
2019-05-06,2.51,us_10y_yield
2019-05-07,2.45,us_10y_yield
2019-05-08,2.49,us_10y_yield
2019-05-09,2.45,us_10y_yield
2019-05-10,2.47,us_10y_yield
2019-05-13,2.40,us_10y_yield
2019-05-14,2.42,us_10y_yield
2019-05-15,2.37,us_10y_yield
2019-05-16,2.40,us_10y_yield
2019-05-17,2.39,us_10y_yield
2019-05-20,2.41,us_10y_yield
2019-05-21,2.43,us_10y_yield
2019-05-22,2.39,us_10y_yield
2019-05-23,2.31,us_10y_yield
2019-05-24,2.32,us_10y_yield
2019-05-27,.,us_10y_yield
2019-05-28,2.26,us_10y_yield
2019-05-29,2.25,us_10y_yield
2019-05-30,2.22,us_10y_yield
2019-05-31,2.14,us_10y_yield
2019-06-03,2.07,us_10y_yield
2019-06-04,2.12,us_10y_yield
2019-06-05,2.12,us_10y_yield
2019-06-06,2.12,us_10y_yield
2019-06-07,2.09,us_10y_yield
2019-06-10,2.15,us_10y_yield
2019-06-11,2.15,us_10y_yield
2019-06-12,2.13,us_10y_yield
2019-06-13,2.10,us_10y_yield
2019-06-14,2.09,us_10y_yield
2019-06-17,2.09,us_10y_yield
2019-06-18,2.06,us_10y_yield
2019-06-19,2.03,us_10y_yield
2019-06-20,2.01,us_10y_yield
2019-06-21,2.07,us_10y_yield
2019-06-24,2.02,us_10y_yield
2019-06-25,2.00,us_10y_yield
2019-06-26,2.05,us_10y_yield
2019-06-27,2.01,us_10y_yield
2019-06-28,2.00,us_10y_yield
2019-07-01,2.03,us_10y_yield
2019-07-02,1.98,us_10y_yield
2019-07-03,1.96,us_10y_yield
2019-07-04,.,us_10y_yield
2019-07-05,2.04,us_10y_yield
2019-07-08,2.05,us_10y_yield
2019-07-09,2.07,us_10y_yield
2019-07-10,2.07,us_10y_yield
2019-07-11,2.13,us_10y_yield
2019-07-12,2.12,us_10y_yield
2019-07-15,2.09,us_10y_yield
2019-07-16,2.13,us_10y_yield
2019-07-17,2.06,us_10y_yield
2019-07-18,2.04,us_10y_yield
2019-07-19,2.05,us_10y_yield
2019-07-22,2.05,us_10y_yield
2019-07-23,2.08,us_10y_yield
2019-07-24,2.05,us_10y_yield
2019-07-25,2.08,us_10y_yield
2019-07-26,2.08,us_10y_yield
2019-07-29,2.06,us_10y_yield
2019-07-30,2.06,us_10y_yield
2019-07-31,2.02,us_10y_yield
2019-08-01,1.90,us_10y_yield
2019-08-02,1.86,us_10y_yield
2019-08-05,1.75,us_10y_yield
2019-08-06,1.73,us_10y_yield
2019-08-07,1.71,us_10y_yield
2019-08-08,1.72,us_10y_yield
2019-08-09,1.74,us_10y_yield
2019-08-12,1.65,us_10y_yield
2019-08-13,1.68,us_10y_yield
2019-08-14,1.59,us_10y_yield
2019-08-15,1.52,us_10y_yield
2019-08-16,1.55,us_10y_yield
2019-08-19,1.60,us_10y_yield
2019-08-20,1.55,us_10y_yield
2019-08-21,1.59,us_10y_yield
2019-08-22,1.62,us_10y_yield
2019-08-23,1.52,us_10y_yield
2019-08-26,1.54,us_10y_yield
2019-08-27,1.49,us_10y_yield
2019-08-28,1.47,us_10y_yield
2019-08-29,1.50,us_10y_yield
2019-08-30,1.50,us_10y_yield
2019-09-02,.,us_10y_yield
2019-09-03,1.47,us_10y_yield
2019-09-04,1.47,us_10y_yield
2019-09-05,1.57,us_10y_yield
2019-09-06,1.55,us_10y_yield
2019-09-09,1.63,us_10y_yield
2019-09-10,1.72,us_10y_yield
2019-09-11,1.75,us_10y_yield
2019-09-12,1.79,us_10y_yield
2019-09-13,1.90,us_10y_yield
2019-09-16,1.84,us_10y_yield
2019-09-17,1.81,us_10y_yield
2019-09-18,1.80,us_10y_yield
2019-09-19,1.79,us_10y_yield
2019-09-20,1.74,us_10y_yield
2019-09-23,1.72,us_10y_yield
2019-09-24,1.64,us_10y_yield
2019-09-25,1.73,us_10y_yield
2019-09-26,1.70,us_10y_yield
2019-09-27,1.69,us_10y_yield
2019-09-30,1.68,us_10y_yield
2019-10-01,1.65,us_10y_yield
2019-10-02,1.60,us_10y_yield
2019-10-03,1.54,us_10y_yield
2019-10-04,1.52,us_10y_yield
2019-10-07,1.56,us_10y_yield
2019-10-08,1.54,us_10y_yield
2019-10-09,1.59,us_10y_yield
2019-10-10,1.67,us_10y_yield
2019-10-11,1.76,us_10y_yield
2019-10-14,.,us_10y_yield
2019-10-15,1.77,us_10y_yield
2019-10-16,1.75,us_10y_yield
2019-10-17,1.76,us_10y_yield
2019-10-18,1.76,us_10y_yield
2019-10-21,1.80,us_10y_yield
2019-10-22,1.78,us_10y_yield
2019-10-23,1.77,us_10y_yield
2019-10-24,1.77,us_10y_yield
2019-10-25,1.80,us_10y_yield
2019-10-28,1.85,us_10y_yield
2019-10-29,1.84,us_10y_yield
2019-10-30,1.78,us_10y_yield
2019-10-31,1.69,us_10y_yield
2019-11-01,1.73,us_10y_yield
2019-11-04,1.79,us_10y_yield
2019-11-05,1.86,us_10y_yield
2019-11-06,1.81,us_10y_yield
2019-11-07,1.92,us_10y_yield
2019-11-08,1.94,us_10y_yield
2019-11-11,.,us_10y_yield
2019-11-12,1.92,us_10y_yield
2019-11-13,1.88,us_10y_yield
2019-11-14,1.82,us_10y_yield
2019-11-15,1.84,us_10y_yield
2019-11-18,1.81,us_10y_yield
2019-11-19,1.79,us_10y_yield
2019-11-20,1.73,us_10y_yield
2019-11-21,1.77,us_10y_yield
2019-11-22,1.77,us_10y_yield
2019-11-25,1.76,us_10y_yield
2019-11-26,1.74,us_10y_yield
2019-11-27,1.77,us_10y_yield
2019-11-28,.,us_10y_yield
2019-11-29,1.78,us_10y_yield
2019-12-02,1.83,us_10y_yield
2019-12-03,1.72,us_10y_yield
2019-12-04,1.77,us_10y_yield
2019-12-05,1.80,us_10y_yield
2019-12-06,1.84,us_10y_yield
2019-12-09,1.83,us_10y_yield
2019-12-10,1.85,us_10y_yield
2019-12-11,1.79,us_10y_yield
2019-12-12,1.90,us_10y_yield
2019-12-13,1.82,us_10y_yield
2019-12-16,1.89,us_10y_yield
2019-12-17,1.89,us_10y_yield
2019-12-18,1.92,us_10y_yield
2019-12-19,1.92,us_10y_yield
2019-12-20,1.92,us_10y_yield
2019-12-23,1.93,us_10y_yield
2019-12-24,1.90,us_10y_yield
2019-12-25,.,us_10y_yield
2019-12-26,1.90,us_10y_yield
2019-12-27,1.88,us_10y_yield
2019-12-30,1.90,us_10y_yield
2019-12-31,1.92,us_10y_yield
2020-01-01,.,us_10y_yield
2020-01-02,1.88,us_10y_yield
2020-01-03,1.80,us_10y_yield
2020-01-06,1.81,us_10y_yield
2020-01-07,1.83,us_10y_yield
2020-01-08,1.87,us_10y_yield
2020-01-09,1.85,us_10y_yield
2020-01-10,1.83,us_10y_yield
2020-01-13,1.85,us_10y_yield
2020-01-14,1.82,us_10y_yield
2020-01-15,1.79,us_10y_yield
2020-01-16,1.81,us_10y_yield
2020-01-17,1.84,us_10y_yield
2020-01-20,.,us_10y_yield
2020-01-21,1.78,us_10y_yield
2020-01-22,1.77,us_10y_yield
2020-01-23,1.74,us_10y_yield
2020-01-24,1.70,us_10y_yield
2020-01-27,1.61,us_10y_yield
2020-01-28,1.65,us_10y_yield
2020-01-29,1.60,us_10y_yield
2020-01-30,1.57,us_10y_yield
2020-01-31,1.51,us_10y_yield
2020-02-03,1.54,us_10y_yield
2020-02-04,1.61,us_10y_yield
2020-02-05,1.66,us_10y_yield
2020-02-06,1.65,us_10y_yield
2020-02-07,1.59,us_10y_yield
2020-02-10,1.56,us_10y_yield
2020-02-11,1.59,us_10y_yield
2020-02-12,1.62,us_10y_yield
2020-02-13,1.61,us_10y_yield
2020-02-14,1.59,us_10y_yield
2020-02-17,.,us_10y_yield
2020-02-18,1.55,us_10y_yield
2020-02-19,1.56,us_10y_yield
2020-02-20,1.52,us_10y_yield
2020-02-21,1.46,us_10y_yield
2020-02-24,1.38,us_10y_yield
2020-02-25,1.33,us_10y_yield
2020-02-26,1.33,us_10y_yield
2020-02-27,1.30,us_10y_yield
2020-02-28,1.13,us_10y_yield
2020-03-02,1.10,us_10y_yield
2020-03-03,1.02,us_10y_yield
2020-03-04,1.02,us_10y_yield
2020-03-05,0.92,us_10y_yield
2020-03-06,0.74,us_10y_yield
2020-03-09,0.54,us_10y_yield
2020-03-10,0.76,us_10y_yield
2020-03-11,0.82,us_10y_yield
2020-03-12,0.88,us_10y_yield
2020-03-13,0.94,us_10y_yield
2020-03-16,0.73,us_10y_yield
2020-03-17,1.02,us_10y_yield
2020-03-18,1.18,us_10y_yield
2020-03-19,1.12,us_10y_yield
2020-03-20,0.92,us_10y_yield
2020-03-23,0.76,us_10y_yield
2020-03-24,0.84,us_10y_yield
2020-03-25,0.88,us_10y_yield
2020-03-26,0.83,us_10y_yield
2020-03-27,0.72,us_10y_yield
2020-03-30,0.70,us_10y_yield
2020-03-31,0.70,us_10y_yield
2020-04-01,0.62,us_10y_yield
2020-04-02,0.63,us_10y_yield
2020-04-03,0.62,us_10y_yield
2020-04-06,0.67,us_10y_yield
2020-04-07,0.75,us_10y_yield
2020-04-08,0.77,us_10y_yield
2020-04-09,0.73,us_10y_yield
2020-04-10,.,us_10y_yield
2020-04-13,0.76,us_10y_yield
2020-04-14,0.76,us_10y_yield
2020-04-15,0.63,us_10y_yield
2020-04-16,0.61,us_10y_yield
2020-04-17,0.65,us_10y_yield
2020-04-20,0.63,us_10y_yield
2020-04-21,0.58,us_10y_yield
2020-04-22,0.63,us_10y_yield
2020-04-23,0.61,us_10y_yield
2020-04-24,0.60,us_10y_yield
2020-04-27,0.67,us_10y_yield
2020-04-28,0.62,us_10y_yield
2020-04-29,0.63,us_10y_yield
2020-04-30,0.64,us_10y_yield
2020-05-01,0.64,us_10y_yield
2020-05-04,0.64,us_10y_yield
2020-05-05,0.66,us_10y_yield
2020-05-06,0.72,us_10y_yield
2020-05-07,0.63,us_10y_yield
2020-05-08,0.69,us_10y_yield
2020-05-11,0.73,us_10y_yield
2020-05-12,0.69,us_10y_yield
2020-05-13,0.64,us_10y_yield
2020-05-14,0.63,us_10y_yield
2020-05-15,0.64,us_10y_yield
2020-05-18,0.73,us_10y_yield
2020-05-19,0.70,us_10y_yield
2020-05-20,0.68,us_10y_yield
2020-05-21,0.68,us_10y_yield
2020-05-22,0.66,us_10y_yield
2020-05-25,.,us_10y_yield
2020-05-26,0.69,us_10y_yield
2020-05-27,0.68,us_10y_yield
2020-05-28,0.70,us_10y_yield
2020-05-29,0.65,us_10y_yield
2020-06-01,0.66,us_10y_yield
2020-06-02,0.68,us_10y_yield
2020-06-03,0.77,us_10y_yield
2020-06-04,0.82,us_10y_yield
2020-06-05,0.91,us_10y_yield
2020-06-08,0.88,us_10y_yield
2020-06-09,0.84,us_10y_yield
2020-06-10,0.75,us_10y_yield
2020-06-11,0.66,us_10y_yield
2020-06-12,0.71,us_10y_yield
2020-06-15,0.71,us_10y_yield
2020-06-16,0.75,us_10y_yield
2020-06-17,0.74,us_10y_yield
2020-06-18,0.71,us_10y_yield
2020-06-19,0.70,us_10y_yield
2020-06-22,0.71,us_10y_yield
2020-06-23,0.72,us_10y_yield
2020-06-24,0.69,us_10y_yield
2020-06-25,0.68,us_10y_yield
2020-06-26,0.64,us_10y_yield
2020-06-29,0.64,us_10y_yield
2020-06-30,0.66,us_10y_yield
2020-07-01,0.69,us_10y_yield
2020-07-02,0.68,us_10y_yield
2020-07-03,.,us_10y_yield
2020-07-06,0.69,us_10y_yield
2020-07-07,0.65,us_10y_yield
2020-07-08,0.67,us_10y_yield
2020-07-09,0.62,us_10y_yield
2020-07-10,0.65,us_10y_yield
2020-07-13,0.64,us_10y_yield
2020-07-14,0.63,us_10y_yield
2020-07-15,0.64,us_10y_yield
2020-07-16,0.62,us_10y_yield
2020-07-17,0.64,us_10y_yield
2020-07-20,0.62,us_10y_yield
2020-07-21,0.61,us_10y_yield
2020-07-22,0.60,us_10y_yield
2020-07-23,0.59,us_10y_yield
2020-07-24,0.59,us_10y_yield
2020-07-27,0.62,us_10y_yield
2020-07-28,0.59,us_10y_yield
2020-07-29,0.58,us_10y_yield
2020-07-30,0.55,us_10y_yield
2020-07-31,0.55,us_10y_yield
2020-08-03,0.56,us_10y_yield
2020-08-04,0.52,us_10y_yield
2020-08-05,0.55,us_10y_yield
2020-08-06,0.55,us_10y_yield
2020-08-07,0.57,us_10y_yield
2020-08-10,0.59,us_10y_yield
2020-08-11,0.64,us_10y_yield
2020-08-12,0.69,us_10y_yield
2020-08-13,0.71,us_10y_yield
2020-08-14,0.71,us_10y_yield
2020-08-17,0.69,us_10y_yield
2020-08-18,0.67,us_10y_yield
2020-08-19,0.68,us_10y_yield
2020-08-20,0.65,us_10y_yield
2020-08-21,0.64,us_10y_yield
2020-08-24,0.65,us_10y_yield
2020-08-25,0.69,us_10y_yield
2020-08-26,0.69,us_10y_yield
2020-08-27,0.74,us_10y_yield
2020-08-28,0.74,us_10y_yield
2020-08-31,0.72,us_10y_yield
2020-09-01,0.68,us_10y_yield
2020-09-02,0.66,us_10y_yield
2020-09-03,0.63,us_10y_yield
2020-09-04,0.72,us_10y_yield
2020-09-07,.,us_10y_yield
2020-09-08,0.69,us_10y_yield
2020-09-09,0.71,us_10y_yield
2020-09-10,0.68,us_10y_yield
2020-09-11,0.67,us_10y_yield
2020-09-14,0.68,us_10y_yield
2020-09-15,0.68,us_10y_yield
2020-09-16,0.69,us_10y_yield
2020-09-17,0.69,us_10y_yield
2020-09-18,0.70,us_10y_yield
2020-09-21,0.68,us_10y_yield
2020-09-22,0.68,us_10y_yield
2020-09-23,0.68,us_10y_yield
2020-09-24,0.67,us_10y_yield
2020-09-25,0.66,us_10y_yield
2020-09-28,0.67,us_10y_yield
2020-09-29,0.66,us_10y_yield
2020-09-30,0.69,us_10y_yield
2020-10-01,0.68,us_10y_yield
2020-10-02,0.70,us_10y_yield
2020-10-05,0.78,us_10y_yield
2020-10-06,0.76,us_10y_yield
2020-10-07,0.81,us_10y_yield
2020-10-08,0.78,us_10y_yield
2020-10-09,0.79,us_10y_yield
2020-10-12,.,us_10y_yield
2020-10-13,0.74,us_10y_yield
2020-10-14,0.73,us_10y_yield
2020-10-15,0.74,us_10y_yield
2020-10-16,0.76,us_10y_yield
2020-10-19,0.78,us_10y_yield
2020-10-20,0.81,us_10y_yield
2020-10-21,0.83,us_10y_yield
2020-10-22,0.87,us_10y_yield
2020-10-23,0.85,us_10y_yield
2020-10-26,0.81,us_10y_yield
2020-10-27,0.79,us_10y_yield
2020-10-28,0.79,us_10y_yield
2020-10-29,0.85,us_10y_yield
2020-10-30,0.88,us_10y_yield
2020-11-02,0.87,us_10y_yield
2020-11-03,0.90,us_10y_yield
2020-11-04,0.78,us_10y_yield
2020-11-05,0.79,us_10y_yield
2020-11-06,0.83,us_10y_yield
2020-11-09,0.96,us_10y_yield
2020-11-10,0.98,us_10y_yield
2020-11-11,.,us_10y_yield
2020-11-12,0.88,us_10y_yield
2020-11-13,0.89,us_10y_yield
2020-11-16,0.91,us_10y_yield
2020-11-17,0.87,us_10y_yield
2020-11-18,0.88,us_10y_yield
2020-11-19,0.86,us_10y_yield
2020-11-20,0.83,us_10y_yield
2020-11-23,0.86,us_10y_yield
2020-11-24,0.88,us_10y_yield
2020-11-25,0.88,us_10y_yield
2020-11-26,.,us_10y_yield
2020-11-27,0.84,us_10y_yield
2020-11-30,0.84,us_10y_yield
2020-12-01,0.92,us_10y_yield
2020-12-02,0.95,us_10y_yield
2020-12-03,0.92,us_10y_yield
2020-12-04,0.97,us_10y_yield
2020-12-07,0.94,us_10y_yield
2020-12-08,0.92,us_10y_yield
2020-12-09,0.95,us_10y_yield
2020-12-10,0.92,us_10y_yield
2020-12-11,0.90,us_10y_yield
2020-12-14,0.90,us_10y_yield
2020-12-15,0.92,us_10y_yield
2020-12-16,0.92,us_10y_yield
2020-12-17,0.94,us_10y_yield
2020-12-18,0.95,us_10y_yield
2020-12-21,0.95,us_10y_yield
2020-12-22,0.93,us_10y_yield
2020-12-23,0.96,us_10y_yield
2020-12-24,0.94,us_10y_yield
2020-12-25,.,us_10y_yield
2020-12-28,0.94,us_10y_yield
2020-12-29,0.94,us_10y_yield
2020-12-30,0.93,us_10y_yield
2020-12-31,0.93,us_10y_yield
2021-01-01,.,us_10y_yield
2021-01-04,0.93,us_10y_yield
2021-01-05,0.96,us_10y_yield
2021-01-06,1.04,us_10y_yield
2021-01-07,1.08,us_10y_yield
2021-01-08,1.13,us_10y_yield
2021-01-11,1.15,us_10y_yield
2021-01-12,1.15,us_10y_yield
2021-01-13,1.10,us_10y_yield
2021-01-14,1.15,us_10y_yield
2021-01-15,1.11,us_10y_yield
2021-01-18,.,us_10y_yield
2021-01-19,1.10,us_10y_yield
2021-01-20,1.10,us_10y_yield
2021-01-21,1.12,us_10y_yield
2021-01-22,1.10,us_10y_yield
2021-01-25,1.05,us_10y_yield
2021-01-26,1.05,us_10y_yield
2021-01-27,1.04,us_10y_yield
2021-01-28,1.07,us_10y_yield
2021-01-29,1.11,us_10y_yield
2021-02-01,1.09,us_10y_yield
2021-02-02,1.12,us_10y_yield
2021-02-03,1.15,us_10y_yield
2021-02-04,1.15,us_10y_yield
2021-02-05,1.19,us_10y_yield
2021-02-08,1.19,us_10y_yield
2021-02-09,1.18,us_10y_yield
2021-02-10,1.15,us_10y_yield
2021-02-11,1.16,us_10y_yield
2021-02-12,1.20,us_10y_yield
2021-02-15,.,us_10y_yield
2021-02-16,1.30,us_10y_yield
2021-02-17,1.29,us_10y_yield
2021-02-18,1.29,us_10y_yield
2021-02-19,1.34,us_10y_yield
2021-02-22,1.37,us_10y_yield
2021-02-23,1.37,us_10y_yield
2021-02-24,1.38,us_10y_yield
2021-02-25,1.54,us_10y_yield
2021-02-26,1.44,us_10y_yield
2021-03-01,1.45,us_10y_yield
2021-03-02,1.42,us_10y_yield
2021-03-03,1.47,us_10y_yield
2021-03-04,1.54,us_10y_yield
2021-03-05,1.56,us_10y_yield
2021-03-08,1.59,us_10y_yield
2021-03-09,1.55,us_10y_yield
2021-03-10,1.53,us_10y_yield
2021-03-11,1.54,us_10y_yield
2021-03-12,1.64,us_10y_yield
2021-03-15,1.62,us_10y_yield
2021-03-16,1.62,us_10y_yield
2021-03-17,1.63,us_10y_yield
2021-03-18,1.71,us_10y_yield
2021-03-19,1.74,us_10y_yield
2021-03-22,1.69,us_10y_yield
2021-03-23,1.63,us_10y_yield
2021-03-24,1.62,us_10y_yield
2021-03-25,1.63,us_10y_yield
2021-03-26,1.67,us_10y_yield
2021-03-29,1.73,us_10y_yield
2021-03-30,1.73,us_10y_yield
2021-03-31,1.74,us_10y_yield
2021-04-01,1.69,us_10y_yield
2021-04-02,1.72,us_10y_yield
2021-04-05,1.73,us_10y_yield
2021-04-06,1.67,us_10y_yield
2021-04-07,1.68,us_10y_yield
2021-04-08,1.64,us_10y_yield
2021-04-09,1.67,us_10y_yield
2021-04-12,1.69,us_10y_yield
2021-04-13,1.64,us_10y_yield
2021-04-14,1.64,us_10y_yield
2021-04-15,1.56,us_10y_yield
2021-04-16,1.59,us_10y_yield
2021-04-19,1.61,us_10y_yield
2021-04-20,1.58,us_10y_yield
2021-04-21,1.57,us_10y_yield
2021-04-22,1.57,us_10y_yield
2021-04-23,1.58,us_10y_yield
2021-04-26,1.58,us_10y_yield
2021-04-27,1.63,us_10y_yield
2021-04-28,1.63,us_10y_yield
2021-04-29,1.65,us_10y_yield
2021-04-30,1.65,us_10y_yield
2021-05-03,1.63,us_10y_yield
2021-05-04,1.61,us_10y_yield
2021-05-05,1.59,us_10y_yield
2021-05-06,1.58,us_10y_yield
2021-05-07,1.60,us_10y_yield
2021-05-10,1.63,us_10y_yield
2021-05-11,1.64,us_10y_yield
2021-05-12,1.69,us_10y_yield
2021-05-13,1.66,us_10y_yield
2021-05-14,1.63,us_10y_yield
2021-05-17,1.64,us_10y_yield
2021-05-18,1.64,us_10y_yield
2021-05-19,1.68,us_10y_yield
2021-05-20,1.63,us_10y_yield
2021-05-21,1.63,us_10y_yield
2021-05-24,1.61,us_10y_yield
2021-05-25,1.56,us_10y_yield
2021-05-26,1.58,us_10y_yield
2021-05-27,1.61,us_10y_yield
2021-05-28,1.58,us_10y_yield
2021-05-31,.,us_10y_yield
2021-06-01,1.62,us_10y_yield
2021-06-02,1.59,us_10y_yield
2021-06-03,1.63,us_10y_yield
2021-06-04,1.56,us_10y_yield
2021-06-07,1.57,us_10y_yield
2021-06-08,1.53,us_10y_yield
2021-06-09,1.50,us_10y_yield
2021-06-10,1.45,us_10y_yield
2021-06-11,1.47,us_10y_yield
2021-06-14,1.51,us_10y_yield
2021-06-15,1.51,us_10y_yield
2021-06-16,1.57,us_10y_yield
2021-06-17,1.52,us_10y_yield
2021-06-18,1.45,us_10y_yield
2021-06-21,1.50,us_10y_yield
2021-06-22,1.48,us_10y_yield
2021-06-23,1.50,us_10y_yield
2021-06-24,1.49,us_10y_yield
2021-06-25,1.54,us_10y_yield
2021-06-28,1.49,us_10y_yield
2021-06-29,1.49,us_10y_yield
2021-06-30,1.45,us_10y_yield
2021-07-01,1.48,us_10y_yield
2021-07-02,1.44,us_10y_yield
2021-07-05,.,us_10y_yield
2021-07-06,1.37,us_10y_yield
2021-07-07,1.33,us_10y_yield
2021-07-08,1.30,us_10y_yield
2021-07-09,1.37,us_10y_yield
2021-07-12,1.38,us_10y_yield
2021-07-13,1.42,us_10y_yield
2021-07-14,1.37,us_10y_yield
2021-07-15,1.31,us_10y_yield
2021-07-16,1.31,us_10y_yield
2021-07-19,1.19,us_10y_yield
2021-07-20,1.23,us_10y_yield
2021-07-21,1.30,us_10y_yield
2021-07-22,1.27,us_10y_yield
2021-07-23,1.30,us_10y_yield
2021-07-26,1.29,us_10y_yield
2021-07-27,1.25,us_10y_yield
2021-07-28,1.26,us_10y_yield
2021-07-29,1.28,us_10y_yield
2021-07-30,1.24,us_10y_yield
2021-08-02,1.20,us_10y_yield
2021-08-03,1.19,us_10y_yield
2021-08-04,1.19,us_10y_yield
2021-08-05,1.23,us_10y_yield
2021-08-06,1.31,us_10y_yield
2021-08-09,1.33,us_10y_yield
2021-08-10,1.36,us_10y_yield
2021-08-11,1.35,us_10y_yield
2021-08-12,1.36,us_10y_yield
2021-08-13,1.29,us_10y_yield
2021-08-16,1.26,us_10y_yield
2021-08-17,1.26,us_10y_yield
2021-08-18,1.27,us_10y_yield
2021-08-19,1.24,us_10y_yield
2021-08-20,1.26,us_10y_yield
2021-08-23,1.25,us_10y_yield
2021-08-24,1.29,us_10y_yield
2021-08-25,1.35,us_10y_yield
2021-08-26,1.34,us_10y_yield
2021-08-27,1.31,us_10y_yield
2021-08-30,1.29,us_10y_yield
2021-08-31,1.30,us_10y_yield
2021-09-01,1.31,us_10y_yield
2021-09-02,1.29,us_10y_yield
2021-09-03,1.33,us_10y_yield
2021-09-06,.,us_10y_yield
2021-09-07,1.38,us_10y_yield
2021-09-08,1.35,us_10y_yield
2021-09-09,1.30,us_10y_yield
2021-09-10,1.35,us_10y_yield
2021-09-13,1.33,us_10y_yield
2021-09-14,1.28,us_10y_yield
2021-09-15,1.31,us_10y_yield
2021-09-16,1.34,us_10y_yield
2021-09-17,1.37,us_10y_yield
2021-09-20,1.31,us_10y_yield
2021-09-21,1.33,us_10y_yield
2021-09-22,1.32,us_10y_yield
2021-09-23,1.41,us_10y_yield
2021-09-24,1.47,us_10y_yield
2021-09-27,1.48,us_10y_yield
2021-09-28,1.54,us_10y_yield
2021-09-29,1.55,us_10y_yield
2021-09-30,1.52,us_10y_yield
2021-10-01,1.48,us_10y_yield
2021-10-04,1.49,us_10y_yield
2021-10-05,1.54,us_10y_yield
2021-10-06,1.53,us_10y_yield
2021-10-07,1.58,us_10y_yield
2021-10-08,1.61,us_10y_yield
2021-10-11,.,us_10y_yield
2021-10-12,1.59,us_10y_yield
2021-10-13,1.56,us_10y_yield
2021-10-14,1.52,us_10y_yield
2021-10-15,1.59,us_10y_yield
2021-10-18,1.59,us_10y_yield
2021-10-19,1.65,us_10y_yield
2021-10-20,1.65,us_10y_yield
2021-10-21,1.68,us_10y_yield
2021-10-22,1.66,us_10y_yield
2021-10-25,1.64,us_10y_yield
2021-10-26,1.63,us_10y_yield
2021-10-27,1.54,us_10y_yield
2021-10-28,1.57,us_10y_yield
2021-10-29,1.55,us_10y_yield
2021-11-01,1.58,us_10y_yield
2021-11-02,1.56,us_10y_yield
2021-11-03,1.60,us_10y_yield
2021-11-04,1.53,us_10y_yield
2021-11-05,1.45,us_10y_yield
2021-11-08,1.51,us_10y_yield
2021-11-09,1.46,us_10y_yield
2021-11-10,1.56,us_10y_yield
2021-11-11,.,us_10y_yield
2021-11-12,1.58,us_10y_yield
2021-11-15,1.63,us_10y_yield
2021-11-16,1.63,us_10y_yield
2021-11-17,1.60,us_10y_yield
2021-11-18,1.59,us_10y_yield
2021-11-19,1.54,us_10y_yield
2021-11-22,1.63,us_10y_yield
2021-11-23,1.67,us_10y_yield
2021-11-24,1.64,us_10y_yield
2021-11-25,.,us_10y_yield
2021-11-26,1.48,us_10y_yield
2021-11-29,1.52,us_10y_yield
2021-11-30,1.43,us_10y_yield
2021-12-01,1.43,us_10y_yield
2021-12-02,1.44,us_10y_yield
2021-12-03,1.35,us_10y_yield
2021-12-06,1.43,us_10y_yield
2021-12-07,1.48,us_10y_yield
2021-12-08,1.52,us_10y_yield
2021-12-09,1.49,us_10y_yield
2021-12-10,1.48,us_10y_yield
2021-12-13,1.42,us_10y_yield
2021-12-14,1.44,us_10y_yield
2021-12-15,1.47,us_10y_yield
2021-12-16,1.44,us_10y_yield
2021-12-17,1.41,us_10y_yield
2021-12-20,1.43,us_10y_yield
2021-12-21,1.48,us_10y_yield
2021-12-22,1.46,us_10y_yield
2021-12-23,1.50,us_10y_yield
2021-12-24,.,us_10y_yield
2021-12-27,1.48,us_10y_yield
2021-12-28,1.49,us_10y_yield
2021-12-29,1.55,us_10y_yield
2021-12-30,1.52,us_10y_yield
2021-12-31,1.52,us_10y_yield
2022-01-03,1.63,us_10y_yield
2022-01-04,1.66,us_10y_yield
2022-01-05,1.71,us_10y_yield
2022-01-06,1.73,us_10y_yield
2022-01-07,1.76,us_10y_yield
2022-01-10,1.78,us_10y_yield
2022-01-11,1.75,us_10y_yield
2022-01-12,1.74,us_10y_yield
2022-01-13,1.70,us_10y_yield
2022-01-14,1.78,us_10y_yield
2022-01-17,.,us_10y_yield
2022-01-18,1.87,us_10y_yield
2022-01-19,1.83,us_10y_yield
2022-01-20,1.83,us_10y_yield
2022-01-21,1.75,us_10y_yield
2022-01-24,1.75,us_10y_yield
2022-01-25,1.78,us_10y_yield
2022-01-26,1.85,us_10y_yield
2022-01-27,1.81,us_10y_yield
2022-01-28,1.78,us_10y_yield
2022-01-31,1.79,us_10y_yield
2022-02-01,1.81,us_10y_yield
2022-02-02,1.78,us_10y_yield
2022-02-03,1.82,us_10y_yield
2022-02-04,1.93,us_10y_yield
2022-02-07,1.92,us_10y_yield
2022-02-08,1.96,us_10y_yield
2022-02-09,1.94,us_10y_yield
2022-02-10,2.03,us_10y_yield
2022-02-11,1.92,us_10y_yield
2022-02-14,1.98,us_10y_yield
2022-02-15,2.05,us_10y_yield
2022-02-16,2.03,us_10y_yield
2022-02-17,1.97,us_10y_yield
2022-02-18,1.92,us_10y_yield
2022-02-21,.,us_10y_yield
2022-02-22,1.94,us_10y_yield
2022-02-23,1.99,us_10y_yield
2022-02-24,1.96,us_10y_yield
2022-02-25,1.97,us_10y_yield
2022-02-28,1.83,us_10y_yield
2022-03-01,1.72,us_10y_yield
2022-03-02,1.86,us_10y_yield
2022-03-03,1.86,us_10y_yield
2022-03-04,1.74,us_10y_yield
2022-03-07,1.78,us_10y_yield
2022-03-08,1.86,us_10y_yield
2022-03-09,1.94,us_10y_yield
2022-03-10,1.98,us_10y_yield
2022-03-11,2.00,us_10y_yield
2022-03-14,2.14,us_10y_yield
2022-03-15,2.15,us_10y_yield
2022-03-16,2.19,us_10y_yield
2022-03-17,2.20,us_10y_yield
2022-03-18,2.14,us_10y_yield
2022-03-21,2.32,us_10y_yield
2022-03-22,2.38,us_10y_yield
2022-03-23,2.32,us_10y_yield
2022-03-24,2.34,us_10y_yield
2022-03-25,2.48,us_10y_yield
2022-03-28,2.46,us_10y_yield
2022-03-29,2.41,us_10y_yield
2022-03-30,2.35,us_10y_yield
2022-03-31,2.32,us_10y_yield
2022-04-01,2.39,us_10y_yield
2022-04-04,2.42,us_10y_yield
2022-04-05,2.54,us_10y_yield
2022-04-06,2.61,us_10y_yield
2022-04-07,2.66,us_10y_yield
2022-04-08,2.72,us_10y_yield
2022-04-11,2.79,us_10y_yield
2022-04-12,2.72,us_10y_yield
2022-04-13,2.70,us_10y_yield
2022-04-14,2.83,us_10y_yield
2022-04-15,.,us_10y_yield
2022-04-18,2.85,us_10y_yield
2022-04-19,2.93,us_10y_yield
2022-04-20,2.85,us_10y_yield
2022-04-21,2.90,us_10y_yield
2022-04-22,2.90,us_10y_yield
2022-04-25,2.81,us_10y_yield
2022-04-26,2.77,us_10y_yield
2022-04-27,2.82,us_10y_yield
2022-04-28,2.85,us_10y_yield
2022-04-29,2.89,us_10y_yield
2022-05-02,2.99,us_10y_yield
2022-05-03,2.97,us_10y_yield
2022-05-04,2.93,us_10y_yield
2022-05-05,3.05,us_10y_yield
2022-05-06,3.12,us_10y_yield
2022-05-09,3.05,us_10y_yield
2022-05-10,2.99,us_10y_yield
2022-05-11,2.91,us_10y_yield
2022-05-12,2.84,us_10y_yield
2022-05-13,2.93,us_10y_yield
2022-05-16,2.88,us_10y_yield
2022-05-17,2.98,us_10y_yield
2022-05-18,2.89,us_10y_yield
2022-05-19,2.84,us_10y_yield
2022-05-20,2.78,us_10y_yield
2022-05-23,2.86,us_10y_yield
2022-05-24,2.76,us_10y_yield
2022-05-25,2.75,us_10y_yield
2022-05-26,2.75,us_10y_yield
2022-05-27,2.74,us_10y_yield
2022-05-30,.,us_10y_yield
2022-05-31,2.85,us_10y_yield
2022-06-01,2.94,us_10y_yield
2022-06-02,2.92,us_10y_yield
2022-06-03,2.96,us_10y_yield
2022-06-06,3.04,us_10y_yield
2022-06-07,2.98,us_10y_yield
2022-06-08,3.03,us_10y_yield
2022-06-09,3.04,us_10y_yield
2022-06-10,3.15,us_10y_yield
2022-06-13,3.43,us_10y_yield
2022-06-14,3.49,us_10y_yield
2022-06-15,3.33,us_10y_yield
2022-06-16,3.28,us_10y_yield
2022-06-17,3.25,us_10y_yield
2022-06-20,.,us_10y_yield
2022-06-21,3.31,us_10y_yield
2022-06-22,3.16,us_10y_yield
2022-06-23,3.09,us_10y_yield
2022-06-24,3.13,us_10y_yield
2022-06-27,3.20,us_10y_yield
2022-06-28,3.20,us_10y_yield
2022-06-29,3.10,us_10y_yield
2022-06-30,2.98,us_10y_yield
2022-07-01,2.88,us_10y_yield
2022-07-04,.,us_10y_yield
2022-07-05,2.82,us_10y_yield
2022-07-06,2.93,us_10y_yield
2022-07-07,3.01,us_10y_yield
2022-07-08,3.09,us_10y_yield
2022-07-11,2.99,us_10y_yield
2022-07-12,2.96,us_10y_yield
2022-07-13,2.91,us_10y_yield
2022-07-14,2.96,us_10y_yield
2022-07-15,2.93,us_10y_yield
2022-07-18,2.96,us_10y_yield
2022-07-19,3.01,us_10y_yield
2022-07-20,3.04,us_10y_yield
2022-07-21,2.91,us_10y_yield
2022-07-22,2.77,us_10y_yield
2022-07-25,2.81,us_10y_yield
2022-07-26,2.81,us_10y_yield
2022-07-27,2.78,us_10y_yield
2022-07-28,2.68,us_10y_yield
2022-07-29,2.67,us_10y_yield
2022-08-01,2.60,us_10y_yield
2022-08-02,2.75,us_10y_yield
2022-08-03,2.73,us_10y_yield
2022-08-04,2.68,us_10y_yield
2022-08-05,2.83,us_10y_yield
2022-08-08,2.77,us_10y_yield
2022-08-09,2.80,us_10y_yield
2022-08-10,2.78,us_10y_yield
2022-08-11,2.87,us_10y_yield
2022-08-12,2.84,us_10y_yield
2022-08-15,2.79,us_10y_yield
2022-08-16,2.82,us_10y_yield
2022-08-17,2.89,us_10y_yield
2022-08-18,2.88,us_10y_yield
2022-08-19,2.98,us_10y_yield
2022-08-22,3.03,us_10y_yield
2022-08-23,3.05,us_10y_yield
2022-08-24,3.11,us_10y_yield
2022-08-25,3.03,us_10y_yield
2022-08-26,3.04,us_10y_yield
2022-08-29,3.12,us_10y_yield
2022-08-30,3.11,us_10y_yield
2022-08-31,3.15,us_10y_yield
2022-09-01,3.26,us_10y_yield
2022-09-02,3.20,us_10y_yield
2022-09-05,.,us_10y_yield
2022-09-06,3.33,us_10y_yield
2022-09-07,3.27,us_10y_yield
2022-09-08,3.29,us_10y_yield
2022-09-09,3.33,us_10y_yield
2022-09-12,3.37,us_10y_yield
2022-09-13,3.42,us_10y_yield
2022-09-14,3.41,us_10y_yield
2022-09-15,3.45,us_10y_yield
2022-09-16,3.45,us_10y_yield
2022-09-19,3.49,us_10y_yield
2022-09-20,3.57,us_10y_yield
2022-09-21,3.51,us_10y_yield
2022-09-22,3.70,us_10y_yield
2022-09-23,3.69,us_10y_yield
2022-09-26,3.88,us_10y_yield
2022-09-27,3.97,us_10y_yield
2022-09-28,3.72,us_10y_yield
2022-09-29,3.76,us_10y_yield
2022-09-30,3.83,us_10y_yield
2022-10-03,3.67,us_10y_yield
2022-10-04,3.62,us_10y_yield
2022-10-05,3.76,us_10y_yield
2022-10-06,3.83,us_10y_yield
2022-10-07,3.89,us_10y_yield
2022-10-10,.,us_10y_yield
2022-10-11,3.93,us_10y_yield
2022-10-12,3.91,us_10y_yield
2022-10-13,3.97,us_10y_yield
2022-10-14,4.00,us_10y_yield
2022-10-17,4.02,us_10y_yield
2022-10-18,4.01,us_10y_yield
2022-10-19,4.14,us_10y_yield
2022-10-20,4.24,us_10y_yield
2022-10-21,4.21,us_10y_yield
2022-10-24,4.25,us_10y_yield
2022-10-25,4.10,us_10y_yield
2022-10-26,4.04,us_10y_yield
2022-10-27,3.96,us_10y_yield
2022-10-28,4.02,us_10y_yield
2022-10-31,4.10,us_10y_yield
2022-11-01,4.07,us_10y_yield
2022-11-02,4.10,us_10y_yield
2022-11-03,4.14,us_10y_yield
2022-11-04,4.17,us_10y_yield
2022-11-07,4.22,us_10y_yield
2022-11-08,4.14,us_10y_yield
2022-11-09,4.12,us_10y_yield
2022-11-10,3.82,us_10y_yield
2022-11-11,.,us_10y_yield
2022-11-14,3.88,us_10y_yield
2022-11-15,3.80,us_10y_yield
2022-11-16,3.67,us_10y_yield
2022-11-17,3.77,us_10y_yield
2022-11-18,3.82,us_10y_yield
2022-11-21,3.83,us_10y_yield
2022-11-22,3.76,us_10y_yield
2022-11-23,3.71,us_10y_yield
2022-11-24,.,us_10y_yield
2022-11-25,3.68,us_10y_yield
2022-11-28,3.69,us_10y_yield
2022-11-29,3.75,us_10y_yield
2022-11-30,3.68,us_10y_yield
2022-12-01,3.53,us_10y_yield
2022-12-02,3.51,us_10y_yield
2022-12-05,3.60,us_10y_yield
2022-12-06,3.51,us_10y_yield
2022-12-07,3.42,us_10y_yield
2022-12-08,3.48,us_10y_yield
2022-12-09,3.57,us_10y_yield
2022-12-12,3.61,us_10y_yield
2022-12-13,3.51,us_10y_yield
2022-12-14,3.49,us_10y_yield
2022-12-15,3.44,us_10y_yield
2022-12-16,3.48,us_10y_yield
2022-12-19,3.57,us_10y_yield
2022-12-20,3.69,us_10y_yield
2022-12-21,3.68,us_10y_yield
2022-12-22,3.67,us_10y_yield
2022-12-23,3.75,us_10y_yield
2022-12-26,.,us_10y_yield
2022-12-27,3.84,us_10y_yield
2022-12-28,3.88,us_10y_yield
2022-12-29,3.83,us_10y_yield
2022-12-30,3.88,us_10y_yield
2023-01-02,.,us_10y_yield
2023-01-03,3.79,us_10y_yield
2023-01-04,3.69,us_10y_yield
2023-01-05,3.71,us_10y_yield
2023-01-06,3.55,us_10y_yield
2023-01-09,3.53,us_10y_yield
2023-01-10,3.61,us_10y_yield
2023-01-11,3.54,us_10y_yield
2023-01-12,3.43,us_10y_yield
2023-01-13,3.49,us_10y_yield
2023-01-16,.,us_10y_yield
2023-01-17,3.53,us_10y_yield
2023-01-18,3.37,us_10y_yield
2023-01-19,3.39,us_10y_yield
2023-01-20,3.48,us_10y_yield
2023-01-23,3.52,us_10y_yield
2023-01-24,3.46,us_10y_yield
2023-01-25,3.46,us_10y_yield
2023-01-26,3.49,us_10y_yield
2023-01-27,3.52,us_10y_yield
2023-01-30,3.55,us_10y_yield
2023-01-31,3.52,us_10y_yield
2023-02-01,3.39,us_10y_yield
2023-02-02,3.40,us_10y_yield
2023-02-03,3.53,us_10y_yield
2023-02-06,3.63,us_10y_yield
2023-02-07,3.67,us_10y_yield
2023-02-08,3.63,us_10y_yield
2023-02-09,3.67,us_10y_yield
2023-02-10,3.74,us_10y_yield
2023-02-13,3.72,us_10y_yield
2023-02-14,3.77,us_10y_yield
2023-02-15,3.81,us_10y_yield
2023-02-16,3.86,us_10y_yield
2023-02-17,3.82,us_10y_yield
2023-02-20,.,us_10y_yield
2023-02-21,3.95,us_10y_yield
2023-02-22,3.93,us_10y_yield
2023-02-23,3.88,us_10y_yield
2023-02-24,3.95,us_10y_yield
2023-02-27,3.92,us_10y_yield
2023-02-28,3.92,us_10y_yield
2023-03-01,4.01,us_10y_yield
2023-03-02,4.08,us_10y_yield
2023-03-03,3.97,us_10y_yield
2023-03-06,3.98,us_10y_yield
2023-03-07,3.97,us_10y_yield
2023-03-08,3.98,us_10y_yield
2023-03-09,3.93,us_10y_yield
2023-03-10,3.70,us_10y_yield
2023-03-13,3.55,us_10y_yield
2023-03-14,3.64,us_10y_yield
2023-03-15,3.51,us_10y_yield
2023-03-16,3.56,us_10y_yield
2023-03-17,3.39,us_10y_yield
2023-03-20,3.47,us_10y_yield
2023-03-21,3.59,us_10y_yield
2023-03-22,3.48,us_10y_yield
2023-03-23,3.38,us_10y_yield
2023-03-24,3.38,us_10y_yield
2023-03-27,3.53,us_10y_yield
2023-03-28,3.55,us_10y_yield
2023-03-29,3.57,us_10y_yield
2023-03-30,3.55,us_10y_yield
2023-03-31,3.48,us_10y_yield
2023-04-03,3.43,us_10y_yield
2023-04-04,3.35,us_10y_yield
2023-04-05,3.30,us_10y_yield
2023-04-06,3.30,us_10y_yield
2023-04-07,3.39,us_10y_yield
2023-04-10,3.41,us_10y_yield
2023-04-11,3.43,us_10y_yield
2023-04-12,3.41,us_10y_yield
2023-04-13,3.45,us_10y_yield
2023-04-14,3.52,us_10y_yield
2023-04-17,3.60,us_10y_yield
2023-04-18,3.58,us_10y_yield
2023-04-19,3.60,us_10y_yield
2023-04-20,3.54,us_10y_yield
2023-04-21,3.57,us_10y_yield
2023-04-24,3.52,us_10y_yield
2023-04-25,3.40,us_10y_yield
2023-04-26,3.43,us_10y_yield
2023-04-27,3.53,us_10y_yield
2023-04-28,3.44,us_10y_yield
2023-05-01,3.59,us_10y_yield
2023-05-02,3.44,us_10y_yield
2023-05-03,3.38,us_10y_yield
2023-05-04,3.37,us_10y_yield
2023-05-05,3.44,us_10y_yield
2023-05-08,3.52,us_10y_yield
2023-05-09,3.53,us_10y_yield
2023-05-10,3.43,us_10y_yield
2023-05-11,3.39,us_10y_yield
2023-05-12,3.46,us_10y_yield
2023-05-15,3.50,us_10y_yield
2023-05-16,3.54,us_10y_yield
2023-05-17,3.57,us_10y_yield
2023-05-18,3.65,us_10y_yield
2023-05-19,3.70,us_10y_yield
2023-05-22,3.72,us_10y_yield
2023-05-23,3.70,us_10y_yield
2023-05-24,3.73,us_10y_yield
2023-05-25,3.83,us_10y_yield
2023-05-26,3.80,us_10y_yield
2023-05-29,.,us_10y_yield
2023-05-30,3.69,us_10y_yield
2023-05-31,3.64,us_10y_yield
2023-06-01,3.61,us_10y_yield
2023-06-02,3.69,us_10y_yield
2023-06-05,3.69,us_10y_yield
2023-06-06,3.70,us_10y_yield
2023-06-07,3.79,us_10y_yield
2023-06-08,3.73,us_10y_yield
2023-06-09,3.75,us_10y_yield
2023-06-12,3.73,us_10y_yield
2023-06-13,3.84,us_10y_yield
2023-06-14,3.83,us_10y_yield
2023-06-15,3.72,us_10y_yield
2023-06-16,3.77,us_10y_yield
2023-06-19,.,us_10y_yield
2023-06-20,3.74,us_10y_yield
2023-06-21,3.72,us_10y_yield
2023-06-22,3.80,us_10y_yield
2023-06-23,3.74,us_10y_yield
2023-06-26,3.72,us_10y_yield
2023-06-27,3.77,us_10y_yield
2023-06-28,3.71,us_10y_yield
2023-06-29,3.85,us_10y_yield
2023-06-30,3.81,us_10y_yield
2023-07-03,3.86,us_10y_yield
2023-07-04,.,us_10y_yield
2023-07-05,3.95,us_10y_yield
2023-07-06,4.05,us_10y_yield
2023-07-07,4.06,us_10y_yield
2023-07-10,4.01,us_10y_yield
2023-07-11,3.99,us_10y_yield
2023-07-12,3.86,us_10y_yield
2023-07-13,3.76,us_10y_yield
2023-07-14,3.83,us_10y_yield
2023-07-17,3.81,us_10y_yield
2023-07-18,3.80,us_10y_yield
2023-07-19,3.75,us_10y_yield
2023-07-20,3.85,us_10y_yield
2023-07-21,3.84,us_10y_yield
2023-07-24,3.86,us_10y_yield
2023-07-25,3.91,us_10y_yield
2023-07-26,3.86,us_10y_yield
2023-07-27,4.01,us_10y_yield
2023-07-28,3.96,us_10y_yield
2023-07-31,3.97,us_10y_yield
2023-08-01,4.05,us_10y_yield
2023-08-02,4.08,us_10y_yield
2023-08-03,4.20,us_10y_yield
2023-08-04,4.05,us_10y_yield
2023-08-07,4.09,us_10y_yield
2023-08-08,4.02,us_10y_yield
2023-08-09,4.00,us_10y_yield
2023-08-10,4.09,us_10y_yield
2023-08-11,4.16,us_10y_yield
2023-08-14,4.19,us_10y_yield
2023-08-15,4.21,us_10y_yield
2023-08-16,4.28,us_10y_yield
2023-08-17,4.30,us_10y_yield
2023-08-18,4.26,us_10y_yield
2023-08-21,4.34,us_10y_yield
2023-08-22,4.34,us_10y_yield
2023-08-23,4.19,us_10y_yield
2023-08-24,4.23,us_10y_yield
2023-08-25,4.25,us_10y_yield
2023-08-28,4.20,us_10y_yield
2023-08-29,4.12,us_10y_yield
2023-08-30,4.12,us_10y_yield
2023-08-31,4.09,us_10y_yield
2023-09-01,4.18,us_10y_yield
2023-09-04,.,us_10y_yield
2023-09-05,4.27,us_10y_yield
2023-09-06,4.30,us_10y_yield
2023-09-07,4.27,us_10y_yield
2023-09-08,4.26,us_10y_yield
2023-09-11,4.29,us_10y_yield
2023-09-12,4.27,us_10y_yield
2023-09-13,4.25,us_10y_yield
2023-09-14,4.29,us_10y_yield
2023-09-15,4.33,us_10y_yield
2023-09-18,4.32,us_10y_yield
2023-09-19,4.37,us_10y_yield
2023-09-20,4.35,us_10y_yield
2023-09-21,4.49,us_10y_yield
2023-09-22,4.44,us_10y_yield
2023-09-25,4.55,us_10y_yield
2023-09-26,4.56,us_10y_yield
2023-09-27,4.61,us_10y_yield
2023-09-28,4.59,us_10y_yield
2023-09-29,4.59,us_10y_yield
2023-10-02,4.69,us_10y_yield
2023-10-03,4.81,us_10y_yield
2023-10-04,4.73,us_10y_yield
2023-10-05,4.72,us_10y_yield
2023-10-06,4.78,us_10y_yield
2023-10-09,.,us_10y_yield
2023-10-10,4.66,us_10y_yield
2023-10-11,4.58,us_10y_yield
2023-10-12,4.70,us_10y_yield
2023-10-13,4.63,us_10y_yield
2023-10-16,4.71,us_10y_yield
2023-10-17,4.83,us_10y_yield
2023-10-18,4.91,us_10y_yield
2023-10-19,4.98,us_10y_yield
2023-10-20,4.93,us_10y_yield
2023-10-23,4.86,us_10y_yield
2023-10-24,4.83,us_10y_yield
2023-10-25,4.95,us_10y_yield
2023-10-26,4.86,us_10y_yield
2023-10-27,4.84,us_10y_yield
2023-10-30,4.88,us_10y_yield
2023-10-31,4.88,us_10y_yield
2023-11-01,4.77,us_10y_yield
2023-11-02,4.67,us_10y_yield
2023-11-03,4.57,us_10y_yield
2023-11-06,4.67,us_10y_yield
2023-11-07,4.58,us_10y_yield
2023-11-08,4.49,us_10y_yield
2023-11-09,4.62,us_10y_yield
2023-11-10,4.61,us_10y_yield
2023-11-13,4.63,us_10y_yield
2023-11-14,4.44,us_10y_yield
2023-11-15,4.53,us_10y_yield
2023-11-16,4.45,us_10y_yield
2023-11-17,4.44,us_10y_yield
2023-11-20,4.42,us_10y_yield
2023-11-21,4.41,us_10y_yield
2023-11-22,4.42,us_10y_yield
2023-11-23,.,us_10y_yield
2023-11-24,4.47,us_10y_yield
2023-11-27,4.39,us_10y_yield
2023-11-28,4.34,us_10y_yield
2023-11-29,4.27,us_10y_yield
2023-11-30,4.37,us_10y_yield
2023-12-01,4.22,us_10y_yield
2023-12-04,4.28,us_10y_yield
2023-12-05,4.18,us_10y_yield
2023-12-06,4.12,us_10y_yield
2023-12-07,4.14,us_10y_yield
2023-12-08,4.23,us_10y_yield
2023-12-11,4.23,us_10y_yield
2023-12-12,4.20,us_10y_yield
2023-12-13,4.04,us_10y_yield
2023-12-14,3.92,us_10y_yield
2023-12-15,3.91,us_10y_yield
2023-12-18,3.95,us_10y_yield
2023-12-19,3.93,us_10y_yield
2023-12-20,3.86,us_10y_yield
2023-12-21,3.89,us_10y_yield
2023-12-22,3.90,us_10y_yield
2023-12-25,.,us_10y_yield
2023-12-26,3.89,us_10y_yield
2023-12-27,3.79,us_10y_yield
2023-12-28,3.84,us_10y_yield
2023-12-29,3.88,us_10y_yield
2024-01-01,.,us_10y_yield
2024-01-02,3.95,us_10y_yield
2024-01-03,3.91,us_10y_yield
2024-01-04,3.99,us_10y_yield
2024-01-05,4.05,us_10y_yield
2024-01-08,4.01,us_10y_yield
2024-01-09,4.02,us_10y_yield
2024-01-10,4.04,us_10y_yield
2024-01-11,3.98,us_10y_yield
2024-01-12,3.96,us_10y_yield
2024-01-15,.,us_10y_yield
2024-01-16,4.07,us_10y_yield
2024-01-17,4.10,us_10y_yield
2024-01-18,4.14,us_10y_yield
2024-01-19,4.15,us_10y_yield
2024-01-22,4.11,us_10y_yield
2024-01-23,4.14,us_10y_yield
2024-01-24,4.18,us_10y_yield
2024-01-25,4.14,us_10y_yield
2024-01-26,4.15,us_10y_yield
2024-01-29,4.08,us_10y_yield
2024-01-30,4.06,us_10y_yield
2024-01-31,3.99,us_10y_yield
2024-02-01,3.87,us_10y_yield
2024-02-02,4.03,us_10y_yield
2024-02-05,4.17,us_10y_yield
2024-02-06,4.09,us_10y_yield
2024-02-07,4.09,us_10y_yield
2024-02-08,4.15,us_10y_yield
2024-02-09,4.17,us_10y_yield
2024-02-12,4.17,us_10y_yield
2024-02-13,4.31,us_10y_yield
2024-02-14,4.27,us_10y_yield
2024-02-15,4.24,us_10y_yield
2024-02-16,4.3,us_10y_yield
2024-02-19,.,us_10y_yield
2024-02-20,4.27,us_10y_yield
2024-02-21,4.32,us_10y_yield
2024-02-22,4.33,us_10y_yield
2024-02-23,4.26,us_10y_yield
2024-02-26,4.28,us_10y_yield
2024-02-27,4.31,us_10y_yield
2024-02-28,4.27,us_10y_yield
2024-02-29,4.25,us_10y_yield
2024-03-01,4.19,us_10y_yield
2024-03-04,4.22,us_10y_yield
2024-03-05,4.13,us_10y_yield
2024-03-06,4.11,us_10y_yield
2024-03-07,4.09,us_10y_yield
2024-03-08,4.09,us_10y_yield
2024-03-11,4.1,us_10y_yield
2024-03-12,4.16,us_10y_yield
2024-03-13,4.19,us_10y_yield
2024-03-14,4.29,us_10y_yield
2024-03-15,4.31,us_10y_yield
2024-03-18,4.34,us_10y_yield
2024-03-19,4.3,us_10y_yield
2024-03-20,4.27,us_10y_yield
2024-03-21,4.27,us_10y_yield
2024-03-22,4.22,us_10y_yield
2024-03-25,4.25,us_10y_yield
2024-03-26,4.24,us_10y_yield
2024-03-27,4.2,us_10y_yield
2024-03-28,4.2,us_10y_yield
2024-03-29,.,us_10y_yield
2024-04-01,4.33,us_10y_yield
2024-04-02,4.36,us_10y_yield
2024-04-03,4.36,us_10y_yield
2024-04-04,4.31,us_10y_yield
2024-04-05,4.39,us_10y_yield
2024-04-08,4.42,us_10y_yield
2024-04-09,4.36,us_10y_yield
2024-04-10,4.55,us_10y_yield
2024-04-11,4.56,us_10y_yield
2024-04-12,4.5,us_10y_yield
2024-04-15,4.63,us_10y_yield
2024-04-16,4.67,us_10y_yield
2024-04-17,4.59,us_10y_yield
2024-04-18,4.64,us_10y_yield
2024-04-19,4.62,us_10y_yield
2024-04-22,4.62,us_10y_yield
2024-04-23,4.61,us_10y_yield
2024-04-24,4.65,us_10y_yield
2024-04-25,4.7,us_10y_yield
2024-04-26,4.67,us_10y_yield
2024-04-29,4.63,us_10y_yield
2024-04-30,4.69,us_10y_yield
2024-05-01,4.63,us_10y_yield
2024-05-02,4.58,us_10y_yield
2024-05-03,4.5,us_10y_yield
2024-05-06,4.49,us_10y_yield
2024-05-07,4.47,us_10y_yield
2024-05-08,4.48,us_10y_yield
2024-05-09,4.45,us_10y_yield
2024-05-10,4.5,us_10y_yield
2024-05-13,4.48,us_10y_yield
2024-05-14,4.45,us_10y_yield
2024-05-15,4.36,us_10y_yield
2024-05-16,4.38,us_10y_yield
2024-05-17,4.42,us_10y_yield
2024-05-20,4.44,us_10y_yield
2024-05-21,4.41,us_10y_yield
2024-05-22,4.43,us_10y_yield
2024-05-23,4.47,us_10y_yield
2024-05-24,4.46,us_10y_yield
2024-05-27,.,us_10y_yield
2024-05-28,4.54,us_10y_yield
2024-05-29,4.61,us_10y_yield
2024-05-30,4.55,us_10y_yield
2024-05-31,4.51,us_10y_yield
2024-06-03,4.41,us_10y_yield
2024-06-04,4.33,us_10y_yield
2024-06-05,4.29,us_10y_yield
2024-06-06,4.28,us_10y_yield
2024-06-07,4.43,us_10y_yield
2024-06-10,4.47,us_10y_yield
2024-06-11,4.39,us_10y_yield
2024-06-12,4.31,us_10y_yield
2024-06-13,4.24,us_10y_yield
2024-06-14,4.2,us_10y_yield
2024-06-17,4.28,us_10y_yield
2024-06-18,4.22,us_10y_yield
2024-06-19,.,us_10y_yield
2024-06-20,4.25,us_10y_yield
2024-06-21,4.25,us_10y_yield
2024-06-24,4.25,us_10y_yield
2024-06-25,4.23,us_10y_yield
2024-06-26,4.32,us_10y_yield
2024-06-27,4.29,us_10y_yield
2024-06-28,4.36,us_10y_yield
2024-07-01,4.48,us_10y_yield
2024-07-02,4.43,us_10y_yield
2024-07-03,4.36,us_10y_yield
2024-07-04,.,us_10y_yield
2024-07-05,4.28,us_10y_yield
2024-07-08,4.28,us_10y_yield
2024-07-09,4.3,us_10y_yield
2024-07-10,4.28,us_10y_yield
2024-07-11,4.2,us_10y_yield
2024-07-12,4.18,us_10y_yield
2024-07-15,4.23,us_10y_yield
2024-07-16,4.17,us_10y_yield
2024-07-17,4.16,us_10y_yield
2024-07-18,4.2,us_10y_yield
2024-07-19,4.25,us_10y_yield
2024-07-22,4.26,us_10y_yield
2024-07-23,4.25,us_10y_yield
2024-07-24,4.28,us_10y_yield
2024-07-25,4.27,us_10y_yield
2024-07-26,4.2,us_10y_yield
2024-07-29,4.17,us_10y_yield
2024-07-30,4.15,us_10y_yield
2024-07-31,4.09,us_10y_yield
2024-08-01,3.99,us_10y_yield
2024-08-02,3.8,us_10y_yield
2024-08-05,3.78,us_10y_yield
2024-08-06,3.9,us_10y_yield
2024-08-07,3.96,us_10y_yield
2024-08-08,3.99,us_10y_yield
2024-08-09,3.94,us_10y_yield
2024-08-12,3.9,us_10y_yield
2024-08-13,3.85,us_10y_yield
2024-08-14,3.83,us_10y_yield
2024-08-15,3.92,us_10y_yield
2024-08-16,3.89,us_10y_yield
2024-08-19,3.86,us_10y_yield
2024-08-20,3.82,us_10y_yield
2024-08-21,3.79,us_10y_yield
2024-08-22,3.86,us_10y_yield
2024-08-23,3.81,us_10y_yield
2024-08-26,3.82,us_10y_yield
2024-08-27,3.83,us_10y_yield
2024-08-28,3.84,us_10y_yield
2024-08-29,3.87,us_10y_yield
2024-08-30,3.91,us_10y_yield
2024-09-02,.,us_10y_yield
2024-09-03,3.84,us_10y_yield
2024-09-04,3.77,us_10y_yield
2024-09-05,3.73,us_10y_yield
2024-09-06,3.72,us_10y_yield
2024-09-09,3.7,us_10y_yield
2024-09-10,3.65,us_10y_yield
2024-09-11,3.65,us_10y_yield
2024-09-12,3.68,us_10y_yield
2024-09-13,3.66,us_10y_yield
2024-09-16,3.63,us_10y_yield
2024-09-17,3.65,us_10y_yield
2024-09-18,3.7,us_10y_yield
2024-09-19,3.73,us_10y_yield
2024-09-20,3.73,us_10y_yield
2024-09-23,3.75,us_10y_yield
2024-09-24,3.74,us_10y_yield
2024-09-25,3.79,us_10y_yield
2024-09-26,3.79,us_10y_yield
2024-09-27,3.75,us_10y_yield
2024-09-30,3.81,us_10y_yield
2024-10-01,3.74,us_10y_yield
2024-10-02,3.79,us_10y_yield
2024-10-03,3.85,us_10y_yield
2024-10-04,3.98,us_10y_yield
2024-10-07,4.03,us_10y_yield
2024-10-08,4.04,us_10y_yield
2024-10-09,4.06,us_10y_yield
2024-10-10,4.09,us_10y_yield
2024-10-11,4.08,us_10y_yield
2024-10-14,.,us_10y_yield
2024-10-15,4.03,us_10y_yield
2024-10-16,4.02,us_10y_yield
2024-10-17,4.09,us_10y_yield
2024-10-18,4.08,us_10y_yield
2024-10-21,4.19,us_10y_yield
2024-10-22,4.2,us_10y_yield
2024-10-23,4.24,us_10y_yield
2024-10-24,4.21,us_10y_yield
2024-10-25,4.25,us_10y_yield
2024-10-28,4.28,us_10y_yield
2024-10-29,4.28,us_10y_yield
2024-10-30,4.29,us_10y_yield
2024-10-31,4.28,us_10y_yield
2024-11-01,4.37,us_10y_yield
2024-11-04,4.31,us_10y_yield
2024-11-05,4.26,us_10y_yield
2024-11-06,4.42,us_10y_yield
2024-11-07,4.31,us_10y_yield
2024-11-08,4.3,us_10y_yield
2024-11-11,.,us_10y_yield
2024-11-12,4.43,us_10y_yield
2024-11-13,4.44,us_10y_yield
2024-11-14,4.43,us_10y_yield
2024-11-15,4.43,us_10y_yield
2024-11-18,4.42,us_10y_yield
2024-11-19,4.39,us_10y_yield
2024-11-20,4.41,us_10y_yield
2024-11-21,4.43,us_10y_yield
2024-11-22,4.41,us_10y_yield
2024-11-25,4.27,us_10y_yield
2024-11-26,4.3,us_10y_yield
2024-11-27,4.25,us_10y_yield
2024-11-28,.,us_10y_yield
2024-11-29,4.18,us_10y_yield
2024-12-02,4.19,us_10y_yield
2024-12-03,4.23,us_10y_yield
2024-12-04,4.19,us_10y_yield
2024-12-05,4.17,us_10y_yield
2024-12-06,4.15,us_10y_yield
2024-12-09,4.2,us_10y_yield
2024-12-10,4.22,us_10y_yield
2024-12-11,4.26,us_10y_yield
2024-12-12,4.32,us_10y_yield
2024-12-13,4.4,us_10y_yield
2024-12-16,4.39,us_10y_yield
2024-12-17,4.4,us_10y_yield
2024-12-18,4.5,us_10y_yield
2024-12-19,4.57,us_10y_yield
2024-12-20,4.52,us_10y_yield
2024-12-23,4.59,us_10y_yield
2024-12-24,4.59,us_10y_yield
2024-12-25,.,us_10y_yield
2024-12-26,4.58,us_10y_yield
2024-12-27,4.62,us_10y_yield
2024-12-30,4.55,us_10y_yield
2024-12-31,4.58,us_10y_yield
2025-01-01,.,us_10y_yield
2025-01-02,4.57,us_10y_yield
2025-01-03,4.6,us_10y_yield
2025-01-06,4.62,us_10y_yield
2025-01-07,4.67,us_10y_yield
2025-01-08,4.67,us_10y_yield
2025-01-09,4.68,us_10y_yield
2025-01-10,4.77,us_10y_yield
2025-01-13,4.79,us_10y_yield
2025-01-14,4.78,us_10y_yield
2025-01-15,4.66,us_10y_yield
2025-01-16,4.61,us_10y_yield
2025-01-17,4.61,us_10y_yield
2025-01-20,.,us_10y_yield
2025-01-21,4.57,us_10y_yield
2025-01-22,4.6,us_10y_yield
2025-01-23,4.65,us_10y_yield
2025-01-24,4.63,us_10y_yield
2025-01-27,4.53,us_10y_yield
2025-01-28,4.55,us_10y_yield
2025-01-29,4.55,us_10y_yield
2025-01-30,4.52,us_10y_yield
2025-01-31,4.58,us_10y_yield
2025-02-03,4.54,us_10y_yield
2025-02-04,4.52,us_10y_yield
2025-02-05,4.43,us_10y_yield
2025-02-06,4.45,us_10y_yield
2025-02-07,4.49,us_10y_yield
2025-02-10,4.51,us_10y_yield
2025-02-11,4.54,us_10y_yield
2025-02-12,4.62,us_10y_yield
2025-02-13,4.52,us_10y_yield
2025-02-14,4.47,us_10y_yield
2025-02-17,.,us_10y_yield
2025-02-18,4.55,us_10y_yield
2025-02-19,4.53,us_10y_yield
2025-02-20,4.5,us_10y_yield
2025-02-21,4.42,us_10y_yield
2025-02-24,4.4,us_10y_yield
2025-02-25,4.3,us_10y_yield
2025-02-26,4.25,us_10y_yield
2025-02-27,4.29,us_10y_yield
2025-02-28,4.24,us_10y_yield
2025-03-03,4.16,us_10y_yield
2025-03-04,4.22,us_10y_yield
2025-03-05,4.28,us_10y_yield
2025-03-06,4.29,us_10y_yield
2025-03-07,4.32,us_10y_yield
2025-03-10,4.22,us_10y_yield
2025-03-11,4.28,us_10y_yield
2025-03-12,4.32,us_10y_yield
2025-03-13,4.27,us_10y_yield
2025-03-14,4.31,us_10y_yield
2025-03-17,4.31,us_10y_yield
2025-03-18,4.29,us_10y_yield
2025-03-19,4.25,us_10y_yield
2025-03-20,4.24,us_10y_yield
2025-03-21,4.25,us_10y_yield
2025-03-24,4.34,us_10y_yield
2025-03-25,4.31,us_10y_yield
2025-03-26,4.35,us_10y_yield
2025-03-27,4.38,us_10y_yield
2025-03-28,4.27,us_10y_yield
2025-03-31,4.23,us_10y_yield
2025-04-01,4.17,us_10y_yield
2025-04-02,4.2,us_10y_yield
2025-04-03,4.06,us_10y_yield
2025-04-04,4.01,us_10y_yield
2025-04-07,4.15,us_10y_yield
2025-04-08,4.26,us_10y_yield
2025-04-09,4.34,us_10y_yield
2025-04-10,4.4,us_10y_yield
2025-04-11,4.48,us_10y_yield
2025-04-14,4.38,us_10y_yield
2025-04-15,4.35,us_10y_yield
2025-04-16,4.29,us_10y_yield
2025-04-17,4.34,us_10y_yield
2025-04-18,.,us_10y_yield
2025-04-21,4.42,us_10y_yield
2025-04-22,4.41,us_10y_yield
2025-04-23,4.4,us_10y_yield
2025-04-24,4.32,us_10y_yield
2025-04-25,4.29,us_10y_yield
2025-04-28,4.23,us_10y_yield
2025-04-29,4.19,us_10y_yield
2025-04-30,4.17,us_10y_yield
2025-05-01,4.25,us_10y_yield
2025-05-02,4.33,us_10y_yield
2025-05-05,4.36,us_10y_yield
2025-05-06,4.3,us_10y_yield
2025-05-07,4.26,us_10y_yield
2025-05-08,4.37,us_10y_yield
2025-05-09,4.37,us_10y_yield
2025-05-12,4.45,us_10y_yield
2025-05-13,4.49,us_10y_yield
2025-05-14,4.53,us_10y_yield
2025-05-15,4.45,us_10y_yield
2025-05-16,4.43,us_10y_yield
2025-05-19,4.46,us_10y_yield
2025-05-20,4.48,us_10y_yield
2025-05-21,4.58,us_10y_yield
2025-05-22,4.54,us_10y_yield
2025-05-23,4.51,us_10y_yield
2025-05-26,.,us_10y_yield
2025-05-27,4.43,us_10y_yield
2025-05-28,4.47,us_10y_yield
2025-05-29,4.43,us_10y_yield
2025-05-30,4.41,us_10y_yield
2025-06-02,4.46,us_10y_yield
2025-06-03,4.46,us_10y_yield
2025-06-04,4.37,us_10y_yield
2025-06-05,4.4,us_10y_yield
2025-06-06,4.51,us_10y_yield
2025-06-09,4.49,us_10y_yield
2025-06-10,4.47,us_10y_yield
2025-06-11,4.41,us_10y_yield
2025-06-12,4.36,us_10y_yield
2025-06-13,4.41,us_10y_yield
2025-06-16,4.46,us_10y_yield
2025-06-17,4.39,us_10y_yield
2025-06-18,4.38,us_10y_yield
2025-06-19,.,us_10y_yield
2025-06-20,4.38,us_10y_yield
2025-06-23,4.34,us_10y_yield
2025-06-24,4.3,us_10y_yield
2025-06-25,4.29,us_10y_yield
2025-06-26,4.26,us_10y_yield
2025-06-27,4.29,us_10y_yield
2025-06-30,4.24,us_10y_yield
2025-07-01,4.26,us_10y_yield
2025-07-02,4.3,us_10y_yield
2025-07-03,4.35,us_10y_yield
2025-07-04,.,us_10y_yield
2025-07-07,4.4,us_10y_yield
2025-07-08,4.42,us_10y_yield
2025-07-09,4.34,us_10y_yield
2025-07-10,4.35,us_10y_yield
2025-07-11,4.43,us_10y_yield
2025-07-14,4.43,us_10y_yield
2025-07-15,4.5,us_10y_yield
2025-07-16,4.46,us_10y_yield
2025-07-17,4.47,us_10y_yield
2025-07-18,4.44,us_10y_yield
2025-07-21,4.38,us_10y_yield
2025-07-22,4.35,us_10y_yield
2025-07-23,4.4,us_10y_yield
2025-07-24,4.43,us_10y_yield
2025-07-25,4.4,us_10y_yield
2025-07-28,4.42,us_10y_yield
2025-07-29,4.34,us_10y_yield
2025-07-30,4.38,us_10y_yield
2025-07-31,4.37,us_10y_yield
2025-08-01,4.23,us_10y_yield
2025-08-04,4.22,us_10y_yield
2025-08-05,4.22,us_10y_yield
2025-08-06,4.22,us_10y_yield
2025-08-07,4.23,us_10y_yield
2025-08-08,4.27,us_10y_yield
2025-08-11,4.27,us_10y_yield
2025-08-12,4.29,us_10y_yield
2025-08-13,4.24,us_10y_yield
2025-08-14,4.29,us_10y_yield
2025-08-15,4.33,us_10y_yield
2025-08-18,4.34,us_10y_yield
2025-08-19,4.3,us_10y_yield
2025-08-20,4.29,us_10y_yield
2025-08-21,4.33,us_10y_yield
2025-08-22,4.26,us_10y_yield
2025-08-25,4.28,us_10y_yield
2025-08-26,4.26,us_10y_yield
2025-08-27,4.24,us_10y_yield
2025-08-28,4.22,us_10y_yield
2025-08-29,4.23,us_10y_yield
2025-09-01,.,us_10y_yield
2025-09-02,4.28,us_10y_yield
2025-09-03,4.22,us_10y_yield
2025-09-04,4.17,us_10y_yield
2025-09-05,4.1,us_10y_yield
2025-09-08,4.05,us_10y_yield
2025-09-09,4.08,us_10y_yield
2025-09-10,4.04,us_10y_yield
2025-09-11,4.01,us_10y_yield
2025-09-12,4.06,us_10y_yield
2025-09-15,4.05,us_10y_yield
2025-09-16,4.04,us_10y_yield
2025-09-17,4.06,us_10y_yield
2025-09-18,4.11,us_10y_yield
2025-09-19,4.14,us_10y_yield
2025-09-22,4.15,us_10y_yield
2025-09-23,4.12,us_10y_yield
2025-09-24,4.16,us_10y_yield
2025-09-25,4.18,us_10y_yield
2025-09-26,4.2,us_10y_yield
2025-09-29,4.15,us_10y_yield
2025-09-30,4.16,us_10y_yield
2025-10-01,4.12,us_10y_yield
2025-10-02,4.1,us_10y_yield
2025-10-03,4.13,us_10y_yield
2025-10-06,4.18,us_10y_yield
2025-10-07,4.14,us_10y_yield
2025-10-08,4.13,us_10y_yield
2025-10-09,4.14,us_10y_yield
2025-10-10,4.05,us_10y_yield
2025-10-13,.,us_10y_yield
2025-10-14,4.03,us_10y_yield
2025-10-15,4.05,us_10y_yield
2025-10-16,3.99,us_10y_yield
2025-10-17,4.02,us_10y_yield
2025-10-20,4.0,us_10y_yield
2025-10-21,3.98,us_10y_yield
2025-10-22,3.97,us_10y_yield
2025-10-23,4.01,us_10y_yield
2025-10-24,4.02,us_10y_yield
2025-10-27,4.01,us_10y_yield
2025-10-28,3.99,us_10y_yield
2025-10-29,4.08,us_10y_yield
2025-10-30,4.11,us_10y_yield
2025-10-31,4.11,us_10y_yield
2025-11-03,4.13,us_10y_yield
2025-11-04,4.1,us_10y_yield
2025-11-05,4.17,us_10y_yield
2025-11-06,4.11,us_10y_yield
2025-11-07,4.11,us_10y_yield
2025-11-10,4.13,us_10y_yield
2025-11-11,.,us_10y_yield
2025-11-12,4.08,us_10y_yield
2025-11-13,4.11,us_10y_yield
2025-11-14,4.14,us_10y_yield
2025-11-17,4.13,us_10y_yield
2025-11-18,4.12,us_10y_yield
2025-11-19,4.13,us_10y_yield
2025-11-20,4.1,us_10y_yield
2025-11-21,4.06,us_10y_yield
2025-11-24,4.04,us_10y_yield
2025-11-25,4.01,us_10y_yield
2025-11-26,4.0,us_10y_yield
2025-11-27,.,us_10y_yield
2025-11-28,4.02,us_10y_yield
2025-12-01,4.09,us_10y_yield
2025-12-02,4.09,us_10y_yield
2025-12-03,4.06,us_10y_yield
2025-12-04,4.11,us_10y_yield
2025-12-05,4.14,us_10y_yield
2025-12-08,4.17,us_10y_yield
2025-12-09,4.18,us_10y_yield
2025-12-10,4.13,us_10y_yield
2025-12-11,4.14,us_10y_yield
2025-12-12,4.19,us_10y_yield
2025-12-15,4.18,us_10y_yield
2025-12-16,4.15,us_10y_yield
2025-12-17,4.16,us_10y_yield
2025-12-18,4.12,us_10y_yield
2025-12-19,4.16,us_10y_yield
2025-12-22,4.17,us_10y_yield
2025-12-23,4.18,us_10y_yield
2025-12-24,4.15,us_10y_yield
2025-12-25,.,us_10y_yield
2025-12-26,4.14,us_10y_yield
2025-12-29,4.12,us_10y_yield
2025-12-30,4.14,us_10y_yield
2025-12-31,4.18,us_10y_yield
2026-01-01,.,us_10y_yield
2026-01-02,4.19,us_10y_yield
2026-01-05,4.17,us_10y_yield
2026-01-06,4.18,us_10y_yield
2026-01-07,4.15,us_10y_yield
2026-01-08,4.19,us_10y_yield
2026-01-09,4.18,us_10y_yield
2026-01-12,4.19,us_10y_yield
2026-01-13,4.18,us_10y_yield
2026-01-14,4.15,us_10y_yield
2026-01-15,4.17,us_10y_yield
2026-01-16,4.24,us_10y_yield
2026-01-19,.,us_10y_yield
2026-01-20,4.3,us_10y_yield
2026-01-21,4.26,us_10y_yield
2026-01-22,4.26,us_10y_yield
2026-01-23,4.24,us_10y_yield
2026-01-26,4.22,us_10y_yield
2026-01-27,4.24,us_10y_yield
2026-01-28,4.26,us_10y_yield
2026-01-29,4.24,us_10y_yield
2026-01-30,4.26,us_10y_yield
2026-02-02,4.29,us_10y_yield
2026-02-03,4.28,us_10y_yield
2026-02-04,4.29,us_10y_yield
2026-02-05,4.21,us_10y_yield
2026-02-06,4.22,us_10y_yield
2026-02-09,4.22,us_10y_yield
2026-02-10,4.16,us_10y_yield
2026-02-11,4.18,us_10y_yield
2026-02-12,4.09,us_10y_yield
2026-02-13,4.04,us_10y_yield
2026-02-16,.,us_10y_yield
2026-02-17,4.05,us_10y_yield
2026-02-18,4.09,us_10y_yield
2026-02-19,4.08,us_10y_yield
2026-02-20,4.08,us_10y_yield
2026-02-23,4.03,us_10y_yield
2026-02-24,4.04,us_10y_yield
2026-02-25,4.05,us_10y_yield
2026-02-26,4.02,us_10y_yield
2026-02-27,3.97,us_10y_yield
2026-03-02,4.05,us_10y_yield
2026-03-03,4.06,us_10y_yield
2026-03-04,4.09,us_10y_yield
2026-03-05,4.13,us_10y_yield
2026-03-06,4.15,us_10y_yield
2026-03-09,4.12,us_10y_yield
2026-03-10,4.15,us_10y_yield
2026-03-11,4.21,us_10y_yield
2026-03-12,4.27,us_10y_yield
2026-03-13,4.28,us_10y_yield
2026-03-16,4.23,us_10y_yield
2026-03-17,4.2,us_10y_yield
2026-03-18,4.26,us_10y_yield
2026-03-19,4.25,us_10y_yield
2026-03-20,4.39,us_10y_yield
2026-03-23,4.34,us_10y_yield
2026-03-24,4.39,us_10y_yield
2026-03-25,4.33,us_10y_yield
2026-03-26,4.42,us_10y_yield
2026-03-27,4.44,us_10y_yield
2026-03-30,4.35,us_10y_yield
2026-03-31,4.3,us_10y_yield
2026-04-01,4.33,us_10y_yield
2026-04-02,4.31,us_10y_yield
2026-04-03,4.35,us_10y_yield
2026-04-06,4.34,us_10y_yield
2026-04-07,4.33,us_10y_yield
2026-04-08,4.29,us_10y_yield
2026-04-09,4.29,us_10y_yield
2026-04-10,4.31,us_10y_yield
2026-04-13,4.3,us_10y_yield
2026-04-14,4.26,us_10y_yield
2026-04-15,4.29,us_10y_yield
2026-04-16,4.32,us_10y_yield
2026-04-17,4.26,us_10y_yield
2026-04-20,4.26,us_10y_yield
2026-04-21,4.3,us_10y_yield
2026-04-22,4.3,us_10y_yield
2026-04-23,4.34,us_10y_yield
2026-04-24,4.31,us_10y_yield
2026-04-27,4.35,us_10y_yield
2026-04-28,4.36,us_10y_yield
2026-04-29,4.42,us_10y_yield
2026-04-30,4.4,us_10y_yield
2026-05-01,4.39,us_10y_yield
2026-05-04,4.45,us_10y_yield
2026-05-05,4.43,us_10y_yield
2026-05-06,4.36,us_10y_yield
2026-05-07,4.41,us_10y_yield
2026-05-08,4.38,us_10y_yield
2026-05-11,4.42,us_10y_yield
2026-05-12,4.46,us_10y_yield
2026-05-13,4.46,us_10y_yield
2026-05-14,4.47,us_10y_yield
2026-05-15,4.59,us_10y_yield
2026-05-18,4.61,us_10y_yield
2026-05-19,4.67,us_10y_yield
2026-05-20,4.57,us_10y_yield
2026-05-21,4.57,us_10y_yield
2026-05-22,4.56,us_10y_yield
2026-05-25,.,us_10y_yield
2026-05-26,4.5,us_10y_yield
2026-05-27,4.48,us_10y_yield
2026-05-28,4.45,us_10y_yield
2026-05-29,4.45,us_10y_yield
2026-06-01,4.47,us_10y_yield
2026-06-02,4.46,us_10y_yield
2026-06-03,4.49,us_10y_yield
2026-06-04,4.47,us_10y_yield
2026-06-05,4.55,us_10y_yield
2026-06-08,4.56,us_10y_yield
2026-06-09,4.53,us_10y_yield
2026-06-10,4.55,us_10y_yield
2026-06-11,4.45,us_10y_yield
2026-06-12,4.48,us_10y_yield
2026-06-15,4.47,us_10y_yield
2026-06-16,4.43,us_10y_yield
2026-06-17,4.49,us_10y_yield
2026-06-18,4.46,us_10y_yield
2026-06-19,.,us_10y_yield
2026-06-22,4.51,us_10y_yield
2026-06-23,4.5,us_10y_yield
2026-06-24,4.41,us_10y_yield
2026-06-25,4.4,us_10y_yield
2026-06-26,4.38,us_10y_yield
2026-06-29,4.38,us_10y_yield
2026-06-30,4.44,us_10y_yield
2026-07-01,4.48,us_10y_yield
2026-07-02,4.49,us_10y_yield
2026-07-03,.,us_10y_yield
2026-07-06,4.48,us_10y_yield
2026-07-07,4.55,us_10y_yield
2026-07-08,4.56,us_10y_yield
2026-07-09,4.54,us_10y_yield
2026-07-10,4.56,us_10y_yield
2026-07-13,4.62,us_10y_yield
2026-07-14,4.58,us_10y_yield
2026-07-15,4.55,us_10y_yield
2026-07-16,4.57,us_10y_yield
2026-07-17,4.55,us_10y_yield
2026-07-20,4.6,us_10y_yield
2026-07-21,4.63,us_10y_yield
2026-07-22,4.67,us_10y_yield
2026-07-23,4.71,us_10y_yield
2026-07-24,4.69,us_10y_yield
2026-07-27,4.65,us_10y_yield
2026-07-28,4.61,us_10y_yield
2026-07-29,4.67,us_10y_yield
2026-07-30,4.68,us_10y_yield
2026-07-31,4.75,us_10y_yield
2026-08-03,4.7,us_10y_yield
2026-08-04,4.63,us_10y_yield
2026-08-05,4.63,us_10y_yield
2026-08-06,4.69,us_10y_yield
2026-08-07,4.65,us_10y_yield
2026-08-10,4.72,us_10y_yield
2026-08-11,4.7,us_10y_yield
2026-08-12,4.68,us_10y_yield
2026-08-13,4.63,us_10y_yield
2026-08-14,4.68,us_10y_yield
2026-08-17,4.72,us_10y_yield
2026-08-18,4.71,us_10y_yield
2026-08-19,4.65,us_10y_yield
2026-08-20,4.69,us_10y_yield
2026-08-21,4.74,us_10y_yield
2026-08-24,4.7,us_10y_yield
2026-08-25,4.64,us_10y_yield
2026-08-26,4.66,us_10y_yield
2026-08-27,4.67,us_10y_yield
2026-08-28,4.73,us_10y_yield
2026-08-31,4.75,us_10y_yield
2026-09-01,4.79,us_10y_yield
2026-09-02,4.79,us_10y_yield
2026-09-03,4.77,us_10y_yield
2026-09-04,4.78,us_10y_yield
2026-09-07,.,us_10y_yield
2026-09-08,4.8,us_10y_yield
2026-09-09,4.83,us_10y_yield
2026-09-10,4.95,us_10y_yield
2026-09-11,4.96,us_10y_yield
2026-09-14,4.97,us_10y_yield
2026-09-15,5,us_10y_yield
2026-09-16,5.01,us_10y_yield
2026-09-17,4.94,us_10y_yield
2026-09-18,5.01,us_10y_yield
2026-09-21,4.96,us_10y_yield
2026-09-22,4.96,us_10y_yield
2026-09-23,5.11,us_10y_yield
2026-09-24,5.18,us_10y_yield
2026-09-25,5.17,us_10y_yield
2026-09-28,5.24,us_10y_yield
2026-09-29,5.26,us_10y_yield
2010-01-01,3.2575,de_10y_yield
2010-02-01,3.17,de_10y_yield
2010-03-01,3.10217391304348,de_10y_yield
2010-04-01,3.0645,de_10y_yield
2010-05-01,2.73428571428571,de_10y_yield
2010-06-01,2.54318181818182,de_10y_yield
2010-07-01,2.61590909090909,de_10y_yield
2010-08-01,2.35,de_10y_yield
2010-09-01,2.30045454545455,de_10y_yield
2010-10-01,2.34571428571429,de_10y_yield
2010-11-01,2.53272727272727,de_10y_yield
2010-12-01,2.9147619047619,de_10y_yield
2011-01-01,3.01666666666667,de_10y_yield
2011-02-01,3.199,de_10y_yield
2011-03-01,3.21173913043478,de_10y_yield
2011-04-01,3.34052631578947,de_10y_yield
2011-05-01,3.06090909090909,de_10y_yield
2011-06-01,2.89090909090909,de_10y_yield
2011-07-01,2.74380952380952,de_10y_yield
2011-08-01,2.21347826086957,de_10y_yield
2011-09-01,1.82909090909091,de_10y_yield
2011-10-01,2.00238095238095,de_10y_yield
2011-11-01,1.87409090909091,de_10y_yield
2011-12-01,1.92761904761905,de_10y_yield
2012-01-01,1.82090909090909,de_10y_yield
2012-02-01,1.85190476190476,de_10y_yield
2012-03-01,1.83045454545455,de_10y_yield
2012-04-01,1.62421052631579,de_10y_yield
2012-05-01,1.33681818181818,de_10y_yield
2012-06-01,1.30047619047619,de_10y_yield
2012-07-01,1.24227272727273,de_10y_yield
2012-08-01,1.34173913043478,de_10y_yield
2012-09-01,1.4905,de_10y_yield
2012-10-01,1.46695652173913,de_10y_yield
2012-11-01,1.33590909090909,de_10y_yield
2012-12-01,1.29941176470588,de_10y_yield
2013-01-01,1.51227272727273,de_10y_yield
2013-02-01,1.5435,de_10y_yield
2013-03-01,1.3545,de_10y_yield
2013-04-01,1.19619047619048,de_10y_yield
2013-05-01,1.29409090909091,de_10y_yield
2013-06-01,1.5305,de_10y_yield
2013-07-01,1.56565217391304,de_10y_yield
2013-08-01,1.735,de_10y_yield
2013-09-01,1.88809523809524,de_10y_yield
2013-10-01,1.76217391304348,de_10y_yield
2013-11-01,1.67714285714286,de_10y_yield
2013-12-01,1.79777777777778,de_10y_yield
2014-01-01,1.75590909090909,de_10y_yield
2014-02-01,1.5585,de_10y_yield
2014-03-01,1.50857142857143,de_10y_yield
2014-04-01,1.4565,de_10y_yield
2014-05-01,1.32714285714286,de_10y_yield
2014-06-01,1.26428571428571,de_10y_yield
2014-07-01,1.11434782608696,de_10y_yield
2014-08-01,0.956190476190476,de_10y_yield
2014-09-01,0.921363636363636,de_10y_yield
2014-10-01,0.790909090909091,de_10y_yield
2014-11-01,0.719,de_10y_yield
2014-12-01,0.588947368421053,de_10y_yield
2015-01-01,0.39,de_10y_yield
2015-02-01,0.302,de_10y_yield
2015-03-01,0.227272727272727,de_10y_yield
2015-04-01,0.122,de_10y_yield
2015-05-01,0.55578947368421,de_10y_yield
2015-06-01,0.792727272727273,de_10y_yield
2015-07-01,0.71,de_10y_yield
2015-08-01,0.608571428571429,de_10y_yield
2015-09-01,0.654090909090909,de_10y_yield
2015-10-01,0.518181818181818,de_10y_yield
2015-11-01,0.516190476190476,de_10y_yield
2015-12-01,0.5455,de_10y_yield
2016-01-01,0.4305,de_10y_yield
2016-02-01,0.172857142857143,de_10y_yield
2016-03-01,0.171428571428571,de_10y_yield
2016-04-01,0.134285714285714,de_10y_yield
2016-05-01,0.132857142857143,de_10y_yield
2016-06-01,-0.016818181818182,de_10y_yield
2016-07-01,-0.154285714285714,de_10y_yield
2016-08-01,-0.131739130434783,de_10y_yield
2016-09-01,-0.084090909090909,de_10y_yield
2016-10-01,0.002,de_10y_yield
2016-11-01,0.189090909090909,de_10y_yield
2016-12-01,0.251904761904762,de_10y_yield
2017-01-01,0.250909090909091,de_10y_yield
2017-02-01,0.258,de_10y_yield
2017-03-01,0.348260869565217,de_10y_yield
2017-04-01,0.225555555555556,de_10y_yield
2017-05-01,0.336363636363636,de_10y_yield
2017-06-01,0.25047619047619,de_10y_yield
2017-07-01,0.455714285714286,de_10y_yield
2017-08-01,0.346086956521739,de_10y_yield
2017-09-01,0.347142857142857,de_10y_yield
2017-10-01,0.3725,de_10y_yield
2017-11-01,0.308181818181818,de_10y_yield
2017-12-01,0.296842105263158,de_10y_yield
2018-01-01,0.474545454545455,de_10y_yield
2018-02-01,0.659,de_10y_yield
2018-03-01,0.52952380952381,de_10y_yield
2018-04-01,0.48,de_10y_yield
2018-05-01,0.45,de_10y_yield
2018-06-01,0.327142857142857,de_10y_yield
2018-07-01,0.274545454545455,de_10y_yield
2018-08-01,0.290869565217391,de_10y_yield
2018-09-01,0.3705,de_10y_yield
2018-10-01,0.399090909090909,de_10y_yield
2018-11-01,0.314090909090909,de_10y_yield
2018-12-01,0.187058823529412,de_10y_yield
2019-01-01,0.132727272727273,de_10y_yield
2019-02-01,0.0555,de_10y_yield
2019-03-01,0.010952380952381,de_10y_yield
2019-04-01,-0.0395,de_10y_yield
2019-05-01,-0.134545454545455,de_10y_yield
2019-06-01,-0.315263157894737,de_10y_yield
2019-07-01,-0.388260869565217,de_10y_yield
2019-08-01,-0.649090909090909,de_10y_yield
2019-09-01,-0.594761904761905,de_10y_yield
2019-10-01,-0.469545454545455,de_10y_yield
2019-11-01,-0.352380952380952,de_10y_yield
2019-12-01,-0.299444444444444,de_10y_yield
2020-01-01,-0.313636363636364,de_10y_yield
2020-02-01,-0.466,de_10y_yield
2020-03-01,-0.541363636363636,de_10y_yield
2020-04-01,-0.4495,de_10y_yield
2020-05-01,-0.5165,de_10y_yield
2020-06-01,-0.434285714285714,de_10y_yield
2020-07-01,-0.52304347826087,de_10y_yield
2020-08-01,-0.523333333333333,de_10y_yield
2020-09-01,-0.524090909090909,de_10y_yield
2020-10-01,-0.607272727272727,de_10y_yield
2020-11-01,-0.614761904761905,de_10y_yield
2020-12-01,-0.6185,de_10y_yield
2021-01-01,-0.5835,de_10y_yield
2021-02-01,-0.4455,de_10y_yield
2021-03-01,-0.364782608695652,de_10y_yield
2021-04-01,-0.325,de_10y_yield
2021-05-01,-0.2235,de_10y_yield
2021-06-01,-0.288636363636364,de_10y_yield
2021-07-01,-0.451363636363636,de_10y_yield
2021-08-01,-0.538636363636364,de_10y_yield
2021-09-01,-0.362727272727273,de_10y_yield
2021-10-01,-0.204285714285714,de_10y_yield
2021-11-01,-0.313636363636364,de_10y_yield
2021-12-01,-0.384285714285714,de_10y_yield
2022-01-01,-0.114761904761905,de_10y_yield
2022-02-01,0.15,de_10y_yield
2022-03-01,0.281739130434783,de_10y_yield
2022-04-01,0.746315789473684,de_10y_yield
2022-05-01,0.952727272727273,de_10y_yield
2022-06-01,1.445,de_10y_yield
2022-07-01,1.08190476190476,de_10y_yield
2022-08-01,1.03434782608696,de_10y_yield
2022-09-01,1.79545454545455,de_10y_yield
2022-10-01,2.18666666666667,de_10y_yield
2022-11-01,2.06636363636364,de_10y_yield
2022-12-01,2.0852380952381,de_10y_yield
2023-01-01,2.19272727272727,de_10y_yield
2023-02-01,2.3705,de_10y_yield
2023-03-01,2.38347826086957,de_10y_yield
2023-04-01,2.35944444444444,de_10y_yield
2023-05-01,2.34227272727273,de_10y_yield
2023-06-01,2.37636363636364,de_10y_yield
2023-07-01,2.45666666666667,de_10y_yield
2023-08-01,2.54565217391304,de_10y_yield
2023-09-01,2.66142857142857,de_10y_yield
2023-10-01,2.82318181818182,de_10y_yield
2023-11-01,2.60136363636364,de_10y_yield
2023-12-01,2.10210526315789,de_10y_yield
2024-01-01,2.17454545454545,de_10y_yield
2024-02-01,2.3319047619,de_10y_yield
2024-03-01,2.3495,de_10y_yield
2024-04-01,2.4457142857,de_10y_yield
2024-05-01,2.5195454545,de_10y_yield
2024-06-01,2.4845,de_10y_yield
2024-07-01,2.4582608696,de_10y_yield
2024-08-01,2.2077272727,de_10y_yield
2024-09-01,2.1671428571,de_10y_yield
2024-10-01,2.2295652174,de_10y_yield
2024-11-01,2.3057142857,de_10y_yield
2024-12-01,2.1788888889,de_10y_yield
2025-01-01,2.4836363636,de_10y_yield
2025-02-01,2.4055,de_10y_yield
2025-03-01,2.7414285714,de_10y_yield
2025-04-01,2.5105,de_10y_yield
2025-05-01,2.5628571429,de_10y_yield
2025-06-01,2.519047619,de_10y_yield
2025-07-01,2.6313043478,de_10y_yield
2025-08-01,2.6733333333,de_10y_yield
2025-09-01,2.6931818182,de_10y_yield
2025-10-01,2.617826087,de_10y_yield
2025-11-01,2.6575,de_10y_yield
2025-12-01,2.8142105263,de_10y_yield
2026-01-01,2.8066666667,de_10y_yield
2026-02-01,2.745,de_10y_yield
2026-03-01,2.91,de_10y_yield
2026-04-01,3.001,de_10y_yield
2026-05-01,3.0465,de_10y_yield
2026-06-01,2.96409090909091,de_10y_yield
2026-07-01,3.0704347826087,de_10y_yield
2026-08-01,3.18,de_10y_yield
2010-01-01,.,us_yield_curve
2010-01-04,2.76,us_yield_curve
2010-01-05,2.76,us_yield_curve
2010-01-06,2.84,us_yield_curve
2010-01-07,2.82,us_yield_curve
2010-01-08,2.87,us_yield_curve
2010-01-11,2.90,us_yield_curve
2010-01-12,2.82,us_yield_curve
2010-01-13,2.83,us_yield_curve
2010-01-14,2.82,us_yield_curve
2010-01-15,2.81,us_yield_curve
2010-01-18,.,us_yield_curve
2010-01-19,2.80,us_yield_curve
2010-01-20,2.76,us_yield_curve
2010-01-21,2.75,us_yield_curve
2010-01-22,2.78,us_yield_curve
2010-01-25,2.80,us_yield_curve
2010-01-26,2.78,us_yield_curve
2010-01-27,2.76,us_yield_curve
2010-01-28,2.81,us_yield_curve
2010-01-29,2.81,us_yield_curve
2010-02-01,2.82,us_yield_curve
2010-02-02,2.81,us_yield_curve
2010-02-03,2.85,us_yield_curve
2010-02-04,2.82,us_yield_curve
2010-02-05,2.82,us_yield_curve
2010-02-08,2.83,us_yield_curve
2010-02-09,2.83,us_yield_curve
2010-02-10,2.81,us_yield_curve
2010-02-11,2.82,us_yield_curve
2010-02-12,2.85,us_yield_curve
2010-02-15,.,us_yield_curve
2010-02-16,2.84,us_yield_curve
2010-02-17,2.87,us_yield_curve
2010-02-18,2.89,us_yield_curve
2010-02-19,2.83,us_yield_curve
2010-02-22,2.89,us_yield_curve
2010-02-23,2.82,us_yield_curve
2010-02-24,2.83,us_yield_curve
2010-02-25,2.82,us_yield_curve
2010-02-26,2.80,us_yield_curve
2010-03-01,2.81,us_yield_curve
2010-03-02,2.82,us_yield_curve
2010-03-03,2.81,us_yield_curve
2010-03-04,2.75,us_yield_curve
2010-03-05,2.78,us_yield_curve
2010-03-08,2.82,us_yield_curve
2010-03-09,2.82,us_yield_curve
2010-03-10,2.81,us_yield_curve
2010-03-11,2.76,us_yield_curve
2010-03-12,2.74,us_yield_curve
2010-03-15,2.75,us_yield_curve
2010-03-16,2.73,us_yield_curve
2010-03-17,2.70,us_yield_curve
2010-03-18,2.70,us_yield_curve
2010-03-19,2.68,us_yield_curve
2010-03-22,2.66,us_yield_curve
2010-03-23,2.67,us_yield_curve
2010-03-24,2.76,us_yield_curve
2010-03-25,2.81,us_yield_curve
2010-03-26,2.82,us_yield_curve
2010-03-29,2.84,us_yield_curve
2010-03-30,2.82,us_yield_curve
2010-03-31,2.82,us_yield_curve
2010-04-01,2.84,us_yield_curve
2010-04-02,2.85,us_yield_curve
2010-04-05,2.83,us_yield_curve
2010-04-06,2.84,us_yield_curve
2010-04-07,2.83,us_yield_curve
2010-04-08,2.82,us_yield_curve
2010-04-09,2.82,us_yield_curve
2010-04-12,2.80,us_yield_curve
2010-04-13,2.77,us_yield_curve
2010-04-14,2.81,us_yield_curve
2010-04-15,2.82,us_yield_curve
2010-04-16,2.81,us_yield_curve
2010-04-19,2.82,us_yield_curve
2010-04-20,2.77,us_yield_curve
2010-04-21,2.74,us_yield_curve
2010-04-22,2.73,us_yield_curve
2010-04-23,2.74,us_yield_curve
2010-04-26,2.74,us_yield_curve
2010-04-27,2.68,us_yield_curve
2010-04-28,2.77,us_yield_curve
2010-04-29,2.75,us_yield_curve
2010-04-30,2.72,us_yield_curve
2010-05-03,2.72,us_yield_curve
2010-05-04,2.67,us_yield_curve
2010-05-05,2.70,us_yield_curve
2010-05-06,2.66,us_yield_curve
2010-05-07,2.62,us_yield_curve
2010-05-10,2.70,us_yield_curve
2010-05-11,2.71,us_yield_curve
2010-05-12,2.67,us_yield_curve
2010-05-13,2.68,us_yield_curve
2010-05-14,2.65,us_yield_curve
2010-05-17,2.66,us_yield_curve
2010-05-18,2.62,us_yield_curve
2010-05-19,2.56,us_yield_curve
2010-05-20,2.49,us_yield_curve
2010-05-21,2.44,us_yield_curve
2010-05-24,2.46,us_yield_curve
2010-05-25,2.37,us_yield_curve
2010-05-26,2.39,us_yield_curve
2010-05-27,2.47,us_yield_curve
2010-05-28,2.55,us_yield_curve
2010-05-31,.,us_yield_curve
2010-06-01,2.51,us_yield_curve
2010-06-02,2.53,us_yield_curve
2010-06-03,2.57,us_yield_curve
2010-06-04,2.48,us_yield_curve
2010-06-07,2.43,us_yield_curve
2010-06-08,2.44,us_yield_curve
2010-06-09,2.46,us_yield_curve
2010-06-10,2.54,us_yield_curve
2010-06-11,2.49,us_yield_curve
2010-06-14,2.51,us_yield_curve
2010-06-15,2.53,us_yield_curve
2010-06-16,2.52,us_yield_curve
2010-06-17,2.49,us_yield_curve
2010-06-18,2.50,us_yield_curve
2010-06-21,2.52,us_yield_curve
2010-06-22,2.47,us_yield_curve
2010-06-23,2.47,us_yield_curve
2010-06-24,2.47,us_yield_curve
2010-06-25,2.47,us_yield_curve
2010-06-28,2.43,us_yield_curve
2010-06-29,2.36,us_yield_curve
2010-06-30,2.36,us_yield_curve
2010-07-01,2.33,us_yield_curve
2010-07-02,2.37,us_yield_curve
2010-07-05,.,us_yield_curve
2010-07-06,2.33,us_yield_curve
2010-07-07,2.37,us_yield_curve
2010-07-08,2.41,us_yield_curve
2010-07-09,2.44,us_yield_curve
2010-07-12,2.43,us_yield_curve
2010-07-13,2.48,us_yield_curve
2010-07-14,2.45,us_yield_curve
2010-07-15,2.39,us_yield_curve
2010-07-16,2.35,us_yield_curve
2010-07-19,2.38,us_yield_curve
2010-07-20,2.37,us_yield_curve
2010-07-21,2.32,us_yield_curve
2010-07-22,2.36,us_yield_curve
2010-07-23,2.42,us_yield_curve
2010-07-26,2.41,us_yield_curve
2010-07-27,2.43,us_yield_curve
2010-07-28,2.42,us_yield_curve
2010-07-29,2.44,us_yield_curve
2010-07-30,2.39,us_yield_curve
2010-08-02,2.43,us_yield_curve
2010-08-03,2.41,us_yield_curve
2010-08-04,2.42,us_yield_curve
2010-08-05,2.41,us_yield_curve
2010-08-06,2.36,us_yield_curve
2010-08-09,2.32,us_yield_curve
2010-08-10,2.27,us_yield_curve
2010-08-11,2.18,us_yield_curve
2010-08-12,2.19,us_yield_curve
2010-08-13,2.14,us_yield_curve
2010-08-16,2.07,us_yield_curve
2010-08-17,2.12,us_yield_curve
2010-08-18,2.13,us_yield_curve
2010-08-19,2.09,us_yield_curve
2010-08-20,2.13,us_yield_curve
2010-08-23,2.11,us_yield_curve
2010-08-24,2.00,us_yield_curve
2010-08-25,2.01,us_yield_curve
2010-08-26,1.99,us_yield_curve
2010-08-27,2.10,us_yield_curve
2010-08-30,2.04,us_yield_curve
2010-08-31,2.00,us_yield_curve
2010-09-01,2.08,us_yield_curve
2010-09-02,2.13,us_yield_curve
2010-09-03,2.20,us_yield_curve
2010-09-06,.,us_yield_curve
2010-09-07,2.12,us_yield_curve
2010-09-08,2.14,us_yield_curve
2010-09-09,2.20,us_yield_curve
2010-09-10,2.23,us_yield_curve
2010-09-13,2.21,us_yield_curve
2010-09-14,2.18,us_yield_curve
2010-09-15,2.24,us_yield_curve
2010-09-16,2.29,us_yield_curve
2010-09-17,2.27,us_yield_curve
2010-09-20,2.25,us_yield_curve
2010-09-21,2.18,us_yield_curve
2010-09-22,2.12,us_yield_curve
2010-09-23,2.11,us_yield_curve
2010-09-24,2.17,us_yield_curve
2010-09-27,2.10,us_yield_curve
2010-09-28,2.11,us_yield_curve
2010-09-29,2.08,us_yield_curve
2010-09-30,2.11,us_yield_curve
2010-10-01,2.12,us_yield_curve
2010-10-04,2.09,us_yield_curve
2010-10-05,2.09,us_yield_curve
2010-10-06,2.03,us_yield_curve
2010-10-07,2.05,us_yield_curve
2010-10-08,2.06,us_yield_curve
2010-10-11,.,us_yield_curve
2010-10-12,2.07,us_yield_curve
2010-10-13,2.09,us_yield_curve
2010-10-14,2.14,us_yield_curve
2010-10-15,2.22,us_yield_curve
2010-10-18,2.14,us_yield_curve
2010-10-19,2.13,us_yield_curve
2010-10-20,2.16,us_yield_curve
2010-10-21,2.20,us_yield_curve
2010-10-22,2.24,us_yield_curve
2010-10-25,2.22,us_yield_curve
2010-10-26,2.27,us_yield_curve
2010-10-27,2.35,us_yield_curve
2010-10-28,2.32,us_yield_curve
2010-10-29,2.29,us_yield_curve
2010-11-01,2.32,us_yield_curve
2010-11-02,2.29,us_yield_curve
2010-11-03,2.33,us_yield_curve
2010-11-04,2.20,us_yield_curve
2010-11-05,2.20,us_yield_curve
2010-11-08,2.19,us_yield_curve
2010-11-09,2.26,us_yield_curve
2010-11-10,2.21,us_yield_curve
2010-11-11,.,us_yield_curve
2010-11-12,2.25,us_yield_curve
2010-11-15,2.39,us_yield_curve
2010-11-16,2.34,us_yield_curve
2010-11-17,2.39,us_yield_curve
2010-11-18,2.38,us_yield_curve
2010-11-19,2.36,us_yield_curve
2010-11-22,2.31,us_yield_curve
2010-11-23,2.32,us_yield_curve
2010-11-24,2.40,us_yield_curve
2010-11-25,.,us_yield_curve
2010-11-26,2.36,us_yield_curve
2010-11-29,2.32,us_yield_curve
2010-11-30,2.36,us_yield_curve
2010-12-01,2.44,us_yield_curve
2010-12-02,2.46,us_yield_curve
2010-12-03,2.54,us_yield_curve
2010-12-06,2.53,us_yield_curve
2010-12-07,2.61,us_yield_curve
2010-12-08,2.63,us_yield_curve
2010-12-09,2.59,us_yield_curve
2010-12-10,2.68,us_yield_curve
2010-12-13,2.68,us_yield_curve
2010-12-14,2.83,us_yield_curve
2010-12-15,2.85,us_yield_curve
2010-12-16,2.81,us_yield_curve
2010-12-17,2.72,us_yield_curve
2010-12-20,2.74,us_yield_curve
2010-12-21,2.72,us_yield_curve
2010-12-22,2.71,us_yield_curve
2010-12-23,2.74,us_yield_curve
2010-12-24,.,us_yield_curve
2010-12-27,2.65,us_yield_curve
2010-12-28,2.75,us_yield_curve
2010-12-29,2.71,us_yield_curve
2010-12-30,2.72,us_yield_curve
2010-12-31,2.69,us_yield_curve
2011-01-03,2.75,us_yield_curve
2011-01-04,2.73,us_yield_curve
2011-01-05,2.79,us_yield_curve
2011-01-06,2.76,us_yield_curve
2011-01-07,2.74,us_yield_curve
2011-01-10,2.73,us_yield_curve
2011-01-11,2.77,us_yield_curve
2011-01-12,2.79,us_yield_curve
2011-01-13,2.75,us_yield_curve
2011-01-14,2.76,us_yield_curve
2011-01-17,.,us_yield_curve
2011-01-18,2.79,us_yield_curve
2011-01-19,2.77,us_yield_curve
2011-01-20,2.82,us_yield_curve
2011-01-21,2.81,us_yield_curve
2011-01-24,2.78,us_yield_curve
2011-01-25,2.73,us_yield_curve
2011-01-26,2.83,us_yield_curve
2011-01-27,2.83,us_yield_curve
2011-01-28,2.82,us_yield_curve
2011-01-31,2.84,us_yield_curve
2011-02-01,2.87,us_yield_curve
2011-02-02,2.85,us_yield_curve
2011-02-03,2.87,us_yield_curve
2011-02-04,2.91,us_yield_curve
2011-02-07,2.90,us_yield_curve
2011-02-08,2.89,us_yield_curve
2011-02-09,2.84,us_yield_curve
2011-02-10,2.85,us_yield_curve
2011-02-11,2.79,us_yield_curve
2011-02-14,2.75,us_yield_curve
2011-02-15,2.77,us_yield_curve
2011-02-16,2.76,us_yield_curve
2011-02-17,2.78,us_yield_curve
2011-02-18,2.81,us_yield_curve
2011-02-21,.,us_yield_curve
2011-02-22,2.72,us_yield_curve
2011-02-23,2.75,us_yield_curve
2011-02-24,2.73,us_yield_curve
2011-02-25,2.70,us_yield_curve
2011-02-28,2.73,us_yield_curve
2011-03-01,2.75,us_yield_curve
2011-03-02,2.77,us_yield_curve
2011-03-03,2.79,us_yield_curve
2011-03-04,2.81,us_yield_curve
2011-03-07,2.81,us_yield_curve
2011-03-08,2.83,us_yield_curve
2011-03-09,2.78,us_yield_curve
2011-03-10,2.72,us_yield_curve
2011-03-11,2.76,us_yield_curve
2011-03-14,2.75,us_yield_curve
2011-03-15,2.70,us_yield_curve
2011-03-16,2.64,us_yield_curve
2011-03-17,2.65,us_yield_curve
2011-03-18,2.67,us_yield_curve
2011-03-21,2.67,us_yield_curve
2011-03-22,2.66,us_yield_curve
2011-03-23,2.67,us_yield_curve
2011-03-24,2.70,us_yield_curve
2011-03-25,2.67,us_yield_curve
2011-03-28,2.66,us_yield_curve
2011-03-29,2.69,us_yield_curve
2011-03-30,2.67,us_yield_curve
2011-03-31,2.67,us_yield_curve
2011-04-01,2.66,us_yield_curve
2011-04-04,2.68,us_yield_curve
2011-04-05,2.66,us_yield_curve
2011-04-06,2.71,us_yield_curve
2011-04-07,2.77,us_yield_curve
2011-04-08,2.76,us_yield_curve
2011-04-11,2.74,us_yield_curve
2011-04-12,2.75,us_yield_curve
2011-04-13,2.74,us_yield_curve
2011-04-14,2.74,us_yield_curve
2011-04-15,2.72,us_yield_curve
2011-04-18,2.71,us_yield_curve
2011-04-19,2.71,us_yield_curve
2011-04-20,2.74,us_yield_curve
2011-04-21,2.74,us_yield_curve
2011-04-22,.,us_yield_curve
2011-04-25,2.72,us_yield_curve
2011-04-26,2.69,us_yield_curve
2011-04-27,2.74,us_yield_curve
2011-04-28,2.72,us_yield_curve
2011-04-29,2.71,us_yield_curve
2011-05-02,2.70,us_yield_curve
2011-05-03,2.67,us_yield_curve
2011-05-04,2.65,us_yield_curve
2011-05-05,2.60,us_yield_curve
2011-05-06,2.62,us_yield_curve
2011-05-09,2.60,us_yield_curve
2011-05-10,2.64,us_yield_curve
2011-05-11,2.63,us_yield_curve
2011-05-12,2.65,us_yield_curve
2011-05-13,2.61,us_yield_curve
2011-05-16,2.61,us_yield_curve
2011-05-17,2.57,us_yield_curve
2011-05-18,2.60,us_yield_curve
2011-05-19,2.62,us_yield_curve
2011-05-20,2.60,us_yield_curve
2011-05-23,2.58,us_yield_curve
2011-05-24,2.56,us_yield_curve
2011-05-25,2.59,us_yield_curve
2011-05-26,2.59,us_yield_curve
2011-05-27,2.59,us_yield_curve
2011-05-30,.,us_yield_curve
2011-05-31,2.60,us_yield_curve
2011-06-01,2.52,us_yield_curve
2011-06-02,2.59,us_yield_curve
2011-06-03,2.57,us_yield_curve
2011-06-06,2.58,us_yield_curve
2011-06-07,2.62,us_yield_curve
2011-06-08,2.59,us_yield_curve
2011-06-09,2.58,us_yield_curve
2011-06-10,2.58,us_yield_curve
2011-06-13,2.60,us_yield_curve
2011-06-14,2.66,us_yield_curve
2011-06-15,2.60,us_yield_curve
2011-06-16,2.55,us_yield_curve
2011-06-17,2.56,us_yield_curve
2011-06-20,2.59,us_yield_curve
2011-06-21,2.59,us_yield_curve
2011-06-22,2.62,us_yield_curve
2011-06-23,2.58,us_yield_curve
2011-06-24,2.53,us_yield_curve
2011-06-27,2.54,us_yield_curve
2011-06-28,2.57,us_yield_curve
2011-06-29,2.67,us_yield_curve
2011-06-30,2.73,us_yield_curve
2011-07-01,2.72,us_yield_curve
2011-07-04,.,us_yield_curve
2011-07-05,2.72,us_yield_curve
2011-07-06,2.69,us_yield_curve
2011-07-07,2.68,us_yield_curve
2011-07-08,2.63,us_yield_curve
2011-07-11,2.57,us_yield_curve
2011-07-12,2.55,us_yield_curve
2011-07-13,2.55,us_yield_curve
2011-07-14,2.60,us_yield_curve
2011-07-15,2.57,us_yield_curve
2011-07-18,2.57,us_yield_curve
2011-07-19,2.52,us_yield_curve
2011-07-20,2.56,us_yield_curve
2011-07-21,2.63,us_yield_curve
2011-07-22,2.59,us_yield_curve
2011-07-25,2.61,us_yield_curve
2011-07-26,2.58,us_yield_curve
2011-07-27,2.57,us_yield_curve
2011-07-28,2.56,us_yield_curve
2011-07-29,2.46,us_yield_curve
2011-08-01,2.39,us_yield_curve
2011-08-02,2.33,us_yield_curve
2011-08-03,2.31,us_yield_curve
2011-08-04,2.20,us_yield_curve
2011-08-05,2.30,us_yield_curve
2011-08-08,2.13,us_yield_curve
2011-08-09,2.01,us_yield_curve
2011-08-10,1.98,us_yield_curve
2011-08-11,2.15,us_yield_curve
2011-08-12,2.04,us_yield_curve
2011-08-15,2.10,us_yield_curve
2011-08-16,2.03,us_yield_curve
2011-08-17,1.98,us_yield_curve
2011-08-18,1.88,us_yield_curve
2011-08-19,1.87,us_yield_curve
2011-08-22,1.88,us_yield_curve
2011-08-23,1.93,us_yield_curve
2011-08-24,2.06,us_yield_curve
2011-08-25,2.01,us_yield_curve
2011-08-26,1.99,us_yield_curve
2011-08-29,2.08,us_yield_curve
2011-08-30,1.99,us_yield_curve
2011-08-31,2.03,us_yield_curve
2011-09-01,1.96,us_yield_curve
2011-09-02,1.82,us_yield_curve
2011-09-05,.,us_yield_curve
2011-09-06,1.77,us_yield_curve
2011-09-07,1.84,us_yield_curve
2011-09-08,1.81,us_yield_curve
2011-09-09,1.76,us_yield_curve
2011-09-12,1.73,us_yield_curve
2011-09-13,1.79,us_yield_curve
2011-09-14,1.84,us_yield_curve
2011-09-15,1.88,us_yield_curve
2011-09-16,1.90,us_yield_curve
2011-09-19,1.81,us_yield_curve
2011-09-20,1.77,us_yield_curve
2011-09-21,1.67,us_yield_curve
2011-09-22,1.52,us_yield_curve
2011-09-23,1.61,us_yield_curve
2011-09-26,1.66,us_yield_curve
2011-09-27,1.75,us_yield_curve
2011-09-28,1.76,us_yield_curve
2011-09-29,1.72,us_yield_curve
2011-09-30,1.67,us_yield_curve
2011-10-03,1.56,us_yield_curve
2011-10-04,1.56,us_yield_curve
2011-10-05,1.67,us_yield_curve
2011-10-06,1.72,us_yield_curve
2011-10-07,1.80,us_yield_curve
2011-10-10,.,us_yield_curve
2011-10-11,1.86,us_yield_curve
2011-10-12,1.95,us_yield_curve
2011-10-13,1.90,us_yield_curve
2011-10-14,1.98,us_yield_curve
2011-10-17,1.90,us_yield_curve
2011-10-18,1.91,us_yield_curve
2011-10-19,1.90,us_yield_curve
2011-10-20,1.92,us_yield_curve
2011-10-21,1.93,us_yield_curve
2011-10-24,1.95,us_yield_curve
2011-10-25,1.88,us_yield_curve
2011-10-26,1.95,us_yield_curve
2011-10-27,2.11,us_yield_curve
2011-10-28,2.06,us_yield_curve
2011-10-31,1.92,us_yield_curve
2011-11-01,1.78,us_yield_curve
2011-11-02,1.80,us_yield_curve
2011-11-03,1.85,us_yield_curve
2011-11-04,1.84,us_yield_curve
2011-11-07,1.79,us_yield_curve
2011-11-08,1.85,us_yield_curve
2011-11-09,1.76,us_yield_curve
2011-11-10,1.80,us_yield_curve
2011-11-11,.,us_yield_curve
2011-11-14,1.80,us_yield_curve
2011-11-15,1.80,us_yield_curve
2011-11-16,1.75,us_yield_curve
2011-11-17,1.69,us_yield_curve
2011-11-18,1.72,us_yield_curve
2011-11-21,1.70,us_yield_curve
2011-11-22,1.68,us_yield_curve
2011-11-23,1.63,us_yield_curve
2011-11-24,.,us_yield_curve
2011-11-25,1.69,us_yield_curve
2011-11-28,1.71,us_yield_curve
2011-11-29,1.73,us_yield_curve
2011-11-30,1.83,us_yield_curve
2011-12-01,1.84,us_yield_curve
2011-12-02,1.80,us_yield_curve
2011-12-05,1.77,us_yield_curve
2011-12-06,1.83,us_yield_curve
2011-12-07,1.78,us_yield_curve
2011-12-08,1.77,us_yield_curve
2011-12-09,1.85,us_yield_curve
2011-12-12,1.79,us_yield_curve
2011-12-13,1.72,us_yield_curve
2011-12-14,1.67,us_yield_curve
2011-12-15,1.66,us_yield_curve
2011-12-16,1.62,us_yield_curve
2011-12-19,1.58,us_yield_curve
2011-12-20,1.68,us_yield_curve
2011-12-21,1.70,us_yield_curve
2011-12-22,1.69,us_yield_curve
2011-12-23,1.75,us_yield_curve
2011-12-26,.,us_yield_curve
2011-12-27,1.72,us_yield_curve
2011-12-28,1.65,us_yield_curve
2011-12-29,1.63,us_yield_curve
2011-12-30,1.64,us_yield_curve
2012-01-02,.,us_yield_curve
2012-01-03,1.70,us_yield_curve
2012-01-04,1.75,us_yield_curve
2012-01-05,1.75,us_yield_curve
2012-01-06,1.73,us_yield_curve
2012-01-09,1.72,us_yield_curve
2012-01-10,1.76,us_yield_curve
2012-01-11,1.69,us_yield_curve
2012-01-12,1.72,us_yield_curve
2012-01-13,1.65,us_yield_curve
2012-01-16,.,us_yield_curve
2012-01-17,1.66,us_yield_curve
2012-01-18,1.68,us_yield_curve
2012-01-19,1.75,us_yield_curve
2012-01-20,1.79,us_yield_curve
2012-01-23,1.83,us_yield_curve
2012-01-24,1.84,us_yield_curve
2012-01-25,1.79,us_yield_curve
2012-01-26,1.74,us_yield_curve
2012-01-27,1.71,us_yield_curve
2012-01-30,1.65,us_yield_curve
2012-01-31,1.61,us_yield_curve
2012-02-01,1.64,us_yield_curve
2012-02-02,1.63,us_yield_curve
2012-02-03,1.74,us_yield_curve
2012-02-06,1.69,us_yield_curve
2012-02-07,1.75,us_yield_curve
2012-02-08,1.74,us_yield_curve
2012-02-09,1.77,us_yield_curve
2012-02-10,1.69,us_yield_curve
2012-02-13,1.70,us_yield_curve
2012-02-14,1.63,us_yield_curve
2012-02-15,1.64,us_yield_curve
2012-02-16,1.70,us_yield_curve
2012-02-17,1.72,us_yield_curve
2012-02-20,.,us_yield_curve
2012-02-21,1.74,us_yield_curve
2012-02-22,1.72,us_yield_curve
2012-02-23,1.68,us_yield_curve
2012-02-24,1.67,us_yield_curve
2012-02-27,1.62,us_yield_curve
2012-02-28,1.64,us_yield_curve
2012-02-29,1.68,us_yield_curve
2012-03-01,1.73,us_yield_curve
2012-03-02,1.71,us_yield_curve
2012-03-05,1.69,us_yield_curve
2012-03-06,1.66,us_yield_curve
2012-03-07,1.68,us_yield_curve
2012-03-08,1.71,us_yield_curve
2012-03-09,1.71,us_yield_curve
2012-03-12,1.71,us_yield_curve
2012-03-13,1.79,us_yield_curve
2012-03-14,1.89,us_yield_curve
2012-03-15,1.92,us_yield_curve
2012-03-16,1.94,us_yield_curve
2012-03-19,2.00,us_yield_curve
2012-03-20,1.97,us_yield_curve
2012-03-21,1.92,us_yield_curve
2012-03-22,1.92,us_yield_curve
2012-03-23,1.88,us_yield_curve
2012-03-26,1.90,us_yield_curve
2012-03-27,1.87,us_yield_curve
2012-03-28,1.87,us_yield_curve
2012-03-29,1.85,us_yield_curve
2012-03-30,1.90,us_yield_curve
2012-04-02,1.89,us_yield_curve
2012-04-03,1.94,us_yield_curve
2012-04-04,1.90,us_yield_curve
2012-04-05,1.84,us_yield_curve
2012-04-06,1.75,us_yield_curve
2012-04-09,1.74,us_yield_curve
2012-04-10,1.73,us_yield_curve
2012-04-11,1.75,us_yield_curve
2012-04-12,1.79,us_yield_curve
2012-04-13,1.75,us_yield_curve
2012-04-16,1.73,us_yield_curve
2012-04-17,1.76,us_yield_curve
2012-04-18,1.73,us_yield_curve
2012-04-19,1.71,us_yield_curve
2012-04-20,1.70,us_yield_curve
2012-04-23,1.69,us_yield_curve
2012-04-24,1.73,us_yield_curve
2012-04-25,1.75,us_yield_curve
2012-04-26,1.72,us_yield_curve
2012-04-27,1.70,us_yield_curve
2012-04-30,1.68,us_yield_curve
2012-05-01,1.71,us_yield_curve
2012-05-02,1.69,us_yield_curve
2012-05-03,1.68,us_yield_curve
2012-05-04,1.64,us_yield_curve
2012-05-07,1.65,us_yield_curve
2012-05-08,1.61,us_yield_curve
2012-05-09,1.60,us_yield_curve
2012-05-10,1.62,us_yield_curve
2012-05-11,1.57,us_yield_curve
2012-05-14,1.49,us_yield_curve
2012-05-15,1.47,us_yield_curve
2012-05-16,1.46,us_yield_curve
2012-05-17,1.38,us_yield_curve
2012-05-18,1.39,us_yield_curve
2012-05-21,1.45,us_yield_curve
2012-05-22,1.49,us_yield_curve
2012-05-23,1.45,us_yield_curve
2012-05-24,1.48,us_yield_curve
2012-05-25,1.45,us_yield_curve
2012-05-28,.,us_yield_curve
2012-05-29,1.44,us_yield_curve
2012-05-30,1.36,us_yield_curve
2012-05-31,1.32,us_yield_curve
2012-06-01,1.22,us_yield_curve
2012-06-04,1.28,us_yield_curve
2012-06-05,1.32,us_yield_curve
2012-06-06,1.40,us_yield_curve
2012-06-07,1.39,us_yield_curve
2012-06-08,1.37,us_yield_curve
2012-06-11,1.33,us_yield_curve
2012-06-12,1.37,us_yield_curve
2012-06-13,1.31,us_yield_curve
2012-06-14,1.34,us_yield_curve
2012-06-15,1.31,us_yield_curve
2012-06-18,1.30,us_yield_curve
2012-06-19,1.34,us_yield_curve
2012-06-20,1.33,us_yield_curve
2012-06-21,1.31,us_yield_curve
2012-06-22,1.38,us_yield_curve
2012-06-25,1.32,us_yield_curve
2012-06-26,1.35,us_yield_curve
2012-06-27,1.34,us_yield_curve
2012-06-28,1.29,us_yield_curve
2012-06-29,1.34,us_yield_curve
2012-07-02,1.31,us_yield_curve
2012-07-03,1.35,us_yield_curve
2012-07-04,.,us_yield_curve
2012-07-05,1.34,us_yield_curve
2012-07-06,1.30,us_yield_curve
2012-07-09,1.26,us_yield_curve
2012-07-10,1.26,us_yield_curve
2012-07-11,1.27,us_yield_curve
2012-07-12,1.25,us_yield_curve
2012-07-13,1.27,us_yield_curve
2012-07-16,1.26,us_yield_curve
2012-07-17,1.28,us_yield_curve
2012-07-18,1.30,us_yield_curve
2012-07-19,1.32,us_yield_curve
2012-07-20,1.27,us_yield_curve
2012-07-23,1.25,us_yield_curve
2012-07-24,1.22,us_yield_curve
2012-07-25,1.21,us_yield_curve
2012-07-26,1.22,us_yield_curve
2012-07-27,1.33,us_yield_curve
2012-07-30,1.30,us_yield_curve
2012-07-31,1.28,us_yield_curve
2012-08-01,1.32,us_yield_curve
2012-08-02,1.27,us_yield_curve
2012-08-03,1.36,us_yield_curve
2012-08-06,1.35,us_yield_curve
2012-08-07,1.39,us_yield_curve
2012-08-08,1.39,us_yield_curve
2012-08-09,1.40,us_yield_curve
2012-08-10,1.38,us_yield_curve
2012-08-13,1.38,us_yield_curve
2012-08-14,1.46,us_yield_curve
2012-08-15,1.53,us_yield_curve
2012-08-16,1.54,us_yield_curve
2012-08-17,1.52,us_yield_curve
2012-08-20,1.53,us_yield_curve
2012-08-21,1.49,us_yield_curve
2012-08-22,1.45,us_yield_curve
2012-08-23,1.42,us_yield_curve
2012-08-24,1.40,us_yield_curve
2012-08-27,1.37,us_yield_curve
2012-08-28,1.37,us_yield_curve
2012-08-29,1.39,us_yield_curve
2012-08-30,1.36,us_yield_curve
2012-08-31,1.35,us_yield_curve
2012-09-03,.,us_yield_curve
2012-09-04,1.36,us_yield_curve
2012-09-05,1.35,us_yield_curve
2012-09-06,1.41,us_yield_curve
2012-09-07,1.42,us_yield_curve
2012-09-10,1.43,us_yield_curve
2012-09-11,1.45,us_yield_curve
2012-09-12,1.52,us_yield_curve
2012-09-13,1.51,us_yield_curve
2012-09-14,1.61,us_yield_curve
2012-09-17,1.60,us_yield_curve
2012-09-18,1.57,us_yield_curve
2012-09-19,1.52,us_yield_curve
2012-09-20,1.53,us_yield_curve
2012-09-21,1.50,us_yield_curve
2012-09-24,1.47,us_yield_curve
2012-09-25,1.43,us_yield_curve
2012-09-26,1.38,us_yield_curve
2012-09-27,1.41,us_yield_curve
2012-09-28,1.42,us_yield_curve
2012-10-01,1.39,us_yield_curve
2012-10-02,1.41,us_yield_curve
2012-10-03,1.41,us_yield_curve
2012-10-04,1.47,us_yield_curve
2012-10-05,1.48,us_yield_curve
2012-10-08,.,us_yield_curve
2012-10-09,1.49,us_yield_curve
2012-10-10,1.45,us_yield_curve
2012-10-11,1.42,us_yield_curve
2012-10-12,1.42,us_yield_curve
2012-10-15,1.43,us_yield_curve
2012-10-16,1.48,us_yield_curve
2012-10-17,1.53,us_yield_curve
2012-10-18,1.57,us_yield_curve
2012-10-19,1.49,us_yield_curve
2012-10-22,1.51,us_yield_curve
2012-10-23,1.50,us_yield_curve
2012-10-24,1.51,us_yield_curve
2012-10-25,1.55,us_yield_curve
2012-10-26,1.48,us_yield_curve
2012-10-29,1.44,us_yield_curve
2012-10-30,.,us_yield_curve
2012-10-31,1.42,us_yield_curve
2012-11-01,1.45,us_yield_curve
2012-11-02,1.47,us_yield_curve
2012-11-05,1.44,us_yield_curve
2012-11-06,1.48,us_yield_curve
2012-11-07,1.41,us_yield_curve
2012-11-08,1.35,us_yield_curve
2012-11-09,1.34,us_yield_curve
2012-11-12,.,us_yield_curve
2012-11-13,1.32,us_yield_curve
2012-11-14,1.34,us_yield_curve
2012-11-15,1.34,us_yield_curve
2012-11-16,1.34,us_yield_curve
2012-11-19,1.36,us_yield_curve
2012-11-20,1.39,us_yield_curve
2012-11-21,1.42,us_yield_curve
2012-11-22,.,us_yield_curve
2012-11-23,1.41,us_yield_curve
2012-11-26,1.39,us_yield_curve
2012-11-27,1.37,us_yield_curve
2012-11-28,1.36,us_yield_curve
2012-11-29,1.37,us_yield_curve
2012-11-30,1.37,us_yield_curve
2012-12-03,1.38,us_yield_curve
2012-12-04,1.37,us_yield_curve
2012-12-05,1.35,us_yield_curve
2012-12-06,1.34,us_yield_curve
2012-12-07,1.39,us_yield_curve
2012-12-10,1.39,us_yield_curve
2012-12-11,1.42,us_yield_curve
2012-12-12,1.47,us_yield_curve
2012-12-13,1.47,us_yield_curve
2012-12-14,1.48,us_yield_curve
2012-12-17,1.53,us_yield_curve
2012-12-18,1.56,us_yield_curve
2012-12-19,1.54,us_yield_curve
2012-12-20,1.53,us_yield_curve
2012-12-21,1.51,us_yield_curve
2012-12-24,1.53,us_yield_curve
2012-12-25,.,us_yield_curve
2012-12-26,1.51,us_yield_curve
2012-12-27,1.48,us_yield_curve
2012-12-28,1.46,us_yield_curve
2012-12-31,1.53,us_yield_curve
2013-01-01,.,us_yield_curve
2013-01-02,1.59,us_yield_curve
2013-01-03,1.65,us_yield_curve
2013-01-04,1.66,us_yield_curve
2013-01-07,1.65,us_yield_curve
2013-01-08,1.64,us_yield_curve
2013-01-09,1.64,us_yield_curve
2013-01-10,1.65,us_yield_curve
2013-01-11,1.63,us_yield_curve
2013-01-14,1.63,us_yield_curve
2013-01-15,1.60,us_yield_curve
2013-01-16,1.58,us_yield_curve
2013-01-17,1.61,us_yield_curve
2013-01-18,1.61,us_yield_curve
2013-01-21,.,us_yield_curve
2013-01-22,1.60,us_yield_curve
2013-01-23,1.60,us_yield_curve
2013-01-24,1.65,us_yield_curve
2013-01-25,1.70,us_yield_curve
2013-01-28,1.71,us_yield_curve
2013-01-29,1.73,us_yield_curve
2013-01-30,1.76,us_yield_curve
2013-01-31,1.75,us_yield_curve
2013-02-01,1.77,us_yield_curve
2013-02-04,1.75,us_yield_curve
2013-02-05,1.77,us_yield_curve
2013-02-06,1.73,us_yield_curve
2013-02-07,1.74,us_yield_curve
2013-02-08,1.74,us_yield_curve
2013-02-11,1.72,us_yield_curve
2013-02-12,1.73,us_yield_curve
2013-02-13,1.76,us_yield_curve
2013-02-14,1.73,us_yield_curve
2013-02-15,1.72,us_yield_curve
2013-02-18,.,us_yield_curve
2013-02-19,1.74,us_yield_curve
2013-02-20,1.75,us_yield_curve
2013-02-21,1.73,us_yield_curve
2013-02-22,1.70,us_yield_curve
2013-02-25,1.63,us_yield_curve
2013-02-26,1.63,us_yield_curve
2013-02-27,1.64,us_yield_curve
2013-02-28,1.64,us_yield_curve
2013-03-01,1.61,us_yield_curve
2013-03-04,1.64,us_yield_curve
2013-03-05,1.65,us_yield_curve
2013-03-06,1.70,us_yield_curve
2013-03-07,1.75,us_yield_curve
2013-03-08,1.79,us_yield_curve
2013-03-11,1.80,us_yield_curve
2013-03-12,1.76,us_yield_curve
2013-03-13,1.77,us_yield_curve
2013-03-14,1.77,us_yield_curve
2013-03-15,1.76,us_yield_curve
2013-03-18,1.70,us_yield_curve
2013-03-19,1.68,us_yield_curve
2013-03-20,1.70,us_yield_curve
2013-03-21,1.68,us_yield_curve
2013-03-22,1.67,us_yield_curve
2013-03-25,1.69,us_yield_curve
2013-03-26,1.67,us_yield_curve
2013-03-27,1.62,us_yield_curve
2013-03-28,1.62,us_yield_curve
2013-03-29,.,us_yield_curve
2013-04-01,1.63,us_yield_curve
2013-04-02,1.63,us_yield_curve
2013-04-03,1.59,us_yield_curve
2013-04-04,1.56,us_yield_curve
2013-04-05,1.48,us_yield_curve
2013-04-08,1.52,us_yield_curve
2013-04-09,1.54,us_yield_curve
2013-04-10,1.60,us_yield_curve
2013-04-11,1.58,us_yield_curve
2013-04-12,1.53,us_yield_curve
2013-04-15,1.50,us_yield_curve
2013-04-16,1.51,us_yield_curve
2013-04-17,1.49,us_yield_curve
2013-04-18,1.48,us_yield_curve
2013-04-19,1.49,us_yield_curve
2013-04-22,1.48,us_yield_curve
2013-04-23,1.51,us_yield_curve
2013-04-24,1.50,us_yield_curve
2013-04-25,1.51,us_yield_curve
2013-04-26,1.48,us_yield_curve
2013-04-29,1.50,us_yield_curve
2013-04-30,1.48,us_yield_curve
2013-05-01,1.46,us_yield_curve
2013-05-02,1.46,us_yield_curve
2013-05-03,1.56,us_yield_curve
2013-05-06,1.58,us_yield_curve
2013-05-07,1.60,us_yield_curve
2013-05-08,1.59,us_yield_curve
2013-05-09,1.59,us_yield_curve
2013-05-10,1.64,us_yield_curve
2013-05-13,1.68,us_yield_curve
2013-05-14,1.70,us_yield_curve
2013-05-15,1.68,us_yield_curve
2013-05-16,1.64,us_yield_curve
2013-05-17,1.69,us_yield_curve
2013-05-20,1.71,us_yield_curve
2013-05-21,1.68,us_yield_curve
2013-05-22,1.77,us_yield_curve
2013-05-23,1.76,us_yield_curve
2013-05-24,1.75,us_yield_curve
2013-05-27,.,us_yield_curve
2013-05-28,1.86,us_yield_curve
2013-05-29,1.83,us_yield_curve
2013-05-30,1.82,us_yield_curve
2013-05-31,1.86,us_yield_curve
2013-06-03,1.83,us_yield_curve
2013-06-04,1.82,us_yield_curve
2013-06-05,1.80,us_yield_curve
2013-06-06,1.78,us_yield_curve
2013-06-07,1.85,us_yield_curve
2013-06-10,1.90,us_yield_curve
2013-06-11,1.86,us_yield_curve
2013-06-12,1.91,us_yield_curve
2013-06-13,1.87,us_yield_curve
2013-06-14,1.85,us_yield_curve
2013-06-17,1.92,us_yield_curve
2013-06-18,1.93,us_yield_curve
2013-06-19,2.02,us_yield_curve
2013-06-20,2.08,us_yield_curve
2013-06-21,2.14,us_yield_curve
2013-06-24,2.15,us_yield_curve
2013-06-25,2.17,us_yield_curve
2013-06-26,2.16,us_yield_curve
2013-06-27,2.13,us_yield_curve
2013-06-28,2.16,us_yield_curve
2013-07-01,2.16,us_yield_curve
2013-07-02,2.14,us_yield_curve
2013-07-03,2.16,us_yield_curve
2013-07-04,.,us_yield_curve
2013-07-05,2.33,us_yield_curve
2013-07-08,2.28,us_yield_curve
2013-07-09,2.28,us_yield_curve
2013-07-10,2.32,us_yield_curve
2013-07-11,2.26,us_yield_curve
2013-07-12,2.24,us_yield_curve
2013-07-15,2.23,us_yield_curve
2013-07-16,2.21,us_yield_curve
2013-07-17,2.20,us_yield_curve
2013-07-18,2.24,us_yield_curve
2013-07-19,2.18,us_yield_curve
2013-07-22,2.18,us_yield_curve
2013-07-23,2.20,us_yield_curve
2013-07-24,2.27,us_yield_curve
2013-07-25,2.29,us_yield_curve
2013-07-26,2.27,us_yield_curve
2013-07-29,2.28,us_yield_curve
2013-07-30,2.30,us_yield_curve
2013-07-31,2.29,us_yield_curve
2013-08-01,2.39,us_yield_curve
2013-08-02,2.33,us_yield_curve
2013-08-05,2.35,us_yield_curve
2013-08-06,2.35,us_yield_curve
2013-08-07,2.29,us_yield_curve
2013-08-08,2.28,us_yield_curve
2013-08-09,2.25,us_yield_curve
2013-08-12,2.29,us_yield_curve
2013-08-13,2.37,us_yield_curve
2013-08-14,2.37,us_yield_curve
2013-08-15,2.41,us_yield_curve
2013-08-16,2.48,us_yield_curve
2013-08-19,2.52,us_yield_curve
2013-08-20,2.46,us_yield_curve
2013-08-21,2.49,us_yield_curve
2013-08-22,2.48,us_yield_curve
2013-08-23,2.42,us_yield_curve
2013-08-26,2.38,us_yield_curve
2013-08-27,2.34,us_yield_curve
2013-08-28,2.38,us_yield_curve
2013-08-29,2.36,us_yield_curve
2013-08-30,2.39,us_yield_curve
2013-09-02,.,us_yield_curve
2013-09-03,2.43,us_yield_curve
2013-09-04,2.44,us_yield_curve
2013-09-05,2.46,us_yield_curve
2013-09-06,2.48,us_yield_curve
2013-09-09,2.45,us_yield_curve
2013-09-10,2.46,us_yield_curve
2013-09-11,2.46,us_yield_curve
2013-09-12,2.47,us_yield_curve
2013-09-13,2.45,us_yield_curve
2013-09-16,2.47,us_yield_curve
2013-09-17,2.47,us_yield_curve
2013-09-18,2.35,us_yield_curve
2013-09-19,2.42,us_yield_curve
2013-09-20,2.41,us_yield_curve
2013-09-23,2.37,us_yield_curve
2013-09-24,2.32,us_yield_curve
2013-09-25,2.27,us_yield_curve
2013-09-26,2.32,us_yield_curve
2013-09-27,2.30,us_yield_curve
2013-09-30,2.31,us_yield_curve
2013-10-01,2.33,us_yield_curve
2013-10-02,2.32,us_yield_curve
2013-10-03,2.29,us_yield_curve
2013-10-04,2.33,us_yield_curve
2013-10-07,2.28,us_yield_curve
2013-10-08,2.26,us_yield_curve
2013-10-09,2.31,us_yield_curve
2013-10-10,2.36,us_yield_curve
2013-10-11,2.35,us_yield_curve
2013-10-14,.,us_yield_curve
2013-10-15,2.38,us_yield_curve
2013-10-16,2.35,us_yield_curve
2013-10-17,2.28,us_yield_curve
2013-10-18,2.27,us_yield_curve
2013-10-21,2.30,us_yield_curve
2013-10-22,2.23,us_yield_curve
2013-10-23,2.20,us_yield_curve
2013-10-24,2.20,us_yield_curve
2013-10-25,2.21,us_yield_curve
2013-10-28,2.22,us_yield_curve
2013-10-29,2.22,us_yield_curve
2013-10-30,2.22,us_yield_curve
2013-10-31,2.26,us_yield_curve
2013-11-01,2.32,us_yield_curve
2013-11-04,2.31,us_yield_curve
2013-11-05,2.37,us_yield_curve
2013-11-06,2.37,us_yield_curve
2013-11-07,2.34,us_yield_curve
2013-11-08,2.45,us_yield_curve
2013-11-11,.,us_yield_curve
2013-11-12,2.46,us_yield_curve
2013-11-13,2.43,us_yield_curve
2013-11-14,2.40,us_yield_curve
2013-11-15,2.40,us_yield_curve
2013-11-18,2.36,us_yield_curve
2013-11-19,2.42,us_yield_curve
2013-11-20,2.52,us_yield_curve
2013-11-21,2.50,us_yield_curve
2013-11-22,2.44,us_yield_curve
2013-11-25,2.44,us_yield_curve
2013-11-26,2.42,us_yield_curve
2013-11-27,2.46,us_yield_curve
2013-11-28,.,us_yield_curve
2013-11-29,2.47,us_yield_curve
2013-12-02,2.51,us_yield_curve
2013-12-03,2.51,us_yield_curve
2013-12-04,2.54,us_yield_curve
2013-12-05,2.58,us_yield_curve
2013-12-06,2.58,us_yield_curve
2013-12-09,2.56,us_yield_curve
2013-12-10,2.51,us_yield_curve
2013-12-11,2.55,us_yield_curve
2013-12-12,2.55,us_yield_curve
2013-12-13,2.54,us_yield_curve
2013-12-16,2.55,us_yield_curve
2013-12-17,2.51,us_yield_curve
2013-12-18,2.57,us_yield_curve
2013-12-19,2.59,us_yield_curve
2013-12-20,2.52,us_yield_curve
2013-12-23,2.56,us_yield_curve
2013-12-24,2.61,us_yield_curve
2013-12-25,.,us_yield_curve
2013-12-26,2.58,us_yield_curve
2013-12-27,2.62,us_yield_curve
2013-12-30,2.60,us_yield_curve
2013-12-31,2.66,us_yield_curve
2014-01-01,.,us_yield_curve
2014-01-02,2.61,us_yield_curve
2014-01-03,2.60,us_yield_curve
2014-01-06,2.58,us_yield_curve
2014-01-07,2.56,us_yield_curve
2014-01-08,2.58,us_yield_curve
2014-01-09,2.53,us_yield_curve
2014-01-10,2.49,us_yield_curve
2014-01-13,2.45,us_yield_curve
2014-01-14,2.49,us_yield_curve
2014-01-15,2.49,us_yield_curve
2014-01-16,2.45,us_yield_curve
2014-01-17,2.44,us_yield_curve
2014-01-20,.,us_yield_curve
2014-01-21,2.45,us_yield_curve
2014-01-22,2.43,us_yield_curve
2014-01-23,2.40,us_yield_curve
2014-01-24,2.38,us_yield_curve
2014-01-27,2.41,us_yield_curve
2014-01-28,2.39,us_yield_curve
2014-01-29,2.33,us_yield_curve
2014-01-30,2.36,us_yield_curve
2014-01-31,2.33,us_yield_curve
2014-02-03,2.31,us_yield_curve
2014-02-04,2.33,us_yield_curve
2014-02-05,2.38,us_yield_curve
2014-02-06,2.40,us_yield_curve
2014-02-07,2.41,us_yield_curve
2014-02-10,2.38,us_yield_curve
2014-02-11,2.40,us_yield_curve
2014-02-12,2.45,us_yield_curve
2014-02-13,2.41,us_yield_curve
2014-02-14,2.43,us_yield_curve
2014-02-17,.,us_yield_curve
2014-02-18,2.40,us_yield_curve
2014-02-19,2.40,us_yield_curve
2014-02-20,2.42,us_yield_curve
2014-02-21,2.40,us_yield_curve
2014-02-24,2.40,us_yield_curve
2014-02-25,2.36,us_yield_curve
2014-02-26,2.34,us_yield_curve
2014-02-27,2.32,us_yield_curve
2014-02-28,2.33,us_yield_curve
2014-03-03,2.28,us_yield_curve
2014-03-04,2.37,us_yield_curve
2014-03-05,2.37,us_yield_curve
2014-03-06,2.37,us_yield_curve
2014-03-07,2.42,us_yield_curve
2014-03-10,2.42,us_yield_curve
2014-03-11,2.40,us_yield_curve
2014-03-12,2.36,us_yield_curve
2014-03-13,2.32,us_yield_curve
2014-03-14,2.29,us_yield_curve
2014-03-17,2.32,us_yield_curve
2014-03-18,2.32,us_yield_curve
2014-03-19,2.31,us_yield_curve
2014-03-20,2.34,us_yield_curve
2014-03-21,2.30,us_yield_curve
2014-03-24,2.27,us_yield_curve
2014-03-25,2.28,us_yield_curve
2014-03-26,2.26,us_yield_curve
2014-03-27,2.24,us_yield_curve
2014-03-28,2.28,us_yield_curve
2014-03-31,2.29,us_yield_curve
2014-04-01,2.33,us_yield_curve
2014-04-02,2.35,us_yield_curve
2014-04-03,2.34,us_yield_curve
2014-04-04,2.31,us_yield_curve
2014-04-07,2.30,us_yield_curve
2014-04-08,2.29,us_yield_curve
2014-04-09,2.34,us_yield_curve
2014-04-10,2.28,us_yield_curve
2014-04-11,2.26,us_yield_curve
2014-04-14,2.28,us_yield_curve
2014-04-15,2.25,us_yield_curve
2014-04-16,2.26,us_yield_curve
2014-04-17,2.30,us_yield_curve
2014-04-18,.,us_yield_curve
2014-04-21,2.31,us_yield_curve
2014-04-22,2.28,us_yield_curve
2014-04-23,2.27,us_yield_curve
2014-04-24,2.27,us_yield_curve
2014-04-25,2.25,us_yield_curve
2014-04-28,2.26,us_yield_curve
2014-04-29,2.27,us_yield_curve
2014-04-30,2.25,us_yield_curve
2014-05-01,2.22,us_yield_curve
2014-05-02,2.18,us_yield_curve
2014-05-05,2.20,us_yield_curve
2014-05-06,2.18,us_yield_curve
2014-05-07,2.21,us_yield_curve
2014-05-08,2.21,us_yield_curve
2014-05-09,2.22,us_yield_curve
2014-05-12,2.25,us_yield_curve
2014-05-13,2.22,us_yield_curve
2014-05-14,2.15,us_yield_curve
2014-05-15,2.12,us_yield_curve
2014-05-16,2.14,us_yield_curve
2014-05-19,2.18,us_yield_curve
2014-05-20,2.17,us_yield_curve
2014-05-21,2.17,us_yield_curve
2014-05-22,2.19,us_yield_curve
2014-05-23,2.17,us_yield_curve
2014-05-26,.,us_yield_curve
2014-05-27,2.13,us_yield_curve
2014-05-28,2.07,us_yield_curve
2014-05-29,2.08,us_yield_curve
2014-05-30,2.11,us_yield_curve
2014-06-02,2.15,us_yield_curve
2014-06-03,2.19,us_yield_curve
2014-06-04,2.20,us_yield_curve
2014-06-05,2.19,us_yield_curve
2014-06-06,2.19,us_yield_curve
2014-06-09,2.19,us_yield_curve
2014-06-10,2.19,us_yield_curve
2014-06-11,2.21,us_yield_curve
2014-06-12,2.16,us_yield_curve
2014-06-13,2.15,us_yield_curve
2014-06-16,2.12,us_yield_curve
2014-06-17,2.15,us_yield_curve
2014-06-18,2.13,us_yield_curve
2014-06-19,2.16,us_yield_curve
2014-06-20,2.13,us_yield_curve
2014-06-23,2.15,us_yield_curve
2014-06-24,2.10,us_yield_curve
2014-06-25,2.09,us_yield_curve
2014-06-26,2.07,us_yield_curve
2014-06-27,2.09,us_yield_curve
2014-06-30,2.06,us_yield_curve
2014-07-01,2.11,us_yield_curve
2014-07-02,2.15,us_yield_curve
2014-07-03,2.13,us_yield_curve
2014-07-04,.,us_yield_curve
2014-07-07,2.11,us_yield_curve
2014-07-08,2.07,us_yield_curve
2014-07-09,2.06,us_yield_curve
2014-07-10,2.09,us_yield_curve
2014-07-11,2.05,us_yield_curve
2014-07-14,2.07,us_yield_curve
2014-07-15,2.07,us_yield_curve
2014-07-16,2.05,us_yield_curve
2014-07-17,2.00,us_yield_curve
2014-07-18,1.99,us_yield_curve
2014-07-21,1.98,us_yield_curve
2014-07-22,1.99,us_yield_curve
2014-07-23,1.98,us_yield_curve
2014-07-24,1.99,us_yield_curve
2014-07-25,1.95,us_yield_curve
2014-07-28,1.96,us_yield_curve
2014-07-29,1.93,us_yield_curve
2014-07-30,2.01,us_yield_curve
2014-07-31,2.05,us_yield_curve
2014-08-01,2.05,us_yield_curve
2014-08-04,2.04,us_yield_curve
2014-08-05,2.02,us_yield_curve
2014-08-06,2.01,us_yield_curve
2014-08-07,1.99,us_yield_curve
2014-08-08,1.99,us_yield_curve
2014-08-11,1.97,us_yield_curve
2014-08-12,2.01,us_yield_curve
2014-08-13,2.00,us_yield_curve
2014-08-14,1.98,us_yield_curve
2014-08-15,1.92,us_yield_curve
2014-08-18,1.95,us_yield_curve
2014-08-19,1.94,us_yield_curve
2014-08-20,1.94,us_yield_curve
2014-08-21,1.92,us_yield_curve
2014-08-22,1.87,us_yield_curve
2014-08-25,1.86,us_yield_curve
2014-08-26,1.87,us_yield_curve
2014-08-27,1.86,us_yield_curve
2014-08-28,1.84,us_yield_curve
2014-08-29,1.87,us_yield_curve
2014-09-01,.,us_yield_curve
2014-09-02,1.89,us_yield_curve
2014-09-03,1.89,us_yield_curve
2014-09-04,1.91,us_yield_curve
2014-09-05,1.94,us_yield_curve
2014-09-08,1.94,us_yield_curve
2014-09-09,1.94,us_yield_curve
2014-09-10,1.96,us_yield_curve
2014-09-11,1.96,us_yield_curve
2014-09-12,2.04,us_yield_curve
2014-09-15,2.02,us_yield_curve
2014-09-16,2.05,us_yield_curve
2014-09-17,2.03,us_yield_curve
2014-09-18,2.04,us_yield_curve
2014-09-19,2.00,us_yield_curve
2014-09-22,1.99,us_yield_curve
2014-09-23,1.97,us_yield_curve
2014-09-24,1.98,us_yield_curve
2014-09-25,1.96,us_yield_curve
2014-09-26,1.95,us_yield_curve
2014-09-29,1.92,us_yield_curve
2014-09-30,1.94,us_yield_curve
2014-10-01,1.89,us_yield_curve
2014-10-02,1.91,us_yield_curve
2014-10-03,1.88,us_yield_curve
2014-10-06,1.89,us_yield_curve
2014-10-07,1.84,us_yield_curve
2014-10-08,1.89,us_yield_curve
2014-10-09,1.88,us_yield_curve
2014-10-10,1.86,us_yield_curve
2014-10-13,.,us_yield_curve
2014-10-14,1.82,us_yield_curve
2014-10-15,1.81,us_yield_curve
2014-10-16,1.82,us_yield_curve
2014-10-17,1.83,us_yield_curve
2014-10-20,1.83,us_yield_curve
2014-10-21,1.85,us_yield_curve
2014-10-22,1.84,us_yield_curve
2014-10-23,1.88,us_yield_curve
2014-10-24,1.88,us_yield_curve
2014-10-27,1.86,us_yield_curve
2014-10-28,1.88,us_yield_curve
2014-10-29,1.86,us_yield_curve
2014-10-30,1.84,us_yield_curve
2014-10-31,1.85,us_yield_curve
2014-11-03,1.84,us_yield_curve
2014-11-04,1.83,us_yield_curve
2014-11-05,1.84,us_yield_curve
2014-11-06,1.85,us_yield_curve
2014-11-07,1.81,us_yield_curve
2014-11-10,1.83,us_yield_curve
2014-11-11,.,us_yield_curve
2014-11-12,1.82,us_yield_curve
2014-11-13,1.82,us_yield_curve
2014-11-14,1.78,us_yield_curve
2014-11-17,1.80,us_yield_curve
2014-11-18,1.79,us_yield_curve
2014-11-19,1.82,us_yield_curve
2014-11-20,1.81,us_yield_curve
2014-11-21,1.78,us_yield_curve
2014-11-24,1.77,us_yield_curve
2014-11-25,1.76,us_yield_curve
2014-11-26,1.71,us_yield_curve
2014-11-27,.,us_yield_curve
2014-11-28,1.71,us_yield_curve
2014-12-01,1.73,us_yield_curve
2014-12-02,1.73,us_yield_curve
2014-12-03,1.72,us_yield_curve
2014-12-04,1.70,us_yield_curve
2014-12-05,1.66,us_yield_curve
2014-12-08,1.62,us_yield_curve
2014-12-09,1.58,us_yield_curve
2014-12-10,1.59,us_yield_curve
2014-12-11,1.57,us_yield_curve
2014-12-12,1.54,us_yield_curve
2014-12-15,1.52,us_yield_curve
2014-12-16,1.49,us_yield_curve
2014-12-17,1.52,us_yield_curve
2014-12-18,1.55,us_yield_curve
2014-12-19,1.50,us_yield_curve
2014-12-22,1.46,us_yield_curve
2014-12-23,1.53,us_yield_curve
2014-12-24,1.54,us_yield_curve
2014-12-25,.,us_yield_curve
2014-12-26,1.52,us_yield_curve
2014-12-29,1.50,us_yield_curve
2014-12-30,1.51,us_yield_curve
2014-12-31,1.50,us_yield_curve
2015-01-01,.,us_yield_curve
2015-01-02,1.46,us_yield_curve
2015-01-05,1.36,us_yield_curve
2015-01-06,1.32,us_yield_curve
2015-01-07,1.34,us_yield_curve
2015-01-08,1.41,us_yield_curve
2015-01-09,1.39,us_yield_curve
2015-01-12,1.36,us_yield_curve
2015-01-13,1.37,us_yield_curve
2015-01-14,1.35,us_yield_curve
2015-01-15,1.33,us_yield_curve
2015-01-16,1.34,us_yield_curve
2015-01-19,.,us_yield_curve
2015-01-20,1.29,us_yield_curve
2015-01-21,1.34,us_yield_curve
2015-01-22,1.37,us_yield_curve
2015-01-23,1.29,us_yield_curve
2015-01-26,1.29,us_yield_curve
2015-01-27,1.29,us_yield_curve
2015-01-28,1.23,us_yield_curve
2015-01-29,1.26,us_yield_curve
2015-01-30,1.21,us_yield_curve
2015-02-02,1.19,us_yield_curve
2015-02-03,1.27,us_yield_curve
2015-02-04,1.29,us_yield_curve
2015-02-05,1.31,us_yield_curve
2015-02-06,1.30,us_yield_curve
2015-02-09,1.31,us_yield_curve
2015-02-10,1.34,us_yield_curve
2015-02-11,1.33,us_yield_curve
2015-02-12,1.38,us_yield_curve
2015-02-13,1.36,us_yield_curve
2015-02-16,.,us_yield_curve
2015-02-17,1.44,us_yield_curve
2015-02-18,1.45,us_yield_curve
2015-02-19,1.44,us_yield_curve
2015-02-20,1.46,us_yield_curve
2015-02-23,1.42,us_yield_curve
2015-02-24,1.39,us_yield_curve
2015-02-25,1.35,us_yield_curve
2015-02-26,1.37,us_yield_curve
2015-02-27,1.37,us_yield_curve
2015-03-02,1.42,us_yield_curve
2015-03-03,1.44,us_yield_curve
2015-03-04,1.46,us_yield_curve
2015-03-05,1.46,us_yield_curve
2015-03-06,1.51,us_yield_curve
2015-03-09,1.50,us_yield_curve
2015-03-10,1.44,us_yield_curve
2015-03-11,1.41,us_yield_curve
2015-03-12,1.43,us_yield_curve
2015-03-13,1.45,us_yield_curve
2015-03-16,1.44,us_yield_curve
2015-03-17,1.36,us_yield_curve
2015-03-18,1.36,us_yield_curve
2015-03-19,1.35,us_yield_curve
2015-03-20,1.33,us_yield_curve
2015-03-23,1.32,us_yield_curve
2015-03-24,1.30,us_yield_curve
2015-03-25,1.34,us_yield_curve
2015-03-26,1.40,us_yield_curve
2015-03-27,1.37,us_yield_curve
2015-03-30,1.38,us_yield_curve
2015-03-31,1.38,us_yield_curve
2015-04-01,1.32,us_yield_curve
2015-04-02,1.37,us_yield_curve
2015-04-03,1.36,us_yield_curve
2015-04-06,1.41,us_yield_curve
2015-04-07,1.37,us_yield_curve
2015-04-08,1.38,us_yield_curve
2015-04-09,1.41,us_yield_curve
2015-04-10,1.39,us_yield_curve
2015-04-13,1.40,us_yield_curve
2015-04-14,1.37,us_yield_curve
2015-04-15,1.40,us_yield_curve
2015-04-16,1.40,us_yield_curve
2015-04-17,1.36,us_yield_curve
2015-04-20,1.35,us_yield_curve
2015-04-21,1.37,us_yield_curve
2015-04-22,1.42,us_yield_curve
2015-04-23,1.41,us_yield_curve
2015-04-24,1.39,us_yield_curve
2015-04-27,1.40,us_yield_curve
2015-04-28,1.44,us_yield_curve
2015-04-29,1.50,us_yield_curve
2015-04-30,1.47,us_yield_curve
2015-05-01,1.52,us_yield_curve
2015-05-04,1.56,us_yield_curve
2015-05-05,1.57,us_yield_curve
2015-05-06,1.60,us_yield_curve
2015-05-07,1.55,us_yield_curve
2015-05-08,1.57,us_yield_curve
2015-05-11,1.66,us_yield_curve
2015-05-12,1.67,us_yield_curve
2015-05-13,1.68,us_yield_curve
2015-05-14,1.67,us_yield_curve
2015-05-15,1.59,us_yield_curve
2015-05-18,1.65,us_yield_curve
2015-05-19,1.64,us_yield_curve
2015-05-20,1.66,us_yield_curve
2015-05-21,1.59,us_yield_curve
2015-05-22,1.57,us_yield_curve
2015-05-25,.,us_yield_curve
2015-05-26,1.50,us_yield_curve
2015-05-27,1.50,us_yield_curve
2015-05-28,1.51,us_yield_curve
2015-05-29,1.51,us_yield_curve
2015-06-01,1.55,us_yield_curve
2015-06-02,1.63,us_yield_curve
2015-06-03,1.69,us_yield_curve
2015-06-04,1.65,us_yield_curve
2015-06-05,1.68,us_yield_curve
2015-06-08,1.69,us_yield_curve
2015-06-09,1.70,us_yield_curve
2015-06-10,1.75,us_yield_curve
2015-06-11,1.66,us_yield_curve
2015-06-12,1.65,us_yield_curve
2015-06-15,1.64,us_yield_curve
2015-06-16,1.61,us_yield_curve
2015-06-17,1.65,us_yield_curve
2015-06-18,1.69,us_yield_curve
2015-06-19,1.61,us_yield_curve
2015-06-22,1.69,us_yield_curve
2015-06-23,1.72,us_yield_curve
2015-06-24,1.70,us_yield_curve
2015-06-25,1.72,us_yield_curve
2015-06-26,1.77,us_yield_curve
2015-06-29,1.69,us_yield_curve
2015-06-30,1.71,us_yield_curve
2015-07-01,1.74,us_yield_curve
2015-07-02,1.76,us_yield_curve
2015-07-03,.,us_yield_curve
2015-07-06,1.70,us_yield_curve
2015-07-07,1.69,us_yield_curve
2015-07-08,1.67,us_yield_curve
2015-07-09,1.72,us_yield_curve
2015-07-10,1.77,us_yield_curve
2015-07-13,1.75,us_yield_curve
2015-07-14,1.75,us_yield_curve
2015-07-15,1.72,us_yield_curve
2015-07-16,1.69,us_yield_curve
2015-07-17,1.66,us_yield_curve
2015-07-20,1.67,us_yield_curve
2015-07-21,1.64,us_yield_curve
2015-07-22,1.58,us_yield_curve
2015-07-23,1.57,us_yield_curve
2015-07-24,1.57,us_yield_curve
2015-07-27,1.55,us_yield_curve
2015-07-28,1.57,us_yield_curve
2015-07-29,1.59,us_yield_curve
2015-07-30,1.56,us_yield_curve
2015-07-31,1.53,us_yield_curve
2015-08-03,1.48,us_yield_curve
2015-08-04,1.49,us_yield_curve
2015-08-05,1.55,us_yield_curve
2015-08-06,1.52,us_yield_curve
2015-08-07,1.45,us_yield_curve
2015-08-10,1.51,us_yield_curve
2015-08-11,1.47,us_yield_curve
2015-08-12,1.47,us_yield_curve
2015-08-13,1.47,us_yield_curve
2015-08-14,1.47,us_yield_curve
2015-08-17,1.44,us_yield_curve
2015-08-18,1.46,us_yield_curve
2015-08-19,1.45,us_yield_curve
2015-08-20,1.40,us_yield_curve
2015-08-21,1.41,us_yield_curve
2015-08-24,1.42,us_yield_curve
2015-08-25,1.45,us_yield_curve
2015-08-26,1.51,us_yield_curve
2015-08-27,1.50,us_yield_curve
2015-08-28,1.47,us_yield_curve
2015-08-31,1.47,us_yield_curve
2015-09-01,1.47,us_yield_curve
2015-09-02,1.48,us_yield_curve
2015-09-03,1.47,us_yield_curve
2015-09-04,1.42,us_yield_curve
2015-09-07,.,us_yield_curve
2015-09-08,1.46,us_yield_curve
2015-09-09,1.46,us_yield_curve
2015-09-10,1.48,us_yield_curve
2015-09-11,1.49,us_yield_curve
2015-09-14,1.45,us_yield_curve
2015-09-15,1.46,us_yield_curve
2015-09-16,1.48,us_yield_curve
2015-09-17,1.51,us_yield_curve
2015-09-18,1.44,us_yield_curve
2015-09-21,1.48,us_yield_curve
2015-09-22,1.45,us_yield_curve
2015-09-23,1.46,us_yield_curve
2015-09-24,1.46,us_yield_curve
2015-09-25,1.47,us_yield_curve
2015-09-28,1.43,us_yield_curve
2015-09-29,1.41,us_yield_curve
2015-09-30,1.42,us_yield_curve
2015-10-01,1.41,us_yield_curve
2015-10-02,1.41,us_yield_curve
2015-10-05,1.46,us_yield_curve
2015-10-06,1.44,us_yield_curve
2015-10-07,1.43,us_yield_curve
2015-10-08,1.47,us_yield_curve
2015-10-09,1.47,us_yield_curve
2015-10-12,.,us_yield_curve
2015-10-13,1.42,us_yield_curve
2015-10-14,1.42,us_yield_curve
2015-10-15,1.43,us_yield_curve
2015-10-16,1.43,us_yield_curve
2015-10-19,1.43,us_yield_curve
2015-10-20,1.42,us_yield_curve
2015-10-21,1.40,us_yield_curve
2015-10-22,1.43,us_yield_curve
2015-10-23,1.43,us_yield_curve
2015-10-26,1.41,us_yield_curve
2015-10-27,1.40,us_yield_curve
2015-10-28,1.37,us_yield_curve
2015-10-29,1.44,us_yield_curve
2015-10-30,1.41,us_yield_curve
2015-11-02,1.43,us_yield_curve
2015-11-03,1.43,us_yield_curve
2015-11-04,1.41,us_yield_curve
2015-11-05,1.41,us_yield_curve
2015-11-06,1.44,us_yield_curve
2015-11-09,1.47,us_yield_curve
2015-11-10,1.45,us_yield_curve
2015-11-11,.,us_yield_curve
2015-11-12,1.43,us_yield_curve
2015-11-13,1.42,us_yield_curve
2015-11-16,1.39,us_yield_curve
2015-11-17,1.39,us_yield_curve
2015-11-18,1.37,us_yield_curve
2015-11-19,1.33,us_yield_curve
2015-11-20,1.33,us_yield_curve
2015-11-23,1.31,us_yield_curve
2015-11-24,1.31,us_yield_curve
2015-11-25,1.30,us_yield_curve
2015-11-26,.,us_yield_curve
2015-11-27,1.30,us_yield_curve
2015-11-30,1.27,us_yield_curve
2015-12-01,1.24,us_yield_curve
2015-12-02,1.24,us_yield_curve
2015-12-03,1.37,us_yield_curve
2015-12-04,1.32,us_yield_curve
2015-12-07,1.29,us_yield_curve
2015-12-08,1.30,us_yield_curve
2015-12-09,1.29,us_yield_curve
2015-12-10,1.29,us_yield_curve
2015-12-11,1.25,us_yield_curve
2015-12-14,1.26,us_yield_curve
2015-12-15,1.30,us_yield_curve
2015-12-16,1.28,us_yield_curve
2015-12-17,1.24,us_yield_curve
2015-12-18,1.22,us_yield_curve
2015-12-21,1.24,us_yield_curve
2015-12-22,1.25,us_yield_curve
2015-12-23,1.26,us_yield_curve
2015-12-24,1.22,us_yield_curve
2015-12-25,.,us_yield_curve
2015-12-28,1.19,us_yield_curve
2015-12-29,1.23,us_yield_curve
2015-12-30,1.23,us_yield_curve
2015-12-31,1.21,us_yield_curve
2016-01-01,.,us_yield_curve
2016-01-04,1.22,us_yield_curve
2016-01-05,1.21,us_yield_curve
2016-01-06,1.19,us_yield_curve
2016-01-07,1.20,us_yield_curve
2016-01-08,1.19,us_yield_curve
2016-01-11,1.23,us_yield_curve
2016-01-12,1.19,us_yield_curve
2016-01-13,1.17,us_yield_curve
2016-01-14,1.20,us_yield_curve
2016-01-15,1.18,us_yield_curve
2016-01-18,.,us_yield_curve
2016-01-19,1.18,us_yield_curve
2016-01-20,1.16,us_yield_curve
2016-01-21,1.18,us_yield_curve
2016-01-22,1.19,us_yield_curve
2016-01-25,1.15,us_yield_curve
2016-01-26,1.16,us_yield_curve
2016-01-27,1.18,us_yield_curve
2016-01-28,1.17,us_yield_curve
2016-01-29,1.18,us_yield_curve
2016-02-01,1.16,us_yield_curve
2016-02-02,1.12,us_yield_curve
2016-02-03,1.16,us_yield_curve
2016-02-04,1.17,us_yield_curve
2016-02-05,1.12,us_yield_curve
2016-02-08,1.09,us_yield_curve
2016-02-09,1.05,us_yield_curve
2016-02-10,1.00,us_yield_curve
2016-02-11,0.99,us_yield_curve
2016-02-12,1.03,us_yield_curve
2016-02-15,.,us_yield_curve
2016-02-16,1.04,us_yield_curve
2016-02-17,1.07,us_yield_curve
2016-02-18,1.04,us_yield_curve
2016-02-19,1.00,us_yield_curve
2016-02-22,0.99,us_yield_curve
2016-02-23,0.98,us_yield_curve
2016-02-24,1.00,us_yield_curve
2016-02-25,0.99,us_yield_curve
2016-02-26,0.96,us_yield_curve
2016-02-29,0.96,us_yield_curve
2016-03-01,0.98,us_yield_curve
2016-03-02,0.99,us_yield_curve
2016-03-03,0.98,us_yield_curve
2016-03-04,1.00,us_yield_curve
2016-03-07,1.00,us_yield_curve
2016-03-08,0.95,us_yield_curve
2016-03-09,1.00,us_yield_curve
2016-03-10,1.00,us_yield_curve
2016-03-11,1.01,us_yield_curve
2016-03-14,1.00,us_yield_curve
2016-03-15,0.99,us_yield_curve
2016-03-16,1.07,us_yield_curve
2016-03-17,1.04,us_yield_curve
2016-03-18,1.04,us_yield_curve
2016-03-21,1.05,us_yield_curve
2016-03-22,1.03,us_yield_curve
2016-03-23,1.01,us_yield_curve
2016-03-24,1.02,us_yield_curve
2016-03-25,.,us_yield_curve
2016-03-28,1.00,us_yield_curve
2016-03-29,1.03,us_yield_curve
2016-03-30,1.07,us_yield_curve
2016-03-31,1.05,us_yield_curve
2016-04-01,1.03,us_yield_curve
2016-04-04,1.03,us_yield_curve
2016-04-05,1.01,us_yield_curve
2016-04-06,1.03,us_yield_curve
2016-04-07,1.00,us_yield_curve
2016-04-08,1.02,us_yield_curve
2016-04-11,1.03,us_yield_curve
2016-04-12,1.05,us_yield_curve
2016-04-13,1.02,us_yield_curve
2016-04-14,1.03,us_yield_curve
2016-04-15,1.02,us_yield_curve
2016-04-18,1.03,us_yield_curve
2016-04-19,1.02,us_yield_curve
2016-04-20,1.05,us_yield_curve
2016-04-21,1.06,us_yield_curve
2016-04-22,1.05,us_yield_curve
2016-04-25,1.06,us_yield_curve
2016-04-26,1.08,us_yield_curve
2016-04-27,1.04,us_yield_curve
2016-04-28,1.06,us_yield_curve
2016-04-29,1.06,us_yield_curve
2016-05-02,1.08,us_yield_curve
2016-05-03,1.06,us_yield_curve
2016-05-04,1.04,us_yield_curve
2016-05-05,1.04,us_yield_curve
2016-05-06,1.05,us_yield_curve
2016-05-09,1.05,us_yield_curve
2016-05-10,1.05,us_yield_curve
2016-05-11,0.99,us_yield_curve
2016-05-12,0.99,us_yield_curve
2016-05-13,0.95,us_yield_curve
2016-05-16,0.96,us_yield_curve
2016-05-17,0.94,us_yield_curve
2016-05-18,0.97,us_yield_curve
2016-05-19,0.96,us_yield_curve
2016-05-20,0.96,us_yield_curve
2016-05-23,0.93,us_yield_curve
2016-05-24,0.94,us_yield_curve
2016-05-25,0.95,us_yield_curve
2016-05-26,0.96,us_yield_curve
2016-05-27,0.95,us_yield_curve
2016-05-30,.,us_yield_curve
2016-05-31,0.97,us_yield_curve
2016-06-01,0.94,us_yield_curve
2016-06-02,0.92,us_yield_curve
2016-06-03,0.93,us_yield_curve
2016-06-06,0.93,us_yield_curve
2016-06-07,0.94,us_yield_curve
2016-06-08,0.93,us_yield_curve
2016-06-09,0.91,us_yield_curve
2016-06-10,0.91,us_yield_curve
2016-06-13,0.89,us_yield_curve
2016-06-14,0.88,us_yield_curve
2016-06-15,0.91,us_yield_curve
2016-06-16,0.87,us_yield_curve
2016-06-17,0.92,us_yield_curve
2016-06-20,0.93,us_yield_curve
2016-06-21,0.95,us_yield_curve
2016-06-22,0.94,us_yield_curve
2016-06-23,0.96,us_yield_curve
2016-06-24,0.93,us_yield_curve
2016-06-27,0.85,us_yield_curve
2016-06-28,0.85,us_yield_curve
2016-06-29,0.88,us_yield_curve
2016-06-30,0.91,us_yield_curve
2016-07-01,0.87,us_yield_curve
2016-07-04,.,us_yield_curve
2016-07-05,0.81,us_yield_curve
2016-07-06,0.80,us_yield_curve
2016-07-07,0.82,us_yield_curve
2016-07-08,0.76,us_yield_curve
2016-07-11,0.77,us_yield_curve
2016-07-12,0.84,us_yield_curve
2016-07-13,0.80,us_yield_curve
2016-07-14,0.85,us_yield_curve
2016-07-15,0.89,us_yield_curve
2016-07-18,0.91,us_yield_curve
2016-07-19,0.86,us_yield_curve
2016-07-20,0.86,us_yield_curve
2016-07-21,0.87,us_yield_curve
2016-07-22,0.86,us_yield_curve
2016-07-25,0.86,us_yield_curve
2016-07-26,0.82,us_yield_curve
2016-07-27,0.79,us_yield_curve
2016-07-28,0.80,us_yield_curve
2016-07-29,0.79,us_yield_curve
2016-08-01,0.84,us_yield_curve
2016-08-02,0.88,us_yield_curve
2016-08-03,0.88,us_yield_curve
2016-08-04,0.87,us_yield_curve
2016-08-05,0.87,us_yield_curve
2016-08-08,0.85,us_yield_curve
2016-08-09,0.84,us_yield_curve
2016-08-10,0.81,us_yield_curve
2016-08-11,0.81,us_yield_curve
2016-08-12,0.80,us_yield_curve
2016-08-15,0.83,us_yield_curve
2016-08-16,0.81,us_yield_curve
2016-08-17,0.82,us_yield_curve
2016-08-18,0.82,us_yield_curve
2016-08-19,0.82,us_yield_curve
2016-08-22,0.79,us_yield_curve
2016-08-23,0.81,us_yield_curve
2016-08-24,0.80,us_yield_curve
2016-08-25,0.80,us_yield_curve
2016-08-26,0.78,us_yield_curve
2016-08-29,0.76,us_yield_curve
2016-08-30,0.77,us_yield_curve
2016-08-31,0.78,us_yield_curve
2016-09-01,0.79,us_yield_curve
2016-09-02,0.80,us_yield_curve
2016-09-05,.,us_yield_curve
2016-09-06,0.81,us_yield_curve
2016-09-07,0.80,us_yield_curve
2016-09-08,0.83,us_yield_curve
2016-09-09,0.88,us_yield_curve
2016-09-12,0.89,us_yield_curve
2016-09-13,0.93,us_yield_curve
2016-09-14,0.93,us_yield_curve
2016-09-15,0.97,us_yield_curve
2016-09-16,0.93,us_yield_curve
2016-09-19,0.91,us_yield_curve
2016-09-20,0.90,us_yield_curve
2016-09-21,0.87,us_yield_curve
2016-09-22,0.84,us_yield_curve
2016-09-23,0.85,us_yield_curve
2016-09-26,0.83,us_yield_curve
2016-09-27,0.81,us_yield_curve
2016-09-28,0.82,us_yield_curve
2016-09-29,0.83,us_yield_curve
2016-09-30,0.83,us_yield_curve
2016-10-03,0.83,us_yield_curve
2016-10-04,0.87,us_yield_curve
2016-10-05,0.87,us_yield_curve
2016-10-06,0.89,us_yield_curve
2016-10-07,0.90,us_yield_curve
2016-10-10,.,us_yield_curve
2016-10-11,0.90,us_yield_curve
2016-10-12,0.92,us_yield_curve
2016-10-13,0.90,us_yield_curve
2016-10-14,0.96,us_yield_curve
2016-10-17,0.96,us_yield_curve
2016-10-18,0.93,us_yield_curve
2016-10-19,0.95,us_yield_curve
2016-10-20,0.92,us_yield_curve
2016-10-21,0.90,us_yield_curve
2016-10-24,0.93,us_yield_curve
2016-10-25,0.91,us_yield_curve
2016-10-26,0.93,us_yield_curve
2016-10-27,0.98,us_yield_curve
2016-10-28,1.00,us_yield_curve
2016-10-31,0.98,us_yield_curve
2016-11-01,1.00,us_yield_curve
2016-11-02,1.00,us_yield_curve
2016-11-03,1.01,us_yield_curve
2016-11-04,0.99,us_yield_curve
2016-11-07,1.01,us_yield_curve
2016-11-08,1.01,us_yield_curve
2016-11-09,1.17,us_yield_curve
2016-11-10,1.23,us_yield_curve
2016-11-11,.,us_yield_curve
2016-11-14,1.23,us_yield_curve
2016-11-15,1.21,us_yield_curve
2016-11-16,1.22,us_yield_curve
2016-11-17,1.25,us_yield_curve
2016-11-18,1.27,us_yield_curve
2016-11-21,1.25,us_yield_curve
2016-11-22,1.24,us_yield_curve
2016-11-23,1.24,us_yield_curve
2016-11-24,.,us_yield_curve
2016-11-25,1.24,us_yield_curve
2016-11-28,1.21,us_yield_curve
2016-11-29,1.21,us_yield_curve
2016-11-30,1.26,us_yield_curve
2016-12-01,1.31,us_yield_curve
2016-12-02,1.29,us_yield_curve
2016-12-05,1.26,us_yield_curve
2016-12-06,1.27,us_yield_curve
2016-12-07,1.24,us_yield_curve
2016-12-08,1.28,us_yield_curve
2016-12-09,1.32,us_yield_curve
2016-12-12,1.34,us_yield_curve
2016-12-13,1.31,us_yield_curve
2016-12-14,1.27,us_yield_curve
2016-12-15,1.31,us_yield_curve
2016-12-16,1.32,us_yield_curve
2016-12-19,1.30,us_yield_curve
2016-12-20,1.32,us_yield_curve
2016-12-21,1.34,us_yield_curve
2016-12-22,1.33,us_yield_curve
2016-12-23,1.33,us_yield_curve
2016-12-26,.,us_yield_curve
2016-12-27,1.29,us_yield_curve
2016-12-28,1.25,us_yield_curve
2016-12-29,1.27,us_yield_curve
2016-12-30,1.25,us_yield_curve
2017-01-02,.,us_yield_curve
2017-01-03,1.23,us_yield_curve
2017-01-04,1.22,us_yield_curve
2017-01-05,1.20,us_yield_curve
2017-01-06,1.20,us_yield_curve
2017-01-09,1.17,us_yield_curve
2017-01-10,1.19,us_yield_curve
2017-01-11,1.18,us_yield_curve
2017-01-12,1.18,us_yield_curve
2017-01-13,1.19,us_yield_curve
2017-01-16,.,us_yield_curve
2017-01-17,1.16,us_yield_curve
2017-01-18,1.19,us_yield_curve
2017-01-19,1.22,us_yield_curve
2017-01-20,1.28,us_yield_curve
2017-01-23,1.25,us_yield_curve
2017-01-24,1.26,us_yield_curve
2017-01-25,1.30,us_yield_curve
2017-01-26,1.30,us_yield_curve
2017-01-27,1.27,us_yield_curve
2017-01-30,1.27,us_yield_curve
2017-01-31,1.26,us_yield_curve
2017-02-01,1.26,us_yield_curve
2017-02-02,1.27,us_yield_curve
2017-02-03,1.28,us_yield_curve
2017-02-06,1.26,us_yield_curve
2017-02-07,1.24,us_yield_curve
2017-02-08,1.19,us_yield_curve
2017-02-09,1.20,us_yield_curve
2017-02-10,1.21,us_yield_curve
2017-02-13,1.23,us_yield_curve
2017-02-14,1.22,us_yield_curve
2017-02-15,1.24,us_yield_curve
2017-02-16,1.23,us_yield_curve
2017-02-17,1.21,us_yield_curve
2017-02-20,.,us_yield_curve
2017-02-21,1.21,us_yield_curve
2017-02-22,1.20,us_yield_curve
2017-02-23,1.20,us_yield_curve
2017-02-24,1.19,us_yield_curve
2017-02-27,1.16,us_yield_curve
2017-02-28,1.14,us_yield_curve
2017-03-01,1.17,us_yield_curve
2017-03-02,1.17,us_yield_curve
2017-03-03,1.17,us_yield_curve
2017-03-06,1.18,us_yield_curve
2017-03-07,1.20,us_yield_curve
2017-03-08,1.21,us_yield_curve
2017-03-09,1.23,us_yield_curve
2017-03-10,1.22,us_yield_curve
2017-03-13,1.22,us_yield_curve
2017-03-14,1.20,us_yield_curve
2017-03-15,1.18,us_yield_curve
2017-03-16,1.18,us_yield_curve
2017-03-17,1.17,us_yield_curve
2017-03-20,1.17,us_yield_curve
2017-03-21,1.16,us_yield_curve
2017-03-22,1.13,us_yield_curve
2017-03-23,1.15,us_yield_curve
2017-03-24,1.14,us_yield_curve
2017-03-27,1.11,us_yield_curve
2017-03-28,1.12,us_yield_curve
2017-03-29,1.13,us_yield_curve
2017-03-30,1.14,us_yield_curve
2017-03-31,1.13,us_yield_curve
2017-04-03,1.11,us_yield_curve
2017-04-04,1.11,us_yield_curve
2017-04-05,1.10,us_yield_curve
2017-04-06,1.10,us_yield_curve
2017-04-07,1.09,us_yield_curve
2017-04-10,1.08,us_yield_curve
2017-04-11,1.08,us_yield_curve
2017-04-12,1.04,us_yield_curve
2017-04-13,1.03,us_yield_curve
2017-04-14,.,us_yield_curve
2017-04-17,1.05,us_yield_curve
2017-04-18,1.00,us_yield_curve
2017-04-19,1.02,us_yield_curve
2017-04-20,1.03,us_yield_curve
2017-04-21,1.04,us_yield_curve
2017-04-24,1.03,us_yield_curve
2017-04-25,1.06,us_yield_curve
2017-04-26,1.04,us_yield_curve
2017-04-27,1.05,us_yield_curve
2017-04-28,1.01,us_yield_curve
2017-05-01,1.05,us_yield_curve
2017-05-02,1.02,us_yield_curve
2017-05-03,1.03,us_yield_curve
2017-05-04,1.04,us_yield_curve
2017-05-05,1.04,us_yield_curve
2017-05-08,1.06,us_yield_curve
2017-05-09,1.05,us_yield_curve
2017-05-10,1.06,us_yield_curve
2017-05-11,1.04,us_yield_curve
2017-05-12,1.04,us_yield_curve
2017-05-15,1.03,us_yield_curve
2017-05-16,1.04,us_yield_curve
2017-05-17,0.96,us_yield_curve
2017-05-18,0.96,us_yield_curve
2017-05-19,0.95,us_yield_curve
2017-05-22,0.96,us_yield_curve
2017-05-23,0.98,us_yield_curve
2017-05-24,0.97,us_yield_curve
2017-05-25,0.95,us_yield_curve
2017-05-26,0.95,us_yield_curve
2017-05-29,.,us_yield_curve
2017-05-30,0.93,us_yield_curve
2017-05-31,0.93,us_yield_curve
2017-06-01,0.93,us_yield_curve
2017-06-02,0.87,us_yield_curve
2017-06-05,0.86,us_yield_curve
2017-06-06,0.84,us_yield_curve
2017-06-07,0.86,us_yield_curve
2017-06-08,0.86,us_yield_curve
2017-06-09,0.86,us_yield_curve
2017-06-12,0.86,us_yield_curve
2017-06-13,0.83,us_yield_curve
2017-06-14,0.80,us_yield_curve
2017-06-15,0.81,us_yield_curve
2017-06-16,0.84,us_yield_curve
2017-06-19,0.83,us_yield_curve
2017-06-20,0.80,us_yield_curve
2017-06-21,0.80,us_yield_curve
2017-06-22,0.81,us_yield_curve
2017-06-23,0.81,us_yield_curve
2017-06-26,0.78,us_yield_curve
2017-06-27,0.83,us_yield_curve
2017-06-28,0.88,us_yield_curve
2017-06-29,0.89,us_yield_curve
2017-06-30,0.93,us_yield_curve
2017-07-03,0.94,us_yield_curve
2017-07-04,.,us_yield_curve
2017-07-05,0.92,us_yield_curve
2017-07-06,0.97,us_yield_curve
2017-07-07,0.99,us_yield_curve
2017-07-10,0.98,us_yield_curve
2017-07-11,1.00,us_yield_curve
2017-07-12,0.98,us_yield_curve
2017-07-13,0.98,us_yield_curve
2017-07-14,0.98,us_yield_curve
2017-07-17,0.95,us_yield_curve
2017-07-18,0.91,us_yield_curve
2017-07-19,0.90,us_yield_curve
2017-07-20,0.90,us_yield_curve
2017-07-21,0.88,us_yield_curve
2017-07-24,0.89,us_yield_curve
2017-07-25,0.93,us_yield_curve
2017-07-26,0.93,us_yield_curve
2017-07-27,0.96,us_yield_curve
2017-07-28,0.96,us_yield_curve
2017-07-31,0.96,us_yield_curve
2017-08-01,0.92,us_yield_curve
2017-08-02,0.91,us_yield_curve
2017-08-03,0.9,us_yield_curve
2017-08-04,0.91,us_yield_curve
2017-08-07,0.9,us_yield_curve
2017-08-08,0.93,us_yield_curve
2017-08-09,0.91,us_yield_curve
2017-08-10,0.87,us_yield_curve
2017-08-11,0.89,us_yield_curve
2017-08-14,0.89,us_yield_curve
2017-08-15,0.92,us_yield_curve
2017-08-16,0.9,us_yield_curve
2017-08-17,0.87,us_yield_curve
2017-08-18,0.86,us_yield_curve
2017-08-21,0.86,us_yield_curve
2017-08-22,0.89,us_yield_curve
2017-08-23,0.85,us_yield_curve
2017-08-24,0.86,us_yield_curve
2017-08-25,0.82,us_yield_curve
2017-08-28,0.83,us_yield_curve
2017-08-29,0.8,us_yield_curve
2017-08-30,0.82,us_yield_curve
2017-08-31,0.79,us_yield_curve
2017-09-01,0.81,us_yield_curve
2017-09-04,.,us_yield_curve
2017-09-05,0.77,us_yield_curve
2017-09-06,0.8,us_yield_curve
2017-09-07,0.78,us_yield_curve
2017-09-08,0.79,us_yield_curve
2017-09-11,0.82,us_yield_curve
2017-09-12,0.84,us_yield_curve
2017-09-13,0.85,us_yield_curve
2017-09-14,0.83,us_yield_curve
2017-09-15,0.81,us_yield_curve
2017-09-18,0.83,us_yield_curve
2017-09-19,0.84,us_yield_curve
2017-09-20,0.83,us_yield_curve
2017-09-21,0.82,us_yield_curve
2017-09-22,0.8,us_yield_curve
2017-09-25,0.78,us_yield_curve
2017-09-26,0.79,us_yield_curve
2017-09-27,0.84,us_yield_curve
2017-09-28,0.86,us_yield_curve
2017-09-29,0.86,us_yield_curve
2017-10-02,0.85,us_yield_curve
2017-10-03,0.86,us_yield_curve
2017-10-04,0.86,us_yield_curve
2017-10-05,0.86,us_yield_curve
2017-10-06,0.83,us_yield_curve
2017-10-09,.,us_yield_curve
2017-10-10,0.84,us_yield_curve
2017-10-11,0.84,us_yield_curve
2017-10-12,0.82,us_yield_curve
2017-10-13,0.77,us_yield_curve
2017-10-16,0.76,us_yield_curve
2017-10-17,0.76,us_yield_curve
2017-10-18,0.75,us_yield_curve
2017-10-19,0.75,us_yield_curve
2017-10-20,0.79,us_yield_curve
2017-10-23,0.8,us_yield_curve
2017-10-24,0.82,us_yield_curve
2017-10-25,0.83,us_yield_curve
2017-10-26,0.83,us_yield_curve
2017-10-27,0.83,us_yield_curve
2017-10-30,0.79,us_yield_curve
2017-10-31,0.78,us_yield_curve
2017-11-01,0.76,us_yield_curve
2017-11-02,0.74,us_yield_curve
2017-11-03,0.71,us_yield_curve
2017-11-06,0.71,us_yield_curve
2017-11-07,0.69,us_yield_curve
2017-11-08,0.67,us_yield_curve
2017-11-09,0.7,us_yield_curve
2017-11-10,0.73,us_yield_curve
2017-11-13,0.7,us_yield_curve
2017-11-14,0.7,us_yield_curve
2017-11-15,0.65,us_yield_curve
2017-11-16,0.65,us_yield_curve
2017-11-17,0.62,us_yield_curve
2017-11-20,0.6,us_yield_curve
2017-11-21,0.59,us_yield_curve
2017-11-22,0.58,us_yield_curve
2017-11-23,.,us_yield_curve
2017-11-24,0.59,us_yield_curve
2017-11-27,0.58,us_yield_curve
2017-11-28,0.59,us_yield_curve
2017-11-29,0.59,us_yield_curve
2017-11-30,0.64,us_yield_curve
2017-12-01,0.59,us_yield_curve
2017-12-04,0.57,us_yield_curve
2017-12-05,0.53,us_yield_curve
2017-12-06,0.55,us_yield_curve
2017-12-07,0.57,us_yield_curve
2017-12-08,0.58,us_yield_curve
2017-12-11,0.57,us_yield_curve
2017-12-12,0.57,us_yield_curve
2017-12-13,0.57,us_yield_curve
2017-12-14,0.53,us_yield_curve
2017-12-15,0.51,us_yield_curve
2017-12-18,0.55,us_yield_curve
2017-12-19,0.59,us_yield_curve
2017-12-20,0.62,us_yield_curve
2017-12-21,0.59,us_yield_curve
2017-12-22,0.57,us_yield_curve
2017-12-25,.,us_yield_curve
2017-12-26,0.55,us_yield_curve
2017-12-27,0.53,us_yield_curve
2017-12-28,0.52,us_yield_curve
2017-12-29,0.51,us_yield_curve
2018-01-01,.,us_yield_curve
2018-01-02,0.54,us_yield_curve
2018-01-03,0.5,us_yield_curve
2018-01-04,0.5,us_yield_curve
2018-01-05,0.51,us_yield_curve
2018-01-08,0.53,us_yield_curve
2018-01-09,0.57,us_yield_curve
2018-01-10,0.57,us_yield_curve
2018-01-11,0.56,us_yield_curve
2018-01-12,0.56,us_yield_curve
2018-01-15,.,us_yield_curve
2018-01-16,0.51,us_yield_curve
2018-01-17,0.52,us_yield_curve
2018-01-18,0.57,us_yield_curve
2018-01-19,0.58,us_yield_curve
2018-01-22,0.58,us_yield_curve
2018-01-23,0.57,us_yield_curve
2018-01-24,0.57,us_yield_curve
2018-01-25,0.55,us_yield_curve
2018-01-26,0.53,us_yield_curve
2018-01-29,0.59,us_yield_curve
2018-01-30,0.6,us_yield_curve
2018-01-31,0.58,us_yield_curve
2018-02-01,0.62,us_yield_curve
2018-02-02,0.69,us_yield_curve
2018-02-05,0.69,us_yield_curve
2018-02-06,0.69,us_yield_curve
2018-02-07,0.69,us_yield_curve
2018-02-08,0.72,us_yield_curve
2018-02-09,0.78,us_yield_curve
2018-02-12,0.77,us_yield_curve
2018-02-13,0.73,us_yield_curve
2018-02-14,0.74,us_yield_curve
2018-02-15,0.71,us_yield_curve
2018-02-16,0.66,us_yield_curve
2018-02-19,.,us_yield_curve
2018-02-20,0.63,us_yield_curve
2018-02-21,0.68,us_yield_curve
2018-02-22,0.67,us_yield_curve
2018-02-23,0.63,us_yield_curve
2018-02-26,0.64,us_yield_curve
2018-02-27,0.63,us_yield_curve
2018-02-28,0.62,us_yield_curve
2018-03-01,0.59,us_yield_curve
2018-03-02,0.61,us_yield_curve
2018-03-05,0.64,us_yield_curve
2018-03-06,0.63,us_yield_curve
2018-03-07,0.64,us_yield_curve
2018-03-08,0.61,us_yield_curve
2018-03-09,0.63,us_yield_curve
2018-03-12,0.6,us_yield_curve
2018-03-13,0.58,us_yield_curve
2018-03-14,0.55,us_yield_curve
2018-03-15,0.53,us_yield_curve
2018-03-16,0.54,us_yield_curve
2018-03-19,0.54,us_yield_curve
2018-03-20,0.55,us_yield_curve
2018-03-21,0.58,us_yield_curve
2018-03-22,0.54,us_yield_curve
2018-03-23,0.54,us_yield_curve
2018-03-26,0.52,us_yield_curve
2018-03-27,0.52,us_yield_curve
2018-03-28,0.49,us_yield_curve
2018-03-29,0.47,us_yield_curve
2018-03-30,.,us_yield_curve
2018-04-02,0.48,us_yield_curve
2018-04-03,0.51,us_yield_curve
2018-04-04,0.51,us_yield_curve
2018-04-05,0.53,us_yield_curve
2018-04-06,0.5,us_yield_curve
2018-04-09,0.49,us_yield_curve
2018-04-10,0.48,us_yield_curve
2018-04-11,0.47,us_yield_curve
2018-04-12,0.49,us_yield_curve
2018-04-13,0.45,us_yield_curve
2018-04-16,0.44,us_yield_curve
2018-04-17,0.41,us_yield_curve
2018-04-18,0.45,us_yield_curve
2018-04-19,0.48,us_yield_curve
2018-04-20,0.5,us_yield_curve
2018-04-23,0.49,us_yield_curve
2018-04-24,0.52,us_yield_curve
2018-04-25,0.54,us_yield_curve
2018-04-26,0.51,us_yield_curve
2018-04-27,0.47,us_yield_curve
2018-04-30,0.46,us_yield_curve
2018-05-01,0.47,us_yield_curve
2018-05-02,0.48,us_yield_curve
2018-05-03,0.45,us_yield_curve
2018-05-04,0.44,us_yield_curve
2018-05-07,0.46,us_yield_curve
2018-05-08,0.46,us_yield_curve
2018-05-09,0.46,us_yield_curve
2018-05-10,0.43,us_yield_curve
2018-05-11,0.43,us_yield_curve
2018-05-14,0.45,us_yield_curve
2018-05-15,0.5,us_yield_curve
2018-05-16,0.51,us_yield_curve
2018-05-17,0.54,us_yield_curve
2018-05-18,0.51,us_yield_curve
2018-05-21,0.48,us_yield_curve
2018-05-22,0.47,us_yield_curve
2018-05-23,0.48,us_yield_curve
2018-05-24,0.48,us_yield_curve
2018-05-25,0.45,us_yield_curve
2018-05-28,.,us_yield_curve
2018-05-29,0.45,us_yield_curve
2018-05-30,0.42,us_yield_curve
2018-05-31,0.43,us_yield_curve
2018-06-01,0.42,us_yield_curve
2018-06-04,0.42,us_yield_curve
2018-06-05,0.43,us_yield_curve
2018-06-06,0.45,us_yield_curve
2018-06-07,0.43,us_yield_curve
2018-06-08,0.43,us_yield_curve
2018-06-11,0.44,us_yield_curve
2018-06-12,0.42,us_yield_curve
2018-06-13,0.39,us_yield_curve
2018-06-14,0.35,us_yield_curve
2018-06-15,0.38,us_yield_curve
2018-06-18,0.36,us_yield_curve
2018-06-19,0.35,us_yield_curve
2018-06-20,0.37,us_yield_curve
2018-06-21,0.34,us_yield_curve
2018-06-22,0.34,us_yield_curve
2018-06-25,0.33,us_yield_curve
2018-06-26,0.35,us_yield_curve
2018-06-27,0.31,us_yield_curve
2018-06-28,0.32,us_yield_curve
2018-06-29,0.33,us_yield_curve
2018-07-02,0.3,us_yield_curve
2018-07-03,0.3,us_yield_curve
2018-07-04,.,us_yield_curve
2018-07-05,0.29,us_yield_curve
2018-07-06,0.29,us_yield_curve
2018-07-09,0.29,us_yield_curve
2018-07-10,0.28,us_yield_curve
2018-07-11,0.27,us_yield_curve
2018-07-12,0.25,us_yield_curve
2018-07-13,0.24,us_yield_curve
2018-07-16,0.26,us_yield_curve
2018-07-17,0.24,us_yield_curve
2018-07-18,0.28,us_yield_curve
2018-07-19,0.24,us_yield_curve
2018-07-20,0.29,us_yield_curve
2018-07-23,0.32,us_yield_curve
2018-07-24,0.32,us_yield_curve
2018-07-25,0.28,us_yield_curve
2018-07-26,0.29,us_yield_curve
2018-07-27,0.29,us_yield_curve
2018-07-30,0.32,us_yield_curve
2018-07-31,0.29,us_yield_curve
2018-08-01,0.33,us_yield_curve
2018-08-02,0.32,us_yield_curve
2018-08-03,0.32,us_yield_curve
2018-08-06,0.3,us_yield_curve
2018-08-07,0.3,us_yield_curve
2018-08-08,0.28,us_yield_curve
2018-08-09,0.29,us_yield_curve
2018-08-10,0.26,us_yield_curve
2018-08-13,0.27,us_yield_curve
2018-08-14,0.26,us_yield_curve
2018-08-15,0.25,us_yield_curve
2018-08-16,0.24,us_yield_curve
2018-08-17,0.26,us_yield_curve
2018-08-20,0.22,us_yield_curve
2018-08-21,0.24,us_yield_curve
2018-08-22,0.22,us_yield_curve
2018-08-23,0.21,us_yield_curve
2018-08-24,0.19,us_yield_curve
2018-08-27,0.18,us_yield_curve
2018-08-28,0.21,us_yield_curve
2018-08-29,0.22,us_yield_curve
2018-08-30,0.22,us_yield_curve
2018-08-31,0.24,us_yield_curve
2018-09-03,.,us_yield_curve
2018-09-04,0.24,us_yield_curve
2018-09-05,0.24,us_yield_curve
2018-09-06,0.24,us_yield_curve
2018-09-07,0.23,us_yield_curve
2018-09-10,0.21,us_yield_curve
2018-09-11,0.22,us_yield_curve
2018-09-12,0.23,us_yield_curve
2018-09-13,0.21,us_yield_curve
2018-09-14,0.21,us_yield_curve
2018-09-17,0.21,us_yield_curve
2018-09-18,0.24,us_yield_curve
2018-09-19,0.27,us_yield_curve
2018-09-20,0.26,us_yield_curve
2018-09-21,0.26,us_yield_curve
2018-09-24,0.25,us_yield_curve
2018-09-25,0.27,us_yield_curve
2018-09-26,0.23,us_yield_curve
2018-09-27,0.23,us_yield_curve
2018-09-28,0.24,us_yield_curve
2018-10-01,0.27,us_yield_curve
2018-10-02,0.23,us_yield_curve
2018-10-03,0.3,us_yield_curve
2018-10-04,0.32,us_yield_curve
2018-10-05,0.35,us_yield_curve
2018-10-08,.,us_yield_curve
2018-10-09,0.33,us_yield_curve
2018-10-10,0.34,us_yield_curve
2018-10-11,0.29,us_yield_curve
2018-10-12,0.3,us_yield_curve
2018-10-15,0.31,us_yield_curve
2018-10-16,0.29,us_yield_curve
2018-10-17,0.3,us_yield_curve
2018-10-18,0.3,us_yield_curve
2018-10-19,0.28,us_yield_curve
2018-10-22,0.28,us_yield_curve
2018-10-23,0.28,us_yield_curve
2018-10-24,0.26,us_yield_curve
2018-10-25,0.28,us_yield_curve
2018-10-26,0.27,us_yield_curve
2018-10-29,0.27,us_yield_curve
2018-10-30,0.28,us_yield_curve
2018-10-31,0.28,us_yield_curve
2018-11-01,0.3,us_yield_curve
2018-11-02,0.31,us_yield_curve
2018-11-05,0.29,us_yield_curve
2018-11-06,0.29,us_yield_curve
2018-11-07,0.26,us_yield_curve
2018-11-08,0.26,us_yield_curve
2018-11-09,0.25,us_yield_curve
2018-11-12,.,us_yield_curve
2018-11-13,0.25,us_yield_curve
2018-11-14,0.26,us_yield_curve
2018-11-15,0.25,us_yield_curve
2018-11-16,0.27,us_yield_curve
2018-11-19,0.27,us_yield_curve
2018-11-20,0.27,us_yield_curve
2018-11-21,0.25,us_yield_curve
2018-11-22,.,us_yield_curve
2018-11-23,0.24,us_yield_curve
2018-11-26,0.23,us_yield_curve
2018-11-27,0.23,us_yield_curve
2018-11-28,0.25,us_yield_curve
2018-11-29,0.22,us_yield_curve
2018-11-30,0.21,us_yield_curve
2018-12-03,0.15,us_yield_curve
2018-12-04,0.11,us_yield_curve
2018-12-05,.,us_yield_curve
2018-12-06,0.12,us_yield_curve
2018-12-07,0.13,us_yield_curve
2018-12-10,0.13,us_yield_curve
2018-12-11,0.11,us_yield_curve
2018-12-12,0.14,us_yield_curve
2018-12-13,0.16,us_yield_curve
2018-12-14,0.16,us_yield_curve
2018-12-17,0.16,us_yield_curve
2018-12-18,0.17,us_yield_curve
2018-12-19,0.14,us_yield_curve
2018-12-20,0.12,us_yield_curve
2018-12-21,0.16,us_yield_curve
2018-12-24,0.19,us_yield_curve
2018-12-25,.,us_yield_curve
2018-12-26,0.2,us_yield_curve
2018-12-27,0.21,us_yield_curve
2018-12-28,0.2,us_yield_curve
2018-12-31,0.21,us_yield_curve
2019-01-01,.,us_yield_curve
2019-01-02,0.16,us_yield_curve
2019-01-03,0.17,us_yield_curve
2019-01-04,0.17,us_yield_curve
2019-01-07,0.17,us_yield_curve
2019-01-08,0.15,us_yield_curve
2019-01-09,0.18,us_yield_curve
2019-01-10,0.18,us_yield_curve
2019-01-11,0.16,us_yield_curve
2019-01-14,0.18,us_yield_curve
2019-01-15,0.19,us_yield_curve
2019-01-16,0.18,us_yield_curve
2019-01-17,0.19,us_yield_curve
2019-01-18,0.17,us_yield_curve
2019-01-21,.,us_yield_curve
2019-01-22,0.16,us_yield_curve
2019-01-23,0.18,us_yield_curve
2019-01-24,0.16,us_yield_curve
2019-01-25,0.16,us_yield_curve
2019-01-28,0.15,us_yield_curve
2019-01-29,0.16,us_yield_curve
2019-01-30,0.18,us_yield_curve
2019-01-31,0.18,us_yield_curve
2019-02-01,0.18,us_yield_curve
2019-02-04,0.2,us_yield_curve
2019-02-05,0.18,us_yield_curve
2019-02-06,0.18,us_yield_curve
2019-02-07,0.17,us_yield_curve
2019-02-08,0.18,us_yield_curve
2019-02-11,0.17,us_yield_curve
2019-02-12,0.18,us_yield_curve
2019-02-13,0.18,us_yield_curve
2019-02-14,0.16,us_yield_curve
2019-02-15,0.14,us_yield_curve
2019-02-18,.,us_yield_curve
2019-02-19,0.15,us_yield_curve
2019-02-20,0.15,us_yield_curve
2019-02-21,0.16,us_yield_curve
2019-02-22,0.17,us_yield_curve
2019-02-25,0.16,us_yield_curve
2019-02-26,0.16,us_yield_curve
2019-02-27,0.19,us_yield_curve
2019-02-28,0.21,us_yield_curve
2019-03-01,0.21,us_yield_curve
2019-03-04,0.17,us_yield_curve
2019-03-05,0.17,us_yield_curve
2019-03-06,0.17,us_yield_curve
2019-03-07,0.17,us_yield_curve
2019-03-08,0.17,us_yield_curve
2019-03-11,0.17,us_yield_curve
2019-03-12,0.16,us_yield_curve
2019-03-13,0.16,us_yield_curve
2019-03-14,0.17,us_yield_curve
2019-03-15,0.16,us_yield_curve
2019-03-18,0.15,us_yield_curve
2019-03-19,0.15,us_yield_curve
2019-03-20,0.14,us_yield_curve
2019-03-21,0.13,us_yield_curve
2019-03-22,0.13,us_yield_curve
2019-03-25,0.17,us_yield_curve
2019-03-26,0.17,us_yield_curve
2019-03-27,0.17,us_yield_curve
2019-03-28,0.16,us_yield_curve
2019-03-29,0.14,us_yield_curve
2019-04-01,0.16,us_yield_curve
2019-04-02,0.18,us_yield_curve
2019-04-03,0.19,us_yield_curve
2019-04-04,0.18,us_yield_curve
2019-04-05,0.15,us_yield_curve
2019-04-08,0.16,us_yield_curve
2019-04-09,0.16,us_yield_curve
2019-04-10,0.17,us_yield_curve
2019-04-11,0.16,us_yield_curve
2019-04-12,0.16,us_yield_curve
2019-04-15,0.15,us_yield_curve
2019-04-16,0.19,us_yield_curve
2019-04-17,0.19,us_yield_curve
2019-04-18,0.19,us_yield_curve
2019-04-19,.,us_yield_curve
2019-04-22,0.21,us_yield_curve
2019-04-23,0.21,us_yield_curve
2019-04-24,0.21,us_yield_curve
2019-04-25,0.21,us_yield_curve
2019-04-26,0.23,us_yield_curve
2019-04-29,0.24,us_yield_curve
2019-04-30,0.24,us_yield_curve
2019-05-01,0.21,us_yield_curve
2019-05-02,0.2,us_yield_curve
2019-05-03,0.21,us_yield_curve
2019-05-06,0.2,us_yield_curve
2019-05-07,0.17,us_yield_curve
2019-05-08,0.19,us_yield_curve
2019-05-09,0.19,us_yield_curve
2019-05-10,0.21,us_yield_curve
2019-05-13,0.22,us_yield_curve
2019-05-14,0.22,us_yield_curve
2019-05-15,0.21,us_yield_curve
2019-05-16,0.2,us_yield_curve
2019-05-17,0.19,us_yield_curve
2019-05-20,0.2,us_yield_curve
2019-05-21,0.17,us_yield_curve
2019-05-22,0.16,us_yield_curve
2019-05-23,0.19,us_yield_curve
2019-05-24,0.16,us_yield_curve
2019-05-27,.,us_yield_curve
2019-05-28,0.14,us_yield_curve
2019-05-29,0.16,us_yield_curve
2019-05-30,0.16,us_yield_curve
2019-05-31,0.19,us_yield_curve
2019-06-03,0.25,us_yield_curve
2019-06-04,0.24,us_yield_curve
2019-06-05,0.29,us_yield_curve
2019-06-06,0.24,us_yield_curve
2019-06-07,0.24,us_yield_curve
2019-06-10,0.25,us_yield_curve
2019-06-11,0.22,us_yield_curve
2019-06-12,0.25,us_yield_curve
2019-06-13,0.27,us_yield_curve
2019-06-14,0.25,us_yield_curve
2019-06-17,0.23,us_yield_curve
2019-06-18,0.2,us_yield_curve
2019-06-19,0.29,us_yield_curve
2019-06-20,0.29,us_yield_curve
2019-06-21,0.3,us_yield_curve
2019-06-24,0.3,us_yield_curve
2019-06-25,0.29,us_yield_curve
2019-06-26,0.28,us_yield_curve
2019-06-27,0.27,us_yield_curve
2019-06-28,0.25,us_yield_curve
2019-07-01,0.25,us_yield_curve
2019-07-02,0.21,us_yield_curve
2019-07-03,0.19,us_yield_curve
2019-07-04,.,us_yield_curve
2019-07-05,0.17,us_yield_curve
2019-07-08,0.17,us_yield_curve
2019-07-09,0.15,us_yield_curve
2019-07-10,0.25,us_yield_curve
2019-07-11,0.28,us_yield_curve
2019-07-12,0.28,us_yield_curve
2019-07-15,0.26,us_yield_curve
2019-07-16,0.26,us_yield_curve
2019-07-17,0.23,us_yield_curve
2019-07-18,0.27,us_yield_curve
2019-07-19,0.25,us_yield_curve
2019-07-22,0.25,us_yield_curve
2019-07-23,0.25,us_yield_curve
2019-07-24,0.22,us_yield_curve
2019-07-25,0.22,us_yield_curve
2019-07-26,0.22,us_yield_curve
2019-07-29,0.21,us_yield_curve
2019-07-30,0.21,us_yield_curve
2019-07-31,0.13,us_yield_curve
2019-08-01,0.17,us_yield_curve
2019-08-02,0.14,us_yield_curve
2019-08-05,0.16,us_yield_curve
2019-08-06,0.13,us_yield_curve
2019-08-07,0.12,us_yield_curve
2019-08-08,0.1,us_yield_curve
2019-08-09,0.11,us_yield_curve
2019-08-12,0.07,us_yield_curve
2019-08-13,0.02,us_yield_curve
2019-08-14,0.01,us_yield_curve
2019-08-15,0.04,us_yield_curve
2019-08-16,0.07,us_yield_curve
2019-08-19,0.07,us_yield_curve
2019-08-20,0.05,us_yield_curve
2019-08-21,0.03,us_yield_curve
2019-08-22,0.01,us_yield_curve
2019-08-23,0.01,us_yield_curve
2019-08-26,0.0,us_yield_curve
2019-08-27,-0.04,us_yield_curve
2019-08-28,-0.03,us_yield_curve
2019-08-29,-0.03,us_yield_curve
2019-08-30,0.0,us_yield_curve
2019-09-02,.,us_yield_curve
2019-09-03,0.0,us_yield_curve
2019-09-04,0.04,us_yield_curve
2019-09-05,0.02,us_yield_curve
2019-09-06,0.02,us_yield_curve
2019-09-09,0.05,us_yield_curve
2019-09-10,0.05,us_yield_curve
2019-09-11,0.07,us_yield_curve
2019-09-12,0.07,us_yield_curve
2019-09-13,0.11,us_yield_curve
2019-09-16,0.1,us_yield_curve
2019-09-17,0.09,us_yield_curve
2019-09-18,0.03,us_yield_curve
2019-09-19,0.05,us_yield_curve
2019-09-20,0.05,us_yield_curve
2019-09-23,0.04,us_yield_curve
2019-09-24,0.04,us_yield_curve
2019-09-25,0.05,us_yield_curve
2019-09-26,0.04,us_yield_curve
2019-09-27,0.06,us_yield_curve
2019-09-30,0.05,us_yield_curve
2019-10-01,0.09,us_yield_curve
2019-10-02,0.12,us_yield_curve
2019-10-03,0.15,us_yield_curve
2019-10-04,0.12,us_yield_curve
2019-10-07,0.1,us_yield_curve
2019-10-08,0.12,us_yield_curve
2019-10-09,0.12,us_yield_curve
2019-10-10,0.14,us_yield_curve
2019-10-11,0.13,us_yield_curve
2019-10-14,.,us_yield_curve
2019-10-15,0.16,us_yield_curve
2019-10-16,0.17,us_yield_curve
2019-10-17,0.16,us_yield_curve
2019-10-18,0.18,us_yield_curve
2019-10-21,0.18,us_yield_curve
2019-10-22,0.18,us_yield_curve
2019-10-23,0.19,us_yield_curve
2019-10-24,0.19,us_yield_curve
2019-10-25,0.17,us_yield_curve
2019-10-28,0.21,us_yield_curve
2019-10-29,0.2,us_yield_curve
2019-10-30,0.17,us_yield_curve
2019-10-31,0.17,us_yield_curve
2019-11-01,0.17,us_yield_curve
2019-11-04,0.19,us_yield_curve
2019-11-05,0.23,us_yield_curve
2019-11-06,0.2,us_yield_curve
2019-11-07,0.24,us_yield_curve
2019-11-08,0.26,us_yield_curve
2019-11-11,.,us_yield_curve
2019-11-12,0.26,us_yield_curve
2019-11-13,0.25,us_yield_curve
2019-11-14,0.24,us_yield_curve
2019-11-15,0.23,us_yield_curve
2019-11-18,0.21,us_yield_curve
2019-11-19,0.19,us_yield_curve
2019-11-20,0.17,us_yield_curve
2019-11-21,0.17,us_yield_curve
2019-11-22,0.16,us_yield_curve
2019-11-25,0.15,us_yield_curve
2019-11-26,0.16,us_yield_curve
2019-11-27,0.14,us_yield_curve
2019-11-28,.,us_yield_curve
2019-11-29,0.17,us_yield_curve
2019-12-02,0.22,us_yield_curve
2019-12-03,0.19,us_yield_curve
2019-12-04,0.19,us_yield_curve
2019-12-05,0.22,us_yield_curve
2019-12-06,0.23,us_yield_curve
2019-12-09,0.2,us_yield_curve
2019-12-10,0.2,us_yield_curve
2019-12-11,0.18,us_yield_curve
2019-12-12,0.24,us_yield_curve
2019-12-13,0.21,us_yield_curve
2019-12-16,0.24,us_yield_curve
2019-12-17,0.26,us_yield_curve
2019-12-18,0.29,us_yield_curve
2019-12-19,0.3,us_yield_curve
2019-12-20,0.29,us_yield_curve
2019-12-23,0.29,us_yield_curve
2019-12-24,0.28,us_yield_curve
2019-12-25,.,us_yield_curve
2019-12-26,0.26,us_yield_curve
2019-12-27,0.29,us_yield_curve
2019-12-30,0.32,us_yield_curve
2019-12-31,0.34,us_yield_curve
2020-01-01,.,us_yield_curve
2020-01-02,0.3,us_yield_curve
2020-01-03,0.27,us_yield_curve
2020-01-06,0.27,us_yield_curve
2020-01-07,0.29,us_yield_curve
2020-01-08,0.29,us_yield_curve
2020-01-09,0.27,us_yield_curve
2020-01-10,0.27,us_yield_curve
2020-01-13,0.27,us_yield_curve
2020-01-14,0.24,us_yield_curve
2020-01-15,0.23,us_yield_curve
2020-01-16,0.23,us_yield_curve
2020-01-17,0.26,us_yield_curve
2020-01-20,.,us_yield_curve
2020-01-21,0.25,us_yield_curve
2020-01-22,0.24,us_yield_curve
2020-01-23,0.23,us_yield_curve
2020-01-24,0.21,us_yield_curve
2020-01-27,0.17,us_yield_curve
2020-01-28,0.2,us_yield_curve
2020-01-29,0.18,us_yield_curve
2020-01-30,0.16,us_yield_curve
2020-01-31,0.18,us_yield_curve
2020-02-03,0.18,us_yield_curve
2020-02-04,0.2,us_yield_curve
2020-02-05,0.22,us_yield_curve
2020-02-06,0.21,us_yield_curve
2020-02-07,0.18,us_yield_curve
2020-02-10,0.19,us_yield_curve
2020-02-11,0.18,us_yield_curve
2020-02-12,0.18,us_yield_curve
2020-02-13,0.17,us_yield_curve
2020-02-14,0.17,us_yield_curve
2020-02-17,.,us_yield_curve
2020-02-18,0.14,us_yield_curve
2020-02-19,0.14,us_yield_curve
2020-02-20,0.13,us_yield_curve
2020-02-21,0.12,us_yield_curve
2020-02-24,0.12,us_yield_curve
2020-02-25,0.13,us_yield_curve
2020-02-26,0.17,us_yield_curve
2020-02-27,0.19,us_yield_curve
2020-02-28,0.27,us_yield_curve
2020-03-02,0.26,us_yield_curve
2020-03-03,0.31,us_yield_curve
2020-03-04,0.35,us_yield_curve
2020-03-05,0.33,us_yield_curve
2020-03-06,0.25,us_yield_curve
2020-03-09,0.16,us_yield_curve
2020-03-10,0.26,us_yield_curve
2020-03-11,0.32,us_yield_curve
2020-03-12,0.38,us_yield_curve
2020-03-13,0.45,us_yield_curve
2020-03-16,0.37,us_yield_curve
2020-03-17,0.55,us_yield_curve
2020-03-18,0.64,us_yield_curve
2020-03-19,0.68,us_yield_curve
2020-03-20,0.55,us_yield_curve
2020-03-23,0.48,us_yield_curve
2020-03-24,0.46,us_yield_curve
2020-03-25,0.54,us_yield_curve
2020-03-26,0.53,us_yield_curve
2020-03-27,0.47,us_yield_curve
2020-03-30,0.47,us_yield_curve
2020-03-31,0.47,us_yield_curve
2020-04-01,0.39,us_yield_curve
2020-04-02,0.4,us_yield_curve
2020-04-03,0.39,us_yield_curve
2020-04-06,0.4,us_yield_curve
2020-04-07,0.47,us_yield_curve
2020-04-08,0.5,us_yield_curve
2020-04-09,0.5,us_yield_curve
2020-04-10,.,us_yield_curve
2020-04-13,0.51,us_yield_curve
2020-04-14,0.53,us_yield_curve
2020-04-15,0.43,us_yield_curve
2020-04-16,0.41,us_yield_curve
2020-04-17,0.45,us_yield_curve
2020-04-20,0.43,us_yield_curve
2020-04-21,0.38,us_yield_curve
2020-04-22,0.41,us_yield_curve
2020-04-23,0.39,us_yield_curve
2020-04-24,0.38,us_yield_curve
2020-04-27,0.43,us_yield_curve
2020-04-28,0.42,us_yield_curve
2020-04-29,0.43,us_yield_curve
2020-04-30,0.44,us_yield_curve
2020-05-01,0.44,us_yield_curve
2020-05-04,0.45,us_yield_curve
2020-05-05,0.47,us_yield_curve
2020-05-06,0.55,us_yield_curve
2020-05-07,0.5,us_yield_curve
2020-05-08,0.53,us_yield_curve
2020-05-11,0.56,us_yield_curve
2020-05-12,0.52,us_yield_curve
2020-05-13,0.48,us_yield_curve
2020-05-14,0.47,us_yield_curve
2020-05-15,0.48,us_yield_curve
2020-05-18,0.55,us_yield_curve
2020-05-19,0.53,us_yield_curve
2020-05-20,0.52,us_yield_curve
2020-05-21,0.51,us_yield_curve
2020-05-22,0.49,us_yield_curve
2020-05-25,.,us_yield_curve
2020-05-26,0.51,us_yield_curve
2020-05-27,0.49,us_yield_curve
2020-05-28,0.53,us_yield_curve
2020-05-29,0.49,us_yield_curve
2020-06-01,0.52,us_yield_curve
2020-06-02,0.51,us_yield_curve
2020-06-03,0.58,us_yield_curve
2020-06-04,0.63,us_yield_curve
2020-06-05,0.69,us_yield_curve
2020-06-08,0.66,us_yield_curve
2020-06-09,0.64,us_yield_curve
2020-06-10,0.58,us_yield_curve
2020-06-11,0.47,us_yield_curve
2020-06-12,0.52,us_yield_curve
2020-06-15,0.52,us_yield_curve
2020-06-16,0.54,us_yield_curve
2020-06-17,0.55,us_yield_curve
2020-06-18,0.52,us_yield_curve
2020-06-19,0.51,us_yield_curve
2020-06-22,0.52,us_yield_curve
2020-06-23,0.54,us_yield_curve
2020-06-24,0.5,us_yield_curve
2020-06-25,0.51,us_yield_curve
2020-06-26,0.47,us_yield_curve
2020-06-29,0.48,us_yield_curve
2020-06-30,0.5,us_yield_curve
2020-07-01,0.52,us_yield_curve
2020-07-02,0.52,us_yield_curve
2020-07-03,.,us_yield_curve
2020-07-06,0.53,us_yield_curve
2020-07-07,0.49,us_yield_curve
2020-07-08,0.51,us_yield_curve
2020-07-09,0.46,us_yield_curve
2020-07-10,0.49,us_yield_curve
2020-07-13,0.48,us_yield_curve
2020-07-14,0.49,us_yield_curve
2020-07-15,0.48,us_yield_curve
2020-07-16,0.46,us_yield_curve
2020-07-17,0.5,us_yield_curve
2020-07-20,0.46,us_yield_curve
2020-07-21,0.47,us_yield_curve
2020-07-22,0.46,us_yield_curve
2020-07-23,0.43,us_yield_curve
2020-07-24,0.45,us_yield_curve
2020-07-27,0.47,us_yield_curve
2020-07-28,0.45,us_yield_curve
2020-07-29,0.46,us_yield_curve
2020-07-30,0.44,us_yield_curve
2020-07-31,0.44,us_yield_curve
2020-08-03,0.45,us_yield_curve
2020-08-04,0.41,us_yield_curve
2020-08-05,0.44,us_yield_curve
2020-08-06,0.44,us_yield_curve
2020-08-07,0.44,us_yield_curve
2020-08-10,0.45,us_yield_curve
2020-08-11,0.48,us_yield_curve
2020-08-12,0.53,us_yield_curve
2020-08-13,0.55,us_yield_curve
2020-08-14,0.57,us_yield_curve
2020-08-17,0.55,us_yield_curve
2020-08-18,0.53,us_yield_curve
2020-08-19,0.54,us_yield_curve
2020-08-20,0.52,us_yield_curve
2020-08-21,0.48,us_yield_curve
2020-08-24,0.51,us_yield_curve
2020-08-25,0.54,us_yield_curve
2020-08-26,0.53,us_yield_curve
2020-08-27,0.58,us_yield_curve
2020-08-28,0.6,us_yield_curve
2020-08-31,0.58,us_yield_curve
2020-09-01,0.55,us_yield_curve
2020-09-02,0.52,us_yield_curve
2020-09-03,0.5,us_yield_curve
2020-09-04,0.58,us_yield_curve
2020-09-07,.,us_yield_curve
2020-09-08,0.55,us_yield_curve
2020-09-09,0.57,us_yield_curve
2020-09-10,0.54,us_yield_curve
2020-09-11,0.54,us_yield_curve
2020-09-14,0.54,us_yield_curve
2020-09-15,0.54,us_yield_curve
2020-09-16,0.55,us_yield_curve
2020-09-17,0.56,us_yield_curve
2020-09-18,0.56,us_yield_curve
2020-09-21,0.54,us_yield_curve
2020-09-22,0.55,us_yield_curve
2020-09-23,0.54,us_yield_curve
2020-09-24,0.53,us_yield_curve
2020-09-25,0.54,us_yield_curve
2020-09-28,0.53,us_yield_curve
2020-09-29,0.55,us_yield_curve
2020-09-30,0.56,us_yield_curve
2020-10-01,0.54,us_yield_curve
2020-10-02,0.57,us_yield_curve
2020-10-05,0.64,us_yield_curve
2020-10-06,0.62,us_yield_curve
2020-10-07,0.65,us_yield_curve
2020-10-08,0.65,us_yield_curve
2020-10-09,0.63,us_yield_curve
2020-10-12,.,us_yield_curve
2020-10-13,0.58,us_yield_curve
2020-10-14,0.59,us_yield_curve
2020-10-15,0.6,us_yield_curve
2020-10-16,0.62,us_yield_curve
2020-10-19,0.62,us_yield_curve
2020-10-20,0.67,us_yield_curve
2020-10-21,0.69,us_yield_curve
2020-10-22,0.71,us_yield_curve
2020-10-23,0.67,us_yield_curve
2020-10-26,0.65,us_yield_curve
2020-10-27,0.63,us_yield_curve
2020-10-28,0.63,us_yield_curve
2020-10-29,0.69,us_yield_curve
2020-10-30,0.74,us_yield_curve
2020-11-02,0.71,us_yield_curve
2020-11-03,0.73,us_yield_curve
2020-11-04,0.64,us_yield_curve
2020-11-05,0.65,us_yield_curve
2020-11-06,0.67,us_yield_curve
2020-11-09,0.79,us_yield_curve
2020-11-10,0.79,us_yield_curve
2020-11-11,.,us_yield_curve
2020-11-12,0.71,us_yield_curve
2020-11-13,0.72,us_yield_curve
2020-11-16,0.72,us_yield_curve
2020-11-17,0.69,us_yield_curve
2020-11-18,0.72,us_yield_curve
2020-11-19,0.68,us_yield_curve
2020-11-20,0.67,us_yield_curve
2020-11-23,0.7,us_yield_curve
2020-11-24,0.72,us_yield_curve
2020-11-25,0.71,us_yield_curve
2020-11-26,.,us_yield_curve
2020-11-27,0.68,us_yield_curve
2020-11-30,0.68,us_yield_curve
2020-12-01,0.75,us_yield_curve
2020-12-02,0.79,us_yield_curve
2020-12-03,0.76,us_yield_curve
2020-12-04,0.81,us_yield_curve
2020-12-07,0.8,us_yield_curve
2020-12-08,0.78,us_yield_curve
2020-12-09,0.79,us_yield_curve
2020-12-10,0.78,us_yield_curve
2020-12-11,0.79,us_yield_curve
2020-12-14,0.77,us_yield_curve
2020-12-15,0.81,us_yield_curve
2020-12-16,0.79,us_yield_curve
2020-12-17,0.81,us_yield_curve
2020-12-18,0.82,us_yield_curve
2020-12-21,0.82,us_yield_curve
2020-12-22,0.8,us_yield_curve
2020-12-23,0.83,us_yield_curve
2020-12-24,0.81,us_yield_curve
2020-12-25,.,us_yield_curve
2020-12-28,0.81,us_yield_curve
2020-12-29,0.82,us_yield_curve
2020-12-30,0.81,us_yield_curve
2020-12-31,0.8,us_yield_curve
2021-01-01,.,us_yield_curve
2021-01-04,0.82,us_yield_curve
2021-01-05,0.83,us_yield_curve
2021-01-06,0.9,us_yield_curve
2021-01-07,0.94,us_yield_curve
2021-01-08,0.99,us_yield_curve
2021-01-11,1.01,us_yield_curve
2021-01-12,1.01,us_yield_curve
2021-01-13,0.96,us_yield_curve
2021-01-14,0.99,us_yield_curve
2021-01-15,0.98,us_yield_curve
2021-01-18,.,us_yield_curve
2021-01-19,0.96,us_yield_curve
2021-01-20,0.97,us_yield_curve
2021-01-21,0.99,us_yield_curve
2021-01-22,0.97,us_yield_curve
2021-01-25,0.92,us_yield_curve
2021-01-26,0.94,us_yield_curve
2021-01-27,0.92,us_yield_curve
2021-01-28,0.95,us_yield_curve
2021-01-29,1.0,us_yield_curve
2021-02-01,0.98,us_yield_curve
2021-02-02,1.01,us_yield_curve
2021-02-03,1.04,us_yield_curve
2021-02-04,1.04,us_yield_curve
2021-02-05,1.1,us_yield_curve
2021-02-08,1.08,us_yield_curve
2021-02-09,1.07,us_yield_curve
2021-02-10,1.04,us_yield_curve
2021-02-11,1.05,us_yield_curve
2021-02-12,1.09,us_yield_curve
2021-02-15,.,us_yield_curve
2021-02-16,1.17,us_yield_curve
2021-02-17,1.18,us_yield_curve
2021-02-18,1.18,us_yield_curve
2021-02-19,1.23,us_yield_curve
2021-02-22,1.26,us_yield_curve
2021-02-23,1.26,us_yield_curve
2021-02-24,1.26,us_yield_curve
2021-02-25,1.37,us_yield_curve
2021-02-26,1.3,us_yield_curve
2021-03-01,1.32,us_yield_curve
2021-03-02,1.29,us_yield_curve
2021-03-03,1.33,us_yield_curve
2021-03-04,1.4,us_yield_curve
2021-03-05,1.42,us_yield_curve
2021-03-08,1.42,us_yield_curve
2021-03-09,1.38,us_yield_curve
2021-03-10,1.37,us_yield_curve
2021-03-11,1.4,us_yield_curve
2021-03-12,1.5,us_yield_curve
2021-03-15,1.48,us_yield_curve
2021-03-16,1.47,us_yield_curve
2021-03-17,1.5,us_yield_curve
2021-03-18,1.55,us_yield_curve
2021-03-19,1.58,us_yield_curve
2021-03-22,1.54,us_yield_curve
2021-03-23,1.48,us_yield_curve
2021-03-24,1.48,us_yield_curve
2021-03-25,1.49,us_yield_curve
2021-03-26,1.53,us_yield_curve
2021-03-29,1.59,us_yield_curve
2021-03-30,1.57,us_yield_curve
2021-03-31,1.58,us_yield_curve
2021-04-01,1.52,us_yield_curve
2021-04-02,1.53,us_yield_curve
2021-04-05,1.56,us_yield_curve
2021-04-06,1.51,us_yield_curve
2021-04-07,1.52,us_yield_curve
2021-04-08,1.5,us_yield_curve
2021-04-09,1.51,us_yield_curve
2021-04-12,1.51,us_yield_curve
2021-04-13,1.48,us_yield_curve
2021-04-14,1.48,us_yield_curve
2021-04-15,1.4,us_yield_curve
2021-04-16,1.43,us_yield_curve
2021-04-19,1.45,us_yield_curve
2021-04-20,1.43,us_yield_curve
2021-04-21,1.42,us_yield_curve
2021-04-22,1.41,us_yield_curve
2021-04-23,1.42,us_yield_curve
2021-04-26,1.4,us_yield_curve
2021-04-27,1.46,us_yield_curve
2021-04-28,1.46,us_yield_curve
2021-04-29,1.49,us_yield_curve
2021-04-30,1.49,us_yield_curve
2021-05-03,1.47,us_yield_curve
2021-05-04,1.45,us_yield_curve
2021-05-05,1.43,us_yield_curve
2021-05-06,1.42,us_yield_curve
2021-05-07,1.46,us_yield_curve
2021-05-10,1.47,us_yield_curve
2021-05-11,1.48,us_yield_curve
2021-05-12,1.53,us_yield_curve
2021-05-13,1.5,us_yield_curve
2021-05-14,1.47,us_yield_curve
2021-05-17,1.48,us_yield_curve
2021-05-18,1.48,us_yield_curve
2021-05-19,1.52,us_yield_curve
2021-05-20,1.48,us_yield_curve
2021-05-21,1.46,us_yield_curve
2021-05-24,1.46,us_yield_curve
2021-05-25,1.41,us_yield_curve
2021-05-26,1.44,us_yield_curve
2021-05-27,1.47,us_yield_curve
2021-05-28,1.44,us_yield_curve
2021-05-31,.,us_yield_curve
2021-06-01,1.46,us_yield_curve
2021-06-02,1.46,us_yield_curve
2021-06-03,1.47,us_yield_curve
2021-06-04,1.42,us_yield_curve
2021-06-07,1.41,us_yield_curve
2021-06-08,1.39,us_yield_curve
2021-06-09,1.34,us_yield_curve
2021-06-10,1.31,us_yield_curve
2021-06-11,1.31,us_yield_curve
2021-06-14,1.35,us_yield_curve
2021-06-15,1.35,us_yield_curve
2021-06-16,1.36,us_yield_curve
2021-06-17,1.29,us_yield_curve
2021-06-18,1.19,us_yield_curve
2021-06-21,1.23,us_yield_curve
2021-06-22,1.23,us_yield_curve
2021-06-23,1.24,us_yield_curve
2021-06-24,1.23,us_yield_curve
2021-06-25,1.26,us_yield_curve
2021-06-28,1.24,us_yield_curve
2021-06-29,1.22,us_yield_curve
2021-06-30,1.2,us_yield_curve
2021-07-01,1.23,us_yield_curve
2021-07-02,1.2,us_yield_curve
2021-07-05,.,us_yield_curve
2021-07-06,1.15,us_yield_curve
2021-07-07,1.11,us_yield_curve
2021-07-08,1.11,us_yield_curve
2021-07-09,1.14,us_yield_curve
2021-07-12,1.15,us_yield_curve
2021-07-13,1.16,us_yield_curve
2021-07-14,1.14,us_yield_curve
2021-07-15,1.08,us_yield_curve
2021-07-16,1.06,us_yield_curve
2021-07-19,0.98,us_yield_curve
2021-07-20,1.03,us_yield_curve
2021-07-21,1.08,us_yield_curve
2021-07-22,1.07,us_yield_curve
2021-07-23,1.08,us_yield_curve
2021-07-26,1.07,us_yield_curve
2021-07-27,1.05,us_yield_curve
2021-07-28,1.06,us_yield_curve
2021-07-29,1.08,us_yield_curve
2021-07-30,1.05,us_yield_curve
2021-08-02,1.03,us_yield_curve
2021-08-03,1.02,us_yield_curve
2021-08-04,1.02,us_yield_curve
2021-08-05,1.02,us_yield_curve
2021-08-06,1.1,us_yield_curve
2021-08-09,1.1,us_yield_curve
2021-08-10,1.12,us_yield_curve
2021-08-11,1.12,us_yield_curve
2021-08-12,1.13,us_yield_curve
2021-08-13,1.06,us_yield_curve
2021-08-16,1.05,us_yield_curve
2021-08-17,1.03,us_yield_curve
2021-08-18,1.04,us_yield_curve
2021-08-19,1.02,us_yield_curve
2021-08-20,1.03,us_yield_curve
2021-08-23,1.02,us_yield_curve
2021-08-24,1.05,us_yield_curve
2021-08-25,1.12,us_yield_curve
2021-08-26,1.09,us_yield_curve
2021-08-27,1.09,us_yield_curve
2021-08-30,1.09,us_yield_curve
2021-08-31,1.1,us_yield_curve
2021-09-01,1.11,us_yield_curve
2021-09-02,1.09,us_yield_curve
2021-09-03,1.12,us_yield_curve
2021-09-06,.,us_yield_curve
2021-09-07,1.16,us_yield_curve
2021-09-08,1.13,us_yield_curve
2021-09-09,1.07,us_yield_curve
2021-09-10,1.12,us_yield_curve
2021-09-13,1.12,us_yield_curve
2021-09-14,1.07,us_yield_curve
2021-09-15,1.1,us_yield_curve
2021-09-16,1.11,us_yield_curve
2021-09-17,1.14,us_yield_curve
2021-09-20,1.08,us_yield_curve
2021-09-21,1.11,us_yield_curve
2021-09-22,1.07,us_yield_curve
2021-09-23,1.14,us_yield_curve
2021-09-24,1.18,us_yield_curve
2021-09-27,1.17,us_yield_curve
2021-09-28,1.23,us_yield_curve
2021-09-29,1.25,us_yield_curve
2021-09-30,1.24,us_yield_curve
2021-10-01,1.21,us_yield_curve
2021-10-04,1.22,us_yield_curve
2021-10-05,1.26,us_yield_curve
2021-10-06,1.23,us_yield_curve
2021-10-07,1.26,us_yield_curve
2021-10-08,1.29,us_yield_curve
2021-10-11,.,us_yield_curve
2021-10-12,1.24,us_yield_curve
2021-10-13,1.19,us_yield_curve
2021-10-14,1.16,us_yield_curve
2021-10-15,1.18,us_yield_curve
2021-10-18,1.15,us_yield_curve
2021-10-19,1.24,us_yield_curve
2021-10-20,1.25,us_yield_curve
2021-10-21,1.23,us_yield_curve
2021-10-22,1.18,us_yield_curve
2021-10-25,1.17,us_yield_curve
2021-10-26,1.16,us_yield_curve
2021-10-27,1.04,us_yield_curve
2021-10-28,1.07,us_yield_curve
2021-10-29,1.07,us_yield_curve
2021-11-01,1.08,us_yield_curve
2021-11-02,1.1,us_yield_curve
2021-11-03,1.13,us_yield_curve
2021-11-04,1.12,us_yield_curve
2021-11-05,1.06,us_yield_curve
2021-11-08,1.06,us_yield_curve
2021-11-09,1.05,us_yield_curve
2021-11-10,1.05,us_yield_curve
2021-11-11,.,us_yield_curve
2021-11-12,1.05,us_yield_curve
2021-11-15,1.1,us_yield_curve
2021-11-16,1.09,us_yield_curve
2021-11-17,1.08,us_yield_curve
2021-11-18,1.07,us_yield_curve
2021-11-19,1.02,us_yield_curve
2021-11-22,1.0,us_yield_curve
2021-11-23,1.07,us_yield_curve
2021-11-24,1.0,us_yield_curve
2021-11-25,.,us_yield_curve
2021-11-26,0.98,us_yield_curve
2021-11-29,1.01,us_yield_curve
2021-11-30,0.91,us_yield_curve
2021-12-01,0.87,us_yield_curve
2021-12-02,0.81,us_yield_curve
2021-12-03,0.75,us_yield_curve
2021-12-06,0.78,us_yield_curve
2021-12-07,0.78,us_yield_curve
2021-12-08,0.84,us_yield_curve
2021-12-09,0.79,us_yield_curve
2021-12-10,0.81,us_yield_curve
2021-12-13,0.76,us_yield_curve
2021-12-14,0.77,us_yield_curve
2021-12-15,0.78,us_yield_curve
2021-12-16,0.8,us_yield_curve
2021-12-17,0.75,us_yield_curve
2021-12-20,0.78,us_yield_curve
2021-12-21,0.78,us_yield_curve
2021-12-22,0.78,us_yield_curve
2021-12-23,0.79,us_yield_curve
2021-12-24,.,us_yield_curve
2021-12-27,0.72,us_yield_curve
2021-12-28,0.75,us_yield_curve
2021-12-29,0.8,us_yield_curve
2021-12-30,0.79,us_yield_curve
2021-12-31,0.79,us_yield_curve
2022-01-03,0.85,us_yield_curve
2022-01-04,0.89,us_yield_curve
2022-01-05,0.88,us_yield_curve
2022-01-06,0.85,us_yield_curve
2022-01-07,0.89,us_yield_curve
2022-01-10,0.86,us_yield_curve
2022-01-11,0.85,us_yield_curve
2022-01-12,0.82,us_yield_curve
2022-01-13,0.79,us_yield_curve
2022-01-14,0.79,us_yield_curve
2022-01-17,.,us_yield_curve
2022-01-18,0.81,us_yield_curve
2022-01-19,0.79,us_yield_curve
2022-01-20,0.75,us_yield_curve
2022-01-21,0.74,us_yield_curve
2022-01-24,0.76,us_yield_curve
2022-01-25,0.76,us_yield_curve
2022-01-26,0.72,us_yield_curve
2022-01-27,0.63,us_yield_curve
2022-01-28,0.63,us_yield_curve
2022-01-31,0.61,us_yield_curve
2022-02-01,0.63,us_yield_curve
2022-02-02,0.62,us_yield_curve
2022-02-03,0.63,us_yield_curve
2022-02-04,0.62,us_yield_curve
2022-02-07,0.62,us_yield_curve
2022-02-08,0.61,us_yield_curve
2022-02-09,0.58,us_yield_curve
2022-02-10,0.42,us_yield_curve
2022-02-11,0.42,us_yield_curve
2022-02-14,0.4,us_yield_curve
2022-02-15,0.47,us_yield_curve
2022-02-16,0.51,us_yield_curve
2022-02-17,0.48,us_yield_curve
2022-02-18,0.45,us_yield_curve
2022-02-21,.,us_yield_curve
2022-02-22,0.38,us_yield_curve
2022-02-23,0.41,us_yield_curve
2022-02-24,0.42,us_yield_curve
2022-02-25,0.42,us_yield_curve
2022-02-28,0.39,us_yield_curve
2022-03-01,0.41,us_yield_curve
2022-03-02,0.36,us_yield_curve
2022-03-03,0.33,us_yield_curve
2022-03-04,0.24,us_yield_curve
2022-03-07,0.23,us_yield_curve
2022-03-08,0.23,us_yield_curve
2022-03-09,0.26,us_yield_curve
2022-03-10,0.26,us_yield_curve
2022-03-11,0.25,us_yield_curve
2022-03-14,0.27,us_yield_curve
2022-03-15,0.3,us_yield_curve
2022-03-16,0.24,us_yield_curve
2022-03-17,0.26,us_yield_curve
2022-03-18,0.17,us_yield_curve
2022-03-21,0.18,us_yield_curve
2022-03-22,0.2,us_yield_curve
2022-03-23,0.19,us_yield_curve
2022-03-24,0.21,us_yield_curve
2022-03-25,0.18,us_yield_curve
2022-03-28,0.11,us_yield_curve
2022-03-29,0.06,us_yield_curve
2022-03-30,0.04,us_yield_curve
2022-03-31,0.04,us_yield_curve
2022-04-01,-0.05,us_yield_curve
2022-04-04,-0.01,us_yield_curve
2022-04-05,0.03,us_yield_curve
2022-04-06,0.11,us_yield_curve
2022-04-07,0.19,us_yield_curve
2022-04-08,0.19,us_yield_curve
2022-04-11,0.29,us_yield_curve
2022-04-12,0.33,us_yield_curve
2022-04-13,0.33,us_yield_curve
2022-04-14,0.36,us_yield_curve
2022-04-15,.,us_yield_curve
2022-04-18,0.39,us_yield_curve
2022-04-19,0.32,us_yield_curve
2022-04-20,0.25,us_yield_curve
2022-04-21,0.22,us_yield_curve
2022-04-22,0.18,us_yield_curve
2022-04-25,0.18,us_yield_curve
2022-04-26,0.23,us_yield_curve
2022-04-27,0.24,us_yield_curve
2022-04-28,0.22,us_yield_curve
2022-04-29,0.19,us_yield_curve
2022-05-02,0.26,us_yield_curve
2022-05-03,0.19,us_yield_curve
2022-05-04,0.27,us_yield_curve
2022-05-05,0.34,us_yield_curve
2022-05-06,0.4,us_yield_curve
2022-05-09,0.44,us_yield_curve
2022-05-10,0.37,us_yield_curve
2022-05-11,0.25,us_yield_curve
2022-05-12,0.28,us_yield_curve
2022-05-13,0.32,us_yield_curve
2022-05-16,0.3,us_yield_curve
2022-05-17,0.27,us_yield_curve
2022-05-18,0.21,us_yield_curve
2022-05-19,0.21,us_yield_curve
2022-05-20,0.18,us_yield_curve
2022-05-23,0.21,us_yield_curve
2022-05-24,0.26,us_yield_curve
2022-05-25,0.27,us_yield_curve
2022-05-26,0.29,us_yield_curve
2022-05-27,0.27,us_yield_curve
2022-05-30,.,us_yield_curve
2022-05-31,0.32,us_yield_curve
2022-06-01,0.28,us_yield_curve
2022-06-02,0.27,us_yield_curve
2022-06-03,0.3,us_yield_curve
2022-06-06,0.31,us_yield_curve
2022-06-07,0.23,us_yield_curve
2022-06-08,0.25,us_yield_curve
2022-06-09,0.21,us_yield_curve
2022-06-10,0.09,us_yield_curve
2022-06-13,0.03,us_yield_curve
2022-06-14,0.04,us_yield_curve
2022-06-15,0.13,us_yield_curve
2022-06-16,0.14,us_yield_curve
2022-06-17,0.08,us_yield_curve
2022-06-20,.,us_yield_curve
2022-06-21,0.1,us_yield_curve
2022-06-22,0.1,us_yield_curve
2022-06-23,0.08,us_yield_curve
2022-06-24,0.09,us_yield_curve
2022-06-27,0.12,us_yield_curve
2022-06-28,0.1,us_yield_curve
2022-06-29,0.04,us_yield_curve
2022-06-30,0.06,us_yield_curve
2022-07-01,0.04,us_yield_curve
2022-07-04,.,us_yield_curve
2022-07-05,0.0,us_yield_curve
2022-07-06,-0.04,us_yield_curve
2022-07-07,-0.02,us_yield_curve
2022-07-08,-0.03,us_yield_curve
2022-07-11,-0.08,us_yield_curve
2022-07-12,-0.07,us_yield_curve
2022-07-13,-0.22,us_yield_curve
2022-07-14,-0.19,us_yield_curve
2022-07-15,-0.2,us_yield_curve
2022-07-18,-0.19,us_yield_curve
2022-07-19,-0.22,us_yield_curve
2022-07-20,-0.21,us_yield_curve
2022-07-21,-0.19,us_yield_curve
2022-07-22,-0.21,us_yield_curve
2022-07-25,-0.19,us_yield_curve
2022-07-26,-0.21,us_yield_curve
2022-07-27,-0.18,us_yield_curve
2022-07-28,-0.17,us_yield_curve
2022-07-29,-0.22,us_yield_curve
2022-08-01,-0.3,us_yield_curve
2022-08-02,-0.31,us_yield_curve
2022-08-03,-0.37,us_yield_curve
2022-08-04,-0.35,us_yield_curve
2022-08-05,-0.41,us_yield_curve
2022-08-08,-0.44,us_yield_curve
2022-08-09,-0.48,us_yield_curve
2022-08-10,-0.45,us_yield_curve
2022-08-11,-0.36,us_yield_curve
2022-08-12,-0.41,us_yield_curve
2022-08-15,-0.41,us_yield_curve
2022-08-16,-0.43,us_yield_curve
2022-08-17,-0.39,us_yield_curve
2022-08-18,-0.34,us_yield_curve
2022-08-19,-0.27,us_yield_curve
2022-08-22,-0.29,us_yield_curve
2022-08-23,-0.24,us_yield_curve
2022-08-24,-0.25,us_yield_curve
2022-08-25,-0.32,us_yield_curve
2022-08-26,-0.33,us_yield_curve
2022-08-29,-0.3,us_yield_curve
2022-08-30,-0.35,us_yield_curve
2022-08-31,-0.3,us_yield_curve
2022-09-01,-0.25,us_yield_curve
2022-09-02,-0.2,us_yield_curve
2022-09-05,.,us_yield_curve
2022-09-06,-0.17,us_yield_curve
2022-09-07,-0.18,us_yield_curve
2022-09-08,-0.19,us_yield_curve
2022-09-09,-0.23,us_yield_curve
2022-09-12,-0.21,us_yield_curve
2022-09-13,-0.33,us_yield_curve
2022-09-14,-0.37,us_yield_curve
2022-09-15,-0.42,us_yield_curve
2022-09-16,-0.4,us_yield_curve
2022-09-19,-0.46,us_yield_curve
2022-09-20,-0.39,us_yield_curve
2022-09-21,-0.51,us_yield_curve
2022-09-22,-0.41,us_yield_curve
2022-09-23,-0.51,us_yield_curve
2022-09-26,-0.39,us_yield_curve
2022-09-27,-0.33,us_yield_curve
2022-09-28,-0.35,us_yield_curve
2022-09-29,-0.4,us_yield_curve
2022-09-30,-0.39,us_yield_curve
2022-10-03,-0.45,us_yield_curve
2022-10-04,-0.48,us_yield_curve
2022-10-05,-0.39,us_yield_curve
2022-10-06,-0.4,us_yield_curve
2022-10-07,-0.41,us_yield_curve
2022-10-10,.,us_yield_curve
2022-10-11,-0.37,us_yield_curve
2022-10-12,-0.37,us_yield_curve
2022-10-13,-0.5,us_yield_curve
2022-10-14,-0.48,us_yield_curve
2022-10-17,-0.43,us_yield_curve
2022-10-18,-0.42,us_yield_curve
2022-10-19,-0.41,us_yield_curve
2022-10-20,-0.38,us_yield_curve
2022-10-21,-0.28,us_yield_curve
2022-10-24,-0.25,us_yield_curve
2022-10-25,-0.32,us_yield_curve
2022-10-26,-0.35,us_yield_curve
2022-10-27,-0.34,us_yield_curve
2022-10-28,-0.39,us_yield_curve
2022-10-31,-0.41,us_yield_curve
2022-11-01,-0.47,us_yield_curve
2022-11-02,-0.51,us_yield_curve
2022-11-03,-0.57,us_yield_curve
2022-11-04,-0.49,us_yield_curve
2022-11-07,-0.5,us_yield_curve
2022-11-08,-0.53,us_yield_curve
2022-11-09,-0.49,us_yield_curve
2022-11-10,-0.52,us_yield_curve
2022-11-11,.,us_yield_curve
2022-11-14,-0.52,us_yield_curve
2022-11-15,-0.57,us_yield_curve
2022-11-16,-0.68,us_yield_curve
2022-11-17,-0.66,us_yield_curve
2022-11-18,-0.69,us_yield_curve
2022-11-21,-0.65,us_yield_curve
2022-11-22,-0.71,us_yield_curve
2022-11-23,-0.75,us_yield_curve
2022-11-24,.,us_yield_curve
2022-11-25,-0.74,us_yield_curve
2022-11-28,-0.77,us_yield_curve
2022-11-29,-0.73,us_yield_curve
2022-11-30,-0.7,us_yield_curve
2022-12-01,-0.72,us_yield_curve
2022-12-02,-0.77,us_yield_curve
2022-12-05,-0.81,us_yield_curve
2022-12-06,-0.83,us_yield_curve
2022-12-07,-0.84,us_yield_curve
2022-12-08,-0.83,us_yield_curve
2022-12-09,-0.76,us_yield_curve
2022-12-12,-0.78,us_yield_curve
2022-12-13,-0.71,us_yield_curve
2022-12-14,-0.74,us_yield_curve
2022-12-15,-0.79,us_yield_curve
2022-12-16,-0.69,us_yield_curve
2022-12-19,-0.68,us_yield_curve
2022-12-20,-0.56,us_yield_curve
2022-12-21,-0.53,us_yield_curve
2022-12-22,-0.57,us_yield_curve
2022-12-23,-0.56,us_yield_curve
2022-12-26,.,us_yield_curve
2022-12-27,-0.48,us_yield_curve
2022-12-28,-0.43,us_yield_curve
2022-12-29,-0.51,us_yield_curve
2022-12-30,-0.53,us_yield_curve
2023-01-02,.,us_yield_curve
2023-01-03,-0.61,us_yield_curve
2023-01-04,-0.67,us_yield_curve
2023-01-05,-0.74,us_yield_curve
2023-01-06,-0.69,us_yield_curve
2023-01-09,-0.66,us_yield_curve
2023-01-10,-0.63,us_yield_curve
2023-01-11,-0.66,us_yield_curve
2023-01-12,-0.69,us_yield_curve
2023-01-13,-0.73,us_yield_curve
2023-01-16,.,us_yield_curve
2023-01-17,-0.65,us_yield_curve
2023-01-18,-0.69,us_yield_curve
2023-01-19,-0.7,us_yield_curve
2023-01-20,-0.66,us_yield_curve
2023-01-23,-0.69,us_yield_curve
2023-01-24,-0.66,us_yield_curve
2023-01-25,-0.65,us_yield_curve
2023-01-26,-0.68,us_yield_curve
2023-01-27,-0.67,us_yield_curve
2023-01-30,-0.7,us_yield_curve
2023-01-31,-0.69,us_yield_curve
2023-02-01,-0.7,us_yield_curve
2023-02-02,-0.69,us_yield_curve
2023-02-03,-0.77,us_yield_curve
2023-02-06,-0.81,us_yield_curve
2023-02-07,-0.8,us_yield_curve
2023-02-08,-0.82,us_yield_curve
2023-02-09,-0.81,us_yield_curve
2023-02-10,-0.76,us_yield_curve
2023-02-13,-0.8,us_yield_curve
2023-02-14,-0.83,us_yield_curve
2023-02-15,-0.81,us_yield_curve
2023-02-16,-0.76,us_yield_curve
2023-02-17,-0.78,us_yield_curve
2023-02-20,.,us_yield_curve
2023-02-21,-0.72,us_yield_curve
2023-02-22,-0.73,us_yield_curve
2023-02-23,-0.78,us_yield_curve
2023-02-24,-0.83,us_yield_curve
2023-02-27,-0.86,us_yield_curve
2023-02-28,-0.89,us_yield_curve
2023-03-01,-0.88,us_yield_curve
2023-03-02,-0.81,us_yield_curve
2023-03-03,-0.89,us_yield_curve
2023-03-06,-0.91,us_yield_curve
2023-03-07,-1.03,us_yield_curve
2023-03-08,-1.07,us_yield_curve
2023-03-09,-0.97,us_yield_curve
2023-03-10,-0.9,us_yield_curve
2023-03-13,-0.48,us_yield_curve
2023-03-14,-0.56,us_yield_curve
2023-03-15,-0.42,us_yield_curve
2023-03-16,-0.58,us_yield_curve
2023-03-17,-0.42,us_yield_curve
2023-03-20,-0.45,us_yield_curve
2023-03-21,-0.58,us_yield_curve
2023-03-22,-0.48,us_yield_curve
2023-03-23,-0.38,us_yield_curve
2023-03-24,-0.38,us_yield_curve
2023-03-27,-0.41,us_yield_curve
2023-03-28,-0.47,us_yield_curve
2023-03-29,-0.51,us_yield_curve
2023-03-30,-0.55,us_yield_curve
2023-03-31,-0.58,us_yield_curve
2023-04-03,-0.54,us_yield_curve
2023-04-04,-0.49,us_yield_curve
2023-04-05,-0.49,us_yield_curve
2023-04-06,-0.52,us_yield_curve
2023-04-07,-0.58,us_yield_curve
2023-04-10,-0.59,us_yield_curve
2023-04-11,-0.6,us_yield_curve
2023-04-12,-0.54,us_yield_curve
2023-04-13,-0.51,us_yield_curve
2023-04-14,-0.56,us_yield_curve
2023-04-17,-0.58,us_yield_curve
2023-04-18,-0.61,us_yield_curve
2023-04-19,-0.64,us_yield_curve
2023-04-20,-0.6,us_yield_curve
2023-04-21,-0.6,us_yield_curve
2023-04-24,-0.6,us_yield_curve
2023-04-25,-0.46,us_yield_curve
2023-04-26,-0.47,us_yield_curve
2023-04-27,-0.54,us_yield_curve
2023-04-28,-0.6,us_yield_curve
2023-05-01,-0.55,us_yield_curve
2023-05-02,-0.53,us_yield_curve
2023-05-03,-0.51,us_yield_curve
2023-05-04,-0.38,us_yield_curve
2023-05-05,-0.48,us_yield_curve
2023-05-08,-0.48,us_yield_curve
2023-05-09,-0.48,us_yield_curve
2023-05-10,-0.47,us_yield_curve
2023-05-11,-0.5,us_yield_curve
2023-05-12,-0.52,us_yield_curve
2023-05-15,-0.49,us_yield_curve
2023-05-16,-0.52,us_yield_curve
2023-05-17,-0.55,us_yield_curve
2023-05-18,-0.59,us_yield_curve
2023-05-19,-0.58,us_yield_curve
2023-05-22,-0.57,us_yield_curve
2023-05-23,-0.56,us_yield_curve
2023-05-24,-0.58,us_yield_curve
2023-05-25,-0.67,us_yield_curve
2023-05-26,-0.74,us_yield_curve
2023-05-29,.,us_yield_curve
2023-05-30,-0.77,us_yield_curve
2023-05-31,-0.76,us_yield_curve
2023-06-01,-0.72,us_yield_curve
2023-06-02,-0.81,us_yield_curve
2023-06-05,-0.77,us_yield_curve
2023-06-06,-0.81,us_yield_curve
2023-06-07,-0.77,us_yield_curve
2023-06-08,-0.79,us_yield_curve
2023-06-09,-0.84,us_yield_curve
2023-06-12,-0.82,us_yield_curve
2023-06-13,-0.83,us_yield_curve
2023-06-14,-0.91,us_yield_curve
2023-06-15,-0.9,us_yield_curve
2023-06-16,-0.93,us_yield_curve
2023-06-19,.,us_yield_curve
2023-06-20,-0.94,us_yield_curve
2023-06-21,-0.96,us_yield_curve
2023-06-22,-0.97,us_yield_curve
2023-06-23,-0.97,us_yield_curve
2023-06-26,-0.93,us_yield_curve
2023-06-27,-0.97,us_yield_curve
2023-06-28,-1.0,us_yield_curve
2023-06-29,-1.02,us_yield_curve
2023-06-30,-1.06,us_yield_curve
2023-07-03,-1.08,us_yield_curve
2023-07-04,.,us_yield_curve
2023-07-05,-0.99,us_yield_curve
2023-07-06,-0.94,us_yield_curve
2023-07-07,-0.88,us_yield_curve
2023-07-10,-0.84,us_yield_curve
2023-07-11,-0.89,us_yield_curve
2023-07-12,-0.86,us_yield_curve
2023-07-13,-0.83,us_yield_curve
2023-07-14,-0.91,us_yield_curve
2023-07-17,-0.93,us_yield_curve
2023-07-18,-0.94,us_yield_curve
2023-07-19,-0.99,us_yield_curve
2023-07-20,-0.95,us_yield_curve
2023-07-21,-0.98,us_yield_curve
2023-07-24,-0.95,us_yield_curve
2023-07-25,-0.94,us_yield_curve
2023-07-26,-0.96,us_yield_curve
2023-07-27,-0.9,us_yield_curve
2023-07-28,-0.91,us_yield_curve
2023-07-31,-0.91,us_yield_curve
2023-08-01,-0.87,us_yield_curve
2023-08-02,-0.8,us_yield_curve
2023-08-03,-0.7,us_yield_curve
2023-08-04,-0.73,us_yield_curve
2023-08-07,-0.67,us_yield_curve
2023-08-08,-0.72,us_yield_curve
2023-08-09,-0.79,us_yield_curve
2023-08-10,-0.73,us_yield_curve
2023-08-11,-0.73,us_yield_curve
2023-08-14,-0.77,us_yield_curve
2023-08-15,-0.71,us_yield_curve
2023-08-16,-0.69,us_yield_curve
2023-08-17,-0.64,us_yield_curve
2023-08-18,-0.66,us_yield_curve
2023-08-21,-0.63,us_yield_curve
2023-08-22,-0.68,us_yield_curve
2023-08-23,-0.76,us_yield_curve
2023-08-24,-0.75,us_yield_curve
2023-08-25,-0.78,us_yield_curve
2023-08-28,-0.78,us_yield_curve
2023-08-29,-0.75,us_yield_curve
2023-08-30,-0.78,us_yield_curve
2023-08-31,-0.76,us_yield_curve
2023-09-01,-0.69,us_yield_curve
2023-09-04,.,us_yield_curve
2023-09-05,-0.67,us_yield_curve
2023-09-06,-0.71,us_yield_curve
2023-09-07,-0.67,us_yield_curve
2023-09-08,-0.72,us_yield_curve
2023-09-11,-0.68,us_yield_curve
2023-09-12,-0.71,us_yield_curve
2023-09-13,-0.71,us_yield_curve
2023-09-14,-0.71,us_yield_curve
2023-09-15,-0.69,us_yield_curve
2023-09-18,-0.73,us_yield_curve
2023-09-19,-0.71,us_yield_curve
2023-09-20,-0.77,us_yield_curve
2023-09-21,-0.63,us_yield_curve
2023-09-22,-0.66,us_yield_curve
2023-09-25,-0.54,us_yield_curve
2023-09-26,-0.48,us_yield_curve
2023-09-27,-0.49,us_yield_curve
2023-09-28,-0.45,us_yield_curve
2023-09-29,-0.44,us_yield_curve
2023-10-02,-0.43,us_yield_curve
2023-10-03,-0.34,us_yield_curve
2023-10-04,-0.32,us_yield_curve
2023-10-05,-0.31,us_yield_curve
2023-10-06,-0.3,us_yield_curve
2023-10-09,.,us_yield_curve
2023-10-10,-0.3,us_yield_curve
2023-10-11,-0.41,us_yield_curve
2023-10-12,-0.36,us_yield_curve
2023-10-13,-0.41,us_yield_curve
2023-10-16,-0.38,us_yield_curve
2023-10-17,-0.36,us_yield_curve
2023-10-18,-0.28,us_yield_curve
2023-10-19,-0.16,us_yield_curve
2023-10-20,-0.14,us_yield_curve
2023-10-23,-0.19,us_yield_curve
2023-10-24,-0.19,us_yield_curve
2023-10-25,-0.13,us_yield_curve
2023-10-26,-0.16,us_yield_curve
2023-10-27,-0.15,us_yield_curve
2023-10-30,-0.15,us_yield_curve
2023-10-31,-0.19,us_yield_curve
2023-11-01,-0.18,us_yield_curve
2023-11-02,-0.31,us_yield_curve
2023-11-03,-0.26,us_yield_curve
2023-11-06,-0.26,us_yield_curve
2023-11-07,-0.33,us_yield_curve
2023-11-08,-0.44,us_yield_curve
2023-11-09,-0.41,us_yield_curve
2023-11-10,-0.43,us_yield_curve
2023-11-13,-0.39,us_yield_curve
2023-11-14,-0.36,us_yield_curve
2023-11-15,-0.37,us_yield_curve
2023-11-16,-0.38,us_yield_curve
2023-11-17,-0.44,us_yield_curve
2023-11-20,-0.47,us_yield_curve
2023-11-21,-0.45,us_yield_curve
2023-11-22,-0.47,us_yield_curve
2023-11-23,.,us_yield_curve
2023-11-24,-0.45,us_yield_curve
2023-11-27,-0.45,us_yield_curve
2023-11-28,-0.39,us_yield_curve
2023-11-29,-0.37,us_yield_curve
2023-11-30,-0.36,us_yield_curve
2023-12-01,-0.34,us_yield_curve
2023-12-04,-0.36,us_yield_curve
2023-12-05,-0.39,us_yield_curve
2023-12-06,-0.48,us_yield_curve
2023-12-07,-0.44,us_yield_curve
2023-12-08,-0.48,us_yield_curve
2023-12-11,-0.48,us_yield_curve
2023-12-12,-0.53,us_yield_curve
2023-12-13,-0.42,us_yield_curve
2023-12-14,-0.45,us_yield_curve
2023-12-15,-0.53,us_yield_curve
2023-12-18,-0.48,us_yield_curve
2023-12-19,-0.48,us_yield_curve
2023-12-20,-0.48,us_yield_curve
2023-12-21,-0.44,us_yield_curve
2023-12-22,-0.41,us_yield_curve
2023-12-25,.,us_yield_curve
2023-12-26,-0.37,us_yield_curve
2023-12-27,-0.41,us_yield_curve
2023-12-28,-0.42,us_yield_curve
2023-12-29,-0.35,us_yield_curve
2024-01-01,.,us_yield_curve
2024-01-02,-0.38,us_yield_curve
2024-01-03,-0.42,us_yield_curve
2024-01-04,-0.39,us_yield_curve
2024-01-05,-0.35,us_yield_curve
2024-01-08,-0.35,us_yield_curve
2024-01-09,-0.34,us_yield_curve
2024-01-10,-0.33,us_yield_curve
2024-01-11,-0.28,us_yield_curve
2024-01-12,-0.18,us_yield_curve
2024-01-15,.,us_yield_curve
2024-01-16,-0.15,us_yield_curve
2024-01-17,-0.24,us_yield_curve
2024-01-18,-0.2,us_yield_curve
2024-01-19,-0.24,us_yield_curve
2024-01-22,-0.26,us_yield_curve
2024-01-23,-0.17,us_yield_curve
2024-01-24,-0.16,us_yield_curve
2024-01-25,-0.14,us_yield_curve
2024-01-26,-0.19,us_yield_curve
2024-01-29,-0.21,us_yield_curve
2024-01-30,-0.3,us_yield_curve
2024-01-31,-0.28,us_yield_curve
2024-02-01,-0.33,us_yield_curve
2024-02-02,-0.33,us_yield_curve
2024-02-05,-0.29,us_yield_curve
2024-02-06,-0.3,us_yield_curve
2024-02-07,-0.32,us_yield_curve
2024-02-08,-0.31,us_yield_curve
2024-02-09,-0.31,us_yield_curve
2024-02-12,-0.29,us_yield_curve
2024-02-13,-0.33,us_yield_curve
2024-02-14,-0.29,us_yield_curve
2024-02-15,-0.32,us_yield_curve
2024-02-16,-0.34,us_yield_curve
2024-02-19,.,us_yield_curve
2024-02-20,-0.32,us_yield_curve
2024-02-21,-0.32,us_yield_curve
2024-02-22,-0.36,us_yield_curve
2024-02-23,-0.41,us_yield_curve
2024-02-26,-0.41,us_yield_curve
2024-02-27,-0.39,us_yield_curve
2024-02-28,-0.37,us_yield_curve
2024-02-29,-0.39,us_yield_curve
2024-03-01,-0.35,us_yield_curve
2024-03-04,-0.39,us_yield_curve
2024-03-05,-0.41,us_yield_curve
2024-03-06,-0.44,us_yield_curve
2024-03-07,-0.41,us_yield_curve
2024-03-08,-0.39,us_yield_curve
2024-03-11,-0.41,us_yield_curve
2024-03-12,-0.42,us_yield_curve
2024-03-13,-0.42,us_yield_curve
2024-03-14,-0.39,us_yield_curve
2024-03-15,-0.41,us_yield_curve
2024-03-18,-0.39,us_yield_curve
2024-03-19,-0.38,us_yield_curve
2024-03-20,-0.32,us_yield_curve
2024-03-21,-0.35,us_yield_curve
2024-03-22,-0.37,us_yield_curve
2024-03-25,-0.29,us_yield_curve
2024-03-26,-0.32,us_yield_curve
2024-03-27,-0.34,us_yield_curve
2024-03-28,-0.39,us_yield_curve
2024-03-29,.,us_yield_curve
2024-04-01,-0.39,us_yield_curve
2024-04-02,-0.34,us_yield_curve
2024-04-03,-0.32,us_yield_curve
2024-04-04,-0.34,us_yield_curve
2024-04-05,-0.34,us_yield_curve
2024-04-08,-0.36,us_yield_curve
2024-04-09,-0.38,us_yield_curve
2024-04-10,-0.42,us_yield_curve
2024-04-11,-0.37,us_yield_curve
2024-04-12,-0.38,us_yield_curve
2024-04-15,-0.3,us_yield_curve
2024-04-16,-0.3,us_yield_curve
2024-04-17,-0.34,us_yield_curve
2024-04-18,-0.34,us_yield_curve
2024-04-19,-0.35,us_yield_curve
2024-04-22,-0.35,us_yield_curve
2024-04-23,-0.25,us_yield_curve
2024-04-24,-0.24,us_yield_curve
2024-04-25,-0.26,us_yield_curve
2024-04-26,-0.29,us_yield_curve
2024-04-29,-0.34,us_yield_curve
2024-04-30,-0.35,us_yield_curve
2024-05-01,-0.33,us_yield_curve
2024-05-02,-0.29,us_yield_curve
2024-05-03,-0.31,us_yield_curve
2024-05-06,-0.33,us_yield_curve
2024-05-07,-0.35,us_yield_curve
2024-05-08,-0.36,us_yield_curve
2024-05-09,-0.35,us_yield_curve
2024-05-10,-0.37,us_yield_curve
2024-05-13,-0.37,us_yield_curve
2024-05-14,-0.36,us_yield_curve
2024-05-15,-0.37,us_yield_curve
2024-05-16,-0.4,us_yield_curve
2024-05-17,-0.41,us_yield_curve
2024-05-20,-0.38,us_yield_curve
2024-05-21,-0.41,us_yield_curve
2024-05-22,-0.43,us_yield_curve
2024-05-23,-0.44,us_yield_curve
2024-05-24,-0.47,us_yield_curve
2024-05-27,.,us_yield_curve
2024-05-28,-0.4,us_yield_curve
2024-05-29,-0.35,us_yield_curve
2024-05-30,-0.37,us_yield_curve
2024-05-31,-0.38,us_yield_curve
2024-06-03,-0.41,us_yield_curve
2024-06-04,-0.44,us_yield_curve
2024-06-05,-0.43,us_yield_curve
2024-06-06,-0.44,us_yield_curve
2024-06-07,-0.44,us_yield_curve
2024-06-10,-0.4,us_yield_curve
2024-06-11,-0.42,us_yield_curve
2024-06-12,-0.44,us_yield_curve
2024-06-13,-0.44,us_yield_curve
2024-06-14,-0.47,us_yield_curve
2024-06-17,-0.47,us_yield_curve
2024-06-18,-0.47,us_yield_curve
2024-06-19,.,us_yield_curve
2024-06-20,-0.45,us_yield_curve
2024-06-21,-0.45,us_yield_curve
2024-06-24,-0.46,us_yield_curve
2024-06-25,-0.42,us_yield_curve
2024-06-26,-0.39,us_yield_curve
2024-06-27,-0.41,us_yield_curve
2024-06-28,-0.35,us_yield_curve
2024-07-01,-0.29,us_yield_curve
2024-07-02,-0.31,us_yield_curve
2024-07-03,-0.35,us_yield_curve
2024-07-04,.,us_yield_curve
2024-07-05,-0.32,us_yield_curve
2024-07-08,-0.34,us_yield_curve
2024-07-09,-0.32,us_yield_curve
2024-07-10,-0.34,us_yield_curve
2024-07-11,-0.3,us_yield_curve
2024-07-12,-0.27,us_yield_curve
2024-07-15,-0.21,us_yield_curve
2024-07-16,-0.26,us_yield_curve
2024-07-17,-0.26,us_yield_curve
2024-07-18,-0.26,us_yield_curve
2024-07-19,-0.24,us_yield_curve
2024-07-22,-0.24,us_yield_curve
2024-07-23,-0.15,us_yield_curve
2024-07-24,-0.09,us_yield_curve
2024-07-25,-0.14,us_yield_curve
2024-07-26,-0.16,us_yield_curve
2024-07-29,-0.19,us_yield_curve
2024-07-30,-0.2,us_yield_curve
2024-07-31,-0.2,us_yield_curve
2024-08-01,-0.17,us_yield_curve
2024-08-02,-0.08,us_yield_curve
2024-08-05,-0.11,us_yield_curve
2024-08-06,-0.09,us_yield_curve
2024-08-07,-0.04,us_yield_curve
2024-08-08,-0.05,us_yield_curve
2024-08-09,-0.11,us_yield_curve
2024-08-12,-0.11,us_yield_curve
2024-08-13,-0.08,us_yield_curve
2024-08-14,-0.11,us_yield_curve
2024-08-15,-0.16,us_yield_curve
2024-08-16,-0.17,us_yield_curve
2024-08-19,-0.2,us_yield_curve
2024-08-20,-0.17,us_yield_curve
2024-08-21,-0.13,us_yield_curve
2024-08-22,-0.13,us_yield_curve
2024-08-23,-0.09,us_yield_curve
2024-08-26,-0.09,us_yield_curve
2024-08-27,0.0,us_yield_curve
2024-08-28,0.01,us_yield_curve
2024-08-29,0.0,us_yield_curve
2024-08-30,0.0,us_yield_curve
2024-09-02,.,us_yield_curve
2024-09-03,-0.04,us_yield_curve
2024-09-04,0.01,us_yield_curve
2024-09-05,-0.02,us_yield_curve
2024-09-06,0.06,us_yield_curve
2024-09-09,0.02,us_yield_curve
2024-09-10,0.06,us_yield_curve
2024-09-11,0.03,us_yield_curve
2024-09-12,0.04,us_yield_curve
2024-09-13,0.09,us_yield_curve
2024-09-16,0.07,us_yield_curve
2024-09-17,0.06,us_yield_curve
2024-09-18,0.09,us_yield_curve
2024-09-19,0.14,us_yield_curve
2024-09-20,0.18,us_yield_curve
2024-09-23,0.18,us_yield_curve
2024-09-24,0.25,us_yield_curve
2024-09-25,0.26,us_yield_curve
2024-09-26,0.19,us_yield_curve
2024-09-27,0.2,us_yield_curve
2024-09-30,0.15,us_yield_curve
2024-10-01,0.13,us_yield_curve
2024-10-02,0.16,us_yield_curve
2024-10-03,0.15,us_yield_curve
2024-10-04,0.05,us_yield_curve
2024-10-07,0.04,us_yield_curve
2024-10-08,0.06,us_yield_curve
2024-10-09,0.07,us_yield_curve
2024-10-10,0.11,us_yield_curve
2024-10-11,0.13,us_yield_curve
2024-10-14,.,us_yield_curve
2024-10-15,0.08,us_yield_curve
2024-10-16,0.09,us_yield_curve
2024-10-17,0.13,us_yield_curve
2024-10-18,0.13,us_yield_curve
2024-10-21,0.17,us_yield_curve
2024-10-22,0.17,us_yield_curve
2024-10-23,0.17,us_yield_curve
2024-10-24,0.14,us_yield_curve
2024-10-25,0.14,us_yield_curve
2024-10-28,0.16,us_yield_curve
2024-10-29,0.17,us_yield_curve
2024-10-30,0.14,us_yield_curve
2024-10-31,0.12,us_yield_curve
2024-11-01,0.16,us_yield_curve
2024-11-04,0.14,us_yield_curve
2024-11-05,0.07,us_yield_curve
2024-11-06,0.15,us_yield_curve
2024-11-07,0.1,us_yield_curve
2024-11-08,0.04,us_yield_curve
2024-11-11,.,us_yield_curve
2024-11-12,0.09,us_yield_curve
2024-11-13,0.17,us_yield_curve
2024-11-14,0.09,us_yield_curve
2024-11-15,0.12,us_yield_curve
2024-11-18,0.13,us_yield_curve
2024-11-19,0.12,us_yield_curve
2024-11-20,0.1,us_yield_curve
2024-11-21,0.09,us_yield_curve
2024-11-22,0.04,us_yield_curve
2024-11-25,0.06,us_yield_curve
2024-11-26,0.09,us_yield_curve
2024-11-27,0.06,us_yield_curve
2024-11-28,.,us_yield_curve
2024-11-29,0.05,us_yield_curve
2024-12-02,0.02,us_yield_curve
2024-12-03,0.06,us_yield_curve
2024-12-04,0.06,us_yield_curve
2024-12-05,0.02,us_yield_curve
2024-12-06,0.05,us_yield_curve
2024-12-09,0.07,us_yield_curve
2024-12-10,0.07,us_yield_curve
2024-12-11,0.11,us_yield_curve
2024-12-12,0.14,us_yield_curve
2024-12-13,0.15,us_yield_curve
2024-12-16,0.14,us_yield_curve
2024-12-17,0.15,us_yield_curve
2024-12-18,0.15,us_yield_curve
2024-12-19,0.25,us_yield_curve
2024-12-20,0.22,us_yield_curve
2024-12-23,0.29,us_yield_curve
2024-12-24,0.3,us_yield_curve
2024-12-25,.,us_yield_curve
2024-12-26,0.28,us_yield_curve
2024-12-27,0.31,us_yield_curve
2024-12-30,0.31,us_yield_curve
2024-12-31,0.33,us_yield_curve
2025-01-01,.,us_yield_curve
2025-01-02,0.32,us_yield_curve
2025-01-03,0.32,us_yield_curve
2025-01-06,0.34,us_yield_curve
2025-01-07,0.37,us_yield_curve
2025-01-08,0.39,us_yield_curve
2025-01-09,0.41,us_yield_curve
2025-01-10,0.37,us_yield_curve
2025-01-13,0.39,us_yield_curve
2025-01-14,0.41,us_yield_curve
2025-01-15,0.39,us_yield_curve
2025-01-16,0.38,us_yield_curve
2025-01-17,0.34,us_yield_curve
2025-01-20,.,us_yield_curve
2025-01-21,0.28,us_yield_curve
2025-01-22,0.31,us_yield_curve
2025-01-23,0.36,us_yield_curve
2025-01-24,0.36,us_yield_curve
2025-01-27,0.36,us_yield_curve
2025-01-28,0.36,us_yield_curve
2025-01-29,0.34,us_yield_curve
2025-01-30,0.34,us_yield_curve
2025-01-31,0.36,us_yield_curve
2025-02-03,0.28,us_yield_curve
2025-02-04,0.31,us_yield_curve
2025-02-05,0.26,us_yield_curve
2025-02-06,0.24,us_yield_curve
2025-02-07,0.2,us_yield_curve
2025-02-10,0.23,us_yield_curve
2025-02-11,0.25,us_yield_curve
2025-02-12,0.26,us_yield_curve
2025-02-13,0.21,us_yield_curve
2025-02-14,0.21,us_yield_curve
2025-02-17,.,us_yield_curve
2025-02-18,0.26,us_yield_curve
2025-02-19,0.25,us_yield_curve
2025-02-20,0.22,us_yield_curve
2025-02-21,0.23,us_yield_curve
2025-02-24,0.27,us_yield_curve
2025-02-25,0.23,us_yield_curve
2025-02-26,0.2,us_yield_curve
2025-02-27,0.22,us_yield_curve
2025-02-28,0.25,us_yield_curve
2025-03-03,0.2,us_yield_curve
2025-03-04,0.26,us_yield_curve
2025-03-05,0.29,us_yield_curve
2025-03-06,0.33,us_yield_curve
2025-03-07,0.33,us_yield_curve
2025-03-10,0.33,us_yield_curve
2025-03-11,0.34,us_yield_curve
2025-03-12,0.31,us_yield_curve
2025-03-13,0.33,us_yield_curve
2025-03-14,0.29,us_yield_curve
2025-03-17,0.25,us_yield_curve
2025-03-18,0.25,us_yield_curve
2025-03-19,0.26,us_yield_curve
2025-03-20,0.29,us_yield_curve
2025-03-21,0.31,us_yield_curve
2025-03-24,0.3,us_yield_curve
2025-03-25,0.35,us_yield_curve
2025-03-26,0.37,us_yield_curve
2025-03-27,0.41,us_yield_curve
2025-03-28,0.38,us_yield_curve
2025-03-31,0.34,us_yield_curve
2025-04-01,0.3,us_yield_curve
2025-04-02,0.29,us_yield_curve
2025-04-03,0.35,us_yield_curve
2025-04-04,0.33,us_yield_curve
2025-04-07,0.42,us_yield_curve
2025-04-08,0.55,us_yield_curve
2025-04-09,0.43,us_yield_curve
2025-04-10,0.56,us_yield_curve
2025-04-11,0.52,us_yield_curve
2025-04-14,0.54,us_yield_curve
2025-04-15,0.51,us_yield_curve
2025-04-16,0.52,us_yield_curve
2025-04-17,0.53,us_yield_curve
2025-04-18,.,us_yield_curve
2025-04-21,0.67,us_yield_curve
2025-04-22,0.65,us_yield_curve
2025-04-23,0.59,us_yield_curve
2025-04-24,0.55,us_yield_curve
2025-04-25,0.55,us_yield_curve
2025-04-28,0.56,us_yield_curve
2025-04-29,0.54,us_yield_curve
2025-04-30,0.57,us_yield_curve
2025-05-01,0.55,us_yield_curve
2025-05-02,0.5,us_yield_curve
2025-05-05,0.53,us_yield_curve
2025-05-06,0.52,us_yield_curve
2025-05-07,0.48,us_yield_curve
2025-05-08,0.47,us_yield_curve
2025-05-09,0.49,us_yield_curve
2025-05-12,0.47,us_yield_curve
2025-05-13,0.47,us_yield_curve
2025-05-14,0.48,us_yield_curve
2025-05-15,0.49,us_yield_curve
2025-05-16,0.45,us_yield_curve
2025-05-19,0.49,us_yield_curve
2025-05-20,0.51,us_yield_curve
2025-05-21,0.58,us_yield_curve
2025-05-22,0.54,us_yield_curve
2025-05-23,0.51,us_yield_curve
2025-05-26,.,us_yield_curve
2025-05-27,0.51,us_yield_curve
2025-05-28,0.51,us_yield_curve
2025-05-29,0.51,us_yield_curve
2025-05-30,0.52,us_yield_curve
2025-06-02,0.52,us_yield_curve
2025-06-03,0.5,us_yield_curve
2025-06-04,0.5,us_yield_curve
2025-06-05,0.48,us_yield_curve
2025-06-06,0.47,us_yield_curve
2025-06-09,0.48,us_yield_curve
2025-06-10,0.46,us_yield_curve
2025-06-11,0.47,us_yield_curve
2025-06-12,0.46,us_yield_curve
2025-06-13,0.45,us_yield_curve
2025-06-16,0.49,us_yield_curve
2025-06-17,0.45,us_yield_curve
2025-06-18,0.44,us_yield_curve
2025-06-19,.,us_yield_curve
2025-06-20,0.48,us_yield_curve
2025-06-23,0.5,us_yield_curve
2025-06-24,0.55,us_yield_curve
2025-06-25,0.55,us_yield_curve
2025-06-26,0.56,us_yield_curve
2025-06-27,0.56,us_yield_curve
2025-06-30,0.52,us_yield_curve
2025-07-01,0.48,us_yield_curve
2025-07-02,0.52,us_yield_curve
2025-07-03,0.47,us_yield_curve
2025-07-04,.,us_yield_curve
2025-07-07,0.5,us_yield_curve
2025-07-08,0.52,us_yield_curve
2025-07-09,0.48,us_yield_curve
2025-07-10,0.49,us_yield_curve
2025-07-11,0.53,us_yield_curve
2025-07-14,0.53,us_yield_curve
2025-07-15,0.55,us_yield_curve
2025-07-16,0.58,us_yield_curve
2025-07-17,0.56,us_yield_curve
2025-07-18,0.56,us_yield_curve
2025-07-21,0.53,us_yield_curve
2025-07-22,0.52,us_yield_curve
2025-07-23,0.52,us_yield_curve
2025-07-24,0.52,us_yield_curve
2025-07-25,0.49,us_yield_curve
2025-07-28,0.51,us_yield_curve
2025-07-29,0.48,us_yield_curve
2025-07-30,0.44,us_yield_curve
2025-07-31,0.43,us_yield_curve
2025-08-01,0.54,us_yield_curve
2025-08-04,0.53,us_yield_curve
2025-08-05,0.5,us_yield_curve
2025-08-06,0.53,us_yield_curve
2025-08-07,0.51,us_yield_curve
2025-08-08,0.51,us_yield_curve
2025-08-11,0.51,us_yield_curve
2025-08-12,0.57,us_yield_curve
2025-08-13,0.57,us_yield_curve
2025-08-14,0.55,us_yield_curve
2025-08-15,0.58,us_yield_curve
2025-08-18,0.57,us_yield_curve
2025-08-19,0.55,us_yield_curve
2025-08-20,0.55,us_yield_curve
2025-08-21,0.54,us_yield_curve
2025-08-22,0.58,us_yield_curve
2025-08-25,0.55,us_yield_curve
2025-08-26,0.65,us_yield_curve
2025-08-27,0.65,us_yield_curve
2025-08-28,0.6,us_yield_curve
2025-08-29,0.64,us_yield_curve
2025-09-01,.,us_yield_curve
2025-09-02,0.62,us_yield_curve
2025-09-03,0.61,us_yield_curve
2025-09-04,0.58,us_yield_curve
2025-09-05,0.59,us_yield_curve
2025-09-08,0.56,us_yield_curve
2025-09-09,0.54,us_yield_curve
2025-09-10,0.5,us_yield_curve
2025-09-11,0.49,us_yield_curve
2025-09-12,0.5,us_yield_curve
2025-09-15,0.51,us_yield_curve
2025-09-16,0.53,us_yield_curve
2025-09-17,0.54,us_yield_curve
2025-09-18,0.54,us_yield_curve
2025-09-19,0.57,us_yield_curve
2025-09-22,0.54,us_yield_curve
2025-09-23,0.59,us_yield_curve
2025-09-24,0.59,us_yield_curve
2025-09-25,0.54,us_yield_curve
2025-09-26,0.57,us_yield_curve
2025-09-29,0.52,us_yield_curve
2025-09-30,0.56,us_yield_curve
2025-10-01,0.57,us_yield_curve
2025-10-02,0.55,us_yield_curve
2025-10-03,0.55,us_yield_curve
2025-10-06,0.58,us_yield_curve
2025-10-07,0.57,us_yield_curve
2025-10-08,0.55,us_yield_curve
2025-10-09,0.54,us_yield_curve
2025-10-10,0.53,us_yield_curve
2025-10-13,.,us_yield_curve
2025-10-14,0.55,us_yield_curve
2025-10-15,0.55,us_yield_curve
2025-10-16,0.58,us_yield_curve
2025-10-17,0.56,us_yield_curve
2025-10-20,0.54,us_yield_curve
2025-10-21,0.53,us_yield_curve
2025-10-22,0.52,us_yield_curve
2025-10-23,0.53,us_yield_curve
2025-10-24,0.54,us_yield_curve
2025-10-27,0.53,us_yield_curve
2025-10-28,0.52,us_yield_curve
2025-10-29,0.49,us_yield_curve
2025-10-30,0.5,us_yield_curve
2025-10-31,0.51,us_yield_curve
2025-11-03,0.53,us_yield_curve
2025-11-04,0.52,us_yield_curve
2025-11-05,0.54,us_yield_curve
2025-11-06,0.54,us_yield_curve
2025-11-07,0.56,us_yield_curve
2025-11-10,0.55,us_yield_curve
2025-11-11,.,us_yield_curve
2025-11-12,0.52,us_yield_curve
2025-11-13,0.53,us_yield_curve
2025-11-14,0.52,us_yield_curve
2025-11-17,0.53,us_yield_curve
2025-11-18,0.54,us_yield_curve
2025-11-19,0.55,us_yield_curve
2025-11-20,0.55,us_yield_curve
2025-11-21,0.55,us_yield_curve
2025-11-24,0.58,us_yield_curve
2025-11-25,0.58,us_yield_curve
2025-11-26,0.55,us_yield_curve
2025-11-27,.,us_yield_curve
2025-11-28,0.55,us_yield_curve
2025-12-01,0.55,us_yield_curve
2025-12-02,0.58,us_yield_curve
2025-12-03,0.57,us_yield_curve
2025-12-04,0.59,us_yield_curve
2025-12-05,0.58,us_yield_curve
2025-12-08,0.6,us_yield_curve
2025-12-09,0.57,us_yield_curve
2025-12-10,0.59,us_yield_curve
2025-12-11,0.62,us_yield_curve
2025-12-12,0.67,us_yield_curve
2025-12-15,0.67,us_yield_curve
2025-12-16,0.67,us_yield_curve
2025-12-17,0.67,us_yield_curve
2025-12-18,0.66,us_yield_curve
2025-12-19,0.68,us_yield_curve
2025-12-22,0.73,us_yield_curve
2025-12-23,0.7,us_yield_curve
2025-12-24,0.68,us_yield_curve
2025-12-25,.,us_yield_curve
2025-12-26,0.68,us_yield_curve
2025-12-29,0.67,us_yield_curve
2025-12-30,0.69,us_yield_curve
2025-12-31,0.71,us_yield_curve
2026-01-01,.,us_yield_curve
2026-01-02,0.72,us_yield_curve
2026-01-05,0.71,us_yield_curve
2026-01-06,0.71,us_yield_curve
2026-01-07,0.68,us_yield_curve
2026-01-08,0.7,us_yield_curve
2026-01-09,0.64,us_yield_curve
2026-01-12,0.65,us_yield_curve
2026-01-13,0.65,us_yield_curve
2026-01-14,0.64,us_yield_curve
2026-01-15,0.61,us_yield_curve
2026-01-16,0.65,us_yield_curve
2026-01-19,.,us_yield_curve
2026-01-20,0.7,us_yield_curve
2026-01-21,0.66,us_yield_curve
2026-01-22,0.65,us_yield_curve
2026-01-23,0.64,us_yield_curve
2026-01-26,0.66,us_yield_curve
2026-01-27,0.71,us_yield_curve
2026-01-28,0.7,us_yield_curve
2026-01-29,0.71,us_yield_curve
2026-01-30,0.74,us_yield_curve
2026-02-02,0.72,us_yield_curve
2026-02-03,0.71,us_yield_curve
2026-02-04,0.72,us_yield_curve
2026-02-05,0.74,us_yield_curve
2026-02-06,0.72,us_yield_curve
2026-02-09,0.74,us_yield_curve
2026-02-10,0.71,us_yield_curve
2026-02-11,0.66,us_yield_curve
2026-02-12,0.62,us_yield_curve
2026-02-13,0.64,us_yield_curve
2026-02-16,.,us_yield_curve
2026-02-17,0.62,us_yield_curve
2026-02-18,0.62,us_yield_curve
2026-02-19,0.61,us_yield_curve
2026-02-20,0.6,us_yield_curve
2026-02-23,0.6,us_yield_curve
2026-02-24,0.61,us_yield_curve
2026-02-25,0.6,us_yield_curve
2026-02-26,0.6,us_yield_curve
2026-02-27,0.59,us_yield_curve
2026-03-02,0.58,us_yield_curve
2026-03-03,0.55,us_yield_curve
2026-03-04,0.55,us_yield_curve
2026-03-05,0.56,us_yield_curve
2026-03-06,0.59,us_yield_curve
2026-03-09,0.56,us_yield_curve
2026-03-10,0.58,us_yield_curve
2026-03-11,0.57,us_yield_curve
2026-03-12,0.51,us_yield_curve
2026-03-13,0.55,us_yield_curve
2026-03-16,0.55,us_yield_curve
2026-03-17,0.52,us_yield_curve
2026-03-18,0.5,us_yield_curve
2026-03-19,0.46,us_yield_curve
2026-03-20,0.51,us_yield_curve
2026-03-23,0.51,us_yield_curve
2026-03-24,0.49,us_yield_curve
2026-03-25,0.49,us_yield_curve
2026-03-26,0.46,us_yield_curve
2026-03-27,0.56,us_yield_curve
2026-03-30,0.53,us_yield_curve
2026-03-31,0.51,us_yield_curve
2026-04-01,0.52,us_yield_curve
2026-04-02,0.52,us_yield_curve
2026-04-03,0.51,us_yield_curve
2026-04-06,0.5,us_yield_curve
2026-04-07,0.52,us_yield_curve
2026-04-08,0.5,us_yield_curve
2026-04-09,0.51,us_yield_curve
2026-04-10,0.5,us_yield_curve
2026-04-13,0.52,us_yield_curve
2026-04-14,0.5,us_yield_curve
2026-04-15,0.53,us_yield_curve
2026-04-16,0.54,us_yield_curve
2026-04-17,0.55,us_yield_curve
2026-04-20,0.54,us_yield_curve
2026-04-21,0.52,us_yield_curve
2026-04-22,0.51,us_yield_curve
2026-04-23,0.51,us_yield_curve
2026-04-24,0.53,us_yield_curve
2026-04-27,0.57,us_yield_curve
2026-04-28,0.52,us_yield_curve
2026-04-29,0.5,us_yield_curve
2026-04-30,0.52,us_yield_curve
2026-05-01,0.51,us_yield_curve
2026-05-04,0.5,us_yield_curve
2026-05-05,0.5,us_yield_curve
2026-05-06,0.49,us_yield_curve
2026-05-07,0.49,us_yield_curve
2026-05-08,0.48,us_yield_curve
2026-05-11,0.47,us_yield_curve
2026-05-12,0.46,us_yield_curve
2026-05-13,0.48,us_yield_curve
2026-05-14,0.47,us_yield_curve
2026-05-15,0.5,us_yield_curve
2026-05-18,0.54,us_yield_curve
2026-05-19,0.54,us_yield_curve
2026-05-20,0.53,us_yield_curve
2026-05-21,0.49,us_yield_curve
2026-05-22,0.43,us_yield_curve
2026-05-25,.,us_yield_curve
2026-05-26,0.49,us_yield_curve
2026-05-27,0.48,us_yield_curve
2026-05-28,0.46,us_yield_curve
2026-05-29,0.47,us_yield_curve
2026-06-01,0.42,us_yield_curve
2026-06-02,0.41,us_yield_curve
2026-06-03,0.41,us_yield_curve
2026-06-04,0.42,us_yield_curve
2026-06-05,0.38,us_yield_curve
2026-06-08,0.41,us_yield_curve
2026-06-09,0.4,us_yield_curve
2026-06-10,0.42,us_yield_curve
2026-06-11,0.4,us_yield_curve
2026-06-12,0.39,us_yield_curve
2026-06-15,0.4,us_yield_curve
2026-06-16,0.38,us_yield_curve
2026-06-17,0.29,us_yield_curve
2026-06-18,0.27,us_yield_curve
2026-06-19,.,us_yield_curve
2026-06-22,0.27,us_yield_curve
2026-06-23,0.34,us_yield_curve
2026-06-24,0.3,us_yield_curve
2026-06-25,0.31,us_yield_curve
2026-06-26,0.31,us_yield_curve
2026-06-29,0.28,us_yield_curve
2026-06-30,0.3,us_yield_curve
2026-07-01,0.31,us_yield_curve
2026-07-02,0.35,us_yield_curve
2026-07-03,.,us_yield_curve
2026-07-06,0.35,us_yield_curve
2026-07-07,0.36,us_yield_curve
2026-07-08,0.35,us_yield_curve
2026-07-09,0.38,us_yield_curve
2026-07-10,0.35,us_yield_curve
2026-07-13,0.36,us_yield_curve
2026-07-14,0.4,us_yield_curve
2026-07-15,0.42,us_yield_curve
2026-07-16,0.41,us_yield_curve
2026-07-17,0.37,us_yield_curve
2026-07-20,0.39,us_yield_curve
2026-07-21,0.37,us_yield_curve
2026-07-22,0.36,us_yield_curve
2026-07-23,0.34,us_yield_curve
2026-07-24,0.36,us_yield_curve
2026-07-27,0.34,us_yield_curve
2026-07-28,0.35,us_yield_curve
2026-07-29,0.45,us_yield_curve
2026-07-30,0.45,us_yield_curve
2026-07-31,0.47,us_yield_curve
2026-08-03,0.45,us_yield_curve
2026-08-04,0.43,us_yield_curve
2026-08-05,0.45,us_yield_curve
2026-08-06,0.44,us_yield_curve
2026-08-07,0.46,us_yield_curve
2026-08-10,0.47,us_yield_curve
2026-08-11,0.48,us_yield_curve
2026-08-12,0.48,us_yield_curve
2026-08-13,0.48,us_yield_curve
2026-08-14,0.51,us_yield_curve
2026-08-17,0.53,us_yield_curve
2026-08-18,0.52,us_yield_curve
2026-08-19,0.46,us_yield_curve
2026-08-20,0.5,us_yield_curve
2026-08-21,0.5,us_yield_curve
2026-08-24,0.46,us_yield_curve
2026-08-25,0.47,us_yield_curve
2026-08-26,0.47,us_yield_curve
2026-08-27,0.47,us_yield_curve
2026-08-28,0.39,us_yield_curve
2026-08-31,0.41,us_yield_curve
2026-09-01,0.4,us_yield_curve
2026-09-02,0.4,us_yield_curve
2026-09-03,0.43,us_yield_curve
2026-09-04,0.41,us_yield_curve
2026-09-07,.,us_yield_curve
2026-09-08,0.41,us_yield_curve
2026-09-09,0.4,us_yield_curve
2026-09-10,0.39,us_yield_curve
2026-09-11,0.33,us_yield_curve
2026-09-14,0.32,us_yield_curve
2026-09-15,0.33,us_yield_curve
2026-09-16,0.27,us_yield_curve
2026-09-17,0.27,us_yield_curve
2026-09-18,0.25,us_yield_curve
2026-09-21,0.2,us_yield_curve
2026-09-22,0.25,us_yield_curve
2026-09-23,0.26,us_yield_curve
2026-09-24,0.31,us_yield_curve
2026-09-25,0.36,us_yield_curve
2026-09-28,0.32,us_yield_curve
2026-09-29,0.37,us_yield_curve
2026-09-30,0.41,us_yield_curve
2010-01-01,.,eurusd
2010-01-04,1.4419,eurusd
2010-01-05,1.4402,eurusd
2010-01-06,1.4404,eurusd
2010-01-07,1.4314,eurusd
2010-01-08,1.4357,eurusd
2010-01-11,1.4536,eurusd
2010-01-12,1.4523,eurusd
2010-01-13,1.4492,eurusd
2010-01-14,1.4478,eurusd
2010-01-15,1.4376,eurusd
2010-01-18,.,eurusd
2010-01-19,1.4269,eurusd
2010-01-20,1.4094,eurusd
2010-01-21,1.4106,eurusd
2010-01-22,1.4154,eurusd
2010-01-25,1.4146,eurusd
2010-01-26,1.4063,eurusd
2010-01-27,1.4053,eurusd
2010-01-28,1.3993,eurusd
2010-01-29,1.3870,eurusd
2010-02-01,1.3904,eurusd
2010-02-02,1.3955,eurusd
2010-02-03,1.3907,eurusd
2010-02-04,1.3759,eurusd
2010-02-05,1.3608,eurusd
2010-02-08,1.3699,eurusd
2010-02-09,1.3795,eurusd
2010-02-10,1.3722,eurusd
2010-02-11,1.3640,eurusd
2010-02-12,1.3625,eurusd
2010-02-15,.,eurusd
2010-02-16,1.3742,eurusd
2010-02-17,1.3623,eurusd
2010-02-18,1.3563,eurusd
2010-02-19,1.3538,eurusd
2010-02-22,1.3590,eurusd
2010-02-23,1.3537,eurusd
2010-02-24,1.3576,eurusd
2010-02-25,1.3476,eurusd
2010-02-26,1.3660,eurusd
2010-03-01,1.3516,eurusd
2010-03-02,1.3564,eurusd
2010-03-03,1.3731,eurusd
2010-03-04,1.3571,eurusd
2010-03-05,1.3608,eurusd
2010-03-08,1.3613,eurusd
2010-03-09,1.3586,eurusd
2010-03-10,1.3658,eurusd
2010-03-11,1.3674,eurusd
2010-03-12,1.3753,eurusd
2010-03-15,1.3652,eurusd
2010-03-16,1.3758,eurusd
2010-03-17,1.3739,eurusd
2010-03-18,1.3603,eurusd
2010-03-19,1.3530,eurusd
2010-03-22,1.3531,eurusd
2010-03-23,1.3535,eurusd
2010-03-24,1.3347,eurusd
2010-03-25,1.3344,eurusd
2010-03-26,1.3398,eurusd
2010-03-29,1.3465,eurusd
2010-03-30,1.3409,eurusd
2010-03-31,1.3526,eurusd
2010-04-01,1.3569,eurusd
2010-04-02,1.3487,eurusd
2010-04-05,1.3486,eurusd
2010-04-06,1.3378,eurusd
2010-04-07,1.3364,eurusd
2010-04-08,1.3360,eurusd
2010-04-09,1.3468,eurusd
2010-04-12,1.3587,eurusd
2010-04-13,1.3592,eurusd
2010-04-14,1.3666,eurusd
2010-04-15,1.3540,eurusd
2010-04-16,1.3487,eurusd
2010-04-19,1.3458,eurusd
2010-04-20,1.3446,eurusd
2010-04-21,1.3383,eurusd
2010-04-22,1.3298,eurusd
2010-04-23,1.3360,eurusd
2010-04-26,1.3336,eurusd
2010-04-27,1.3230,eurusd
2010-04-28,1.3130,eurusd
2010-04-29,1.3243,eurusd
2010-04-30,1.3302,eurusd
2010-05-03,1.3183,eurusd
2010-05-04,1.3037,eurusd
2010-05-05,1.2890,eurusd
2010-05-06,1.2689,eurusd
2010-05-07,1.2721,eurusd
2010-05-10,1.2861,eurusd
2010-05-11,1.2715,eurusd
2010-05-12,1.2642,eurusd
2010-05-13,1.2568,eurusd
2010-05-14,1.2390,eurusd
2010-05-17,1.2299,eurusd
2010-05-18,1.2358,eurusd
2010-05-19,1.2317,eurusd
2010-05-20,1.2370,eurusd
2010-05-21,1.2575,eurusd
2010-05-24,1.2406,eurusd
2010-05-25,1.2279,eurusd
2010-05-26,1.2224,eurusd
2010-05-27,1.2370,eurusd
2010-05-28,1.2369,eurusd
2010-05-31,.,eurusd
2010-06-01,1.2266,eurusd
2010-06-02,1.2206,eurusd
2010-06-03,1.2193,eurusd
2010-06-04,1.1998,eurusd
2010-06-07,1.1959,eurusd
2010-06-08,1.1995,eurusd
2010-06-09,1.2045,eurusd
2010-06-10,1.2111,eurusd
2010-06-11,1.2077,eurusd
2010-06-14,1.2277,eurusd
2010-06-15,1.2327,eurusd
2010-06-16,1.2323,eurusd
2010-06-17,1.2365,eurusd
2010-06-18,1.2360,eurusd
2010-06-21,1.2385,eurusd
2010-06-22,1.2303,eurusd
2010-06-23,1.2310,eurusd
2010-06-24,1.2288,eurusd
2010-06-25,1.2332,eurusd
2010-06-28,1.2316,eurusd
2010-06-29,1.2187,eurusd
2010-06-30,1.2291,eurusd
2010-07-01,1.2464,eurusd
2010-07-02,1.2577,eurusd
2010-07-05,.,eurusd
2010-07-06,1.2646,eurusd
2010-07-07,1.2594,eurusd
2010-07-08,1.2683,eurusd
2010-07-09,1.2639,eurusd
2010-07-12,1.2573,eurusd
2010-07-13,1.2719,eurusd
2010-07-14,1.2755,eurusd
2010-07-15,1.2893,eurusd
2010-07-16,1.2919,eurusd
2010-07-19,1.2963,eurusd
2010-07-20,1.2905,eurusd
2010-07-21,1.2818,eurusd
2010-07-22,1.2903,eurusd
2010-07-23,1.2874,eurusd
2010-07-26,1.2983,eurusd
2010-07-27,1.2983,eurusd
2010-07-28,1.2998,eurusd
2010-07-29,1.3064,eurusd
2010-07-30,1.3069,eurusd
2010-08-02,1.3174,eurusd
2010-08-03,1.3239,eurusd
2010-08-04,1.3158,eurusd
2010-08-05,1.3157,eurusd
2010-08-06,1.3282,eurusd
2010-08-09,1.3241,eurusd
2010-08-10,1.3095,eurusd
2010-08-11,1.2899,eurusd
2010-08-12,1.2866,eurusd
2010-08-13,1.2767,eurusd
2010-08-16,1.2838,eurusd
2010-08-17,1.2890,eurusd
2010-08-18,1.2872,eurusd
2010-08-19,1.2837,eurusd
2010-08-20,1.2687,eurusd
2010-08-23,1.2663,eurusd
2010-08-24,1.2675,eurusd
2010-08-25,1.2652,eurusd
2010-08-26,1.2717,eurusd
2010-08-27,1.2765,eurusd
2010-08-30,1.2686,eurusd
2010-08-31,1.2704,eurusd
2010-09-01,1.2813,eurusd
2010-09-02,1.2824,eurusd
2010-09-03,1.2885,eurusd
2010-09-06,.,eurusd
2010-09-07,1.2723,eurusd
2010-09-08,1.2727,eurusd
2010-09-09,1.2708,eurusd
2010-09-10,1.2731,eurusd
2010-09-13,1.2890,eurusd
2010-09-14,1.3014,eurusd
2010-09-15,1.3008,eurusd
2010-09-16,1.3079,eurusd
2010-09-17,1.3046,eurusd
2010-09-20,1.3074,eurusd
2010-09-21,1.3136,eurusd
2010-09-22,1.3385,eurusd
2010-09-23,1.3344,eurusd
2010-09-24,1.3476,eurusd
2010-09-27,1.3475,eurusd
2010-09-28,1.3583,eurusd
2010-09-29,1.3638,eurusd
2010-09-30,1.3601,eurusd
2010-10-01,1.3754,eurusd
2010-10-04,1.3688,eurusd
2010-10-05,1.3834,eurusd
2010-10-06,1.3924,eurusd
2010-10-07,1.3921,eurusd
2010-10-08,1.3923,eurusd
2010-10-11,.,eurusd
2010-10-12,1.3846,eurusd
2010-10-13,1.3964,eurusd
2010-10-14,1.4066,eurusd
2010-10-15,1.3998,eurusd
2010-10-18,1.3978,eurusd
2010-10-19,1.3827,eurusd
2010-10-20,1.3949,eurusd
2010-10-21,1.3973,eurusd
2010-10-22,1.3904,eurusd
2010-10-25,1.3986,eurusd
2010-10-26,1.3873,eurusd
2010-10-27,1.3788,eurusd
2010-10-28,1.3929,eurusd
2010-10-29,1.3894,eurusd
2010-11-01,1.3888,eurusd
2010-11-02,1.4026,eurusd
2010-11-03,1.4014,eurusd
2010-11-04,1.4224,eurusd
2010-11-05,1.4033,eurusd
2010-11-08,1.3927,eurusd
2010-11-09,1.3865,eurusd
2010-11-10,1.3728,eurusd
2010-11-11,.,eurusd
2010-11-12,1.3700,eurusd
2010-11-15,1.3615,eurusd
2010-11-16,1.3517,eurusd
2010-11-17,1.3555,eurusd
2010-11-18,1.3618,eurusd
2010-11-19,1.3654,eurusd
2010-11-22,1.3612,eurusd
2010-11-23,1.3388,eurusd
2010-11-24,1.3350,eurusd
2010-11-25,.,eurusd
2010-11-26,1.3243,eurusd
2010-11-29,1.3092,eurusd
2010-11-30,1.3036,eurusd
2010-12-01,1.3149,eurusd
2010-12-02,1.3228,eurusd
2010-12-03,1.3367,eurusd
2010-12-06,1.3275,eurusd
2010-12-07,1.3323,eurusd
2010-12-08,1.3242,eurusd
2010-12-09,1.3206,eurusd
2010-12-10,1.3242,eurusd
2010-12-13,1.3389,eurusd
2010-12-14,1.3395,eurusd
2010-12-15,1.3306,eurusd
2010-12-16,1.3206,eurusd
2010-12-17,1.3155,eurusd
2010-12-20,1.3124,eurusd
2010-12-21,1.3131,eurusd
2010-12-22,1.3089,eurusd
2010-12-23,1.3101,eurusd
2010-12-24,.,eurusd
2010-12-27,1.3146,eurusd
2010-12-28,1.3122,eurusd
2010-12-29,1.3183,eurusd
2010-12-30,1.3269,eurusd
2010-12-31,.,eurusd
2011-01-03,1.3371,eurusd
2011-01-04,1.3306,eurusd
2011-01-05,1.3171,eurusd
2011-01-06,1.3027,eurusd
2011-01-07,1.2944,eurusd
2011-01-10,1.2945,eurusd
2011-01-11,1.2978,eurusd
2011-01-12,1.3066,eurusd
2011-01-13,1.3364,eurusd
2011-01-14,1.3328,eurusd
2011-01-17,.,eurusd
2011-01-18,1.3399,eurusd
2011-01-19,1.3495,eurusd
2011-01-20,1.3443,eurusd
2011-01-21,1.3581,eurusd
2011-01-24,1.3653,eurusd
2011-01-25,1.3644,eurusd
2011-01-26,1.3688,eurusd
2011-01-27,1.3688,eurusd
2011-01-28,1.3607,eurusd
2011-01-31,1.3715,eurusd
2011-02-01,1.3793,eurusd
2011-02-02,1.3779,eurusd
2011-02-03,1.3654,eurusd
2011-02-04,1.3584,eurusd
2011-02-07,1.3557,eurusd
2011-02-08,1.3687,eurusd
2011-02-09,1.3688,eurusd
2011-02-10,1.3637,eurusd
2011-02-11,1.3520,eurusd
2011-02-14,1.3474,eurusd
2011-02-15,1.3494,eurusd
2011-02-16,1.3547,eurusd
2011-02-17,1.3612,eurusd
2011-02-18,1.3673,eurusd
2011-02-21,.,eurusd
2011-02-22,1.3661,eurusd
2011-02-23,1.3758,eurusd
2011-02-24,1.3794,eurusd
2011-02-25,1.3757,eurusd
2011-02-28,1.3793,eurusd
2011-03-01,1.3813,eurusd
2011-03-02,1.3869,eurusd
2011-03-03,1.3947,eurusd
2011-03-04,1.3983,eurusd
2011-03-07,1.3976,eurusd
2011-03-08,1.3912,eurusd
2011-03-09,1.3906,eurusd
2011-03-10,1.3823,eurusd
2011-03-11,1.3864,eurusd
2011-03-14,1.3975,eurusd
2011-03-15,1.3968,eurusd
2011-03-16,1.3922,eurusd
2011-03-17,1.4021,eurusd
2011-03-18,1.4141,eurusd
2011-03-21,1.4184,eurusd
2011-03-22,1.4212,eurusd
2011-03-23,1.4124,eurusd
2011-03-24,1.4200,eurusd
2011-03-25,1.4144,eurusd
2011-03-28,1.4104,eurusd
2011-03-29,1.4090,eurusd
2011-03-30,1.4095,eurusd
2011-03-31,1.4183,eurusd
2011-04-01,1.4215,eurusd
2011-04-04,1.4221,eurusd
2011-04-05,1.4230,eurusd
2011-04-06,1.4333,eurusd
2011-04-07,1.4287,eurusd
2011-04-08,1.4437,eurusd
2011-04-11,1.4454,eurusd
2011-04-12,1.4455,eurusd
2011-04-13,1.4477,eurusd
2011-04-14,1.4464,eurusd
2011-04-15,1.4443,eurusd
2011-04-18,1.4211,eurusd
2011-04-19,1.4319,eurusd
2011-04-20,1.4513,eurusd
2011-04-21,1.4585,eurusd
2011-04-22,1.4545,eurusd
2011-04-25,1.4576,eurusd
2011-04-26,1.4625,eurusd
2011-04-27,1.4659,eurusd
2011-04-28,1.4785,eurusd
2011-04-29,1.4821,eurusd
2011-05-02,1.4870,eurusd
2011-05-03,1.4875,eurusd
2011-05-04,1.4859,eurusd
2011-05-05,1.4583,eurusd
2011-05-06,1.4495,eurusd
2011-05-09,1.4301,eurusd
2011-05-10,1.4358,eurusd
2011-05-11,1.4269,eurusd
2011-05-12,1.4229,eurusd
2011-05-13,1.4141,eurusd
2011-05-16,1.4219,eurusd
2011-05-17,1.4155,eurusd
2011-05-18,1.4270,eurusd
2011-05-19,1.4254,eurusd
2011-05-20,1.4172,eurusd
2011-05-23,1.4015,eurusd
2011-05-24,1.4107,eurusd
2011-05-25,1.4102,eurusd
2011-05-26,1.4088,eurusd
2011-05-27,1.4287,eurusd
2011-05-30,.,eurusd
2011-05-31,1.4376,eurusd
2011-06-01,1.4431,eurusd
2011-06-02,1.4426,eurusd
2011-06-03,1.4604,eurusd
2011-06-06,1.4620,eurusd
2011-06-07,1.4675,eurusd
2011-06-08,1.4587,eurusd
2011-06-09,1.4534,eurusd
2011-06-10,1.4365,eurusd
2011-06-13,1.4368,eurusd
2011-06-14,1.4473,eurusd
2011-06-15,1.4221,eurusd
2011-06-16,1.4155,eurusd
2011-06-17,1.4326,eurusd
2011-06-20,1.4320,eurusd
2011-06-21,1.4399,eurusd
2011-06-22,1.4403,eurusd
2011-06-23,1.4166,eurusd
2011-06-24,1.4189,eurusd
2011-06-27,1.4282,eurusd
2011-06-28,1.4368,eurusd
2011-06-29,1.4428,eurusd
2011-06-30,1.4523,eurusd
2011-07-01,1.4508,eurusd
2011-07-04,.,eurusd
2011-07-05,1.4470,eurusd
2011-07-06,1.4329,eurusd
2011-07-07,1.4349,eurusd
2011-07-08,1.4251,eurusd
2011-07-11,1.4034,eurusd
2011-07-12,1.4014,eurusd
2011-07-13,1.4167,eurusd
2011-07-14,1.4182,eurusd
2011-07-15,1.4156,eurusd
2011-07-18,1.4042,eurusd
2011-07-19,1.4156,eurusd
2011-07-20,1.4188,eurusd
2011-07-21,1.4372,eurusd
2011-07-22,1.4366,eurusd
2011-07-25,1.4357,eurusd
2011-07-26,1.4495,eurusd
2011-07-27,1.4373,eurusd
2011-07-28,1.4303,eurusd
2011-07-29,1.4388,eurusd
2011-08-01,1.4202,eurusd
2011-08-02,1.4232,eurusd
2011-08-03,1.4320,eurusd
2011-08-04,1.4158,eurusd
2011-08-05,1.4158,eurusd
2011-08-08,1.4241,eurusd
2011-08-09,1.4242,eurusd
2011-08-10,1.4193,eurusd
2011-08-11,1.4230,eurusd
2011-08-12,1.4239,eurusd
2011-08-15,1.4452,eurusd
2011-08-16,1.4421,eurusd
2011-08-17,1.4436,eurusd
2011-08-18,1.4320,eurusd
2011-08-19,1.4408,eurusd
2011-08-22,1.4384,eurusd
2011-08-23,1.4431,eurusd
2011-08-24,1.4402,eurusd
2011-08-25,1.4380,eurusd
2011-08-26,1.4463,eurusd
2011-08-29,1.4510,eurusd
2011-08-30,1.4435,eurusd
2011-08-31,1.4406,eurusd
2011-09-01,1.4283,eurusd
2011-09-02,1.4203,eurusd
2011-09-05,.,eurusd
2011-09-06,1.3999,eurusd
2011-09-07,1.4058,eurusd
2011-09-08,1.3947,eurusd
2011-09-09,1.3666,eurusd
2011-09-12,1.3635,eurusd
2011-09-13,1.3680,eurusd
2011-09-14,1.3710,eurusd
2011-09-15,1.3858,eurusd
2011-09-16,1.3783,eurusd
2011-09-19,1.3636,eurusd
2011-09-20,1.3697,eurusd
2011-09-21,1.3724,eurusd
2011-09-22,1.3446,eurusd
2011-09-23,1.3518,eurusd
2011-09-26,1.3516,eurusd
2011-09-27,1.3606,eurusd
2011-09-28,1.3628,eurusd
2011-09-29,1.3639,eurusd
2011-09-30,1.3449,eurusd
2011-10-03,1.3281,eurusd
2011-10-04,1.3294,eurusd
2011-10-05,1.3328,eurusd
2011-10-06,1.3408,eurusd
2011-10-07,1.3512,eurusd
2011-10-10,.,eurusd
2011-10-11,1.3657,eurusd
2011-10-12,1.3805,eurusd
2011-10-13,1.3730,eurusd
2011-10-14,1.3861,eurusd
2011-10-17,1.3770,eurusd
2011-10-18,1.3719,eurusd
2011-10-19,1.3775,eurusd
2011-10-20,1.3672,eurusd
2011-10-21,1.3873,eurusd
2011-10-24,1.3932,eurusd
2011-10-25,1.3911,eurusd
2011-10-26,1.3838,eurusd
2011-10-27,1.4172,eurusd
2011-10-28,1.4164,eurusd
2011-10-31,1.3947,eurusd
2011-11-01,1.3676,eurusd
2011-11-02,1.3803,eurusd
2011-11-03,1.3744,eurusd
2011-11-04,1.3761,eurusd
2011-11-07,1.3744,eurusd
2011-11-08,1.3785,eurusd
2011-11-09,1.3596,eurusd
2011-11-10,1.3600,eurusd
2011-11-11,.,eurusd
2011-11-14,1.3625,eurusd
2011-11-15,1.3524,eurusd
2011-11-16,1.3505,eurusd
2011-11-17,1.3522,eurusd
2011-11-18,1.3521,eurusd
2011-11-21,1.3525,eurusd
2011-11-22,1.3500,eurusd
2011-11-23,1.3347,eurusd
2011-11-24,.,eurusd
2011-11-25,1.3244,eurusd
2011-11-28,1.3334,eurusd
2011-11-29,1.3343,eurusd
2011-11-30,1.3453,eurusd
2011-12-01,1.3487,eurusd
2011-12-02,1.3386,eurusd
2011-12-05,1.3463,eurusd
2011-12-06,1.3397,eurusd
2011-12-07,1.3386,eurusd
2011-12-08,1.3324,eurusd
2011-12-09,1.3368,eurusd
2011-12-12,1.3188,eurusd
2011-12-13,1.3094,eurusd
2011-12-14,1.2972,eurusd
2011-12-15,1.3013,eurusd
2011-12-16,1.3025,eurusd
2011-12-19,1.3017,eurusd
2011-12-20,1.3076,eurusd
2011-12-21,1.3040,eurusd
2011-12-22,1.3045,eurusd
2011-12-23,1.3040,eurusd
2011-12-26,.,eurusd
2011-12-27,1.3074,eurusd
2011-12-28,1.2926,eurusd
2011-12-29,1.2952,eurusd
2011-12-30,1.2973,eurusd
2012-01-02,.,eurusd
2012-01-03,1.3061,eurusd
2012-01-04,1.2930,eurusd
2012-01-05,1.2783,eurusd
2012-01-06,1.2723,eurusd
2012-01-09,1.2745,eurusd
2012-01-10,1.2782,eurusd
2012-01-11,1.2686,eurusd
2012-01-12,1.2818,eurusd
2012-01-13,1.2682,eurusd
2012-01-16,.,eurusd
2012-01-17,1.2740,eurusd
2012-01-18,1.2825,eurusd
2012-01-19,1.2937,eurusd
2012-01-20,1.2948,eurusd
2012-01-23,1.3035,eurusd
2012-01-24,1.3004,eurusd
2012-01-25,1.2978,eurusd
2012-01-26,1.3152,eurusd
2012-01-27,1.3192,eurusd
2012-01-30,1.3123,eurusd
2012-01-31,1.3053,eurusd
2012-02-01,1.3179,eurusd
2012-02-02,1.3167,eurusd
2012-02-03,1.3106,eurusd
2012-02-06,1.3130,eurusd
2012-02-07,1.3244,eurusd
2012-02-08,1.3253,eurusd
2012-02-09,1.3297,eurusd
2012-02-10,1.3187,eurusd
2012-02-13,1.3211,eurusd
2012-02-14,1.3149,eurusd
2012-02-15,1.3087,eurusd
2012-02-16,1.3110,eurusd
2012-02-17,1.3149,eurusd
2012-02-20,.,eurusd
2012-02-21,1.3255,eurusd
2012-02-22,1.3251,eurusd
2012-02-23,1.3308,eurusd
2012-02-24,1.3463,eurusd
2012-02-27,1.3410,eurusd
2012-02-28,1.3452,eurusd
2012-02-29,1.3359,eurusd
2012-03-01,1.3320,eurusd
2012-03-02,1.3202,eurusd
2012-03-05,1.3226,eurusd
2012-03-06,1.3114,eurusd
2012-03-07,1.3149,eurusd
2012-03-08,1.3256,eurusd
2012-03-09,1.3108,eurusd
2012-03-12,1.3141,eurusd
2012-03-13,1.3109,eurusd
2012-03-14,1.3025,eurusd
2012-03-15,1.3070,eurusd
2012-03-16,1.3171,eurusd
2012-03-19,1.3242,eurusd
2012-03-20,1.3222,eurusd
2012-03-21,1.3190,eurusd
2012-03-22,1.3194,eurusd
2012-03-23,1.3263,eurusd
2012-03-26,1.3328,eurusd
2012-03-27,1.3336,eurusd
2012-03-28,1.3300,eurusd
2012-03-29,1.3265,eurusd
2012-03-30,1.3334,eurusd
2012-04-02,1.3325,eurusd
2012-04-03,1.3337,eurusd
2012-04-04,1.3126,eurusd
2012-04-05,1.3064,eurusd
2012-04-06,1.3089,eurusd
2012-04-09,1.3087,eurusd
2012-04-10,1.3068,eurusd
2012-04-11,1.3104,eurusd
2012-04-12,1.3171,eurusd
2012-04-13,1.3082,eurusd
2012-04-16,1.3067,eurusd
2012-04-17,1.3123,eurusd
2012-04-18,1.3122,eurusd
2012-04-19,1.3132,eurusd
2012-04-20,1.3212,eurusd
2012-04-23,1.3129,eurusd
2012-04-24,1.3207,eurusd
2012-04-25,1.3210,eurusd
2012-04-26,1.3232,eurusd
2012-04-27,1.3248,eurusd
2012-04-30,1.3229,eurusd
2012-05-01,1.3226,eurusd
2012-05-02,1.3154,eurusd
2012-05-03,1.3147,eurusd
2012-05-04,1.3091,eurusd
2012-05-07,1.3052,eurusd
2012-05-08,1.3015,eurusd
2012-05-09,1.2954,eurusd
2012-05-10,1.2959,eurusd
2012-05-11,1.2937,eurusd
2012-05-14,1.2847,eurusd
2012-05-15,1.2769,eurusd
2012-05-16,1.2730,eurusd
2012-05-17,1.2709,eurusd
2012-05-18,1.2721,eurusd
2012-05-21,1.2769,eurusd
2012-05-22,1.2735,eurusd
2012-05-23,1.2569,eurusd
2012-05-24,1.2583,eurusd
2012-05-25,1.2518,eurusd
2012-05-28,.,eurusd
2012-05-29,1.2488,eurusd
2012-05-30,1.2405,eurusd
2012-05-31,1.2364,eurusd
2012-06-01,1.2420,eurusd
2012-06-04,1.2495,eurusd
2012-06-05,1.2437,eurusd
2012-06-06,1.2535,eurusd
2012-06-07,1.2568,eurusd
2012-06-08,1.2482,eurusd
2012-06-11,1.2504,eurusd
2012-06-12,1.2477,eurusd
2012-06-13,1.2596,eurusd
2012-06-14,1.2608,eurusd
2012-06-15,1.2633,eurusd
2012-06-18,1.2578,eurusd
2012-06-19,1.2692,eurusd
2012-06-20,1.2703,eurusd
2012-06-21,1.2586,eurusd
2012-06-22,1.2545,eurusd
2012-06-25,1.2480,eurusd
2012-06-26,1.2471,eurusd
2012-06-27,1.2457,eurusd
2012-06-28,1.2433,eurusd
2012-06-29,1.2668,eurusd
2012-07-02,1.2584,eurusd
2012-07-03,1.2620,eurusd
2012-07-04,.,eurusd
2012-07-05,1.2384,eurusd
2012-07-06,1.2283,eurusd
2012-07-09,1.2299,eurusd
2012-07-10,1.2255,eurusd
2012-07-11,1.2244,eurusd
2012-07-12,1.2199,eurusd
2012-07-13,1.2232,eurusd
2012-07-16,1.2267,eurusd
2012-07-17,1.2234,eurusd
2012-07-18,1.2261,eurusd
2012-07-19,1.2257,eurusd
2012-07-20,1.2176,eurusd
2012-07-23,1.2126,eurusd
2012-07-24,1.2062,eurusd
2012-07-25,1.2132,eurusd
2012-07-26,1.2280,eurusd
2012-07-27,1.2370,eurusd
2012-07-30,1.2250,eurusd
2012-07-31,1.2315,eurusd
2012-08-01,1.2299,eurusd
2012-08-02,1.2149,eurusd
2012-08-03,1.2390,eurusd
2012-08-06,1.2422,eurusd
2012-08-07,1.2422,eurusd
2012-08-08,1.2364,eurusd
2012-08-09,1.2278,eurusd
2012-08-10,1.2298,eurusd
2012-08-13,1.2339,eurusd
2012-08-14,1.2329,eurusd
2012-08-15,1.2288,eurusd
2012-08-16,1.2356,eurusd
2012-08-17,1.2315,eurusd
2012-08-20,1.2343,eurusd
2012-08-21,1.2472,eurusd
2012-08-22,1.2472,eurusd
2012-08-23,1.2583,eurusd
2012-08-24,1.2533,eurusd
2012-08-27,1.2514,eurusd
2012-08-28,1.2564,eurusd
2012-08-29,1.2538,eurusd
2012-08-30,1.2497,eurusd
2012-08-31,1.2578,eurusd
2012-09-03,.,eurusd
2012-09-04,1.2566,eurusd
2012-09-05,1.2603,eurusd
2012-09-06,1.2626,eurusd
2012-09-07,1.2796,eurusd
2012-09-10,1.2795,eurusd
2012-09-11,1.2858,eurusd
2012-09-12,1.2894,eurusd
2012-09-13,1.2912,eurusd
2012-09-14,1.3142,eurusd
2012-09-17,1.3125,eurusd
2012-09-18,1.3051,eurusd
2012-09-19,1.3065,eurusd
2012-09-20,1.2948,eurusd
2012-09-21,1.2990,eurusd
2012-09-24,1.2909,eurusd
2012-09-25,1.2945,eurusd
2012-09-26,1.2852,eurusd
2012-09-27,1.2874,eurusd
2012-09-28,1.2856,eurusd
2012-10-01,1.2900,eurusd
2012-10-02,1.2951,eurusd
2012-10-03,1.2909,eurusd
2012-10-04,1.3001,eurusd
2012-10-05,1.3059,eurusd
2012-10-08,.,eurusd
2012-10-09,1.2876,eurusd
2012-10-10,1.2888,eurusd
2012-10-11,1.2928,eurusd
2012-10-12,1.2946,eurusd
2012-10-15,1.2950,eurusd
2012-10-16,1.3036,eurusd
2012-10-17,1.3133,eurusd
2012-10-18,1.3106,eurusd
2012-10-19,1.3022,eurusd
2012-10-22,1.3063,eurusd
2012-10-23,1.2971,eurusd
2012-10-24,1.2946,eurusd
2012-10-25,1.2958,eurusd
2012-10-26,1.2938,eurusd
2012-10-29,1.2906,eurusd
2012-10-30,1.2979,eurusd
2012-10-31,1.2958,eurusd
2012-11-01,1.2937,eurusd
2012-11-02,1.2848,eurusd
2012-11-05,1.2790,eurusd
2012-11-06,1.2818,eurusd
2012-11-07,1.2759,eurusd
2012-11-08,1.2740,eurusd
2012-11-09,1.2715,eurusd
2012-11-12,.,eurusd
2012-11-13,1.2716,eurusd
2012-11-14,1.2740,eurusd
2012-11-15,1.2783,eurusd
2012-11-16,1.2715,eurusd
2012-11-19,1.2806,eurusd
2012-11-20,1.2814,eurusd
2012-11-21,1.2816,eurusd
2012-11-22,.,eurusd
2012-11-23,1.2959,eurusd
2012-11-26,1.2966,eurusd
2012-11-27,1.2940,eurusd
2012-11-28,1.2923,eurusd
2012-11-29,1.2953,eurusd
2012-11-30,1.3010,eurusd
2012-12-03,1.3066,eurusd
2012-12-04,1.3081,eurusd
2012-12-05,1.3077,eurusd
2012-12-06,1.2968,eurusd
2012-12-07,1.2942,eurusd
2012-12-10,1.2930,eurusd
2012-12-11,1.2992,eurusd
2012-12-12,1.3038,eurusd
2012-12-13,1.3077,eurusd
2012-12-14,1.3134,eurusd
2012-12-17,1.3169,eurusd
2012-12-18,1.3224,eurusd
2012-12-19,1.3260,eurusd
2012-12-20,1.3224,eurusd
2012-12-21,1.3166,eurusd
2012-12-24,1.3179,eurusd
2012-12-25,.,eurusd
2012-12-26,1.3228,eurusd
2012-12-27,1.3228,eurusd
2012-12-28,1.3220,eurusd
2012-12-31,1.3186,eurusd
2013-01-01,.,eurusd
2013-01-02,1.3195,eurusd
2013-01-03,1.3110,eurusd
2013-01-04,1.3047,eurusd
2013-01-07,1.3099,eurusd
2013-01-08,1.3068,eurusd
2013-01-09,1.3078,eurusd
2013-01-10,1.3220,eurusd
2013-01-11,1.3353,eurusd
2013-01-14,1.3369,eurusd
2013-01-15,1.3342,eurusd
2013-01-16,1.3305,eurusd
2013-01-17,1.3356,eurusd
2013-01-18,1.3303,eurusd
2013-01-21,.,eurusd
2013-01-22,1.3304,eurusd
2013-01-23,1.3308,eurusd
2013-01-24,1.3378,eurusd
2013-01-25,1.3456,eurusd
2013-01-28,1.3459,eurusd
2013-01-29,1.3484,eurusd
2013-01-30,1.3564,eurusd
2013-01-31,1.3584,eurusd
2013-02-01,1.3692,eurusd
2013-02-04,1.3527,eurusd
2013-02-05,1.3569,eurusd
2013-02-06,1.3528,eurusd
2013-02-07,1.3382,eurusd
2013-02-08,1.3366,eurusd
2013-02-11,1.3414,eurusd
2013-02-12,1.3450,eurusd
2013-02-13,1.3448,eurusd
2013-02-14,1.3334,eurusd
2013-02-15,1.3362,eurusd
2013-02-18,.,eurusd
2013-02-19,1.3387,eurusd
2013-02-20,1.3350,eurusd
2013-02-21,1.3204,eurusd
2013-02-22,1.3166,eurusd
2013-02-25,1.3172,eurusd
2013-02-26,1.3054,eurusd
2013-02-27,1.3104,eurusd
2013-02-28,1.3079,eurusd
2013-03-01,1.2988,eurusd
2013-03-04,1.2996,eurusd
2013-03-05,1.3019,eurusd
2013-03-06,1.2990,eurusd
2013-03-07,1.3098,eurusd
2013-03-08,1.2992,eurusd
2013-03-11,1.3014,eurusd
2013-03-12,1.3023,eurusd
2013-03-13,1.2949,eurusd
2013-03-14,1.2974,eurusd
2013-03-15,1.3076,eurusd
2013-03-18,1.2956,eurusd
2013-03-19,1.2888,eurusd
2013-03-20,1.2950,eurusd
2013-03-21,1.2928,eurusd
2013-03-22,1.2996,eurusd
2013-03-25,1.2881,eurusd
2013-03-26,1.2858,eurusd
2013-03-27,1.2782,eurusd
2013-03-28,1.2842,eurusd
2013-03-29,1.2816,eurusd
2013-04-01,1.2857,eurusd
2013-04-02,1.2836,eurusd
2013-04-03,1.2847,eurusd
2013-04-04,1.2854,eurusd
2013-04-05,1.3027,eurusd
2013-04-08,1.3008,eurusd
2013-04-09,1.3092,eurusd
2013-04-10,1.3060,eurusd
2013-04-11,1.3124,eurusd
2013-04-12,1.3094,eurusd
2013-04-15,1.3082,eurusd
2013-04-16,1.3141,eurusd
2013-04-17,1.3049,eurusd
2013-04-18,1.3072,eurusd
2013-04-19,1.3066,eurusd
2013-04-22,1.3050,eurusd
2013-04-23,1.3012,eurusd
2013-04-24,1.2997,eurusd
2013-04-25,1.3004,eurusd
2013-04-26,1.3024,eurusd
2013-04-29,1.3090,eurusd
2013-04-30,1.3168,eurusd
2013-05-01,1.3192,eurusd
2013-05-02,1.3066,eurusd
2013-05-03,1.3112,eurusd
2013-05-06,1.3067,eurusd
2013-05-07,1.3085,eurusd
2013-05-08,1.3177,eurusd
2013-05-09,1.3105,eurusd
2013-05-10,1.2955,eurusd
2013-05-13,1.2981,eurusd
2013-05-14,1.2969,eurusd
2013-05-15,1.2857,eurusd
2013-05-16,1.2898,eurusd
2013-05-17,1.2818,eurusd
2013-05-20,1.2865,eurusd
2013-05-21,1.2910,eurusd
2013-05-22,1.2864,eurusd
2013-05-23,1.2944,eurusd
2013-05-24,1.2920,eurusd
2013-05-27,.,eurusd
2013-05-28,1.2870,eurusd
2013-05-29,1.2944,eurusd
2013-05-30,1.3042,eurusd
2013-05-31,1.2988,eurusd
2013-06-03,1.3098,eurusd
2013-06-04,1.3075,eurusd
2013-06-05,1.3088,eurusd
2013-06-06,1.3248,eurusd
2013-06-07,1.3242,eurusd
2013-06-10,1.3234,eurusd
2013-06-11,1.3278,eurusd
2013-06-12,1.3354,eurusd
2013-06-13,1.3314,eurusd
2013-06-14,1.3330,eurusd
2013-06-17,1.3341,eurusd
2013-06-18,1.3407,eurusd
2013-06-19,1.3404,eurusd
2013-06-20,1.3214,eurusd
2013-06-21,1.3113,eurusd
2013-06-24,1.3091,eurusd
2013-06-25,1.3080,eurusd
2013-06-26,1.3006,eurusd
2013-06-27,1.3016,eurusd
2013-06-28,1.3010,eurusd
2013-07-01,1.3060,eurusd
2013-07-02,1.3017,eurusd
2013-07-03,1.3005,eurusd
2013-07-04,.,eurusd
2013-07-05,1.2831,eurusd
2013-07-08,1.2863,eurusd
2013-07-09,1.2774,eurusd
2013-07-10,1.2846,eurusd
2013-07-11,1.3046,eurusd
2013-07-12,1.3048,eurusd
2013-07-15,1.3039,eurusd
2013-07-16,1.3144,eurusd
2013-07-17,1.3094,eurusd
2013-07-18,1.3078,eurusd
2013-07-19,1.3142,eurusd
2013-07-22,1.3193,eurusd
2013-07-23,1.3212,eurusd
2013-07-24,1.3228,eurusd
2013-07-25,1.3234,eurusd
2013-07-26,1.3269,eurusd
2013-07-29,1.3262,eurusd
2013-07-30,1.3266,eurusd
2013-07-31,1.3282,eurusd
2013-08-01,1.3217,eurusd
2013-08-02,1.3268,eurusd
2013-08-05,1.3257,eurusd
2013-08-06,1.3296,eurusd
2013-08-07,1.3329,eurusd
2013-08-08,1.3392,eurusd
2013-08-09,1.3338,eurusd
2013-08-12,1.3312,eurusd
2013-08-13,1.3247,eurusd
2013-08-14,1.3256,eurusd
2013-08-15,1.3263,eurusd
2013-08-16,1.3321,eurusd
2013-08-19,1.3348,eurusd
2013-08-20,1.3426,eurusd
2013-08-21,1.3368,eurusd
2013-08-22,1.3362,eurusd
2013-08-23,1.3392,eurusd
2013-08-26,1.3369,eurusd
2013-08-27,1.3387,eurusd
2013-08-28,1.3326,eurusd
2013-08-29,1.3228,eurusd
2013-08-30,1.3196,eurusd
2013-09-02,.,eurusd
2013-09-03,1.3164,eurusd
2013-09-04,1.3212,eurusd
2013-09-05,1.3120,eurusd
2013-09-06,1.3166,eurusd
2013-09-09,1.3260,eurusd
2013-09-10,1.3260,eurusd
2013-09-11,1.3301,eurusd
2013-09-12,1.3315,eurusd
2013-09-13,1.3276,eurusd
2013-09-16,1.3350,eurusd
2013-09-17,1.3357,eurusd
2013-09-18,1.3351,eurusd
2013-09-19,1.3527,eurusd
2013-09-20,1.3522,eurusd
2013-09-23,1.3520,eurusd
2013-09-24,1.3490,eurusd
2013-09-25,1.3536,eurusd
2013-09-26,1.3484,eurusd
2013-09-27,1.3537,eurusd
2013-09-30,1.3535,eurusd
2013-10-01,1.3534,eurusd
2013-10-02,1.3592,eurusd
2013-10-03,1.3642,eurusd
2013-10-04,1.3582,eurusd
2013-10-07,1.3569,eurusd
2013-10-08,1.3582,eurusd
2013-10-09,1.3513,eurusd
2013-10-10,1.3535,eurusd
2013-10-11,1.3559,eurusd
2013-10-14,.,eurusd
2013-10-15,1.3494,eurusd
2013-10-16,1.3490,eurusd
2013-10-17,1.3664,eurusd
2013-10-18,1.3693,eurusd
2013-10-21,1.3672,eurusd
2013-10-22,1.3778,eurusd
2013-10-23,1.3786,eurusd
2013-10-24,1.3810,eurusd
2013-10-25,1.3794,eurusd
2013-10-28,1.3786,eurusd
2013-10-29,1.3770,eurusd
2013-10-30,1.3771,eurusd
2013-10-31,1.3594,eurusd
2013-11-01,1.3488,eurusd
2013-11-04,1.3516,eurusd
2013-11-05,1.3470,eurusd
2013-11-06,1.3530,eurusd
2013-11-07,1.3390,eurusd
2013-11-08,1.3357,eurusd
2013-11-11,.,eurusd
2013-11-12,1.3428,eurusd
2013-11-13,1.3456,eurusd
2013-11-14,1.3468,eurusd
2013-11-15,1.3480,eurusd
2013-11-18,1.3520,eurusd
2013-11-19,1.3529,eurusd
2013-11-20,1.3451,eurusd
2013-11-21,1.3470,eurusd
2013-11-22,1.3547,eurusd
2013-11-25,1.3502,eurusd
2013-11-26,1.3555,eurusd
2013-11-27,1.3563,eurusd
2013-11-28,.,eurusd
2013-11-29,1.3606,eurusd
2013-12-02,1.3552,eurusd
2013-12-03,1.3604,eurusd
2013-12-04,1.3555,eurusd
2013-12-05,1.3664,eurusd
2013-12-06,1.3690,eurusd
2013-12-09,1.3726,eurusd
2013-12-10,1.3765,eurusd
2013-12-11,1.3798,eurusd
2013-12-12,1.3752,eurusd
2013-12-13,1.3724,eurusd
2013-12-16,1.3757,eurusd
2013-12-17,1.3748,eurusd
2013-12-18,1.3766,eurusd
2013-12-19,1.3666,eurusd
2013-12-20,1.3673,eurusd
2013-12-23,1.3701,eurusd
2013-12-24,1.3676,eurusd
2013-12-25,.,eurusd
2013-12-26,1.3690,eurusd
2013-12-27,1.3766,eurusd
2013-12-30,1.3816,eurusd
2013-12-31,1.3779,eurusd
2014-01-01,.,eurusd
2014-01-02,1.3670,eurusd
2014-01-03,1.3606,eurusd
2014-01-06,1.3636,eurusd
2014-01-07,1.3618,eurusd
2014-01-08,1.3586,eurusd
2014-01-09,1.3591,eurusd
2014-01-10,1.3664,eurusd
2014-01-13,1.3647,eurusd
2014-01-14,1.3682,eurusd
2014-01-15,1.3604,eurusd
2014-01-16,1.3600,eurusd
2014-01-17,1.3554,eurusd
2014-01-20,.,eurusd
2014-01-21,1.3560,eurusd
2014-01-22,1.3546,eurusd
2014-01-23,1.3680,eurusd
2014-01-24,1.3680,eurusd
2014-01-27,1.3679,eurusd
2014-01-28,1.3662,eurusd
2014-01-29,1.3663,eurusd
2014-01-30,1.3549,eurusd
2014-01-31,1.3500,eurusd
2014-02-03,1.3523,eurusd
2014-02-04,1.3507,eurusd
2014-02-05,1.3519,eurusd
2014-02-06,1.3604,eurusd
2014-02-07,1.3614,eurusd
2014-02-10,1.3644,eurusd
2014-02-11,1.3654,eurusd
2014-02-12,1.3592,eurusd
2014-02-13,1.3669,eurusd
2014-02-14,1.3690,eurusd
2014-02-17,.,eurusd
2014-02-18,1.3758,eurusd
2014-02-19,1.3762,eurusd
2014-02-20,1.3690,eurusd
2014-02-21,1.3722,eurusd
2014-02-24,1.3744,eurusd
2014-02-25,1.3749,eurusd
2014-02-26,1.3668,eurusd
2014-02-27,1.3724,eurusd
2014-02-28,1.3806,eurusd
2014-03-03,1.3763,eurusd
2014-03-04,1.3731,eurusd
2014-03-05,1.3734,eurusd
2014-03-06,1.3848,eurusd
2014-03-07,1.3868,eurusd
2014-03-10,1.3880,eurusd
2014-03-11,1.3867,eurusd
2014-03-12,1.3904,eurusd
2014-03-13,1.3927,eurusd
2014-03-14,1.3924,eurusd
2014-03-17,1.3927,eurusd
2014-03-18,1.3913,eurusd
2014-03-19,1.3910,eurusd
2014-03-20,1.3784,eurusd
2014-03-21,1.3783,eurusd
2014-03-24,1.3784,eurusd
2014-03-25,1.3777,eurusd
2014-03-26,1.3786,eurusd
2014-03-27,1.3752,eurusd
2014-03-28,1.3753,eurusd
2014-03-31,1.3777,eurusd
2014-04-01,1.3804,eurusd
2014-04-02,1.3761,eurusd
2014-04-03,1.3708,eurusd
2014-04-04,1.3704,eurusd
2014-04-07,1.3745,eurusd
2014-04-08,1.3802,eurusd
2014-04-09,1.3816,eurusd
2014-04-10,1.3892,eurusd
2014-04-11,1.3898,eurusd
2014-04-14,1.3824,eurusd
2014-04-15,1.3806,eurusd
2014-04-16,1.3820,eurusd
2014-04-17,1.3832,eurusd
2014-04-18,1.3816,eurusd
2014-04-21,1.3790,eurusd
2014-04-22,1.3804,eurusd
2014-04-23,1.3814,eurusd
2014-04-24,1.3828,eurusd
2014-04-25,1.3838,eurusd
2014-04-28,1.3844,eurusd
2014-04-29,1.3808,eurusd
2014-04-30,1.3870,eurusd
2014-05-01,1.3867,eurusd
2014-05-02,1.3864,eurusd
2014-05-05,1.3884,eurusd
2014-05-06,1.3924,eurusd
2014-05-07,1.3917,eurusd
2014-05-08,1.3864,eurusd
2014-05-09,1.3763,eurusd
2014-05-12,1.3760,eurusd
2014-05-13,1.3711,eurusd
2014-05-14,1.3718,eurusd
2014-05-15,1.3712,eurusd
2014-05-16,1.3708,eurusd
2014-05-19,1.3716,eurusd
2014-05-20,1.3702,eurusd
2014-05-21,1.3657,eurusd
2014-05-22,1.3652,eurusd
2014-05-23,1.3628,eurusd
2014-05-26,.,eurusd
2014-05-27,1.3618,eurusd
2014-05-28,1.3596,eurusd
2014-05-29,1.3608,eurusd
2014-05-30,1.3640,eurusd
2014-06-02,1.3606,eurusd
2014-06-03,1.3624,eurusd
2014-06-04,1.3619,eurusd
2014-06-05,1.3618,eurusd
2014-06-06,1.3639,eurusd
2014-06-09,1.3589,eurusd
2014-06-10,1.3543,eurusd
2014-06-11,1.3532,eurusd
2014-06-12,1.3556,eurusd
2014-06-13,1.3522,eurusd
2014-06-16,1.3578,eurusd
2014-06-17,1.3543,eurusd
2014-06-18,1.3567,eurusd
2014-06-19,1.3620,eurusd
2014-06-20,1.3586,eurusd
2014-06-23,1.3593,eurusd
2014-06-24,1.3588,eurusd
2014-06-25,1.3638,eurusd
2014-06-26,1.3610,eurusd
2014-06-27,1.3631,eurusd
2014-06-30,1.3690,eurusd
2014-07-01,1.3681,eurusd
2014-07-02,1.3656,eurusd
2014-07-03,1.3610,eurusd
2014-07-04,.,eurusd
2014-07-07,1.3604,eurusd
2014-07-08,1.3614,eurusd
2014-07-09,1.3630,eurusd
2014-07-10,1.3600,eurusd
2014-07-11,1.3598,eurusd
2014-07-14,1.3620,eurusd
2014-07-15,1.3573,eurusd
2014-07-16,1.3530,eurusd
2014-07-17,1.3530,eurusd
2014-07-18,1.3515,eurusd
2014-07-21,1.3524,eurusd
2014-07-22,1.3470,eurusd
2014-07-23,1.3462,eurusd
2014-07-24,1.3468,eurusd
2014-07-25,1.3431,eurusd
2014-07-28,1.3440,eurusd
2014-07-29,1.3410,eurusd
2014-07-30,1.3378,eurusd
2014-07-31,1.3390,eurusd
2014-08-01,1.3436,eurusd
2014-08-04,1.3414,eurusd
2014-08-05,1.3366,eurusd
2014-08-06,1.3355,eurusd
2014-08-07,1.3362,eurusd
2014-08-08,1.3412,eurusd
2014-08-11,1.3385,eurusd
2014-08-12,1.3357,eurusd
2014-08-13,1.3367,eurusd
2014-08-14,1.3376,eurusd
2014-08-15,1.3392,eurusd
2014-08-18,1.3358,eurusd
2014-08-19,1.3320,eurusd
2014-08-20,1.3284,eurusd
2014-08-21,1.3284,eurusd
2014-08-22,1.3237,eurusd
2014-08-25,1.3206,eurusd
2014-08-26,1.3189,eurusd
2014-08-27,1.3192,eurusd
2014-08-28,1.3178,eurusd
2014-08-29,1.3150,eurusd
2014-09-01,.,eurusd
2014-09-02,1.3124,eurusd
2014-09-03,1.3136,eurusd
2014-09-04,1.2926,eurusd
2014-09-05,1.2956,eurusd
2014-09-08,1.2948,eurusd
2014-09-09,1.2909,eurusd
2014-09-10,1.2908,eurusd
2014-09-11,1.2936,eurusd
2014-09-12,1.2955,eurusd
2014-09-15,1.2951,eurusd
2014-09-16,1.2976,eurusd
2014-09-17,1.2958,eurusd
2014-09-18,1.2913,eurusd
2014-09-19,1.2835,eurusd
2014-09-22,1.2829,eurusd
2014-09-23,1.2858,eurusd
2014-09-24,1.2788,eurusd
2014-09-25,1.2748,eurusd
2014-09-26,1.2686,eurusd
2014-09-29,1.2703,eurusd
2014-09-30,1.2628,eurusd
2014-10-01,1.2618,eurusd
2014-10-02,1.2670,eurusd
2014-10-03,1.2517,eurusd
2014-10-06,1.2592,eurusd
2014-10-07,1.2626,eurusd
2014-10-08,1.2683,eurusd
2014-10-09,1.2683,eurusd
2014-10-10,1.2636,eurusd
2014-10-13,.,eurusd
2014-10-14,1.2660,eurusd
2014-10-15,1.2778,eurusd
2014-10-16,1.2812,eurusd
2014-10-17,1.2755,eurusd
2014-10-20,1.2783,eurusd
2014-10-21,1.2724,eurusd
2014-10-22,1.2658,eurusd
2014-10-23,1.2658,eurusd
2014-10-24,1.2675,eurusd
2014-10-27,1.2712,eurusd
2014-10-28,1.2747,eurusd
2014-10-29,1.2762,eurusd
2014-10-30,1.2622,eurusd
2014-10-31,1.2530,eurusd
2014-11-03,1.2487,eurusd
2014-11-04,1.2554,eurusd
2014-11-05,1.2488,eurusd
2014-11-06,1.2414,eurusd
2014-11-07,1.2422,eurusd
2014-11-10,1.2425,eurusd
2014-11-11,.,eurusd
2014-11-12,1.2456,eurusd
2014-11-13,1.2476,eurusd
2014-11-14,1.2494,eurusd
2014-11-17,1.2447,eurusd
2014-11-18,1.2534,eurusd
2014-11-19,1.2548,eurusd
2014-11-20,1.2526,eurusd
2014-11-21,1.2394,eurusd
2014-11-24,1.2427,eurusd
2014-11-25,1.2472,eurusd
2014-11-26,1.2503,eurusd
2014-11-27,.,eurusd
2014-11-28,1.2438,eurusd
2014-12-01,1.2490,eurusd
2014-12-02,1.2390,eurusd
2014-12-03,1.2304,eurusd
2014-12-04,1.2432,eurusd
2014-12-05,1.2304,eurusd
2014-12-08,1.2292,eurusd
2014-12-09,1.2415,eurusd
2014-12-10,1.2425,eurusd
2014-12-11,1.2397,eurusd
2014-12-12,1.2484,eurusd
2014-12-15,1.2470,eurusd
2014-12-16,1.2504,eurusd
2014-12-17,1.2406,eurusd
2014-12-18,1.2291,eurusd
2014-12-19,1.2235,eurusd
2014-12-22,1.2252,eurusd
2014-12-23,1.2180,eurusd
2014-12-24,1.2188,eurusd
2014-12-25,.,eurusd
2014-12-26,.,eurusd
2014-12-29,1.2179,eurusd
2014-12-30,1.2174,eurusd
2014-12-31,1.2101,eurusd
2015-01-01,.,eurusd
2015-01-02,1.2015,eurusd
2015-01-05,1.1918,eurusd
2015-01-06,1.1936,eurusd
2015-01-07,1.1820,eurusd
2015-01-08,1.1811,eurusd
2015-01-09,1.1830,eurusd
2015-01-12,1.1832,eurusd
2015-01-13,1.1779,eurusd
2015-01-14,1.1806,eurusd
2015-01-15,1.1598,eurusd
2015-01-16,1.1517,eurusd
2015-01-19,.,eurusd
2015-01-20,1.1559,eurusd
2015-01-21,1.1584,eurusd
2015-01-22,1.1414,eurusd
2015-01-23,1.1279,eurusd
2015-01-26,1.1290,eurusd
2015-01-27,1.1370,eurusd
2015-01-28,1.1342,eurusd
2015-01-29,1.1308,eurusd
2015-01-30,1.1290,eurusd
2015-02-02,1.1337,eurusd
2015-02-03,1.1462,eurusd
2015-02-04,1.1418,eurusd
2015-02-05,1.1432,eurusd
2015-02-06,1.1330,eurusd
2015-02-09,1.1316,eurusd
2015-02-10,1.1316,eurusd
2015-02-11,1.1300,eurusd
2015-02-12,1.1410,eurusd
2015-02-13,1.1408,eurusd
2015-02-16,.,eurusd
2015-02-17,1.1395,eurusd
2015-02-18,1.1342,eurusd
2015-02-19,1.1392,eurusd
2015-02-20,1.1372,eurusd
2015-02-23,1.1346,eurusd
2015-02-24,1.1307,eurusd
2015-02-25,1.1363,eurusd
2015-02-26,1.1212,eurusd
2015-02-27,1.1197,eurusd
2015-03-02,1.1190,eurusd
2015-03-03,1.1212,eurusd
2015-03-04,1.1070,eurusd
2015-03-05,1.1006,eurusd
2015-03-06,1.0855,eurusd
2015-03-09,1.0846,eurusd
2015-03-10,1.0707,eurusd
2015-03-11,1.0576,eurusd
2015-03-12,1.0615,eurusd
2015-03-13,1.0524,eurusd
2015-03-16,1.0575,eurusd
2015-03-17,1.0605,eurusd
2015-03-18,1.0643,eurusd
2015-03-19,1.0621,eurusd
2015-03-20,1.0792,eurusd
2015-03-23,1.0928,eurusd
2015-03-24,1.0908,eurusd
2015-03-25,1.0986,eurusd
2015-03-26,1.0919,eurusd
2015-03-27,1.0891,eurusd
2015-03-30,1.0818,eurusd
2015-03-31,1.0741,eurusd
2015-04-01,1.0768,eurusd
2015-04-02,1.0874,eurusd
2015-04-03,1.0990,eurusd
2015-04-06,1.1008,eurusd
2015-04-07,1.0850,eurusd
2015-04-08,1.0818,eurusd
2015-04-09,1.0671,eurusd
2015-04-10,1.0598,eurusd
2015-04-13,1.0582,eurusd
2015-04-14,1.0672,eurusd
2015-04-15,1.0596,eurusd
2015-04-16,1.0742,eurusd
2015-04-17,1.0780,eurusd
2015-04-20,1.0763,eurusd
2015-04-21,1.0758,eurusd
2015-04-22,1.0729,eurusd
2015-04-23,1.0803,eurusd
2015-04-24,1.0876,eurusd
2015-04-27,1.0892,eurusd
2015-04-28,1.0979,eurusd
2015-04-29,1.1174,eurusd
2015-04-30,1.1162,eurusd
2015-05-01,1.1194,eurusd
2015-05-04,1.1145,eurusd
2015-05-05,1.1174,eurusd
2015-05-06,1.1345,eurusd
2015-05-07,1.1283,eurusd
2015-05-08,1.1241,eurusd
2015-05-11,1.1142,eurusd
2015-05-12,1.1240,eurusd
2015-05-13,1.1372,eurusd
2015-05-14,1.1368,eurusd
2015-05-15,1.1428,eurusd
2015-05-18,1.1354,eurusd
2015-05-19,1.1151,eurusd
2015-05-20,1.1079,eurusd
2015-05-21,1.1126,eurusd
2015-05-22,1.1033,eurusd
2015-05-25,.,eurusd
2015-05-26,1.0876,eurusd
2015-05-27,1.0888,eurusd
2015-05-28,1.0914,eurusd
2015-05-29,1.0994,eurusd
2015-06-01,1.0913,eurusd
2015-06-02,1.1130,eurusd
2015-06-03,1.1285,eurusd
2015-06-04,1.1271,eurusd
2015-06-05,1.1108,eurusd
2015-06-08,1.1232,eurusd
2015-06-09,1.1284,eurusd
2015-06-10,1.1307,eurusd
2015-06-11,1.1236,eurusd
2015-06-12,1.1278,eurusd
2015-06-15,1.1266,eurusd
2015-06-16,1.1238,eurusd
2015-06-17,1.1244,eurusd
2015-06-18,1.1404,eurusd
2015-06-19,1.1335,eurusd
2015-06-22,1.1378,eurusd
2015-06-23,1.1190,eurusd
2015-06-24,1.1178,eurusd
2015-06-25,1.1196,eurusd
2015-06-26,1.1156,eurusd
2015-06-29,1.1180,eurusd
2015-06-30,1.1154,eurusd
2015-07-01,1.1084,eurusd
2015-07-02,1.1090,eurusd
2015-07-03,.,eurusd
2015-07-06,1.1076,eurusd
2015-07-07,1.0952,eurusd
2015-07-08,1.1072,eurusd
2015-07-09,1.1025,eurusd
2015-07-10,1.1150,eurusd
2015-07-13,1.1020,eurusd
2015-07-14,1.1015,eurusd
2015-07-15,1.0965,eurusd
2015-07-16,1.0898,eurusd
2015-07-17,1.0848,eurusd
2015-07-20,1.0850,eurusd
2015-07-21,1.0927,eurusd
2015-07-22,1.0884,eurusd
2015-07-23,1.0976,eurusd
2015-07-24,1.0976,eurusd
2015-07-27,1.1112,eurusd
2015-07-28,1.1055,eurusd
2015-07-29,1.1026,eurusd
2015-07-30,1.0914,eurusd
2015-07-31,1.1028,eurusd
2015-08-03,1.0962,eurusd
2015-08-04,1.0953,eurusd
2015-08-05,1.0868,eurusd
2015-08-06,1.0922,eurusd
2015-08-07,1.0958,eurusd
2015-08-10,1.0994,eurusd
2015-08-11,1.1042,eurusd
2015-08-12,1.1198,eurusd
2015-08-13,1.1144,eurusd
2015-08-14,1.1110,eurusd
2015-08-17,1.1078,eurusd
2015-08-18,1.1028,eurusd
2015-08-19,1.1061,eurusd
2015-08-20,1.1200,eurusd
2015-08-21,1.1356,eurusd
2015-08-24,1.1580,eurusd
2015-08-25,1.1410,eurusd
2015-08-26,1.1390,eurusd
2015-08-27,1.1239,eurusd
2015-08-28,1.1172,eurusd
2015-08-31,1.1194,eurusd
2015-09-01,1.1263,eurusd
2015-09-02,1.1242,eurusd
2015-09-03,1.1104,eurusd
2015-09-04,1.1117,eurusd
2015-09-07,.,eurusd
2015-09-08,1.1182,eurusd
2015-09-09,1.1165,eurusd
2015-09-10,1.1262,eurusd
2015-09-11,1.1338,eurusd
2015-09-14,1.1307,eurusd
2015-09-15,1.1260,eurusd
2015-09-16,1.1304,eurusd
2015-09-17,1.1312,eurusd
2015-09-18,1.1358,eurusd
2015-09-21,1.1204,eurusd
2015-09-22,1.1133,eurusd
2015-09-23,1.1160,eurusd
2015-09-24,1.1252,eurusd
2015-09-25,1.1192,eurusd
2015-09-28,1.1236,eurusd
2015-09-29,1.1246,eurusd
2015-09-30,1.1162,eurusd
2015-10-01,1.1200,eurusd
2015-10-02,1.1276,eurusd
2015-10-05,1.1200,eurusd
2015-10-06,1.1266,eurusd
2015-10-07,1.1249,eurusd
2015-10-08,1.1282,eurusd
2015-10-09,1.1363,eurusd
2015-10-12,.,eurusd
2015-10-13,1.1382,eurusd
2015-10-14,1.1437,eurusd
2015-10-15,1.1418,eurusd
2015-10-16,1.1360,eurusd
2015-10-19,1.1320,eurusd
2015-10-20,1.1359,eurusd
2015-10-21,1.1345,eurusd
2015-10-22,1.1140,eurusd
2015-10-23,1.1016,eurusd
2015-10-26,1.1051,eurusd
2015-10-27,1.1052,eurusd
2015-10-28,1.1066,eurusd
2015-10-29,1.0963,eurusd
2015-10-30,1.1042,eurusd
2015-11-02,1.1026,eurusd
2015-11-03,1.0946,eurusd
2015-11-04,1.0861,eurusd
2015-11-05,1.0869,eurusd
2015-11-06,1.0746,eurusd
2015-11-09,1.0767,eurusd
2015-11-10,1.0686,eurusd
2015-11-11,.,eurusd
2015-11-12,1.0768,eurusd
2015-11-13,1.0722,eurusd
2015-11-16,1.0708,eurusd
2015-11-17,1.0634,eurusd
2015-11-18,1.0638,eurusd
2015-11-19,1.0746,eurusd
2015-11-20,1.0660,eurusd
2015-11-23,1.0602,eurusd
2015-11-24,1.0652,eurusd
2015-11-25,1.0616,eurusd
2015-11-26,.,eurusd
2015-11-27,1.0596,eurusd
2015-11-30,1.0562,eurusd
2015-12-01,1.0620,eurusd
2015-12-02,1.0573,eurusd
2015-12-03,1.0902,eurusd
2015-12-04,1.0884,eurusd
2015-12-07,1.0840,eurusd
2015-12-08,1.0876,eurusd
2015-12-09,1.0984,eurusd
2015-12-10,1.0948,eurusd
2015-12-11,1.1002,eurusd
2015-12-14,1.1025,eurusd
2015-12-15,1.0911,eurusd
2015-12-16,1.0937,eurusd
2015-12-17,1.0804,eurusd
2015-12-18,1.0847,eurusd
2015-12-21,1.0920,eurusd
2015-12-22,1.0978,eurusd
2015-12-23,1.0875,eurusd
2015-12-24,1.0955,eurusd
2015-12-25,.,eurusd
2015-12-28,1.0983,eurusd
2015-12-29,1.0916,eurusd
2015-12-30,1.0912,eurusd
2015-12-31,1.0859,eurusd
2016-01-01,.,eurusd
2016-01-04,1.0803,eurusd
2016-01-05,1.0743,eurusd
2016-01-06,1.0762,eurusd
2016-01-07,1.0860,eurusd
2016-01-08,1.0885,eurusd
2016-01-11,1.0878,eurusd
2016-01-12,1.0837,eurusd
2016-01-13,1.0862,eurusd
2016-01-14,1.0862,eurusd
2016-01-15,1.0964,eurusd
2016-01-18,.,eurusd
2016-01-19,1.0906,eurusd
2016-01-20,1.0908,eurusd
2016-01-21,1.0833,eurusd
2016-01-22,1.0814,eurusd
2016-01-25,1.0832,eurusd
2016-01-26,1.0846,eurusd
2016-01-27,1.0867,eurusd
2016-01-28,1.0952,eurusd
2016-01-29,1.0832,eurusd
2016-02-01,1.0888,eurusd
2016-02-02,1.0908,eurusd
2016-02-03,1.1051,eurusd
2016-02-04,1.1199,eurusd
2016-02-05,1.1131,eurusd
2016-02-08,1.1170,eurusd
2016-02-09,1.1300,eurusd
2016-02-10,1.1222,eurusd
2016-02-11,1.1362,eurusd
2016-02-12,1.1235,eurusd
2016-02-15,.,eurusd
2016-02-16,1.1140,eurusd
2016-02-17,1.1140,eurusd
2016-02-18,1.1092,eurusd
2016-02-19,1.1127,eurusd
2016-02-22,1.1018,eurusd
2016-02-23,1.1016,eurusd
2016-02-24,1.1021,eurusd
2016-02-25,1.1026,eurusd
2016-02-26,1.0932,eurusd
2016-02-29,1.0868,eurusd
2016-03-01,1.0847,eurusd
2016-03-02,1.0845,eurusd
2016-03-03,1.0948,eurusd
2016-03-04,1.1010,eurusd
2016-03-07,1.1004,eurusd
2016-03-08,1.1028,eurusd
2016-03-09,1.1022,eurusd
2016-03-10,1.1162,eurusd
2016-03-11,1.1180,eurusd
2016-03-14,1.1107,eurusd
2016-03-15,1.1112,eurusd
2016-03-16,1.1075,eurusd
2016-03-17,1.1316,eurusd
2016-03-18,1.1292,eurusd
2016-03-21,1.1260,eurusd
2016-03-22,1.1228,eurusd
2016-03-23,1.1174,eurusd
2016-03-24,1.1163,eurusd
2016-03-25,1.1164,eurusd
2016-03-28,1.1210,eurusd
2016-03-29,1.1204,eurusd
2016-03-30,1.1330,eurusd
2016-03-31,1.1390,eurusd
2016-04-01,1.1385,eurusd
2016-04-04,1.1386,eurusd
2016-04-05,1.1374,eurusd
2016-04-06,1.1430,eurusd
2016-04-07,1.1386,eurusd
2016-04-08,1.1406,eurusd
2016-04-11,1.1412,eurusd
2016-04-12,1.1395,eurusd
2016-04-13,1.1281,eurusd
2016-04-14,1.1262,eurusd
2016-04-15,1.1295,eurusd
2016-04-18,1.1322,eurusd
2016-04-19,1.1375,eurusd
2016-04-20,1.1330,eurusd
2016-04-21,1.1301,eurusd
2016-04-22,1.1239,eurusd
2016-04-25,1.1274,eurusd
2016-04-26,1.1318,eurusd
2016-04-27,1.1322,eurusd
2016-04-28,1.1325,eurusd
2016-04-29,1.1441,eurusd
2016-05-02,1.1516,eurusd
2016-05-03,1.1508,eurusd
2016-05-04,1.1486,eurusd
2016-05-05,1.1404,eurusd
2016-05-06,1.1421,eurusd
2016-05-09,1.1402,eurusd
2016-05-10,1.1386,eurusd
2016-05-11,1.1444,eurusd
2016-05-12,1.1380,eurusd
2016-05-13,1.1294,eurusd
2016-05-16,1.1328,eurusd
2016-05-17,1.1337,eurusd
2016-05-18,1.1276,eurusd
2016-05-19,1.1214,eurusd
2016-05-20,1.1207,eurusd
2016-05-23,1.1192,eurusd
2016-05-24,1.1145,eurusd
2016-05-25,1.1154,eurusd
2016-05-26,1.1184,eurusd
2016-05-27,1.1140,eurusd
2016-05-30,.,eurusd
2016-05-31,1.1135,eurusd
2016-06-01,1.1165,eurusd
2016-06-02,1.1157,eurusd
2016-06-03,1.1330,eurusd
2016-06-06,1.1354,eurusd
2016-06-07,1.1350,eurusd
2016-06-08,1.1400,eurusd
2016-06-09,1.1329,eurusd
2016-06-10,1.1281,eurusd
2016-06-13,1.1282,eurusd
2016-06-14,1.1206,eurusd
2016-06-15,1.1239,eurusd
2016-06-16,1.1158,eurusd
2016-06-17,1.1256,eurusd
2016-06-20,1.1318,eurusd
2016-06-21,1.1262,eurusd
2016-06-22,1.1286,eurusd
2016-06-23,1.1373,eurusd
2016-06-24,1.1126,eurusd
2016-06-27,1.1024,eurusd
2016-06-28,1.1054,eurusd
2016-06-29,1.1117,eurusd
2016-06-30,1.1032,eurusd
2016-07-01,1.1145,eurusd
2016-07-04,.,eurusd
2016-07-05,1.1080,eurusd
2016-07-06,1.1077,eurusd
2016-07-07,1.1065,eurusd
2016-07-08,1.1038,eurusd
2016-07-11,1.1045,eurusd
2016-07-12,1.1074,eurusd
2016-07-13,1.1112,eurusd
2016-07-14,1.1109,eurusd
2016-07-15,1.1059,eurusd
2016-07-18,1.1076,eurusd
2016-07-19,1.1014,eurusd
2016-07-20,1.1007,eurusd
2016-07-21,1.1016,eurusd
2016-07-22,1.0968,eurusd
2016-07-25,1.0980,eurusd
2016-07-26,1.0984,eurusd
2016-07-27,1.0988,eurusd
2016-07-28,1.1094,eurusd
2016-07-29,1.1168,eurusd
2016-08-01,1.1176,eurusd
2016-08-02,1.1225,eurusd
2016-08-03,1.1170,eurusd
2016-08-04,1.1134,eurusd
2016-08-05,1.1080,eurusd
2016-08-08,1.1078,eurusd
2016-08-09,1.1110,eurusd
2016-08-10,1.1171,eurusd
2016-08-11,1.1168,eurusd
2016-08-12,1.1172,eurusd
2016-08-15,1.1199,eurusd
2016-08-16,1.1277,eurusd
2016-08-17,1.1263,eurusd
2016-08-18,1.1334,eurusd
2016-08-19,1.1326,eurusd
2016-08-22,1.1314,eurusd
2016-08-23,1.1308,eurusd
2016-08-24,1.1256,eurusd
2016-08-25,1.1274,eurusd
2016-08-26,1.1237,eurusd
2016-08-29,1.1182,eurusd
2016-08-30,1.1150,eurusd
2016-08-31,1.1146,eurusd
2016-09-01,1.1194,eurusd
2016-09-02,1.1158,eurusd
2016-09-05,.,eurusd
2016-09-06,1.1237,eurusd
2016-09-07,1.1238,eurusd
2016-09-08,1.1256,eurusd
2016-09-09,1.1214,eurusd
2016-09-12,1.1230,eurusd
2016-09-13,1.1242,eurusd
2016-09-14,1.1271,eurusd
2016-09-15,1.1246,eurusd
2016-09-16,1.1160,eurusd
2016-09-19,1.1179,eurusd
2016-09-20,1.1172,eurusd
2016-09-21,1.1165,eurusd
2016-09-22,1.1229,eurusd
2016-09-23,1.1223,eurusd
2016-09-26,1.1270,eurusd
2016-09-27,1.1208,eurusd
2016-09-28,1.1200,eurusd
2016-09-29,1.1244,eurusd
2016-09-30,1.1238,eurusd
2016-10-03,1.1210,eurusd
2016-10-04,1.1212,eurusd
2016-10-05,1.1196,eurusd
2016-10-06,1.1158,eurusd
2016-10-07,1.1156,eurusd
2016-10-10,.,eurusd
2016-10-11,1.1062,eurusd
2016-10-12,1.1014,eurusd
2016-10-13,1.1038,eurusd
2016-10-14,1.0985,eurusd
2016-10-17,1.1000,eurusd
2016-10-18,1.0997,eurusd
2016-10-19,1.0966,eurusd
2016-10-20,1.0934,eurusd
2016-10-21,1.0866,eurusd
2016-10-24,1.0888,eurusd
2016-10-25,1.0890,eurusd
2016-10-26,1.0916,eurusd
2016-10-27,1.0904,eurusd
2016-10-28,1.0934,eurusd
2016-10-31,1.0962,eurusd
2016-11-01,1.1042,eurusd
2016-11-02,1.1119,eurusd
2016-11-03,1.1094,eurusd
2016-11-04,1.1121,eurusd
2016-11-07,1.1038,eurusd
2016-11-08,1.1034,eurusd
2016-11-09,1.0952,eurusd
2016-11-10,1.0882,eurusd
2016-11-11,.,eurusd
2016-11-14,1.0723,eurusd
2016-11-15,1.0726,eurusd
2016-11-16,1.0699,eurusd
2016-11-17,1.0656,eurusd
2016-11-18,1.0600,eurusd
2016-11-21,1.0597,eurusd
2016-11-22,1.0618,eurusd
2016-11-23,1.0560,eurusd
2016-11-24,.,eurusd
2016-11-25,1.0595,eurusd
2016-11-28,1.0576,eurusd
2016-11-29,1.0626,eurusd
2016-11-30,1.0578,eurusd
2016-12-01,1.0634,eurusd
2016-12-02,1.0666,eurusd
2016-12-05,1.0723,eurusd
2016-12-06,1.0717,eurusd
2016-12-07,1.0758,eurusd
2016-12-08,1.0625,eurusd
2016-12-09,1.0541,eurusd
2016-12-12,1.0606,eurusd
2016-12-13,1.0635,eurusd
2016-12-14,1.0656,eurusd
2016-12-15,1.0375,eurusd
2016-12-16,1.0456,eurusd
2016-12-19,1.0444,eurusd
2016-12-20,1.0390,eurusd
2016-12-21,1.0425,eurusd
2016-12-22,1.0452,eurusd
2016-12-23,1.0449,eurusd
2016-12-26,.,eurusd
2016-12-27,1.0458,eurusd
2016-12-28,1.0389,eurusd
2016-12-29,1.0486,eurusd
2016-12-30,1.0552,eurusd
2017-01-02,.,eurusd
2017-01-03,1.0416,eurusd
2017-01-04,1.0476,eurusd
2017-01-05,1.0598,eurusd
2017-01-06,1.0560,eurusd
2017-01-09,1.0576,eurusd
2017-01-10,1.0572,eurusd
2017-01-11,1.0501,eurusd
2017-01-12,1.0666,eurusd
2017-01-13,1.0625,eurusd
2017-01-16,.,eurusd
2017-01-17,1.0695,eurusd
2017-01-18,1.0682,eurusd
2017-01-19,1.0630,eurusd
2017-01-20,.,eurusd
2017-01-23,1.0740,eurusd
2017-01-24,1.0749,eurusd
2017-01-25,1.0743,eurusd
2017-01-26,1.0670,eurusd
2017-01-27,1.0690,eurusd
2017-01-30,1.0681,eurusd
2017-01-31,1.0794,eurusd
2017-02-01,1.0758,eurusd
2017-02-02,1.0802,eurusd
2017-02-03,1.0792,eurusd
2017-02-06,1.0731,eurusd
2017-02-07,1.0690,eurusd
2017-02-08,1.0708,eurusd
2017-02-09,1.0658,eurusd
2017-02-10,1.0650,eurusd
2017-02-13,1.0603,eurusd
2017-02-14,1.0577,eurusd
2017-02-15,1.0597,eurusd
2017-02-16,1.0660,eurusd
2017-02-17,1.0614,eurusd
2017-02-20,.,eurusd
2017-02-21,1.0551,eurusd
2017-02-22,1.0555,eurusd
2017-02-23,1.0586,eurusd
2017-02-24,1.0580,eurusd
2017-02-27,1.0624,eurusd
2017-02-28,1.0618,eurusd
2017-03-01,1.0564,eurusd
2017-03-02,1.0514,eurusd
2017-03-03,1.0552,eurusd
2017-03-06,1.0586,eurusd
2017-03-07,1.0582,eurusd
2017-03-08,1.0547,eurusd
2017-03-09,1.0586,eurusd
2017-03-10,1.0667,eurusd
2017-03-13,1.0670,eurusd
2017-03-14,1.0645,eurusd
2017-03-15,1.0630,eurusd
2017-03-16,1.0738,eurusd
2017-03-17,1.0742,eurusd
2017-03-20,1.0754,eurusd
2017-03-21,1.0810,eurusd
2017-03-22,1.0800,eurusd
2017-03-23,1.0787,eurusd
2017-03-24,1.0806,eurusd
2017-03-27,1.0882,eurusd
2017-03-28,1.0852,eurusd
2017-03-29,1.0756,eurusd
2017-03-30,1.0726,eurusd
2017-03-31,1.0698,eurusd
2017-04-03,1.0655,eurusd
2017-04-04,1.0664,eurusd
2017-04-05,1.0661,eurusd
2017-04-06,1.0651,eurusd
2017-04-07,1.0616,eurusd
2017-04-10,1.0606,eurusd
2017-04-11,1.0614,eurusd
2017-04-12,1.0611,eurusd
2017-04-13,1.0630,eurusd
2017-04-14,1.0625,eurusd
2017-04-17,1.0660,eurusd
2017-04-18,1.0706,eurusd
2017-04-19,1.0707,eurusd
2017-04-20,1.0758,eurusd
2017-04-21,1.0694,eurusd
2017-04-24,1.0846,eurusd
2017-04-25,1.0941,eurusd
2017-04-26,1.0872,eurusd
2017-04-27,1.0864,eurusd
2017-04-28,1.0895,eurusd
2017-05-01,1.0912,eurusd
2017-05-02,1.0910,eurusd
2017-05-03,1.0920,eurusd
2017-05-04,1.0967,eurusd
2017-05-05,1.0996,eurusd
2017-05-08,1.0928,eurusd
2017-05-09,1.0875,eurusd
2017-05-10,1.0873,eurusd
2017-05-11,1.0869,eurusd
2017-05-12,1.0926,eurusd
2017-05-15,1.0979,eurusd
2017-05-16,1.1072,eurusd
2017-05-17,1.1134,eurusd
2017-05-18,1.1130,eurusd
2017-05-19,1.1190,eurusd
2017-05-22,1.1236,eurusd
2017-05-23,1.1198,eurusd
2017-05-24,1.1175,eurusd
2017-05-25,1.1218,eurusd
2017-05-26,1.1170,eurusd
2017-05-29,.,eurusd
2017-05-30,1.1183,eurusd
2017-05-31,1.1236,eurusd
2017-06-01,1.1214,eurusd
2017-06-02,1.1270,eurusd
2017-06-05,1.1250,eurusd
2017-06-06,1.1266,eurusd
2017-06-07,1.1236,eurusd
2017-06-08,1.1217,eurusd
2017-06-09,1.1190,eurusd
2017-06-12,1.1204,eurusd
2017-06-13,1.1194,eurusd
2017-06-14,1.1277,eurusd
2017-06-15,1.1152,eurusd
2017-06-16,1.1194,eurusd
2017-06-19,1.1160,eurusd
2017-06-20,1.1124,eurusd
2017-06-21,1.1143,eurusd
2017-06-22,1.1148,eurusd
2017-06-23,1.1196,eurusd
2017-06-26,1.1196,eurusd
2017-06-27,1.1300,eurusd
2017-06-28,1.1364,eurusd
2017-06-29,1.1420,eurusd
2017-06-30,1.1411,eurusd
2017-07-03,1.1367,eurusd
2017-07-04,.,eurusd
2017-07-05,1.1336,eurusd
2017-07-06,1.1409,eurusd
2017-07-07,1.1396,eurusd
2017-07-10,1.1396,eurusd
2017-07-11,1.1430,eurusd
2017-07-12,1.1411,eurusd
2017-07-13,1.1385,eurusd
2017-07-14,1.1452,eurusd
2017-07-17,1.1470,eurusd
2017-07-18,1.1578,eurusd
2017-07-19,1.1518,eurusd
2017-07-20,1.1634,eurusd
2017-07-21,1.1655,eurusd
2017-07-24,1.1642,eurusd
2017-07-25,1.1656,eurusd
2017-07-26,1.1632,eurusd
2017-07-27,1.1656,eurusd
2017-07-28,1.1754,eurusd
2017-07-31,1.1826,eurusd
2017-08-01,1.1799,eurusd
2017-08-02,1.1861,eurusd
2017-08-03,1.1880,eurusd
2017-08-04,1.1754,eurusd
2017-08-07,1.1788,eurusd
2017-08-08,1.1724,eurusd
2017-08-09,1.1748,eurusd
2017-08-10,1.1751,eurusd
2017-08-11,1.1811,eurusd
2017-08-14,1.1786,eurusd
2017-08-15,1.1736,eurusd
2017-08-16,1.1703,eurusd
2017-08-17,1.1736,eurusd
2017-08-18,1.1748,eurusd
2017-08-21,1.1814,eurusd
2017-08-22,1.1762,eurusd
2017-08-23,1.1802,eurusd
2017-08-24,1.1801,eurusd
2017-08-25,1.1874,eurusd
2017-08-28,1.1973,eurusd
2017-08-29,1.2025,eurusd
2017-08-30,1.1927,eurusd
2017-08-31,1.1894,eurusd
2017-09-01,1.1878,eurusd
2017-09-04,.,eurusd
2017-09-05,1.1911,eurusd
2017-09-06,1.1943,eurusd
2017-09-07,1.2028,eurusd
2017-09-08,1.2041,eurusd
2017-09-11,1.1964,eurusd
2017-09-12,1.1968,eurusd
2017-09-13,1.1898,eurusd
2017-09-14,1.1886,eurusd
2017-09-15,1.1959,eurusd
2017-09-18,1.1938,eurusd
2017-09-19,1.1980,eurusd
2017-09-20,1.1998,eurusd
2017-09-21,1.1946,eurusd
2017-09-22,1.1969,eurusd
2017-09-25,1.1852,eurusd
2017-09-26,1.1772,eurusd
2017-09-27,1.1747,eurusd
2017-09-28,1.1776,eurusd
2017-09-29,1.1813,eurusd
2017-10-02,1.1745,eurusd
2017-10-03,1.1759,eurusd
2017-10-04,1.1760,eurusd
2017-10-05,1.1706,eurusd
2017-10-06,1.1732,eurusd
2017-10-09,.,eurusd
2017-10-10,1.1804,eurusd
2017-10-11,1.1847,eurusd
2017-10-12,1.1840,eurusd
2017-10-13,1.1837,eurusd
2017-10-16,1.1810,eurusd
2017-10-17,1.1754,eurusd
2017-10-18,1.1775,eurusd
2017-10-19,1.1842,eurusd
2017-10-20,1.1770,eurusd
2017-10-23,1.1762,eurusd
2017-10-24,1.1766,eurusd
2017-10-25,1.1802,eurusd
2017-10-26,1.1700,eurusd
2017-10-27,1.1580,eurusd
2017-10-30,1.1626,eurusd
2017-10-31,1.1648,eurusd
2017-11-01,1.1618,eurusd
2017-11-02,1.1672,eurusd
2017-11-03,1.1616,eurusd
2017-11-06,1.1600,eurusd
2017-11-07,1.1577,eurusd
2017-11-08,1.1591,eurusd
2017-11-09,1.1648,eurusd
2017-11-10,.,eurusd
2017-11-13,1.1656,eurusd
2017-11-14,1.1764,eurusd
2017-11-15,1.1794,eurusd
2017-11-16,1.1772,eurusd
2017-11-17,1.1799,eurusd
2017-11-20,1.1741,eurusd
2017-11-21,1.1741,eurusd
2017-11-22,1.1789,eurusd
2017-11-23,.,eurusd
2017-11-24,1.1936,eurusd
2017-11-27,1.1911,eurusd
2017-11-28,1.1878,eurusd
2017-11-29,1.1858,eurusd
2017-11-30,1.1898,eurusd
2017-12-01,1.1910,eurusd
2017-12-04,1.1848,eurusd
2017-12-05,1.1820,eurusd
2017-12-06,1.1788,eurusd
2017-12-07,1.1790,eurusd
2017-12-08,1.1761,eurusd
2017-12-11,1.1802,eurusd
2017-12-12,1.1725,eurusd
2017-12-13,1.1762,eurusd
2017-12-14,1.1778,eurusd
2017-12-15,1.1778,eurusd
2017-12-18,1.1804,eurusd
2017-12-19,1.1822,eurusd
2017-12-20,1.1881,eurusd
2017-12-21,1.1872,eurusd
2017-12-22,1.1839,eurusd
2017-12-25,.,eurusd
2017-12-26,1.1867,eurusd
2017-12-27,1.1902,eurusd
2017-12-28,1.1952,eurusd
2017-12-29,1.2022,eurusd
2018-01-01,.,eurusd
2018-01-02,1.2050,eurusd
2018-01-03,1.2030,eurusd
2018-01-04,1.2064,eurusd
2018-01-05,1.2039,eurusd
2018-01-08,1.1973,eurusd
2018-01-09,1.1922,eurusd
2018-01-10,1.1958,eurusd
2018-01-11,1.2035,eurusd
2018-01-12,1.2130,eurusd
2018-01-15,.,eurusd
2018-01-16,1.2244,eurusd
2018-01-17,1.2229,eurusd
2018-01-18,1.2238,eurusd
2018-01-19,1.2238,eurusd
2018-01-22,1.2230,eurusd
2018-01-23,1.2277,eurusd
2018-01-24,1.2390,eurusd
2018-01-25,1.2488,eurusd
2018-01-26,1.2422,eurusd
2018-01-29,1.2352,eurusd
2018-01-30,1.2390,eurusd
2018-01-31,1.2428,eurusd
2018-02-01,1.2482,eurusd
2018-02-02,1.2446,eurusd
2018-02-05,1.2418,eurusd
2018-02-06,1.2381,eurusd
2018-02-07,1.2281,eurusd
2018-02-08,1.2238,eurusd
2018-02-09,1.2226,eurusd
2018-02-12,1.2267,eurusd
2018-02-13,1.2363,eurusd
2018-02-14,1.2396,eurusd
2018-02-15,1.2482,eurusd
2018-02-16,1.2442,eurusd
2018-02-19,.,eurusd
2018-02-20,1.2348,eurusd
2018-02-21,1.2314,eurusd
2018-02-22,1.2326,eurusd
2018-02-23,1.2298,eurusd
2018-02-26,1.2296,eurusd
2018-02-27,1.2239,eurusd
2018-02-28,1.2211,eurusd
2018-03-01,1.2216,eurusd
2018-03-02,1.2314,eurusd
2018-03-05,1.233,eurusd
2018-03-06,1.2415,eurusd
2018-03-07,1.2397,eurusd
2018-03-08,1.2314,eurusd
2018-03-09,1.2326,eurusd
2018-03-12,1.2318,eurusd
2018-03-13,1.2398,eurusd
2018-03-14,1.2362,eurusd
2018-03-15,1.2321,eurusd
2018-03-16,1.228,eurusd
2018-03-19,1.2329,eurusd
2018-03-20,1.2271,eurusd
2018-03-21,1.2268,eurusd
2018-03-22,1.231,eurusd
2018-03-23,1.236,eurusd
2018-03-26,1.244,eurusd
2018-03-27,1.241,eurusd
2018-03-28,1.2351,eurusd
2018-03-29,1.2297,eurusd
2018-03-30,1.232,eurusd
2018-04-02,1.2288,eurusd
2018-04-03,1.2261,eurusd
2018-04-04,1.2292,eurusd
2018-04-05,1.223,eurusd
2018-04-06,1.2274,eurusd
2018-04-09,1.232,eurusd
2018-04-10,1.2338,eurusd
2018-04-11,1.2384,eurusd
2018-04-12,1.232,eurusd
2018-04-13,1.2322,eurusd
2018-04-16,1.2373,eurusd
2018-04-17,1.2345,eurusd
2018-04-18,1.238,eurusd
2018-04-19,1.2336,eurusd
2018-04-20,1.2282,eurusd
2018-04-23,1.2216,eurusd
2018-04-24,1.2226,eurusd
2018-04-25,1.2178,eurusd
2018-04-26,1.2113,eurusd
2018-04-27,1.2108,eurusd
2018-04-30,1.2074,eurusd
2018-05-01,1.2,eurusd
2018-05-02,1.1968,eurusd
2018-05-03,1.197,eurusd
2018-05-04,1.1946,eurusd
2018-05-07,1.1927,eurusd
2018-05-08,1.1863,eurusd
2018-05-09,1.1852,eurusd
2018-05-10,1.1896,eurusd
2018-05-11,1.1951,eurusd
2018-05-14,1.1976,eurusd
2018-05-15,1.1864,eurusd
2018-05-16,1.1788,eurusd
2018-05-17,1.1798,eurusd
2018-05-18,1.1775,eurusd
2018-05-21,1.1768,eurusd
2018-05-22,1.1783,eurusd
2018-05-23,1.1693,eurusd
2018-05-24,1.1729,eurusd
2018-05-25,1.1666,eurusd
2018-05-28,.,eurusd
2018-05-29,1.1551,eurusd
2018-05-30,1.1664,eurusd
2018-05-31,1.167,eurusd
2018-06-01,1.1679,eurusd
2018-06-04,1.1696,eurusd
2018-06-05,1.1672,eurusd
2018-06-06,1.1778,eurusd
2018-06-07,1.1815,eurusd
2018-06-08,1.1773,eurusd
2018-06-11,1.1802,eurusd
2018-06-12,1.1792,eurusd
2018-06-13,1.1784,eurusd
2018-06-14,1.1634,eurusd
2018-06-15,1.1616,eurusd
2018-06-18,1.1606,eurusd
2018-06-19,1.1577,eurusd
2018-06-20,1.1592,eurusd
2018-06-21,1.16,eurusd
2018-06-22,1.163,eurusd
2018-06-25,1.1694,eurusd
2018-06-26,1.1675,eurusd
2018-06-27,1.1588,eurusd
2018-06-28,1.1582,eurusd
2018-06-29,1.1677,eurusd
2018-07-02,1.1604,eurusd
2018-07-03,1.1653,eurusd
2018-07-04,.,eurusd
2018-07-05,1.1697,eurusd
2018-07-06,1.1738,eurusd
2018-07-09,1.1744,eurusd
2018-07-10,1.1728,eurusd
2018-07-11,1.1722,eurusd
2018-07-12,1.1692,eurusd
2018-07-13,1.1667,eurusd
2018-07-16,1.171,eurusd
2018-07-17,1.1664,eurusd
2018-07-18,1.1645,eurusd
2018-07-19,1.1604,eurusd
2018-07-20,1.1708,eurusd
2018-07-23,1.1702,eurusd
2018-07-24,1.1684,eurusd
2018-07-25,1.1677,eurusd
2018-07-26,1.1654,eurusd
2018-07-27,1.166,eurusd
2018-07-30,1.1718,eurusd
2018-07-31,1.1706,eurusd
2018-08-01,1.1666,eurusd
2018-08-02,1.1612,eurusd
2018-08-03,1.1597,eurusd
2018-08-06,1.1564,eurusd
2018-08-07,1.1597,eurusd
2018-08-08,1.1598,eurusd
2018-08-09,1.1566,eurusd
2018-08-10,1.1399,eurusd
2018-08-13,1.1396,eurusd
2018-08-14,1.1351,eurusd
2018-08-15,1.1332,eurusd
2018-08-16,1.1388,eurusd
2018-08-17,1.141,eurusd
2018-08-20,1.1438,eurusd
2018-08-21,1.1534,eurusd
2018-08-22,1.1595,eurusd
2018-08-23,1.1567,eurusd
2018-08-24,1.1625,eurusd
2018-08-27,1.1676,eurusd
2018-08-28,1.172,eurusd
2018-08-29,1.1699,eurusd
2018-08-30,1.1646,eurusd
2018-08-31,1.1596,eurusd
2018-09-03,.,eurusd
2018-09-04,1.1566,eurusd
2018-09-05,1.162,eurusd
2018-09-06,1.1624,eurusd
2018-09-07,1.1572,eurusd
2018-09-10,1.1604,eurusd
2018-09-11,1.1591,eurusd
2018-09-12,1.1626,eurusd
2018-09-13,1.1672,eurusd
2018-09-14,1.1656,eurusd
2018-09-17,1.1687,eurusd
2018-09-18,1.1693,eurusd
2018-09-19,1.1685,eurusd
2018-09-20,1.1744,eurusd
2018-09-21,1.1739,eurusd
2018-09-24,1.1773,eurusd
2018-09-25,1.177,eurusd
2018-09-26,1.1758,eurusd
2018-09-27,1.167,eurusd
2018-09-28,1.1622,eurusd
2018-10-01,1.1567,eurusd
2018-10-02,1.156,eurusd
2018-10-03,1.1525,eurusd
2018-10-04,1.1508,eurusd
2018-10-05,1.1502,eurusd
2018-10-08,.,eurusd
2018-10-09,1.1482,eurusd
2018-10-10,1.1541,eurusd
2018-10-11,1.1565,eurusd
2018-10-12,1.1559,eurusd
2018-10-15,1.1594,eurusd
2018-10-16,1.1593,eurusd
2018-10-17,1.154,eurusd
2018-10-18,1.1494,eurusd
2018-10-19,1.1513,eurusd
2018-10-22,1.1467,eurusd
2018-10-23,1.148,eurusd
2018-10-24,1.1389,eurusd
2018-10-25,1.1374,eurusd
2018-10-26,1.1388,eurusd
2018-10-29,1.139,eurusd
2018-10-30,1.1364,eurusd
2018-10-31,1.1332,eurusd
2018-11-01,1.1396,eurusd
2018-11-02,1.1378,eurusd
2018-11-05,1.1394,eurusd
2018-11-06,1.1412,eurusd
2018-11-07,1.1459,eurusd
2018-11-08,1.1416,eurusd
2018-11-09,1.1325,eurusd
2018-11-12,.,eurusd
2018-11-13,1.1288,eurusd
2018-11-14,1.1312,eurusd
2018-11-15,1.1324,eurusd
2018-11-16,1.1402,eurusd
2018-11-19,1.1448,eurusd
2018-11-20,1.1391,eurusd
2018-11-21,1.1393,eurusd
2018-11-22,.,eurusd
2018-11-23,1.1332,eurusd
2018-11-26,1.1336,eurusd
2018-11-27,1.1281,eurusd
2018-11-28,1.1286,eurusd
2018-11-29,1.1382,eurusd
2018-11-30,1.1323,eurusd
2018-12-03,1.1356,eurusd
2018-12-04,1.1345,eurusd
2018-12-05,.,eurusd
2018-12-06,1.1374,eurusd
2018-12-07,1.139,eurusd
2018-12-10,1.1368,eurusd
2018-12-11,1.1314,eurusd
2018-12-12,1.1362,eurusd
2018-12-13,1.1358,eurusd
2018-12-14,1.13,eurusd
2018-12-17,1.1339,eurusd
2018-12-18,1.1364,eurusd
2018-12-19,1.1422,eurusd
2018-12-20,1.1432,eurusd
2018-12-21,1.1402,eurusd
2018-12-24,.,eurusd
2018-12-25,.,eurusd
2018-12-26,1.1408,eurusd
2018-12-27,1.1412,eurusd
2018-12-28,1.1445,eurusd
2018-12-31,1.1456,eurusd
2019-01-01,.,eurusd
2019-01-02,1.1357,eurusd
2019-01-03,1.1399,eurusd
2019-01-04,1.141,eurusd
2019-01-07,1.1468,eurusd
2019-01-08,1.1444,eurusd
2019-01-09,1.1524,eurusd
2019-01-10,1.1517,eurusd
2019-01-11,1.1479,eurusd
2019-01-14,.,eurusd
2019-01-15,1.1392,eurusd
2019-01-16,1.1408,eurusd
2019-01-17,1.1386,eurusd
2019-01-18,1.1362,eurusd
2019-01-21,.,eurusd
2019-01-22,1.1359,eurusd
2019-01-23,1.139,eurusd
2019-01-24,1.1322,eurusd
2019-01-25,1.1407,eurusd
2019-01-28,1.1438,eurusd
2019-01-29,1.1424,eurusd
2019-01-30,1.1418,eurusd
2019-01-31,1.1454,eurusd
2019-02-01,1.1474,eurusd
2019-02-04,1.1438,eurusd
2019-02-05,1.1406,eurusd
2019-02-06,1.138,eurusd
2019-02-07,1.1357,eurusd
2019-02-08,1.1326,eurusd
2019-02-11,1.1277,eurusd
2019-02-12,1.1316,eurusd
2019-02-13,1.1288,eurusd
2019-02-14,1.1284,eurusd
2019-02-15,1.1268,eurusd
2019-02-18,.,eurusd
2019-02-19,1.1328,eurusd
2019-02-20,.,eurusd
2019-02-21,1.1338,eurusd
2019-02-22,1.1342,eurusd
2019-02-25,1.1345,eurusd
2019-02-26,1.1374,eurusd
2019-02-27,1.137,eurusd
2019-02-28,1.1379,eurusd
2019-03-01,1.1376,eurusd
2019-03-04,1.1328,eurusd
2019-03-05,1.13,eurusd
2019-03-06,1.132,eurusd
2019-03-07,1.1214,eurusd
2019-03-08,1.1243,eurusd
2019-03-11,1.1226,eurusd
2019-03-12,1.1276,eurusd
2019-03-13,1.131,eurusd
2019-03-14,1.1304,eurusd
2019-03-15,1.1326,eurusd
2019-03-18,1.1337,eurusd
2019-03-19,1.1346,eurusd
2019-03-20,1.1352,eurusd
2019-03-21,1.1361,eurusd
2019-03-22,1.1282,eurusd
2019-03-25,1.1324,eurusd
2019-03-26,1.128,eurusd
2019-03-27,1.125,eurusd
2019-03-28,1.1236,eurusd
2019-03-29,1.1228,eurusd
2019-04-01,1.121,eurusd
2019-04-02,1.1186,eurusd
2019-04-03,1.1242,eurusd
2019-04-04,1.1216,eurusd
2019-04-05,1.1217,eurusd
2019-04-08,1.1262,eurusd
2019-04-09,1.1278,eurusd
2019-04-10,1.1266,eurusd
2019-04-11,1.1262,eurusd
2019-04-12,1.1304,eurusd
2019-04-15,1.1304,eurusd
2019-04-16,1.1293,eurusd
2019-04-17,1.1297,eurusd
2019-04-18,1.1241,eurusd
2019-04-19,1.1246,eurusd
2019-04-22,1.1258,eurusd
2019-04-23,1.1213,eurusd
2019-04-24,1.1192,eurusd
2019-04-25,1.114,eurusd
2019-04-26,1.1154,eurusd
2019-04-29,1.1166,eurusd
2019-04-30,1.1201,eurusd
2019-05-01,1.1246,eurusd
2019-05-02,1.1184,eurusd
2019-05-03,1.1186,eurusd
2019-05-06,1.1197,eurusd
2019-05-07,1.1178,eurusd
2019-05-08,1.1206,eurusd
2019-05-09,1.1228,eurusd
2019-05-10,1.1241,eurusd
2019-05-13,1.1232,eurusd
2019-05-14,1.1207,eurusd
2019-05-15,1.1208,eurusd
2019-05-16,1.1178,eurusd
2019-05-17,1.1166,eurusd
2019-05-20,1.117,eurusd
2019-05-21,1.1158,eurusd
2019-05-22,1.1156,eurusd
2019-05-23,1.1172,eurusd
2019-05-24,1.1197,eurusd
2019-05-27,.,eurusd
2019-05-28,1.1177,eurusd
2019-05-29,1.1136,eurusd
2019-05-30,1.114,eurusd
2019-05-31,1.1149,eurusd
2019-06-03,1.1206,eurusd
2019-06-04,1.1236,eurusd
2019-06-05,1.1242,eurusd
2019-06-06,1.1294,eurusd
2019-06-07,1.1324,eurusd
2019-06-10,1.1311,eurusd
2019-06-11,1.1316,eurusd
2019-06-12,1.131,eurusd
2019-06-13,1.1275,eurusd
2019-06-14,1.1217,eurusd
2019-06-17,1.1235,eurusd
2019-06-18,1.1196,eurusd
2019-06-19,1.1214,eurusd
2019-06-20,1.1284,eurusd
2019-06-21,1.1328,eurusd
2019-06-24,1.1393,eurusd
2019-06-25,1.1386,eurusd
2019-06-26,1.139,eurusd
2019-06-27,1.1372,eurusd
2019-06-28,1.1374,eurusd
2019-07-01,1.1307,eurusd
2019-07-02,1.1301,eurusd
2019-07-03,1.1275,eurusd
2019-07-04,.,eurusd
2019-07-05,1.1216,eurusd
2019-07-08,1.1208,eurusd
2019-07-09,1.121,eurusd
2019-07-10,1.126,eurusd
2019-07-11,1.1261,eurusd
2019-07-12,1.1254,eurusd
2019-07-15,1.126,eurusd
2019-07-16,1.1212,eurusd
2019-07-17,1.1232,eurusd
2019-07-18,1.1228,eurusd
2019-07-19,1.122,eurusd
2019-07-22,1.1214,eurusd
2019-07-23,1.1156,eurusd
2019-07-24,1.1141,eurusd
2019-07-25,1.1156,eurusd
2019-07-26,1.1121,eurusd
2019-07-29,1.1142,eurusd
2019-07-30,1.1148,eurusd
2019-07-31,1.113,eurusd
2019-08-01,1.1062,eurusd
2019-08-02,1.1112,eurusd
2019-08-05,1.1197,eurusd
2019-08-06,1.1196,eurusd
2019-08-07,1.1236,eurusd
2019-08-08,1.121,eurusd
2019-08-09,1.1222,eurusd
2019-08-12,1.1212,eurusd
2019-08-13,1.1182,eurusd
2019-08-14,1.1144,eurusd
2019-08-15,1.1106,eurusd
2019-08-16,1.1091,eurusd
2019-08-19,1.1096,eurusd
2019-08-20,1.1092,eurusd
2019-08-21,1.1098,eurusd
2019-08-22,1.1089,eurusd
2019-08-23,1.1148,eurusd
2019-08-26,1.1112,eurusd
2019-08-27,1.1094,eurusd
2019-08-28,1.1084,eurusd
2019-08-29,1.1059,eurusd
2019-08-30,1.0989,eurusd
2019-09-02,.,eurusd
2019-09-03,1.0968,eurusd
2019-09-04,1.1025,eurusd
2019-09-05,1.1038,eurusd
2019-09-06,1.1042,eurusd
2019-09-09,1.1056,eurusd
2019-09-10,1.1042,eurusd
2019-09-11,1.1001,eurusd
2019-09-12,1.1074,eurusd
2019-09-13,1.1074,eurusd
2019-09-16,1.1006,eurusd
2019-09-17,1.1063,eurusd
2019-09-18,1.1061,eurusd
2019-09-19,1.1046,eurusd
2019-09-20,1.1004,eurusd
2019-09-23,1.0991,eurusd
2019-09-24,1.0999,eurusd
2019-09-25,1.0949,eurusd
2019-09-26,1.0938,eurusd
2019-09-27,1.0942,eurusd
2019-09-30,1.0905,eurusd
2019-10-01,1.0932,eurusd
2019-10-02,1.0951,eurusd
2019-10-03,1.0991,eurusd
2019-10-04,1.0974,eurusd
2019-10-07,1.0984,eurusd
2019-10-08,1.0949,eurusd
2019-10-09,1.0978,eurusd
2019-10-10,1.1018,eurusd
2019-10-11,1.1039,eurusd
2019-10-14,.,eurusd
2019-10-15,1.1036,eurusd
2019-10-16,1.1075,eurusd
2019-10-17,1.1129,eurusd
2019-10-18,1.1155,eurusd
2019-10-21,1.1145,eurusd
2019-10-22,1.1138,eurusd
2019-10-23,1.1118,eurusd
2019-10-24,1.1098,eurusd
2019-10-25,1.1081,eurusd
2019-10-28,1.1094,eurusd
2019-10-29,1.1117,eurusd
2019-10-30,1.1123,eurusd
2019-10-31,1.1155,eurusd
2019-11-01,1.1169,eurusd
2019-11-04,1.1144,eurusd
2019-11-05,1.107,eurusd
2019-11-06,1.1076,eurusd
2019-11-07,1.1045,eurusd
2019-11-08,1.1019,eurusd
2019-11-11,.,eurusd
2019-11-12,1.1017,eurusd
2019-11-13,1.1004,eurusd
2019-11-14,1.1016,eurusd
2019-11-15,1.1046,eurusd
2019-11-18,1.1079,eurusd
2019-11-19,1.1075,eurusd
2019-11-20,1.1063,eurusd
2019-11-21,1.1067,eurusd
2019-11-22,1.1029,eurusd
2019-11-25,1.1009,eurusd
2019-11-26,1.1012,eurusd
2019-11-27,1.1002,eurusd
2019-11-28,.,eurusd
2019-11-29,1.1019,eurusd
2019-12-02,1.1075,eurusd
2019-12-03,1.1089,eurusd
2019-12-04,1.1076,eurusd
2019-12-05,1.1104,eurusd
2019-12-06,1.1052,eurusd
2019-12-09,1.1067,eurusd
2019-12-10,1.109,eurusd
2019-12-11,1.1092,eurusd
2019-12-12,1.1115,eurusd
2019-12-13,1.1128,eurusd
2019-12-16,1.1139,eurusd
2019-12-17,1.1148,eurusd
2019-12-18,1.1113,eurusd
2019-12-19,1.1128,eurusd
2019-12-20,1.1076,eurusd
2019-12-23,1.1091,eurusd
2019-12-24,1.1084,eurusd
2019-12-25,.,eurusd
2019-12-26,1.1102,eurusd
2019-12-27,1.1174,eurusd
2019-12-30,1.1217,eurusd
2019-12-31,1.1227,eurusd
2020-01-01,.,eurusd
2020-01-02,1.1166,eurusd
2020-01-03,1.1173,eurusd
2020-01-06,1.1187,eurusd
2020-01-07,1.1138,eurusd
2020-01-08,1.1117,eurusd
2020-01-09,1.1106,eurusd
2020-01-10,1.1119,eurusd
2020-01-13,1.1138,eurusd
2020-01-14,1.113,eurusd
2020-01-15,1.116,eurusd
2020-01-16,1.1131,eurusd
2020-01-17,1.1093,eurusd
2020-01-20,.,eurusd
2020-01-21,1.1096,eurusd
2020-01-22,1.1085,eurusd
2020-01-23,1.1041,eurusd
2020-01-24,1.1026,eurusd
2020-01-27,1.1019,eurusd
2020-01-28,1.1008,eurusd
2020-01-29,1.1004,eurusd
2020-01-30,1.1032,eurusd
2020-01-31,1.1082,eurusd
2020-02-03,1.1062,eurusd
2020-02-04,1.1043,eurusd
2020-02-05,1.1006,eurusd
2020-02-06,1.0979,eurusd
2020-02-07,1.095,eurusd
2020-02-10,1.0916,eurusd
2020-02-11,1.0917,eurusd
2020-02-12,1.0893,eurusd
2020-02-13,1.0848,eurusd
2020-02-14,1.0839,eurusd
2020-02-17,.,eurusd
2020-02-18,1.0815,eurusd
2020-02-19,1.0794,eurusd
2020-02-20,1.0797,eurusd
2020-02-21,1.0855,eurusd
2020-02-24,1.0857,eurusd
2020-02-25,1.0868,eurusd
2020-02-26,1.0887,eurusd
2020-02-27,1.0977,eurusd
2020-02-28,1.1001,eurusd
2020-03-02,1.1164,eurusd
2020-03-03,1.1175,eurusd
2020-03-04,1.113,eurusd
2020-03-05,1.1202,eurusd
2020-03-06,1.1319,eurusd
2020-03-09,1.142,eurusd
2020-03-10,1.1342,eurusd
2020-03-11,1.128,eurusd
2020-03-12,1.1081,eurusd
2020-03-13,1.1066,eurusd
2020-03-16,1.1139,eurusd
2020-03-17,1.0971,eurusd
2020-03-18,1.0833,eurusd
2020-03-19,1.0699,eurusd
2020-03-20,1.0682,eurusd
2020-03-23,1.076,eurusd
2020-03-24,1.0794,eurusd
2020-03-25,1.0835,eurusd
2020-03-26,1.1025,eurusd
2020-03-27,1.1059,eurusd
2020-03-30,1.1018,eurusd
2020-03-31,1.1016,eurusd
2020-04-01,1.0934,eurusd
2020-04-02,1.0862,eurusd
2020-04-03,1.0797,eurusd
2020-04-06,1.0808,eurusd
2020-04-07,1.0886,eurusd
2020-04-08,1.0864,eurusd
2020-04-09,1.0931,eurusd
2020-04-10,1.0951,eurusd
2020-04-13,1.0906,eurusd
2020-04-14,1.0971,eurusd
2020-04-15,1.0909,eurusd
2020-04-16,1.084,eurusd
2020-04-17,1.0883,eurusd
2020-04-20,1.0874,eurusd
2020-04-21,1.0854,eurusd
2020-04-22,1.0829,eurusd
2020-04-23,1.0815,eurusd
2020-04-24,1.0798,eurusd
2020-04-27,1.0829,eurusd
2020-04-28,1.0836,eurusd
2020-04-29,1.0853,eurusd
2020-04-30,1.0934,eurusd
2020-05-01,1.0998,eurusd
2020-05-04,1.0911,eurusd
2020-05-05,1.0844,eurusd
2020-05-06,1.0806,eurusd
2020-05-07,1.0815,eurusd
2020-05-08,1.0854,eurusd
2020-05-11,1.0818,eurusd
2020-05-12,1.0864,eurusd
2020-05-13,1.0837,eurusd
2020-05-14,1.08,eurusd
2020-05-15,1.0816,eurusd
2020-05-18,1.0904,eurusd
2020-05-19,1.0937,eurusd
2020-05-20,1.098,eurusd
2020-05-21,1.0953,eurusd
2020-05-22,1.0894,eurusd
2020-05-25,.,eurusd
2020-05-26,1.097,eurusd
2020-05-27,1.0969,eurusd
2020-05-28,1.1069,eurusd
2020-05-29,1.1107,eurusd
2020-06-01,1.1123,eurusd
2020-06-02,1.1166,eurusd
2020-06-03,1.1246,eurusd
2020-06-04,1.1322,eurusd
2020-06-05,1.1297,eurusd
2020-06-08,1.1293,eurusd
2020-06-09,1.1348,eurusd
2020-06-10,1.1355,eurusd
2020-06-11,1.1378,eurusd
2020-06-12,1.1253,eurusd
2020-06-15,1.127,eurusd
2020-06-16,1.1259,eurusd
2020-06-17,1.1219,eurusd
2020-06-18,1.1216,eurusd
2020-06-19,1.1189,eurusd
2020-06-22,1.126,eurusd
2020-06-23,1.1322,eurusd
2020-06-24,1.1272,eurusd
2020-06-25,1.1221,eurusd
2020-06-26,1.1215,eurusd
2020-06-29,1.1237,eurusd
2020-06-30,1.1237,eurusd
2020-07-01,1.1259,eurusd
2020-07-02,1.1237,eurusd
2020-07-03,.,eurusd
2020-07-06,1.1307,eurusd
2020-07-07,1.1299,eurusd
2020-07-08,1.1329,eurusd
2020-07-09,1.1298,eurusd
2020-07-10,1.1318,eurusd
2020-07-13,1.1364,eurusd
2020-07-14,1.1406,eurusd
2020-07-15,1.1406,eurusd
2020-07-16,1.1433,eurusd
2020-07-17,1.1438,eurusd
2020-07-20,1.1442,eurusd
2020-07-21,1.1495,eurusd
2020-07-22,1.1587,eurusd
2020-07-23,1.1623,eurusd
2020-07-24,1.1635,eurusd
2020-07-27,1.175,eurusd
2020-07-28,1.1733,eurusd
2020-07-29,1.177,eurusd
2020-07-30,1.1791,eurusd
2020-07-31,1.1822,eurusd
2020-08-03,1.175,eurusd
2020-08-04,1.1766,eurusd
2020-08-05,1.1898,eurusd
2020-08-06,1.1856,eurusd
2020-08-07,1.1776,eurusd
2020-08-10,1.1756,eurusd
2020-08-11,1.1764,eurusd
2020-08-12,1.1796,eurusd
2020-08-13,1.1818,eurusd
2020-08-14,1.1833,eurusd
2020-08-17,1.1869,eurusd
2020-08-18,1.1928,eurusd
2020-08-19,1.1898,eurusd
2020-08-20,1.1862,eurusd
2020-08-21,1.1775,eurusd
2020-08-24,1.1803,eurusd
2020-08-25,1.1818,eurusd
2020-08-26,1.1813,eurusd
2020-08-27,1.1824,eurusd
2020-08-28,1.1901,eurusd
2020-08-31,1.195,eurusd
2020-09-01,1.1949,eurusd
2020-09-02,1.184,eurusd
2020-09-03,1.1832,eurusd
2020-09-04,1.182,eurusd
2020-09-07,.,eurusd
2020-09-08,1.1789,eurusd
2020-09-09,1.181,eurusd
2020-09-10,1.188,eurusd
2020-09-11,1.1831,eurusd
2020-09-14,1.1874,eurusd
2020-09-15,1.1846,eurusd
2020-09-16,1.1835,eurusd
2020-09-17,1.1823,eurusd
2020-09-18,1.1857,eurusd
2020-09-21,1.1737,eurusd
2020-09-22,1.1703,eurusd
2020-09-23,1.1677,eurusd
2020-09-24,1.1666,eurusd
2020-09-25,1.1618,eurusd
2020-09-28,1.166,eurusd
2020-09-29,1.1717,eurusd
2020-09-30,1.1723,eurusd
2020-10-01,1.1752,eurusd
2020-10-02,1.1706,eurusd
2020-10-05,1.1784,eurusd
2020-10-06,1.1778,eurusd
2020-10-07,1.1766,eurusd
2020-10-08,1.1753,eurusd
2020-10-09,1.1819,eurusd
2020-10-12,.,eurusd
2020-10-13,1.1737,eurusd
2020-10-14,1.1755,eurusd
2020-10-15,1.1701,eurusd
2020-10-16,1.1717,eurusd
2020-10-19,1.1788,eurusd
2020-10-20,1.1824,eurusd
2020-10-21,1.187,eurusd
2020-10-22,1.1824,eurusd
2020-10-23,1.1844,eurusd
2020-10-26,1.1816,eurusd
2020-10-27,1.1834,eurusd
2020-10-28,1.1751,eurusd
2020-10-29,1.1658,eurusd
2020-10-30,1.1647,eurusd
2020-11-02,1.1634,eurusd
2020-11-03,1.1724,eurusd
2020-11-04,1.173,eurusd
2020-11-05,1.1809,eurusd
2020-11-06,1.1886,eurusd
2020-11-09,1.1811,eurusd
2020-11-10,1.181,eurusd
2020-11-11,.,eurusd
2020-11-12,1.1814,eurusd
2020-11-13,1.1824,eurusd
2020-11-16,1.1844,eurusd
2020-11-17,1.1862,eurusd
2020-11-18,1.1869,eurusd
2020-11-19,1.1843,eurusd
2020-11-20,1.1857,eurusd
2020-11-23,1.1826,eurusd
2020-11-24,1.1874,eurusd
2020-11-25,1.1908,eurusd
2020-11-26,.,eurusd
2020-11-27,.,eurusd
2020-11-30,1.1948,eurusd
2020-12-01,1.2039,eurusd
2020-12-02,1.2093,eurusd
2020-12-03,1.2152,eurusd
2020-12-04,1.2142,eurusd
2020-12-07,1.2138,eurusd
2020-12-08,1.2111,eurusd
2020-12-09,1.208,eurusd
2020-12-10,1.2118,eurusd
2020-12-11,1.2112,eurusd
2020-12-14,1.2145,eurusd
2020-12-15,1.2158,eurusd
2020-12-16,1.2175,eurusd
2020-12-17,1.2258,eurusd
2020-12-18,1.2236,eurusd
2020-12-21,1.223,eurusd
2020-12-22,1.2172,eurusd
2020-12-23,1.2194,eurusd
2020-12-24,.,eurusd
2020-12-25,.,eurusd
2020-12-28,1.2213,eurusd
2020-12-29,1.2252,eurusd
2020-12-30,1.228,eurusd
2020-12-31,1.223,eurusd
2021-01-01,.,eurusd
2021-01-04,1.2254,eurusd
2021-01-05,1.2295,eurusd
2021-01-06,1.229,eurusd
2021-01-07,1.2265,eurusd
2021-01-08,1.2252,eurusd
2021-01-11,1.2169,eurusd
2021-01-12,1.2168,eurusd
2021-01-13,1.2159,eurusd
2021-01-14,1.2156,eurusd
2021-01-15,1.2099,eurusd
2021-01-18,.,eurusd
2021-01-19,1.2126,eurusd
2021-01-20,.,eurusd
2021-01-21,1.2143,eurusd
2021-01-22,1.2179,eurusd
2021-01-25,1.2138,eurusd
2021-01-26,1.2147,eurusd
2021-01-27,1.2101,eurusd
2021-01-28,1.2122,eurusd
2021-01-29,1.2135,eurusd
2021-02-01,1.207,eurusd
2021-02-02,1.202,eurusd
2021-02-03,1.2025,eurusd
2021-02-04,1.1974,eurusd
2021-02-05,1.2035,eurusd
2021-02-08,1.2045,eurusd
2021-02-09,1.2106,eurusd
2021-02-10,1.2132,eurusd
2021-02-11,1.2127,eurusd
2021-02-12,1.2126,eurusd
2021-02-15,.,eurusd
2021-02-16,1.2107,eurusd
2021-02-17,1.2042,eurusd
2021-02-18,1.2078,eurusd
2021-02-19,1.2136,eurusd
2021-02-22,1.2155,eurusd
2021-02-23,1.2142,eurusd
2021-02-24,1.2143,eurusd
2021-02-25,1.2229,eurusd
2021-02-26,1.2093,eurusd
2021-03-01,1.2054,eurusd
2021-03-02,1.2079,eurusd
2021-03-03,1.2073,eurusd
2021-03-04,1.2045,eurusd
2021-03-05,1.1914,eurusd
2021-03-08,1.1849,eurusd
2021-03-09,1.1885,eurusd
2021-03-10,1.19,eurusd
2021-03-11,1.1978,eurusd
2021-03-12,1.1952,eurusd
2021-03-15,1.1917,eurusd
2021-03-16,1.1895,eurusd
2021-03-17,1.1905,eurusd
2021-03-18,1.1926,eurusd
2021-03-19,1.1909,eurusd
2021-03-22,1.1932,eurusd
2021-03-23,1.1872,eurusd
2021-03-24,1.1831,eurusd
2021-03-25,1.1777,eurusd
2021-03-26,1.1798,eurusd
2021-03-29,1.1779,eurusd
2021-03-30,1.1724,eurusd
2021-03-31,1.1743,eurusd
2021-04-01,1.1772,eurusd
2021-04-02,1.1763,eurusd
2021-04-05,1.181,eurusd
2021-04-06,1.1852,eurusd
2021-04-07,1.189,eurusd
2021-04-08,1.1904,eurusd
2021-04-09,1.1897,eurusd
2021-04-12,1.1907,eurusd
2021-04-13,1.1939,eurusd
2021-04-14,1.1974,eurusd
2021-04-15,1.1964,eurusd
2021-04-16,1.198,eurusd
2021-04-19,1.2028,eurusd
2021-04-20,1.2045,eurusd
2021-04-21,1.2033,eurusd
2021-04-22,1.2012,eurusd
2021-04-23,1.2069,eurusd
2021-04-26,1.2083,eurusd
2021-04-27,1.2079,eurusd
2021-04-28,1.2098,eurusd
2021-04-29,1.211,eurusd
2021-04-30,1.203,eurusd
2021-05-03,1.2059,eurusd
2021-05-04,1.2014,eurusd
2021-05-05,1.2003,eurusd
2021-05-06,1.2049,eurusd
2021-05-07,1.2165,eurusd
2021-05-10,1.217,eurusd
2021-05-11,1.2169,eurusd
2021-05-12,1.2074,eurusd
2021-05-13,1.207,eurusd
2021-05-14,1.2141,eurusd
2021-05-17,1.2155,eurusd
2021-05-18,1.2203,eurusd
2021-05-19,1.2216,eurusd
2021-05-20,1.2225,eurusd
2021-05-21,1.2178,eurusd
2021-05-24,1.221,eurusd
2021-05-25,1.2233,eurusd
2021-05-26,1.2204,eurusd
2021-05-27,1.2194,eurusd
2021-05-28,1.2194,eurusd
2021-05-31,.,eurusd
2021-06-01,1.2241,eurusd
2021-06-02,1.2213,eurusd
2021-06-03,1.2122,eurusd
2021-06-04,1.2173,eurusd
2021-06-07,1.22,eurusd
2021-06-08,1.218,eurusd
2021-06-09,1.2184,eurusd
2021-06-10,1.2173,eurusd
2021-06-11,1.2101,eurusd
2021-06-14,1.2126,eurusd
2021-06-15,1.212,eurusd
2021-06-16,1.2119,eurusd
2021-06-17,1.1911,eurusd
2021-06-18,1.1872,eurusd
2021-06-21,1.1909,eurusd
2021-06-22,1.191,eurusd
2021-06-23,1.195,eurusd
2021-06-24,1.1927,eurusd
2021-06-25,1.194,eurusd
2021-06-28,1.1938,eurusd
2021-06-29,1.1905,eurusd
2021-06-30,1.1848,eurusd
2021-07-01,1.1857,eurusd
2021-07-02,1.1848,eurusd
2021-07-05,.,eurusd
2021-07-06,1.1816,eurusd
2021-07-07,1.1803,eurusd
2021-07-08,1.184,eurusd
2021-07-09,1.1861,eurusd
2021-07-12,1.1858,eurusd
2021-07-13,1.1813,eurusd
2021-07-14,1.1826,eurusd
2021-07-15,1.1806,eurusd
2021-07-16,1.181,eurusd
2021-07-19,1.1804,eurusd
2021-07-20,1.1776,eurusd
2021-07-21,1.1799,eurusd
2021-07-22,1.1771,eurusd
2021-07-23,1.1761,eurusd
2021-07-26,1.181,eurusd
2021-07-27,1.1831,eurusd
2021-07-28,1.1809,eurusd
2021-07-29,1.1886,eurusd
2021-07-30,1.1864,eurusd
2021-08-02,1.1873,eurusd
2021-08-03,1.1859,eurusd
2021-08-04,1.1841,eurusd
2021-08-05,1.1838,eurusd
2021-08-06,1.1761,eurusd
2021-08-09,1.1749,eurusd
2021-08-10,1.1722,eurusd
2021-08-11,1.1737,eurusd
2021-08-12,1.1736,eurusd
2021-08-13,1.1796,eurusd
2021-08-16,1.1776,eurusd
2021-08-17,1.1714,eurusd
2021-08-18,1.1702,eurusd
2021-08-19,1.1693,eurusd
2021-08-20,1.169,eurusd
2021-08-23,1.1732,eurusd
2021-08-24,1.1746,eurusd
2021-08-25,1.1758,eurusd
2021-08-26,1.1761,eurusd
2021-08-27,1.1794,eurusd
2021-08-30,1.1795,eurusd
2021-08-31,1.18,eurusd
2021-09-01,1.185,eurusd
2021-09-02,1.1858,eurusd
2021-09-03,1.1884,eurusd
2021-09-06,.,eurusd
2021-09-07,1.1849,eurusd
2021-09-08,1.1818,eurusd
2021-09-09,1.1827,eurusd
2021-09-10,1.1821,eurusd
2021-09-13,1.1809,eurusd
2021-09-14,1.1824,eurusd
2021-09-15,1.1811,eurusd
2021-09-16,1.1764,eurusd
2021-09-17,1.1734,eurusd
2021-09-20,1.1729,eurusd
2021-09-21,1.1724,eurusd
2021-09-22,1.1739,eurusd
2021-09-23,1.1735,eurusd
2021-09-24,1.1715,eurusd
2021-09-27,1.1702,eurusd
2021-09-28,1.1681,eurusd
2021-09-29,1.1612,eurusd
2021-09-30,1.1577,eurusd
2021-10-01,1.1598,eurusd
2021-10-04,1.1622,eurusd
2021-10-05,1.1609,eurusd
2021-10-06,1.1546,eurusd
2021-10-07,1.1561,eurusd
2021-10-08,1.1572,eurusd
2021-10-11,.,eurusd
2021-10-12,1.1541,eurusd
2021-10-13,1.1568,eurusd
2021-10-14,1.1591,eurusd
2021-10-15,1.1594,eurusd
2021-10-18,1.1609,eurusd
2021-10-19,1.1632,eurusd
2021-10-20,1.1643,eurusd
2021-10-21,1.1643,eurusd
2021-10-22,1.1632,eurusd
2021-10-25,1.1609,eurusd
2021-10-26,1.159,eurusd
2021-10-27,1.16,eurusd
2021-10-28,1.1685,eurusd
2021-10-29,1.1552,eurusd
2021-11-01,1.1591,eurusd
2021-11-02,1.1581,eurusd
2021-11-03,1.1584,eurusd
2021-11-04,1.1546,eurusd
2021-11-05,1.1554,eurusd
2021-11-08,1.159,eurusd
2021-11-09,1.1589,eurusd
2021-11-10,1.1517,eurusd
2021-11-11,.,eurusd
2021-11-12,1.1443,eurusd
2021-11-15,1.1421,eurusd
2021-11-16,1.1333,eurusd
2021-11-17,1.1322,eurusd
2021-11-18,1.1358,eurusd
2021-11-19,1.1318,eurusd
2021-11-22,1.126,eurusd
2021-11-23,1.1265,eurusd
2021-11-24,1.1196,eurusd
2021-11-25,.,eurusd
2021-11-26,1.1302,eurusd
2021-11-29,1.1261,eurusd
2021-11-30,1.1287,eurusd
2021-12-01,1.1323,eurusd
2021-12-02,1.1306,eurusd
2021-12-03,1.1308,eurusd
2021-12-06,1.1282,eurusd
2021-12-07,1.1247,eurusd
2021-12-08,1.133,eurusd
2021-12-09,1.1285,eurusd
2021-12-10,1.1312,eurusd
2021-12-13,1.1298,eurusd
2021-12-14,1.1267,eurusd
2021-12-15,1.1261,eurusd
2021-12-16,1.1309,eurusd
2021-12-17,1.1277,eurusd
2021-12-20,1.1298,eurusd
2021-12-21,1.1272,eurusd
2021-12-22,1.1324,eurusd
2021-12-23,1.132,eurusd
2021-12-24,.,eurusd
2021-12-27,1.1329,eurusd
2021-12-28,1.1314,eurusd
2021-12-29,1.1337,eurusd
2021-12-30,1.1318,eurusd
2021-12-31,.,eurusd
2022-01-03,1.129,eurusd
2022-01-04,1.1296,eurusd
2022-01-05,1.1335,eurusd
2022-01-06,1.1307,eurusd
2022-01-07,1.1358,eurusd
2022-01-10,1.1328,eurusd
2022-01-11,1.1363,eurusd
2022-01-12,1.1431,eurusd
2022-01-13,1.1464,eurusd
2022-01-14,1.1414,eurusd
2022-01-17,.,eurusd
2022-01-18,1.1336,eurusd
2022-01-19,1.1346,eurusd
2022-01-20,1.1336,eurusd
2022-01-21,1.1346,eurusd
2022-01-24,1.131,eurusd
2022-01-25,1.1283,eurusd
2022-01-26,1.1279,eurusd
2022-01-27,1.1141,eurusd
2022-01-28,1.116,eurusd
2022-01-31,1.1212,eurusd
2022-02-01,1.1239,eurusd
2022-02-02,1.1299,eurusd
2022-02-03,1.1425,eurusd
2022-02-04,1.1455,eurusd
2022-02-07,1.1434,eurusd
2022-02-08,1.1416,eurusd
2022-02-09,1.1435,eurusd
2022-02-10,1.1487,eurusd
2022-02-11,1.1404,eurusd
2022-02-14,1.1306,eurusd
2022-02-15,1.1363,eurusd
2022-02-16,1.1381,eurusd
2022-02-17,1.1364,eurusd
2022-02-18,1.1327,eurusd
2022-02-21,.,eurusd
2022-02-22,1.1342,eurusd
2022-02-23,1.1316,eurusd
2022-02-24,1.1154,eurusd
2022-02-25,1.1261,eurusd
2022-02-28,1.1224,eurusd
2022-03-01,1.1103,eurusd
2022-03-02,1.1102,eurusd
2022-03-03,1.1053,eurusd
2022-03-04,1.0912,eurusd
2022-03-07,1.086,eurusd
2022-03-08,1.0881,eurusd
2022-03-09,1.1069,eurusd
2022-03-10,1.1007,eurusd
2022-03-11,1.0937,eurusd
2022-03-14,1.0979,eurusd
2022-03-15,1.0974,eurusd
2022-03-16,1.0996,eurusd
2022-03-17,1.111,eurusd
2022-03-18,1.1044,eurusd
2022-03-21,1.1048,eurusd
2022-03-22,1.1022,eurusd
2022-03-23,1.1001,eurusd
2022-03-24,1.1006,eurusd
2022-03-25,1.0985,eurusd
2022-03-28,1.0977,eurusd
2022-03-29,1.1104,eurusd
2022-03-30,1.1163,eurusd
2022-03-31,1.1093,eurusd
2022-04-01,1.1043,eurusd
2022-04-04,1.0992,eurusd
2022-04-05,1.0921,eurusd
2022-04-06,1.0913,eurusd
2022-04-07,1.09,eurusd
2022-04-08,1.0874,eurusd
2022-04-11,1.0875,eurusd
2022-04-12,1.0852,eurusd
2022-04-13,1.0874,eurusd
2022-04-14,1.0796,eurusd
2022-04-15,1.0812,eurusd
2022-04-18,1.0785,eurusd
2022-04-19,1.0789,eurusd
2022-04-20,1.0857,eurusd
2022-04-21,1.0839,eurusd
2022-04-22,1.079,eurusd
2022-04-25,1.0703,eurusd
2022-04-26,1.0661,eurusd
2022-04-27,1.0549,eurusd
2022-04-28,1.05,eurusd
2022-04-29,1.0537,eurusd
2022-05-02,1.0521,eurusd
2022-05-03,1.0532,eurusd
2022-05-04,1.0539,eurusd
2022-05-05,1.0507,eurusd
2022-05-06,1.0572,eurusd
2022-05-09,1.0559,eurusd
2022-05-10,1.0531,eurusd
2022-05-11,1.0537,eurusd
2022-05-12,1.0376,eurusd
2022-05-13,1.041,eurusd
2022-05-16,1.042,eurusd
2022-05-17,1.0532,eurusd
2022-05-18,1.0494,eurusd
2022-05-19,1.0587,eurusd
2022-05-20,1.0559,eurusd
2022-05-23,1.0668,eurusd
2022-05-24,1.0744,eurusd
2022-05-25,1.0658,eurusd
2022-05-26,1.0725,eurusd
2022-05-27,1.0709,eurusd
2022-05-30,.,eurusd
2022-05-31,1.0731,eurusd
2022-06-01,1.0646,eurusd
2022-06-02,1.0733,eurusd
2022-06-03,1.0721,eurusd
2022-06-06,1.0699,eurusd
2022-06-07,1.0697,eurusd
2022-06-08,1.074,eurusd
2022-06-09,1.0656,eurusd
2022-06-10,1.0521,eurusd
2022-06-13,1.0436,eurusd
2022-06-14,1.0416,eurusd
2022-06-15,1.0388,eurusd
2022-06-16,1.0531,eurusd
2022-06-17,1.0473,eurusd
2022-06-20,.,eurusd
2022-06-21,1.0548,eurusd
2022-06-22,1.0583,eurusd
2022-06-23,1.0503,eurusd
2022-06-24,1.0539,eurusd
2022-06-27,1.0601,eurusd
2022-06-28,1.0534,eurusd
2022-06-29,1.0477,eurusd
2022-06-30,1.0469,eurusd
2022-07-01,1.0409,eurusd
2022-07-04,.,eurusd
2022-07-05,1.0254,eurusd
2022-07-06,1.0173,eurusd
2022-07-07,1.0159,eurusd
2022-07-08,1.0178,eurusd
2022-07-11,1.0088,eurusd
2022-07-12,1.0069,eurusd
2022-07-13,1.0081,eurusd
2022-07-14,1.0028,eurusd
2022-07-15,1.0089,eurusd
2022-07-18,1.016,eurusd
2022-07-19,1.0238,eurusd
2022-07-20,1.0217,eurusd
2022-07-21,1.0197,eurusd
2022-07-22,1.0225,eurusd
2022-07-25,1.0211,eurusd
2022-07-26,1.0116,eurusd
2022-07-27,1.0108,eurusd
2022-07-28,1.0163,eurusd
2022-07-29,1.0202,eurusd
2022-08-01,1.027,eurusd
2022-08-02,1.0194,eurusd
2022-08-03,1.0146,eurusd
2022-08-04,1.0221,eurusd
2022-08-05,1.017,eurusd
2022-08-08,1.0207,eurusd
2022-08-09,1.0226,eurusd
2022-08-10,1.0337,eurusd
2022-08-11,1.0338,eurusd
2022-08-12,1.0257,eurusd
2022-08-15,1.0186,eurusd
2022-08-16,1.0174,eurusd
2022-08-17,1.0164,eurusd
2022-08-18,1.0114,eurusd
2022-08-19,1.0039,eurusd
2022-08-22,0.9936,eurusd
2022-08-23,0.9976,eurusd
2022-08-24,0.9967,eurusd
2022-08-25,0.9959,eurusd
2022-08-26,0.9998,eurusd
2022-08-29,1.0,eurusd
2022-08-30,1.0018,eurusd
2022-08-31,1.0065,eurusd
2022-09-01,0.995,eurusd
2022-09-02,1.003,eurusd
2022-09-05,.,eurusd
2022-09-06,0.9914,eurusd
2022-09-07,0.9942,eurusd
2022-09-08,0.9956,eurusd
2022-09-09,1.0046,eurusd
2022-09-12,1.0129,eurusd
2022-09-13,0.9997,eurusd
2022-09-14,0.9993,eurusd
2022-09-15,0.9991,eurusd
2022-09-16,1.0013,eurusd
2022-09-19,1.0003,eurusd
2022-09-20,0.9994,eurusd
2022-09-21,0.988,eurusd
2022-09-22,0.9841,eurusd
2022-09-23,0.9719,eurusd
2022-09-26,0.9623,eurusd
2022-09-27,0.9616,eurusd
2022-09-28,0.9681,eurusd
2022-09-29,0.9774,eurusd
2022-09-30,0.9783,eurusd
2022-10-03,0.9809,eurusd
2022-10-04,0.9977,eurusd
2022-10-05,0.9866,eurusd
2022-10-06,0.9806,eurusd
2022-10-07,0.9785,eurusd
2022-10-10,.,eurusd
2022-10-11,0.9757,eurusd
2022-10-12,0.9692,eurusd
2022-10-13,0.978,eurusd
2022-10-14,0.9739,eurusd
2022-10-17,0.9843,eurusd
2022-10-18,0.9842,eurusd
2022-10-19,0.978,eurusd
2022-10-20,0.9823,eurusd
2022-10-21,0.9855,eurusd
2022-10-24,0.9874,eurusd
2022-10-25,0.9959,eurusd
2022-10-26,1.0068,eurusd
2022-10-27,0.9985,eurusd
2022-10-28,0.9934,eurusd
2022-10-31,0.9885,eurusd
2022-11-01,0.9871,eurusd
2022-11-02,0.9875,eurusd
2022-11-03,0.9759,eurusd
2022-11-04,0.9895,eurusd
2022-11-07,0.9997,eurusd
2022-11-08,1.0089,eurusd
2022-11-09,1.0037,eurusd
2022-11-10,1.0176,eurusd
2022-11-11,.,eurusd
2022-11-14,1.0337,eurusd
2022-11-15,1.0372,eurusd
2022-11-16,1.0395,eurusd
2022-11-17,1.0341,eurusd
2022-11-18,1.0349,eurusd
2022-11-21,1.0238,eurusd
2022-11-22,1.0276,eurusd
2022-11-23,1.0364,eurusd
2022-11-24,.,eurusd
2022-11-25,1.0402,eurusd
2022-11-28,1.0386,eurusd
2022-11-29,1.0356,eurusd
2022-11-30,1.0323,eurusd
2022-12-01,1.0498,eurusd
2022-12-02,1.0521,eurusd
2022-12-05,1.0494,eurusd
2022-12-06,1.0497,eurusd
2022-12-07,1.0505,eurusd
2022-12-08,1.0552,eurusd
2022-12-09,1.055,eurusd
2022-12-12,1.0545,eurusd
2022-12-13,1.063,eurusd
2022-12-14,1.0655,eurusd
2022-12-15,1.0638,eurusd
2022-12-16,1.061,eurusd
2022-12-19,1.0624,eurusd
2022-12-20,1.0635,eurusd
2022-12-21,1.0599,eurusd
2022-12-22,1.0588,eurusd
2022-12-23,1.0621,eurusd
2022-12-26,.,eurusd
2022-12-27,1.0654,eurusd
2022-12-28,1.0622,eurusd
2022-12-29,1.0668,eurusd
2022-12-30,1.0698,eurusd
2023-01-02,.,eurusd
2023-01-03,1.0559,eurusd
2023-01-04,1.062,eurusd
2023-01-05,1.0522,eurusd
2023-01-06,1.0619,eurusd
2023-01-09,1.0759,eurusd
2023-01-10,1.0737,eurusd
2023-01-11,1.074,eurusd
2023-01-12,1.0823,eurusd
2023-01-13,1.0811,eurusd
2023-01-16,.,eurusd
2023-01-17,1.0793,eurusd
2023-01-18,1.0827,eurusd
2023-01-19,1.081,eurusd
2023-01-20,1.0831,eurusd
2023-01-23,1.0865,eurusd
2023-01-24,1.0873,eurusd
2023-01-25,1.0901,eurusd
2023-01-26,1.0866,eurusd
2023-01-27,1.0857,eurusd
2023-01-30,1.0867,eurusd
2023-01-31,1.0858,eurusd
2023-02-01,1.0917,eurusd
2023-02-02,1.0918,eurusd
2023-02-03,1.0825,eurusd
2023-02-06,1.0722,eurusd
2023-02-07,1.0705,eurusd
2023-02-08,1.0734,eurusd
2023-02-09,1.0761,eurusd
2023-02-10,1.067,eurusd
2023-02-13,1.0718,eurusd
2023-02-14,1.0722,eurusd
2023-02-15,1.0683,eurusd
2023-02-16,1.0684,eurusd
2023-02-17,1.0678,eurusd
2023-02-20,.,eurusd
2023-02-21,1.0657,eurusd
2023-02-22,1.0623,eurusd
2023-02-23,1.0583,eurusd
2023-02-24,1.0545,eurusd
2023-02-27,1.0596,eurusd
2023-02-28,1.0602,eurusd
2023-03-01,1.0674,eurusd
2023-03-02,1.0595,eurusd
2023-03-03,1.0616,eurusd
2023-03-06,1.0694,eurusd
2023-03-07,1.0573,eurusd
2023-03-08,1.0549,eurusd
2023-03-09,1.0577,eurusd
2023-03-10,1.0659,eurusd
2023-03-13,1.0733,eurusd
2023-03-14,1.0722,eurusd
2023-03-15,1.0535,eurusd
2023-03-16,1.0622,eurusd
2023-03-17,1.0647,eurusd
2023-03-20,1.0722,eurusd
2023-03-21,1.0769,eurusd
2023-03-22,1.0792,eurusd
2023-03-23,1.089,eurusd
2023-03-24,1.0762,eurusd
2023-03-27,1.0789,eurusd
2023-03-28,1.0844,eurusd
2023-03-29,1.0826,eurusd
2023-03-30,1.0899,eurusd
2023-03-31,1.0872,eurusd
2023-04-03,1.0891,eurusd
2023-04-04,1.0951,eurusd
2023-04-05,1.0918,eurusd
2023-04-06,1.0927,eurusd
2023-04-07,1.0913,eurusd
2023-04-10,1.084,eurusd
2023-04-11,1.0906,eurusd
2023-04-12,1.0987,eurusd
2023-04-13,1.1054,eurusd
2023-04-14,1.098,eurusd
2023-04-17,1.0915,eurusd
2023-04-18,1.0958,eurusd
2023-04-19,1.0953,eurusd
2023-04-20,1.097,eurusd
2023-04-21,1.0973,eurusd
2023-04-24,1.1027,eurusd
2023-04-25,1.0968,eurusd
2023-04-26,1.1052,eurusd
2023-04-27,1.1017,eurusd
2023-04-28,1.104,eurusd
2023-05-01,1.097,eurusd
2023-05-02,1.0997,eurusd
2023-05-03,1.1049,eurusd
2023-05-04,1.1009,eurusd
2023-05-05,1.1026,eurusd
2023-05-08,1.102,eurusd
2023-05-09,1.0953,eurusd
2023-05-10,1.0966,eurusd
2023-05-11,1.0916,eurusd
2023-05-12,1.0856,eurusd
2023-05-15,1.0874,eurusd
2023-05-16,1.0866,eurusd
2023-05-17,1.083,eurusd
2023-05-18,1.0776,eurusd
2023-05-19,1.0819,eurusd
2023-05-22,1.0806,eurusd
2023-05-23,1.0771,eurusd
2023-05-24,1.0758,eurusd
2023-05-25,1.0725,eurusd
2023-05-26,1.0713,eurusd
2023-05-29,.,eurusd
2023-05-30,1.0722,eurusd
2023-05-31,1.0654,eurusd
2023-06-01,1.0752,eurusd
2023-06-02,1.0724,eurusd
2023-06-05,1.0721,eurusd
2023-06-06,1.0695,eurusd
2023-06-07,1.0702,eurusd
2023-06-08,1.078,eurusd
2023-06-09,1.0749,eurusd
2023-06-12,1.0747,eurusd
2023-06-13,1.0792,eurusd
2023-06-14,1.0859,eurusd
2023-06-15,1.0933,eurusd
2023-06-16,1.0925,eurusd
2023-06-19,.,eurusd
2023-06-20,1.09,eurusd
2023-06-21,1.0951,eurusd
2023-06-22,1.0953,eurusd
2023-06-23,1.0887,eurusd
2023-06-26,1.091,eurusd
2023-06-27,1.0961,eurusd
2023-06-28,1.0904,eurusd
2023-06-29,1.0881,eurusd
2023-06-30,1.092,eurusd
2023-07-03,1.0919,eurusd
2023-07-04,.,eurusd
2023-07-05,1.0868,eurusd
2023-07-06,1.0873,eurusd
2023-07-07,1.0964,eurusd
2023-07-10,1.0991,eurusd
2023-07-11,1.0992,eurusd
2023-07-12,1.1123,eurusd
2023-07-13,1.1194,eurusd
2023-07-14,1.1237,eurusd
2023-07-17,1.1236,eurusd
2023-07-18,1.1223,eurusd
2023-07-19,1.1195,eurusd
2023-07-20,1.1135,eurusd
2023-07-21,1.112,eurusd
2023-07-24,1.1083,eurusd
2023-07-25,1.105,eurusd
2023-07-26,1.1078,eurusd
2023-07-27,1.0998,eurusd
2023-07-28,1.1039,eurusd
2023-07-31,1.102,eurusd
2023-08-01,1.0971,eurusd
2023-08-02,1.0939,eurusd
2023-08-03,1.0947,eurusd
2023-08-04,1.1036,eurusd
2023-08-07,1.1,eurusd
2023-08-08,1.0951,eurusd
2023-08-09,1.0975,eurusd
2023-08-10,1.1016,eurusd
2023-08-11,1.0957,eurusd
2023-08-14,1.0922,eurusd
2023-08-15,1.0928,eurusd
2023-08-16,1.0904,eurusd
2023-08-17,1.0874,eurusd
2023-08-18,1.0875,eurusd
2023-08-21,1.0888,eurusd
2023-08-22,1.0846,eurusd
2023-08-23,1.0862,eurusd
2023-08-24,1.0826,eurusd
2023-08-25,1.0787,eurusd
2023-08-28,1.081,eurusd
2023-08-29,1.0851,eurusd
2023-08-30,1.0926,eurusd
2023-08-31,1.0839,eurusd
2023-09-01,1.0787,eurusd
2023-09-04,.,eurusd
2023-09-05,1.0727,eurusd
2023-09-06,1.0714,eurusd
2023-09-07,1.0704,eurusd
2023-09-08,1.0709,eurusd
2023-09-11,1.0744,eurusd
2023-09-12,1.0726,eurusd
2023-09-13,1.0737,eurusd
2023-09-14,1.066,eurusd
2023-09-15,1.0673,eurusd
2023-09-18,1.0695,eurusd
2023-09-19,1.0684,eurusd
2023-09-20,1.0715,eurusd
2023-09-21,1.0664,eurusd
2023-09-22,1.066,eurusd
2023-09-25,1.0591,eurusd
2023-09-26,1.0573,eurusd
2023-09-27,1.051,eurusd
2023-09-28,1.0578,eurusd
2023-09-29,1.0584,eurusd
2023-10-02,1.05,eurusd
2023-10-03,1.0453,eurusd
2023-10-04,1.0518,eurusd
2023-10-05,1.0527,eurusd
2023-10-06,1.0596,eurusd
2023-10-09,.,eurusd
2023-10-10,1.0618,eurusd
2023-10-11,1.062,eurusd
2023-10-12,1.0553,eurusd
2023-10-13,1.0502,eurusd
2023-10-16,1.0546,eurusd
2023-10-17,1.0593,eurusd
2023-10-18,1.0532,eurusd
2023-10-19,1.057,eurusd
2023-10-20,1.0592,eurusd
2023-10-23,1.0646,eurusd
2023-10-24,1.0595,eurusd
2023-10-25,1.0583,eurusd
2023-10-26,1.0532,eurusd
2023-10-27,1.0592,eurusd
2023-10-30,1.062,eurusd
2023-10-31,1.0568,eurusd
2023-11-01,1.0538,eurusd
2023-11-02,1.0618,eurusd
2023-11-03,1.0733,eurusd
2023-11-06,1.0747,eurusd
2023-11-07,1.0687,eurusd
2023-11-08,1.0715,eurusd
2023-11-09,1.071,eurusd
2023-11-10,.,eurusd
2023-11-13,1.07,eurusd
2023-11-14,1.0861,eurusd
2023-11-15,1.0853,eurusd
2023-11-16,1.0851,eurusd
2023-11-17,1.0879,eurusd
2023-11-20,1.0945,eurusd
2023-11-21,1.0923,eurusd
2023-11-22,1.0871,eurusd
2023-11-23,.,eurusd
2023-11-24,1.0934,eurusd
2023-11-27,1.0937,eurusd
2023-11-28,1.1007,eurusd
2023-11-29,1.0969,eurusd
2023-11-30,1.0908,eurusd
2023-12-01,1.0878,eurusd
2023-12-04,1.0824,eurusd
2023-12-05,1.0787,eurusd
2023-12-06,1.079,eurusd
2023-12-07,1.0794,eurusd
2023-12-08,1.0746,eurusd
2023-12-11,1.0747,eurusd
2023-12-12,1.079,eurusd
2023-12-13,1.0793,eurusd
2023-12-14,1.0997,eurusd
2023-12-15,1.0906,eurusd
2023-12-18,1.092,eurusd
2023-12-19,1.0977,eurusd
2023-12-20,1.0957,eurusd
2023-12-21,1.099,eurusd
2023-12-22,1.1008,eurusd
2023-12-25,.,eurusd
2023-12-26,1.1035,eurusd
2023-12-27,1.1114,eurusd
2023-12-28,1.1073,eurusd
2023-12-29,1.1062,eurusd
2024-01-01,.,eurusd
2024-01-02,1.0957,eurusd
2024-01-03,1.0909,eurusd
2024-01-04,1.0957,eurusd
2024-01-05,1.0957,eurusd
2024-01-08,1.0976,eurusd
2024-01-09,1.0935,eurusd
2024-01-10,1.096,eurusd
2024-01-11,1.0943,eurusd
2024-01-12,1.0959,eurusd
2024-01-15,.,eurusd
2024-01-16,1.0882,eurusd
2024-01-17,1.0858,eurusd
2024-01-18,1.0863,eurusd
2024-01-19,1.0887,eurusd
2024-01-22,1.0895,eurusd
2024-01-23,1.0829,eurusd
2024-01-24,1.0901,eurusd
2024-01-25,1.0837,eurusd
2024-01-26,1.0866,eurusd
2024-01-29,1.0807,eurusd
2024-01-30,1.0844,eurusd
2024-01-31,1.0855,eurusd
2024-02-01,1.0865,eurusd
2024-02-02,1.0787,eurusd
2024-02-05,1.0736,eurusd
2024-02-06,1.0751,eurusd
2024-02-07,1.0769,eurusd
2024-02-08,1.0774,eurusd
2024-02-09,1.0782,eurusd
2024-02-12,1.0774,eurusd
2024-02-13,1.072,eurusd
2024-02-14,1.0735,eurusd
2024-02-15,1.0761,eurusd
2024-02-16,1.0769,eurusd
2024-02-19,.,eurusd
2024-02-20,1.0814,eurusd
2024-02-21,1.0818,eurusd
2024-02-22,1.0815,eurusd
2024-02-23,1.0828,eurusd
2024-02-26,1.0855,eurusd
2024-02-27,1.0857,eurusd
2024-02-28,1.0843,eurusd
2024-02-29,1.0807,eurusd
2024-03-01,1.0832,eurusd
2024-03-04,1.0862,eurusd
2024-03-05,1.0861,eurusd
2024-03-06,1.0913,eurusd
2024-03-07,1.0941,eurusd
2024-03-08,1.0941,eurusd
2024-03-11,1.0928,eurusd
2024-03-12,1.0918,eurusd
2024-03-13,1.0944,eurusd
2024-03-14,1.0888,eurusd
2024-03-15,1.0888,eurusd
2024-03-18,1.0886,eurusd
2024-03-19,1.0859,eurusd
2024-03-20,1.0856,eurusd
2024-03-21,1.0861,eurusd
2024-03-22,1.0817,eurusd
2024-03-25,1.0837,eurusd
2024-03-26,1.0829,eurusd
2024-03-27,1.0821,eurusd
2024-03-28,1.0801,eurusd
2024-03-29,1.0791,eurusd
2024-04-01,1.0733,eurusd
2024-04-02,1.0769,eurusd
2024-04-03,1.0827,eurusd
2024-04-04,1.0865,eurusd
2024-04-05,1.0841,eurusd
2024-04-08,1.0853,eurusd
2024-04-09,1.0856,eurusd
2024-04-10,1.0737,eurusd
2024-04-11,1.0722,eurusd
2024-04-12,1.0647,eurusd
2024-04-15,1.0644,eurusd
2024-04-16,1.0628,eurusd
2024-04-17,1.0644,eurusd
2024-04-18,1.066,eurusd
2024-04-19,1.0655,eurusd
2024-04-22,1.0655,eurusd
2024-04-23,1.0695,eurusd
2024-04-24,1.0687,eurusd
2024-04-25,1.0721,eurusd
2024-04-26,1.0686,eurusd
2024-04-29,1.0717,eurusd
2024-04-30,1.0684,eurusd
2024-05-01,1.068,eurusd
2024-05-02,1.0706,eurusd
2024-05-03,1.077,eurusd
2024-05-06,1.0779,eurusd
2024-05-07,1.0767,eurusd
2024-05-08,1.0755,eurusd
2024-05-09,1.0771,eurusd
2024-05-10,1.0773,eurusd
2024-05-13,1.0796,eurusd
2024-05-14,1.0818,eurusd
2024-05-15,1.086,eurusd
2024-05-16,1.0875,eurusd
2024-05-17,1.0869,eurusd
2024-05-20,1.0861,eurusd
2024-05-21,1.0855,eurusd
2024-05-22,1.0836,eurusd
2024-05-23,1.0827,eurusd
2024-05-24,1.0852,eurusd
2024-05-27,.,eurusd
2024-05-28,1.0879,eurusd
2024-05-29,1.0811,eurusd
2024-05-30,1.0837,eurusd
2024-05-31,1.0846,eurusd
2024-06-03,1.089,eurusd
2024-06-04,1.0878,eurusd
2024-06-05,1.0865,eurusd
2024-06-06,1.0883,eurusd
2024-06-07,1.0807,eurusd
2024-06-10,1.0751,eurusd
2024-06-11,1.0733,eurusd
2024-06-12,1.0843,eurusd
2024-06-13,1.0756,eurusd
2024-06-14,1.0699,eurusd
2024-06-17,1.0723,eurusd
2024-06-18,1.0739,eurusd
2024-06-19,.,eurusd
2024-06-20,1.0708,eurusd
2024-06-21,1.0694,eurusd
2024-06-24,1.0727,eurusd
2024-06-25,1.0705,eurusd
2024-06-26,1.0682,eurusd
2024-06-27,1.0708,eurusd
2024-06-28,1.0711,eurusd
2024-07-01,1.0728,eurusd
2024-07-02,1.0737,eurusd
2024-07-03,1.0799,eurusd
2024-07-04,.,eurusd
2024-07-05,1.0828,eurusd
2024-07-08,1.0835,eurusd
2024-07-09,1.0813,eurusd
2024-07-10,1.0823,eurusd
2024-07-11,1.087,eurusd
2024-07-12,1.0902,eurusd
2024-07-15,1.0912,eurusd
2024-07-16,1.0885,eurusd
2024-07-17,1.0933,eurusd
2024-07-18,1.0913,eurusd
2024-07-19,1.0888,eurusd
2024-07-22,1.088,eurusd
2024-07-23,1.0855,eurusd
2024-07-24,1.0853,eurusd
2024-07-25,1.0861,eurusd
2024-07-26,1.0859,eurusd
2024-07-29,1.0819,eurusd
2024-07-30,1.0809,eurusd
2024-07-31,1.0823,eurusd
2024-08-01,1.0789,eurusd
2024-08-02,1.0914,eurusd
2024-08-05,1.0957,eurusd
2024-08-06,1.0926,eurusd
2024-08-07,1.0925,eurusd
2024-08-08,1.0914,eurusd
2024-08-09,1.0925,eurusd
2024-08-12,1.0928,eurusd
2024-08-13,1.0954,eurusd
2024-08-14,1.1024,eurusd
2024-08-15,1.0986,eurusd
2024-08-16,1.0996,eurusd
2024-08-19,1.107,eurusd
2024-08-20,1.1106,eurusd
2024-08-21,1.1143,eurusd
2024-08-22,1.1114,eurusd
2024-08-23,1.1176,eurusd
2024-08-26,1.1164,eurusd
2024-08-27,1.116,eurusd
2024-08-28,1.1127,eurusd
2024-08-29,1.1086,eurusd
2024-08-30,1.106,eurusd
2024-09-02,.,eurusd
2024-09-03,1.1043,eurusd
2024-09-04,1.1081,eurusd
2024-09-05,1.1096,eurusd
2024-09-06,1.1086,eurusd
2024-09-09,1.1042,eurusd
2024-09-10,1.1025,eurusd
2024-09-11,1.1012,eurusd
2024-09-12,1.1041,eurusd
2024-09-13,1.1085,eurusd
2024-09-16,1.1123,eurusd
2024-09-17,1.1118,eurusd
2024-09-18,1.1116,eurusd
2024-09-19,1.1147,eurusd
2024-09-20,1.1159,eurusd
2024-09-23,1.113,eurusd
2024-09-24,1.115,eurusd
2024-09-25,1.1143,eurusd
2024-09-26,1.1184,eurusd
2024-09-27,1.1159,eurusd
2024-09-30,1.1145,eurusd
2024-10-01,1.1067,eurusd
2024-10-02,1.105,eurusd
2024-10-03,1.1015,eurusd
2024-10-04,1.0961,eurusd
2024-10-07,1.0976,eurusd
2024-10-08,1.097,eurusd
2024-10-09,1.0951,eurusd
2024-10-10,1.0925,eurusd
2024-10-11,1.0942,eurusd
2024-10-14,.,eurusd
2024-10-15,1.0899,eurusd
2024-10-16,1.0873,eurusd
2024-10-17,1.0837,eurusd
2024-10-18,1.0854,eurusd
2024-10-21,1.082,eurusd
2024-10-22,1.0805,eurusd
2024-10-23,1.0779,eurusd
2024-10-24,1.0806,eurusd
2024-10-25,1.0813,eurusd
2024-10-28,1.0819,eurusd
2024-10-29,1.0798,eurusd
2024-10-30,1.0864,eurusd
2024-10-31,1.0855,eurusd
2024-11-01,1.0848,eurusd
2024-11-04,1.0884,eurusd
2024-11-05,1.092,eurusd
2024-11-06,1.0732,eurusd
2024-11-07,1.0792,eurusd
2024-11-08,1.071,eurusd
2024-11-11,.,eurusd
2024-11-12,1.0598,eurusd
2024-11-13,1.0567,eurusd
2024-11-14,1.0562,eurusd
2024-11-15,1.0552,eurusd
2024-11-18,1.0586,eurusd
2024-11-19,1.0578,eurusd
2024-11-20,1.0521,eurusd
2024-11-21,1.0475,eurusd
2024-11-22,1.0399,eurusd
2024-11-25,1.0478,eurusd
2024-11-26,1.0481,eurusd
2024-11-27,1.0575,eurusd
2024-11-28,.,eurusd
2024-11-29,1.0547,eurusd
2024-12-02,1.0484,eurusd
2024-12-03,1.0518,eurusd
2024-12-04,1.0527,eurusd
2024-12-05,1.0571,eurusd
2024-12-06,1.0563,eurusd
2024-12-09,1.057,eurusd
2024-12-10,1.0512,eurusd
2024-12-11,1.0508,eurusd
2024-12-12,1.0514,eurusd
2024-12-13,1.0498,eurusd
2024-12-16,1.0512,eurusd
2024-12-17,1.0506,eurusd
2024-12-18,1.0469,eurusd
2024-12-19,1.0357,eurusd
2024-12-20,1.043,eurusd
2024-12-23,1.0409,eurusd
2024-12-24,1.0388,eurusd
2024-12-25,.,eurusd
2024-12-26,1.0423,eurusd
2024-12-27,1.0423,eurusd
2024-12-30,1.0386,eurusd
2024-12-31,1.0351,eurusd
2025-01-01,.,eurusd
2025-01-02,1.0261,eurusd
2025-01-03,1.0292,eurusd
2025-01-06,1.0397,eurusd
2025-01-07,1.0369,eurusd
2025-01-08,1.0313,eurusd
2025-01-09,1.0298,eurusd
2025-01-10,1.0238,eurusd
2025-01-13,1.0209,eurusd
2025-01-14,1.0292,eurusd
2025-01-15,1.0282,eurusd
2025-01-16,1.0303,eurusd
2025-01-17,1.0287,eurusd
2025-01-20,.,eurusd
2025-01-21,1.0423,eurusd
2025-01-22,1.042,eurusd
2025-01-23,1.042,eurusd
2025-01-24,1.0515,eurusd
2025-01-27,1.0492,eurusd
2025-01-28,1.0427,eurusd
2025-01-29,1.0416,eurusd
2025-01-30,1.042,eurusd
2025-01-31,1.04,eurusd
2025-02-03,1.0277,eurusd
2025-02-04,1.0379,eurusd
2025-02-05,1.0419,eurusd
2025-02-06,1.0368,eurusd
2025-02-07,1.0329,eurusd
2025-02-10,1.0312,eurusd
2025-02-11,1.0346,eurusd
2025-02-12,1.0392,eurusd
2025-02-13,1.0428,eurusd
2025-02-14,1.0498,eurusd
2025-02-17,.,eurusd
2025-02-18,1.0457,eurusd
2025-02-19,1.0406,eurusd
2025-02-20,1.0475,eurusd
2025-02-21,1.0455,eurusd
2025-02-24,1.0478,eurusd
2025-02-25,1.0498,eurusd
2025-02-26,1.0514,eurusd
2025-02-27,1.0414,eurusd
2025-02-28,1.0402,eurusd
2025-03-03,1.0496,eurusd
2025-03-04,1.0534,eurusd
2025-03-05,1.0768,eurusd
2025-03-06,1.0818,eurusd
2025-03-07,1.0859,eurusd
2025-03-10,1.0837,eurusd
2025-03-11,1.0927,eurusd
2025-03-12,1.0925,eurusd
2025-03-13,1.0859,eurusd
2025-03-14,1.0872,eurusd
2025-03-17,1.0922,eurusd
2025-03-18,1.0927,eurusd
2025-03-19,1.0877,eurusd
2025-03-20,1.0848,eurusd
2025-03-21,1.0806,eurusd
2025-03-24,1.0794,eurusd
2025-03-25,1.0804,eurusd
2025-03-26,1.0781,eurusd
2025-03-27,1.08,eurusd
2025-03-28,1.0826,eurusd
2025-03-31,1.0796,eurusd
2025-04-01,1.08,eurusd
2025-04-02,1.0868,eurusd
2025-04-03,1.1052,eurusd
2025-04-04,1.1014,eurusd
2025-04-07,1.0912,eurusd
2025-04-08,1.0912,eurusd
2025-04-09,1.104,eurusd
2025-04-10,1.1192,eurusd
2025-04-11,1.1325,eurusd
2025-04-14,1.1358,eurusd
2025-04-15,1.129,eurusd
2025-04-16,1.1382,eurusd
2025-04-17,1.1364,eurusd
2025-04-18,1.139,eurusd
2025-04-21,1.1508,eurusd
2025-04-22,1.1466,eurusd
2025-04-23,1.135,eurusd
2025-04-24,1.1363,eurusd
2025-04-25,1.1381,eurusd
2025-04-28,1.1387,eurusd
2025-04-29,1.1396,eurusd
2025-04-30,1.1349,eurusd
2025-05-01,1.1279,eurusd
2025-05-02,1.133,eurusd
2025-05-05,1.1315,eurusd
2025-05-06,1.1345,eurusd
2025-05-07,1.1348,eurusd
2025-05-08,1.1249,eurusd
2025-05-09,1.127,eurusd
2025-05-12,1.1106,eurusd
2025-05-13,1.1176,eurusd
2025-05-14,1.1206,eurusd
2025-05-15,1.1189,eurusd
2025-05-16,1.1141,eurusd
2025-05-19,1.1236,eurusd
2025-05-20,1.1254,eurusd
2025-05-21,1.1343,eurusd
2025-05-22,1.1281,eurusd
2025-05-23,1.135,eurusd
2025-05-26,.,eurusd
2025-05-27,1.1326,eurusd
2025-05-28,1.1286,eurusd
2025-05-29,1.137,eurusd
2025-05-30,1.1347,eurusd
2025-06-02,1.1432,eurusd
2025-06-03,1.1373,eurusd
2025-06-04,1.1424,eurusd
2025-06-05,1.144,eurusd
2025-06-06,1.1397,eurusd
2025-06-09,1.1425,eurusd
2025-06-10,1.1423,eurusd
2025-06-11,1.149,eurusd
2025-06-12,1.1578,eurusd
2025-06-13,1.1557,eurusd
2025-06-16,1.1581,eurusd
2025-06-17,1.1535,eurusd
2025-06-18,1.1521,eurusd
2025-06-19,.,eurusd
2025-06-20,1.152,eurusd
2025-06-23,1.1538,eurusd
2025-06-24,1.1608,eurusd
2025-06-25,1.162,eurusd
2025-06-26,1.1717,eurusd
2025-06-27,1.1724,eurusd
2025-06-30,1.177,eurusd
2025-07-01,1.1776,eurusd
2025-07-02,1.179,eurusd
2025-07-03,1.1758,eurusd
2025-07-04,.,eurusd
2025-07-07,1.1733,eurusd
2025-07-08,1.1707,eurusd
2025-07-09,1.1707,eurusd
2025-07-10,1.1688,eurusd
2025-07-11,1.1696,eurusd
2025-07-14,1.1672,eurusd
2025-07-15,1.1619,eurusd
2025-07-16,1.1629,eurusd
2025-07-17,1.1597,eurusd
2025-07-18,1.1645,eurusd
2025-07-21,1.1705,eurusd
2025-07-22,1.1749,eurusd
2025-07-23,1.1748,eurusd
2025-07-24,1.1765,eurusd
2025-07-25,1.173,eurusd
2025-07-28,1.1609,eurusd
2025-07-29,1.1534,eurusd
2025-07-30,1.147,eurusd
2025-07-31,1.1431,eurusd
2025-08-01,1.1555,eurusd
2025-08-04,1.1568,eurusd
2025-08-05,1.158,eurusd
2025-08-06,1.1647,eurusd
2025-08-07,1.1641,eurusd
2025-08-08,1.166,eurusd
2025-08-11,1.1607,eurusd
2025-08-12,1.1673,eurusd
2025-08-13,1.1715,eurusd
2025-08-14,1.1644,eurusd
2025-08-15,1.1708,eurusd
2025-08-18,1.1667,eurusd
2025-08-19,1.166,eurusd
2025-08-20,1.1649,eurusd
2025-08-21,1.1605,eurusd
2025-08-22,1.1713,eurusd
2025-08-25,1.167,eurusd
2025-08-26,1.1657,eurusd
2025-08-27,1.1611,eurusd
2025-08-28,1.1672,eurusd
2025-08-29,1.1695,eurusd
2025-09-01,.,eurusd
2025-09-02,1.1653,eurusd
2025-09-03,1.1676,eurusd
2025-09-04,1.1648,eurusd
2025-09-05,1.1759,eurusd
2025-09-08,1.1751,eurusd
2025-09-09,1.1723,eurusd
2025-09-10,1.1714,eurusd
2025-09-11,1.1732,eurusd
2025-09-12,1.1714,eurusd
2025-09-15,1.1772,eurusd
2025-09-16,1.1848,eurusd
2025-09-17,1.1845,eurusd
2025-09-18,1.178,eurusd
2025-09-19,1.1753,eurusd
2025-09-22,1.1773,eurusd
2025-09-23,1.18,eurusd
2025-09-24,1.1742,eurusd
2025-09-25,1.1673,eurusd
2025-09-26,1.1692,eurusd
2025-09-29,1.173,eurusd
2025-09-30,1.1735,eurusd
2025-10-01,1.1723,eurusd
2025-10-02,1.1696,eurusd
2025-10-03,1.1747,eurusd
2025-10-06,1.1707,eurusd
2025-10-07,1.1674,eurusd
2025-10-08,1.1606,eurusd
2025-10-09,1.1559,eurusd
2025-10-10,1.1613,eurusd
2025-10-13,.,eurusd
2025-10-14,1.1608,eurusd
2025-10-15,1.1638,eurusd
2025-10-16,1.1665,eurusd
2025-10-17,1.1674,eurusd
2025-10-20,1.1656,eurusd
2025-10-21,1.1616,eurusd
2025-10-22,1.1612,eurusd
2025-10-23,1.1612,eurusd
2025-10-24,1.1626,eurusd
2025-10-27,1.1636,eurusd
2025-10-28,1.1659,eurusd
2025-10-29,1.1664,eurusd
2025-10-30,1.1564,eurusd
2025-10-31,1.1541,eurusd
2025-11-03,1.1531,eurusd
2025-11-04,1.1491,eurusd
2025-11-05,1.1485,eurusd
2025-11-06,1.1539,eurusd
2025-11-07,1.1578,eurusd
2025-11-10,1.1545,eurusd
2025-11-11,.,eurusd
2025-11-12,1.1592,eurusd
2025-11-13,1.1649,eurusd
2025-11-14,1.1617,eurusd
2025-11-17,1.1598,eurusd
2025-11-18,1.1579,eurusd
2025-11-19,1.154,eurusd
2025-11-20,1.1534,eurusd
2025-11-21,1.1506,eurusd
2025-11-24,1.1518,eurusd
2025-11-25,1.1553,eurusd
2025-11-26,1.1591,eurusd
2025-11-27,.,eurusd
2025-11-28,1.16,eurusd
2025-12-01,1.1623,eurusd
2025-12-02,1.1596,eurusd
2025-12-03,1.166,eurusd
2025-12-04,1.1659,eurusd
2025-12-05,1.1635,eurusd
2025-12-08,1.1626,eurusd
2025-12-09,1.1639,eurusd
2025-12-10,1.165,eurusd
2025-12-11,1.1756,eurusd
2025-12-12,1.1731,eurusd
2025-12-15,1.1756,eurusd
2025-12-16,1.177,eurusd
2025-12-17,1.1748,eurusd
2025-12-18,1.1729,eurusd
2025-12-19,1.1721,eurusd
2025-12-22,1.175,eurusd
2025-12-23,1.1776,eurusd
2025-12-24,1.178,eurusd
2025-12-25,.,eurusd
2025-12-26,1.1766,eurusd
2025-12-29,1.1756,eurusd
2025-12-30,1.1765,eurusd
2025-12-31,1.1736,eurusd
2026-01-01,.,eurusd
2026-01-02,1.1738,eurusd
2026-01-05,1.1715,eurusd
2026-01-06,1.1689,eurusd
2026-01-07,1.169,eurusd
2026-01-08,1.1655,eurusd
2026-01-09,1.1634,eurusd
2026-01-12,1.1672,eurusd
2026-01-13,1.1646,eurusd
2026-01-14,1.1655,eurusd
2026-01-15,1.1605,eurusd
2026-01-16,1.1599,eurusd
2026-01-19,.,eurusd
2026-01-20,1.1739,eurusd
2026-01-21,1.1705,eurusd
2026-01-22,1.1738,eurusd
2026-01-23,1.1771,eurusd
2026-01-26,1.1886,eurusd
2026-01-27,1.198,eurusd
2026-01-28,1.1941,eurusd
2026-01-29,1.1943,eurusd
2026-01-30,1.1885,eurusd
2026-02-02,1.1807,eurusd
2026-02-03,1.1819,eurusd
2026-02-04,1.1803,eurusd
2026-02-05,1.1802,eurusd
2026-02-06,1.1812,eurusd
2026-02-09,1.1898,eurusd
2026-02-10,1.1898,eurusd
2026-02-11,1.1884,eurusd
2026-02-12,1.187,eurusd
2026-02-13,1.187,eurusd
2026-02-16,.,eurusd
2026-02-17,1.1831,eurusd
2026-02-18,1.181,eurusd
2026-02-19,1.1762,eurusd
2026-02-20,1.1781,eurusd
2026-02-23,1.1804,eurusd
2026-02-24,1.1789,eurusd
2026-02-25,1.1804,eurusd
2026-02-26,1.1792,eurusd
2026-02-27,1.1822,eurusd
2026-03-02,1.169,eurusd
2026-03-03,1.1604,eurusd
2026-03-04,1.1638,eurusd
2026-03-05,1.1585,eurusd
2026-03-06,1.1606,eurusd
2026-03-09,1.1592,eurusd
2026-03-10,1.1648,eurusd
2026-03-11,1.1566,eurusd
2026-03-12,1.1522,eurusd
2026-03-13,1.1444,eurusd
2026-03-16,1.1487,eurusd
2026-03-17,1.1525,eurusd
2026-03-18,1.1513,eurusd
2026-03-19,1.1515,eurusd
2026-03-20,1.1543,eurusd
2026-03-23,1.1587,eurusd
2026-03-24,1.1578,eurusd
2026-03-25,1.157,eurusd
2026-03-26,1.1542,eurusd
2026-03-27,1.152,eurusd
2026-03-30,1.1454,eurusd
2026-03-31,1.1518,eurusd
2026-04-01,1.1614,eurusd
2026-04-02,1.1546,eurusd
2026-04-03,1.1523,eurusd
2026-04-06,1.1545,eurusd
2026-04-07,1.1571,eurusd
2026-04-08,1.1686,eurusd
2026-04-09,1.1706,eurusd
2026-04-10,1.1723,eurusd
2026-04-13,1.171,eurusd
2026-04-14,1.1791,eurusd
2026-04-15,1.1799,eurusd
2026-04-16,1.1783,eurusd
2026-04-17,1.1801,eurusd
2026-04-20,1.1785,eurusd
2026-04-21,1.1752,eurusd
2026-04-22,1.1714,eurusd
2026-04-23,1.1704,eurusd
2026-04-24,1.1718,eurusd
2026-04-27,1.1731,eurusd
2026-04-28,1.1715,eurusd
2026-04-29,1.1695,eurusd
2026-04-30,1.1729,eurusd
2026-05-01,1.1755,eurusd
2026-05-04,1.1698,eurusd
2026-05-05,1.1707,eurusd
2026-05-06,1.1753,eurusd
2026-05-07,1.1764,eurusd
2026-05-08,1.1773,eurusd
2026-05-11,1.178,eurusd
2026-05-12,1.1733,eurusd
2026-05-13,1.1711,eurusd
2026-05-14,1.1678,eurusd
2026-05-15,1.1627,eurusd
2026-05-18,1.1649,eurusd
2026-05-19,1.1602,eurusd
2026-05-20,1.162,eurusd
2026-05-21,1.1589,eurusd
2026-05-22,1.1603,eurusd
2026-05-25,.,eurusd
2026-05-26,1.162,eurusd
2026-05-27,1.1631,eurusd
2026-05-28,1.1649,eurusd
2026-05-29,1.1679,eurusd
2026-06-01,1.1624,eurusd
2026-06-02,1.1642,eurusd
2026-06-03,1.1605,eurusd
2026-06-04,1.1629,eurusd
2026-06-05,1.1533,eurusd
2026-06-08,1.1545,eurusd
2026-06-09,1.1556,eurusd
2026-06-10,1.155,eurusd
2026-06-11,1.1515,eurusd
2026-06-12,1.1573,eurusd
2026-06-15,1.1599,eurusd
2026-06-16,1.1615,eurusd
2026-06-17,1.1593,eurusd
2026-06-18,1.147,eurusd
2026-06-19,.,eurusd
2026-06-22,1.1432,eurusd
2026-06-23,1.1383,eurusd
2026-06-24,1.1348,eurusd
2026-06-25,1.1385,eurusd
2026-06-26,1.1403,eurusd
2026-06-29,1.1425,eurusd
2026-06-30,1.1417,eurusd
2026-07-01,1.1384,eurusd
2026-07-02,1.1448,eurusd
2026-07-03,.,eurusd
2026-07-06,1.1426,eurusd
2026-07-07,1.1423,eurusd
2026-07-08,1.1396,eurusd
2026-07-09,1.1439,eurusd
2026-07-10,1.1438,eurusd
2026-07-13,1.1402,eurusd
2026-07-14,1.1428,eurusd
2026-07-15,1.1436,eurusd
2026-07-16,1.1447,eurusd
2026-07-17,1.144,eurusd
2026-07-20,1.1411,eurusd
2026-07-21,1.1408,eurusd
2026-07-22,1.1414,eurusd
2026-07-23,1.1373,eurusd
2026-07-24,1.1385,eurusd
2026-07-27,1.1376,eurusd
2026-07-28,1.1401,eurusd
2026-07-29,1.1384,eurusd
2026-07-30,1.1522,eurusd
2026-07-31,1.1519,eurusd
2026-08-03,1.1509,eurusd
2026-08-04,1.1527,eurusd
2026-08-05,1.1547,eurusd
2026-08-06,1.1521,eurusd
2026-08-07,1.1559,eurusd
2026-08-10,1.1552,eurusd
2026-08-11,1.1543,eurusd
2026-08-12,1.154,eurusd
2026-08-13,1.1531,eurusd
2026-08-14,1.1581,eurusd
2026-08-17,1.1591,eurusd
2026-08-18,1.158,eurusd
2026-08-19,1.1664,eurusd
2026-08-20,1.1679,eurusd
2026-08-21,1.1684,eurusd
2026-08-24,1.1665,eurusd
2026-08-25,1.1673,eurusd
2026-08-26,1.1651,eurusd
2026-08-27,1.1654,eurusd
2026-08-28,1.1598,eurusd
2026-08-31,1.1617,eurusd
2026-09-01,1.1593,eurusd
2026-09-02,1.1592,eurusd
2026-09-03,1.1623,eurusd
2026-09-04,1.1618,eurusd
2026-09-07,.,eurusd
2026-09-08,1.1627,eurusd
2026-09-09,1.1627,eurusd
2026-09-10,1.1629,eurusd
2026-09-11,1.1604,eurusd
2026-09-14,1.1549,eurusd
2026-09-15,1.1542,eurusd
2026-09-16,1.1538,eurusd
2026-09-17,1.1479,eurusd
2026-09-18,1.1464,eurusd
2026-09-21,1.1469,eurusd
2026-09-22,1.1432,eurusd
2026-09-23,1.1394,eurusd
2026-09-24,1.1373,eurusd
2026-09-25,1.14,eurusd
2010-01-01,.,usd_index
2010-01-04,92.3566,usd_index
2010-01-05,92.2236,usd_index
2010-01-06,92.0941,usd_index
2010-01-07,92.3684,usd_index
2010-01-08,92.1485,usd_index
2010-01-11,91.5997,usd_index
2010-01-12,91.7005,usd_index
2010-01-13,91.7272,usd_index
2010-01-14,91.5864,usd_index
2010-01-15,91.7668,usd_index
2010-01-18,.,usd_index
2010-01-19,91.9611,usd_index
2010-01-20,92.6766,usd_index
2010-01-21,92.6627,usd_index
2010-01-22,92.943,usd_index
2010-01-25,92.9099,usd_index
2010-01-26,93.3298,usd_index
2010-01-27,93.2835,usd_index
2010-01-28,93.2635,usd_index
2010-01-29,93.7638,usd_index
2010-02-01,93.7321,usd_index
2010-02-02,93.4136,usd_index
2010-02-03,93.6268,usd_index
2010-02-04,94.1401,usd_index
2010-02-05,94.6218,usd_index
2010-02-08,.,usd_index
2010-02-09,.,usd_index
2010-02-10,.,usd_index
2010-02-11,.,usd_index
2010-02-12,93.9976,usd_index
2010-02-15,.,usd_index
2010-02-16,93.482,usd_index
2010-02-17,93.7171,usd_index
2010-02-18,93.8752,usd_index
2010-02-19,93.9569,usd_index
2010-02-22,93.7402,usd_index
2010-02-23,93.9794,usd_index
2010-02-24,93.9775,usd_index
2010-02-25,94.3797,usd_index
2010-02-26,93.6602,usd_index
2010-03-01,93.7979,usd_index
2010-03-02,93.488,usd_index
2010-03-03,92.9861,usd_index
2010-03-04,93.4079,usd_index
2010-03-05,93.2623,usd_index
2010-03-08,93.2446,usd_index
2010-03-09,93.1941,usd_index
2010-03-10,93.0426,usd_index
2010-03-11,93.0533,usd_index
2010-03-12,92.6616,usd_index
2010-03-15,92.9642,usd_index
2010-03-16,92.595,usd_index
2010-03-17,92.4446,usd_index
2010-03-18,92.7451,usd_index
2010-03-19,93.0407,usd_index
2010-03-22,93.1333,usd_index
2010-03-23,93.006,usd_index
2010-03-24,93.6468,usd_index
2010-03-25,93.5885,usd_index
2010-03-26,93.6873,usd_index
2010-03-29,93.2959,usd_index
2010-03-30,93.2627,usd_index
2010-03-31,92.8987,usd_index
2010-04-01,92.6661,usd_index
2010-04-02,92.9057,usd_index
2010-04-05,92.6644,usd_index
2010-04-06,92.7373,usd_index
2010-04-07,92.7452,usd_index
2010-04-08,92.7211,usd_index
2010-04-09,92.4772,usd_index
2010-04-12,92.243,usd_index
2010-04-13,92.2689,usd_index
2010-04-14,91.9297,usd_index
2010-04-15,92.2029,usd_index
2010-04-16,92.5253,usd_index
2010-04-19,92.8577,usd_index
2010-04-20,92.4338,usd_index
2010-04-21,92.4482,usd_index
2010-04-22,92.7277,usd_index
2010-04-23,92.6622,usd_index
2010-04-26,92.5187,usd_index
2010-04-27,93.0956,usd_index
2010-04-28,93.4856,usd_index
2010-04-29,92.9013,usd_index
2010-04-30,92.8423,usd_index
2010-05-03,93.235,usd_index
2010-05-04,93.8137,usd_index
2010-05-05,94.3968,usd_index
2010-05-06,95.3032,usd_index
2010-05-07,95.2952,usd_index
2010-05-10,94.3096,usd_index
2010-05-11,94.4305,usd_index
2010-05-12,94.5515,usd_index
2010-05-13,94.5071,usd_index
2010-05-14,95.3746,usd_index
2010-05-17,95.9795,usd_index
2010-05-18,95.6212,usd_index
2010-05-19,96.5083,usd_index
2010-05-20,96.9483,usd_index
2010-05-21,96.2911,usd_index
2010-05-24,96.6433,usd_index
2010-05-25,97.5487,usd_index
2010-05-26,97.1879,usd_index
2010-05-27,96.3611,usd_index
2010-05-28,96.3062,usd_index
2010-05-31,.,usd_index
2010-06-01,96.6123,usd_index
2010-06-02,96.615,usd_index
2010-06-03,96.461,usd_index
2010-06-04,97.1688,usd_index
2010-06-07,97.503,usd_index
2010-06-08,97.3425,usd_index
2010-06-09,96.8938,usd_index
2010-06-10,96.4877,usd_index
2010-06-11,96.5616,usd_index
2010-06-14,95.8082,usd_index
2010-06-15,95.7049,usd_index
2010-06-16,95.5668,usd_index
2010-06-17,95.4973,usd_index
2010-06-18,95.2981,usd_index
2010-06-21,94.8505,usd_index
2010-06-22,95.1165,usd_index
2010-06-23,95.4853,usd_index
2010-06-24,95.6194,usd_index
2010-06-25,95.4582,usd_index
2010-06-28,95.2696,usd_index
2010-06-29,96.0199,usd_index
2010-06-30,95.9934,usd_index
2010-07-01,95.8018,usd_index
2010-07-02,95.6345,usd_index
2010-07-05,.,usd_index
2010-07-06,95.1069,usd_index
2010-07-07,95.1795,usd_index
2010-07-08,94.7734,usd_index
2010-07-09,94.683,usd_index
2010-07-12,94.9598,usd_index
2010-07-13,94.3856,usd_index
2010-07-14,94.3247,usd_index
2010-07-15,94.1988,usd_index
2010-07-16,94.5061,usd_index
2010-07-19,94.602,usd_index
2010-07-20,94.542,usd_index
2010-07-21,94.4496,usd_index
2010-07-22,94.1135,usd_index
2010-07-23,94.1431,usd_index
2010-07-26,93.7556,usd_index
2010-07-27,93.7583,usd_index
2010-07-28,93.7506,usd_index
2010-07-29,93.6004,usd_index
2010-07-30,93.2793,usd_index
2010-08-02,92.7916,usd_index
2010-08-03,92.6258,usd_index
2010-08-04,92.731,usd_index
2010-08-05,92.6401,usd_index
2010-08-06,92.5915,usd_index
2010-08-09,92.6726,usd_index
2010-08-10,93.2197,usd_index
2010-08-11,93.7778,usd_index
2010-08-12,93.8905,usd_index
2010-08-13,94.0457,usd_index
2010-08-16,93.7902,usd_index
2010-08-17,93.4239,usd_index
2010-08-18,93.3719,usd_index
2010-08-19,93.7141,usd_index
2010-08-20,94.2087,usd_index
2010-08-23,94.3295,usd_index
2010-08-24,94.4362,usd_index
2010-08-25,94.7372,usd_index
2010-08-26,94.3523,usd_index
2010-08-27,94.3462,usd_index
2010-08-30,94.5922,usd_index
2010-08-31,94.7204,usd_index
2010-09-01,94.1148,usd_index
2010-09-02,94.0852,usd_index
2010-09-03,93.6952,usd_index
2010-09-06,.,usd_index
2010-09-07,94.042,usd_index
2010-09-08,93.7785,usd_index
2010-09-09,93.7033,usd_index
2010-09-10,93.6768,usd_index
2010-09-13,93.0767,usd_index
2010-09-14,92.6182,usd_index
2010-09-15,92.9313,usd_index
2010-09-16,92.9108,usd_index
2010-09-17,92.9418,usd_index
2010-09-20,92.7496,usd_index
2010-09-21,92.6684,usd_index
2010-09-22,92.0647,usd_index
2010-09-23,92.0233,usd_index
2010-09-24,91.5996,usd_index
2010-09-27,91.4803,usd_index
2010-09-28,91.3493,usd_index
2010-09-29,91.1632,usd_index
2010-09-30,91.3415,usd_index
2010-10-01,90.836,usd_index
2010-10-04,91.0015,usd_index
2010-10-05,90.5622,usd_index
2010-10-06,90.1411,usd_index
2010-10-07,90.286,usd_index
2010-10-08,90.1133,usd_index
2010-10-11,.,usd_index
2010-10-12,90.2203,usd_index
2010-10-13,89.7779,usd_index
2010-10-14,89.5228,usd_index
2010-10-15,89.6815,usd_index
2010-10-18,89.8484,usd_index
2010-10-19,90.5499,usd_index
2010-10-20,90.1446,usd_index
2010-10-21,90.138,usd_index
2010-10-22,90.4063,usd_index
2010-10-25,89.9328,usd_index
2010-10-26,90.2818,usd_index
2010-10-27,90.8038,usd_index
2010-10-28,90.2407,usd_index
2010-10-29,90.0935,usd_index
2010-11-01,90.0307,usd_index
2010-11-02,89.6847,usd_index
2010-11-03,89.7079,usd_index
2010-11-04,88.9831,usd_index
2010-11-05,89.2441,usd_index
2010-11-08,89.5711,usd_index
2010-11-09,89.558,usd_index
2010-11-10,89.9056,usd_index
2010-11-11,.,usd_index
2010-11-12,90.1701,usd_index
2010-11-15,90.4331,usd_index
2010-11-16,91.1102,usd_index
2010-11-17,90.9282,usd_index
2010-11-18,90.649,usd_index
2010-11-19,90.6986,usd_index
2010-11-22,90.7023,usd_index
2010-11-23,91.4318,usd_index
2010-11-24,91.2179,usd_index
2010-11-25,.,usd_index
2010-11-26,91.8152,usd_index
2010-11-29,92.1997,usd_index
2010-11-30,92.1494,usd_index
2010-12-01,91.6799,usd_index
2010-12-02,91.2651,usd_index
2010-12-03,90.8788,usd_index
2010-12-06,91.0167,usd_index
2010-12-07,90.9732,usd_index
2010-12-08,91.3376,usd_index
2010-12-09,91.3923,usd_index
2010-12-10,91.2831,usd_index
2010-12-13,90.8837,usd_index
2010-12-14,90.764,usd_index
2010-12-15,91.094,usd_index
2010-12-16,91.3773,usd_index
2010-12-17,91.5555,usd_index
2010-12-20,91.6398,usd_index
2010-12-21,91.519,usd_index
2010-12-22,91.429,usd_index
2010-12-23,91.3013,usd_index
2010-12-24,.,usd_index
2010-12-27,91.1963,usd_index
2010-12-28,90.9848,usd_index
2010-12-29,90.7669,usd_index
2010-12-30,90.5146,usd_index
2010-12-31,.,usd_index
2011-01-03,89.9524,usd_index
2011-01-04,90.3277,usd_index
2011-01-05,90.5715,usd_index
2011-01-06,90.9125,usd_index
2011-01-07,91.0001,usd_index
2011-01-10,91.03,usd_index
2011-01-11,90.8431,usd_index
2011-01-12,90.4111,usd_index
2011-01-13,89.9019,usd_index
2011-01-14,90.0461,usd_index
2011-01-17,.,usd_index
2011-01-18,89.821,usd_index
2011-01-19,89.6948,usd_index
2011-01-20,90.1316,usd_index
2011-01-21,89.7204,usd_index
2011-01-24,89.5375,usd_index
2011-01-25,89.7279,usd_index
2011-01-26,89.5091,usd_index
2011-01-27,89.5728,usd_index
2011-01-28,89.8189,usd_index
2011-01-31,89.694,usd_index
2011-02-01,89.1436,usd_index
2011-02-02,89.0737,usd_index
2011-02-03,89.2522,usd_index
2011-02-04,89.391,usd_index
2011-02-07,89.3556,usd_index
2011-02-08,89.1241,usd_index
2011-02-09,89.4166,usd_index
2011-02-10,89.6266,usd_index
2011-02-11,89.8784,usd_index
2011-02-14,89.8543,usd_index
2011-02-15,89.8871,usd_index
2011-02-16,89.7059,usd_index
2011-02-17,89.4102,usd_index
2011-02-18,89.1974,usd_index
2011-02-21,.,usd_index
2011-02-22,89.4617,usd_index
2011-02-23,89.4186,usd_index
2011-02-24,89.2346,usd_index
2011-02-25,89.1664,usd_index
2011-02-28,88.9391,usd_index
2011-03-01,88.831,usd_index
2011-03-02,88.7317,usd_index
2011-03-03,88.637,usd_index
2011-03-04,88.4898,usd_index
2011-03-07,88.5207,usd_index
2011-03-08,88.6454,usd_index
2011-03-09,88.5328,usd_index
2011-03-10,88.8698,usd_index
2011-03-11,88.691,usd_index
2011-03-14,88.5191,usd_index
2011-03-15,88.7845,usd_index
2011-03-16,88.9785,usd_index
2011-03-17,88.6549,usd_index
2011-03-18,88.5221,usd_index
2011-03-21,88.2032,usd_index
2011-03-22,88.0665,usd_index
2011-03-23,88.3328,usd_index
2011-03-24,88.0592,usd_index
2011-03-25,88.1716,usd_index
2011-03-28,88.3058,usd_index
2011-03-29,88.3991,usd_index
2011-03-30,88.2298,usd_index
2011-03-31,88.0299,usd_index
2011-04-01,87.7993,usd_index
2011-04-04,87.8406,usd_index
2011-04-05,87.7483,usd_index
2011-04-06,87.4913,usd_index
2011-04-07,87.532,usd_index
2011-04-08,87.1493,usd_index
2011-04-11,87.094,usd_index
2011-04-12,87.2943,usd_index
2011-04-13,87.2093,usd_index
2011-04-14,87.0802,usd_index
2011-04-15,87.005,usd_index
2011-04-18,87.5081,usd_index
2011-04-19,87.0791,usd_index
2011-04-20,86.5642,usd_index
2011-04-21,86.2256,usd_index
2011-04-22,86.3742,usd_index
2011-04-25,86.4026,usd_index
2011-04-26,86.2576,usd_index
2011-04-27,86.2519,usd_index
2011-04-28,85.8419,usd_index
2011-04-29,85.5999,usd_index
2011-05-02,85.5199,usd_index
2011-05-03,85.6352,usd_index
2011-05-04,85.8917,usd_index
2011-05-05,86.508,usd_index
2011-05-06,86.4575,usd_index
2011-05-09,86.8346,usd_index
2011-05-10,86.6518,usd_index
2011-05-11,86.7195,usd_index
2011-05-12,87.0767,usd_index
2011-05-13,87.4176,usd_index
2011-05-16,87.3311,usd_index
2011-05-17,87.6307,usd_index
2011-05-18,87.295,usd_index
2011-05-19,87.2638,usd_index
2011-05-20,87.3044,usd_index
2011-05-23,87.8941,usd_index
2011-05-24,87.662,usd_index
2011-05-25,87.6136,usd_index
2011-05-26,87.5588,usd_index
2011-05-27,86.9525,usd_index
2011-05-30,.,usd_index
2011-05-31,86.656,usd_index
2011-06-01,86.5964,usd_index
2011-06-02,86.8435,usd_index
2011-06-03,86.4234,usd_index
2011-06-06,86.4669,usd_index
2011-06-07,86.3627,usd_index
2011-06-08,86.5714,usd_index
2011-06-09,86.5913,usd_index
2011-06-10,87.042,usd_index
2011-06-13,87.0579,usd_index
2011-06-14,86.6771,usd_index
2011-06-15,87.3342,usd_index
2011-06-16,87.6917,usd_index
2011-06-17,87.2179,usd_index
2011-06-20,87.1908,usd_index
2011-06-21,86.857,usd_index
2011-06-22,86.8067,usd_index
2011-06-23,87.455,usd_index
2011-06-24,87.5014,usd_index
2011-06-27,87.5225,usd_index
2011-06-28,87.2178,usd_index
2011-06-29,86.8014,usd_index
2011-06-30,86.4786,usd_index
2011-07-01,86.3613,usd_index
2011-07-04,.,usd_index
2011-07-05,86.4253,usd_index
2011-07-06,86.6825,usd_index
2011-07-07,86.4825,usd_index
2011-07-08,86.615,usd_index
2011-07-11,87.1013,usd_index
2011-07-12,87.1701,usd_index
2011-07-13,86.5697,usd_index
2011-07-14,86.5234,usd_index
2011-07-15,86.5169,usd_index
2011-07-18,86.9549,usd_index
2011-07-19,86.4386,usd_index
2011-07-20,86.2794,usd_index
2011-07-21,85.8378,usd_index
2011-07-22,85.8623,usd_index
2011-07-25,85.8006,usd_index
2011-07-26,85.4692,usd_index
2011-07-27,85.7126,usd_index
2011-07-28,85.8245,usd_index
2011-07-29,85.7282,usd_index
2011-08-01,86.0391,usd_index
2011-08-02,86.0533,usd_index
2011-08-03,86.0706,usd_index
2011-08-04,86.9299,usd_index
2011-08-05,87.1084,usd_index
2011-08-08,87.1873,usd_index
2011-08-09,87.3919,usd_index
2011-08-10,87.3792,usd_index
2011-08-11,87.3215,usd_index
2011-08-12,87.177,usd_index
2011-08-15,86.7515,usd_index
2011-08-16,86.7115,usd_index
2011-08-17,86.5518,usd_index
2011-08-18,87.1271,usd_index
2011-08-19,86.8286,usd_index
2011-08-22,87.0753,usd_index
2011-08-23,86.9001,usd_index
2011-08-24,87.1316,usd_index
2011-08-25,87.2306,usd_index
2011-08-26,87.0751,usd_index
2011-08-29,86.8433,usd_index
2011-08-30,87.001,usd_index
2011-08-31,86.7739,usd_index
2011-09-01,86.8512,usd_index
2011-09-02,87.1797,usd_index
2011-09-05,.,usd_index
2011-09-06,88.1645,usd_index
2011-09-07,87.9699,usd_index
2011-09-08,88.1162,usd_index
2011-09-09,88.9514,usd_index
2011-09-12,89.2192,usd_index
2011-09-13,89.2653,usd_index
2011-09-14,89.419,usd_index
2011-09-15,89.0647,usd_index
2011-09-16,89.1108,usd_index
2011-09-19,89.9336,usd_index
2011-09-20,89.8777,usd_index
2011-09-21,90.3453,usd_index
2011-09-22,92.075,usd_index
2011-09-23,91.6904,usd_index
2011-09-26,91.7724,usd_index
2011-09-27,90.8985,usd_index
2011-09-28,91.0227,usd_index
2011-09-29,91.3033,usd_index
2011-09-30,91.9998,usd_index
2011-10-03,92.5128,usd_index
2011-10-04,92.9508,usd_index
2011-10-05,92.3008,usd_index
2011-10-06,91.9661,usd_index
2011-10-07,91.2469,usd_index
2011-10-10,.,usd_index
2011-10-11,90.9162,usd_index
2011-10-12,90.3378,usd_index
2011-10-13,90.6603,usd_index
2011-10-14,90.2116,usd_index
2011-10-17,90.266,usd_index
2011-10-18,90.5907,usd_index
2011-10-19,90.3317,usd_index
2011-10-20,91.1026,usd_index
2011-10-21,90.279,usd_index
2011-10-24,89.8558,usd_index
2011-10-25,89.9525,usd_index
2011-10-26,90.0836,usd_index
2011-10-27,88.7882,usd_index
2011-10-28,88.6382,usd_index
2011-10-31,89.2053,usd_index
2011-11-01,90.7296,usd_index
2011-11-02,90.244,usd_index
2011-11-03,90.2961,usd_index
2011-11-04,90.3154,usd_index
2011-11-07,90.3832,usd_index
2011-11-08,90.172,usd_index
2011-11-09,90.6991,usd_index
2011-11-10,90.8588,usd_index
2011-11-11,.,usd_index
2011-11-14,90.7215,usd_index
2011-11-15,91.1081,usd_index
2011-11-16,91.1237,usd_index
2011-11-17,91.1822,usd_index
2011-11-18,91.3676,usd_index
2011-11-21,91.9978,usd_index
2011-11-22,92.0193,usd_index
2011-11-23,92.7463,usd_index
2011-11-24,.,usd_index
2011-11-25,93.1455,usd_index
2011-11-28,92.4983,usd_index
2011-11-29,92.2163,usd_index
2011-11-30,91.4728,usd_index
2011-12-01,91.227,usd_index
2011-12-02,91.3532,usd_index
2011-12-05,91.1087,usd_index
2011-12-06,91.2817,usd_index
2011-12-07,91.2331,usd_index
2011-12-08,91.668,usd_index
2011-12-09,91.6122,usd_index
2011-12-12,92.3375,usd_index
2011-12-13,92.5456,usd_index
2011-12-14,93.2176,usd_index
2011-12-15,92.8858,usd_index
2011-12-16,92.8252,usd_index
2011-12-19,92.8685,usd_index
2011-12-20,92.432,usd_index
2011-12-21,92.5262,usd_index
2011-12-22,92.3883,usd_index
2011-12-23,92.3897,usd_index
2011-12-26,.,usd_index
2011-12-27,92.4137,usd_index
2011-12-28,92.8374,usd_index
2011-12-29,92.7398,usd_index
2011-12-30,92.4262,usd_index
2012-01-02,.,usd_index
2012-01-03,91.7551,usd_index
2012-01-04,92.0345,usd_index
2012-01-05,92.5773,usd_index
2012-01-06,92.7183,usd_index
2012-01-09,92.7418,usd_index
2012-01-10,92.2461,usd_index
2012-01-11,92.554,usd_index
2012-01-12,92.2274,usd_index
2012-01-13,92.5385,usd_index
2012-01-16,.,usd_index
2012-01-17,92.0142,usd_index
2012-01-18,91.6943,usd_index
2012-01-19,91.3316,usd_index
2012-01-20,91.3661,usd_index
2012-01-23,90.986,usd_index
2012-01-24,91.181,usd_index
2012-01-25,91.277,usd_index
2012-01-26,90.3962,usd_index
2012-01-27,90.2559,usd_index
2012-01-30,90.4762,usd_index
2012-01-31,90.5538,usd_index
2012-02-01,90.0963,usd_index
2012-02-02,89.8765,usd_index
2012-02-03,89.8491,usd_index
2012-02-06,89.7907,usd_index
2012-02-07,89.5968,usd_index
2012-02-08,89.6555,usd_index
2012-02-09,89.6246,usd_index
2012-02-10,90.1024,usd_index
2012-02-13,89.8895,usd_index
2012-02-14,90.1919,usd_index
2012-02-15,90.1932,usd_index
2012-02-16,90.3109,usd_index
2012-02-17,90.23,usd_index
2012-02-20,.,usd_index
2012-02-21,90.0117,usd_index
2012-02-22,90.2472,usd_index
2012-02-23,90.1108,usd_index
2012-02-24,89.9104,usd_index
2012-02-27,89.9635,usd_index
2012-02-28,89.8103,usd_index
2012-02-29,89.7487,usd_index
2012-03-01,89.7817,usd_index
2012-03-02,90.135,usd_index
2012-03-05,90.2748,usd_index
2012-03-06,90.8237,usd_index
2012-03-07,90.6837,usd_index
2012-03-08,90.2598,usd_index
2012-03-09,90.4341,usd_index
2012-03-12,90.6643,usd_index
2012-03-13,90.5363,usd_index
2012-03-14,90.9325,usd_index
2012-03-15,90.7866,usd_index
2012-03-16,90.5245,usd_index
2012-03-19,90.292,usd_index
2012-03-20,90.6065,usd_index
2012-03-21,90.6761,usd_index
2012-03-22,90.8225,usd_index
2012-03-23,90.6156,usd_index
2012-03-26,90.3266,usd_index
2012-03-27,90.2796,usd_index
2012-03-28,90.603,usd_index
2012-03-29,90.7285,usd_index
2012-03-30,90.4593,usd_index
2012-04-02,90.247,usd_index
2012-04-03,90.1921,usd_index
2012-04-04,90.8284,usd_index
2012-04-05,90.8781,usd_index
2012-04-06,90.9375,usd_index
2012-04-09,90.9624,usd_index
2012-04-10,91.2728,usd_index
2012-04-11,91.1768,usd_index
2012-04-12,90.7694,usd_index
2012-04-13,91.0558,usd_index
2012-04-16,91.2355,usd_index
2012-04-17,90.7661,usd_index
2012-04-18,90.9326,usd_index
2012-04-19,91.0833,usd_index
2012-04-20,90.8066,usd_index
2012-04-23,91.079,usd_index
2012-04-24,90.8153,usd_index
2012-04-25,90.756,usd_index
2012-04-26,90.6428,usd_index
2012-04-27,90.3269,usd_index
2012-04-30,90.3634,usd_index
2012-05-01,90.3227,usd_index
2012-05-02,90.6144,usd_index
2012-05-03,90.6839,usd_index
2012-05-04,91.0497,usd_index
2012-05-07,91.0747,usd_index
2012-05-08,91.4107,usd_index
2012-05-09,91.7632,usd_index
2012-05-10,91.7077,usd_index
2012-05-11,91.7306,usd_index
2012-05-14,92.2491,usd_index
2012-05-15,92.5235,usd_index
2012-05-16,92.903,usd_index
2012-05-17,92.9632,usd_index
2012-05-18,93.1395,usd_index
2012-05-21,93.0945,usd_index
2012-05-22,93.1113,usd_index
2012-05-23,93.8855,usd_index
2012-05-24,93.8027,usd_index
2012-05-25,93.9488,usd_index
2012-05-28,.,usd_index
2012-05-29,93.875,usd_index
2012-05-30,94.302,usd_index
2012-05-31,94.6856,usd_index
2012-06-01,94.6979,usd_index
2012-06-04,94.5184,usd_index
2012-06-05,94.6184,usd_index
2012-06-06,94.0362,usd_index
2012-06-07,93.774,usd_index
2012-06-08,94.2024,usd_index
2012-06-11,94.0369,usd_index
2012-06-12,94.0693,usd_index
2012-06-13,93.8309,usd_index
2012-06-14,93.8152,usd_index
2012-06-15,93.5203,usd_index
2012-06-18,93.6431,usd_index
2012-06-19,93.0524,usd_index
2012-06-20,93.1602,usd_index
2012-06-21,93.6378,usd_index
2012-06-22,93.9205,usd_index
2012-06-25,94.1757,usd_index
2012-06-26,93.9859,usd_index
2012-06-27,93.8728,usd_index
2012-06-28,94.0203,usd_index
2012-06-29,92.9096,usd_index
2012-07-02,92.951,usd_index
2012-07-03,92.6508,usd_index
2012-07-04,.,usd_index
2012-07-05,93.2211,usd_index
2012-07-06,93.7087,usd_index
2012-07-09,93.6974,usd_index
2012-07-10,93.5552,usd_index
2012-07-11,93.5981,usd_index
2012-07-12,93.9298,usd_index
2012-07-13,93.5515,usd_index
2012-07-16,93.3746,usd_index
2012-07-17,93.3479,usd_index
2012-07-18,93.0973,usd_index
2012-07-19,93.0438,usd_index
2012-07-20,93.3653,usd_index
2012-07-23,93.9297,usd_index
2012-07-24,94.2635,usd_index
2012-07-25,94.0564,usd_index
2012-07-26,93.3595,usd_index
2012-07-27,92.9333,usd_index
2012-07-30,93.0524,usd_index
2012-07-31,92.8422,usd_index
2012-08-01,92.8905,usd_index
2012-08-02,93.4269,usd_index
2012-08-03,92.6048,usd_index
2012-08-06,92.4339,usd_index
2012-08-07,92.5128,usd_index
2012-08-08,92.5407,usd_index
2012-08-09,92.6057,usd_index
2012-08-10,92.5129,usd_index
2012-08-13,92.5955,usd_index
2012-08-14,92.6152,usd_index
2012-08-15,92.6838,usd_index
2012-08-16,92.5737,usd_index
2012-08-17,92.711,usd_index
2012-08-20,92.6263,usd_index
2012-08-21,92.3053,usd_index
2012-08-22,92.4362,usd_index
2012-08-23,92.1057,usd_index
2012-08-24,92.2785,usd_index
2012-08-27,92.3135,usd_index
2012-08-28,92.2033,usd_index
2012-08-29,92.3823,usd_index
2012-08-30,92.6239,usd_index
2012-08-31,92.1677,usd_index
2012-09-03,.,usd_index
2012-09-04,92.1582,usd_index
2012-09-05,92.1262,usd_index
2012-09-06,91.8973,usd_index
2012-09-07,91.3469,usd_index
2012-09-10,91.3102,usd_index
2012-09-11,91.0575,usd_index
2012-09-12,91.0477,usd_index
2012-09-13,90.9632,usd_index
2012-09-14,90.1436,usd_index
2012-09-17,90.2837,usd_index
2012-09-18,90.5029,usd_index
2012-09-19,90.4646,usd_index
2012-09-20,90.7631,usd_index
2012-09-21,90.5342,usd_index
2012-09-24,90.8263,usd_index
2012-09-25,90.6074,usd_index
2012-09-26,91.0028,usd_index
2012-09-27,90.7538,usd_index
2012-09-28,90.8342,usd_index
2012-10-01,90.7011,usd_index
2012-10-02,90.644,usd_index
2012-10-03,90.8726,usd_index
2012-10-04,90.4932,usd_index
2012-10-05,90.2851,usd_index
2012-10-08,.,usd_index
2012-10-09,90.8703,usd_index
2012-10-10,90.883,usd_index
2012-10-11,90.7437,usd_index
2012-10-12,90.6833,usd_index
2012-10-15,90.6409,usd_index
2012-10-16,90.5583,usd_index
2012-10-17,90.2309,usd_index
2012-10-18,90.3804,usd_index
2012-10-19,90.8107,usd_index
2012-10-22,90.7911,usd_index
2012-10-23,91.0945,usd_index
2012-10-24,91.1275,usd_index
2012-10-25,91.02,usd_index
2012-10-26,91.1411,usd_index
2012-10-29,.,usd_index
2012-10-30,.,usd_index
2012-10-31,91.1609,usd_index
2012-11-01,91.1217,usd_index
2012-11-02,91.281,usd_index
2012-11-05,91.4778,usd_index
2012-11-06,91.2908,usd_index
2012-11-07,91.4514,usd_index
2012-11-08,91.5375,usd_index
2012-11-09,91.6871,usd_index
2012-11-12,.,usd_index
2012-11-13,91.7356,usd_index
2012-11-14,91.7942,usd_index
2012-11-15,91.8837,usd_index
2012-11-16,92.0095,usd_index
2012-11-19,91.5653,usd_index
2012-11-20,91.556,usd_index
2012-11-21,91.6645,usd_index
2012-11-22,.,usd_index
2012-11-23,91.2616,usd_index
2012-11-26,91.2789,usd_index
2012-11-27,91.2608,usd_index
2012-11-28,91.33,usd_index
2012-11-29,91.2104,usd_index
2012-11-30,91.1038,usd_index
2012-12-03,91.0084,usd_index
2012-12-04,90.9748,usd_index
2012-12-05,90.9423,usd_index
2012-12-06,91.0629,usd_index
2012-12-07,91.0437,usd_index
2012-12-10,90.9631,usd_index
2012-12-11,90.8403,usd_index
2012-12-12,90.7708,usd_index
2012-12-13,90.776,usd_index
2012-12-14,90.7156,usd_index
2012-12-17,90.6193,usd_index
2012-12-18,90.5161,usd_index
2012-12-19,90.4896,usd_index
2012-12-20,90.6002,usd_index
2012-12-21,90.9597,usd_index
2012-12-24,91.0354,usd_index
2012-12-25,.,usd_index
2012-12-26,91.0606,usd_index
2012-12-27,91.1037,usd_index
2012-12-28,91.0419,usd_index
2012-12-31,91.0834,usd_index
2013-01-01,.,usd_index
2013-01-02,90.6941,usd_index
2013-01-03,90.8097,usd_index
2013-01-04,91.1025,usd_index
2013-01-07,90.9852,usd_index
2013-01-08,91.057,usd_index
2013-01-09,91.0088,usd_index
2013-01-10,90.6425,usd_index
2013-01-11,90.5352,usd_index
2013-01-14,90.4935,usd_index
2013-01-15,90.5191,usd_index
2013-01-16,90.596,usd_index
2013-01-17,90.5401,usd_index
2013-01-18,90.8697,usd_index
2013-01-21,.,usd_index
2013-01-22,90.7892,usd_index
2013-01-23,90.8376,usd_index
2013-01-24,90.9112,usd_index
2013-01-25,91.0868,usd_index
2013-01-28,91.2354,usd_index
2013-01-29,90.9406,usd_index
2013-01-30,90.8836,usd_index
2013-01-31,90.798,usd_index
2013-02-01,90.6923,usd_index
2013-02-04,90.9774,usd_index
2013-02-05,90.881,usd_index
2013-02-06,91.0176,usd_index
2013-02-07,91.2912,usd_index
2013-02-08,91.3056,usd_index
2013-02-11,91.4451,usd_index
2013-02-12,91.2779,usd_index
2013-02-13,91.2709,usd_index
2013-02-14,91.366,usd_index
2013-02-15,91.4551,usd_index
2013-02-18,.,usd_index
2013-02-19,91.5073,usd_index
2013-02-20,91.6689,usd_index
2013-02-21,92.0394,usd_index
2013-02-22,92.1197,usd_index
2013-02-25,92.1975,usd_index
2013-02-26,92.4247,usd_index
2013-02-27,92.234,usd_index
2013-02-28,92.295,usd_index
2013-03-01,92.6177,usd_index
2013-03-04,92.6316,usd_index
2013-03-05,92.4965,usd_index
2013-03-06,.,usd_index
2013-03-07,92.5462,usd_index
2013-03-08,92.6252,usd_index
2013-03-11,92.5351,usd_index
2013-03-12,92.3853,usd_index
2013-03-13,92.4709,usd_index
2013-03-14,92.4695,usd_index
2013-03-15,92.128,usd_index
2013-03-18,92.3377,usd_index
2013-03-19,92.526,usd_index
2013-03-20,92.4141,usd_index
2013-03-21,92.3322,usd_index
2013-03-22,92.2051,usd_index
2013-03-25,92.3081,usd_index
2013-03-26,92.232,usd_index
2013-03-27,92.446,usd_index
2013-03-28,92.2544,usd_index
2013-03-29,92.302,usd_index
2013-04-01,92.1687,usd_index
2013-04-02,92.1432,usd_index
2013-04-03,92.104,usd_index
2013-04-04,92.3896,usd_index
2013-04-05,92.1043,usd_index
2013-04-08,92.2317,usd_index
2013-04-09,91.9669,usd_index
2013-04-10,91.9598,usd_index
2013-04-11,91.6972,usd_index
2013-04-12,91.7967,usd_index
2013-04-15,91.9457,usd_index
2013-04-16,91.8451,usd_index
2013-04-17,92.1372,usd_index
2013-04-18,92.176,usd_index
2013-04-19,92.2166,usd_index
2013-04-22,92.3591,usd_index
2013-04-23,92.3836,usd_index
2013-04-24,92.4581,usd_index
2013-04-25,92.0394,usd_index
2013-04-26,91.9012,usd_index
2013-04-29,91.6539,usd_index
2013-04-30,91.3741,usd_index
2013-05-01,91.4331,usd_index
2013-05-02,91.6174,usd_index
2013-05-03,91.5087,usd_index
2013-05-06,91.6387,usd_index
2013-05-07,91.5201,usd_index
2013-05-08,91.1848,usd_index
2013-05-09,91.3036,usd_index
2013-05-10,92.2527,usd_index
2013-05-13,92.2711,usd_index
2013-05-14,92.3697,usd_index
2013-05-15,92.7691,usd_index
2013-05-16,92.6602,usd_index
2013-05-17,93.1617,usd_index
2013-05-20,93.0359,usd_index
2013-05-21,92.9662,usd_index
2013-05-22,93.3104,usd_index
2013-05-23,93.2113,usd_index
2013-05-24,93.2768,usd_index
2013-05-27,.,usd_index
2013-05-28,93.5853,usd_index
2013-05-29,93.531,usd_index
2013-05-30,93.4219,usd_index
2013-05-31,93.6076,usd_index
2013-06-03,93.163,usd_index
2013-06-04,93.3067,usd_index
2013-06-05,93.275,usd_index
2013-06-06,92.809,usd_index
2013-06-07,92.6056,usd_index
2013-06-10,92.973,usd_index
2013-06-11,92.7996,usd_index
2013-06-12,92.4775,usd_index
2013-06-13,92.3449,usd_index
2013-06-14,92.1886,usd_index
2013-06-17,92.3332,usd_index
2013-06-18,92.5432,usd_index
2013-06-19,92.4755,usd_index
2013-06-20,94.125,usd_index
2013-06-21,94.4243,usd_index
2013-06-24,94.5714,usd_index
2013-06-25,94.3285,usd_index
2013-06-26,94.3807,usd_index
2013-06-27,94.2429,usd_index
2013-06-28,94.3047,usd_index
2013-07-01,94.0998,usd_index
2013-07-02,94.4051,usd_index
2013-07-03,94.4767,usd_index
2013-07-04,.,usd_index
2013-07-05,95.0639,usd_index
2013-07-08,94.9954,usd_index
2013-07-09,94.9467,usd_index
2013-07-10,94.7595,usd_index
2013-07-11,93.949,usd_index
2013-07-12,94.0029,usd_index
2013-07-15,93.9729,usd_index
2013-07-16,93.5232,usd_index
2013-07-17,93.5498,usd_index
2013-07-18,93.681,usd_index
2013-07-19,93.4759,usd_index
2013-07-22,93.2253,usd_index
2013-07-23,93.1631,usd_index
2013-07-24,93.3124,usd_index
2013-07-25,93.2862,usd_index
2013-07-26,93.1695,usd_index
2013-07-29,93.1663,usd_index
2013-07-30,93.3976,usd_index
2013-07-31,93.5703,usd_index
2013-08-01,93.7972,usd_index
2013-08-02,93.5789,usd_index
2013-08-05,93.507,usd_index
2013-08-06,93.3199,usd_index
2013-08-07,93.2652,usd_index
2013-08-08,92.8483,usd_index
2013-08-09,92.8394,usd_index
2013-08-12,92.9178,usd_index
2013-08-13,93.476,usd_index
2013-08-14,93.382,usd_index
2013-08-15,93.5059,usd_index
2013-08-16,93.4255,usd_index
2013-08-19,93.6623,usd_index
2013-08-20,93.5536,usd_index
2013-08-21,94.0362,usd_index
2013-08-22,94.2804,usd_index
2013-08-23,93.9466,usd_index
2013-08-26,94.1853,usd_index
2013-08-27,94.3934,usd_index
2013-08-28,94.4127,usd_index
2013-08-29,94.6398,usd_index
2013-08-30,94.7541,usd_index
2013-09-02,.,usd_index
2013-09-03,94.9574,usd_index
2013-09-04,94.5739,usd_index
2013-09-05,94.8891,usd_index
2013-09-06,94.2487,usd_index
2013-09-09,94.0009,usd_index
2013-09-10,93.938,usd_index
2013-09-11,93.7112,usd_index
2013-09-12,93.5903,usd_index
2013-09-13,93.6666,usd_index
2013-09-16,93.2875,usd_index
2013-09-17,93.2231,usd_index
2013-09-18,93.2569,usd_index
2013-09-19,92.4082,usd_index
2013-09-20,92.6049,usd_index
2013-09-23,92.613,usd_index
2013-09-24,92.7691,usd_index
2013-09-25,92.7675,usd_index
2013-09-26,93.0096,usd_index
2013-09-27,92.9747,usd_index
2013-09-30,92.9207,usd_index
2013-10-01,92.9515,usd_index
2013-10-02,92.772,usd_index
2013-10-03,92.7461,usd_index
2013-10-04,92.6469,usd_index
2013-10-07,92.6725,usd_index
2013-10-08,92.7558,usd_index
2013-10-09,93.0829,usd_index
2013-10-10,92.8579,usd_index
2013-10-11,92.854,usd_index
2013-10-14,.,usd_index
2013-10-15,92.7642,usd_index
2013-10-16,92.6819,usd_index
2013-10-17,92.0246,usd_index
2013-10-18,91.9989,usd_index
2013-10-21,92.2498,usd_index
2013-10-22,91.9563,usd_index
2013-10-23,92.0947,usd_index
2013-10-24,92.1867,usd_index
2013-10-25,92.1623,usd_index
2013-10-28,92.1872,usd_index
2013-10-29,92.301,usd_index
2013-10-30,92.3057,usd_index
2013-10-31,92.731,usd_index
2013-11-01,93.155,usd_index
2013-11-04,92.9359,usd_index
2013-11-05,93.2112,usd_index
2013-11-06,93.0943,usd_index
2013-11-07,93.4003,usd_index
2013-11-08,93.6619,usd_index
2013-11-11,.,usd_index
2013-11-12,93.7651,usd_index
2013-11-13,93.4848,usd_index
2013-11-14,93.4328,usd_index
2013-11-15,93.2854,usd_index
2013-11-18,92.9824,usd_index
2013-11-19,93.0649,usd_index
2013-11-20,93.2501,usd_index
2013-11-21,93.5638,usd_index
2013-11-22,93.4198,usd_index
2013-11-25,93.5539,usd_index
2013-11-26,93.5226,usd_index
2013-11-27,93.6864,usd_index
2013-11-28,.,usd_index
2013-11-29,93.6291,usd_index
2013-12-02,93.8856,usd_index
2013-12-03,93.8251,usd_index
2013-12-04,93.8997,usd_index
2013-12-05,93.4954,usd_index
2013-12-06,93.4045,usd_index
2013-12-09,93.1444,usd_index
2013-12-10,.,usd_index
2013-12-11,93.0842,usd_index
2013-12-12,93.4292,usd_index
2013-12-13,93.3568,usd_index
2013-12-16,93.2175,usd_index
2013-12-17,93.302,usd_index
2013-12-18,93.4207,usd_index
2013-12-19,93.7368,usd_index
2013-12-20,93.7211,usd_index
2013-12-23,93.572,usd_index
2013-12-24,93.6734,usd_index
2013-12-25,.,usd_index
2013-12-26,93.766,usd_index
2013-12-27,93.7018,usd_index
2013-12-30,93.4866,usd_index
2013-12-31,93.5576,usd_index
2014-01-01,.,usd_index
2014-01-02,93.8192,usd_index
2014-01-03,93.853,usd_index
2014-01-06,93.9109,usd_index
2014-01-07,94.0398,usd_index
2014-01-08,94.2181,usd_index
2014-01-09,94.3299,usd_index
2014-01-10,94.0045,usd_index
2014-01-13,93.899,usd_index
2014-01-14,94.0303,usd_index
2014-01-15,94.341,usd_index
2014-01-16,94.5507,usd_index
2014-01-17,94.5846,usd_index
2014-01-20,.,usd_index
2014-01-21,94.679,usd_index
2014-01-22,94.8479,usd_index
2014-01-23,94.8415,usd_index
2014-01-24,94.8555,usd_index
2014-01-27,94.9059,usd_index
2014-01-28,94.88,usd_index
2014-01-29,94.8621,usd_index
2014-01-30,95.1294,usd_index
2014-01-31,95.1774,usd_index
2014-02-03,95.2469,usd_index
2014-02-04,95.0438,usd_index
2014-02-05,95.0285,usd_index
2014-02-06,94.7177,usd_index
2014-02-07,94.7457,usd_index
2014-02-10,94.7189,usd_index
2014-02-11,94.6377,usd_index
2014-02-12,94.6209,usd_index
2014-02-13,.,usd_index
2014-02-14,94.2711,usd_index
2014-02-17,.,usd_index
2014-02-18,94.1934,usd_index
2014-02-19,94.38,usd_index
2014-02-20,94.6571,usd_index
2014-02-21,.,usd_index
2014-02-24,94.4042,usd_index
2014-02-25,94.4735,usd_index
2014-02-26,94.7754,usd_index
2014-02-27,94.6722,usd_index
2014-02-28,94.3879,usd_index
2014-03-03,.,usd_index
2014-03-04,94.6568,usd_index
2014-03-05,94.4679,usd_index
2014-03-06,93.9858,usd_index
2014-03-07,94.2532,usd_index
2014-03-10,94.3731,usd_index
2014-03-11,94.387,usd_index
2014-03-12,94.462,usd_index
2014-03-13,94.1872,usd_index
2014-03-14,94.243,usd_index
2014-03-17,.,usd_index
2014-03-18,94.2631,usd_index
2014-03-19,94.3752,usd_index
2014-03-20,94.9986,usd_index
2014-03-21,94.8547,usd_index
2014-03-24,94.759,usd_index
2014-03-25,94.6379,usd_index
2014-03-26,94.5281,usd_index
2014-03-27,94.3315,usd_index
2014-03-28,94.3683,usd_index
2014-03-31,94.2432,usd_index
2014-04-01,94.1244,usd_index
2014-04-02,94.3103,usd_index
2014-04-03,94.512,usd_index
2014-04-04,94.2191,usd_index
2014-04-07,94.0881,usd_index
2014-04-08,93.6579,usd_index
2014-04-09,93.6716,usd_index
2014-04-10,93.5123,usd_index
2014-04-11,93.6395,usd_index
2014-04-14,93.8046,usd_index
2014-04-15,93.9486,usd_index
2014-04-16,93.9461,usd_index
2014-04-17,93.8936,usd_index
2014-04-18,93.9629,usd_index
2014-04-21,94.0337,usd_index
2014-04-22,94.0802,usd_index
2014-04-23,94.149,usd_index
2014-04-24,94.1294,usd_index
2014-04-25,94.1623,usd_index
2014-04-28,94.1374,usd_index
2014-04-29,94.0295,usd_index
2014-04-30,93.8896,usd_index
2014-05-01,93.8707,usd_index
2014-05-02,93.8182,usd_index
2014-05-05,93.7334,usd_index
2014-05-06,93.4324,usd_index
2014-05-07,93.4337,usd_index
2014-05-08,93.3686,usd_index
2014-05-09,93.6614,usd_index
2014-05-12,93.6537,usd_index
2014-05-13,93.6755,usd_index
2014-05-14,93.5968,usd_index
2014-05-15,93.7065,usd_index
2014-05-16,93.6073,usd_index
2014-05-19,93.502,usd_index
2014-05-20,93.6699,usd_index
2014-05-21,93.7629,usd_index
2014-05-22,93.6944,usd_index
2014-05-23,93.7042,usd_index
2014-05-26,.,usd_index
2014-05-27,93.8418,usd_index
2014-05-28,93.8793,usd_index
2014-05-29,93.6973,usd_index
2014-05-30,93.7606,usd_index
2014-06-02,94.0006,usd_index
2014-06-03,94.0536,usd_index
2014-06-04,94.1239,usd_index
2014-06-05,93.9732,usd_index
2014-06-06,93.9069,usd_index
2014-06-09,93.9628,usd_index
2014-06-10,94.0638,usd_index
2014-06-11,93.9744,usd_index
2014-06-12,93.8155,usd_index
2014-06-13,93.9168,usd_index
2014-06-16,93.8639,usd_index
2014-06-17,94.0829,usd_index
2014-06-18,94.0525,usd_index
2014-06-19,93.752,usd_index
2014-06-20,93.7591,usd_index
2014-06-23,93.628,usd_index
2014-06-24,93.7093,usd_index
2014-06-25,93.5851,usd_index
2014-06-26,93.5471,usd_index
2014-06-27,93.3983,usd_index
2014-06-30,93.2058,usd_index
2014-07-01,93.1365,usd_index
2014-07-02,93.2478,usd_index
2014-07-03,93.3149,usd_index
2014-07-04,.,usd_index
2014-07-07,93.3803,usd_index
2014-07-08,93.323,usd_index
2014-07-09,93.228,usd_index
2014-07-10,93.3152,usd_index
2014-07-11,93.4171,usd_index
2014-07-14,93.4101,usd_index
2014-07-15,93.5796,usd_index
2014-07-16,93.5991,usd_index
2014-07-17,93.6586,usd_index
2014-07-18,93.6608,usd_index
2014-07-21,93.6069,usd_index
2014-07-22,93.6306,usd_index
2014-07-23,93.5951,usd_index
2014-07-24,93.6836,usd_index
2014-07-25,93.8294,usd_index
2014-07-28,93.83,usd_index
2014-07-29,94.0443,usd_index
2014-07-30,94.3473,usd_index
2014-07-31,94.4467,usd_index
2014-08-01,94.4754,usd_index
2014-08-04,94.448,usd_index
2014-08-05,94.6754,usd_index
2014-08-06,94.6092,usd_index
2014-08-07,94.6364,usd_index
2014-08-08,94.6027,usd_index
2014-08-11,94.4767,usd_index
2014-08-12,94.5211,usd_index
2014-08-13,94.4681,usd_index
2014-08-14,94.3508,usd_index
2014-08-15,94.2941,usd_index
2014-08-18,94.2519,usd_index
2014-08-19,94.4356,usd_index
2014-08-20,94.5937,usd_index
2014-08-21,94.673,usd_index
2014-08-22,94.8012,usd_index
2014-08-25,94.9159,usd_index
2014-08-26,94.8617,usd_index
2014-08-27,94.6863,usd_index
2014-08-28,94.6947,usd_index
2014-08-29,94.7251,usd_index
2014-09-01,.,usd_index
2014-09-02,95.063,usd_index
2014-09-03,94.8709,usd_index
2014-09-04,95.2641,usd_index
2014-09-05,95.2203,usd_index
2014-09-08,95.4167,usd_index
2014-09-09,95.8811,usd_index
2014-09-10,95.8641,usd_index
2014-09-11,95.9184,usd_index
2014-09-12,96.0748,usd_index
2014-09-15,96.1195,usd_index
2014-09-16,95.8483,usd_index
2014-09-17,95.9106,usd_index
2014-09-18,96.1284,usd_index
2014-09-19,96.3417,usd_index
2014-09-22,96.4625,usd_index
2014-09-23,96.5112,usd_index
2014-09-24,96.6574,usd_index
2014-09-25,96.8988,usd_index
2014-09-26,97.208,usd_index
2014-09-29,97.3523,usd_index
2014-09-30,97.5261,usd_index
2014-10-01,97.5387,usd_index
2014-10-02,97.3062,usd_index
2014-10-03,97.9846,usd_index
2014-10-06,97.5513,usd_index
2014-10-07,97.4459,usd_index
2014-10-08,97.4945,usd_index
2014-10-09,97.1711,usd_index
2014-10-10,97.4144,usd_index
2014-10-13,.,usd_index
2014-10-14,97.3943,usd_index
2014-10-15,97.3532,usd_index
2014-10-16,97.2869,usd_index
2014-10-17,97.3067,usd_index
2014-10-20,97.2874,usd_index
2014-10-21,97.2488,usd_index
2014-10-22,97.459,usd_index
2014-10-23,97.6047,usd_index
2014-10-24,97.4772,usd_index
2014-10-27,97.5423,usd_index
2014-10-28,97.2173,usd_index
2014-10-29,97.0145,usd_index
2014-10-30,97.456,usd_index
2014-10-31,98.1163,usd_index
2014-11-03,98.5336,usd_index
2014-11-04,98.5576,usd_index
2014-11-05,98.8086,usd_index
2014-11-06,99.1325,usd_index
2014-11-07,99.0236,usd_index
2014-11-10,98.9305,usd_index
2014-11-11,.,usd_index
2014-11-12,98.8897,usd_index
2014-11-13,99.1045,usd_index
2014-11-14,99.0917,usd_index
2014-11-17,99.2188,usd_index
2014-11-18,99.0185,usd_index
2014-11-19,99.2424,usd_index
2014-11-20,99.2554,usd_index
2014-11-21,99.2894,usd_index
2014-11-24,99.4227,usd_index
2014-11-25,99.2837,usd_index
2014-11-26,99.1893,usd_index
2014-11-27,.,usd_index
2014-11-28,100.0719,usd_index
2014-12-01,99.8964,usd_index
2014-12-02,100.4478,usd_index
2014-12-03,100.5696,usd_index
2014-12-04,100.3931,usd_index
2014-12-05,101.0989,usd_index
2014-12-08,101.31,usd_index
2014-12-09,100.8095,usd_index
2014-12-10,101.0212,usd_index
2014-12-11,101.4448,usd_index
2014-12-12,101.3735,usd_index
2014-12-15,101.674,usd_index
2014-12-16,101.526,usd_index
2014-12-17,101.5527,usd_index
2014-12-18,101.7531,usd_index
2014-12-19,102.0483,usd_index
2014-12-22,101.9942,usd_index
2014-12-23,102.348,usd_index
2014-12-24,102.3028,usd_index
2014-12-25,.,usd_index
2014-12-26,.,usd_index
2014-12-29,102.3767,usd_index
2014-12-30,102.1019,usd_index
2014-12-31,102.2843,usd_index
2015-01-01,.,usd_index
2015-01-02,102.9027,usd_index
2015-01-05,103.4976,usd_index
2015-01-06,103.2938,usd_index
2015-01-07,103.6316,usd_index
2015-01-08,103.2799,usd_index
2015-01-09,103.1213,usd_index
2015-01-12,103.2372,usd_index
2015-01-13,103.27,usd_index
2015-01-14,103.0903,usd_index
2015-01-15,103.0829,usd_index
2015-01-16,103.2189,usd_index
2015-01-19,.,usd_index
2015-01-20,103.5233,usd_index
2015-01-21,103.7858,usd_index
2015-01-22,103.9271,usd_index
2015-01-23,104.3676,usd_index
2015-01-26,104.4818,usd_index
2015-01-27,104.1646,usd_index
2015-01-28,104.4737,usd_index
2015-01-29,105.2763,usd_index
2015-01-30,105.5884,usd_index
2015-02-02,105.2058,usd_index
2015-02-03,104.6063,usd_index
2015-02-04,104.785,usd_index
2015-02-05,104.4915,usd_index
2015-02-06,105.1283,usd_index
2015-02-09,104.9889,usd_index
2015-02-10,105.2897,usd_index
2015-02-11,105.7901,usd_index
2015-02-12,104.9385,usd_index
2015-02-13,104.8452,usd_index
2015-02-16,.,usd_index
2015-02-17,.,usd_index
2015-02-18,105.2514,usd_index
2015-02-19,105.1407,usd_index
2015-02-20,105.3387,usd_index
2015-02-23,105.5359,usd_index
2015-02-24,105.5472,usd_index
2015-02-25,105.0503,usd_index
2015-02-26,105.5021,usd_index
2015-02-27,105.5981,usd_index
2015-03-02,105.8151,usd_index
2015-03-03,105.5562,usd_index
2015-03-04,106.1333,usd_index
2015-03-05,.,usd_index
2015-03-06,107.4337,usd_index
2015-03-09,107.5199,usd_index
2015-03-10,108.1165,usd_index
2015-03-11,108.5235,usd_index
2015-03-12,108.1741,usd_index
2015-03-13,108.9174,usd_index
2015-03-16,108.6422,usd_index
2015-03-17,108.5805,usd_index
2015-03-18,108.408,usd_index
2015-03-19,108.1826,usd_index
2015-03-20,107.1671,usd_index
2015-03-23,106.5022,usd_index
2015-03-24,106.4401,usd_index
2015-03-25,106.2636,usd_index
2015-03-26,106.5582,usd_index
2015-03-27,106.8916,usd_index
2015-03-30,107.3941,usd_index
2015-03-31,107.4396,usd_index
2015-04-01,107.06,usd_index
2015-04-02,106.6738,usd_index
2015-04-03,105.8861,usd_index
2015-04-06,105.7876,usd_index
2015-04-07,106.4488,usd_index
2015-04-08,106.4231,usd_index
2015-04-09,107.0335,usd_index
2015-04-10,107.4526,usd_index
2015-04-13,107.7508,usd_index
2015-04-14,107.0547,usd_index
2015-04-15,107.1855,usd_index
2015-04-16,106.2761,usd_index
2015-04-17,106.329,usd_index
2015-04-20,106.4902,usd_index
2015-04-21,106.5582,usd_index
2015-04-22,106.5815,usd_index
2015-04-23,106.1658,usd_index
2015-04-24,105.905,usd_index
2015-04-27,105.6891,usd_index
2015-04-28,105.1234,usd_index
2015-04-29,104.5634,usd_index
2015-04-30,105.312,usd_index
2015-05-01,105.6382,usd_index
2015-05-04,105.6679,usd_index
2015-05-05,105.2396,usd_index
2015-05-06,104.6935,usd_index
2015-05-07,105.1941,usd_index
2015-05-08,104.8424,usd_index
2015-05-11,105.3075,usd_index
2015-05-12,104.8924,usd_index
2015-05-13,104.3608,usd_index
2015-05-14,104.2359,usd_index
2015-05-15,104.0202,usd_index
2015-05-18,104.6068,usd_index
2015-05-19,105.3448,usd_index
2015-05-20,105.5605,usd_index
2015-05-21,105.3808,usd_index
2015-05-22,105.8487,usd_index
2015-05-25,.,usd_index
2015-05-26,106.7294,usd_index
2015-05-27,106.908,usd_index
2015-05-28,106.92,usd_index
2015-05-29,106.7388,usd_index
2015-06-01,107.2238,usd_index
2015-06-02,106.4507,usd_index
2015-06-03,106.1443,usd_index
2015-06-04,106.4725,usd_index
2015-06-05,107.1336,usd_index
2015-06-08,106.7693,usd_index
2015-06-09,106.2238,usd_index
2015-06-10,105.8037,usd_index
2015-06-11,106.0934,usd_index
2015-06-12,105.9015,usd_index
2015-06-15,105.9989,usd_index
2015-06-16,106.0473,usd_index
2015-06-17,106.058,usd_index
2015-06-18,105.102,usd_index
2015-06-19,105.4496,usd_index
2015-06-22,105.3846,usd_index
2015-06-23,105.9678,usd_index
2015-06-24,106.2522,usd_index
2015-06-25,106.1515,usd_index
2015-06-26,106.4116,usd_index
2015-06-29,106.3785,usd_index
2015-06-30,106.5191,usd_index
2015-07-01,107.0101,usd_index
2015-07-02,106.9106,usd_index
2015-07-03,.,usd_index
2015-07-06,107.1343,usd_index
2015-07-07,107.785,usd_index
2015-07-08,107.4734,usd_index
2015-07-09,107.5595,usd_index
2015-07-10,107.213,usd_index
2015-07-13,107.5849,usd_index
2015-07-14,107.4843,usd_index
2015-07-15,108.0149,usd_index
2015-07-16,108.1726,usd_index
2015-07-17,108.5374,usd_index
2015-07-20,108.6944,usd_index
2015-07-21,108.3893,usd_index
2015-07-22,108.7817,usd_index
2015-07-23,108.7565,usd_index
2015-07-24,109.0174,usd_index
2015-07-27,108.6924,usd_index
2015-07-28,108.6881,usd_index
2015-07-29,108.604,usd_index
2015-07-30,109.4328,usd_index
2015-07-31,108.7819,usd_index
2015-08-03,109.214,usd_index
2015-08-04,109.2244,usd_index
2015-08-05,109.842,usd_index
2015-08-06,109.722,usd_index
2015-08-07,109.4376,usd_index
2015-08-10,109.1931,usd_index
2015-08-11,109.9464,usd_index
2015-08-12,109.4655,usd_index
2015-08-13,109.9025,usd_index
2015-08-14,109.9174,usd_index
2015-08-17,110.1435,usd_index
2015-08-18,110.2504,usd_index
2015-08-19,110.4333,usd_index
2015-08-20,110.1077,usd_index
2015-08-21,110.1443,usd_index
2015-08-24,109.9306,usd_index
2015-08-25,110.3394,usd_index
2015-08-26,110.5807,usd_index
2015-08-27,110.4834,usd_index
2015-08-28,110.6714,usd_index
2015-08-31,110.5621,usd_index
2015-09-01,110.4506,usd_index
2015-09-02,110.7979,usd_index
2015-09-03,110.8566,usd_index
2015-09-04,111.1018,usd_index
2015-09-07,.,usd_index
2015-09-08,110.7942,usd_index
2015-09-09,110.9225,usd_index
2015-09-10,110.6331,usd_index
2015-09-11,110.6109,usd_index
2015-09-14,110.5005,usd_index
2015-09-15,110.6394,usd_index
2015-09-16,110.1021,usd_index
2015-09-17,110.1212,usd_index
2015-09-18,109.8165,usd_index
2015-09-21,110.6414,usd_index
2015-09-22,111.1967,usd_index
2015-09-23,111.6287,usd_index
2015-09-24,111.4454,usd_index
2015-09-25,111.3725,usd_index
2015-09-28,111.3914,usd_index
2015-09-29,111.5219,usd_index
2015-09-30,111.3311,usd_index
2015-10-01,111.0439,usd_index
2015-10-02,110.7006,usd_index
2015-10-05,110.4445,usd_index
2015-10-06,110.1371,usd_index
2015-10-07,109.8162,usd_index
2015-10-08,109.6452,usd_index
2015-10-09,109.0782,usd_index
2015-10-12,.,usd_index
2015-10-13,109.4119,usd_index
2015-10-14,109.1244,usd_index
2015-10-15,108.6671,usd_index
2015-10-16,108.9956,usd_index
2015-10-19,109.3858,usd_index
2015-10-20,109.3368,usd_index
2015-10-21,109.7746,usd_index
2015-10-22,110.0342,usd_index
2015-10-23,110.4329,usd_index
2015-10-26,110.2089,usd_index
2015-10-27,110.4875,usd_index
2015-10-28,110.2334,usd_index
2015-10-29,110.8083,usd_index
2015-10-30,110.2079,usd_index
2015-11-02,110.2188,usd_index
2015-11-03,110.244,usd_index
2015-11-04,110.7139,usd_index
2015-11-05,110.8302,usd_index
2015-11-06,111.7603,usd_index
2015-11-09,111.9112,usd_index
2015-11-10,111.9919,usd_index
2015-11-11,.,usd_index
2015-11-12,111.7965,usd_index
2015-11-13,112.0264,usd_index
2015-11-16,112.2199,usd_index
2015-11-17,112.3141,usd_index
2015-11-18,112.3663,usd_index
2015-11-19,111.5749,usd_index
2015-11-20,111.7799,usd_index
2015-11-23,112.1125,usd_index
2015-11-24,111.7638,usd_index
2015-11-25,111.8936,usd_index
2015-11-26,.,usd_index
2015-11-27,112.2824,usd_index
2015-11-30,112.34,usd_index
2015-12-01,112.1134,usd_index
2015-12-02,112.3715,usd_index
2015-12-03,111.6407,usd_index
2015-12-04,111.5463,usd_index
2015-12-07,112.3056,usd_index
2015-12-08,112.5485,usd_index
2015-12-09,112.1918,usd_index
2015-12-10,112.2672,usd_index
2015-12-11,112.7147,usd_index
2015-12-14,112.7521,usd_index
2015-12-15,112.8609,usd_index
2015-12-16,112.9864,usd_index
2015-12-17,113.8177,usd_index
2015-12-18,113.2837,usd_index
2015-12-21,113.4144,usd_index
2015-12-22,113.211,usd_index
2015-12-23,113.1847,usd_index
2015-12-24,113.0496,usd_index
2015-12-25,.,usd_index
2015-12-28,113.0461,usd_index
2015-12-29,113.1664,usd_index
2015-12-30,113.4707,usd_index
2015-12-31,113.3429,usd_index
2016-01-01,.,usd_index
2016-01-04,114.1595,usd_index
2016-01-05,114.2649,usd_index
2016-01-06,114.6177,usd_index
2016-01-07,114.6516,usd_index
2016-01-08,115.0095,usd_index
2016-01-11,115.0139,usd_index
2016-01-12,115.3128,usd_index
2016-01-13,115.1425,usd_index
2016-01-14,115.3846,usd_index
2016-01-15,115.7404,usd_index
2016-01-18,.,usd_index
2016-01-19,115.8155,usd_index
2016-01-20,116.3498,usd_index
2016-01-21,115.9833,usd_index
2016-01-22,.,usd_index
2016-01-25,.,usd_index
2016-01-26,.,usd_index
2016-01-27,115.5087,usd_index
2016-01-28,115.2224,usd_index
2016-01-29,115.5731,usd_index
2016-02-01,115.3331,usd_index
2016-02-02,115.553,usd_index
2016-02-03,114.6144,usd_index
2016-02-04,113.6012,usd_index
2016-02-05,114.2935,usd_index
2016-02-08,114.4351,usd_index
2016-02-09,114.127,usd_index
2016-02-10,114.2877,usd_index
2016-02-11,114.1845,usd_index
2016-02-12,114.2992,usd_index
2016-02-15,.,usd_index
2016-02-16,114.4905,usd_index
2016-02-17,113.8634,usd_index
2016-02-18,113.8897,usd_index
2016-02-19,113.9558,usd_index
2016-02-22,113.8232,usd_index
2016-02-23,114.177,usd_index
2016-02-24,114.1716,usd_index
2016-02-25,113.9222,usd_index
2016-02-26,114.3708,usd_index
2016-02-29,114.2418,usd_index
2016-03-01,113.9265,usd_index
2016-03-02,113.7965,usd_index
2016-03-03,113.2482,usd_index
2016-03-04,112.6387,usd_index
2016-03-07,112.6219,usd_index
2016-03-08,112.8465,usd_index
2016-03-09,112.4268,usd_index
2016-03-10,112.4191,usd_index
2016-03-11,111.741,usd_index
2016-03-14,112.1688,usd_index
2016-03-15,112.5545,usd_index
2016-03-16,112.7759,usd_index
2016-03-17,110.445,usd_index
2016-03-18,110.4002,usd_index
2016-03-21,110.737,usd_index
2016-03-22,110.7877,usd_index
2016-03-23,111.5473,usd_index
2016-03-24,111.816,usd_index
2016-03-25,111.7698,usd_index
2016-03-28,111.3578,usd_index
2016-03-29,111.3736,usd_index
2016-03-30,110.2301,usd_index
2016-03-31,109.9191,usd_index
2016-04-01,110.2977,usd_index
2016-04-04,110.3987,usd_index
2016-04-05,110.9478,usd_index
2016-04-06,110.5347,usd_index
2016-04-07,110.8876,usd_index
2016-04-08,110.4213,usd_index
2016-04-11,109.9758,usd_index
2016-04-12,109.816,usd_index
2016-04-13,110.1436,usd_index
2016-04-14,110.1691,usd_index
2016-04-15,110.1933,usd_index
2016-04-18,109.9892,usd_index
2016-04-19,109.2782,usd_index
2016-04-20,109.3926,usd_index
2016-04-21,109.8533,usd_index
2016-04-22,110.2331,usd_index
2016-04-25,110.1865,usd_index
2016-04-26,109.7496,usd_index
2016-04-27,109.8483,usd_index
2016-04-28,109.2148,usd_index
2016-04-29,108.8274,usd_index
2016-05-02,108.671,usd_index
2016-05-03,109.3613,usd_index
2016-05-04,109.9952,usd_index
2016-05-05,110.2417,usd_index
2016-05-06,110.3801,usd_index
2016-05-09,110.9466,usd_index
2016-05-10,110.8225,usd_index
2016-05-11,110.2806,usd_index
2016-05-12,110.6935,usd_index
2016-05-13,111.2521,usd_index
2016-05-16,111.1217,usd_index
2016-05-17,111.0867,usd_index
2016-05-18,111.4995,usd_index
2016-05-19,112.2331,usd_index
2016-05-20,112.1822,usd_index
2016-05-23,112.284,usd_index
2016-05-24,112.2912,usd_index
2016-05-25,112.2001,usd_index
2016-05-26,111.8979,usd_index
2016-05-27,112.0822,usd_index
2016-05-30,.,usd_index
2016-05-31,112.4276,usd_index
2016-06-01,112.462,usd_index
2016-06-02,112.4564,usd_index
2016-06-03,111.4451,usd_index
2016-06-06,111.2295,usd_index
2016-06-07,110.8378,usd_index
2016-06-08,110.1916,usd_index
2016-06-09,110.6168,usd_index
2016-06-10,111.1027,usd_index
2016-06-13,111.5036,usd_index
2016-06-14,111.9826,usd_index
2016-06-15,111.7671,usd_index
2016-06-16,112.2347,usd_index
2016-06-17,111.5332,usd_index
2016-06-20,110.8693,usd_index
2016-06-21,111.0077,usd_index
2016-06-22,110.7681,usd_index
2016-06-23,110.262,usd_index
2016-06-24,112.1355,usd_index
2016-06-27,113.1301,usd_index
2016-06-28,112.7545,usd_index
2016-06-29,111.8597,usd_index
2016-06-30,112.1618,usd_index
2016-07-01,111.6509,usd_index
2016-07-04,.,usd_index
2016-07-05,112.4231,usd_index
2016-07-06,112.5438,usd_index
2016-07-07,112.5775,usd_index
2016-07-08,112.3963,usd_index
2016-07-11,112.5254,usd_index
2016-07-12,112.1102,usd_index
2016-07-13,112.0266,usd_index
2016-07-14,111.7692,usd_index
2016-07-15,112.2833,usd_index
2016-07-18,112.2463,usd_index
2016-07-19,112.638,usd_index
2016-07-20,112.6743,usd_index
2016-07-21,112.6239,usd_index
2016-07-22,112.989,usd_index
2016-07-25,113.1784,usd_index
2016-07-26,113.0593,usd_index
2016-07-27,113.217,usd_index
2016-07-28,112.7393,usd_index
2016-07-29,111.874,usd_index
2016-08-01,111.9757,usd_index
2016-08-02,111.7124,usd_index
2016-08-03,111.9419,usd_index
2016-08-04,111.9149,usd_index
2016-08-05,112.3589,usd_index
2016-08-08,112.1456,usd_index
2016-08-09,111.722,usd_index
2016-08-10,111.3238,usd_index
2016-08-11,111.1954,usd_index
2016-08-12,111.1787,usd_index
2016-08-15,110.9212,usd_index
2016-08-16,110.4295,usd_index
2016-08-17,110.9459,usd_index
2016-08-18,110.3134,usd_index
2016-08-19,110.8163,usd_index
2016-08-22,110.9997,usd_index
2016-08-23,110.9414,usd_index
2016-08-24,111.2958,usd_index
2016-08-25,111.1726,usd_index
2016-08-26,111.2035,usd_index
2016-08-29,111.8775,usd_index
2016-08-30,112.2928,usd_index
2016-08-31,112.4036,usd_index
2016-09-01,112.1733,usd_index
2016-09-02,112.0009,usd_index
2016-09-05,.,usd_index
2016-09-06,110.9613,usd_index
2016-09-07,110.9717,usd_index
2016-09-08,111.2609,usd_index
2016-09-09,111.9879,usd_index
2016-09-12,112.1516,usd_index
2016-09-13,112.5207,usd_index
2016-09-14,112.4678,usd_index
2016-09-15,112.4753,usd_index
2016-09-16,113.1765,usd_index
2016-09-19,112.903,usd_index
2016-09-20,113.1848,usd_index
2016-09-21,112.9842,usd_index
2016-09-22,112.2592,usd_index
2016-09-23,112.7166,usd_index
2016-09-26,112.7112,usd_index
2016-09-27,112.5515,usd_index
2016-09-28,112.6283,usd_index
2016-09-29,112.2879,usd_index
2016-09-30,112.2795,usd_index
2016-10-03,112.5077,usd_index
2016-10-04,112.6579,usd_index
2016-10-05,112.7946,usd_index
2016-10-06,113.0066,usd_index
2016-10-07,113.2915,usd_index
2016-10-10,.,usd_index
2016-10-11,113.4461,usd_index
2016-10-12,113.7442,usd_index
2016-10-13,113.6238,usd_index
2016-10-14,113.7119,usd_index
2016-10-17,113.5488,usd_index
2016-10-18,113.1393,usd_index
2016-10-19,113.0547,usd_index
2016-10-20,113.4033,usd_index
2016-10-21,113.9015,usd_index
2016-10-24,113.8571,usd_index
2016-10-25,113.6801,usd_index
2016-10-26,113.8131,usd_index
2016-10-27,114.1998,usd_index
2016-10-28,114.0931,usd_index
2016-10-31,114.0188,usd_index
2016-11-01,113.9915,usd_index
2016-11-02,113.9206,usd_index
2016-11-03,113.7664,usd_index
2016-11-04,113.5828,usd_index
2016-11-07,113.5443,usd_index
2016-11-08,113.3017,usd_index
2016-11-09,114.6956,usd_index
2016-11-10,115.9375,usd_index
2016-11-11,.,usd_index
2016-11-14,117.2245,usd_index
2016-11-15,116.7724,usd_index
2016-11-16,116.8062,usd_index
2016-11-17,116.8952,usd_index
2016-11-18,117.5936,usd_index
2016-11-21,117.4762,usd_index
2016-11-22,117.4508,usd_index
2016-11-23,118.0356,usd_index
2016-11-24,.,usd_index
2016-11-25,118.02,usd_index
2016-11-28,117.7278,usd_index
2016-11-29,117.644,usd_index
2016-11-30,117.7636,usd_index
2016-12-01,117.6642,usd_index
2016-12-02,117.3116,usd_index
2016-12-05,117.1008,usd_index
2016-12-06,116.9225,usd_index
2016-12-07,116.672,usd_index
2016-12-08,117.0327,usd_index
2016-12-09,117.2834,usd_index
2016-12-12,116.9161,usd_index
2016-12-13,116.8029,usd_index
2016-12-14,116.7332,usd_index
2016-12-15,118.8072,usd_index
2016-12-16,118.3584,usd_index
2016-12-19,118.3875,usd_index
2016-12-20,118.63,usd_index
2016-12-21,118.581,usd_index
2016-12-22,118.8209,usd_index
2016-12-23,118.7856,usd_index
2016-12-26,.,usd_index
2016-12-27,118.9506,usd_index
2016-12-28,119.2305,usd_index
2016-12-29,118.6637,usd_index
2016-12-30,118.3466,usd_index
2017-01-02,.,usd_index
2017-01-03,119.0903,usd_index
2017-01-04,118.8803,usd_index
2017-01-05,117.9999,usd_index
2017-01-06,118.3495,usd_index
2017-01-09,118.4111,usd_index
2017-01-10,118.5386,usd_index
2017-01-11,119.0219,usd_index
2017-01-12,117.8001,usd_index
2017-01-13,117.9884,usd_index
2017-01-16,.,usd_index
2017-01-17,117.2656,usd_index
2017-01-18,117.7242,usd_index
2017-01-19,118.3182,usd_index
2017-01-20,.,usd_index
2017-01-23,117.2479,usd_index
2017-01-24,117.0516,usd_index
2017-01-25,116.9355,usd_index
2017-01-26,117.2766,usd_index
2017-01-27,117.0735,usd_index
2017-01-30,116.7325,usd_index
2017-01-31,116.2241,usd_index
2017-02-01,116.3914,usd_index
2017-02-02,115.903,usd_index
2017-02-03,115.6259,usd_index
2017-02-06,116.0504,usd_index
2017-02-07,116.4082,usd_index
2017-02-08,116.1382,usd_index
2017-02-09,116.306,usd_index
2017-02-10,116.148,usd_index
2017-02-13,116.3427,usd_index
2017-02-14,116.3949,usd_index
2017-02-15,116.2162,usd_index
2017-02-16,116.0067,usd_index
2017-02-17,116.4035,usd_index
2017-02-20,.,usd_index
2017-02-21,116.5921,usd_index
2017-02-22,116.2136,usd_index
2017-02-23,115.6527,usd_index
2017-02-24,115.8143,usd_index
2017-02-27,115.6764,usd_index
2017-02-28,116.0032,usd_index
2017-03-01,116.438,usd_index
2017-03-02,116.8429,usd_index
2017-03-03,116.6438,usd_index
2017-03-06,116.4313,usd_index
2017-03-07,116.4303,usd_index
2017-03-08,116.875,usd_index
2017-03-09,116.9959,usd_index
2017-03-10,116.616,usd_index
2017-03-13,116.4004,usd_index
2017-03-14,116.5646,usd_index
2017-03-15,116.3584,usd_index
2017-03-16,115.4456,usd_index
2017-03-17,115.2783,usd_index
2017-03-20,115.0426,usd_index
2017-03-21,114.8119,usd_index
2017-03-22,114.7937,usd_index
2017-03-23,114.7899,usd_index
2017-03-24,114.6372,usd_index
2017-03-27,114.2347,usd_index
2017-03-28,114.419,usd_index
2017-03-29,114.7167,usd_index
2017-03-30,114.5245,usd_index
2017-03-31,114.7938,usd_index
2017-04-03,114.8734,usd_index
2017-04-04,115.0038,usd_index
2017-04-05,114.9494,usd_index
2017-04-06,115.0181,usd_index
2017-04-07,115.0547,usd_index
2017-04-10,115.11,usd_index
2017-04-11,115.009,usd_index
2017-04-12,114.9162,usd_index
2017-04-13,114.5059,usd_index
2017-04-14,114.5368,usd_index
2017-04-17,114.3283,usd_index
2017-04-18,114.2575,usd_index
2017-04-19,114.7923,usd_index
2017-04-20,114.6205,usd_index
2017-04-21,114.8128,usd_index
2017-04-24,114.3659,usd_index
2017-04-25,114.5111,usd_index
2017-04-26,114.9479,usd_index
2017-04-27,114.9946,usd_index
2017-04-28,114.7877,usd_index
2017-05-01,114.5921,usd_index
2017-05-02,114.6792,usd_index
2017-05-03,114.6637,usd_index
2017-05-04,114.9076,usd_index
2017-05-05,114.7725,usd_index
2017-05-08,115.0895,usd_index
2017-05-09,115.3933,usd_index
2017-05-10,115.1145,usd_index
2017-05-11,115.0669,usd_index
2017-05-12,114.7479,usd_index
2017-05-15,114.3504,usd_index
2017-05-16,113.9923,usd_index
2017-05-17,113.7506,usd_index
2017-05-18,114.2683,usd_index
2017-05-19,113.7001,usd_index
2017-05-22,113.5442,usd_index
2017-05-23,113.6862,usd_index
2017-05-24,113.675,usd_index
2017-05-25,113.3719,usd_index
2017-05-26,113.4839,usd_index
2017-05-29,.,usd_index
2017-05-30,113.5552,usd_index
2017-05-31,113.2956,usd_index
2017-06-01,113.3017,usd_index
2017-06-02,113.1908,usd_index
2017-06-05,112.9755,usd_index
2017-06-06,112.7095,usd_index
2017-06-07,112.8191,usd_index
2017-06-08,112.8351,usd_index
2017-06-09,112.9562,usd_index
2017-06-12,112.9837,usd_index
2017-06-13,112.6271,usd_index
2017-06-14,112.0734,usd_index
2017-06-15,112.8708,usd_index
2017-06-16,112.6155,usd_index
2017-06-19,112.7576,usd_index
2017-06-20,113.2698,usd_index
2017-06-21,113.3327,usd_index
2017-06-22,113.1654,usd_index
2017-06-23,112.8665,usd_index
2017-06-26,112.7633,usd_index
2017-06-27,112.55,usd_index
2017-06-28,112.0747,usd_index
2017-06-29,111.998,usd_index
2017-06-30,111.9896,usd_index
2017-07-03,112.4268,usd_index
2017-07-04,.,usd_index
2017-07-05,112.6534,usd_index
2017-07-06,112.4199,usd_index
2017-07-07,112.3137,usd_index
2017-07-10,112.1587,usd_index
2017-07-11,112.1434,usd_index
2017-07-12,111.5904,usd_index
2017-07-13,111.5365,usd_index
2017-07-14,110.9075,usd_index
2017-07-17,110.9304,usd_index
2017-07-18,110.4356,usd_index
2017-07-19,110.4339,usd_index
2017-07-20,110.2512,usd_index
2017-07-21,110.191,usd_index
2017-07-24,110.2004,usd_index
2017-07-25,110.2835,usd_index
2017-07-26,110.3811,usd_index
2017-07-27,110.216,usd_index
2017-07-28,109.92,usd_index
2017-07-31,109.8177,usd_index
2017-08-01,109.8495,usd_index
2017-08-02,109.7503,usd_index
2017-08-03,109.8332,usd_index
2017-08-04,110.2808,usd_index
2017-08-07,110.373,usd_index
2017-08-08,110.396,usd_index
2017-08-09,110.3671,usd_index
2017-08-10,110.1886,usd_index
2017-08-11,110.0422,usd_index
2017-08-14,110.095,usd_index
2017-08-15,110.4846,usd_index
2017-08-16,110.4394,usd_index
2017-08-17,110.1673,usd_index
2017-08-18,110.041,usd_index
2017-08-21,109.7349,usd_index
2017-08-22,109.8386,usd_index
2017-08-23,109.8095,usd_index
2017-08-24,109.7524,usd_index
2017-08-25,109.3415,usd_index
2017-08-28,109.1815,usd_index
2017-08-29,109.0946,usd_index
2017-08-30,109.4052,usd_index
2017-08-31,109.3686,usd_index
2017-09-01,109.0504,usd_index
2017-09-04,.,usd_index
2017-09-05,108.8664,usd_index
2017-09-06,108.4897,usd_index
2017-09-07,107.9224,usd_index
2017-09-08,107.808,usd_index
2017-09-11,108.153,usd_index
2017-09-12,108.3239,usd_index
2017-09-13,108.6628,usd_index
2017-09-14,108.618,usd_index
2017-09-15,108.3147,usd_index
2017-09-18,108.6401,usd_index
2017-09-19,108.6142,usd_index
2017-09-20,108.4329,usd_index
2017-09-21,108.9267,usd_index
2017-09-22,108.7542,usd_index
2017-09-25,109.3302,usd_index
2017-09-26,109.7769,usd_index
2017-09-27,110.0722,usd_index
2017-09-28,110.2415,usd_index
2017-09-29,110.0867,usd_index
2017-10-02,110.3686,usd_index
2017-10-03,110.3281,usd_index
2017-10-04,110.2425,usd_index
2017-10-05,110.5823,usd_index
2017-10-06,110.7841,usd_index
2017-10-09,.,usd_index
2017-10-10,110.3034,usd_index
2017-10-11,110.3037,usd_index
2017-10-12,110.3152,usd_index
2017-10-13,110.2669,usd_index
2017-10-16,110.5432,usd_index
2017-10-17,110.9141,usd_index
2017-10-18,110.7214,usd_index
2017-10-19,110.4577,usd_index
2017-10-20,111.0375,usd_index
2017-10-23,111.2134,usd_index
2017-10-24,111.4027,usd_index
2017-10-25,111.3904,usd_index
2017-10-26,111.6418,usd_index
2017-10-27,112.1495,usd_index
2017-10-30,111.901,usd_index
2017-10-31,111.8052,usd_index
2017-11-01,111.7942,usd_index
2017-11-02,111.5474,usd_index
2017-11-03,111.9383,usd_index
2017-11-06,111.7197,usd_index
2017-11-07,111.9446,usd_index
2017-11-08,111.6935,usd_index
2017-11-09,111.5626,usd_index
2017-11-10,.,usd_index
2017-11-13,111.7833,usd_index
2017-11-14,111.5097,usd_index
2017-11-15,111.4809,usd_index
2017-11-16,111.2568,usd_index
2017-11-17,111.0016,usd_index
2017-11-20,111.2599,usd_index
2017-11-21,110.9828,usd_index
2017-11-22,110.5632,usd_index
2017-11-23,.,usd_index
2017-11-24,110.0253,usd_index
2017-11-27,110.1136,usd_index
2017-11-28,110.3018,usd_index
2017-11-29,110.3265,usd_index
2017-11-30,110.4648,usd_index
2017-12-01,110.1413,usd_index
2017-12-04,110.397,usd_index
2017-12-05,110.4905,usd_index
2017-12-06,110.8711,usd_index
2017-12-07,111.0178,usd_index
2017-12-08,111.2273,usd_index
2017-12-11,111.0827,usd_index
2017-12-12,111.5214,usd_index
2017-12-13,111.2759,usd_index
2017-12-14,111.0893,usd_index
2017-12-15,111.1286,usd_index
2017-12-18,110.9086,usd_index
2017-12-19,111.1255,usd_index
2017-12-20,110.8361,usd_index
2017-12-21,110.8786,usd_index
2017-12-22,111.0997,usd_index
2017-12-25,.,usd_index
2017-12-26,110.9758,usd_index
2017-12-27,110.8553,usd_index
2017-12-28,110.5154,usd_index
2017-12-29,110.0783,usd_index
2018-01-01,.,usd_index
2018-01-02,109.6445,usd_index
2018-01-03,109.6751,usd_index
2018-01-04,109.4777,usd_index
2018-01-05,109.3496,usd_index
2018-01-08,109.5681,usd_index
2018-01-09,109.9025,usd_index
2018-01-10,109.628,usd_index
2018-01-11,109.4888,usd_index
2018-01-12,108.901,usd_index
2018-01-15,.,usd_index
2018-01-16,108.3218,usd_index
2018-01-17,108.1526,usd_index
2018-01-18,108.0655,usd_index
2018-01-19,107.9455,usd_index
2018-01-22,108.107,usd_index
2018-01-23,107.9979,usd_index
2018-01-24,107.0802,usd_index
2018-01-25,106.5052,usd_index
2018-01-26,106.6911,usd_index
2018-01-29,107.1142,usd_index
2018-01-30,107.1064,usd_index
2018-01-31,106.7696,usd_index
2018-02-01,106.4877,usd_index
2018-02-02,107.1151,usd_index
2018-02-05,107.33,usd_index
2018-02-06,107.5204,usd_index
2018-02-07,107.7175,usd_index
2018-02-08,108.3025,usd_index
2018-02-09,108.2582,usd_index
2018-02-12,108.0332,usd_index
2018-02-13,107.7574,usd_index
2018-02-14,107.4691,usd_index
2018-02-15,106.9867,usd_index
2018-02-16,107.0359,usd_index
2018-02-19,.,usd_index
2018-02-20,107.6249,usd_index
2018-02-21,107.8679,usd_index
2018-02-22,107.8668,usd_index
2018-02-23,107.6804,usd_index
2018-02-26,107.7347,usd_index
2018-02-27,108.1731,usd_index
2018-02-28,108.3903,usd_index
2018-03-01,108.5358,usd_index
2018-03-02,.,usd_index
2018-03-05,108.3614,usd_index
2018-03-06,107.7969,usd_index
2018-03-07,108.0911,usd_index
2018-03-08,108.2671,usd_index
2018-03-09,107.923,usd_index
2018-03-12,107.9438,usd_index
2018-03-13,107.7384,usd_index
2018-03-14,107.8623,usd_index
2018-03-15,108.2032,usd_index
2018-03-16,108.4332,usd_index
2018-03-19,108.3145,usd_index
2018-03-20,108.4953,usd_index
2018-03-21,.,usd_index
2018-03-22,107.9935,usd_index
2018-03-23,107.7495,usd_index
2018-03-26,107.1819,usd_index
2018-03-27,107.3359,usd_index
2018-03-28,107.5733,usd_index
2018-03-29,107.665,usd_index
2018-03-30,107.4784,usd_index
2018-04-02,107.7033,usd_index
2018-04-03,107.5624,usd_index
2018-04-04,107.6361,usd_index
2018-04-05,107.7281,usd_index
2018-04-06,107.7886,usd_index
2018-04-09,107.5316,usd_index
2018-04-10,107.3659,usd_index
2018-04-11,107.1224,usd_index
2018-04-12,107.2905,usd_index
2018-04-13,107.2368,usd_index
2018-04-16,107.0595,usd_index
2018-04-17,107.0344,usd_index
2018-04-18,107.1096,usd_index
2018-04-19,107.5197,usd_index
2018-04-20,108.1787,usd_index
2018-04-23,108.9332,usd_index
2018-04-24,108.7906,usd_index
2018-04-25,109.3447,usd_index
2018-04-26,109.3646,usd_index
2018-04-27,109.1735,usd_index
2018-04-30,109.3363,usd_index
2018-05-01,109.7445,usd_index
2018-05-02,110.1625,usd_index
2018-05-03,110.1803,usd_index
2018-05-04,110.25,usd_index
2018-05-07,110.5721,usd_index
2018-05-08,111.063,usd_index
2018-05-09,110.8818,usd_index
2018-05-10,110.405,usd_index
2018-05-11,110.2847,usd_index
2018-05-14,110.408,usd_index
2018-05-15,111.2292,usd_index
2018-05-16,111.3068,usd_index
2018-05-17,111.3547,usd_index
2018-05-18,111.7171,usd_index
2018-05-21,111.6394,usd_index
2018-05-22,111.1945,usd_index
2018-05-23,111.6933,usd_index
2018-05-24,111.4885,usd_index
2018-05-25,111.5843,usd_index
2018-05-28,.,usd_index
2018-05-29,112.2127,usd_index
2018-05-30,111.6731,usd_index
2018-05-31,111.9894,usd_index
2018-06-01,111.8265,usd_index
2018-06-04,111.8247,usd_index
2018-06-05,112.264,usd_index
2018-06-06,111.7525,usd_index
2018-06-07,112.0725,usd_index
2018-06-08,112.1066,usd_index
2018-06-11,112.1106,usd_index
2018-06-12,112.2138,usd_index
2018-06-13,112.2577,usd_index
2018-06-14,112.8593,usd_index
2018-06-15,113.3379,usd_index
2018-06-18,113.4899,usd_index
2018-06-19,113.639,usd_index
2018-06-20,113.4784,usd_index
2018-06-21,113.6109,usd_index
2018-06-22,113.3047,usd_index
2018-06-25,113.286,usd_index
2018-06-26,113.3016,usd_index
2018-06-27,113.8971,usd_index
2018-06-28,113.8405,usd_index
2018-06-29,113.2586,usd_index
2018-07-02,114.1673,usd_index
2018-07-03,113.3222,usd_index
2018-07-04,.,usd_index
2018-07-05,112.9759,usd_index
2018-07-06,112.6428,usd_index
2018-07-09,112.6425,usd_index
2018-07-10,112.5794,usd_index
2018-07-11,112.8582,usd_index
2018-07-12,112.779,usd_index
2018-07-13,113.0705,usd_index
2018-07-16,112.8437,usd_index
2018-07-17,113.1504,usd_index
2018-07-18,113.3348,usd_index
2018-07-19,113.9463,usd_index
2018-07-20,113.3213,usd_index
2018-07-23,113.4246,usd_index
2018-07-24,113.2045,usd_index
2018-07-25,112.9221,usd_index
2018-07-26,112.9179,usd_index
2018-07-27,112.8125,usd_index
2018-07-30,112.6044,usd_index
2018-07-31,112.7299,usd_index
2018-08-01,112.8899,usd_index
2018-08-02,113.1679,usd_index
2018-08-03,113.012,usd_index
2018-08-06,113.229,usd_index
2018-08-07,112.9759,usd_index
2018-08-08,113.1411,usd_index
2018-08-09,113.3806,usd_index
2018-08-10,114.3005,usd_index
2018-08-13,114.851,usd_index
2018-08-14,114.658,usd_index
2018-08-15,115.1526,usd_index
2018-08-16,114.6416,usd_index
2018-08-17,114.5339,usd_index
2018-08-20,114.3504,usd_index
2018-08-21,113.8604,usd_index
2018-08-22,113.663,usd_index
2018-08-23,114.0932,usd_index
2018-08-24,113.5985,usd_index
2018-08-27,113.2721,usd_index
2018-08-28,113.3444,usd_index
2018-08-29,113.6461,usd_index
2018-08-30,114.0899,usd_index
2018-08-31,114.2755,usd_index
2018-09-03,.,usd_index
2018-09-04,114.8584,usd_index
2018-09-05,114.7477,usd_index
2018-09-06,114.6479,usd_index
2018-09-07,114.5816,usd_index
2018-09-10,114.6802,usd_index
2018-09-11,114.7051,usd_index
2018-09-12,114.2192,usd_index
2018-09-13,113.9268,usd_index
2018-09-14,114.0657,usd_index
2018-09-17,113.9158,usd_index
2018-09-18,113.7739,usd_index
2018-09-19,113.6532,usd_index
2018-09-20,113.4989,usd_index
2018-09-21,113.5099,usd_index
2018-09-24,113.5301,usd_index
2018-09-25,113.7202,usd_index
2018-09-26,113.6739,usd_index
2018-09-27,113.9784,usd_index
2018-09-28,113.8077,usd_index
2018-10-01,113.8235,usd_index
2018-10-02,113.8954,usd_index
2018-10-03,114.1569,usd_index
2018-10-04,114.6867,usd_index
2018-10-05,114.561,usd_index
2018-10-08,.,usd_index
2018-10-09,114.6583,usd_index
2018-10-10,114.6072,usd_index
2018-10-11,114.4074,usd_index
2018-10-12,114.3691,usd_index
2018-10-15,114.045,usd_index
2018-10-16,113.8963,usd_index
2018-10-17,114.1755,usd_index
2018-10-18,114.8164,usd_index
2018-10-19,114.8567,usd_index
2018-10-22,115.1782,usd_index
2018-10-23,115.1651,usd_index
2018-10-24,115.3755,usd_index
2018-10-25,115.4831,usd_index
2018-10-26,115.473,usd_index
2018-10-29,115.8936,usd_index
2018-10-30,116.2357,usd_index
2018-10-31,116.5281,usd_index
2018-11-01,115.8657,usd_index
2018-11-02,115.643,usd_index
2018-11-05,115.703,usd_index
2018-11-06,115.5622,usd_index
2018-11-07,115.2519,usd_index
2018-11-08,115.6478,usd_index
2018-11-09,116.4778,usd_index
2018-11-12,.,usd_index
2018-11-13,116.6694,usd_index
2018-11-14,116.498,usd_index
2018-11-15,116.3861,usd_index
2018-11-16,115.9258,usd_index
2018-11-19,115.9859,usd_index
2018-11-20,116.2367,usd_index
2018-11-21,116.092,usd_index
2018-11-22,.,usd_index
2018-11-23,116.4713,usd_index
2018-11-26,116.6208,usd_index
2018-11-27,116.9001,usd_index
2018-11-28,116.8343,usd_index
2018-11-29,116.1961,usd_index
2018-11-30,116.413,usd_index
2018-12-03,115.9057,usd_index
2018-12-04,116.0028,usd_index
2018-12-05,.,usd_index
2018-12-06,116.3991,usd_index
2018-12-07,116.0847,usd_index
2018-12-10,116.6746,usd_index
2018-12-11,116.7564,usd_index
2018-12-12,116.2214,usd_index
2018-12-13,116.3974,usd_index
2018-12-14,116.79,usd_index
2018-12-17,116.4532,usd_index
2018-12-18,116.4127,usd_index
2018-12-19,116.0676,usd_index
2018-12-20,116.0183,usd_index
2018-12-21,116.2227,usd_index
2018-12-24,116.2182,usd_index
2018-12-25,.,usd_index
2018-12-26,116.1162,usd_index
2018-12-27,115.9927,usd_index
2018-12-28,115.7232,usd_index
2018-12-31,115.5674,usd_index
2019-01-01,.,usd_index
2019-01-02,115.7689,usd_index
2019-01-03,115.4622,usd_index
2019-01-04,114.9821,usd_index
2019-01-07,114.5628,usd_index
2019-01-08,114.7281,usd_index
2019-01-09,114.1406,usd_index
2019-01-10,114.0496,usd_index
2019-01-11,114.0404,usd_index
2019-01-14,.,usd_index
2019-01-15,114.3402,usd_index
2019-01-16,114.137,usd_index
2019-01-17,114.4115,usd_index
2019-01-18,114.558,usd_index
2019-01-21,.,usd_index
2019-01-22,114.7541,usd_index
2019-01-23,114.5759,usd_index
2019-01-24,114.617,usd_index
2019-01-25,114.0197,usd_index
2019-01-28,114.0522,usd_index
2019-01-29,114.026,usd_index
2019-01-30,114.0731,usd_index
2019-01-31,113.5504,usd_index
2019-02-01,113.7548,usd_index
2019-02-04,113.8766,usd_index
2019-02-05,114.0431,usd_index
2019-02-06,114.2305,usd_index
2019-02-07,114.4339,usd_index
2019-02-08,114.5003,usd_index
2019-02-11,115.031,usd_index
2019-02-12,114.7297,usd_index
2019-02-13,114.9407,usd_index
2019-02-14,115.1007,usd_index
2019-02-15,114.9923,usd_index
2019-02-18,.,usd_index
2019-02-19,114.57,usd_index
2019-02-20,.,usd_index
2019-02-21,114.5091,usd_index
2019-02-22,114.2716,usd_index
2019-02-25,114.1457,usd_index
2019-02-26,114.0687,usd_index
2019-02-27,114.0363,usd_index
2019-02-28,114.1991,usd_index
2019-03-01,114.537,usd_index
2019-03-04,114.6925,usd_index
2019-03-05,114.804,usd_index
2019-03-06,114.9714,usd_index
2019-03-07,115.4919,usd_index
2019-03-08,115.3599,usd_index
2019-03-11,115.2967,usd_index
2019-03-12,114.939,usd_index
2019-03-13,114.7372,usd_index
2019-03-14,114.79,usd_index
2019-03-15,114.5815,usd_index
2019-03-18,114.4375,usd_index
2019-03-19,114.2324,usd_index
2019-03-20,114.1509,usd_index
2019-03-21,114.1684,usd_index
2019-03-22,114.6856,usd_index
2019-03-25,114.4171,usd_index
2019-03-26,114.6414,usd_index
2019-03-27,115.1243,usd_index
2019-03-28,115.2581,usd_index
2019-03-29,115.1371,usd_index
2019-04-01,114.9362,usd_index
2019-04-02,115.1173,usd_index
2019-04-03,114.7211,usd_index
2019-04-04,114.9697,usd_index
2019-04-05,114.9726,usd_index
2019-04-08,114.6893,usd_index
2019-04-09,114.5321,usd_index
2019-04-10,114.4269,usd_index
2019-04-11,114.6303,usd_index
2019-04-12,114.3531,usd_index
2019-04-15,114.495,usd_index
2019-04-16,114.6756,usd_index
2019-04-17,114.5141,usd_index
2019-04-18,114.7073,usd_index
2019-04-19,114.6977,usd_index
2019-04-22,114.7694,usd_index
2019-04-23,115.1578,usd_index
2019-04-24,115.4187,usd_index
2019-04-25,115.7709,usd_index
2019-04-26,115.4767,usd_index
2019-04-29,115.5227,usd_index
2019-04-30,115.3281,usd_index
2019-05-01,115.0022,usd_index
2019-05-02,115.5617,usd_index
2019-05-03,115.2646,usd_index
2019-05-06,115.3811,usd_index
2019-05-07,115.6116,usd_index
2019-05-08,115.5171,usd_index
2019-05-09,115.8421,usd_index
2019-05-10,115.5334,usd_index
2019-05-13,115.915,usd_index
2019-05-14,115.9425,usd_index
2019-05-15,115.8565,usd_index
2019-05-16,116.0346,usd_index
2019-05-17,116.448,usd_index
2019-05-20,116.3119,usd_index
2019-05-21,116.2844,usd_index
2019-05-22,116.2412,usd_index
2019-05-23,116.2368,usd_index
2019-05-24,116.0806,usd_index
2019-05-27,.,usd_index
2019-05-28,116.3174,usd_index
2019-05-29,116.5535,usd_index
2019-05-30,116.3989,usd_index
2019-05-31,116.7273,usd_index
2019-06-03,116.4764,usd_index
2019-06-04,116.091,usd_index
2019-06-05,116.03,usd_index
2019-06-06,115.9771,usd_index
2019-06-07,115.7368,usd_index
2019-06-10,115.5001,usd_index
2019-06-11,115.3794,usd_index
2019-06-12,115.438,usd_index
2019-06-13,115.6275,usd_index
2019-06-14,115.9057,usd_index
2019-06-17,115.9684,usd_index
2019-06-18,115.8797,usd_index
2019-06-19,115.7889,usd_index
2019-06-20,114.8046,usd_index
2019-06-21,114.8377,usd_index
2019-06-24,114.6559,usd_index
2019-06-25,114.6363,usd_index
2019-06-26,114.5608,usd_index
2019-06-27,114.665,usd_index
2019-06-28,114.5821,usd_index
2019-07-01,114.7239,usd_index
2019-07-02,114.8258,usd_index
2019-07-03,114.8135,usd_index
2019-07-04,.,usd_index
2019-07-05,115.1132,usd_index
2019-07-08,115.0254,usd_index
2019-07-09,115.1017,usd_index
2019-07-10,115.0879,usd_index
2019-07-11,114.8361,usd_index
2019-07-12,114.7685,usd_index
2019-07-15,114.6819,usd_index
2019-07-16,115.0111,usd_index
2019-07-17,114.8819,usd_index
2019-07-18,114.8744,usd_index
2019-07-19,114.8695,usd_index
2019-07-22,115.0018,usd_index
2019-07-23,115.2995,usd_index
2019-07-24,115.2436,usd_index
2019-07-25,115.2982,usd_index
2019-07-26,115.5449,usd_index
2019-07-29,115.5885,usd_index
2019-07-30,115.6211,usd_index
2019-07-31,115.4946,usd_index
2019-08-01,116.0499,usd_index
2019-08-02,116.1864,usd_index
2019-08-05,116.5851,usd_index
2019-08-06,116.6904,usd_index
2019-08-07,116.7987,usd_index
2019-08-08,116.474,usd_index
2019-08-09,116.4419,usd_index
2019-08-12,116.7548,usd_index
2019-08-13,116.7267,usd_index
2019-08-14,117.0913,usd_index
2019-08-15,117.2239,usd_index
2019-08-16,117.0786,usd_index
2019-08-19,117.3886,usd_index
2019-08-20,117.3726,usd_index
2019-08-21,117.1764,usd_index
2019-08-22,117.3558,usd_index
2019-08-23,117.3009,usd_index
2019-08-26,117.6658,usd_index
2019-08-27,117.75,usd_index
2019-08-28,117.8767,usd_index
2019-08-29,118.0625,usd_index
2019-08-30,118.1575,usd_index
2019-09-02,.,usd_index
2019-09-03,118.3113,usd_index
2019-09-04,117.6729,usd_index
2019-09-05,117.4776,usd_index
2019-09-06,117.1292,usd_index
2019-09-09,117.0601,usd_index
2019-09-10,117.0887,usd_index
2019-09-11,117.3125,usd_index
2019-09-12,116.8375,usd_index
2019-09-13,116.7677,usd_index
2019-09-16,117.0251,usd_index
2019-09-17,116.9826,usd_index
2019-09-18,116.9766,usd_index
2019-09-19,117.0861,usd_index
2019-09-20,117.1819,usd_index
2019-09-23,117.2986,usd_index
2019-09-24,117.2227,usd_index
2019-09-25,117.6527,usd_index
2019-09-26,117.7267,usd_index
2019-09-27,117.7218,usd_index
2019-09-30,117.9461,usd_index
2019-10-01,117.9595,usd_index
2019-10-02,117.9671,usd_index
2019-10-03,117.6608,usd_index
2019-10-04,117.5288,usd_index
2019-10-07,117.5533,usd_index
2019-10-08,117.7407,usd_index
2019-10-09,117.6835,usd_index
2019-10-10,117.2801,usd_index
2019-10-11,116.8239,usd_index
2019-10-14,.,usd_index
2019-10-15,116.8111,usd_index
2019-10-16,116.6425,usd_index
2019-10-17,116.2615,usd_index
2019-10-18,116.1344,usd_index
2019-10-21,116.0436,usd_index
2019-10-22,115.9851,usd_index
2019-10-23,116.0586,usd_index
2019-10-24,116.1278,usd_index
2019-10-25,116.0774,usd_index
2019-10-28,116.0222,usd_index
2019-10-29,115.9797,usd_index
2019-10-30,116.1636,usd_index
2019-10-31,115.9125,usd_index
2019-11-01,115.7312,usd_index
2019-11-04,115.8624,usd_index
2019-11-05,116.1138,usd_index
2019-11-06,116.1004,usd_index
2019-11-07,116.1172,usd_index
2019-11-08,116.3436,usd_index
2019-11-11,.,usd_index
2019-11-12,116.5837,usd_index
2019-11-13,116.8397,usd_index
2019-11-14,116.8022,usd_index
2019-11-15,116.4401,usd_index
2019-11-18,116.3625,usd_index
2019-11-19,116.5391,usd_index
2019-11-20,116.828,usd_index
2019-11-21,116.7435,usd_index
2019-11-22,116.9137,usd_index
2019-11-25,117.0098,usd_index
2019-11-26,117.0513,usd_index
2019-11-27,117.1273,usd_index
2019-11-28,.,usd_index
2019-11-29,117.1204,usd_index
2019-12-02,116.9647,usd_index
2019-12-03,116.8898,usd_index
2019-12-04,116.692,usd_index
2019-12-05,116.3838,usd_index
2019-12-06,116.5381,usd_index
2019-12-09,116.3283,usd_index
2019-12-10,116.2542,usd_index
2019-12-11,116.1478,usd_index
2019-12-12,115.8741,usd_index
2019-12-13,115.6967,usd_index
2019-12-16,115.555,usd_index
2019-12-17,115.5553,usd_index
2019-12-18,115.6618,usd_index
2019-12-19,115.5988,usd_index
2019-12-20,115.7598,usd_index
2019-12-23,115.8059,usd_index
2019-12-24,.,usd_index
2019-12-25,.,usd_index
2019-12-26,115.634,usd_index
2019-12-27,115.22,usd_index
2019-12-30,114.9631,usd_index
2019-12-31,114.669,usd_index
2020-01-01,.,usd_index
2020-01-02,114.9745,usd_index
2020-01-03,114.9867,usd_index
2020-01-06,114.9557,usd_index
2020-01-07,115.1477,usd_index
2020-01-08,115.1328,usd_index
2020-01-09,115.2331,usd_index
2020-01-10,115.0677,usd_index
2020-01-13,115.0342,usd_index
2020-01-14,115.0239,usd_index
2020-01-15,114.9528,usd_index
2020-01-16,115.0006,usd_index
2020-01-17,115.0656,usd_index
2020-01-20,.,usd_index
2020-01-21,115.1876,usd_index
2020-01-22,115.2273,usd_index
2020-01-23,115.5545,usd_index
2020-01-24,115.5556,usd_index
2020-01-27,115.8004,usd_index
2020-01-28,115.7239,usd_index
2020-01-29,115.7003,usd_index
2020-01-30,115.8077,usd_index
2020-01-31,115.7345,usd_index
2020-02-03,116.1172,usd_index
2020-02-04,115.9291,usd_index
2020-02-05,116.009,usd_index
2020-02-06,116.1518,usd_index
2020-02-07,116.5086,usd_index
2020-02-10,116.5711,usd_index
2020-02-11,116.3585,usd_index
2020-02-12,116.2794,usd_index
2020-02-13,116.3999,usd_index
2020-02-14,116.4223,usd_index
2020-02-17,.,usd_index
2020-02-18,116.6039,usd_index
2020-02-19,116.7829,usd_index
2020-02-20,117.2454,usd_index
2020-02-21,117.0473,usd_index
2020-02-24,117.4018,usd_index
2020-02-25,117.2425,usd_index
2020-02-26,117.405,usd_index
2020-02-27,117.3678,usd_index
2020-02-28,117.6568,usd_index
2020-03-02,116.8144,usd_index
2020-03-03,116.4958,usd_index
2020-03-04,116.7802,usd_index
2020-03-05,116.7901,usd_index
2020-03-06,116.7106,usd_index
2020-03-09,117.1871,usd_index
2020-03-10,117.9027,usd_index
2020-03-11,118.2505,usd_index
2020-03-12,120.4883,usd_index
2020-03-13,120.4388,usd_index
2020-03-16,120.9352,usd_index
2020-03-17,122.4816,usd_index
2020-03-18,124.1623,usd_index
2020-03-19,125.0587,usd_index
2020-03-20,124.9362,usd_index
2020-03-23,126.1262,usd_index
2020-03-24,125.5001,usd_index
2020-03-25,124.7916,usd_index
2020-03-26,122.4308,usd_index
2020-03-27,122.4007,usd_index
2020-03-30,123.2883,usd_index
2020-03-31,122.5301,usd_index
2020-04-01,123.7933,usd_index
2020-04-02,123.5916,usd_index
2020-04-03,124.4152,usd_index
2020-04-06,124.16,usd_index
2020-04-07,123.0956,usd_index
2020-04-08,123.2216,usd_index
2020-04-09,122.476,usd_index
2020-04-10,122.1592,usd_index
2020-04-13,122.5203,usd_index
2020-04-14,122.1121,usd_index
2020-04-15,123.0752,usd_index
2020-04-16,123.4615,usd_index
2020-04-17,122.871,usd_index
2020-04-20,123.1033,usd_index
2020-04-21,123.9116,usd_index
2020-04-22,123.9256,usd_index
2020-04-23,123.7542,usd_index
2020-04-24,124.1615,usd_index
2020-04-27,123.8843,usd_index
2020-04-28,123.3693,usd_index
2020-04-29,122.7782,usd_index
2020-04-30,122.327,usd_index
2020-05-01,123.1492,usd_index
2020-05-04,123.2117,usd_index
2020-05-05,122.803,usd_index
2020-05-06,123.609,usd_index
2020-05-07,123.1249,usd_index
2020-05-08,122.5379,usd_index
2020-05-11,123.2333,usd_index
2020-05-12,123.0592,usd_index
2020-05-13,123.5408,usd_index
2020-05-14,123.6429,usd_index
2020-05-15,123.5991,usd_index
2020-05-18,122.7968,usd_index
2020-05-19,122.5655,usd_index
2020-05-20,122.1007,usd_index
2020-05-21,122.0914,usd_index
2020-05-22,122.3211,usd_index
2020-05-25,.,usd_index
2020-05-26,121.3864,usd_index
2020-05-27,121.5677,usd_index
2020-05-28,121.0138,usd_index
2020-05-29,120.9458,usd_index
2020-06-01,120.2686,usd_index
2020-06-02,119.6854,usd_index
2020-06-03,119.2556,usd_index
2020-06-04,119.3014,usd_index
2020-06-05,118.8138,usd_index
2020-06-08,118.6621,usd_index
2020-06-09,118.5893,usd_index
2020-06-10,118.5231,usd_index
2020-06-11,119.2347,usd_index
2020-06-12,119.6645,usd_index
2020-06-15,119.9539,usd_index
2020-06-16,119.567,usd_index
2020-06-17,119.9105,usd_index
2020-06-18,120.2173,usd_index
2020-06-19,120.2186,usd_index
2020-06-22,119.7532,usd_index
2020-06-23,119.3285,usd_index
2020-06-24,119.9744,usd_index
2020-06-25,120.2997,usd_index
2020-06-26,120.533,usd_index
2020-06-29,120.6658,usd_index
2020-06-30,120.4649,usd_index
2020-07-01,120.0808,usd_index
2020-07-02,119.8555,usd_index
2020-07-03,.,usd_index
2020-07-06,119.2852,usd_index
2020-07-07,119.5717,usd_index
2020-07-08,119.5525,usd_index
2020-07-09,119.5129,usd_index
2020-07-10,119.3509,usd_index
2020-07-13,119.1891,usd_index
2020-07-14,119.3901,usd_index
2020-07-15,119.0331,usd_index
2020-07-16,118.9275,usd_index
2020-07-17,119.124,usd_index
2020-07-20,119.0483,usd_index
2020-07-21,118.4042,usd_index
2020-07-22,118.1337,usd_index
2020-07-23,118.0613,usd_index
2020-07-24,118.1329,usd_index
2020-07-27,117.3869,usd_index
2020-07-28,117.3189,usd_index
2020-07-29,117.2126,usd_index
2020-07-30,117.4008,usd_index
2020-07-31,117.2082,usd_index
2020-08-03,117.8074,usd_index
2020-08-04,117.7833,usd_index
2020-08-05,116.8736,usd_index
2020-08-06,117.0422,usd_index
2020-08-07,117.6239,usd_index
2020-08-10,117.5821,usd_index
2020-08-11,117.3781,usd_index
2020-08-12,117.2559,usd_index
2020-08-13,117.1193,usd_index
2020-08-14,116.9395,usd_index
2020-08-17,116.749,usd_index
2020-08-18,116.5593,usd_index
2020-08-19,116.567,usd_index
2020-08-20,116.8126,usd_index
2020-08-21,117.0572,usd_index
2020-08-24,116.912,usd_index
2020-08-25,116.8206,usd_index
2020-08-26,116.6243,usd_index
2020-08-27,116.649,usd_index
2020-08-28,115.9374,usd_index
2020-08-31,115.7586,usd_index
2020-09-01,115.5687,usd_index
2020-09-02,116.0304,usd_index
2020-09-03,116.0685,usd_index
2020-09-04,116.0347,usd_index
2020-09-07,.,usd_index
2020-09-08,116.4618,usd_index
2020-09-09,116.1291,usd_index
2020-09-10,115.8806,usd_index
2020-09-11,116.0866,usd_index
2020-09-14,115.6428,usd_index
2020-09-15,115.5908,usd_index
2020-09-16,115.3537,usd_index
2020-09-17,115.4392,usd_index
2020-09-18,115.2395,usd_index
2020-09-21,116.378,usd_index
2020-09-22,116.5438,usd_index
2020-09-23,117.2526,usd_index
2020-09-24,117.5473,usd_index
2020-09-25,117.8679,usd_index
2020-09-28,117.6178,usd_index
2020-09-29,117.526,usd_index
2020-09-30,116.946,usd_index
2020-10-01,116.7227,usd_index
2020-10-02,116.7321,usd_index
2020-10-05,116.1767,usd_index
2020-10-06,116.2681,usd_index
2020-10-07,116.3447,usd_index
2020-10-08,116.1657,usd_index
2020-10-09,115.2757,usd_index
2020-10-12,.,usd_index
2020-10-13,115.9107,usd_index
2020-10-14,115.6872,usd_index
2020-10-15,116.0964,usd_index
2020-10-16,115.7679,usd_index
2020-10-19,115.4031,usd_index
2020-10-20,115.2485,usd_index
2020-10-21,114.9108,usd_index
2020-10-22,115.1158,usd_index
2020-10-23,115.0126,usd_index
2020-10-26,115.2797,usd_index
2020-10-27,115.0131,usd_index
2020-10-28,115.8023,usd_index
2020-10-29,116.3069,usd_index
2020-10-30,116.1354,usd_index
2020-11-02,116.2361,usd_index
2020-11-03,115.4802,usd_index
2020-11-04,115.1677,usd_index
2020-11-05,114.4556,usd_index
2020-11-06,113.9919,usd_index
2020-11-09,114.0895,usd_index
2020-11-10,114.0757,usd_index
2020-11-11,.,usd_index
2020-11-12,114.2843,usd_index
2020-11-13,114.2397,usd_index
2020-11-16,113.8312,usd_index
2020-11-17,113.682,usd_index
2020-11-18,113.46,usd_index
2020-11-19,113.694,usd_index
2020-11-20,113.489,usd_index
2020-11-23,113.7548,usd_index
2020-11-24,113.4316,usd_index
2020-11-25,113.1823,usd_index
2020-11-26,.,usd_index
2020-11-27,.,usd_index
2020-11-30,113.2256,usd_index
2020-12-01,112.8063,usd_index
2020-12-02,112.6115,usd_index
2020-12-03,112.0236,usd_index
2020-12-04,111.7778,usd_index
2020-12-07,111.8385,usd_index
2020-12-08,111.8639,usd_index
2020-12-09,112.0305,usd_index
2020-12-10,111.9788,usd_index
2020-12-11,112.1417,usd_index
2020-12-14,112.1708,usd_index
2020-12-15,111.8601,usd_index
2020-12-16,111.7157,usd_index
2020-12-17,111.2226,usd_index
2020-12-18,111.6071,usd_index
2020-12-21,111.9415,usd_index
2020-12-22,112.1947,usd_index
2020-12-23,111.9807,usd_index
2020-12-24,.,usd_index
2020-12-25,.,usd_index
2020-12-28,111.9752,usd_index
2020-12-29,111.5172,usd_index
2020-12-30,111.3084,usd_index
2020-12-31,111.3169,usd_index
2021-01-01,.,usd_index
2021-01-04,111.2075,usd_index
2021-01-05,110.9574,usd_index
2021-01-06,110.8502,usd_index
2021-01-07,111.3042,usd_index
2021-01-08,111.2847,usd_index
2021-01-11,111.8257,usd_index
2021-01-12,111.5501,usd_index
2021-01-13,111.3622,usd_index
2021-01-14,111.1567,usd_index
2021-01-15,111.5106,usd_index
2021-01-18,.,usd_index
2021-01-19,111.4527,usd_index
2021-01-20,.,usd_index
2021-01-21,111.1973,usd_index
2021-01-22,111.5516,usd_index
2021-01-25,111.8676,usd_index
2021-01-26,111.6572,usd_index
2021-01-27,112.0782,usd_index
2021-01-28,112.0059,usd_index
2021-01-29,111.9511,usd_index
2021-02-01,112.4189,usd_index
2021-02-02,112.2862,usd_index
2021-02-03,112.2567,usd_index
2021-02-04,112.7469,usd_index
2021-02-05,112.2379,usd_index
2021-02-08,112.0428,usd_index
2021-02-09,111.7675,usd_index
2021-02-10,111.5834,usd_index
2021-02-11,111.5272,usd_index
2021-02-12,111.4889,usd_index
2021-02-15,.,usd_index
2021-02-16,111.7879,usd_index
2021-02-17,112.0204,usd_index
2021-02-18,112.1603,usd_index
2021-02-19,111.7058,usd_index
2021-02-22,111.918,usd_index
2021-02-23,111.8981,usd_index
2021-02-24,111.7212,usd_index
2021-02-25,111.9253,usd_index
2021-02-26,112.8306,usd_index
2021-03-01,112.5263,usd_index
2021-03-02,112.5342,usd_index
2021-03-03,112.7617,usd_index
2021-03-04,112.7037,usd_index
2021-03-05,113.7487,usd_index
2021-03-08,114.2678,usd_index
2021-03-09,113.928,usd_index
2021-03-10,113.5881,usd_index
2021-03-11,112.9214,usd_index
2021-03-12,113.0269,usd_index
2021-03-15,113.1928,usd_index
2021-03-16,112.9839,usd_index
2021-03-17,113.1589,usd_index
2021-03-18,112.7744,usd_index
2021-03-19,112.9756,usd_index
2021-03-22,113.0023,usd_index
2021-03-23,113.2916,usd_index
2021-03-24,113.6565,usd_index
2021-03-25,114.0016,usd_index
2021-03-26,113.7406,usd_index
2021-03-29,113.9314,usd_index
2021-03-30,114.203,usd_index
2021-03-31,113.8234,usd_index
2021-04-01,113.7389,usd_index
2021-04-02,113.7315,usd_index
2021-04-05,113.394,usd_index
2021-04-06,113.1464,usd_index
2021-04-07,113.2436,usd_index
2021-04-08,113.0917,usd_index
2021-04-09,113.2028,usd_index
2021-04-12,113.1815,usd_index
2021-04-13,113.0391,usd_index
2021-04-14,112.7849,usd_index
2021-04-15,112.6181,usd_index
2021-04-16,112.4814,usd_index
2021-04-19,112.1835,usd_index
2021-04-20,112.2354,usd_index
2021-04-21,112.1771,usd_index
2021-04-22,112.2297,usd_index
2021-04-23,112.0889,usd_index
2021-04-26,111.8109,usd_index
2021-04-27,111.9097,usd_index
2021-04-28,111.7909,usd_index
2021-04-29,111.7464,usd_index
2021-04-30,112.0839,usd_index
2021-05-03,112.005,usd_index
2021-05-04,112.2896,usd_index
2021-05-05,112.1514,usd_index
2021-05-06,111.8401,usd_index
2021-05-07,111.0249,usd_index
2021-05-10,110.7905,usd_index
2021-05-11,110.8921,usd_index
2021-05-12,111.5636,usd_index
2021-05-13,111.5955,usd_index
2021-05-14,111.1353,usd_index
2021-05-17,111.079,usd_index
2021-05-18,110.8317,usd_index
2021-05-19,110.8807,usd_index
2021-05-20,110.8605,usd_index
2021-05-21,111.0576,usd_index
2021-05-24,110.9118,usd_index
2021-05-25,110.842,usd_index
2021-05-26,110.8677,usd_index
2021-05-27,110.8688,usd_index
2021-05-28,110.7576,usd_index
2021-05-31,.,usd_index
2021-06-01,110.5046,usd_index
2021-06-02,110.5799,usd_index
2021-06-03,111.1782,usd_index
2021-06-04,110.7521,usd_index
2021-06-07,110.5155,usd_index
2021-06-08,110.649,usd_index
2021-06-09,110.5707,usd_index
2021-06-10,110.5456,usd_index
2021-06-11,111.0933,usd_index
2021-06-14,110.9659,usd_index
2021-06-15,111.3507,usd_index
2021-06-16,111.1165,usd_index
2021-06-17,112.5772,usd_index
2021-06-18,113.0408,usd_index
2021-06-21,112.8391,usd_index
2021-06-22,112.9174,usd_index
2021-06-23,112.3819,usd_index
2021-06-24,112.326,usd_index
2021-06-25,111.9655,usd_index
2021-06-28,112.0248,usd_index
2021-06-29,112.2613,usd_index
2021-06-30,112.5533,usd_index
2021-07-01,112.74,usd_index
2021-07-02,112.5425,usd_index
2021-07-05,.,usd_index
2021-07-06,112.9516,usd_index
2021-07-07,113.1048,usd_index
2021-07-08,113.0776,usd_index
2021-07-09,112.8375,usd_index
2021-07-12,112.7611,usd_index
2021-07-13,113.0063,usd_index
2021-07-14,112.8801,usd_index
2021-07-15,113.0041,usd_index
2021-07-16,113.0428,usd_index
2021-07-19,113.5472,usd_index
2021-07-20,113.7502,usd_index
2021-07-21,113.3926,usd_index
2021-07-22,113.4695,usd_index
2021-07-23,113.4398,usd_index
2021-07-26,113.2238,usd_index
2021-07-27,113.2227,usd_index
2021-07-28,113.1807,usd_index
2021-07-29,112.4834,usd_index
2021-07-30,112.6714,usd_index
2021-08-02,112.6691,usd_index
2021-08-03,112.8228,usd_index
2021-08-04,112.8953,usd_index
2021-08-05,112.7674,usd_index
2021-08-06,113.3088,usd_index
2021-08-09,113.4521,usd_index
2021-08-10,113.4973,usd_index
2021-08-11,113.282,usd_index
2021-08-12,113.2691,usd_index
2021-08-13,113.0615,usd_index
2021-08-16,113.1698,usd_index
2021-08-17,113.6174,usd_index
2021-08-18,113.6959,usd_index
2021-08-19,114.1106,usd_index
2021-08-20,114.5009,usd_index
2021-08-23,113.9418,usd_index
2021-08-24,113.6795,usd_index
2021-08-25,113.6322,usd_index
2021-08-26,113.7883,usd_index
2021-08-27,113.3404,usd_index
2021-08-30,113.246,usd_index
2021-08-31,113.1076,usd_index
2021-09-01,112.8732,usd_index
2021-09-02,112.7863,usd_index
2021-09-03,112.5476,usd_index
2021-09-06,.,usd_index
2021-09-07,112.9795,usd_index
2021-09-08,113.2319,usd_index
2021-09-09,113.043,usd_index
2021-09-10,112.9425,usd_index
2021-09-13,113.0341,usd_index
2021-09-14,113.0061,usd_index
2021-09-15,112.9773,usd_index
2021-09-16,113.3036,usd_index
2021-09-17,113.5989,usd_index
2021-09-20,113.9422,usd_index
2021-09-21,113.8179,usd_index
2021-09-22,113.6223,usd_index
2021-09-23,113.513,usd_index
2021-09-24,113.7597,usd_index
2021-09-27,113.7432,usd_index
2021-09-28,114.2469,usd_index
2021-09-29,114.7092,usd_index
2021-09-30,114.6403,usd_index
2021-10-01,114.3798,usd_index
2021-10-04,114.2739,usd_index
2021-10-05,114.3654,usd_index
2021-10-06,114.7185,usd_index
2021-10-07,114.5044,usd_index
2021-10-08,114.5986,usd_index
2021-10-11,.,usd_index
2021-10-12,114.7542,usd_index
2021-10-13,114.4705,usd_index
2021-10-14,114.2053,usd_index
2021-10-15,114.0905,usd_index
2021-10-18,113.9899,usd_index
2021-10-19,113.647,usd_index
2021-10-20,113.5083,usd_index
2021-10-21,113.6188,usd_index
2021-10-22,113.67,usd_index
2021-10-25,113.605,usd_index
2021-10-26,113.674,usd_index
2021-10-27,113.6218,usd_index
2021-10-28,113.4389,usd_index
2021-10-29,114.1349,usd_index
2021-11-01,114.2067,usd_index
2021-11-02,114.2847,usd_index
2021-11-03,114.3593,usd_index
2021-11-04,114.3558,usd_index
2021-11-05,114.0732,usd_index
2021-11-08,113.8256,usd_index
2021-11-09,113.762,usd_index
2021-11-10,114.1484,usd_index
2021-11-11,.,usd_index
2021-11-12,114.5144,usd_index
2021-11-15,114.5876,usd_index
2021-11-16,115.136,usd_index
2021-11-17,115.0263,usd_index
2021-11-18,115.0678,usd_index
2021-11-19,115.2187,usd_index
2021-11-22,115.6481,usd_index
2021-11-23,116.0118,usd_index
2021-11-24,116.2711,usd_index
2021-11-25,.,usd_index
2021-11-26,116.5103,usd_index
2021-11-29,116.581,usd_index
2021-11-30,116.2071,usd_index
2021-12-01,115.889,usd_index
2021-12-02,116.018,usd_index
2021-12-03,116.2377,usd_index
2021-12-06,116.1538,usd_index
2021-12-07,115.8555,usd_index
2021-12-08,115.4418,usd_index
2021-12-09,115.7784,usd_index
2021-12-10,115.5732,usd_index
2021-12-13,115.842,usd_index
2021-12-14,116.2397,usd_index
2021-12-15,116.4219,usd_index
2021-12-16,115.7146,usd_index
2021-12-17,115.791,usd_index
2021-12-20,116.0092,usd_index
2021-12-21,116.1089,usd_index
2021-12-22,115.7485,usd_index
2021-12-23,115.5337,usd_index
2021-12-24,.,usd_index
2021-12-27,115.4684,usd_index
2021-12-28,115.4192,usd_index
2021-12-29,115.3678,usd_index
2021-12-30,115.283,usd_index
2021-12-31,.,usd_index
2022-01-03,115.4101,usd_index
2022-01-04,115.3103,usd_index
2022-01-05,115.137,usd_index
2022-01-06,115.4046,usd_index
2022-01-07,115.0451,usd_index
2022-01-10,115.2216,usd_index
2022-01-11,114.8332,usd_index
2022-01-12,114.355,usd_index
2022-01-13,114.177,usd_index
2022-01-14,114.3825,usd_index
2022-01-17,.,usd_index
2022-01-18,114.7373,usd_index
2022-01-19,114.6109,usd_index
2022-01-20,114.4642,usd_index
2022-01-21,114.6125,usd_index
2022-01-24,115.2034,usd_index
2022-01-25,115.1654,usd_index
2022-01-26,115.0922,usd_index
2022-01-27,115.978,usd_index
2022-01-28,116.0393,usd_index
2022-01-31,115.566,usd_index
2022-02-01,115.3685,usd_index
2022-02-02,115.1538,usd_index
2022-02-03,114.9065,usd_index
2022-02-04,115.1362,usd_index
2022-02-07,115.0098,usd_index
2022-02-08,115.0892,usd_index
2022-02-09,114.8232,usd_index
2022-02-10,114.5527,usd_index
2022-02-11,114.8413,usd_index
2022-02-14,115.1946,usd_index
2022-02-15,114.93,usd_index
2022-02-16,114.6886,usd_index
2022-02-17,114.6755,usd_index
2022-02-18,114.7982,usd_index
2022-02-21,.,usd_index
2022-02-22,114.7002,usd_index
2022-02-23,114.6668,usd_index
2022-02-24,115.9419,usd_index
2022-02-25,115.2577,usd_index
2022-02-28,115.2224,usd_index
2022-03-01,115.7962,usd_index
2022-03-02,115.7623,usd_index
2022-03-03,115.9495,usd_index
2022-03-04,116.6503,usd_index
2022-03-07,117.3278,usd_index
2022-03-08,117.6176,usd_index
2022-03-09,116.5961,usd_index
2022-03-10,116.7401,usd_index
2022-03-11,117.0192,usd_index
2022-03-14,117.1506,usd_index
2022-03-15,117.246,usd_index
2022-03-16,116.8073,usd_index
2022-03-17,116.0467,usd_index
2022-03-18,116.1378,usd_index
2022-03-21,115.9398,usd_index
2022-03-22,116.0824,usd_index
2022-03-23,116.005,usd_index
2022-03-24,115.9599,usd_index
2022-03-25,115.7921,usd_index
2022-03-28,116.1911,usd_index
2022-03-29,115.5679,usd_index
2022-03-30,115.0818,usd_index
2022-03-31,115.2218,usd_index
2022-04-01,115.4814,usd_index
2022-04-04,115.4112,usd_index
2022-04-05,115.73,usd_index
2022-04-06,115.9995,usd_index
2022-04-07,116.3512,usd_index
2022-04-08,116.4176,usd_index
2022-04-11,116.5401,usd_index
2022-04-12,116.3866,usd_index
2022-04-13,116.2796,usd_index
2022-04-14,116.7558,usd_index
2022-04-15,116.7017,usd_index
2022-04-18,116.8441,usd_index
2022-04-19,117.1324,usd_index
2022-04-20,116.7306,usd_index
2022-04-21,117.1432,usd_index
2022-04-22,118.0186,usd_index
2022-04-25,118.6271,usd_index
2022-04-26,118.9624,usd_index
2022-04-27,119.4708,usd_index
2022-04-28,120.0675,usd_index
2022-04-29,119.4933,usd_index
2022-05-02,119.8825,usd_index
2022-05-03,119.7043,usd_index
2022-05-04,119.5592,usd_index
2022-05-05,120.0068,usd_index
2022-05-06,119.8577,usd_index
2022-05-09,120.4972,usd_index
2022-05-10,120.7742,usd_index
2022-05-11,120.3925,usd_index
2022-05-12,121.2796,usd_index
2022-05-13,120.8442,usd_index
2022-05-16,120.6881,usd_index
2022-05-17,119.8871,usd_index
2022-05-18,120.0274,usd_index
2022-05-19,119.4278,usd_index
2022-05-20,119.3677,usd_index
2022-05-23,118.7169,usd_index
2022-05-24,118.6245,usd_index
2022-05-25,118.9598,usd_index
2022-05-26,118.7687,usd_index
2022-05-27,118.2834,usd_index
2022-05-30,.,usd_index
2022-05-31,118.0704,usd_index
2022-06-01,118.6954,usd_index
2022-06-02,118.0658,usd_index
2022-06-03,118.2153,usd_index
2022-06-06,118.3081,usd_index
2022-06-07,118.4414,usd_index
2022-06-08,118.3951,usd_index
2022-06-09,118.9226,usd_index
2022-06-10,119.9981,usd_index
2022-06-13,121.1523,usd_index
2022-06-14,121.6669,usd_index
2022-06-15,121.6403,usd_index
2022-06-16,120.6714,usd_index
2022-06-17,121.2369,usd_index
2022-06-20,.,usd_index
2022-06-21,120.6427,usd_index
2022-06-22,120.5197,usd_index
2022-06-23,120.7622,usd_index
2022-06-24,120.4853,usd_index
2022-06-27,120.1736,usd_index
2022-06-28,120.62,usd_index
2022-06-29,120.9616,usd_index
2022-06-30,120.9652,usd_index
2022-07-01,121.5058,usd_index
2022-07-04,.,usd_index
2022-07-05,122.6203,usd_index
2022-07-06,123.0073,usd_index
2022-07-07,122.7257,usd_index
2022-07-08,122.4662,usd_index
2022-07-11,123.2974,usd_index
2022-07-12,123.4524,usd_index
2022-07-13,123.2834,usd_index
2022-07-14,124.0622,usd_index
2022-07-15,123.4765,usd_index
2022-07-18,122.7727,usd_index
2022-07-19,122.4819,usd_index
2022-07-20,122.5997,usd_index
2022-07-21,122.9032,usd_index
2022-07-22,122.451,usd_index
2022-07-25,122.4594,usd_index
2022-07-26,122.7581,usd_index
2022-07-27,122.8169,usd_index
2022-07-28,122.1161,usd_index
2022-07-29,121.7678,usd_index
2022-08-01,121.4109,usd_index
2022-08-02,121.9486,usd_index
2022-08-03,122.3888,usd_index
2022-08-04,121.8333,usd_index
2022-08-05,122.321,usd_index
2022-08-08,121.8783,usd_index
2022-08-09,121.8614,usd_index
2022-08-10,120.7543,usd_index
2022-08-11,120.7163,usd_index
2022-08-12,121.018,usd_index
2022-08-15,121.4315,usd_index
2022-08-16,121.6807,usd_index
2022-08-17,122.0711,usd_index
2022-08-18,122.3627,usd_index
2022-08-19,123.0501,usd_index
2022-08-22,123.605,usd_index
2022-08-23,123.0547,usd_index
2022-08-24,123.109,usd_index
2022-08-25,123.0586,usd_index
2022-08-26,123.0656,usd_index
2022-08-29,123.4686,usd_index
2022-08-30,123.6848,usd_index
2022-08-31,123.535,usd_index
2022-09-01,124.4006,usd_index
2022-09-02,123.7743,usd_index
2022-09-05,.,usd_index
2022-09-06,124.767,usd_index
2022-09-07,124.8408,usd_index
2022-09-08,124.578,usd_index
2022-09-09,123.7874,usd_index
2022-09-12,123.3332,usd_index
2022-09-13,124.4242,usd_index
2022-09-14,124.4509,usd_index
2022-09-15,124.8843,usd_index
2022-09-16,124.8794,usd_index
2022-09-19,125.0104,usd_index
2022-09-20,125.1248,usd_index
2022-09-21,125.7399,usd_index
2022-09-22,126.1667,usd_index
2022-09-23,127.2853,usd_index
2022-09-26,128.4539,usd_index
2022-09-27,128.4386,usd_index
2022-09-28,128.0884,usd_index
2022-09-29,127.5437,usd_index
2022-09-30,127.5148,usd_index
2022-10-03,127.0813,usd_index
2022-10-04,126.1819,usd_index
2022-10-05,126.8616,usd_index
2022-10-06,127.2493,usd_index
2022-10-07,127.3111,usd_index
2022-10-10,.,usd_index
2022-10-11,127.6641,usd_index
2022-10-12,128.1481,usd_index
2022-10-13,127.7286,usd_index
2022-10-14,128.3325,usd_index
2022-10-17,127.6448,usd_index
2022-10-18,127.9153,usd_index
2022-10-19,128.3968,usd_index
2022-10-20,128.0052,usd_index
2022-10-21,127.6735,usd_index
2022-10-24,128.0304,usd_index
2022-10-25,127.3771,usd_index
2022-10-26,126.4723,usd_index
2022-10-27,126.7028,usd_index
2022-10-28,127.2135,usd_index
2022-10-31,127.6219,usd_index
2022-11-01,127.3987,usd_index
2022-11-02,127.3115,usd_index
2022-11-03,128.1743,usd_index
2022-11-04,127.1468,usd_index
2022-11-07,126.3062,usd_index
2022-11-08,125.633,usd_index
2022-11-09,125.9861,usd_index
2022-11-10,124.7044,usd_index
2022-11-11,.,usd_index
2022-11-14,123.4277,usd_index
2022-11-15,123.039,usd_index
2022-11-16,123.2817,usd_index
2022-11-17,123.977,usd_index
2022-11-18,123.8524,usd_index
2022-11-21,124.7009,usd_index
2022-11-22,124.2365,usd_index
2022-11-23,123.7574,usd_index
2022-11-24,.,usd_index
2022-11-25,123.3386,usd_index
2022-11-28,123.6032,usd_index
2022-11-29,123.6615,usd_index
2022-11-30,123.5175,usd_index
2022-12-01,122.0045,usd_index
2022-12-02,122.0102,usd_index
2022-12-05,122.6384,usd_index
2022-12-06,123.0191,usd_index
2022-12-07,122.7608,usd_index
2022-12-08,122.4152,usd_index
2022-12-09,122.4201,usd_index
2022-12-12,122.7714,usd_index
2022-12-13,121.8493,usd_index
2022-12-14,121.8226,usd_index
2022-12-15,122.5519,usd_index
2022-12-16,122.6505,usd_index
2022-12-19,122.5275,usd_index
2022-12-20,122.1357,usd_index
2022-12-21,122.2828,usd_index
2022-12-22,122.2419,usd_index
2022-12-23,121.9743,usd_index
2022-12-26,.,usd_index
2022-12-27,121.7539,usd_index
2022-12-28,122.0075,usd_index
2022-12-29,121.6577,usd_index
2022-12-30,121.4256,usd_index
2023-01-02,.,usd_index
2023-01-03,122.0905,usd_index
2023-01-04,121.5008,usd_index
2023-01-05,122.1017,usd_index
2023-01-06,121.0852,usd_index
2023-01-09,120.1508,usd_index
2023-01-10,120.2483,usd_index
2023-01-11,120.1614,usd_index
2023-01-12,119.4218,usd_index
2023-01-13,119.1673,usd_index
2023-01-16,.,usd_index
2023-01-17,119.2121,usd_index
2023-01-18,119.0755,usd_index
2023-01-19,119.6107,usd_index
2023-01-20,119.3486,usd_index
2023-01-23,119.1434,usd_index
2023-01-24,119.0958,usd_index
2023-01-25,118.9686,usd_index
2023-01-26,119.021,usd_index
2023-01-27,118.9223,usd_index
2023-01-30,118.8953,usd_index
2023-01-31,118.9802,usd_index
2023-02-01,118.6259,usd_index
2023-02-02,118.3421,usd_index
2023-02-03,119.5095,usd_index
2023-02-06,120.541,usd_index
2023-02-07,120.3475,usd_index
2023-02-08,120.1436,usd_index
2023-02-09,119.9781,usd_index
2023-02-10,120.1419,usd_index
2023-02-13,119.9828,usd_index
2023-02-14,119.9229,usd_index
2023-02-15,120.4557,usd_index
2023-02-16,120.4651,usd_index
2023-02-17,120.5526,usd_index
2023-02-20,.,usd_index
2023-02-21,120.6256,usd_index
2023-02-22,120.8389,usd_index
2023-02-23,121.0896,usd_index
2023-02-24,121.5681,usd_index
2023-02-27,121.3941,usd_index
2023-02-28,121.3341,usd_index
2023-03-01,120.6347,usd_index
2023-03-02,121.1302,usd_index
2023-03-03,120.7742,usd_index
2023-03-06,120.485,usd_index
2023-03-07,121.4623,usd_index
2023-03-08,121.4511,usd_index
2023-03-09,121.4458,usd_index
2023-03-10,121.2421,usd_index
2023-03-13,120.8897,usd_index
2023-03-14,121.0141,usd_index
2023-03-15,122.1079,usd_index
2023-03-16,121.7221,usd_index
2023-03-17,121.5643,usd_index
2023-03-20,121.0141,usd_index
2023-03-21,120.8958,usd_index
2023-03-22,120.6217,usd_index
2023-03-23,119.7587,usd_index
2023-03-24,120.4598,usd_index
2023-03-27,120.2541,usd_index
2023-03-28,119.7138,usd_index
2023-03-29,119.7258,usd_index
2023-03-30,119.4078,usd_index
2023-03-31,119.3602,usd_index
2023-04-03,119.3204,usd_index
2023-04-04,119.142,usd_index
2023-04-05,119.2953,usd_index
2023-04-06,119.3072,usd_index
2023-04-07,119.3547,usd_index
2023-04-10,119.7948,usd_index
2023-04-11,119.5248,usd_index
2023-04-12,119.003,usd_index
2023-04-13,118.3915,usd_index
2023-04-14,118.8567,usd_index
2023-04-17,119.2787,usd_index
2023-04-18,119.1049,usd_index
2023-04-19,119.303,usd_index
2023-04-20,119.1199,usd_index
2023-04-21,119.3117,usd_index
2023-04-24,119.2039,usd_index
2023-04-25,119.613,usd_index
2023-04-26,119.3228,usd_index
2023-04-27,119.4298,usd_index
2023-04-28,119.2248,usd_index
2023-05-01,119.4435,usd_index
2023-05-02,119.6105,usd_index
2023-05-03,119.1233,usd_index
2023-05-04,119.0465,usd_index
2023-05-05,118.5548,usd_index
2023-05-08,118.5759,usd_index
2023-05-09,118.8239,usd_index
2023-05-10,118.5864,usd_index
2023-05-11,119.0303,usd_index
2023-05-12,119.3671,usd_index
2023-05-15,119.1608,usd_index
2023-05-16,119.1743,usd_index
2023-05-17,119.607,usd_index
2023-05-18,120.0886,usd_index
2023-05-19,119.7751,usd_index
2023-05-22,120.0875,usd_index
2023-05-23,120.3204,usd_index
2023-05-24,120.4752,usd_index
2023-05-25,120.8413,usd_index
2023-05-26,120.6304,usd_index
2023-05-29,.,usd_index
2023-05-30,120.5546,usd_index
2023-05-31,120.9662,usd_index
2023-06-01,120.0491,usd_index
2023-06-02,120.0049,usd_index
2023-06-05,120.0048,usd_index
2023-06-06,119.9718,usd_index
2023-06-07,119.859,usd_index
2023-06-08,119.5712,usd_index
2023-06-09,119.4322,usd_index
2023-06-12,119.6376,usd_index
2023-06-13,119.1899,usd_index
2023-06-14,118.776,usd_index
2023-06-15,118.5521,usd_index
2023-06-16,118.4184,usd_index
2023-06-19,.,usd_index
2023-06-20,118.938,usd_index
2023-06-21,118.727,usd_index
2023-06-22,118.7552,usd_index
2023-06-23,119.152,usd_index
2023-06-26,119.0761,usd_index
2023-06-27,118.8949,usd_index
2023-06-28,119.3382,usd_index
2023-06-29,119.527,usd_index
2023-06-30,119.3606,usd_index
2023-07-03,119.2119,usd_index
2023-07-04,.,usd_index
2023-07-05,119.3483,usd_index
2023-07-06,119.8193,usd_index
2023-07-07,119.0761,usd_index
2023-07-10,118.9548,usd_index
2023-07-11,118.7344,usd_index
2023-07-12,117.6385,usd_index
2023-07-13,117.1831,usd_index
2023-07-14,117.0463,usd_index
2023-07-17,117.1267,usd_index
2023-07-18,117.0264,usd_index
2023-07-19,117.3462,usd_index
2023-07-20,117.5947,usd_index
2023-07-21,117.9418,usd_index
2023-07-24,117.8124,usd_index
2023-07-25,117.8565,usd_index
2023-07-26,117.76,usd_index
2023-07-27,117.8938,usd_index
2023-07-28,117.788,usd_index
2023-07-31,117.8241,usd_index
2023-08-01,118.5738,usd_index
2023-08-02,119.1268,usd_index
2023-08-03,119.3963,usd_index
2023-08-04,118.821,usd_index
2023-08-07,119.0809,usd_index
2023-08-08,119.6407,usd_index
2023-08-09,119.476,usd_index
2023-08-10,119.1581,usd_index
2023-08-11,119.6268,usd_index
2023-08-14,120.0725,usd_index
2023-08-15,120.2127,usd_index
2023-08-16,120.3551,usd_index
2023-08-17,120.5242,usd_index
2023-08-18,120.4321,usd_index
2023-08-21,120.4627,usd_index
2023-08-22,120.3554,usd_index
2023-08-23,120.0307,usd_index
2023-08-24,120.2354,usd_index
2023-08-25,120.5137,usd_index
2023-08-28,120.3155,usd_index
2023-08-29,120.2669,usd_index
2023-08-30,119.7937,usd_index
2023-08-31,120.225,usd_index
2023-09-01,120.759,usd_index
2023-09-04,.,usd_index
2023-09-05,121.4345,usd_index
2023-09-06,121.8671,usd_index
2023-09-07,121.9528,usd_index
2023-09-08,121.9475,usd_index
2023-09-11,121.3386,usd_index
2023-09-12,121.2913,usd_index
2023-09-13,121.0549,usd_index
2023-09-14,121.2395,usd_index
2023-09-15,121.199,usd_index
2023-09-18,121.1938,usd_index
2023-09-19,121.1645,usd_index
2023-09-20,120.9648,usd_index
2023-09-21,121.5528,usd_index
2023-09-22,121.5306,usd_index
2023-09-25,122.1143,usd_index
2023-09-26,122.4742,usd_index
2023-09-27,122.9895,usd_index
2023-09-28,122.5342,usd_index
2023-09-29,122.3077,usd_index
2023-10-02,123.0545,usd_index
2023-10-03,123.7848,usd_index
2023-10-04,123.5946,usd_index
2023-10-05,123.8993,usd_index
2023-10-06,123.3563,usd_index
2023-10-09,.,usd_index
2023-10-10,122.9282,usd_index
2023-10-11,122.7697,usd_index
2023-10-12,123.2101,usd_index
2023-10-13,123.5954,usd_index
2023-10-16,123.3185,usd_index
2023-10-17,123.1202,usd_index
2023-10-18,123.8148,usd_index
2023-10-19,123.798,usd_index
2023-10-20,123.612,usd_index
2023-10-23,123.2846,usd_index
2023-10-24,123.6416,usd_index
2023-10-25,123.7871,usd_index
2023-10-26,124.0064,usd_index
2023-10-27,123.62,usd_index
2023-10-30,123.4076,usd_index
2023-10-31,123.8364,usd_index
2023-11-01,123.7922,usd_index
2023-11-02,122.8818,usd_index
2023-11-03,121.7564,usd_index
2023-11-06,121.6484,usd_index
2023-11-07,122.0777,usd_index
2023-11-08,122.0926,usd_index
2023-11-09,122.1281,usd_index
2023-11-10,.,usd_index
2023-11-13,122.4264,usd_index
2023-11-14,121.35,usd_index
2023-11-15,121.0749,usd_index
2023-11-16,121.1754,usd_index
2023-11-17,120.8477,usd_index
2023-11-20,120.2533,usd_index
2023-11-21,120.2241,usd_index
2023-11-22,120.6802,usd_index
2023-11-23,.,usd_index
2023-11-24,120.2105,usd_index
2023-11-27,120.173,usd_index
2023-11-28,119.5904,usd_index
2023-11-29,119.8159,usd_index
2023-11-30,120.2434,usd_index
2023-12-01,119.9424,usd_index
2023-12-04,120.4727,usd_index
2023-12-05,120.7913,usd_index
2023-12-06,120.5334,usd_index
2023-12-07,120.6013,usd_index
2023-12-08,120.7607,usd_index
2023-12-11,120.9279,usd_index
2023-12-12,120.6817,usd_index
2023-12-13,121.1571,usd_index
2023-12-14,119.5683,usd_index
2023-12-15,119.7382,usd_index
2023-12-18,119.9102,usd_index
2023-12-19,119.4632,usd_index
2023-12-20,119.5435,usd_index
2023-12-21,119.3168,usd_index
2023-12-22,119.0625,usd_index
2023-12-25,.,usd_index
2023-12-26,118.8875,usd_index
2023-12-27,118.4729,usd_index
2023-12-28,118.4104,usd_index
2023-12-29,118.4208,usd_index
2024-01-01,.,usd_index
2024-01-02,119.2686,usd_index
2024-01-03,119.6958,usd_index
2024-01-04,119.6208,usd_index
2024-01-05,119.388,usd_index
2024-01-08,119.2506,usd_index
2024-01-09,119.6666,usd_index
2024-01-10,119.7614,usd_index
2024-01-11,119.8916,usd_index
2024-01-12,119.534,usd_index
2024-01-15,.,usd_index
2024-01-16,120.5759,usd_index
2024-01-17,121.0402,usd_index
2024-01-18,120.8895,usd_index
2024-01-19,120.6442,usd_index
2024-01-22,120.6178,usd_index
2024-01-23,121.1001,usd_index
2024-01-24,120.4916,usd_index
2024-01-25,120.8311,usd_index
2024-01-26,120.6173,usd_index
2024-01-29,120.8538,usd_index
2024-01-30,120.6025,usd_index
2024-01-31,120.4331,usd_index
2024-02-01,120.3335,usd_index
2024-02-02,120.902,usd_index
2024-02-05,121.349,usd_index
2024-02-06,120.9588,usd_index
2024-02-07,120.9049,usd_index
2024-02-08,121.0798,usd_index
2024-02-09,121.039,usd_index
2024-02-12,120.9378,usd_index
2024-02-13,121.5202,usd_index
2024-02-14,121.4002,usd_index
2024-02-15,121.2121,usd_index
2024-02-16,121.1505,usd_index
2024-02-19,.,usd_index
2024-02-20,121.0199,usd_index
2024-02-21,121.0379,usd_index
2024-02-22,121.102,usd_index
2024-02-23,121.0369,usd_index
2024-02-26,121.0592,usd_index
2024-02-27,120.9647,usd_index
2024-02-28,121.128,usd_index
2024-02-29,121.1824,usd_index
2024-03-01,121.0111,usd_index
2024-03-04,120.872,usd_index
2024-03-05,120.8846,usd_index
2024-03-06,120.4649,usd_index
2024-03-07,120.1909,usd_index
2024-03-08,119.975,usd_index
2024-03-11,120.0394,usd_index
2024-03-12,120.1668,usd_index
2024-03-13,119.9642,usd_index
2024-03-14,120.241,usd_index
2024-03-15,120.4003,usd_index
2024-03-18,120.5752,usd_index
2024-03-19,120.9332,usd_index
2024-03-20,120.9289,usd_index
2024-03-21,120.8086,usd_index
2024-03-22,121.1842,usd_index
2024-03-25,121.0295,usd_index
2024-03-26,121.0742,usd_index
2024-03-27,121.0089,usd_index
2024-03-28,121.0635,usd_index
2024-03-29,121.0191,usd_index
2024-04-01,121.5151,usd_index
2024-04-02,121.3035,usd_index
2024-04-03,121.0198,usd_index
2024-04-04,120.7613,usd_index
2024-04-05,120.9646,usd_index
2024-04-08,120.7359,usd_index
2024-04-09,120.7048,usd_index
2024-04-10,121.5727,usd_index
2024-04-11,121.6081,usd_index
2024-04-12,122.2885,usd_index
2024-04-15,122.425,usd_index
2024-04-16,123.1234,usd_index
2024-04-17,123.0207,usd_index
2024-04-18,123.0017,usd_index
2024-04-19,123.1075,usd_index
2024-04-22,123.0609,usd_index
2024-04-23,122.7227,usd_index
2024-04-24,122.89,usd_index
2024-04-25,122.8384,usd_index
2024-04-26,122.9471,usd_index
2024-04-29,122.5449,usd_index
2024-04-30,122.9853,usd_index
2024-05-01,123.0168,usd_index
2024-05-02,122.4384,usd_index
2024-05-03,122.1375,usd_index
2024-05-06,121.8913,usd_index
2024-05-07,122.093,usd_index
2024-05-08,122.1926,usd_index
2024-05-09,122.1634,usd_index
2024-05-10,122.014,usd_index
2024-05-13,122.0261,usd_index
2024-05-14,121.9256,usd_index
2024-05-15,121.3543,usd_index
2024-05-16,121.2236,usd_index
2024-05-17,121.2354,usd_index
2024-05-20,121.2289,usd_index
2024-05-21,121.3793,usd_index
2024-05-22,121.5462,usd_index
2024-05-23,121.7477,usd_index
2024-05-24,121.6172,usd_index
2024-05-27,.,usd_index
2024-05-28,121.43,usd_index
2024-05-29,122.1641,usd_index
2024-05-30,121.9601,usd_index
2024-05-31,122.098,usd_index
2024-06-03,122.3509,usd_index
2024-06-04,122.7256,usd_index
2024-06-05,122.5339,usd_index
2024-06-06,122.3713,usd_index
2024-06-07,123.549,usd_index
2024-06-10,123.9125,usd_index
2024-06-11,124.0349,usd_index
2024-06-12,123.8295,usd_index
2024-06-13,124.0235,usd_index
2024-06-14,124.1694,usd_index
2024-06-17,124.239,usd_index
2024-06-18,123.9776,usd_index
2024-06-19,.,usd_index
2024-06-20,124.192,usd_index
2024-06-21,124.1086,usd_index
2024-06-24,123.7125,usd_index
2024-06-25,123.9417,usd_index
2024-06-26,124.26,usd_index
2024-06-27,124.3379,usd_index
2024-06-28,124.2103,usd_index
2024-07-01,124.4667,usd_index
2024-07-02,124.2917,usd_index
2024-07-03,123.7768,usd_index
2024-07-04,.,usd_index
2024-07-05,123.4762,usd_index
2024-07-08,123.3576,usd_index
2024-07-09,123.4071,usd_index
2024-07-10,123.1895,usd_index
2024-07-11,122.769,usd_index
2024-07-12,122.4404,usd_index
2024-07-15,122.6347,usd_index
2024-07-16,122.7264,usd_index
2024-07-17,122.518,usd_index
2024-07-18,122.7909,usd_index
2024-07-19,123.147,usd_index
2024-07-22,123.2172,usd_index
2024-07-23,123.3843,usd_index
2024-07-24,123.5575,usd_index
2024-07-25,123.5286,usd_index
2024-07-26,123.672,usd_index
2024-07-29,124.1392,usd_index
2024-07-30,124.2855,usd_index
2024-07-31,123.6373,usd_index
2024-08-01,123.8693,usd_index
2024-08-02,123.4681,usd_index
2024-08-05,123.5787,usd_index
2024-08-06,123.6532,usd_index
2024-08-07,123.5698,usd_index
2024-08-08,123.4466,usd_index
2024-08-09,122.9276,usd_index
2024-08-12,123.2204,usd_index
2024-08-13,123.0146,usd_index
2024-08-14,122.4297,usd_index
2024-08-15,122.5844,usd_index
2024-08-16,122.3972,usd_index
2024-08-19,121.8788,usd_index
2024-08-20,121.7728,usd_index
2024-08-21,121.8535,usd_index
2024-08-22,122.3626,usd_index
2024-08-23,121.4597,usd_index
2024-08-26,121.6943,usd_index
2024-08-27,121.8672,usd_index
2024-08-28,121.8943,usd_index
2024-08-29,122.2333,usd_index
2024-08-30,122.3262,usd_index
2024-09-02,.,usd_index
2024-09-03,122.7811,usd_index
2024-09-04,122.5144,usd_index
2024-09-05,122.4533,usd_index
2024-09-06,122.4991,usd_index
2024-09-09,122.7156,usd_index
2024-09-10,123.0071,usd_index
2024-09-11,122.7754,usd_index
2024-09-12,122.4423,usd_index
2024-09-13,121.6551,usd_index
2024-09-16,121.4976,usd_index
2024-09-17,121.6031,usd_index
2024-09-18,121.5618,usd_index
2024-09-19,121.3059,usd_index
2024-09-20,121.4052,usd_index
2024-09-23,121.4303,usd_index
2024-09-24,121.1291,usd_index
2024-09-25,121.4447,usd_index
2024-09-26,121.0785,usd_index
2024-09-27,121.1111,usd_index
2024-09-30,121.2864,usd_index
2024-10-01,121.6881,usd_index
2024-10-02,121.5724,usd_index
2024-10-03,122.1197,usd_index
2024-10-04,122.2197,usd_index
2024-10-07,122.4241,usd_index
2024-10-08,122.6625,usd_index
2024-10-09,122.8821,usd_index
2024-10-10,123.0951,usd_index
2024-10-11,122.9805,usd_index
2024-10-14,.,usd_index
2024-10-15,123.5124,usd_index
2024-10-16,123.9235,usd_index
2024-10-17,124.1122,usd_index
2024-10-18,123.9185,usd_index
2024-10-21,124.4757,usd_index
2024-10-22,124.4107,usd_index
2024-10-23,124.6931,usd_index
2024-10-24,124.5127,usd_index
2024-10-25,124.6105,usd_index
2024-10-28,124.8076,usd_index
2024-10-29,124.8612,usd_index
2024-10-30,124.8153,usd_index
2024-10-31,124.7988,usd_index
2024-11-01,124.8076,usd_index
2024-11-04,124.5903,usd_index
2024-11-05,124.5532,usd_index
2024-11-06,125.7035,usd_index
2024-11-07,124.775,usd_index
2024-11-08,125.5811,usd_index
2024-11-11,.,usd_index
2024-11-12,126.7762,usd_index
2024-11-13,126.9572,usd_index
2024-11-14,127.0015,usd_index
2024-11-15,126.8848,usd_index
2024-11-18,126.6045,usd_index
2024-11-19,126.3994,usd_index
2024-11-20,126.88,usd_index
2024-11-21,127.1047,usd_index
2024-11-22,127.4712,usd_index
2024-11-25,126.9948,usd_index
2024-11-26,127.4301,usd_index
2024-11-27,126.8205,usd_index
2024-11-28,.,usd_index
2024-11-29,126.5798,usd_index
2024-12-02,127.1272,usd_index
2024-12-03,126.9565,usd_index
2024-12-04,126.7574,usd_index
2024-12-05,126.4286,usd_index
2024-12-06,126.688,usd_index
2024-12-09,126.5981,usd_index
2024-12-10,126.957,usd_index
2024-12-11,126.8483,usd_index
2024-12-12,126.9556,usd_index
2024-12-13,127.3096,usd_index
2024-12-16,127.2687,usd_index
2024-12-17,127.5043,usd_index
2024-12-18,127.6418,usd_index
2024-12-19,128.6366,usd_index
2024-12-20,127.893,usd_index
2024-12-23,128.3021,usd_index
2024-12-24,128.3377,usd_index
2024-12-25,.,usd_index
2024-12-26,128.3329,usd_index
2024-12-27,128.45,usd_index
2024-12-30,128.8205,usd_index
2024-12-31,129.2775,usd_index
2025-01-01,.,usd_index
2025-01-02,129.4598,usd_index
2025-01-03,129.4535,usd_index
2025-01-06,128.538,usd_index
2025-01-07,128.613,usd_index
2025-01-08,129.0785,usd_index
2025-01-09,129.2827,usd_index
2025-01-10,129.8664,usd_index
2025-01-13,130.0413,usd_index
2025-01-14,129.3812,usd_index
2025-01-15,129.2092,usd_index
2025-01-16,129.436,usd_index
2025-01-17,129.4859,usd_index
2025-01-20,.,usd_index
2025-01-21,128.4151,usd_index
2025-01-22,128.3402,usd_index
2025-01-23,128.2162,usd_index
2025-01-24,127.4611,usd_index
2025-01-27,128.0912,usd_index
2025-01-28,128.2817,usd_index
2025-01-29,128.3418,usd_index
2025-01-30,128.1004,usd_index
2025-01-31,128.4828,usd_index
2025-02-03,129.109,usd_index
2025-02-04,128.1083,usd_index
2025-02-05,127.9751,usd_index
2025-02-06,128.2017,usd_index
2025-02-07,128.4292,usd_index
2025-02-10,128.6382,usd_index
2025-02-11,128.4322,usd_index
2025-02-12,128.3288,usd_index
2025-02-13,127.8931,usd_index
2025-02-14,127.1491,usd_index
2025-02-17,.,usd_index
2025-02-18,127.2906,usd_index
2025-02-19,127.7317,usd_index
2025-02-20,127.1126,usd_index
2025-02-21,127.1408,usd_index
2025-02-24,127.1921,usd_index
2025-02-25,127.3752,usd_index
2025-02-26,127.2822,usd_index
2025-02-27,127.9704,usd_index
2025-02-28,128.2805,usd_index
2025-03-03,127.75,usd_index
2025-03-04,127.9966,usd_index
2025-03-05,126.504,usd_index
2025-03-06,126.1099,usd_index
2025-03-07,125.9814,usd_index
2025-03-10,126.268,usd_index
2025-03-11,126.0457,usd_index
2025-03-12,125.8664,usd_index
2025-03-13,126.0031,usd_index
2025-03-14,125.6942,usd_index
2025-03-17,125.3688,usd_index
2025-03-18,125.488,usd_index
2025-03-19,125.8006,usd_index
2025-03-20,125.985,usd_index
2025-03-21,126.2679,usd_index
2025-03-24,126.1956,usd_index
2025-03-25,126.0535,usd_index
2025-03-26,126.2364,usd_index
2025-03-27,126.3626,usd_index
2025-03-28,126.4187,usd_index
2025-03-31,126.7075,usd_index
2025-04-01,126.4338,usd_index
2025-04-02,126.3811,usd_index
2025-04-03,124.7316,usd_index
2025-04-04,125.8129,usd_index
2025-04-07,126.8282,usd_index
2025-04-08,126.8668,usd_index
2025-04-09,126.628,usd_index
2025-04-10,125.089,usd_index
2025-04-11,124.0163,usd_index
2025-04-14,123.6598,usd_index
2025-04-15,123.776,usd_index
2025-04-16,123.2724,usd_index
2025-04-17,123.1298,usd_index
2025-04-18,122.9865,usd_index
2025-04-21,122.3145,usd_index
2025-04-22,122.4175,usd_index
2025-04-23,123.0252,usd_index
2025-04-24,122.9251,usd_index
2025-04-25,122.8858,usd_index
2025-04-28,122.7176,usd_index
2025-04-29,122.5944,usd_index
2025-04-30,122.5921,usd_index
2025-05-01,123.1405,usd_index
2025-05-02,122.4962,usd_index
2025-05-05,122.2613,usd_index
2025-05-06,122.0417,usd_index
2025-05-07,122.117,usd_index
2025-05-08,122.7568,usd_index
2025-05-09,122.5191,usd_index
2025-05-12,123.4863,usd_index
2025-05-13,122.9583,usd_index
2025-05-14,122.6746,usd_index
2025-05-15,122.8174,usd_index
2025-05-16,123.0737,usd_index
2025-05-19,122.4186,usd_index
2025-05-20,122.3199,usd_index
2025-05-21,121.7496,usd_index
2025-05-22,122.0429,usd_index
2025-05-23,121.3837,usd_index
2025-05-26,.,usd_index
2025-05-27,121.6099,usd_index
2025-05-28,121.9888,usd_index
2025-05-29,121.5617,usd_index
2025-05-30,121.7674,usd_index
2025-06-02,121.1881,usd_index
2025-06-03,121.4592,usd_index
2025-06-04,121.0539,usd_index
2025-06-05,120.9596,usd_index
2025-06-06,121.161,usd_index
2025-06-09,120.9103,usd_index
2025-06-10,121.0485,usd_index
2025-06-11,120.587,usd_index
2025-06-12,120.1723,usd_index
2025-06-13,120.3245,usd_index
2025-06-16,120.1565,usd_index
2025-06-17,120.5048,usd_index
2025-06-18,120.7305,usd_index
2025-06-19,.,usd_index
2025-06-20,121.0408,usd_index
2025-06-23,121.1694,usd_index
2025-06-24,120.3645,usd_index
2025-06-25,120.3336,usd_index
2025-06-26,119.6451,usd_index
2025-06-27,119.659,usd_index
2025-06-30,119.4088,usd_index
2025-07-01,119.3436,usd_index
2025-07-02,119.3037,usd_index
2025-07-03,119.2382,usd_index
2025-07-04,.,usd_index
2025-07-07,119.6201,usd_index
2025-07-08,119.8371,usd_index
2025-07-09,119.7311,usd_index
2025-07-10,119.8343,usd_index
2025-07-11,119.9214,usd_index
2025-07-14,120.2209,usd_index
2025-07-15,120.5105,usd_index
2025-07-16,120.4175,usd_index
2025-07-17,120.6384,usd_index
2025-07-18,120.356,usd_index
2025-07-21,119.9961,usd_index
2025-07-22,119.681,usd_index
2025-07-23,119.5697,usd_index
2025-07-24,119.5664,usd_index
2025-07-25,119.9857,usd_index
2025-07-28,120.6149,usd_index
2025-07-29,120.9674,usd_index
2025-07-30,121.4042,usd_index
2025-07-31,121.721,usd_index
2025-08-01,121.2122,usd_index
2025-08-04,120.9859,usd_index
2025-08-05,120.9082,usd_index
2025-08-06,120.5082,usd_index
2025-08-07,120.5043,usd_index
2025-08-08,120.3329,usd_index
2025-08-11,120.6892,usd_index
2025-08-12,120.2736,usd_index
2025-08-13,120.13,usd_index
2025-08-14,120.6446,usd_index
2025-08-15,120.3377,usd_index
2025-08-18,120.5622,usd_index
2025-08-19,120.7224,usd_index
2025-08-20,120.7757,usd_index
2025-08-21,121.0843,usd_index
2025-08-22,120.2774,usd_index
2025-08-25,120.4214,usd_index
2025-08-26,120.5274,usd_index
2025-08-27,120.7274,usd_index
2025-08-28,120.2595,usd_index
2025-08-29,120.2082,usd_index
2025-09-01,.,usd_index
2025-09-02,120.6837,usd_index
2025-09-03,120.5052,usd_index
2025-09-04,120.7629,usd_index
2025-09-05,120.1282,usd_index
2025-09-08,120.0971,usd_index
2025-09-09,120.1569,usd_index
2025-09-10,120.1223,usd_index
2025-09-11,119.9534,usd_index
2025-09-12,120.0611,usd_index
2025-09-15,119.5644,usd_index
2025-09-16,119.1348,usd_index
2025-09-17,119.1582,usd_index
2025-09-18,119.6616,usd_index
2025-09-19,119.7858,usd_index
2025-09-22,119.8152,usd_index
2025-09-23,119.6202,usd_index
2025-09-24,120.1707,usd_index
2025-09-25,120.5419,usd_index
2025-09-26,120.4349,usd_index
2025-09-29,120.115,usd_index
2025-09-30,120.1368,usd_index
2025-10-01,120.1502,usd_index
2025-10-02,120.4296,usd_index
2025-10-03,120.0881,usd_index
2025-10-06,120.2722,usd_index
2025-10-07,120.4884,usd_index
2025-10-08,120.7766,usd_index
2025-10-09,121.0902,usd_index
2025-10-10,121.1163,usd_index
2025-10-13,.,usd_index
2025-10-14,121.1822,usd_index
2025-10-15,120.8642,usd_index
2025-10-16,120.6698,usd_index
2025-10-17,120.7028,usd_index
2025-10-20,120.6209,usd_index
2025-10-21,120.8895,usd_index
2025-10-22,120.8958,usd_index
2025-10-23,120.9531,usd_index
2025-10-24,120.9345,usd_index
2025-10-27,120.7988,usd_index
2025-10-28,120.6361,usd_index
2025-10-29,120.5312,usd_index
2025-10-30,121.2832,usd_index
2025-10-31,121.3859,usd_index
2025-11-03,121.4512,usd_index
2025-11-04,121.8271,usd_index
2025-11-05,121.8482,usd_index
2025-11-06,121.6948,usd_index
2025-11-07,121.388,usd_index
2025-11-10,121.2984,usd_index
2025-11-11,.,usd_index
2025-11-12,121.0458,usd_index
2025-11-13,120.7725,usd_index
2025-11-14,120.9666,usd_index
2025-11-17,121.1146,usd_index
2025-11-18,121.2127,usd_index
2025-11-19,121.4978,usd_index
2025-11-20,121.6889,usd_index
2025-11-21,121.8653,usd_index
2025-11-24,121.9171,usd_index
2025-11-25,121.6335,usd_index
2025-11-26,121.2437,usd_index
2025-11-27,.,usd_index
2025-11-28,121.0527,usd_index
2025-12-01,120.9862,usd_index
2025-12-02,121.1467,usd_index
2025-12-03,120.7336,usd_index
2025-12-04,120.6766,usd_index
2025-12-05,120.6863,usd_index
2025-12-08,120.776,usd_index
2025-12-09,120.6832,usd_index
2025-12-10,120.6752,usd_index
2025-12-11,119.98,usd_index
2025-12-12,120.1442,usd_index
2025-12-15,119.9561,usd_index
2025-12-16,119.8902,usd_index
2025-12-17,120.155,usd_index
2025-12-18,120.0528,usd_index
2025-12-19,120.1652,usd_index
2025-12-22,119.9912,usd_index
2025-12-23,119.7057,usd_index
2025-12-24,119.4372,usd_index
2025-12-25,.,usd_index
2025-12-26,119.4723,usd_index
2025-12-29,119.5899,usd_index
2025-12-30,119.4939,usd_index
2025-12-31,119.7456,usd_index
2026-01-01,.,usd_index
2026-01-02,119.6059,usd_index
2026-01-05,119.6192,usd_index
2026-01-06,119.7807,usd_index
2026-01-07,119.8719,usd_index
2026-01-08,120.0904,usd_index
2026-01-09,120.2215,usd_index
2026-01-12,119.9958,usd_index
2026-01-13,120.1401,usd_index
2026-01-14,119.9537,usd_index
2026-01-15,119.9951,usd_index
2026-01-16,120.0838,usd_index
2026-01-19,.,usd_index
2026-01-20,119.4455,usd_index
2026-01-21,119.3431,usd_index
2026-01-22,119.1962,usd_index
2026-01-23,118.8976,usd_index
2026-01-26,118.0525,usd_index
2026-01-27,117.4523,usd_index
2026-01-28,117.5117,usd_index
2026-01-29,117.4396,usd_index
2026-01-30,117.8996,usd_index
2026-02-02,118.3609,usd_index
2026-02-03,117.9764,usd_index
2026-02-04,118.2602,usd_index
2026-02-05,118.5034,usd_index
2026-02-06,118.2407,usd_index
2026-02-09,117.6392,usd_index
2026-02-10,117.5216,usd_index
2026-02-11,117.4601,usd_index
2026-02-12,117.5376,usd_index
2026-02-13,117.5258,usd_index
2026-02-16,.,usd_index
2026-02-17,117.7375,usd_index
2026-02-18,117.8426,usd_index
2026-02-19,118.2354,usd_index
2026-02-20,117.9917,usd_index
2026-02-23,117.9395,usd_index
2026-02-24,117.9463,usd_index
2026-02-25,117.769,usd_index
2026-02-26,117.9042,usd_index
2026-02-27,117.8223,usd_index
2026-03-02,118.667,usd_index
2026-03-03,119.4341,usd_index
2026-03-04,119.0705,usd_index
2026-03-05,119.5683,usd_index
2026-03-06,119.491,usd_index
2026-03-09,119.5151,usd_index
2026-03-10,118.7255,usd_index
2026-03-11,119.2885,usd_index
2026-03-12,119.8227,usd_index
2026-03-13,120.5518,usd_index
2026-03-16,120.097,usd_index
2026-03-17,119.8328,usd_index
2026-03-18,119.9276,usd_index
2026-03-19,120.1802,usd_index
2026-03-20,120.2757,usd_index
2026-03-23,119.9371,usd_index
2026-03-24,120.1295,usd_index
2026-03-25,120.1282,usd_index
2026-03-26,120.389,usd_index
2026-03-27,120.8851,usd_index
2026-03-30,121.2851,usd_index
2026-03-31,121.035,usd_index
2026-04-01,120.1198,usd_index
2026-04-02,120.503,usd_index
2026-04-03,120.6565,usd_index
2026-04-06,120.4302,usd_index
2026-04-07,120.32,usd_index
2026-04-08,119.0596,usd_index
2026-04-09,118.8998,usd_index
2026-04-10,118.8552,usd_index
2026-04-13,118.9916,usd_index
2026-04-14,118.3581,usd_index
2026-04-15,118.3623,usd_index
2026-04-16,118.3616,usd_index
2026-04-17,118.0795,usd_index
2026-04-20,118.2374,usd_index
2026-04-21,118.4331,usd_index
2026-04-22,118.6004,usd_index
2026-04-23,118.7155,usd_index
2026-04-24,118.7294,usd_index
2026-04-27,118.5458,usd_index
2026-04-28,118.7717,usd_index
2026-04-29,119.0975,usd_index
2026-04-30,118.671,usd_index
2026-05-01,118.3926,usd_index
2026-05-04,118.8264,usd_index
2026-05-05,118.6207,usd_index
2026-05-06,118.0982,usd_index
2026-05-07,118.0116,usd_index
2026-05-08,118.0392,usd_index
2026-05-11,118.0562,usd_index
2026-05-12,118.5238,usd_index
2026-05-13,118.4737,usd_index
2026-05-14,118.6696,usd_index
2026-05-15,119.2825,usd_index
2026-05-18,119.0574,usd_index
2026-05-19,119.451,usd_index
2026-05-20,119.1624,usd_index
2026-05-21,119.369,usd_index
2026-05-22,119.2868,usd_index
2026-05-25,.,usd_index
2026-05-26,119.1696,usd_index
2026-05-27,119.1829,usd_index
2026-05-28,119.0318,usd_index
2026-05-29,118.8783,usd_index
2026-06-01,119.1653,usd_index
2026-06-02,119.0359,usd_index
2026-06-03,119.3848,usd_index
2026-06-04,119.3615,usd_index
2026-06-05,120.0831,usd_index
2026-06-08,120.034,usd_index
2026-06-09,119.9617,usd_index
2026-06-10,119.9134,usd_index
2026-06-11,120.1174,usd_index
2026-06-12,119.5073,usd_index
2026-06-15,119.3158,usd_index
2026-06-16,119.256,usd_index
2026-06-17,119.3871,usd_index
2026-06-18,120.3958,usd_index
2026-06-19,.,usd_index
2026-06-22,120.5463,usd_index
2026-06-23,121.0552,usd_index
2026-06-24,121.412,usd_index
2026-06-25,121.0559,usd_index
2026-06-26,120.8866,usd_index
2026-06-29,120.9525,usd_index
2026-06-30,120.9248,usd_index
2026-07-01,121.1455,usd_index
2026-07-02,120.6902,usd_index
2026-07-03,.,usd_index
2026-07-06,120.835,usd_index
2026-07-07,120.8145,usd_index
2026-07-08,121.1307,usd_index
2026-07-09,120.753,usd_index
2026-07-10,120.5046,usd_index
2026-07-13,120.7413,usd_index
2026-07-14,120.4728,usd_index
2026-07-15,120.3088,usd_index
2026-07-16,120.331,usd_index
2026-07-17,120.5315,usd_index
2026-07-20,120.5401,usd_index
2026-07-21,120.5779,usd_index
2026-07-22,120.5736,usd_index
2026-07-23,120.9075,usd_index
2026-07-24,120.7105,usd_index
2026-07-27,120.7739,usd_index
2026-07-28,120.6247,usd_index
2026-07-29,120.7892,usd_index
2026-07-30,119.6753,usd_index
2026-07-31,119.7034,usd_index
2026-08-03,119.6951,usd_index
2026-08-04,119.5977,usd_index
2026-08-05,119.3881,usd_index
2026-08-06,119.5113,usd_index
2026-08-07,119.0649,usd_index
2026-08-10,119.1187,usd_index
2026-08-11,119.179,usd_index
2026-08-12,119.1179,usd_index
2026-08-13,119.1848,usd_index
2026-08-14,118.9028,usd_index
2026-08-17,118.814,usd_index
2026-08-18,118.9831,usd_index
2026-08-19,118.3328,usd_index
2026-08-20,118.2548,usd_index
2026-08-21,118.0628,usd_index
2026-08-24,118.3195,usd_index
2026-08-25,118.2283,usd_index
2026-08-26,118.4461,usd_index
2026-08-27,118.3583,usd_index
2026-08-28,118.7479,usd_index
2026-08-31,118.5679,usd_index
2026-09-01,118.6568,usd_index
2026-09-02,118.5296,usd_index
2026-09-03,118.127,usd_index
2026-09-04,118.0732,usd_index
2026-09-07,.,usd_index
2026-09-08,117.9127,usd_index
2026-09-09,117.8834,usd_index
2026-09-10,118.0787,usd_index
2026-09-11,118.2126,usd_index
2026-09-14,118.6923,usd_index
2026-09-15,118.8822,usd_index
2026-09-16,118.9206,usd_index
2026-09-17,119.3489,usd_index
2026-09-18,119.5133,usd_index
2026-09-21,119.4014,usd_index
2026-09-22,119.5933,usd_index
2026-09-23,120.1169,usd_index
2026-09-24,120.5521,usd_index
2026-09-25,120.33,usd_index
2010-01-01,.,vix
2010-01-04,20.04,vix
2010-01-05,19.35,vix
2010-01-06,19.16,vix
2010-01-07,19.06,vix
2010-01-08,18.13,vix
2010-01-11,17.55,vix
2010-01-12,18.25,vix
2010-01-13,17.85,vix
2010-01-14,17.63,vix
2010-01-15,17.91,vix
2010-01-18,.,vix
2010-01-19,17.58,vix
2010-01-20,18.68,vix
2010-01-21,22.27,vix
2010-01-22,27.31,vix
2010-01-25,25.41,vix
2010-01-26,24.55,vix
2010-01-27,23.14,vix
2010-01-28,23.73,vix
2010-01-29,24.62,vix
2010-02-01,22.59,vix
2010-02-02,21.48,vix
2010-02-03,21.60,vix
2010-02-04,26.08,vix
2010-02-05,26.11,vix
2010-02-08,26.51,vix
2010-02-09,26.00,vix
2010-02-10,25.40,vix
2010-02-11,23.96,vix
2010-02-12,22.73,vix
2010-02-15,.,vix
2010-02-16,22.25,vix
2010-02-17,21.72,vix
2010-02-18,20.63,vix
2010-02-19,20.02,vix
2010-02-22,19.94,vix
2010-02-23,21.37,vix
2010-02-24,20.27,vix
2010-02-25,20.10,vix
2010-02-26,19.50,vix
2010-03-01,19.26,vix
2010-03-02,19.06,vix
2010-03-03,18.83,vix
2010-03-04,18.72,vix
2010-03-05,17.42,vix
2010-03-08,17.79,vix
2010-03-09,17.92,vix
2010-03-10,18.57,vix
2010-03-11,18.06,vix
2010-03-12,17.58,vix
2010-03-15,18.00,vix
2010-03-16,17.69,vix
2010-03-17,16.91,vix
2010-03-18,16.62,vix
2010-03-19,16.97,vix
2010-03-22,16.87,vix
2010-03-23,16.35,vix
2010-03-24,17.55,vix
2010-03-25,18.40,vix
2010-03-26,17.77,vix
2010-03-29,17.59,vix
2010-03-30,17.13,vix
2010-03-31,17.59,vix
2010-04-01,17.47,vix
2010-04-02,.,vix
2010-04-05,17.02,vix
2010-04-06,16.23,vix
2010-04-07,16.62,vix
2010-04-08,16.48,vix
2010-04-09,16.14,vix
2010-04-12,15.58,vix
2010-04-13,16.20,vix
2010-04-14,15.59,vix
2010-04-15,15.89,vix
2010-04-16,18.36,vix
2010-04-19,17.34,vix
2010-04-20,15.73,vix
2010-04-21,16.32,vix
2010-04-22,16.47,vix
2010-04-23,16.62,vix
2010-04-26,17.47,vix
2010-04-27,22.81,vix
2010-04-28,21.08,vix
2010-04-29,18.44,vix
2010-04-30,22.05,vix
2010-05-03,20.19,vix
2010-05-04,23.84,vix
2010-05-05,24.91,vix
2010-05-06,32.80,vix
2010-05-07,40.95,vix
2010-05-10,28.84,vix
2010-05-11,28.32,vix
2010-05-12,25.52,vix
2010-05-13,26.68,vix
2010-05-14,31.24,vix
2010-05-17,30.84,vix
2010-05-18,33.55,vix
2010-05-19,35.32,vix
2010-05-20,45.79,vix
2010-05-21,40.10,vix
2010-05-24,38.32,vix
2010-05-25,34.61,vix
2010-05-26,35.02,vix
2010-05-27,29.68,vix
2010-05-28,32.07,vix
2010-05-31,.,vix
2010-06-01,35.54,vix
2010-06-02,30.17,vix
2010-06-03,29.46,vix
2010-06-04,35.48,vix
2010-06-07,36.57,vix
2010-06-08,33.70,vix
2010-06-09,33.73,vix
2010-06-10,30.57,vix
2010-06-11,28.79,vix
2010-06-14,28.58,vix
2010-06-15,25.87,vix
2010-06-16,25.92,vix
2010-06-17,25.05,vix
2010-06-18,23.95,vix
2010-06-21,24.88,vix
2010-06-22,27.05,vix
2010-06-23,26.91,vix
2010-06-24,29.74,vix
2010-06-25,28.53,vix
2010-06-28,29.00,vix
2010-06-29,34.13,vix
2010-06-30,34.54,vix
2010-07-01,32.86,vix
2010-07-02,30.12,vix
2010-07-05,.,vix
2010-07-06,29.65,vix
2010-07-07,26.84,vix
2010-07-08,25.71,vix
2010-07-09,24.98,vix
2010-07-12,24.43,vix
2010-07-13,24.56,vix
2010-07-14,24.89,vix
2010-07-15,25.14,vix
2010-07-16,26.25,vix
2010-07-19,25.97,vix
2010-07-20,23.93,vix
2010-07-21,25.64,vix
2010-07-22,24.63,vix
2010-07-23,23.47,vix
2010-07-26,22.73,vix
2010-07-27,23.19,vix
2010-07-28,24.25,vix
2010-07-29,24.13,vix
2010-07-30,23.50,vix
2010-08-02,22.01,vix
2010-08-03,22.63,vix
2010-08-04,22.21,vix
2010-08-05,22.10,vix
2010-08-06,21.74,vix
2010-08-09,22.14,vix
2010-08-10,22.37,vix
2010-08-11,25.39,vix
2010-08-12,25.73,vix
2010-08-13,26.24,vix
2010-08-16,26.10,vix
2010-08-17,24.33,vix
2010-08-18,24.59,vix
2010-08-19,26.44,vix
2010-08-20,25.49,vix
2010-08-23,25.66,vix
2010-08-24,27.46,vix
2010-08-25,26.70,vix
2010-08-26,27.37,vix
2010-08-27,24.45,vix
2010-08-30,27.21,vix
2010-08-31,26.05,vix
2010-09-01,23.89,vix
2010-09-02,23.19,vix
2010-09-03,21.31,vix
2010-09-06,.,vix
2010-09-07,23.80,vix
2010-09-08,23.25,vix
2010-09-09,22.81,vix
2010-09-10,21.99,vix
2010-09-13,21.21,vix
2010-09-14,21.56,vix
2010-09-15,22.10,vix
2010-09-16,21.72,vix
2010-09-17,22.01,vix
2010-09-20,21.50,vix
2010-09-21,22.35,vix
2010-09-22,22.51,vix
2010-09-23,23.87,vix
2010-09-24,21.71,vix
2010-09-27,22.54,vix
2010-09-28,22.60,vix
2010-09-29,23.25,vix
2010-09-30,23.70,vix
2010-10-01,22.50,vix
2010-10-04,23.53,vix
2010-10-05,21.76,vix
2010-10-06,21.49,vix
2010-10-07,21.56,vix
2010-10-08,20.71,vix
2010-10-11,18.96,vix
2010-10-12,18.93,vix
2010-10-13,19.07,vix
2010-10-14,19.88,vix
2010-10-15,19.03,vix
2010-10-18,19.09,vix
2010-10-19,20.63,vix
2010-10-20,19.79,vix
2010-10-21,19.27,vix
2010-10-22,18.78,vix
2010-10-25,19.85,vix
2010-10-26,20.22,vix
2010-10-27,20.71,vix
2010-10-28,20.88,vix
2010-10-29,21.20,vix
2010-11-01,21.83,vix
2010-11-02,21.57,vix
2010-11-03,19.56,vix
2010-11-04,18.52,vix
2010-11-05,18.26,vix
2010-11-08,18.29,vix
2010-11-09,19.08,vix
2010-11-10,18.47,vix
2010-11-11,18.64,vix
2010-11-12,20.61,vix
2010-11-15,20.20,vix
2010-11-16,22.58,vix
2010-11-17,21.76,vix
2010-11-18,18.75,vix
2010-11-19,18.04,vix
2010-11-22,18.37,vix
2010-11-23,20.63,vix
2010-11-24,19.56,vix
2010-11-25,.,vix
2010-11-26,22.22,vix
2010-11-29,21.53,vix
2010-11-30,23.54,vix
2010-12-01,21.36,vix
2010-12-02,19.39,vix
2010-12-03,18.01,vix
2010-12-06,18.02,vix
2010-12-07,17.99,vix
2010-12-08,17.74,vix
2010-12-09,17.25,vix
2010-12-10,17.61,vix
2010-12-13,17.55,vix
2010-12-14,17.61,vix
2010-12-15,17.94,vix
2010-12-16,17.39,vix
2010-12-17,16.11,vix
2010-12-20,16.41,vix
2010-12-21,16.49,vix
2010-12-22,15.45,vix
2010-12-23,16.47,vix
2010-12-24,.,vix
2010-12-27,17.67,vix
2010-12-28,17.52,vix
2010-12-29,17.28,vix
2010-12-30,17.52,vix
2010-12-31,17.75,vix
2011-01-03,17.61,vix
2011-01-04,17.38,vix
2011-01-05,17.02,vix
2011-01-06,17.40,vix
2011-01-07,17.14,vix
2011-01-10,17.54,vix
2011-01-11,16.89,vix
2011-01-12,16.24,vix
2011-01-13,16.39,vix
2011-01-14,15.46,vix
2011-01-17,.,vix
2011-01-18,15.87,vix
2011-01-19,17.31,vix
2011-01-20,17.99,vix
2011-01-21,18.47,vix
2011-01-24,17.65,vix
2011-01-25,17.59,vix
2011-01-26,16.64,vix
2011-01-27,16.15,vix
2011-01-28,20.04,vix
2011-01-31,19.53,vix
2011-02-01,17.63,vix
2011-02-02,17.30,vix
2011-02-03,16.69,vix
2011-02-04,15.93,vix
2011-02-07,16.28,vix
2011-02-08,15.81,vix
2011-02-09,15.87,vix
2011-02-10,16.09,vix
2011-02-11,15.69,vix
2011-02-14,15.95,vix
2011-02-15,16.37,vix
2011-02-16,16.72,vix
2011-02-17,16.59,vix
2011-02-18,16.43,vix
2011-02-21,.,vix
2011-02-22,20.80,vix
2011-02-23,22.13,vix
2011-02-24,21.32,vix
2011-02-25,19.22,vix
2011-02-28,18.35,vix
2011-03-01,21.01,vix
2011-03-02,20.70,vix
2011-03-03,18.60,vix
2011-03-04,19.06,vix
2011-03-07,20.66,vix
2011-03-08,19.82,vix
2011-03-09,20.22,vix
2011-03-10,21.88,vix
2011-03-11,20.08,vix
2011-03-14,21.13,vix
2011-03-15,24.32,vix
2011-03-16,29.40,vix
2011-03-17,26.37,vix
2011-03-18,24.44,vix
2011-03-21,20.61,vix
2011-03-22,20.21,vix
2011-03-23,19.17,vix
2011-03-24,18.00,vix
2011-03-25,17.91,vix
2011-03-28,19.44,vix
2011-03-29,18.16,vix
2011-03-30,17.71,vix
2011-03-31,17.74,vix
2011-04-01,17.40,vix
2011-04-04,17.50,vix
2011-04-05,17.25,vix
2011-04-06,16.90,vix
2011-04-07,17.11,vix
2011-04-08,17.87,vix
2011-04-11,16.59,vix
2011-04-12,17.09,vix
2011-04-13,16.92,vix
2011-04-14,16.27,vix
2011-04-15,15.32,vix
2011-04-18,16.96,vix
2011-04-19,15.83,vix
2011-04-20,15.07,vix
2011-04-21,14.69,vix
2011-04-22,.,vix
2011-04-25,15.77,vix
2011-04-26,15.62,vix
2011-04-27,15.35,vix
2011-04-28,14.62,vix
2011-04-29,14.75,vix
2011-05-02,15.99,vix
2011-05-03,16.70,vix
2011-05-04,17.08,vix
2011-05-05,18.20,vix
2011-05-06,18.40,vix
2011-05-09,17.16,vix
2011-05-10,15.91,vix
2011-05-11,16.95,vix
2011-05-12,16.03,vix
2011-05-13,17.07,vix
2011-05-16,18.24,vix
2011-05-17,17.55,vix
2011-05-18,16.23,vix
2011-05-19,15.52,vix
2011-05-20,17.43,vix
2011-05-23,18.27,vix
2011-05-24,17.82,vix
2011-05-25,17.07,vix
2011-05-26,16.09,vix
2011-05-27,15.98,vix
2011-05-30,.,vix
2011-05-31,15.45,vix
2011-06-01,18.30,vix
2011-06-02,18.09,vix
2011-06-03,17.95,vix
2011-06-06,18.49,vix
2011-06-07,18.07,vix
2011-06-08,18.79,vix
2011-06-09,17.77,vix
2011-06-10,18.86,vix
2011-06-13,19.61,vix
2011-06-14,18.26,vix
2011-06-15,21.32,vix
2011-06-16,22.73,vix
2011-06-17,21.85,vix
2011-06-20,19.99,vix
2011-06-21,18.86,vix
2011-06-22,18.52,vix
2011-06-23,19.29,vix
2011-06-24,21.10,vix
2011-06-27,20.56,vix
2011-06-28,19.17,vix
2011-06-29,17.27,vix
2011-06-30,16.52,vix
2011-07-01,15.87,vix
2011-07-04,.,vix
2011-07-05,16.06,vix
2011-07-06,16.34,vix
2011-07-07,15.95,vix
2011-07-08,15.95,vix
2011-07-11,18.39,vix
2011-07-12,19.87,vix
2011-07-13,19.91,vix
2011-07-14,20.80,vix
2011-07-15,19.53,vix
2011-07-18,20.95,vix
2011-07-19,19.21,vix
2011-07-20,19.09,vix
2011-07-21,17.56,vix
2011-07-22,17.52,vix
2011-07-25,19.35,vix
2011-07-26,20.23,vix
2011-07-27,22.98,vix
2011-07-28,23.74,vix
2011-07-29,25.25,vix
2011-08-01,23.66,vix
2011-08-02,24.79,vix
2011-08-03,23.38,vix
2011-08-04,31.66,vix
2011-08-05,32.00,vix
2011-08-08,48.00,vix
2011-08-09,35.06,vix
2011-08-10,42.99,vix
2011-08-11,39.00,vix
2011-08-12,36.36,vix
2011-08-15,31.87,vix
2011-08-16,32.85,vix
2011-08-17,31.58,vix
2011-08-18,42.67,vix
2011-08-19,43.05,vix
2011-08-22,42.44,vix
2011-08-23,36.27,vix
2011-08-24,35.90,vix
2011-08-25,39.76,vix
2011-08-26,35.59,vix
2011-08-29,32.28,vix
2011-08-30,32.89,vix
2011-08-31,31.62,vix
2011-09-01,31.82,vix
2011-09-02,33.92,vix
2011-09-05,.,vix
2011-09-06,37.00,vix
2011-09-07,33.38,vix
2011-09-08,34.32,vix
2011-09-09,38.52,vix
2011-09-12,38.59,vix
2011-09-13,36.91,vix
2011-09-14,34.60,vix
2011-09-15,31.97,vix
2011-09-16,30.98,vix
2011-09-19,32.73,vix
2011-09-20,32.86,vix
2011-09-21,37.32,vix
2011-09-22,41.35,vix
2011-09-23,41.25,vix
2011-09-26,39.02,vix
2011-09-27,37.71,vix
2011-09-28,41.08,vix
2011-09-29,38.84,vix
2011-09-30,42.96,vix
2011-10-03,45.45,vix
2011-10-04,40.82,vix
2011-10-05,37.81,vix
2011-10-06,36.27,vix
2011-10-07,36.20,vix
2011-10-10,33.02,vix
2011-10-11,32.86,vix
2011-10-12,31.26,vix
2011-10-13,30.70,vix
2011-10-14,28.24,vix
2011-10-17,33.39,vix
2011-10-18,31.56,vix
2011-10-19,34.44,vix
2011-10-20,34.78,vix
2011-10-21,31.32,vix
2011-10-24,29.26,vix
2011-10-25,32.22,vix
2011-10-26,29.86,vix
2011-10-27,25.46,vix
2011-10-28,24.53,vix
2011-10-31,29.96,vix
2011-11-01,34.77,vix
2011-11-02,32.74,vix
2011-11-03,30.50,vix
2011-11-04,30.16,vix
2011-11-07,29.85,vix
2011-11-08,27.48,vix
2011-11-09,36.16,vix
2011-11-10,32.81,vix
2011-11-11,30.04,vix
2011-11-14,31.13,vix
2011-11-15,31.22,vix
2011-11-16,33.51,vix
2011-11-17,34.51,vix
2011-11-18,32.00,vix
2011-11-21,32.91,vix
2011-11-22,31.97,vix
2011-11-23,33.98,vix
2011-11-24,.,vix
2011-11-25,34.47,vix
2011-11-28,32.13,vix
2011-11-29,30.64,vix
2011-11-30,27.80,vix
2011-12-01,27.41,vix
2011-12-02,27.52,vix
2011-12-05,27.84,vix
2011-12-06,28.13,vix
2011-12-07,28.67,vix
2011-12-08,30.59,vix
2011-12-09,26.38,vix
2011-12-12,25.67,vix
2011-12-13,25.41,vix
2011-12-14,26.04,vix
2011-12-15,25.11,vix
2011-12-16,24.29,vix
2011-12-19,24.92,vix
2011-12-20,23.22,vix
2011-12-21,21.43,vix
2011-12-22,21.16,vix
2011-12-23,20.73,vix
2011-12-26,.,vix
2011-12-27,21.91,vix
2011-12-28,23.52,vix
2011-12-29,22.65,vix
2011-12-30,23.40,vix
2012-01-02,.,vix
2012-01-03,22.97,vix
2012-01-04,22.22,vix
2012-01-05,21.48,vix
2012-01-06,20.63,vix
2012-01-09,21.07,vix
2012-01-10,20.69,vix
2012-01-11,21.05,vix
2012-01-12,20.47,vix
2012-01-13,20.91,vix
2012-01-16,.,vix
2012-01-17,22.20,vix
2012-01-18,20.89,vix
2012-01-19,19.87,vix
2012-01-20,18.28,vix
2012-01-23,18.67,vix
2012-01-24,18.91,vix
2012-01-25,18.31,vix
2012-01-26,18.57,vix
2012-01-27,18.53,vix
2012-01-30,19.40,vix
2012-01-31,19.44,vix
2012-02-01,18.55,vix
2012-02-02,17.98,vix
2012-02-03,17.10,vix
2012-02-06,17.76,vix
2012-02-07,17.65,vix
2012-02-08,18.16,vix
2012-02-09,18.63,vix
2012-02-10,20.79,vix
2012-02-13,19.04,vix
2012-02-14,19.54,vix
2012-02-15,21.14,vix
2012-02-16,19.22,vix
2012-02-17,17.78,vix
2012-02-20,.,vix
2012-02-21,18.19,vix
2012-02-22,18.19,vix
2012-02-23,16.80,vix
2012-02-24,17.31,vix
2012-02-27,18.19,vix
2012-02-28,17.96,vix
2012-02-29,18.43,vix
2012-03-01,17.26,vix
2012-03-02,17.29,vix
2012-03-05,18.05,vix
2012-03-06,20.87,vix
2012-03-07,19.07,vix
2012-03-08,17.95,vix
2012-03-09,17.11,vix
2012-03-12,15.64,vix
2012-03-13,14.80,vix
2012-03-14,15.31,vix
2012-03-15,15.42,vix
2012-03-16,14.47,vix
2012-03-19,15.04,vix
2012-03-20,15.58,vix
2012-03-21,15.13,vix
2012-03-22,15.57,vix
2012-03-23,14.82,vix
2012-03-26,14.26,vix
2012-03-27,15.59,vix
2012-03-28,15.47,vix
2012-03-29,15.48,vix
2012-03-30,15.50,vix
2012-04-02,15.64,vix
2012-04-03,15.66,vix
2012-04-04,16.44,vix
2012-04-05,16.70,vix
2012-04-06,.,vix
2012-04-09,18.81,vix
2012-04-10,20.39,vix
2012-04-11,20.02,vix
2012-04-12,17.20,vix
2012-04-13,19.55,vix
2012-04-16,19.55,vix
2012-04-17,18.46,vix
2012-04-18,18.64,vix
2012-04-19,18.36,vix
2012-04-20,17.44,vix
2012-04-23,18.97,vix
2012-04-24,18.10,vix
2012-04-25,16.82,vix
2012-04-26,16.24,vix
2012-04-27,16.32,vix
2012-04-30,17.15,vix
2012-05-01,16.60,vix
2012-05-02,16.88,vix
2012-05-03,17.56,vix
2012-05-04,19.16,vix
2012-05-07,18.94,vix
2012-05-08,19.05,vix
2012-05-09,20.08,vix
2012-05-10,18.83,vix
2012-05-11,19.89,vix
2012-05-14,21.87,vix
2012-05-15,21.97,vix
2012-05-16,22.27,vix
2012-05-17,24.49,vix
2012-05-18,25.10,vix
2012-05-21,22.01,vix
2012-05-22,22.48,vix
2012-05-23,22.33,vix
2012-05-24,21.54,vix
2012-05-25,21.76,vix
2012-05-28,.,vix
2012-05-29,21.03,vix
2012-05-30,24.14,vix
2012-05-31,24.06,vix
2012-06-01,26.66,vix
2012-06-04,26.12,vix
2012-06-05,24.68,vix
2012-06-06,22.16,vix
2012-06-07,21.72,vix
2012-06-08,21.23,vix
2012-06-11,23.56,vix
2012-06-12,22.09,vix
2012-06-13,24.27,vix
2012-06-14,21.68,vix
2012-06-15,21.11,vix
2012-06-18,18.32,vix
2012-06-19,18.38,vix
2012-06-20,17.24,vix
2012-06-21,20.08,vix
2012-06-22,18.11,vix
2012-06-25,20.38,vix
2012-06-26,19.72,vix
2012-06-27,19.45,vix
2012-06-28,19.71,vix
2012-06-29,17.08,vix
2012-07-02,16.8,vix
2012-07-03,16.66,vix
2012-07-04,.,vix
2012-07-05,17.50,vix
2012-07-06,17.10,vix
2012-07-09,17.98,vix
2012-07-10,18.72,vix
2012-07-11,17.95,vix
2012-07-12,18.33,vix
2012-07-13,16.74,vix
2012-07-16,17.11,vix
2012-07-17,16.48,vix
2012-07-18,16.16,vix
2012-07-19,15.45,vix
2012-07-20,16.27,vix
2012-07-23,18.62,vix
2012-07-24,20.47,vix
2012-07-25,19.34,vix
2012-07-26,17.53,vix
2012-07-27,16.70,vix
2012-07-30,18.03,vix
2012-07-31,18.93,vix
2012-08-01,18.96,vix
2012-08-02,17.57,vix
2012-08-03,15.64,vix
2012-08-06,15.95,vix
2012-08-07,15.99,vix
2012-08-08,15.32,vix
2012-08-09,15.28,vix
2012-08-10,14.74,vix
2012-08-13,13.70,vix
2012-08-14,14.85,vix
2012-08-15,14.63,vix
2012-08-16,14.29,vix
2012-08-17,13.45,vix
2012-08-20,14.02,vix
2012-08-21,15.02,vix
2012-08-22,15.11,vix
2012-08-23,15.96,vix
2012-08-24,15.18,vix
2012-08-27,16.35,vix
2012-08-28,16.49,vix
2012-08-29,17.06,vix
2012-08-30,17.83,vix
2012-08-31,17.47,vix
2012-09-03,.,vix
2012-09-04,17.98,vix
2012-09-05,17.74,vix
2012-09-06,15.60,vix
2012-09-07,14.38,vix
2012-09-10,16.28,vix
2012-09-11,16.41,vix
2012-09-12,15.80,vix
2012-09-13,14.05,vix
2012-09-14,14.51,vix
2012-09-17,14.59,vix
2012-09-18,14.18,vix
2012-09-19,13.88,vix
2012-09-20,14.07,vix
2012-09-21,13.98,vix
2012-09-24,14.15,vix
2012-09-25,15.43,vix
2012-09-26,16.81,vix
2012-09-27,14.84,vix
2012-09-28,15.73,vix
2012-10-01,16.32,vix
2012-10-02,15.71,vix
2012-10-03,15.43,vix
2012-10-04,14.55,vix
2012-10-05,14.33,vix
2012-10-08,15.11,vix
2012-10-09,16.37,vix
2012-10-10,16.29,vix
2012-10-11,15.59,vix
2012-10-12,16.14,vix
2012-10-15,15.27,vix
2012-10-16,15.22,vix
2012-10-17,15.07,vix
2012-10-18,15.03,vix
2012-10-19,17.06,vix
2012-10-22,16.62,vix
2012-10-23,18.83,vix
2012-10-24,18.33,vix
2012-10-25,18.12,vix
2012-10-26,17.81,vix
2012-10-29,.,vix
2012-10-30,.,vix
2012-10-31,18.60,vix
2012-11-01,16.69,vix
2012-11-02,17.59,vix
2012-11-05,18.42,vix
2012-11-06,17.58,vix
2012-11-07,19.08,vix
2012-11-08,18.49,vix
2012-11-09,18.61,vix
2012-11-12,16.68,vix
2012-11-13,16.65,vix
2012-11-14,17.92,vix
2012-11-15,17.99,vix
2012-11-16,16.41,vix
2012-11-19,15.24,vix
2012-11-20,15.08,vix
2012-11-21,15.31,vix
2012-11-22,.,vix
2012-11-23,15.14,vix
2012-11-26,15.50,vix
2012-11-27,15.92,vix
2012-11-28,15.51,vix
2012-11-29,15.06,vix
2012-11-30,15.87,vix
2012-12-03,16.64,vix
2012-12-04,17.12,vix
2012-12-05,16.46,vix
2012-12-06,16.58,vix
2012-12-07,15.90,vix
2012-12-10,16.05,vix
2012-12-11,15.57,vix
2012-12-12,15.95,vix
2012-12-13,16.56,vix
2012-12-14,17.00,vix
2012-12-17,16.34,vix
2012-12-18,15.57,vix
2012-12-19,17.36,vix
2012-12-20,17.67,vix
2012-12-21,17.84,vix
2012-12-24,17.84,vix
2012-12-25,.,vix
2012-12-26,19.48,vix
2012-12-27,19.47,vix
2012-12-28,22.72,vix
2012-12-31,18.02,vix
2013-01-01,.,vix
2013-01-02,14.68,vix
2013-01-03,14.56,vix
2013-01-04,13.83,vix
2013-01-07,13.79,vix
2013-01-08,13.62,vix
2013-01-09,13.81,vix
2013-01-10,13.49,vix
2013-01-11,13.36,vix
2013-01-14,13.52,vix
2013-01-15,13.55,vix
2013-01-16,13.42,vix
2013-01-17,13.57,vix
2013-01-18,12.46,vix
2013-01-21,.,vix
2013-01-22,12.43,vix
2013-01-23,12.46,vix
2013-01-24,12.69,vix
2013-01-25,12.89,vix
2013-01-28,13.57,vix
2013-01-29,13.31,vix
2013-01-30,14.32,vix
2013-01-31,14.28,vix
2013-02-01,12.90,vix
2013-02-04,14.67,vix
2013-02-05,13.72,vix
2013-02-06,13.41,vix
2013-02-07,13.50,vix
2013-02-08,13.02,vix
2013-02-11,12.94,vix
2013-02-12,12.64,vix
2013-02-13,12.98,vix
2013-02-14,12.66,vix
2013-02-15,12.46,vix
2013-02-18,.,vix
2013-02-19,12.31,vix
2013-02-20,14.68,vix
2013-02-21,15.22,vix
2013-02-22,14.17,vix
2013-02-25,18.99,vix
2013-02-26,16.87,vix
2013-02-27,14.73,vix
2013-02-28,15.51,vix
2013-03-01,15.36,vix
2013-03-04,14.01,vix
2013-03-05,13.48,vix
2013-03-06,13.53,vix
2013-03-07,13.06,vix
2013-03-08,12.59,vix
2013-03-11,11.56,vix
2013-03-12,12.27,vix
2013-03-13,11.83,vix
2013-03-14,11.30,vix
2013-03-15,11.30,vix
2013-03-18,13.36,vix
2013-03-19,14.39,vix
2013-03-20,12.67,vix
2013-03-21,13.99,vix
2013-03-22,13.57,vix
2013-03-25,13.74,vix
2013-03-26,12.77,vix
2013-03-27,13.15,vix
2013-03-28,12.70,vix
2013-03-29,.,vix
2013-04-01,13.58,vix
2013-04-02,12.78,vix
2013-04-03,14.21,vix
2013-04-04,13.89,vix
2013-04-05,13.92,vix
2013-04-08,13.19,vix
2013-04-09,12.84,vix
2013-04-10,12.36,vix
2013-04-11,12.24,vix
2013-04-12,12.06,vix
2013-04-15,17.27,vix
2013-04-16,13.96,vix
2013-04-17,16.51,vix
2013-04-18,17.56,vix
2013-04-19,14.97,vix
2013-04-22,14.39,vix
2013-04-23,13.48,vix
2013-04-24,13.61,vix
2013-04-25,13.62,vix
2013-04-26,13.61,vix
2013-04-29,13.71,vix
2013-04-30,13.52,vix
2013-05-01,14.49,vix
2013-05-02,13.59,vix
2013-05-03,12.85,vix
2013-05-06,12.66,vix
2013-05-07,12.83,vix
2013-05-08,12.66,vix
2013-05-09,13.13,vix
2013-05-10,12.59,vix
2013-05-13,12.55,vix
2013-05-14,12.77,vix
2013-05-15,12.81,vix
2013-05-16,13.07,vix
2013-05-17,12.45,vix
2013-05-20,13.02,vix
2013-05-21,13.37,vix
2013-05-22,13.82,vix
2013-05-23,14.07,vix
2013-05-24,13.99,vix
2013-05-27,.,vix
2013-05-28,14.48,vix
2013-05-29,14.83,vix
2013-05-30,14.53,vix
2013-05-31,16.30,vix
2013-06-03,16.28,vix
2013-06-04,16.27,vix
2013-06-05,17.50,vix
2013-06-06,16.63,vix
2013-06-07,15.14,vix
2013-06-10,15.44,vix
2013-06-11,17.07,vix
2013-06-12,18.59,vix
2013-06-13,16.41,vix
2013-06-14,17.15,vix
2013-06-17,16.80,vix
2013-06-18,16.61,vix
2013-06-19,16.64,vix
2013-06-20,20.49,vix
2013-06-21,18.90,vix
2013-06-24,20.11,vix
2013-06-25,18.47,vix
2013-06-26,17.21,vix
2013-06-27,16.86,vix
2013-06-28,16.86,vix
2013-07-01,16.37,vix
2013-07-02,16.44,vix
2013-07-03,16.20,vix
2013-07-04,.,vix
2013-07-05,14.89,vix
2013-07-08,14.78,vix
2013-07-09,14.35,vix
2013-07-10,14.21,vix
2013-07-11,14.01,vix
2013-07-12,13.84,vix
2013-07-15,13.79,vix
2013-07-16,14.42,vix
2013-07-17,13.78,vix
2013-07-18,13.77,vix
2013-07-19,12.54,vix
2013-07-22,12.29,vix
2013-07-23,12.66,vix
2013-07-24,13.18,vix
2013-07-25,12.97,vix
2013-07-26,12.72,vix
2013-07-29,13.39,vix
2013-07-30,13.39,vix
2013-07-31,13.45,vix
2013-08-01,12.94,vix
2013-08-02,11.98,vix
2013-08-05,11.84,vix
2013-08-06,12.72,vix
2013-08-07,12.98,vix
2013-08-08,12.73,vix
2013-08-09,13.41,vix
2013-08-12,12.81,vix
2013-08-13,12.31,vix
2013-08-14,13.04,vix
2013-08-15,14.73,vix
2013-08-16,14.37,vix
2013-08-19,15.10,vix
2013-08-20,14.91,vix
2013-08-21,15.94,vix
2013-08-22,14.76,vix
2013-08-23,13.98,vix
2013-08-26,14.99,vix
2013-08-27,16.77,vix
2013-08-28,16.49,vix
2013-08-29,16.81,vix
2013-08-30,17.01,vix
2013-09-02,.,vix
2013-09-03,16.61,vix
2013-09-04,15.88,vix
2013-09-05,15.77,vix
2013-09-06,15.85,vix
2013-09-09,15.63,vix
2013-09-10,14.53,vix
2013-09-11,13.82,vix
2013-09-12,14.29,vix
2013-09-13,14.16,vix
2013-09-16,14.38,vix
2013-09-17,14.53,vix
2013-09-18,13.59,vix
2013-09-19,13.16,vix
2013-09-20,13.12,vix
2013-09-23,14.31,vix
2013-09-24,14.08,vix
2013-09-25,14.01,vix
2013-09-26,14.06,vix
2013-09-27,15.46,vix
2013-09-30,16.60,vix
2013-10-01,15.54,vix
2013-10-02,16.60,vix
2013-10-03,17.67,vix
2013-10-04,16.74,vix
2013-10-07,19.41,vix
2013-10-08,20.34,vix
2013-10-09,19.60,vix
2013-10-10,16.48,vix
2013-10-11,15.72,vix
2013-10-14,16.07,vix
2013-10-15,18.66,vix
2013-10-16,14.71,vix
2013-10-17,13.48,vix
2013-10-18,13.04,vix
2013-10-21,13.16,vix
2013-10-22,13.33,vix
2013-10-23,13.42,vix
2013-10-24,13.20,vix
2013-10-25,13.09,vix
2013-10-28,13.31,vix
2013-10-29,13.41,vix
2013-10-30,13.65,vix
2013-10-31,13.75,vix
2013-11-01,13.28,vix
2013-11-04,12.93,vix
2013-11-05,13.27,vix
2013-11-06,12.67,vix
2013-11-07,13.91,vix
2013-11-08,12.90,vix
2013-11-11,12.53,vix
2013-11-12,12.82,vix
2013-11-13,12.52,vix
2013-11-14,12.37,vix
2013-11-15,12.19,vix
2013-11-18,13.10,vix
2013-11-19,13.39,vix
2013-11-20,13.40,vix
2013-11-21,12.66,vix
2013-11-22,12.26,vix
2013-11-25,12.79,vix
2013-11-26,12.81,vix
2013-11-27,12.98,vix
2013-11-28,.,vix
2013-11-29,13.70,vix
2013-12-02,14.23,vix
2013-12-03,14.55,vix
2013-12-04,14.70,vix
2013-12-05,15.08,vix
2013-12-06,13.79,vix
2013-12-09,13.49,vix
2013-12-10,13.91,vix
2013-12-11,15.42,vix
2013-12-12,15.54,vix
2013-12-13,15.76,vix
2013-12-16,16.03,vix
2013-12-17,16.21,vix
2013-12-18,13.80,vix
2013-12-19,14.15,vix
2013-12-20,13.79,vix
2013-12-23,13.04,vix
2013-12-24,12.48,vix
2013-12-25,.,vix
2013-12-26,12.33,vix
2013-12-27,12.46,vix
2013-12-30,13.56,vix
2013-12-31,13.72,vix
2014-01-01,.,vix
2014-01-02,14.23,vix
2014-01-03,13.76,vix
2014-01-06,13.55,vix
2014-01-07,12.92,vix
2014-01-08,12.87,vix
2014-01-09,12.89,vix
2014-01-10,12.14,vix
2014-01-13,13.28,vix
2014-01-14,12.28,vix
2014-01-15,12.28,vix
2014-01-16,12.53,vix
2014-01-17,12.44,vix
2014-01-20,.,vix
2014-01-21,12.87,vix
2014-01-22,12.84,vix
2014-01-23,13.77,vix
2014-01-24,18.14,vix
2014-01-27,17.42,vix
2014-01-28,15.80,vix
2014-01-29,17.35,vix
2014-01-30,17.29,vix
2014-01-31,18.41,vix
2014-02-03,21.44,vix
2014-02-04,19.11,vix
2014-02-05,19.95,vix
2014-02-06,17.23,vix
2014-02-07,15.29,vix
2014-02-10,15.26,vix
2014-02-11,14.51,vix
2014-02-12,14.30,vix
2014-02-13,14.14,vix
2014-02-14,13.57,vix
2014-02-17,.,vix
2014-02-18,13.87,vix
2014-02-19,15.50,vix
2014-02-20,14.79,vix
2014-02-21,14.68,vix
2014-02-24,14.23,vix
2014-02-25,13.67,vix
2014-02-26,14.35,vix
2014-02-27,14.04,vix
2014-02-28,14.00,vix
2014-03-03,16.00,vix
2014-03-04,14.10,vix
2014-03-05,13.89,vix
2014-03-06,14.21,vix
2014-03-07,14.11,vix
2014-03-10,14.20,vix
2014-03-11,14.80,vix
2014-03-12,14.47,vix
2014-03-13,16.22,vix
2014-03-14,17.82,vix
2014-03-17,15.64,vix
2014-03-18,14.52,vix
2014-03-19,15.12,vix
2014-03-20,14.52,vix
2014-03-21,15.00,vix
2014-03-24,15.09,vix
2014-03-25,14.02,vix
2014-03-26,14.93,vix
2014-03-27,14.62,vix
2014-03-28,14.41,vix
2014-03-31,13.88,vix
2014-04-01,13.10,vix
2014-04-02,13.09,vix
2014-04-03,13.37,vix
2014-04-04,13.96,vix
2014-04-07,15.57,vix
2014-04-08,14.89,vix
2014-04-09,13.82,vix
2014-04-10,15.89,vix
2014-04-11,17.03,vix
2014-04-14,16.11,vix
2014-04-15,15.61,vix
2014-04-16,14.18,vix
2014-04-17,13.36,vix
2014-04-18,.,vix
2014-04-21,13.25,vix
2014-04-22,13.19,vix
2014-04-23,13.27,vix
2014-04-24,13.32,vix
2014-04-25,14.06,vix
2014-04-28,13.97,vix
2014-04-29,13.71,vix
2014-04-30,13.41,vix
2014-05-01,13.25,vix
2014-05-02,12.91,vix
2014-05-05,13.29,vix
2014-05-06,13.80,vix
2014-05-07,13.40,vix
2014-05-08,13.43,vix
2014-05-09,12.92,vix
2014-05-12,12.23,vix
2014-05-13,12.13,vix
2014-05-14,12.17,vix
2014-05-15,13.17,vix
2014-05-16,12.44,vix
2014-05-19,12.42,vix
2014-05-20,12.96,vix
2014-05-21,11.91,vix
2014-05-22,12.03,vix
2014-05-23,11.36,vix
2014-05-26,.,vix
2014-05-27,11.51,vix
2014-05-28,11.68,vix
2014-05-29,11.57,vix
2014-05-30,11.40,vix
2014-06-02,11.58,vix
2014-06-03,11.87,vix
2014-06-04,12.08,vix
2014-06-05,11.68,vix
2014-06-06,10.73,vix
2014-06-09,11.15,vix
2014-06-10,10.99,vix
2014-06-11,11.60,vix
2014-06-12,12.56,vix
2014-06-13,12.18,vix
2014-06-16,12.65,vix
2014-06-17,12.06,vix
2014-06-18,10.61,vix
2014-06-19,10.62,vix
2014-06-20,10.85,vix
2014-06-23,10.98,vix
2014-06-24,12.13,vix
2014-06-25,11.59,vix
2014-06-26,11.63,vix
2014-06-27,11.26,vix
2014-06-30,11.57,vix
2014-07-01,11.15,vix
2014-07-02,10.82,vix
2014-07-03,10.32,vix
2014-07-04,.,vix
2014-07-07,11.33,vix
2014-07-08,11.98,vix
2014-07-09,11.65,vix
2014-07-10,12.59,vix
2014-07-11,12.08,vix
2014-07-14,11.82,vix
2014-07-15,11.96,vix
2014-07-16,11.00,vix
2014-07-17,14.54,vix
2014-07-18,12.06,vix
2014-07-21,12.81,vix
2014-07-22,12.24,vix
2014-07-23,11.52,vix
2014-07-24,11.84,vix
2014-07-25,12.69,vix
2014-07-28,12.56,vix
2014-07-29,13.28,vix
2014-07-30,13.33,vix
2014-07-31,16.95,vix
2014-08-01,17.03,vix
2014-08-04,15.12,vix
2014-08-05,16.87,vix
2014-08-06,16.37,vix
2014-08-07,16.66,vix
2014-08-08,15.77,vix
2014-08-11,14.23,vix
2014-08-12,14.13,vix
2014-08-13,12.90,vix
2014-08-14,12.42,vix
2014-08-15,13.15,vix
2014-08-18,12.32,vix
2014-08-19,12.21,vix
2014-08-20,11.78,vix
2014-08-21,11.76,vix
2014-08-22,11.47,vix
2014-08-25,11.70,vix
2014-08-26,11.63,vix
2014-08-27,11.78,vix
2014-08-28,12.05,vix
2014-08-29,11.98,vix
2014-09-01,.,vix
2014-09-02,12.25,vix
2014-09-03,12.36,vix
2014-09-04,12.64,vix
2014-09-05,12.09,vix
2014-09-08,12.66,vix
2014-09-09,13.50,vix
2014-09-10,12.88,vix
2014-09-11,12.80,vix
2014-09-12,13.31,vix
2014-09-15,14.12,vix
2014-09-16,12.73,vix
2014-09-17,12.65,vix
2014-09-18,12.03,vix
2014-09-19,12.11,vix
2014-09-22,13.69,vix
2014-09-23,14.93,vix
2014-09-24,13.27,vix
2014-09-25,15.64,vix
2014-09-26,14.85,vix
2014-09-29,15.98,vix
2014-09-30,16.31,vix
2014-10-01,16.71,vix
2014-10-02,16.16,vix
2014-10-03,14.55,vix
2014-10-06,15.46,vix
2014-10-07,17.20,vix
2014-10-08,15.11,vix
2014-10-09,18.76,vix
2014-10-10,21.24,vix
2014-10-13,24.64,vix
2014-10-14,22.79,vix
2014-10-15,26.25,vix
2014-10-16,25.20,vix
2014-10-17,21.99,vix
2014-10-20,18.57,vix
2014-10-21,16.08,vix
2014-10-22,17.87,vix
2014-10-23,16.53,vix
2014-10-24,16.11,vix
2014-10-27,16.04,vix
2014-10-28,14.39,vix
2014-10-29,15.15,vix
2014-10-30,14.52,vix
2014-10-31,14.03,vix
2014-11-03,14.73,vix
2014-11-04,14.89,vix
2014-11-05,14.17,vix
2014-11-06,13.67,vix
2014-11-07,13.12,vix
2014-11-10,12.67,vix
2014-11-11,12.92,vix
2014-11-12,13.02,vix
2014-11-13,13.79,vix
2014-11-14,13.31,vix
2014-11-17,13.99,vix
2014-11-18,13.86,vix
2014-11-19,13.96,vix
2014-11-20,13.58,vix
2014-11-21,12.90,vix
2014-11-24,12.62,vix
2014-11-25,12.25,vix
2014-11-26,12.07,vix
2014-11-27,.,vix
2014-11-28,13.33,vix
2014-12-01,14.29,vix
2014-12-02,12.85,vix
2014-12-03,12.47,vix
2014-12-04,12.38,vix
2014-12-05,11.82,vix
2014-12-08,14.21,vix
2014-12-09,14.89,vix
2014-12-10,18.53,vix
2014-12-11,20.08,vix
2014-12-12,21.08,vix
2014-12-15,20.42,vix
2014-12-16,23.57,vix
2014-12-17,19.44,vix
2014-12-18,16.81,vix
2014-12-19,16.49,vix
2014-12-22,15.25,vix
2014-12-23,14.80,vix
2014-12-24,14.37,vix
2014-12-25,.,vix
2014-12-26,14.50,vix
2014-12-29,15.06,vix
2014-12-30,15.92,vix
2014-12-31,19.20,vix
2015-01-01,.,vix
2015-01-02,17.79,vix
2015-01-05,19.92,vix
2015-01-06,21.12,vix
2015-01-07,19.31,vix
2015-01-08,17.01,vix
2015-01-09,17.55,vix
2015-01-12,19.60,vix
2015-01-13,20.56,vix
2015-01-14,21.48,vix
2015-01-15,22.39,vix
2015-01-16,20.95,vix
2015-01-19,.,vix
2015-01-20,19.89,vix
2015-01-21,18.85,vix
2015-01-22,16.40,vix
2015-01-23,16.66,vix
2015-01-26,15.52,vix
2015-01-27,17.22,vix
2015-01-28,20.44,vix
2015-01-29,18.76,vix
2015-01-30,20.97,vix
2015-02-02,19.43,vix
2015-02-03,17.33,vix
2015-02-04,18.33,vix
2015-02-05,16.85,vix
2015-02-06,17.29,vix
2015-02-09,18.55,vix
2015-02-10,17.23,vix
2015-02-11,16.96,vix
2015-02-12,15.34,vix
2015-02-13,14.69,vix
2015-02-16,.,vix
2015-02-17,15.80,vix
2015-02-18,15.45,vix
2015-02-19,15.29,vix
2015-02-20,14.30,vix
2015-02-23,14.56,vix
2015-02-24,13.69,vix
2015-02-25,13.84,vix
2015-02-26,13.91,vix
2015-02-27,13.34,vix
2015-03-02,13.04,vix
2015-03-03,13.86,vix
2015-03-04,14.23,vix
2015-03-05,14.04,vix
2015-03-06,15.20,vix
2015-03-09,15.06,vix
2015-03-10,16.69,vix
2015-03-11,16.87,vix
2015-03-12,15.42,vix
2015-03-13,16.00,vix
2015-03-16,15.61,vix
2015-03-17,15.66,vix
2015-03-18,13.97,vix
2015-03-19,14.07,vix
2015-03-20,13.02,vix
2015-03-23,13.41,vix
2015-03-24,13.62,vix
2015-03-25,15.44,vix
2015-03-26,15.80,vix
2015-03-27,15.07,vix
2015-03-30,14.51,vix
2015-03-31,15.29,vix
2015-04-01,15.11,vix
2015-04-02,14.67,vix
2015-04-03,.,vix
2015-04-06,14.74,vix
2015-04-07,14.78,vix
2015-04-08,13.98,vix
2015-04-09,13.09,vix
2015-04-10,12.58,vix
2015-04-13,13.94,vix
2015-04-14,13.67,vix
2015-04-15,12.84,vix
2015-04-16,12.60,vix
2015-04-17,13.89,vix
2015-04-20,13.30,vix
2015-04-21,13.25,vix
2015-04-22,12.71,vix
2015-04-23,12.48,vix
2015-04-24,12.29,vix
2015-04-27,13.12,vix
2015-04-28,12.41,vix
2015-04-29,13.39,vix
2015-04-30,14.55,vix
2015-05-01,12.70,vix
2015-05-04,12.85,vix
2015-05-05,14.31,vix
2015-05-06,15.15,vix
2015-05-07,15.13,vix
2015-05-08,12.86,vix
2015-05-11,13.85,vix
2015-05-12,13.86,vix
2015-05-13,13.76,vix
2015-05-14,12.74,vix
2015-05-15,12.38,vix
2015-05-18,12.73,vix
2015-05-19,12.85,vix
2015-05-20,12.88,vix
2015-05-21,12.11,vix
2015-05-22,12.13,vix
2015-05-25,.,vix
2015-05-26,14.06,vix
2015-05-27,13.27,vix
2015-05-28,13.31,vix
2015-05-29,13.84,vix
2015-06-01,13.97,vix
2015-06-02,14.24,vix
2015-06-03,13.66,vix
2015-06-04,14.71,vix
2015-06-05,14.21,vix
2015-06-08,15.29,vix
2015-06-09,14.47,vix
2015-06-10,13.22,vix
2015-06-11,12.85,vix
2015-06-12,13.78,vix
2015-06-15,15.39,vix
2015-06-16,14.81,vix
2015-06-17,14.50,vix
2015-06-18,13.19,vix
2015-06-19,13.96,vix
2015-06-22,12.74,vix
2015-06-23,12.11,vix
2015-06-24,13.26,vix
2015-06-25,14.01,vix
2015-06-26,14.02,vix
2015-06-29,18.85,vix
2015-06-30,18.23,vix
2015-07-01,16.09,vix
2015-07-02,16.79,vix
2015-07-03,.,vix
2015-07-06,17.01,vix
2015-07-07,16.09,vix
2015-07-08,19.66,vix
2015-07-09,19.97,vix
2015-07-10,16.83,vix
2015-07-13,13.90,vix
2015-07-14,13.37,vix
2015-07-15,13.23,vix
2015-07-16,12.11,vix
2015-07-17,11.95,vix
2015-07-20,12.25,vix
2015-07-21,12.22,vix
2015-07-22,12.12,vix
2015-07-23,12.64,vix
2015-07-24,13.74,vix
2015-07-27,15.60,vix
2015-07-28,13.44,vix
2015-07-29,12.50,vix
2015-07-30,12.13,vix
2015-07-31,12.12,vix
2015-08-03,12.56,vix
2015-08-04,13.00,vix
2015-08-05,12.51,vix
2015-08-06,13.77,vix
2015-08-07,13.39,vix
2015-08-10,12.23,vix
2015-08-11,13.71,vix
2015-08-12,13.61,vix
2015-08-13,13.49,vix
2015-08-14,12.83,vix
2015-08-17,13.02,vix
2015-08-18,13.79,vix
2015-08-19,15.25,vix
2015-08-20,19.14,vix
2015-08-21,28.03,vix
2015-08-24,40.74,vix
2015-08-25,36.02,vix
2015-08-26,30.32,vix
2015-08-27,26.10,vix
2015-08-28,26.05,vix
2015-08-31,28.43,vix
2015-09-01,31.40,vix
2015-09-02,26.09,vix
2015-09-03,25.61,vix
2015-09-04,27.80,vix
2015-09-07,.,vix
2015-09-08,24.90,vix
2015-09-09,26.23,vix
2015-09-10,24.37,vix
2015-09-11,23.20,vix
2015-09-14,24.25,vix
2015-09-15,22.54,vix
2015-09-16,21.35,vix
2015-09-17,21.14,vix
2015-09-18,22.28,vix
2015-09-21,20.14,vix
2015-09-22,22.44,vix
2015-09-23,22.13,vix
2015-09-24,23.47,vix
2015-09-25,23.62,vix
2015-09-28,27.63,vix
2015-09-29,26.83,vix
2015-09-30,24.50,vix
2015-10-01,22.55,vix
2015-10-02,20.94,vix
2015-10-05,19.54,vix
2015-10-06,19.40,vix
2015-10-07,18.40,vix
2015-10-08,17.42,vix
2015-10-09,17.08,vix
2015-10-12,16.17,vix
2015-10-13,17.67,vix
2015-10-14,18.03,vix
2015-10-15,16.05,vix
2015-10-16,15.05,vix
2015-10-19,14.98,vix
2015-10-20,15.75,vix
2015-10-21,16.70,vix
2015-10-22,14.45,vix
2015-10-23,14.46,vix
2015-10-26,15.29,vix
2015-10-27,15.43,vix
2015-10-28,14.33,vix
2015-10-29,14.61,vix
2015-10-30,15.07,vix
2015-11-02,14.15,vix
2015-11-03,14.54,vix
2015-11-04,15.51,vix
2015-11-05,15.05,vix
2015-11-06,14.33,vix
2015-11-09,16.52,vix
2015-11-10,15.29,vix
2015-11-11,16.06,vix
2015-11-12,18.37,vix
2015-11-13,20.08,vix
2015-11-16,18.16,vix
2015-11-17,18.84,vix
2015-11-18,16.85,vix
2015-11-19,16.99,vix
2015-11-20,15.47,vix
2015-11-23,15.62,vix
2015-11-24,15.93,vix
2015-11-25,15.19,vix
2015-11-26,.,vix
2015-11-27,15.12,vix
2015-11-30,16.13,vix
2015-12-01,14.67,vix
2015-12-02,15.91,vix
2015-12-03,18.11,vix
2015-12-04,14.81,vix
2015-12-07,15.84,vix
2015-12-08,17.60,vix
2015-12-09,19.61,vix
2015-12-10,19.34,vix
2015-12-11,24.39,vix
2015-12-14,22.73,vix
2015-12-15,20.95,vix
2015-12-16,17.86,vix
2015-12-17,18.94,vix
2015-12-18,20.70,vix
2015-12-21,18.70,vix
2015-12-22,16.60,vix
2015-12-23,15.57,vix
2015-12-24,15.74,vix
2015-12-25,.,vix
2015-12-28,16.91,vix
2015-12-29,16.08,vix
2015-12-30,17.29,vix
2015-12-31,18.21,vix
2016-01-01,.,vix
2016-01-04,20.70,vix
2016-01-05,19.34,vix
2016-01-06,20.59,vix
2016-01-07,24.99,vix
2016-01-08,27.01,vix
2016-01-11,24.30,vix
2016-01-12,22.47,vix
2016-01-13,25.22,vix
2016-01-14,23.95,vix
2016-01-15,27.02,vix
2016-01-18,.,vix
2016-01-19,26.05,vix
2016-01-20,27.59,vix
2016-01-21,26.69,vix
2016-01-22,22.34,vix
2016-01-25,24.15,vix
2016-01-26,22.50,vix
2016-01-27,23.11,vix
2016-01-28,22.42,vix
2016-01-29,20.20,vix
2016-02-01,19.98,vix
2016-02-02,21.98,vix
2016-02-03,21.65,vix
2016-02-04,21.84,vix
2016-02-05,23.38,vix
2016-02-08,26.00,vix
2016-02-09,26.54,vix
2016-02-10,26.29,vix
2016-02-11,28.14,vix
2016-02-12,25.40,vix
2016-02-15,.,vix
2016-02-16,24.11,vix
2016-02-17,22.31,vix
2016-02-18,21.64,vix
2016-02-19,20.53,vix
2016-02-22,19.38,vix
2016-02-23,20.98,vix
2016-02-24,20.72,vix
2016-02-25,19.11,vix
2016-02-26,19.81,vix
2016-02-29,20.55,vix
2016-03-01,17.70,vix
2016-03-02,17.09,vix
2016-03-03,16.70,vix
2016-03-04,16.86,vix
2016-03-07,17.35,vix
2016-03-08,18.67,vix
2016-03-09,18.34,vix
2016-03-10,18.05,vix
2016-03-11,16.50,vix
2016-03-14,16.92,vix
2016-03-15,16.84,vix
2016-03-16,14.99,vix
2016-03-17,14.44,vix
2016-03-18,14.02,vix
2016-03-21,13.79,vix
2016-03-22,14.17,vix
2016-03-23,14.94,vix
2016-03-24,14.74,vix
2016-03-25,.,vix
2016-03-28,15.24,vix
2016-03-29,13.82,vix
2016-03-30,13.56,vix
2016-03-31,13.95,vix
2016-04-01,13.10,vix
2016-04-04,14.12,vix
2016-04-05,15.42,vix
2016-04-06,14.09,vix
2016-04-07,16.16,vix
2016-04-08,15.36,vix
2016-04-11,16.26,vix
2016-04-12,14.85,vix
2016-04-13,13.84,vix
2016-04-14,13.72,vix
2016-04-15,13.62,vix
2016-04-18,13.35,vix
2016-04-19,13.24,vix
2016-04-20,13.28,vix
2016-04-21,13.95,vix
2016-04-22,13.22,vix
2016-04-25,14.08,vix
2016-04-26,13.96,vix
2016-04-27,13.77,vix
2016-04-28,15.22,vix
2016-04-29,15.70,vix
2016-05-02,14.68,vix
2016-05-03,15.60,vix
2016-05-04,16.05,vix
2016-05-05,15.91,vix
2016-05-06,14.72,vix
2016-05-09,14.57,vix
2016-05-10,13.63,vix
2016-05-11,14.69,vix
2016-05-12,14.41,vix
2016-05-13,15.04,vix
2016-05-16,14.68,vix
2016-05-17,15.57,vix
2016-05-18,15.95,vix
2016-05-19,16.33,vix
2016-05-20,15.20,vix
2016-05-23,15.82,vix
2016-05-24,14.42,vix
2016-05-25,13.90,vix
2016-05-26,13.43,vix
2016-05-27,13.12,vix
2016-05-30,.,vix
2016-05-31,14.19,vix
2016-06-01,14.20,vix
2016-06-02,13.63,vix
2016-06-03,13.47,vix
2016-06-06,13.65,vix
2016-06-07,14.05,vix
2016-06-08,14.08,vix
2016-06-09,14.64,vix
2016-06-10,17.03,vix
2016-06-13,20.97,vix
2016-06-14,20.50,vix
2016-06-15,20.14,vix
2016-06-16,19.37,vix
2016-06-17,19.41,vix
2016-06-20,18.37,vix
2016-06-21,18.48,vix
2016-06-22,21.17,vix
2016-06-23,17.25,vix
2016-06-24,25.76,vix
2016-06-27,23.85,vix
2016-06-28,18.75,vix
2016-06-29,16.64,vix
2016-06-30,15.63,vix
2016-07-01,14.77,vix
2016-07-04,.,vix
2016-07-05,15.58,vix
2016-07-06,14.96,vix
2016-07-07,14.76,vix
2016-07-08,13.20,vix
2016-07-11,13.54,vix
2016-07-12,13.55,vix
2016-07-13,13.04,vix
2016-07-14,12.82,vix
2016-07-15,12.67,vix
2016-07-18,12.44,vix
2016-07-19,11.97,vix
2016-07-20,11.77,vix
2016-07-21,12.74,vix
2016-07-22,12.02,vix
2016-07-25,12.87,vix
2016-07-26,13.05,vix
2016-07-27,12.83,vix
2016-07-28,12.72,vix
2016-07-29,11.87,vix
2016-08-01,12.44,vix
2016-08-02,13.37,vix
2016-08-03,12.86,vix
2016-08-04,12.42,vix
2016-08-05,11.39,vix
2016-08-08,11.50,vix
2016-08-09,11.66,vix
2016-08-10,12.05,vix
2016-08-11,11.68,vix
2016-08-12,11.55,vix
2016-08-15,11.81,vix
2016-08-16,12.64,vix
2016-08-17,12.19,vix
2016-08-18,11.43,vix
2016-08-19,11.34,vix
2016-08-22,12.27,vix
2016-08-23,12.38,vix
2016-08-24,13.45,vix
2016-08-25,13.63,vix
2016-08-26,13.65,vix
2016-08-29,12.94,vix
2016-08-30,13.12,vix
2016-08-31,13.42,vix
2016-09-01,13.48,vix
2016-09-02,11.98,vix
2016-09-05,.,vix
2016-09-06,12.02,vix
2016-09-07,11.94,vix
2016-09-08,12.51,vix
2016-09-09,17.50,vix
2016-09-12,15.16,vix
2016-09-13,17.85,vix
2016-09-14,18.14,vix
2016-09-15,16.30,vix
2016-09-16,15.37,vix
2016-09-19,15.53,vix
2016-09-20,15.92,vix
2016-09-21,13.30,vix
2016-09-22,12.02,vix
2016-09-23,12.29,vix
2016-09-26,14.50,vix
2016-09-27,13.10,vix
2016-09-28,12.39,vix
2016-09-29,14.02,vix
2016-09-30,13.29,vix
2016-10-03,13.57,vix
2016-10-04,13.63,vix
2016-10-05,12.99,vix
2016-10-06,12.84,vix
2016-10-07,13.48,vix
2016-10-10,13.38,vix
2016-10-11,15.36,vix
2016-10-12,15.91,vix
2016-10-13,16.69,vix
2016-10-14,16.12,vix
2016-10-17,16.21,vix
2016-10-18,15.28,vix
2016-10-19,14.41,vix
2016-10-20,13.75,vix
2016-10-21,13.34,vix
2016-10-24,13.02,vix
2016-10-25,13.46,vix
2016-10-26,14.24,vix
2016-10-27,15.36,vix
2016-10-28,16.19,vix
2016-10-31,17.06,vix
2016-11-01,18.56,vix
2016-11-02,19.32,vix
2016-11-03,22.08,vix
2016-11-04,22.51,vix
2016-11-07,18.71,vix
2016-11-08,18.74,vix
2016-11-09,14.38,vix
2016-11-10,14.74,vix
2016-11-11,14.17,vix
2016-11-14,14.48,vix
2016-11-15,13.37,vix
2016-11-16,13.72,vix
2016-11-17,13.35,vix
2016-11-18,12.85,vix
2016-11-21,12.42,vix
2016-11-22,12.41,vix
2016-11-23,12.43,vix
2016-11-24,.,vix
2016-11-25,12.34,vix
2016-11-28,13.15,vix
2016-11-29,12.90,vix
2016-11-30,13.33,vix
2016-12-01,14.07,vix
2016-12-02,14.12,vix
2016-12-05,12.14,vix
2016-12-06,11.79,vix
2016-12-07,12.22,vix
2016-12-08,12.64,vix
2016-12-09,11.75,vix
2016-12-12,12.64,vix
2016-12-13,12.72,vix
2016-12-14,13.19,vix
2016-12-15,12.79,vix
2016-12-16,12.20,vix
2016-12-19,11.71,vix
2016-12-20,11.45,vix
2016-12-21,11.27,vix
2016-12-22,11.43,vix
2016-12-23,11.44,vix
2016-12-26,.,vix
2016-12-27,11.99,vix
2016-12-28,12.95,vix
2016-12-29,13.37,vix
2016-12-30,14.04,vix
2017-01-02,.,vix
2017-01-03,12.85,vix
2017-01-04,11.85,vix
2017-01-05,11.67,vix
2017-01-06,11.32,vix
2017-01-09,11.56,vix
2017-01-10,11.49,vix
2017-01-11,11.26,vix
2017-01-12,11.54,vix
2017-01-13,11.23,vix
2017-01-16,.,vix
2017-01-17,11.87,vix
2017-01-18,12.48,vix
2017-01-19,12.78,vix
2017-01-20,11.54,vix
2017-01-23,11.77,vix
2017-01-24,11.07,vix
2017-01-25,10.81,vix
2017-01-26,10.63,vix
2017-01-27,10.58,vix
2017-01-30,11.88,vix
2017-01-31,11.99,vix
2017-02-01,11.81,vix
2017-02-02,11.93,vix
2017-02-03,10.97,vix
2017-02-06,11.37,vix
2017-02-07,11.29,vix
2017-02-08,11.45,vix
2017-02-09,10.88,vix
2017-02-10,10.85,vix
2017-02-13,11.07,vix
2017-02-14,10.74,vix
2017-02-15,11.97,vix
2017-02-16,11.76,vix
2017-02-17,11.49,vix
2017-02-20,.,vix
2017-02-21,11.57,vix
2017-02-22,11.74,vix
2017-02-23,11.71,vix
2017-02-24,11.47,vix
2017-02-27,12.09,vix
2017-02-28,12.92,vix
2017-03-01,12.54,vix
2017-03-02,11.81,vix
2017-03-03,10.96,vix
2017-03-06,11.24,vix
2017-03-07,11.45,vix
2017-03-08,11.86,vix
2017-03-09,12.30,vix
2017-03-10,11.66,vix
2017-03-13,11.35,vix
2017-03-14,12.30,vix
2017-03-15,11.63,vix
2017-03-16,11.21,vix
2017-03-17,11.28,vix
2017-03-20,11.34,vix
2017-03-21,12.47,vix
2017-03-22,12.81,vix
2017-03-23,13.12,vix
2017-03-24,12.96,vix
2017-03-27,12.50,vix
2017-03-28,11.53,vix
2017-03-29,11.42,vix
2017-03-30,11.54,vix
2017-03-31,12.37,vix
2017-04-03,12.38,vix
2017-04-04,11.79,vix
2017-04-05,12.89,vix
2017-04-06,12.39,vix
2017-04-07,12.87,vix
2017-04-10,14.05,vix
2017-04-11,15.07,vix
2017-04-12,15.77,vix
2017-04-13,15.96,vix
2017-04-14,.,vix
2017-04-17,14.66,vix
2017-04-18,14.42,vix
2017-04-19,14.93,vix
2017-04-20,14.15,vix
2017-04-21,14.63,vix
2017-04-24,10.84,vix
2017-04-25,10.76,vix
2017-04-26,10.85,vix
2017-04-27,10.36,vix
2017-04-28,10.82,vix
2017-05-01,10.11,vix
2017-05-02,10.59,vix
2017-05-03,10.68,vix
2017-05-04,10.46,vix
2017-05-05,10.57,vix
2017-05-08,9.77,vix
2017-05-09,9.96,vix
2017-05-10,10.21,vix
2017-05-11,10.60,vix
2017-05-12,10.40,vix
2017-05-15,10.42,vix
2017-05-16,10.65,vix
2017-05-17,15.59,vix
2017-05-18,14.66,vix
2017-05-19,12.04,vix
2017-05-22,10.93,vix
2017-05-23,10.72,vix
2017-05-24,10.02,vix
2017-05-25,9.99,vix
2017-05-26,9.81,vix
2017-05-29,.,vix
2017-05-30,10.38,vix
2017-05-31,10.41,vix
2017-06-01,9.89,vix
2017-06-02,9.75,vix
2017-06-05,10.07,vix
2017-06-06,10.45,vix
2017-06-07,10.39,vix
2017-06-08,10.16,vix
2017-06-09,10.70,vix
2017-06-12,11.46,vix
2017-06-13,10.42,vix
2017-06-14,10.64,vix
2017-06-15,10.90,vix
2017-06-16,10.38,vix
2017-06-19,10.37,vix
2017-06-20,10.86,vix
2017-06-21,10.75,vix
2017-06-22,10.48,vix
2017-06-23,10.02,vix
2017-06-26,9.90,vix
2017-06-27,11.06,vix
2017-06-28,10.03,vix
2017-06-29,11.44,vix
2017-06-30,11.18,vix
2017-07-03,11.22,vix
2017-07-04,.,vix
2017-07-05,11.07,vix
2017-07-06,12.54,vix
2017-07-07,11.19,vix
2017-07-10,11.11,vix
2017-07-11,10.89,vix
2017-07-12,10.30,vix
2017-07-13,9.90,vix
2017-07-14,9.51,vix
2017-07-17,9.82,vix
2017-07-18,9.89,vix
2017-07-19,9.79,vix
2017-07-20,9.58,vix
2017-07-21,9.36,vix
2017-07-24,9.43,vix
2017-07-25,9.43,vix
2017-07-26,9.60,vix
2017-07-27,10.11,vix
2017-07-28,10.29,vix
2017-07-31,10.26,vix
2017-08-01,10.09,vix
2017-08-02,10.28,vix
2017-08-03,10.44,vix
2017-08-04,10.03,vix
2017-08-07,9.93,vix
2017-08-08,10.96,vix
2017-08-09,11.11,vix
2017-08-10,16.04,vix
2017-08-11,15.51,vix
2017-08-14,12.33,vix
2017-08-15,12.04,vix
2017-08-16,11.74,vix
2017-08-17,15.55,vix
2017-08-18,14.26,vix
2017-08-21,13.19,vix
2017-08-22,11.35,vix
2017-08-23,12.25,vix
2017-08-24,12.23,vix
2017-08-25,11.28,vix
2017-08-28,11.32,vix
2017-08-29,11.70,vix
2017-08-30,11.22,vix
2017-08-31,10.59,vix
2017-09-01,10.13,vix
2017-09-04,.,vix
2017-09-05,12.23,vix
2017-09-06,11.63,vix
2017-09-07,11.55,vix
2017-09-08,12.12,vix
2017-09-11,10.73,vix
2017-09-12,10.58,vix
2017-09-13,10.50,vix
2017-09-14,10.44,vix
2017-09-15,10.17,vix
2017-09-18,10.15,vix
2017-09-19,10.18,vix
2017-09-20,9.78,vix
2017-09-21,9.67,vix
2017-09-22,9.59,vix
2017-09-25,10.21,vix
2017-09-26,10.17,vix
2017-09-27,9.87,vix
2017-09-28,9.55,vix
2017-09-29,9.51,vix
2017-10-02,9.45,vix
2017-10-03,9.51,vix
2017-10-04,9.63,vix
2017-10-05,9.19,vix
2017-10-06,9.65,vix
2017-10-09,10.33,vix
2017-10-10,10.08,vix
2017-10-11,9.85,vix
2017-10-12,9.91,vix
2017-10-13,9.61,vix
2017-10-16,9.91,vix
2017-10-17,10.31,vix
2017-10-18,10.07,vix
2017-10-19,10.05,vix
2017-10-20,9.97,vix
2017-10-23,11.07,vix
2017-10-24,11.16,vix
2017-10-25,11.23,vix
2017-10-26,11.3,vix
2017-10-27,9.8,vix
2017-10-30,10.5,vix
2017-10-31,10.18,vix
2017-11-01,10.2,vix
2017-11-02,9.93,vix
2017-11-03,9.14,vix
2017-11-06,9.4,vix
2017-11-07,9.89,vix
2017-11-08,9.78,vix
2017-11-09,10.5,vix
2017-11-10,11.29,vix
2017-11-13,11.5,vix
2017-11-14,11.59,vix
2017-11-15,13.13,vix
2017-11-16,11.76,vix
2017-11-17,11.43,vix
2017-11-20,10.65,vix
2017-11-21,9.73,vix
2017-11-22,9.88,vix
2017-11-23,.,vix
2017-11-24,9.67,vix
2017-11-27,9.87,vix
2017-11-28,10.03,vix
2017-11-29,10.7,vix
2017-11-30,11.28,vix
2017-12-01,11.43,vix
2017-12-04,11.68,vix
2017-12-05,11.33,vix
2017-12-06,11.02,vix
2017-12-07,10.16,vix
2017-12-08,9.58,vix
2017-12-11,9.34,vix
2017-12-12,9.92,vix
2017-12-13,10.18,vix
2017-12-14,10.49,vix
2017-12-15,9.42,vix
2017-12-18,9.53,vix
2017-12-19,10.03,vix
2017-12-20,9.72,vix
2017-12-21,9.62,vix
2017-12-22,9.9,vix
2017-12-25,.,vix
2017-12-26,10.25,vix
2017-12-27,10.47,vix
2017-12-28,10.18,vix
2017-12-29,11.04,vix
2018-01-01,.,vix
2018-01-02,9.77,vix
2018-01-03,9.15,vix
2018-01-04,9.22,vix
2018-01-05,9.22,vix
2018-01-08,9.52,vix
2018-01-09,10.08,vix
2018-01-10,9.82,vix
2018-01-11,9.88,vix
2018-01-12,10.16,vix
2018-01-15,.,vix
2018-01-16,11.66,vix
2018-01-17,11.91,vix
2018-01-18,12.22,vix
2018-01-19,11.27,vix
2018-01-22,11.03,vix
2018-01-23,11.1,vix
2018-01-24,11.47,vix
2018-01-25,11.58,vix
2018-01-26,11.08,vix
2018-01-29,13.84,vix
2018-01-30,14.79,vix
2018-01-31,13.54,vix
2018-02-01,13.47,vix
2018-02-02,17.31,vix
2018-02-05,37.32,vix
2018-02-06,29.98,vix
2018-02-07,27.73,vix
2018-02-08,33.46,vix
2018-02-09,29.06,vix
2018-02-12,25.61,vix
2018-02-13,24.97,vix
2018-02-14,19.26,vix
2018-02-15,19.13,vix
2018-02-16,19.46,vix
2018-02-19,.,vix
2018-02-20,20.6,vix
2018-02-21,20.02,vix
2018-02-22,18.72,vix
2018-02-23,16.49,vix
2018-02-26,15.8,vix
2018-02-27,18.59,vix
2018-02-28,19.85,vix
2018-03-01,22.47,vix
2018-03-02,19.59,vix
2018-03-05,18.73,vix
2018-03-06,18.36,vix
2018-03-07,17.76,vix
2018-03-08,16.54,vix
2018-03-09,14.64,vix
2018-03-12,15.78,vix
2018-03-13,16.35,vix
2018-03-14,17.23,vix
2018-03-15,16.59,vix
2018-03-16,15.8,vix
2018-03-19,19.02,vix
2018-03-20,18.2,vix
2018-03-21,17.86,vix
2018-03-22,23.34,vix
2018-03-23,24.87,vix
2018-03-26,21.03,vix
2018-03-27,22.5,vix
2018-03-28,22.87,vix
2018-03-29,19.97,vix
2018-03-30,.,vix
2018-04-02,23.62,vix
2018-04-03,21.1,vix
2018-04-04,20.06,vix
2018-04-05,18.94,vix
2018-04-06,21.49,vix
2018-04-09,21.77,vix
2018-04-10,20.47,vix
2018-04-11,20.24,vix
2018-04-12,18.49,vix
2018-04-13,17.41,vix
2018-04-16,16.56,vix
2018-04-17,15.25,vix
2018-04-18,15.6,vix
2018-04-19,15.96,vix
2018-04-20,16.88,vix
2018-04-23,16.34,vix
2018-04-24,18.02,vix
2018-04-25,17.84,vix
2018-04-26,16.24,vix
2018-04-27,15.41,vix
2018-04-30,15.93,vix
2018-05-01,15.49,vix
2018-05-02,15.97,vix
2018-05-03,15.9,vix
2018-05-04,14.77,vix
2018-05-07,14.75,vix
2018-05-08,14.71,vix
2018-05-09,13.42,vix
2018-05-10,13.23,vix
2018-05-11,12.65,vix
2018-05-14,12.93,vix
2018-05-15,14.63,vix
2018-05-16,13.42,vix
2018-05-17,13.43,vix
2018-05-18,13.42,vix
2018-05-21,13.08,vix
2018-05-22,13.22,vix
2018-05-23,12.58,vix
2018-05-24,12.53,vix
2018-05-25,13.22,vix
2018-05-28,.,vix
2018-05-29,17.02,vix
2018-05-30,14.94,vix
2018-05-31,15.43,vix
2018-06-01,13.46,vix
2018-06-04,12.74,vix
2018-06-05,12.4,vix
2018-06-06,11.64,vix
2018-06-07,12.13,vix
2018-06-08,12.18,vix
2018-06-11,12.35,vix
2018-06-12,12.34,vix
2018-06-13,12.94,vix
2018-06-14,12.12,vix
2018-06-15,11.98,vix
2018-06-18,12.31,vix
2018-06-19,13.35,vix
2018-06-20,12.79,vix
2018-06-21,14.64,vix
2018-06-22,13.77,vix
2018-06-25,17.33,vix
2018-06-26,15.92,vix
2018-06-27,17.91,vix
2018-06-28,16.85,vix
2018-06-29,16.09,vix
2018-07-02,15.6,vix
2018-07-03,16.14,vix
2018-07-04,.,vix
2018-07-05,14.97,vix
2018-07-06,13.37,vix
2018-07-09,12.69,vix
2018-07-10,12.64,vix
2018-07-11,13.63,vix
2018-07-12,12.58,vix
2018-07-13,12.18,vix
2018-07-16,12.83,vix
2018-07-17,12.06,vix
2018-07-18,12.1,vix
2018-07-19,12.87,vix
2018-07-20,12.86,vix
2018-07-23,12.62,vix
2018-07-24,12.41,vix
2018-07-25,12.29,vix
2018-07-26,12.14,vix
2018-07-27,13.03,vix
2018-07-30,14.26,vix
2018-07-31,12.83,vix
2018-08-01,13.15,vix
2018-08-02,12.19,vix
2018-08-03,11.64,vix
2018-08-06,11.27,vix
2018-08-07,10.93,vix
2018-08-08,10.85,vix
2018-08-09,11.27,vix
2018-08-10,13.16,vix
2018-08-13,14.78,vix
2018-08-14,13.31,vix
2018-08-15,14.64,vix
2018-08-16,13.45,vix
2018-08-17,12.64,vix
2018-08-20,12.49,vix
2018-08-21,12.86,vix
2018-08-22,12.25,vix
2018-08-23,12.41,vix
2018-08-24,11.99,vix
2018-08-27,12.16,vix
2018-08-28,12.5,vix
2018-08-29,12.25,vix
2018-08-30,13.53,vix
2018-08-31,12.86,vix
2018-09-03,.,vix
2018-09-04,13.16,vix
2018-09-05,13.91,vix
2018-09-06,14.65,vix
2018-09-07,14.88,vix
2018-09-10,14.16,vix
2018-09-11,13.22,vix
2018-09-12,13.14,vix
2018-09-13,12.37,vix
2018-09-14,12.07,vix
2018-09-17,13.68,vix
2018-09-18,12.79,vix
2018-09-19,11.75,vix
2018-09-20,11.8,vix
2018-09-21,11.68,vix
2018-09-24,12.2,vix
2018-09-25,12.42,vix
2018-09-26,12.89,vix
2018-09-27,12.41,vix
2018-09-28,12.12,vix
2018-10-01,12.0,vix
2018-10-02,12.05,vix
2018-10-03,11.61,vix
2018-10-04,14.22,vix
2018-10-05,14.82,vix
2018-10-08,15.69,vix
2018-10-09,15.95,vix
2018-10-10,22.96,vix
2018-10-11,24.98,vix
2018-10-12,21.31,vix
2018-10-15,21.3,vix
2018-10-16,17.62,vix
2018-10-17,17.4,vix
2018-10-18,20.06,vix
2018-10-19,19.89,vix
2018-10-22,19.64,vix
2018-10-23,20.71,vix
2018-10-24,25.23,vix
2018-10-25,24.22,vix
2018-10-26,24.16,vix
2018-10-29,24.7,vix
2018-10-30,23.35,vix
2018-10-31,21.23,vix
2018-11-01,19.34,vix
2018-11-02,19.51,vix
2018-11-05,19.96,vix
2018-11-06,19.91,vix
2018-11-07,16.36,vix
2018-11-08,16.72,vix
2018-11-09,17.36,vix
2018-11-12,20.45,vix
2018-11-13,20.02,vix
2018-11-14,21.25,vix
2018-11-15,19.98,vix
2018-11-16,18.14,vix
2018-11-19,20.1,vix
2018-11-20,22.48,vix
2018-11-21,20.8,vix
2018-11-22,.,vix
2018-11-23,21.52,vix
2018-11-26,18.9,vix
2018-11-27,19.02,vix
2018-11-28,18.49,vix
2018-11-29,18.79,vix
2018-11-30,18.07,vix
2018-12-03,16.44,vix
2018-12-04,20.74,vix
2018-12-05,.,vix
2018-12-06,21.19,vix
2018-12-07,23.23,vix
2018-12-10,22.64,vix
2018-12-11,21.76,vix
2018-12-12,21.46,vix
2018-12-13,20.65,vix
2018-12-14,21.63,vix
2018-12-17,24.52,vix
2018-12-18,25.58,vix
2018-12-19,25.58,vix
2018-12-20,28.38,vix
2018-12-21,30.11,vix
2018-12-24,36.07,vix
2018-12-25,.,vix
2018-12-26,30.41,vix
2018-12-27,29.96,vix
2018-12-28,28.34,vix
2018-12-31,25.42,vix
2019-01-01,.,vix
2019-01-02,23.22,vix
2019-01-03,25.45,vix
2019-01-04,21.38,vix
2019-01-07,21.4,vix
2019-01-08,20.47,vix
2019-01-09,19.98,vix
2019-01-10,19.5,vix
2019-01-11,18.19,vix
2019-01-14,19.07,vix
2019-01-15,18.6,vix
2019-01-16,19.04,vix
2019-01-17,18.06,vix
2019-01-18,17.8,vix
2019-01-21,.,vix
2019-01-22,20.8,vix
2019-01-23,19.52,vix
2019-01-24,18.89,vix
2019-01-25,17.42,vix
2019-01-28,18.87,vix
2019-01-29,19.13,vix
2019-01-30,17.66,vix
2019-01-31,16.57,vix
2019-02-01,16.14,vix
2019-02-04,15.73,vix
2019-02-05,15.57,vix
2019-02-06,15.38,vix
2019-02-07,16.37,vix
2019-02-08,15.72,vix
2019-02-11,15.97,vix
2019-02-12,15.43,vix
2019-02-13,15.65,vix
2019-02-14,16.22,vix
2019-02-15,14.91,vix
2019-02-18,.,vix
2019-02-19,14.88,vix
2019-02-20,14.02,vix
2019-02-21,14.46,vix
2019-02-22,13.51,vix
2019-02-25,14.85,vix
2019-02-26,15.17,vix
2019-02-27,14.7,vix
2019-02-28,14.78,vix
2019-03-01,13.57,vix
2019-03-04,14.63,vix
2019-03-05,14.74,vix
2019-03-06,15.74,vix
2019-03-07,16.59,vix
2019-03-08,16.05,vix
2019-03-11,14.33,vix
2019-03-12,13.77,vix
2019-03-13,13.41,vix
2019-03-14,13.5,vix
2019-03-15,12.88,vix
2019-03-18,13.1,vix
2019-03-19,13.56,vix
2019-03-20,13.91,vix
2019-03-21,13.63,vix
2019-03-22,16.48,vix
2019-03-25,16.33,vix
2019-03-26,14.68,vix
2019-03-27,15.15,vix
2019-03-28,14.43,vix
2019-03-29,13.71,vix
2019-04-01,13.4,vix
2019-04-02,13.36,vix
2019-04-03,13.74,vix
2019-04-04,13.58,vix
2019-04-05,12.82,vix
2019-04-08,13.18,vix
2019-04-09,14.28,vix
2019-04-10,13.3,vix
2019-04-11,13.02,vix
2019-04-12,12.01,vix
2019-04-15,12.32,vix
2019-04-16,12.18,vix
2019-04-17,12.6,vix
2019-04-18,12.09,vix
2019-04-19,.,vix
2019-04-22,12.42,vix
2019-04-23,12.28,vix
2019-04-24,13.14,vix
2019-04-25,13.25,vix
2019-04-26,12.73,vix
2019-04-29,13.11,vix
2019-04-30,13.12,vix
2019-05-01,14.8,vix
2019-05-02,14.42,vix
2019-05-03,12.87,vix
2019-05-06,15.44,vix
2019-05-07,19.32,vix
2019-05-08,19.4,vix
2019-05-09,19.1,vix
2019-05-10,16.04,vix
2019-05-13,20.55,vix
2019-05-14,18.06,vix
2019-05-15,16.44,vix
2019-05-16,15.29,vix
2019-05-17,15.96,vix
2019-05-20,16.31,vix
2019-05-21,14.95,vix
2019-05-22,14.75,vix
2019-05-23,16.92,vix
2019-05-24,15.85,vix
2019-05-27,.,vix
2019-05-28,17.5,vix
2019-05-29,17.9,vix
2019-05-30,17.3,vix
2019-05-31,18.71,vix
2019-06-03,18.86,vix
2019-06-04,16.97,vix
2019-06-05,16.09,vix
2019-06-06,15.93,vix
2019-06-07,16.3,vix
2019-06-10,15.94,vix
2019-06-11,15.99,vix
2019-06-12,15.91,vix
2019-06-13,15.82,vix
2019-06-14,15.28,vix
2019-06-17,15.35,vix
2019-06-18,15.15,vix
2019-06-19,14.33,vix
2019-06-20,14.75,vix
2019-06-21,15.4,vix
2019-06-24,15.26,vix
2019-06-25,16.28,vix
2019-06-26,16.21,vix
2019-06-27,15.82,vix
2019-06-28,15.08,vix
2019-07-01,14.06,vix
2019-07-02,12.93,vix
2019-07-03,12.57,vix
2019-07-04,.,vix
2019-07-05,13.28,vix
2019-07-08,13.96,vix
2019-07-09,14.09,vix
2019-07-10,13.03,vix
2019-07-11,12.93,vix
2019-07-12,12.39,vix
2019-07-15,12.68,vix
2019-07-16,12.86,vix
2019-07-17,13.97,vix
2019-07-18,13.53,vix
2019-07-19,14.45,vix
2019-07-22,13.53,vix
2019-07-23,12.61,vix
2019-07-24,12.07,vix
2019-07-25,12.74,vix
2019-07-26,12.16,vix
2019-07-29,12.83,vix
2019-07-30,13.94,vix
2019-07-31,16.12,vix
2019-08-01,17.87,vix
2019-08-02,17.61,vix
2019-08-05,24.59,vix
2019-08-06,20.17,vix
2019-08-07,19.49,vix
2019-08-08,16.91,vix
2019-08-09,17.97,vix
2019-08-12,21.09,vix
2019-08-13,17.52,vix
2019-08-14,22.1,vix
2019-08-15,21.18,vix
2019-08-16,18.47,vix
2019-08-19,16.88,vix
2019-08-20,17.5,vix
2019-08-21,15.8,vix
2019-08-22,16.68,vix
2019-08-23,19.87,vix
2019-08-26,19.32,vix
2019-08-27,20.31,vix
2019-08-28,19.35,vix
2019-08-29,17.88,vix
2019-08-30,18.98,vix
2019-09-02,.,vix
2019-09-03,19.66,vix
2019-09-04,17.33,vix
2019-09-05,16.27,vix
2019-09-06,15.0,vix
2019-09-09,15.27,vix
2019-09-10,15.2,vix
2019-09-11,14.61,vix
2019-09-12,14.22,vix
2019-09-13,13.74,vix
2019-09-16,14.67,vix
2019-09-17,14.44,vix
2019-09-18,13.95,vix
2019-09-19,14.05,vix
2019-09-20,15.32,vix
2019-09-23,14.91,vix
2019-09-24,17.05,vix
2019-09-25,15.96,vix
2019-09-26,16.07,vix
2019-09-27,17.22,vix
2019-09-30,16.24,vix
2019-10-01,18.56,vix
2019-10-02,20.56,vix
2019-10-03,19.12,vix
2019-10-04,17.04,vix
2019-10-07,17.86,vix
2019-10-08,20.28,vix
2019-10-09,18.64,vix
2019-10-10,17.57,vix
2019-10-11,15.58,vix
2019-10-14,14.57,vix
2019-10-15,13.54,vix
2019-10-16,13.68,vix
2019-10-17,13.79,vix
2019-10-18,14.25,vix
2019-10-21,14.0,vix
2019-10-22,14.46,vix
2019-10-23,14.01,vix
2019-10-24,13.71,vix
2019-10-25,12.65,vix
2019-10-28,13.11,vix
2019-10-29,13.2,vix
2019-10-30,12.33,vix
2019-10-31,13.22,vix
2019-11-01,12.3,vix
2019-11-04,12.83,vix
2019-11-05,13.1,vix
2019-11-06,12.62,vix
2019-11-07,12.73,vix
2019-11-08,12.07,vix
2019-11-11,12.69,vix
2019-11-12,12.68,vix
2019-11-13,13.0,vix
2019-11-14,13.05,vix
2019-11-15,12.05,vix
2019-11-18,12.46,vix
2019-11-19,12.86,vix
2019-11-20,12.78,vix
2019-11-21,13.13,vix
2019-11-22,12.34,vix
2019-11-25,11.87,vix
2019-11-26,11.54,vix
2019-11-27,11.75,vix
2019-11-28,.,vix
2019-11-29,12.62,vix
2019-12-02,14.91,vix
2019-12-03,15.96,vix
2019-12-04,14.8,vix
2019-12-05,14.52,vix
2019-12-06,13.62,vix
2019-12-09,15.86,vix
2019-12-10,15.68,vix
2019-12-11,14.99,vix
2019-12-12,13.94,vix
2019-12-13,12.63,vix
2019-12-16,12.14,vix
2019-12-17,12.29,vix
2019-12-18,12.58,vix
2019-12-19,12.5,vix
2019-12-20,12.51,vix
2019-12-23,12.61,vix
2019-12-24,12.67,vix
2019-12-25,.,vix
2019-12-26,12.65,vix
2019-12-27,13.43,vix
2019-12-30,14.82,vix
2019-12-31,13.78,vix
2020-01-01,.,vix
2020-01-02,12.47,vix
2020-01-03,14.02,vix
2020-01-06,13.85,vix
2020-01-07,13.79,vix
2020-01-08,13.45,vix
2020-01-09,12.54,vix
2020-01-10,12.56,vix
2020-01-13,12.32,vix
2020-01-14,12.39,vix
2020-01-15,12.42,vix
2020-01-16,12.32,vix
2020-01-17,12.1,vix
2020-01-20,.,vix
2020-01-21,12.85,vix
2020-01-22,12.91,vix
2020-01-23,12.98,vix
2020-01-24,14.56,vix
2020-01-27,18.23,vix
2020-01-28,16.28,vix
2020-01-29,16.39,vix
2020-01-30,15.49,vix
2020-01-31,18.84,vix
2020-02-03,17.97,vix
2020-02-04,16.05,vix
2020-02-05,15.15,vix
2020-02-06,14.96,vix
2020-02-07,15.47,vix
2020-02-10,15.04,vix
2020-02-11,15.18,vix
2020-02-12,13.74,vix
2020-02-13,14.15,vix
2020-02-14,13.68,vix
2020-02-17,.,vix
2020-02-18,14.83,vix
2020-02-19,14.38,vix
2020-02-20,15.56,vix
2020-02-21,17.08,vix
2020-02-24,25.03,vix
2020-02-25,27.85,vix
2020-02-26,27.56,vix
2020-02-27,39.16,vix
2020-02-28,40.11,vix
2020-03-02,33.42,vix
2020-03-03,36.82,vix
2020-03-04,31.99,vix
2020-03-05,39.62,vix
2020-03-06,41.94,vix
2020-03-09,54.46,vix
2020-03-10,47.3,vix
2020-03-11,53.9,vix
2020-03-12,75.47,vix
2020-03-13,57.83,vix
2020-03-16,82.69,vix
2020-03-17,75.91,vix
2020-03-18,76.45,vix
2020-03-19,72.0,vix
2020-03-20,66.04,vix
2020-03-23,61.59,vix
2020-03-24,61.67,vix
2020-03-25,63.95,vix
2020-03-26,61.0,vix
2020-03-27,65.54,vix
2020-03-30,57.08,vix
2020-03-31,53.54,vix
2020-04-01,57.06,vix
2020-04-02,50.91,vix
2020-04-03,46.8,vix
2020-04-06,45.24,vix
2020-04-07,46.7,vix
2020-04-08,43.35,vix
2020-04-09,41.67,vix
2020-04-10,.,vix
2020-04-13,41.17,vix
2020-04-14,37.76,vix
2020-04-15,40.84,vix
2020-04-16,40.11,vix
2020-04-17,38.15,vix
2020-04-20,43.83,vix
2020-04-21,45.41,vix
2020-04-22,41.98,vix
2020-04-23,41.38,vix
2020-04-24,35.93,vix
2020-04-27,33.29,vix
2020-04-28,33.57,vix
2020-04-29,31.23,vix
2020-04-30,34.15,vix
2020-05-01,37.19,vix
2020-05-04,35.97,vix
2020-05-05,33.61,vix
2020-05-06,34.12,vix
2020-05-07,31.44,vix
2020-05-08,27.98,vix
2020-05-11,27.57,vix
2020-05-12,33.04,vix
2020-05-13,35.28,vix
2020-05-14,32.61,vix
2020-05-15,31.89,vix
2020-05-18,29.3,vix
2020-05-19,30.53,vix
2020-05-20,27.99,vix
2020-05-21,29.53,vix
2020-05-22,28.16,vix
2020-05-25,.,vix
2020-05-26,28.01,vix
2020-05-27,27.62,vix
2020-05-28,28.59,vix
2020-05-29,27.51,vix
2020-06-01,28.23,vix
2020-06-02,26.84,vix
2020-06-03,25.66,vix
2020-06-04,25.81,vix
2020-06-05,24.52,vix
2020-06-08,25.81,vix
2020-06-09,27.57,vix
2020-06-10,27.57,vix
2020-06-11,40.79,vix
2020-06-12,36.09,vix
2020-06-15,34.4,vix
2020-06-16,33.67,vix
2020-06-17,33.47,vix
2020-06-18,32.94,vix
2020-06-19,35.12,vix
2020-06-22,31.77,vix
2020-06-23,31.37,vix
2020-06-24,33.84,vix
2020-06-25,32.22,vix
2020-06-26,34.73,vix
2020-06-29,31.78,vix
2020-06-30,30.43,vix
2020-07-01,28.62,vix
2020-07-02,27.68,vix
2020-07-03,.,vix
2020-07-06,27.94,vix
2020-07-07,29.43,vix
2020-07-08,28.08,vix
2020-07-09,29.26,vix
2020-07-10,27.29,vix
2020-07-13,32.19,vix
2020-07-14,29.52,vix
2020-07-15,27.76,vix
2020-07-16,28.0,vix
2020-07-17,25.68,vix
2020-07-20,24.46,vix
2020-07-21,24.84,vix
2020-07-22,24.32,vix
2020-07-23,26.08,vix
2020-07-24,25.84,vix
2020-07-27,24.74,vix
2020-07-28,25.44,vix
2020-07-29,24.1,vix
2020-07-30,24.76,vix
2020-07-31,24.46,vix
2020-08-03,24.28,vix
2020-08-04,23.76,vix
2020-08-05,22.99,vix
2020-08-06,22.65,vix
2020-08-07,22.21,vix
2020-08-10,22.13,vix
2020-08-11,24.03,vix
2020-08-12,22.28,vix
2020-08-13,22.13,vix
2020-08-14,22.05,vix
2020-08-17,21.35,vix
2020-08-18,21.51,vix
2020-08-19,22.54,vix
2020-08-20,22.72,vix
2020-08-21,22.54,vix
2020-08-24,22.37,vix
2020-08-25,22.03,vix
2020-08-26,23.27,vix
2020-08-27,24.47,vix
2020-08-28,22.96,vix
2020-08-31,26.41,vix
2020-09-01,26.12,vix
2020-09-02,26.57,vix
2020-09-03,33.6,vix
2020-09-04,30.75,vix
2020-09-07,.,vix
2020-09-08,31.46,vix
2020-09-09,28.81,vix
2020-09-10,29.71,vix
2020-09-11,26.87,vix
2020-09-14,25.85,vix
2020-09-15,25.59,vix
2020-09-16,26.04,vix
2020-09-17,26.46,vix
2020-09-18,25.83,vix
2020-09-21,27.78,vix
2020-09-22,26.86,vix
2020-09-23,28.58,vix
2020-09-24,28.51,vix
2020-09-25,26.38,vix
2020-09-28,26.19,vix
2020-09-29,26.27,vix
2020-09-30,26.37,vix
2020-10-01,26.7,vix
2020-10-02,27.63,vix
2020-10-05,27.96,vix
2020-10-06,29.48,vix
2020-10-07,28.06,vix
2020-10-08,26.36,vix
2020-10-09,25.0,vix
2020-10-12,25.07,vix
2020-10-13,26.07,vix
2020-10-14,26.4,vix
2020-10-15,26.97,vix
2020-10-16,27.41,vix
2020-10-19,29.18,vix
2020-10-20,29.35,vix
2020-10-21,28.65,vix
2020-10-22,28.11,vix
2020-10-23,27.55,vix
2020-10-26,32.46,vix
2020-10-27,33.35,vix
2020-10-28,40.28,vix
2020-10-29,37.59,vix
2020-10-30,38.02,vix
2020-11-02,37.13,vix
2020-11-03,35.55,vix
2020-11-04,29.57,vix
2020-11-05,27.58,vix
2020-11-06,24.86,vix
2020-11-09,25.75,vix
2020-11-10,24.8,vix
2020-11-11,23.45,vix
2020-11-12,25.35,vix
2020-11-13,23.1,vix
2020-11-16,22.45,vix
2020-11-17,22.71,vix
2020-11-18,23.84,vix
2020-11-19,23.11,vix
2020-11-20,23.7,vix
2020-11-23,22.66,vix
2020-11-24,21.64,vix
2020-11-25,21.25,vix
2020-11-26,.,vix
2020-11-27,20.84,vix
2020-11-30,20.57,vix
2020-12-01,20.77,vix
2020-12-02,21.17,vix
2020-12-03,21.28,vix
2020-12-04,20.79,vix
2020-12-07,21.3,vix
2020-12-08,20.68,vix
2020-12-09,22.27,vix
2020-12-10,22.52,vix
2020-12-11,23.31,vix
2020-12-14,24.72,vix
2020-12-15,22.89,vix
2020-12-16,22.5,vix
2020-12-17,21.93,vix
2020-12-18,21.57,vix
2020-12-21,25.16,vix
2020-12-22,24.23,vix
2020-12-23,23.31,vix
2020-12-24,21.53,vix
2020-12-25,.,vix
2020-12-28,21.7,vix
2020-12-29,23.08,vix
2020-12-30,22.77,vix
2020-12-31,22.75,vix
2021-01-01,.,vix
2021-01-04,26.97,vix
2021-01-05,25.34,vix
2021-01-06,25.07,vix
2021-01-07,22.37,vix
2021-01-08,21.56,vix
2021-01-11,24.08,vix
2021-01-12,23.33,vix
2021-01-13,22.21,vix
2021-01-14,23.25,vix
2021-01-15,24.34,vix
2021-01-18,.,vix
2021-01-19,23.24,vix
2021-01-20,21.58,vix
2021-01-21,21.32,vix
2021-01-22,21.91,vix
2021-01-25,23.19,vix
2021-01-26,23.02,vix
2021-01-27,37.21,vix
2021-01-28,30.21,vix
2021-01-29,33.09,vix
2021-02-01,30.24,vix
2021-02-02,25.56,vix
2021-02-03,22.91,vix
2021-02-04,21.77,vix
2021-02-05,20.87,vix
2021-02-08,21.24,vix
2021-02-09,21.63,vix
2021-02-10,21.99,vix
2021-02-11,21.25,vix
2021-02-12,19.97,vix
2021-02-15,.,vix
2021-02-16,21.46,vix
2021-02-17,21.5,vix
2021-02-18,22.49,vix
2021-02-19,22.05,vix
2021-02-22,23.45,vix
2021-02-23,23.11,vix
2021-02-24,21.34,vix
2021-02-25,28.89,vix
2021-02-26,27.95,vix
2021-03-01,23.35,vix
2021-03-02,24.1,vix
2021-03-03,26.67,vix
2021-03-04,28.57,vix
2021-03-05,24.66,vix
2021-03-08,25.47,vix
2021-03-09,24.03,vix
2021-03-10,22.56,vix
2021-03-11,21.91,vix
2021-03-12,20.69,vix
2021-03-15,20.03,vix
2021-03-16,19.79,vix
2021-03-17,19.23,vix
2021-03-18,21.58,vix
2021-03-19,20.95,vix
2021-03-22,18.88,vix
2021-03-23,20.3,vix
2021-03-24,21.2,vix
2021-03-25,19.81,vix
2021-03-26,18.86,vix
2021-03-29,20.74,vix
2021-03-30,19.61,vix
2021-03-31,19.4,vix
2021-04-01,17.33,vix
2021-04-02,.,vix
2021-04-05,17.91,vix
2021-04-06,18.12,vix
2021-04-07,17.16,vix
2021-04-08,16.95,vix
2021-04-09,16.69,vix
2021-04-12,16.91,vix
2021-04-13,16.65,vix
2021-04-14,16.99,vix
2021-04-15,16.57,vix
2021-04-16,16.25,vix
2021-04-19,17.29,vix
2021-04-20,18.68,vix
2021-04-21,17.5,vix
2021-04-22,18.71,vix
2021-04-23,17.33,vix
2021-04-26,17.64,vix
2021-04-27,17.56,vix
2021-04-28,17.28,vix
2021-04-29,17.61,vix
2021-04-30,18.61,vix
2021-05-03,18.31,vix
2021-05-04,19.48,vix
2021-05-05,19.15,vix
2021-05-06,18.39,vix
2021-05-07,16.69,vix
2021-05-10,19.66,vix
2021-05-11,21.84,vix
2021-05-12,27.59,vix
2021-05-13,23.13,vix
2021-05-14,18.81,vix
2021-05-17,19.72,vix
2021-05-18,21.34,vix
2021-05-19,22.18,vix
2021-05-20,20.67,vix
2021-05-21,20.15,vix
2021-05-24,18.4,vix
2021-05-25,18.84,vix
2021-05-26,17.36,vix
2021-05-27,16.74,vix
2021-05-28,16.76,vix
2021-05-31,.,vix
2021-06-01,17.9,vix
2021-06-02,17.48,vix
2021-06-03,18.04,vix
2021-06-04,16.42,vix
2021-06-07,16.42,vix
2021-06-08,17.07,vix
2021-06-09,17.89,vix
2021-06-10,16.1,vix
2021-06-11,15.65,vix
2021-06-14,16.39,vix
2021-06-15,17.02,vix
2021-06-16,18.15,vix
2021-06-17,17.75,vix
2021-06-18,20.7,vix
2021-06-21,17.89,vix
2021-06-22,16.66,vix
2021-06-23,16.32,vix
2021-06-24,15.97,vix
2021-06-25,15.62,vix
2021-06-28,15.76,vix
2021-06-29,16.02,vix
2021-06-30,15.83,vix
2021-07-01,15.48,vix
2021-07-02,15.07,vix
2021-07-05,.,vix
2021-07-06,16.44,vix
2021-07-07,16.2,vix
2021-07-08,19.0,vix
2021-07-09,16.18,vix
2021-07-12,16.17,vix
2021-07-13,17.12,vix
2021-07-14,16.33,vix
2021-07-15,17.01,vix
2021-07-16,18.45,vix
2021-07-19,22.5,vix
2021-07-20,19.73,vix
2021-07-21,17.91,vix
2021-07-22,17.69,vix
2021-07-23,17.2,vix
2021-07-26,17.58,vix
2021-07-27,19.36,vix
2021-07-28,18.31,vix
2021-07-29,17.7,vix
2021-07-30,18.24,vix
2021-08-02,19.46,vix
2021-08-03,18.04,vix
2021-08-04,17.97,vix
2021-08-05,17.28,vix
2021-08-06,16.15,vix
2021-08-09,16.72,vix
2021-08-10,16.79,vix
2021-08-11,16.06,vix
2021-08-12,15.59,vix
2021-08-13,15.45,vix
2021-08-16,16.12,vix
2021-08-17,17.91,vix
2021-08-18,21.57,vix
2021-08-19,21.67,vix
2021-08-20,18.56,vix
2021-08-23,17.15,vix
2021-08-24,17.22,vix
2021-08-25,16.79,vix
2021-08-26,18.84,vix
2021-08-27,16.39,vix
2021-08-30,16.19,vix
2021-08-31,16.48,vix
2021-09-01,16.11,vix
2021-09-02,16.41,vix
2021-09-03,16.41,vix
2021-09-06,.,vix
2021-09-07,18.14,vix
2021-09-08,17.96,vix
2021-09-09,18.8,vix
2021-09-10,20.95,vix
2021-09-13,19.37,vix
2021-09-14,19.46,vix
2021-09-15,18.18,vix
2021-09-16,18.69,vix
2021-09-17,20.81,vix
2021-09-20,25.71,vix
2021-09-21,24.36,vix
2021-09-22,20.87,vix
2021-09-23,18.63,vix
2021-09-24,17.75,vix
2021-09-27,18.76,vix
2021-09-28,23.25,vix
2021-09-29,22.56,vix
2021-09-30,23.14,vix
2021-10-01,21.15,vix
2021-10-04,22.96,vix
2021-10-05,21.3,vix
2021-10-06,21.0,vix
2021-10-07,19.54,vix
2021-10-08,18.77,vix
2021-10-11,20.0,vix
2021-10-12,19.85,vix
2021-10-13,18.64,vix
2021-10-14,16.86,vix
2021-10-15,16.3,vix
2021-10-18,16.31,vix
2021-10-19,15.7,vix
2021-10-20,15.49,vix
2021-10-21,15.01,vix
2021-10-22,15.43,vix
2021-10-25,15.24,vix
2021-10-26,15.98,vix
2021-10-27,16.98,vix
2021-10-28,16.53,vix
2021-10-29,16.26,vix
2021-11-01,16.41,vix
2021-11-02,16.03,vix
2021-11-03,15.1,vix
2021-11-04,15.44,vix
2021-11-05,16.48,vix
2021-11-08,17.22,vix
2021-11-09,17.78,vix
2021-11-10,18.73,vix
2021-11-11,17.66,vix
2021-11-12,16.29,vix
2021-11-15,16.49,vix
2021-11-16,16.37,vix
2021-11-17,17.11,vix
2021-11-18,17.59,vix
2021-11-19,17.91,vix
2021-11-22,19.17,vix
2021-11-23,19.38,vix
2021-11-24,18.58,vix
2021-11-25,.,vix
2021-11-26,28.62,vix
2021-11-29,22.96,vix
2021-11-30,27.19,vix
2021-12-01,31.12,vix
2021-12-02,27.95,vix
2021-12-03,30.67,vix
2021-12-06,27.18,vix
2021-12-07,21.89,vix
2021-12-08,19.9,vix
2021-12-09,21.58,vix
2021-12-10,18.69,vix
2021-12-13,20.31,vix
2021-12-14,21.89,vix
2021-12-15,19.29,vix
2021-12-16,20.57,vix
2021-12-17,21.57,vix
2021-12-20,22.87,vix
2021-12-21,21.01,vix
2021-12-22,18.63,vix
2021-12-23,17.96,vix
2021-12-24,.,vix
2021-12-27,17.68,vix
2021-12-28,17.54,vix
2021-12-29,16.95,vix
2021-12-30,17.33,vix
2021-12-31,17.22,vix
2022-01-03,16.6,vix
2022-01-04,16.91,vix
2022-01-05,19.73,vix
2022-01-06,19.61,vix
2022-01-07,18.76,vix
2022-01-10,19.4,vix
2022-01-11,18.41,vix
2022-01-12,17.62,vix
2022-01-13,20.31,vix
2022-01-14,19.19,vix
2022-01-17,.,vix
2022-01-18,22.79,vix
2022-01-19,23.85,vix
2022-01-20,25.59,vix
2022-01-21,28.85,vix
2022-01-24,29.9,vix
2022-01-25,31.16,vix
2022-01-26,31.96,vix
2022-01-27,30.49,vix
2022-01-28,27.66,vix
2022-01-31,24.83,vix
2022-02-01,21.96,vix
2022-02-02,22.09,vix
2022-02-03,24.35,vix
2022-02-04,23.22,vix
2022-02-07,22.86,vix
2022-02-08,21.44,vix
2022-02-09,19.96,vix
2022-02-10,23.91,vix
2022-02-11,27.36,vix
2022-02-14,28.33,vix
2022-02-15,25.7,vix
2022-02-16,24.29,vix
2022-02-17,28.11,vix
2022-02-18,27.75,vix
2022-02-21,.,vix
2022-02-22,28.81,vix
2022-02-23,31.02,vix
2022-02-24,30.32,vix
2022-02-25,27.59,vix
2022-02-28,30.15,vix
2022-03-01,33.32,vix
2022-03-02,30.74,vix
2022-03-03,30.48,vix
2022-03-04,31.98,vix
2022-03-07,36.45,vix
2022-03-08,35.13,vix
2022-03-09,32.45,vix
2022-03-10,30.23,vix
2022-03-11,30.75,vix
2022-03-14,31.77,vix
2022-03-15,29.83,vix
2022-03-16,26.67,vix
2022-03-17,25.67,vix
2022-03-18,23.87,vix
2022-03-21,23.53,vix
2022-03-22,22.94,vix
2022-03-23,23.57,vix
2022-03-24,21.67,vix
2022-03-25,20.81,vix
2022-03-28,19.63,vix
2022-03-29,18.9,vix
2022-03-30,19.33,vix
2022-03-31,20.56,vix
2022-04-01,19.63,vix
2022-04-04,18.57,vix
2022-04-05,21.03,vix
2022-04-06,22.1,vix
2022-04-07,21.55,vix
2022-04-08,21.16,vix
2022-04-11,24.37,vix
2022-04-12,24.26,vix
2022-04-13,21.82,vix
2022-04-14,22.7,vix
2022-04-15,.,vix
2022-04-18,22.17,vix
2022-04-19,21.37,vix
2022-04-20,20.32,vix
2022-04-21,22.68,vix
2022-04-22,28.21,vix
2022-04-25,27.02,vix
2022-04-26,33.52,vix
2022-04-27,31.6,vix
2022-04-28,29.99,vix
2022-04-29,33.4,vix
2022-05-02,32.34,vix
2022-05-03,29.25,vix
2022-05-04,25.42,vix
2022-05-05,31.2,vix
2022-05-06,30.19,vix
2022-05-09,34.75,vix
2022-05-10,32.99,vix
2022-05-11,32.56,vix
2022-05-12,31.77,vix
2022-05-13,28.87,vix
2022-05-16,27.47,vix
2022-05-17,26.1,vix
2022-05-18,30.96,vix
2022-05-19,29.35,vix
2022-05-20,29.43,vix
2022-05-23,28.48,vix
2022-05-24,29.45,vix
2022-05-25,28.37,vix
2022-05-26,27.5,vix
2022-05-27,25.72,vix
2022-05-30,26.54,vix
2022-05-31,26.19,vix
2022-06-01,25.69,vix
2022-06-02,24.72,vix
2022-06-03,24.79,vix
2022-06-06,25.07,vix
2022-06-07,24.02,vix
2022-06-08,23.96,vix
2022-06-09,26.09,vix
2022-06-10,27.75,vix
2022-06-13,34.02,vix
2022-06-14,32.69,vix
2022-06-15,29.62,vix
2022-06-16,32.95,vix
2022-06-17,31.13,vix
2022-06-20,31.03,vix
2022-06-21,30.19,vix
2022-06-22,28.95,vix
2022-06-23,29.05,vix
2022-06-24,27.23,vix
2022-06-27,26.95,vix
2022-06-28,28.36,vix
2022-06-29,28.16,vix
2022-06-30,28.71,vix
2022-07-01,26.7,vix
2022-07-04,27.53,vix
2022-07-05,27.54,vix
2022-07-06,26.73,vix
2022-07-07,26.08,vix
2022-07-08,24.64,vix
2022-07-11,26.17,vix
2022-07-12,27.29,vix
2022-07-13,26.82,vix
2022-07-14,26.4,vix
2022-07-15,24.23,vix
2022-07-18,25.3,vix
2022-07-19,24.5,vix
2022-07-20,23.88,vix
2022-07-21,23.11,vix
2022-07-22,23.03,vix
2022-07-25,23.36,vix
2022-07-26,24.69,vix
2022-07-27,23.24,vix
2022-07-28,22.33,vix
2022-07-29,21.33,vix
2022-08-01,22.84,vix
2022-08-02,23.93,vix
2022-08-03,21.95,vix
2022-08-04,21.44,vix
2022-08-05,21.15,vix
2022-08-08,21.29,vix
2022-08-09,21.77,vix
2022-08-10,19.74,vix
2022-08-11,20.2,vix
2022-08-12,19.53,vix
2022-08-15,19.95,vix
2022-08-16,19.69,vix
2022-08-17,19.9,vix
2022-08-18,19.56,vix
2022-08-19,20.6,vix
2022-08-22,23.8,vix
2022-08-23,24.11,vix
2022-08-24,22.82,vix
2022-08-25,21.78,vix
2022-08-26,25.56,vix
2022-08-29,26.21,vix
2022-08-30,26.21,vix
2022-08-31,25.87,vix
2022-09-01,25.56,vix
2022-09-02,25.47,vix
2022-09-05,25.99,vix
2022-09-06,26.91,vix
2022-09-07,24.64,vix
2022-09-08,23.61,vix
2022-09-09,22.79,vix
2022-09-12,23.87,vix
2022-09-13,27.27,vix
2022-09-14,26.16,vix
2022-09-15,26.27,vix
2022-09-16,26.3,vix
2022-09-19,25.76,vix
2022-09-20,27.16,vix
2022-09-21,27.99,vix
2022-09-22,27.35,vix
2022-09-23,29.92,vix
2022-09-26,32.26,vix
2022-09-27,32.6,vix
2022-09-28,30.18,vix
2022-09-29,31.84,vix
2022-09-30,31.62,vix
2022-10-03,30.1,vix
2022-10-04,29.07,vix
2022-10-05,28.55,vix
2022-10-06,30.52,vix
2022-10-07,31.36,vix
2022-10-10,32.45,vix
2022-10-11,33.63,vix
2022-10-12,33.57,vix
2022-10-13,31.94,vix
2022-10-14,32.02,vix
2022-10-17,31.37,vix
2022-10-18,30.5,vix
2022-10-19,30.76,vix
2022-10-20,29.98,vix
2022-10-21,29.69,vix
2022-10-24,29.85,vix
2022-10-25,28.46,vix
2022-10-26,27.28,vix
2022-10-27,27.39,vix
2022-10-28,25.75,vix
2022-10-31,25.88,vix
2022-11-01,25.81,vix
2022-11-02,25.86,vix
2022-11-03,25.3,vix
2022-11-04,24.55,vix
2022-11-07,24.35,vix
2022-11-08,25.54,vix
2022-11-09,26.09,vix
2022-11-10,23.53,vix
2022-11-11,22.52,vix
2022-11-14,23.73,vix
2022-11-15,24.54,vix
2022-11-16,24.11,vix
2022-11-17,23.93,vix
2022-11-18,23.12,vix
2022-11-21,22.36,vix
2022-11-22,21.29,vix
2022-11-23,20.35,vix
2022-11-24,20.42,vix
2022-11-25,20.5,vix
2022-11-28,22.21,vix
2022-11-29,21.89,vix
2022-11-30,20.58,vix
2022-12-01,19.84,vix
2022-12-02,19.06,vix
2022-12-05,20.75,vix
2022-12-06,22.17,vix
2022-12-07,22.68,vix
2022-12-08,22.29,vix
2022-12-09,22.83,vix
2022-12-12,25.0,vix
2022-12-13,22.55,vix
2022-12-14,21.14,vix
2022-12-15,22.83,vix
2022-12-16,22.62,vix
2022-12-19,22.42,vix
2022-12-20,21.48,vix
2022-12-21,20.07,vix
2022-12-22,21.97,vix
2022-12-23,20.87,vix
2022-12-26,.,vix
2022-12-27,21.65,vix
2022-12-28,22.14,vix
2022-12-29,21.44,vix
2022-12-30,21.67,vix
2023-01-02,.,vix
2023-01-03,22.9,vix
2023-01-04,22.01,vix
2023-01-05,22.46,vix
2023-01-06,21.13,vix
2023-01-09,21.97,vix
2023-01-10,20.58,vix
2023-01-11,21.09,vix
2023-01-12,18.83,vix
2023-01-13,18.35,vix
2023-01-16,19.49,vix
2023-01-17,19.36,vix
2023-01-18,20.34,vix
2023-01-19,20.52,vix
2023-01-20,19.85,vix
2023-01-23,19.81,vix
2023-01-24,19.2,vix
2023-01-25,19.08,vix
2023-01-26,18.73,vix
2023-01-27,18.51,vix
2023-01-30,19.94,vix
2023-01-31,19.4,vix
2023-02-01,17.87,vix
2023-02-02,18.73,vix
2023-02-03,18.33,vix
2023-02-06,19.43,vix
2023-02-07,18.66,vix
2023-02-08,19.63,vix
2023-02-09,20.71,vix
2023-02-10,20.53,vix
2023-02-13,20.34,vix
2023-02-14,18.91,vix
2023-02-15,18.23,vix
2023-02-16,20.17,vix
2023-02-17,20.02,vix
2023-02-20,21.23,vix
2023-02-21,22.87,vix
2023-02-22,22.29,vix
2023-02-23,21.14,vix
2023-02-24,21.67,vix
2023-02-27,20.95,vix
2023-02-28,20.7,vix
2023-03-01,20.58,vix
2023-03-02,19.59,vix
2023-03-03,18.49,vix
2023-03-06,18.61,vix
2023-03-07,19.59,vix
2023-03-08,19.11,vix
2023-03-09,22.61,vix
2023-03-10,24.8,vix
2023-03-13,26.52,vix
2023-03-14,23.73,vix
2023-03-15,26.14,vix
2023-03-16,22.99,vix
2023-03-17,25.51,vix
2023-03-20,24.15,vix
2023-03-21,21.38,vix
2023-03-22,22.26,vix
2023-03-23,22.61,vix
2023-03-24,21.74,vix
2023-03-27,20.6,vix
2023-03-28,19.97,vix
2023-03-29,19.12,vix
2023-03-30,19.02,vix
2023-03-31,18.7,vix
2023-04-03,18.55,vix
2023-04-04,19.0,vix
2023-04-05,19.08,vix
2023-04-06,18.4,vix
2023-04-07,.,vix
2023-04-10,18.97,vix
2023-04-11,19.1,vix
2023-04-12,19.09,vix
2023-04-13,17.8,vix
2023-04-14,17.07,vix
2023-04-17,16.95,vix
2023-04-18,16.83,vix
2023-04-19,16.46,vix
2023-04-20,17.17,vix
2023-04-21,16.77,vix
2023-04-24,16.89,vix
2023-04-25,18.76,vix
2023-04-26,18.84,vix
2023-04-27,17.03,vix
2023-04-28,15.78,vix
2023-05-01,16.08,vix
2023-05-02,17.78,vix
2023-05-03,18.34,vix
2023-05-04,20.09,vix
2023-05-05,17.19,vix
2023-05-08,16.98,vix
2023-05-09,17.71,vix
2023-05-10,16.94,vix
2023-05-11,16.93,vix
2023-05-12,17.03,vix
2023-05-15,17.12,vix
2023-05-16,17.99,vix
2023-05-17,16.87,vix
2023-05-18,16.05,vix
2023-05-19,16.81,vix
2023-05-22,17.21,vix
2023-05-23,18.53,vix
2023-05-24,20.03,vix
2023-05-25,19.14,vix
2023-05-26,17.95,vix
2023-05-29,17.46,vix
2023-05-30,17.46,vix
2023-05-31,17.94,vix
2023-06-01,15.65,vix
2023-06-02,14.6,vix
2023-06-05,14.73,vix
2023-06-06,13.96,vix
2023-06-07,13.94,vix
2023-06-08,13.65,vix
2023-06-09,13.83,vix
2023-06-12,15.01,vix
2023-06-13,14.61,vix
2023-06-14,13.88,vix
2023-06-15,14.5,vix
2023-06-16,13.54,vix
2023-06-19,14.19,vix
2023-06-20,13.88,vix
2023-06-21,13.2,vix
2023-06-22,12.91,vix
2023-06-23,13.44,vix
2023-06-26,14.25,vix
2023-06-27,13.74,vix
2023-06-28,13.43,vix
2023-06-29,13.54,vix
2023-06-30,13.59,vix
2023-07-03,13.57,vix
2023-07-04,13.7,vix
2023-07-05,14.18,vix
2023-07-06,15.44,vix
2023-07-07,14.83,vix
2023-07-10,15.07,vix
2023-07-11,14.84,vix
2023-07-12,13.54,vix
2023-07-13,13.61,vix
2023-07-14,13.34,vix
2023-07-17,13.48,vix
2023-07-18,13.3,vix
2023-07-19,13.76,vix
2023-07-20,13.99,vix
2023-07-21,13.6,vix
2023-07-24,13.91,vix
2023-07-25,13.86,vix
2023-07-26,13.19,vix
2023-07-27,14.41,vix
2023-07-28,13.33,vix
2023-07-31,13.63,vix
2023-08-01,13.93,vix
2023-08-02,16.09,vix
2023-08-03,15.92,vix
2023-08-04,17.1,vix
2023-08-07,15.77,vix
2023-08-08,15.99,vix
2023-08-09,15.96,vix
2023-08-10,15.85,vix
2023-08-11,14.84,vix
2023-08-14,14.82,vix
2023-08-15,16.46,vix
2023-08-16,16.78,vix
2023-08-17,17.89,vix
2023-08-18,17.3,vix
2023-08-21,17.13,vix
2023-08-22,16.97,vix
2023-08-23,15.98,vix
2023-08-24,17.2,vix
2023-08-25,15.68,vix
2023-08-28,15.08,vix
2023-08-29,14.45,vix
2023-08-30,13.88,vix
2023-08-31,13.57,vix
2023-09-01,13.09,vix
2023-09-04,13.82,vix
2023-09-05,14.01,vix
2023-09-06,14.45,vix
2023-09-07,14.4,vix
2023-09-08,13.84,vix
2023-09-11,13.8,vix
2023-09-12,14.23,vix
2023-09-13,13.48,vix
2023-09-14,12.82,vix
2023-09-15,13.79,vix
2023-09-18,14.0,vix
2023-09-19,14.11,vix
2023-09-20,15.14,vix
2023-09-21,17.54,vix
2023-09-22,17.2,vix
2023-09-25,16.9,vix
2023-09-26,18.94,vix
2023-09-27,18.22,vix
2023-09-28,17.34,vix
2023-09-29,17.52,vix
2023-10-02,17.61,vix
2023-10-03,19.78,vix
2023-10-04,18.58,vix
2023-10-05,18.49,vix
2023-10-06,17.45,vix
2023-10-09,17.7,vix
2023-10-10,17.03,vix
2023-10-11,16.09,vix
2023-10-12,16.69,vix
2023-10-13,19.32,vix
2023-10-16,17.21,vix
2023-10-17,17.88,vix
2023-10-18,19.22,vix
2023-10-19,21.4,vix
2023-10-20,21.71,vix
2023-10-23,20.37,vix
2023-10-24,18.97,vix
2023-10-25,20.19,vix
2023-10-26,20.68,vix
2023-10-27,21.27,vix
2023-10-30,19.75,vix
2023-10-31,18.14,vix
2023-11-01,16.87,vix
2023-11-02,15.66,vix
2023-11-03,14.91,vix
2023-11-06,14.89,vix
2023-11-07,14.81,vix
2023-11-08,14.45,vix
2023-11-09,15.29,vix
2023-11-10,14.17,vix
2023-11-13,14.76,vix
2023-11-14,14.16,vix
2023-11-15,14.18,vix
2023-11-16,14.32,vix
2023-11-17,13.8,vix
2023-11-20,13.41,vix
2023-11-21,13.35,vix
2023-11-22,12.85,vix
2023-11-23,12.8,vix
2023-11-24,12.46,vix
2023-11-27,12.69,vix
2023-11-28,12.69,vix
2023-11-29,12.98,vix
2023-11-30,12.92,vix
2023-12-01,12.63,vix
2023-12-04,13.08,vix
2023-12-05,12.85,vix
2023-12-06,12.97,vix
2023-12-07,13.06,vix
2023-12-08,12.35,vix
2023-12-11,12.63,vix
2023-12-12,12.07,vix
2023-12-13,12.19,vix
2023-12-14,12.48,vix
2023-12-15,12.28,vix
2023-12-18,12.56,vix
2023-12-19,12.53,vix
2023-12-20,13.67,vix
2023-12-21,13.65,vix
2023-12-22,13.03,vix
2023-12-25,.,vix
2023-12-26,12.99,vix
2023-12-27,12.43,vix
2023-12-28,12.47,vix
2023-12-29,12.45,vix
2024-01-01,.,vix
2024-01-02,13.2,vix
2024-01-03,14.04,vix
2024-01-04,14.13,vix
2024-01-05,13.35,vix
2024-01-08,13.08,vix
2024-01-09,12.76,vix
2024-01-10,12.69,vix
2024-01-11,12.44,vix
2024-01-12,12.7,vix
2024-01-15,13.25,vix
2024-01-16,13.84,vix
2024-01-17,14.79,vix
2024-01-18,14.13,vix
2024-01-19,13.3,vix
2024-01-22,13.19,vix
2024-01-23,12.55,vix
2024-01-24,13.14,vix
2024-01-25,13.45,vix
2024-01-26,13.26,vix
2024-01-29,13.6,vix
2024-01-30,13.31,vix
2024-01-31,14.35,vix
2024-02-01,13.88,vix
2024-02-02,13.85,vix
2024-02-05,13.67,vix
2024-02-06,13.06,vix
2024-02-07,12.83,vix
2024-02-08,12.79,vix
2024-02-09,12.93,vix
2024-02-12,13.93,vix
2024-02-13,15.85,vix
2024-02-14,14.38,vix
2024-02-15,14.01,vix
2024-02-16,14.24,vix
2024-02-19,14.71,vix
2024-02-20,15.42,vix
2024-02-21,15.34,vix
2024-02-22,14.54,vix
2024-02-23,13.75,vix
2024-02-26,13.74,vix
2024-02-27,13.43,vix
2024-02-28,13.84,vix
2024-02-29,13.4,vix
2024-03-01,13.11,vix
2024-03-04,13.49,vix
2024-03-05,14.46,vix
2024-03-06,14.5,vix
2024-03-07,14.44,vix
2024-03-08,14.74,vix
2024-03-11,15.22,vix
2024-03-12,13.84,vix
2024-03-13,13.75,vix
2024-03-14,14.4,vix
2024-03-15,14.41,vix
2024-03-18,14.33,vix
2024-03-19,13.82,vix
2024-03-20,13.04,vix
2024-03-21,12.92,vix
2024-03-22,13.06,vix
2024-03-25,13.19,vix
2024-03-26,13.24,vix
2024-03-27,12.78,vix
2024-03-28,13.01,vix
2024-03-29,.,vix
2024-04-01,13.65,vix
2024-04-02,14.61,vix
2024-04-03,14.33,vix
2024-04-04,16.35,vix
2024-04-05,16.03,vix
2024-04-08,15.19,vix
2024-04-09,14.98,vix
2024-04-10,15.8,vix
2024-04-11,14.91,vix
2024-04-12,17.31,vix
2024-04-15,19.23,vix
2024-04-16,18.4,vix
2024-04-17,18.21,vix
2024-04-18,18.0,vix
2024-04-19,18.71,vix
2024-04-22,16.94,vix
2024-04-23,15.69,vix
2024-04-24,15.97,vix
2024-04-25,15.37,vix
2024-04-26,15.03,vix
2024-04-29,14.67,vix
2024-04-30,15.65,vix
2024-05-01,15.39,vix
2024-05-02,14.68,vix
2024-05-03,13.49,vix
2024-05-06,13.49,vix
2024-05-07,13.23,vix
2024-05-08,13.0,vix
2024-05-09,12.69,vix
2024-05-10,12.55,vix
2024-05-13,13.6,vix
2024-05-14,13.42,vix
2024-05-15,12.45,vix
2024-05-16,12.42,vix
2024-05-17,11.99,vix
2024-05-20,12.15,vix
2024-05-21,11.86,vix
2024-05-22,12.29,vix
2024-05-23,12.77,vix
2024-05-24,11.93,vix
2024-05-27,12.36,vix
2024-05-28,12.92,vix
2024-05-29,14.28,vix
2024-05-30,14.47,vix
2024-05-31,12.92,vix
2024-06-03,13.11,vix
2024-06-04,13.16,vix
2024-06-05,12.63,vix
2024-06-06,12.58,vix
2024-06-07,12.22,vix
2024-06-10,12.74,vix
2024-06-11,12.85,vix
2024-06-12,12.04,vix
2024-06-13,11.94,vix
2024-06-14,12.66,vix
2024-06-17,12.75,vix
2024-06-18,12.3,vix
2024-06-19,12.48,vix
2024-06-20,13.28,vix
2024-06-21,13.2,vix
2024-06-24,13.33,vix
2024-06-25,12.84,vix
2024-06-26,12.55,vix
2024-06-27,12.24,vix
2024-06-28,12.44,vix
2024-07-01,12.22,vix
2024-07-02,12.03,vix
2024-07-03,12.09,vix
2024-07-04,12.26,vix
2024-07-05,12.48,vix
2024-07-08,12.37,vix
2024-07-09,12.51,vix
2024-07-10,12.85,vix
2024-07-11,12.92,vix
2024-07-12,12.46,vix
2024-07-15,13.12,vix
2024-07-16,13.19,vix
2024-07-17,14.48,vix
2024-07-18,15.93,vix
2024-07-19,16.52,vix
2024-07-22,14.91,vix
2024-07-23,14.72,vix
2024-07-24,18.04,vix
2024-07-25,18.46,vix
2024-07-26,16.39,vix
2024-07-29,16.6,vix
2024-07-30,17.69,vix
2024-07-31,16.36,vix
2024-08-01,18.59,vix
2024-08-02,23.39,vix
2024-08-05,38.57,vix
2024-08-06,27.71,vix
2024-08-07,27.85,vix
2024-08-08,23.79,vix
2024-08-09,20.37,vix
2024-08-12,20.71,vix
2024-08-13,18.12,vix
2024-08-14,16.19,vix
2024-08-15,15.23,vix
2024-08-16,14.8,vix
2024-08-19,14.65,vix
2024-08-20,15.88,vix
2024-08-21,16.27,vix
2024-08-22,17.55,vix
2024-08-23,15.86,vix
2024-08-26,16.15,vix
2024-08-27,15.43,vix
2024-08-28,17.11,vix
2024-08-29,15.65,vix
2024-08-30,15.0,vix
2024-09-02,15.55,vix
2024-09-03,20.72,vix
2024-09-04,21.32,vix
2024-09-05,19.9,vix
2024-09-06,22.38,vix
2024-09-09,19.45,vix
2024-09-10,19.08,vix
2024-09-11,17.69,vix
2024-09-12,17.07,vix
2024-09-13,16.56,vix
2024-09-16,17.14,vix
2024-09-17,17.61,vix
2024-09-18,18.23,vix
2024-09-19,16.33,vix
2024-09-20,16.15,vix
2024-09-23,15.89,vix
2024-09-24,15.39,vix
2024-09-25,15.41,vix
2024-09-26,15.37,vix
2024-09-27,16.96,vix
2024-09-30,16.73,vix
2024-10-01,19.26,vix
2024-10-02,18.9,vix
2024-10-03,20.49,vix
2024-10-04,19.21,vix
2024-10-07,22.64,vix
2024-10-08,21.42,vix
2024-10-09,20.86,vix
2024-10-10,20.93,vix
2024-10-11,20.46,vix
2024-10-14,19.7,vix
2024-10-15,20.64,vix
2024-10-16,19.58,vix
2024-10-17,19.11,vix
2024-10-18,18.03,vix
2024-10-21,18.37,vix
2024-10-22,18.2,vix
2024-10-23,19.24,vix
2024-10-24,19.08,vix
2024-10-25,20.33,vix
2024-10-28,19.8,vix
2024-10-29,19.34,vix
2024-10-30,20.35,vix
2024-10-31,23.16,vix
2024-11-01,21.88,vix
2024-11-04,21.98,vix
2024-11-05,20.49,vix
2024-11-06,16.27,vix
2024-11-07,15.2,vix
2024-11-08,14.94,vix
2024-11-11,14.97,vix
2024-11-12,14.71,vix
2024-11-13,14.02,vix
2024-11-14,14.31,vix
2024-11-15,16.14,vix
2024-11-18,15.58,vix
2024-11-19,16.35,vix
2024-11-20,17.16,vix
2024-11-21,16.87,vix
2024-11-22,15.24,vix
2024-11-25,14.6,vix
2024-11-26,14.1,vix
2024-11-27,14.1,vix
2024-11-28,13.9,vix
2024-11-29,13.51,vix
2024-12-02,13.34,vix
2024-12-03,13.3,vix
2024-12-04,13.45,vix
2024-12-05,13.54,vix
2024-12-06,12.77,vix
2024-12-09,14.19,vix
2024-12-10,14.18,vix
2024-12-11,13.58,vix
2024-12-12,13.92,vix
2024-12-13,13.81,vix
2024-12-16,14.69,vix
2024-12-17,15.87,vix
2024-12-18,27.62,vix
2024-12-19,24.09,vix
2024-12-20,18.36,vix
2024-12-23,16.78,vix
2024-12-24,14.27,vix
2024-12-25,.,vix
2024-12-26,14.73,vix
2024-12-27,15.95,vix
2024-12-30,17.4,vix
2024-12-31,17.35,vix
2025-01-01,.,vix
2025-01-02,17.93,vix
2025-01-03,16.13,vix
2025-01-06,16.04,vix
2025-01-07,17.82,vix
2025-01-08,17.7,vix
2025-01-09,18.07,vix
2025-01-10,19.54,vix
2025-01-13,19.19,vix
2025-01-14,18.71,vix
2025-01-15,16.12,vix
2025-01-16,16.6,vix
2025-01-17,15.97,vix
2025-01-20,15.81,vix
2025-01-21,15.06,vix
2025-01-22,15.1,vix
2025-01-23,15.02,vix
2025-01-24,14.85,vix
2025-01-27,17.9,vix
2025-01-28,16.41,vix
2025-01-29,16.56,vix
2025-01-30,15.84,vix
2025-01-31,16.43,vix
2025-02-03,18.62,vix
2025-02-04,17.21,vix
2025-02-05,15.77,vix
2025-02-06,15.5,vix
2025-02-07,16.54,vix
2025-02-10,15.81,vix
2025-02-11,16.02,vix
2025-02-12,15.89,vix
2025-02-13,15.1,vix
2025-02-14,14.77,vix
2025-02-17,15.37,vix
2025-02-18,15.35,vix
2025-02-19,15.27,vix
2025-02-20,15.66,vix
2025-02-21,18.21,vix
2025-02-24,18.98,vix
2025-02-25,19.43,vix
2025-02-26,19.1,vix
2025-02-27,21.13,vix
2025-02-28,19.63,vix
2025-03-03,22.78,vix
2025-03-04,23.51,vix
2025-03-05,21.93,vix
2025-03-06,24.87,vix
2025-03-07,23.37,vix
2025-03-10,27.86,vix
2025-03-11,26.92,vix
2025-03-12,24.23,vix
2025-03-13,24.66,vix
2025-03-14,21.77,vix
2025-03-17,20.51,vix
2025-03-18,21.7,vix
2025-03-19,19.9,vix
2025-03-20,19.8,vix
2025-03-21,19.28,vix
2025-03-24,17.48,vix
2025-03-25,17.15,vix
2025-03-26,18.33,vix
2025-03-27,18.69,vix
2025-03-28,21.65,vix
2025-03-31,22.28,vix
2025-04-01,21.77,vix
2025-04-02,21.51,vix
2025-04-03,30.02,vix
2025-04-04,45.31,vix
2025-04-07,46.98,vix
2025-04-08,52.33,vix
2025-04-09,33.62,vix
2025-04-10,40.72,vix
2025-04-11,37.56,vix
2025-04-14,30.89,vix
2025-04-15,30.12,vix
2025-04-16,32.64,vix
2025-04-17,29.65,vix
2025-04-18,.,vix
2025-04-21,33.82,vix
2025-04-22,30.57,vix
2025-04-23,28.45,vix
2025-04-24,26.47,vix
2025-04-25,24.84,vix
2025-04-28,25.15,vix
2025-04-29,24.17,vix
2025-04-30,24.7,vix
2025-05-01,24.6,vix
2025-05-02,22.68,vix
2025-05-05,23.64,vix
2025-05-06,24.76,vix
2025-05-07,23.55,vix
2025-05-08,22.48,vix
2025-05-09,21.9,vix
2025-05-12,18.39,vix
2025-05-13,18.22,vix
2025-05-14,18.62,vix
2025-05-15,17.83,vix
2025-05-16,17.24,vix
2025-05-19,18.14,vix
2025-05-20,18.09,vix
2025-05-21,20.87,vix
2025-05-22,20.28,vix
2025-05-23,22.29,vix
2025-05-26,20.57,vix
2025-05-27,18.96,vix
2025-05-28,19.31,vix
2025-05-29,19.18,vix
2025-05-30,18.57,vix
2025-06-02,18.36,vix
2025-06-03,17.69,vix
2025-06-04,17.61,vix
2025-06-05,18.48,vix
2025-06-06,16.77,vix
2025-06-09,17.16,vix
2025-06-10,16.95,vix
2025-06-11,17.26,vix
2025-06-12,18.02,vix
2025-06-13,20.82,vix
2025-06-16,19.11,vix
2025-06-17,21.6,vix
2025-06-18,20.14,vix
2025-06-19,22.17,vix
2025-06-20,20.62,vix
2025-06-23,19.83,vix
2025-06-24,17.48,vix
2025-06-25,16.76,vix
2025-06-26,16.59,vix
2025-06-27,16.32,vix
2025-06-30,16.73,vix
2025-07-01,16.83,vix
2025-07-02,16.64,vix
2025-07-03,16.38,vix
2025-07-04,17.48,vix
2025-07-07,17.79,vix
2025-07-08,16.81,vix
2025-07-09,15.94,vix
2025-07-10,15.78,vix
2025-07-11,16.4,vix
2025-07-14,17.2,vix
2025-07-15,17.38,vix
2025-07-16,17.16,vix
2025-07-17,16.52,vix
2025-07-18,16.41,vix
2025-07-21,16.65,vix
2025-07-22,16.5,vix
2025-07-23,15.37,vix
2025-07-24,15.39,vix
2025-07-25,14.93,vix
2025-07-28,15.03,vix
2025-07-29,15.98,vix
2025-07-30,15.48,vix
2025-07-31,16.72,vix
2025-08-01,20.38,vix
2025-08-04,17.52,vix
2025-08-05,17.85,vix
2025-08-06,16.77,vix
2025-08-07,16.57,vix
2025-08-08,15.15,vix
2025-08-11,16.25,vix
2025-08-12,14.73,vix
2025-08-13,14.49,vix
2025-08-14,14.83,vix
2025-08-15,15.09,vix
2025-08-18,14.99,vix
2025-08-19,15.57,vix
2025-08-20,15.69,vix
2025-08-21,16.6,vix
2025-08-22,14.22,vix
2025-08-25,14.79,vix
2025-08-26,14.62,vix
2025-08-27,14.85,vix
2025-08-28,14.43,vix
2025-08-29,15.36,vix
2025-09-01,16.12,vix
2025-09-02,17.17,vix
2025-09-03,16.35,vix
2025-09-04,15.3,vix
2025-09-05,15.18,vix
2025-09-08,15.11,vix
2025-09-09,15.04,vix
2025-09-10,15.35,vix
2025-09-11,14.71,vix
2025-09-12,14.76,vix
2025-09-15,15.69,vix
2025-09-16,16.36,vix
2025-09-17,15.72,vix
2025-09-18,15.7,vix
2025-09-19,15.45,vix
2025-09-22,16.1,vix
2025-09-23,16.64,vix
2025-09-24,16.18,vix
2025-09-25,16.74,vix
2025-09-26,15.29,vix
2025-09-29,16.12,vix
2025-09-30,16.28,vix
2025-10-01,16.29,vix
2025-10-02,16.63,vix
2025-10-03,16.65,vix
2025-10-06,16.37,vix
2025-10-07,17.24,vix
2025-10-08,16.3,vix
2025-10-09,16.43,vix
2025-10-10,21.66,vix
2025-10-13,19.03,vix
2025-10-14,20.81,vix
2025-10-15,20.64,vix
2025-10-16,25.31,vix
2025-10-17,20.78,vix
2025-10-20,18.23,vix
2025-10-21,17.87,vix
2025-10-22,18.6,vix
2025-10-23,17.3,vix
2025-10-24,16.37,vix
2025-10-27,15.79,vix
2025-10-28,16.42,vix
2025-10-29,16.92,vix
2025-10-30,16.91,vix
2025-10-31,17.44,vix
2025-11-03,17.17,vix
2025-11-04,19.0,vix
2025-11-05,18.01,vix
2025-11-06,19.5,vix
2025-11-07,19.08,vix
2025-11-10,17.6,vix
2025-11-11,17.28,vix
2025-11-12,17.51,vix
2025-11-13,20.0,vix
2025-11-14,19.83,vix
2025-11-17,22.38,vix
2025-11-18,24.69,vix
2025-11-19,23.66,vix
2025-11-20,26.42,vix
2025-11-21,23.43,vix
2025-11-24,20.52,vix
2025-11-25,18.56,vix
2025-11-26,17.19,vix
2025-11-27,17.21,vix
2025-11-28,16.35,vix
2025-12-01,17.24,vix
2025-12-02,16.59,vix
2025-12-03,16.08,vix
2025-12-04,15.78,vix
2025-12-05,15.41,vix
2025-12-08,16.66,vix
2025-12-09,16.93,vix
2025-12-10,15.77,vix
2025-12-11,14.85,vix
2025-12-12,15.74,vix
2025-12-15,16.5,vix
2025-12-16,16.48,vix
2025-12-17,17.62,vix
2025-12-18,16.87,vix
2025-12-19,14.91,vix
2025-12-22,14.08,vix
2025-12-23,14.0,vix
2025-12-24,13.47,vix
2025-12-25,.,vix
2025-12-26,13.6,vix
2025-12-29,14.2,vix
2025-12-30,14.33,vix
2025-12-31,14.95,vix
2026-01-01,.,vix
2026-01-02,14.51,vix
2026-01-05,14.9,vix
2026-01-06,14.75,vix
2026-01-07,15.38,vix
2026-01-08,15.45,vix
2026-01-09,14.49,vix
2026-01-12,15.12,vix
2026-01-13,15.98,vix
2026-01-14,16.75,vix
2026-01-15,15.84,vix
2026-01-16,15.86,vix
2026-01-19,18.84,vix
2026-01-20,20.09,vix
2026-01-21,16.9,vix
2026-01-22,15.64,vix
2026-01-23,16.09,vix
2026-01-26,16.15,vix
2026-01-27,16.35,vix
2026-01-28,16.35,vix
2026-01-29,16.88,vix
2026-01-30,17.44,vix
2026-02-02,16.34,vix
2026-02-03,18.0,vix
2026-02-04,18.64,vix
2026-02-05,21.77,vix
2026-02-06,17.76,vix
2026-02-09,17.36,vix
2026-02-10,17.79,vix
2026-02-11,17.65,vix
2026-02-12,20.82,vix
2026-02-13,20.6,vix
2026-02-16,21.2,vix
2026-02-17,20.29,vix
2026-02-18,19.62,vix
2026-02-19,20.23,vix
2026-02-20,19.09,vix
2026-02-23,21.01,vix
2026-02-24,19.55,vix
2026-02-25,17.93,vix
2026-02-26,18.63,vix
2026-02-27,19.86,vix
2026-03-02,21.44,vix
2026-03-03,23.57,vix
2026-03-04,21.15,vix
2026-03-05,23.75,vix
2026-03-06,29.49,vix
2026-03-09,25.5,vix
2026-03-10,24.93,vix
2026-03-11,24.23,vix
2026-03-12,27.29,vix
2026-03-13,27.19,vix
2026-03-16,23.51,vix
2026-03-17,22.37,vix
2026-03-18,25.09,vix
2026-03-19,24.06,vix
2026-03-20,26.78,vix
2026-03-23,26.15,vix
2026-03-24,26.95,vix
2026-03-25,25.33,vix
2026-03-26,27.44,vix
2026-03-27,31.05,vix
2026-03-30,30.61,vix
2026-03-31,25.25,vix
2026-04-01,24.54,vix
2026-04-02,23.87,vix
2026-04-03,.,vix
2026-04-06,24.17,vix
2026-04-07,25.78,vix
2026-04-08,21.04,vix
2026-04-09,19.49,vix
2026-04-10,19.23,vix
2026-04-13,19.12,vix
2026-04-14,18.36,vix
2026-04-15,18.17,vix
2026-04-16,17.94,vix
2026-04-17,17.48,vix
2026-04-20,18.87,vix
2026-04-21,19.5,vix
2026-04-22,18.92,vix
2026-04-23,19.31,vix
2026-04-24,18.71,vix
2026-04-27,18.02,vix
2026-04-28,17.83,vix
2026-04-29,18.81,vix
2026-04-30,16.89,vix
2026-05-01,16.99,vix
2026-05-04,18.29,vix
2026-05-05,17.38,vix
2026-05-06,17.39,vix
2026-05-07,17.08,vix
2026-05-08,17.19,vix
2026-05-11,18.38,vix
2026-05-12,17.99,vix
2026-05-13,17.87,vix
2026-05-14,17.26,vix
2026-05-15,18.43,vix
2026-05-18,17.82,vix
2026-05-19,18.06,vix
2026-05-20,17.44,vix
2026-05-21,16.76,vix
2026-05-22,16.7,vix
2026-05-25,16.59,vix
2026-05-26,17.01,vix
2026-05-27,16.29,vix
2026-05-28,15.74,vix
2026-05-29,15.32,vix
2026-06-01,16.05,vix
2026-06-02,15.77,vix
2026-06-03,16.06,vix
2026-06-04,15.4,vix
2026-06-05,21.51,vix
2026-06-08,18.92,vix
2026-06-09,19.87,vix
2026-06-10,22.22,vix
2026-06-11,19.44,vix
2026-06-12,17.68,vix
2026-06-15,16.2,vix
2026-06-16,16.41,vix
2026-06-17,18.44,vix
2026-06-18,16.4,vix
2026-06-19,16.78,vix
2026-06-22,17.28,vix
2026-06-23,19.49,vix
2026-06-24,18.63,vix
2026-06-25,18.89,vix
2026-06-26,18.41,vix
2026-06-29,17.65,vix
2026-06-30,16.45,vix
2026-07-01,16.59,vix
2026-07-02,16.15,vix
2026-07-03,15.81,vix
2026-07-06,15.57,vix
2026-07-07,16.13,vix
2026-07-08,16.9,vix
2026-07-09,15.84,vix
2026-07-10,15.03,vix
2026-07-13,17.16,vix
2026-07-14,16.5,vix
2026-07-15,15.67,vix
2026-07-16,16.73,vix
2026-07-17,18.77,vix
2026-07-20,18.65,vix
2026-07-21,17.05,vix
2026-07-22,16.64,vix
2026-07-23,18.7,vix
2026-07-24,18.58,vix
2026-07-27,18.67,vix
2026-07-28,18.21,vix
2026-07-29,20.66,vix
2026-07-30,17.09,vix
2026-07-31,15.99,vix
2026-08-03,15.86,vix
2026-08-04,16.5,vix
2026-08-05,15.81,vix
2026-08-06,15.15,vix
2026-08-07,14.9,vix
2026-08-10,15.46,vix
2026-08-11,15.28,vix
2026-08-12,14.55,vix
2026-08-13,14.63,vix
2026-08-14,14.25,vix
2026-08-17,15.19,vix
2026-08-18,15.84,vix
2026-08-19,14.89,vix
2026-08-20,16.01,vix
2026-08-21,15.13,vix
2026-08-24,15.85,vix
2026-08-25,15.45,vix
2026-08-26,15.21,vix
2026-08-27,14.51,vix
2026-08-28,14.43,vix
2026-08-31,14.92,vix
2026-09-01,16.34,vix
2026-09-02,15.2,vix
2026-09-03,14.32,vix
2026-09-04,14.53,vix
2026-09-07,15.3,vix
2026-09-08,15.72,vix
2026-09-09,16.46,vix
2026-09-10,17.84,vix
2026-09-11,15.84,vix
2026-09-14,17.1,vix
2026-09-15,17.2,vix
2026-09-16,17.71,vix
2026-09-17,15.44,vix
2026-09-18,14.81,vix
2026-09-21,14.87,vix
2026-09-22,14.21,vix
2026-09-23,15.18,vix
2026-09-24,15.67,vix
2026-09-25,14.87,vix
2026-09-28,16.07,vix
2026-09-29,16.04,vix
